tick,seconds_in_round,lstm_delta_from_prev,rank,feature,base_feature,is_utility,feature_delta_scaled,coefficient,ridge_delta_contribution
287701,86.5,-0.2582783102989197,1,lag_13__T5__flash_duration,T5__flash_duration,True,-7.5368523597717285,0.0016730723436921835,-0.01260969924162525
287701,86.5,-0.2582783102989197,2,lag_14__T4__flash_duration,T4__flash_duration,True,-7.105800628662109,0.0014868791913613677,-0.010565467092720215
287701,86.5,-0.2582783102989197,3,lag_14__CT_place_BDOORS,CT_place_BDOORS,False,-4.810471534729004,0.0018926759948953986,-0.009104663997909213
287701,86.5,-0.2582783102989197,4,lag_15__T_place_EXTENDEDA,T_place_EXTENDEDA,False,4.957779884338379,-0.001781801925972104,-0.008833781746459879
287701,86.5,-0.2582783102989197,5,lag_00__T_shots_fired_sum,T_shots_fired_sum,False,5.248159408569336,-0.0014292533742263913,-0.007500949543175706
287701,86.5,-0.2582783102989197,6,lag_10__CT_place_BDOORS,CT_place_BDOORS,False,-4.810472011566162,0.001427707727998495,-0.006867948066233476
287701,86.5,-0.2582783102989197,7,lag_06__T2__flash_duration,T2__flash_duration,True,5.5919060707092285,-0.001094106468372047,-0.006118140602491884
287701,86.5,-0.2582783102989197,8,lag_15__T1__flash_duration,T1__flash_duration,True,-6.376111030578613,0.0008850284502841532,-0.005643039664232685
287701,86.5,-0.2582783102989197,9,lag_06__T_flashed_players,T_flashed_players,False,5.788870811462402,-0.0009744324488565326,-0.005640863560927412
287701,86.5,-0.2582783102989197,10,lag_00__T_kills_last_3s,T_kills_last_3s,False,3.1681017875671387,-0.0015159101458266377,-0.004802557642784533
287701,86.5,-0.2582783102989197,11,lag_06__CT_flashed_players,CT_flashed_players,False,4.379879951477051,-0.001081768306903541,-0.004738015319550093
287701,86.5,-0.2582783102989197,12,lag_00__CT4__duck_amount,CT4__duck_amount,False,-3.6725916862487793,0.001109681325033307,-0.004075406408702853
287701,86.5,-0.2582783102989197,13,lag_04__T5__duck_amount,T5__duck_amount,False,-3.7970333099365234,0.0010109859285876155,-0.0038387472467242834
287701,86.5,-0.2582783102989197,14,lag_06__T5__duck_amount,T5__duck_amount,False,-3.7970333099365234,0.0008852121536619961,-0.0033611800338152475
287701,86.5,-0.2582783102989197,15,lag_15__T_flash_duration_sum,T_flash_duration_sum,True,-5.115886211395264,0.0006483314791694283,-0.003316790074696374
287701,86.5,-0.2582783102989197,16,lag_00__CT5__is_scoped,CT5__is_scoped,False,-3.5760385990142822,0.0009010074427351356,-0.0032220373932199953
287701,86.5,-0.2582783102989197,17,lag_00__kill_diff_last_3s,kill_diff_last_3s,False,-2.4069459438323975,0.0013104755198583007,-0.0031542437370145893
287701,86.5,-0.2582783102989197,18,lag_07__CT_place_MIDDOORS,CT_place_MIDDOORS,False,-2.8863232135772705,0.0010612879414111376,-0.0030632200215846006
287701,86.5,-0.2582783102989197,19,lag_00__T_damage_last_5s,T_damage_last_5s,False,2.1340460777282715,-0.0014269443927332759,-0.0030451650844487976
287701,86.5,-0.2582783102989197,20,lag_15__T_place_SHORTSTAIRS,T_place_SHORTSTAIRS,False,-4.202706813812256,0.0006826901808381081,-0.002869146674731038
283157,15.5,-0.15079113841056824,1,lag_11__CT_place_HOLE,CT_place_HOLE,False,-11.164148330688477,0.0010329163633286953,-0.011531631493396866
283157,15.5,-0.15079113841056824,2,lag_14__T_he_last_5s,T_he_last_5s,True,-13.051742553710938,0.0008406201377511024,-0.010971557623392414
283157,15.5,-0.15079113841056824,3,lag_13__CT_place_BDOORS,CT_place_BDOORS,False,-9.620943069458008,0.0010889923432841897,-0.01047713333781286
283157,15.5,-0.15079113841056824,4,lag_02__CT2__flash_duration,CT2__flash_duration,True,8.07532024383545,-0.0011775253806263208,-0.009508894543801771
283157,15.5,-0.15079113841056824,5,lag_13__CT_place_HOLE,CT_place_HOLE,False,11.164148330688477,-0.0006787182646803558,-0.007577311381638974
283157,15.5,-0.15079113841056824,6,lag_00__T_shots_fired_sum,T_shots_fired_sum,False,3.748685598373413,-0.0014292533742263913,-0.005357821540389079
283157,15.5,-0.15079113841056824,7,lag_00__T_kills_last_3s,T_kills_last_3s,False,3.1681017875671387,-0.0015159101458266377,-0.004802557642784533
283157,15.5,-0.15079113841056824,8,lag_00__T_damage_last_5s,T_damage_last_5s,False,2.3978044986724854,-0.0014269443927332759,-0.0034215336842513266
283157,15.5,-0.15079113841056824,9,lag_08__T4__is_scoped,T4__is_scoped,False,4.644811153411865,-0.0007313731475733221,-0.0033970901531545084
283157,15.5,-0.15079113841056824,10,lag_00__CT5__is_scoped,CT5__is_scoped,False,3.5760385990142822,0.0009010074427351356,0.0032220373932199953
283157,15.5,-0.15079113841056824,11,lag_00__damage_diff_last_5s,damage_diff_last_5s,False,-2.25597882270813,0.00140280369669199,-0.003164695432153808
283157,15.5,-0.15079113841056824,12,lag_00__kill_diff_last_3s,kill_diff_last_3s,False,-2.4069459438323975,0.0013104755198583007,-0.0031542437370145893
283157,15.5,-0.15079113841056824,13,lag_02__T4__is_scoped,T4__is_scoped,False,-4.644811153411865,0.000603504478931427,-0.002803164334874708
283157,15.5,-0.15079113841056824,14,lag_15__T_place_OUTSIDETUNNEL,T_place_OUTSIDETUNNEL,False,-4.998118877410889,0.0005232771509326994,-0.002615401406194512
283157,15.5,-0.15079113841056824,15,lag_04__CT_place_PIT,CT_place_PIT,False,4.305429458618164,-0.0005109700723551214,-0.0021999456019899943
283157,15.5,-0.15079113841056824,16,lag_13__CT_place_LONGA,CT_place_LONGA,False,2.671205520629883,-0.0007634808425791562,-0.0020394142415925964
283157,15.5,-0.15079113841056824,17,lag_02__CT4__duck_amount,CT4__duck_amount,False,-3.6725916862487793,0.0005105601740069687,-0.0018750790503877235
283157,15.5,-0.15079113841056824,18,lag_05__T3__flash_duration,T3__flash_duration,True,-5.959039688110352,0.0003012554079759866,-0.00179519293238678
283157,15.5,-0.15079113841056824,19,lag_08__T2__is_walking,T2__is_walking,False,-2.2968344688415527,0.0007642210694029927,-0.0017552892940197462
283157,15.5,-0.15079113841056824,20,lag_02__CT_flash_duration_sum,CT_flash_duration_sum,True,4.133234977722168,-0.00041930170846171677,-0.0017330724876326309
283189,16.0,-0.09241712093353271,1,lag_14__CT_place_BDOORS,CT_place_BDOORS,False,-9.620943069458008,0.0018926759948953986,-0.018209327995818425
283189,16.0,-0.09241712093353271,2,lag_15__T_he_last_5s,T_he_last_5s,True,-13.051742553710938,0.000741373049095273,-0.009676210173051203
283189,16.0,-0.09241712093353271,3,lag_03__CT2__flash_duration,CT2__flash_duration,True,8.07532024383545,-0.0007721625152043998,-0.006235459590560988
283189,16.0,-0.09241712093353271,4,lag_00__T_shots_fired_sum,T_shots_fired_sum,False,3.748684883117676,-0.0014292533742263913,-0.0053578205181074035
283189,16.0,-0.09241712093353271,5,lag_12__CT_place_HOLE,CT_place_HOLE,False,-11.164148330688477,0.0004599509993568063,-0.005134961181667785
283189,16.0,-0.09241712093353271,6,lag_01__T_kills_last_3s,T_kills_last_3s,False,3.1681017875671387,-0.0008146397885866463,-0.00258086177044467
283189,16.0,-0.09241712093353271,7,lag_09__CT_flashed_players,CT_flashed_players,False,4.379879951477051,-0.0005664190975949168,-0.002480847649689699
283189,16.0,-0.09241712093353271,8,lag_06__CT_flashed_players,CT_flashed_players,False,-2.1899399757385254,-0.001081768306903541,0.0023690076597750465
283189,16.0,-0.09241712093353271,9,lag_01__CT5__is_scoped,CT5__is_scoped,False,3.5760385990142822,-0.0005798270576633513,-0.002073483938957024
283189,16.0,-0.09241712093353271,10,lag_09__T4__duck_amount,T4__duck_amount,False,3.6976382732391357,-0.0005335460882633924,-0.001972860436499746
283189,16.0,-0.09241712093353271,11,lag_01__kill_diff_last_3s,kill_diff_last_3s,False,-2.4069459438323975,0.0007894911686889827,-0.001900262566167446
283189,16.0,-0.09241712093353271,12,lag_06__T_flashed_players,T_flashed_players,False,-1.9296237230300903,-0.0009744324488565326,0.0018802879698038705
283189,16.0,-0.09241712093353271,13,lag_11__CT5__is_walking,CT5__is_walking,False,-2.396676540374756,0.0007649292820133269,-0.0018332880652470462
283189,16.0,-0.09241712093353271,14,lag_14__CT_place_HOLE,CT_place_HOLE,False,11.164148330688477,-0.0001638187823118642,-0.0018288971850824176
283189,16.0,-0.09241712093353271,15,lag_01__T_damage_last_5s,T_damage_last_5s,False,2.3978044986724854,-0.0007531409501098096,-0.0018058847583077714
283189,16.0,-0.09241712093353271,16,lag_08__T2__is_walking,T2__is_walking,False,2.2968344688415527,0.0007642210694029927,0.0017552892940197462
283189,16.0,-0.09241712093353271,17,lag_00__T3__shots_fired,T3__shots_fired,False,3.02785325050354,-0.0005547230830416083,-0.001679620090116879
283189,16.0,-0.09241712093353271,18,lag_04__CT4__duck_amount,CT4__duck_amount,False,3.6725916862487793,-0.00045122753363102674,-0.0016571744886198503
283189,16.0,-0.09241712093353271,19,lag_01__damage_diff_last_5s,damage_diff_last_5s,False,-2.25597882270813,0.0007321011507883668,-0.0016516046922588068
283189,16.0,-0.09241712093353271,20,lag_15__CT_place_LONGA,CT_place_LONGA,False,-2.671205520629883,-0.0006170849082991481,0.0016483606137460693
288661,101.5,-0.09071713872253895,1,lag_14__T_place_EXTENDEDA,T_place_EXTENDEDA,False,4.957779407501221,-0.00136286742053926,-0.006756796032703849
288661,101.5,-0.09071713872253895,2,lag_00__T_kills_last_3s,T_kills_last_3s,False,3.1681017875671387,-0.0015159101458266377,-0.004802557642784533
288661,101.5,-0.09071713872253895,3,lag_06__CT_shots_fired_sum,CT_shots_fired_sum,False,-9.031633377075195,0.0005037806695327163,-0.004549962309676969
288661,101.5,-0.09071713872253895,4,lag_15__T1__flash_duration,T1__flash_duration,True,4.736575126647949,0.0008850284502841532,0.004192003743991701
288661,101.5,-0.09071713872253895,5,lag_12__T_bomb_zone_count,T_bomb_zone_count,False,-5.821373462677002,0.0007035571034066379,-0.004095668651249301
288661,101.5,-0.09071713872253895,6,lag_15__T_flash_duration_sum,T_flash_duration_sum,True,5.337976932525635,0.0006483314791694283,0.0034607784804366326
288661,101.5,-0.09071713872253895,7,lag_00__T_damage_last_5s,T_damage_last_5s,False,2.3978044986724854,-0.0014269443927332759,-0.0034215336842513266
288661,101.5,-0.09071713872253895,8,lag_08__T4__is_scoped,T4__is_scoped,False,4.644811153411865,-0.0007313731475733221,-0.0033970901531545084
288661,101.5,-0.09071713872253895,9,lag_00__damage_diff_last_5s,damage_diff_last_5s,False,-2.255978584289551,0.00140280369669199,-0.0031646950976993438
288661,101.5,-0.09071713872253895,10,lag_00__kill_diff_last_3s,kill_diff_last_3s,False,-2.4069459438323975,0.0013104755198583007,-0.0031542437370145893
288661,101.5,-0.09071713872253895,11,lag_06__T2__duck_amount,T2__duck_amount,False,-3.8233180046081543,0.0007415868458338082,-0.0028353223396569704
288661,101.5,-0.09071713872253895,12,lag_06__CT2__shots_fired,CT2__shots_fired,False,-6.462118625640869,0.0004052901640534401,-0.0026190331179187787
288661,101.5,-0.09071713872253895,13,lag_06__T_place_MIDDOORS,T_place_MIDDOORS,False,4.250260353088379,-0.000524811097420752,-0.0022305838002282252
288661,101.5,-0.09071713872253895,14,lag_15__T2__flash_duration,T2__flash_duration,True,5.729948043823242,0.00038499131915159523,0.0022059802560616126
288661,101.5,-0.09071713872253895,15,lag_05__T1__duck_amount,T1__duck_amount,False,3.137122392654419,-0.0006553102284669876,-0.00205578839185927
288661,101.5,-0.09071713872253895,16,lag_00__CT_place_UNDERA,CT_place_UNDERA,False,-3.0549564361572266,-0.0006618418265134096,0.0020218979476251953
288661,101.5,-0.09071713872253895,17,lag_09__T_place_SHORTSTAIRS,T_place_SHORTSTAIRS,False,4.2027058601379395,-0.0004627402813639492,-0.0019447612922101482
288661,101.5,-0.09071713872253895,18,lag_01__kill_diff_last_3s,kill_diff_last_3s,False,-2.4069459438323975,0.0007894911686889827,-0.001900262566167446
288661,101.5,-0.09071713872253895,19,lag_08__T_place_EXTENDEDA,T_place_EXTENDEDA,False,4.957779407501221,-0.00035777021548710763,-0.0017737458069592565
288661,101.5,-0.09071713872253895,20,lag_08__T_place_SHORTSTAIRS,T_place_SHORTSTAIRS,False,-4.2027058601379395,0.0003702975809574127,-0.0015562518134846215
288437,98.0,0.07196375727653503,1,lag_13__T_place_EXTENDEDA,T_place_EXTENDEDA,False,-4.957779407501221,-0.001509269466623664,0.007482625081997152
288437,98.0,0.07196375727653503,2,lag_02__T_place_EXTENDEDA,T_place_EXTENDEDA,False,-4.957779407501221,-0.0014909912133589387,0.007392005534356205
288437,98.0,0.07196375727653503,3,lag_08__CT4__flash_duration,CT4__flash_duration,True,-5.912312984466553,-0.0007349267834797502,0.004345117164599566
288437,98.0,0.07196375727653503,4,lag_12__T_bomb_zone_count,T_bomb_zone_count,False,5.821373462677002,0.0007035571034066379,0.004095668651249301
288437,98.0,0.07196375727653503,5,lag_02__T_place_SHORTSTAIRS,T_place_SHORTSTAIRS,False,4.2027058601379395,0.0009662153315730393,0.0040607188361571345
288437,98.0,0.07196375727653503,6,lag_00__kill_diff_last_3s,kill_diff_last_3s,False,2.4069459438323975,0.0013104755198583007,0.0031542437370145893
288437,98.0,0.07196375727653503,7,lag_07__T2__duck_amount,T2__duck_amount,False,3.8233180046081543,0.0007288124179467559,0.002786481639517835
288437,98.0,0.07196375727653503,8,lag_05__T1__duck_amount,T1__duck_amount,False,-3.915480136871338,-0.0006553102284669876,0.0025658541830511084
288437,98.0,0.07196375727653503,9,lag_01__T_place_EXTENDEDA,T_place_EXTENDEDA,False,4.957779407501221,-0.0005050901672802866,-0.0025041256302735515
288437,98.0,0.07196375727653503,10,lag_00__damage_diff_last_5s,damage_diff_last_5s,False,1.646864414215088,0.00140280369669199,0.0023102274882114138
288437,98.0,0.07196375727653503,11,lag_00__T_place_EXTENDEDA,T_place_EXTENDEDA,False,-4.957779407501221,-0.00041461060754954815,0.00205554793224072
288437,98.0,0.07196375727653503,12,lag_08__T2__flash_duration,T2__flash_duration,True,5.729948043823242,-0.00035051116719841957,-0.0020084107768267856
288437,98.0,0.07196375727653503,13,lag_01__CT_shots_fired_sum,CT_shots_fired_sum,False,4.168446063995361,0.0004758181457873434,0.0019834222769848225
288437,98.0,0.07196375727653503,14,lag_05__T_bomb_zone_count,T_bomb_zone_count,False,-5.821373462677002,-0.0003237762430217117,0.0018848224289718524
288437,98.0,0.07196375727653503,15,lag_01__T_place_SHORTSTAIRS,T_place_SHORTSTAIRS,False,-4.2027058601379395,0.0004471036372706294,-0.0018790450764462618
288437,98.0,0.07196375727653503,16,lag_07__CT_flashed_players,CT_flashed_players,False,-2.1899399757385254,-0.0007714261882938445,0.0016893770480762849
288437,98.0,0.07196375727653503,17,lag_05__T2__duck_amount,T2__duck_amount,False,-3.8233180046081543,0.0003783269494306296,-0.001446464237386605
288437,98.0,0.07196375727653503,18,lag_01__T_place_LOWERTUNNEL,T_place_LOWERTUNNEL,False,-4.32400369644165,-0.0003335352230351418,0.0014422075372974436
288437,98.0,0.07196375727653503,19,lag_05__CT2__flash_duration,CT2__flash_duration,True,-1.451656460762024,-0.0008311050478368998,0.0012064790122643665
288437,98.0,0.07196375727653503,20,lag_05__CT2__is_walking,CT2__is_walking,False,-2.360051155090332,-0.0004760352603625506,0.0011234675660823645
283477,20.5,0.05958548188209534,1,lag_00__T_damage_last_5s,T_damage_last_5s,False,-2.3978044986724854,-0.0014269443927332759,0.0034215336842513266
283477,20.5,0.05958548188209534,2,lag_00__CT5__is_scoped,CT5__is_scoped,False,3.5760385990142822,0.0009010074427351356,0.0032220373932199953
283477,20.5,0.05958548188209534,3,lag_00__damage_diff_last_5s,damage_diff_last_5s,False,2.255979061126709,0.00140280369669199,0.003164695766608272
283477,20.5,0.05958548188209534,4,lag_15__T3__flash_duration,T3__flash_duration,True,-5.959039688110352,-0.0004906031535938382,0.0029235236633777806
283477,20.5,0.05958548188209534,5,lag_06__T4__duck_amount,T4__duck_amount,False,-3.6976382732391357,-0.0006567080854438245,0.002428268951082682
283477,20.5,0.05958548188209534,6,lag_12__T4__is_scoped,T4__is_scoped,False,-4.644811153411865,0.0004442513163667172,-0.0020634634691780313
283477,20.5,0.05958548188209534,7,lag_09__T4__duck_amount,T4__duck_amount,False,3.6976382732391357,-0.0005335460882633924,-0.001972860436499746
283477,20.5,0.05958548188209534,8,lag_08__T_shots_fired_sum,T_shots_fired_sum,False,-7.49737024307251,-0.00024086161283776164,0.0018058286887882857
283477,20.5,0.05958548188209534,9,lag_10__CT_place_LONGA,CT_place_LONGA,False,-2.67120623588562,-0.0006461833836510777,0.001726089083934429
283477,20.5,0.05958548188209534,10,lag_12__CT2__flash_duration,CT2__flash_duration,True,8.07532024383545,0.0002127421466866508,0.001717960963855722
283477,20.5,0.05958548188209534,11,lag_15__T_flash_duration_sum,T_flash_duration_sum,True,-2.483081102371216,0.0006483314791694283,-0.001609859643997985
283477,20.5,0.05958548188209534,12,lag_06__T2__is_walking,T2__is_walking,False,2.2968344688415527,0.000674963986966759,0.0015502805504919726
283477,20.5,0.05958548188209534,13,lag_08__CT_place_PIT,CT_place_PIT,False,-4.305429458618164,-0.0003591288987081498,0.0015462041399391668
283477,20.5,0.05958548188209534,14,lag_04__T_kills_last_3s,T_kills_last_3s,False,-3.1681017875671387,-0.00044814517605118454,0.0014197695333373478
283477,20.5,0.05958548188209534,15,lag_11__CT_active_infernos,CT_active_infernos,True,-2.304276466369629,-0.0006114743882790208,0.0014090060426991124
283477,20.5,0.05958548188209534,16,lag_14__CT_place_LONGA,CT_place_LONGA,False,-2.671205520629883,-0.000521466601639986,0.0013929444651248346
283477,20.5,0.05958548188209534,17,lag_10__CT5__is_scoped,CT5__is_scoped,False,3.5760385990142822,0.0003877825220115483,0.0013867252667364022
283477,20.5,0.05958548188209534,18,lag_07__CT5__is_walking,CT5__is_walking,False,2.396676540374756,-0.0005758673651143909,-0.0013801678043370846
283477,20.5,0.05958548188209534,19,lag_04__CT3__is_walking,CT3__is_walking,False,2.387126922607422,-0.0005710183177143335,-0.001363093199517884
283477,20.5,0.05958548188209534,20,lag_12__T2__is_walking,T2__is_walking,False,-2.2968344688415527,-0.0005905634607188404,0.001356426512617387
282805,10.0,-0.05857992172241211,1,lag_03__T_he_last_5s,T_he_last_5s,True,-13.051742553710938,0.0009318369557149708,-0.012162096048025539
282805,10.0,-0.05857992172241211,2,lag_02__CT_place_HOLE,CT_place_HOLE,False,11.164148330688477,-0.0004240320704411715,-0.004733956931374184
282805,10.0,-0.05857992172241211,3,lag_02__CT_place_BDOORS,CT_place_BDOORS,False,-9.620943069458008,0.0004394810530357063,-0.0042282221913619855
282805,10.0,-0.05857992172241211,4,lag_13__T_he_last_5s,T_he_last_5s,True,13.051742553710938,-0.00029342182097025216,-0.0038296660669447924
282805,10.0,-0.05857992172241211,5,lag_00__CT_place_HOLE,CT_place_HOLE,False,-11.164148330688477,0.00027073625824414194,-0.0030225397455331815
282805,10.0,-0.05857992172241211,6,lag_04__CT_place_UNDERA,CT_place_UNDERA,False,-3.054957389831543,-0.000814255210570991,0.002487514972742688
282805,10.0,-0.05857992172241211,7,lag_06__T4__duck_amount,T4__duck_amount,False,3.6976382732391357,-0.0006567080854438245,-0.002428268951082682
282805,10.0,-0.05857992172241211,8,lag_15__T4__is_scoped,T4__is_scoped,False,4.644811153411865,-0.000439187278971076,-0.002039941971801462
282805,10.0,-0.05857992172241211,9,lag_08__T_place_OUTSIDELONG,T_place_OUTSIDELONG,False,4.919148921966553,-0.00037550198612734675,-0.0018471501902546372
282805,10.0,-0.05857992172241211,10,lag_01__T_place_OUTSIDETUNNEL,T_place_OUTSIDETUNNEL,False,-4.998117923736572,0.00036098159034736454,-0.0018042285568540956
282805,10.0,-0.05857992172241211,11,lag_05__T3__flash_duration,T3__flash_duration,True,5.959039688110352,0.0003012554079759866,0.00179519293238678
282805,10.0,-0.05857992172241211,12,lag_10__CT_place_LONGA,CT_place_LONGA,False,2.67120623588562,-0.0006461833836510777,-0.001726089083934429
282805,10.0,-0.05857992172241211,13,lag_06__CT_place_BDOORS,CT_place_BDOORS,False,4.810472011566162,-0.00033584251650609076,-0.0016155610259464964
282805,10.0,-0.05857992172241211,14,lag_03__CT_place_UNDERA,CT_place_UNDERA,False,3.054957389831543,-0.0005000540404580534,-0.0015276437862124514
282805,10.0,-0.05857992172241211,15,lag_06__CT_place_MIDDOORS,CT_place_MIDDOORS,False,-2.8863232135772705,0.000514211889822036,-0.0014841817142907804
282805,10.0,-0.05857992172241211,16,lag_04__CT_place_LONGA,CT_place_LONGA,False,2.671205520629883,0.0005354107124730945,0.0014301920509625088
282805,10.0,-0.05857992172241211,17,lag_02__CT_place_UNDERA,CT_place_UNDERA,False,-3.054957389831543,-0.00045801213127560914,0.001399207545072917
282805,10.0,-0.05857992172241211,18,lag_03__CT_place_LONGA,CT_place_LONGA,False,-2.671205520629883,0.0005015977076254785,-0.001339870565744472
282805,10.0,-0.05857992172241211,19,lag_05__CT_place_MIDDOORS,CT_place_MIDDOORS,False,-2.8863234519958496,0.00046401238068938255,-0.001339289816400191
282805,10.0,-0.05857992172241211,20,lag_10__T4__is_scoped,T4__is_scoped,False,-4.644811153411865,0.00026905551203526556,-0.0012497120431883418
287221,79.0,-0.054271847009658813,1,lag_02__T_place_EXTENDEDA,T_place_EXTENDEDA,False,4.957779407501221,-0.0014909912133589387,-0.007392005534356205
287221,79.0,-0.054271847009658813,2,lag_13__CT_place_BDOORS,CT_place_BDOORS,False,4.810472011566162,0.0010889923432841897,0.005238567188178445
287221,79.0,-0.054271847009658813,3,lag_14__T2__flash_duration,T2__flash_duration,True,8.038690567016602,-0.0006087218062020838,-0.004893326241453999
287221,79.0,-0.054271847009658813,4,lag_03__T_place_EXTENDEDA,T_place_EXTENDEDA,False,4.957779407501221,-0.0009837003890424967,-0.0048769695319458295
287221,79.0,-0.054271847009658813,5,lag_00__T2__flash_duration,T2__flash_duration,True,-6.016905307769775,0.0007203852292150259,-0.004334489709302836
287221,79.0,-0.054271847009658813,6,lag_14__T4__flash_duration,T4__flash_duration,True,2.786283016204834,0.0014868791913613677,0.004142866238038556
287221,79.0,-0.054271847009658813,7,lag_02__T_place_SHORTSTAIRS,T_place_SHORTSTAIRS,False,-4.202706336975098,0.0009662153315730393,-0.004060719296884507
287221,79.0,-0.054271847009658813,8,lag_14__T1__flash_duration,T1__flash_duration,True,6.399701118469238,-0.0005211441311985254,-0.0033351666793148826
287221,79.0,-0.054271847009658813,9,lag_00__CT5__is_scoped,CT5__is_scoped,False,-3.5760385990142822,0.0009010074427351356,-0.0032220373932199953
287221,79.0,-0.054271847009658813,10,lag_14__T_flashed_players,T_flashed_players,False,7.7184953689575195,-0.00040006221388466656,-0.0030878783451636915
287221,79.0,-0.054271847009658813,11,lag_00__T_place_SHORTSTAIRS,T_place_SHORTSTAIRS,False,-4.202706813812256,0.0007216664380393922,-0.003032952456447774
287221,79.0,-0.054271847009658813,12,lag_15__T_place_SHORTSTAIRS,T_place_SHORTSTAIRS,False,4.202706336975098,0.0006826901808381081,0.002869146349198992
287221,79.0,-0.054271847009658813,13,lag_02__T4__is_scoped,T4__is_scoped,False,-4.644811153411865,0.000603504478931427,-0.002803164334874708
287221,79.0,-0.054271847009658813,14,lag_00__T_flash_duration_sum,T_flash_duration_sum,True,-5.115886211395264,0.0004879351472482085,-0.0024962206918622276
287221,79.0,-0.054271847009658813,15,lag_08__T_A_site_active_infernos,T_A_site_active_infernos,True,2.9764554500579834,0.0007129953010007739,0.002122198749529486
287221,79.0,-0.054271847009658813,16,lag_01__CT5__is_scoped,CT5__is_scoped,False,3.5760385990142822,-0.0005798270576633513,-0.002073483938957024
287221,79.0,-0.054271847009658813,17,lag_00__T_place_EXTENDEDA,T_place_EXTENDEDA,False,4.957779884338379,-0.00041461060754954815,-0.002055548129942464
287221,79.0,-0.054271847009658813,18,lag_14__T_flash_duration_sum,T_flash_duration_sum,True,8.21633529663086,0.0002392575261183083,0.0019658200568304363
287221,79.0,-0.054271847009658813,19,lag_03__T_place_SHORTSTAIRS,T_place_SHORTSTAIRS,False,-4.202706336975098,0.00043433194514364004,-0.0018253696182058965
287221,79.0,-0.054271847009658813,20,lag_01__T5__duck_amount,T5__duck_amount,False,3.7970333099365234,-0.0004773600085172802,-0.0018125518531716955
285333,49.5,0.05285286903381348,1,lag_00__T_place_TUNNELSTAIRS,T_place_TUNNELSTAIRS,False,6.981647968292236,0.0010564378462731838,0.0073756771430602
285333,49.5,0.05285286903381348,2,lag_06__T4__duck_amount,T4__duck_amount,False,-3.6976382732391357,-0.0006567080854438245,0.002428268951082682
285333,49.5,0.05285286903381348,3,lag_14__T4__flash_duration,T4__flash_duration,True,-1.491737723350525,0.0014868791913613677,-0.002218033779818676
285333,49.5,0.05285286903381348,4,lag_11__T4__is_scoped,T4__is_scoped,False,4.644811153411865,0.0003981733461841941,0.0018494399993476685
285333,49.5,0.05285286903381348,5,lag_13__T_place_LOWERTUNNEL,T_place_LOWERTUNNEL,False,-4.32400369644165,-0.00041904355748556554,0.0018119458915376446
285333,49.5,0.05285286903381348,6,lag_09__T1__duck_amount,T1__duck_amount,False,3.915480136871338,0.00046269988524727523,0.0018116922100183536
285333,49.5,0.05285286903381348,7,lag_11__T4__duck_amount,T4__duck_amount,False,3.6976382732391357,0.00047953365719877183,0.0017731420041645143
285333,49.5,0.05285286903381348,8,lag_04__CT3__is_walking,CT3__is_walking,False,-2.387126922607422,-0.0005710183177143335,0.001363093199517884
285333,49.5,0.05285286903381348,9,lag_12__T2__is_walking,T2__is_walking,False,-2.2968344688415527,-0.0005905634607188404,0.001356426512617387
285333,49.5,0.05285286903381348,10,lag_00__T2__is_walking,T2__is_walking,False,2.2968344688415527,0.0005204839399084449,0.0011954654536601717
285333,49.5,0.05285286903381348,11,lag_02__T5__is_walking,T5__is_walking,False,-2.3193888664245605,-0.00048231915570795536,0.0011186856798123257
285333,49.5,0.05285286903381348,12,lag_12__T3__is_walking,T3__is_walking,False,2.3223767280578613,0.0004784365592058748,0.0011111099309518008
285333,49.5,0.05285286903381348,13,lag_05__CT3__is_walking,CT3__is_walking,False,2.387126922607422,-0.0004328789364080876,-0.001033336963329412
285333,49.5,0.05285286903381348,14,lag_04__T5__is_walking,T5__is_walking,False,2.3193888664245605,0.00041472751763649285,0.0009619143870059771
285333,49.5,0.05285286903381348,15,lag_14__T3__is_walking,T3__is_walking,False,-2.3223767280578613,0.000413966306950897,-0.0009613857174628204
285333,49.5,0.05285286903381348,16,lag_00__T_place_UPPERTUNNEL,T_place_UPPERTUNNEL,False,-2.299117088317871,-0.0004143337719142437,0.0009526018552752369
285333,49.5,0.05285286903381348,17,lag_08__T1__duck_amount,T1__duck_amount,False,-3.915480136871338,-0.00023453182075172663,0.0009183046856176547
285333,49.5,0.05285286903381348,18,lag_00__T2__duck_amount,T2__duck_amount,False,-3.8233180046081543,-0.0002317571925232187,0.0008860814468714603
285333,49.5,0.05285286903381348,19,lag_05__T3__is_walking,T3__is_walking,False,2.3223767280578613,0.00037997859180904925,0.0008824534387775335
285333,49.5,0.05285286903381348,20,lag_02__T3__is_walking,T3__is_walking,False,2.3223767280578613,-0.00037754722870886326,-0.0008768068976962029
285493,52.0,-0.04706132411956787,1,lag_00__CT5__is_scoped,CT5__is_scoped,False,-3.5760385990142822,0.0009010074427351356,-0.0032220373932199953
285493,52.0,-0.04706132411956787,2,lag_08__T2__duck_amount,T2__duck_amount,False,3.8233180046081543,-0.0007068535778671503,-0.0027025260108811677
285493,52.0,-0.04706132411956787,3,lag_09__T4__duck_amount,T4__duck_amount,False,3.6976382732391357,-0.0005335460882633924,-0.001972860436499746
285493,52.0,-0.04706132411956787,4,lag_11__T4__duck_amount,T4__duck_amount,False,-3.6976382732391357,0.00047953365719877183,-0.0017731420041645143
285493,52.0,-0.04706132411956787,5,lag_02__T2__duck_amount,T2__duck_amount,False,-3.8233180046081543,0.0004555195046123117,-0.0017415959234344386
285493,52.0,-0.04706132411956787,6,lag_05__T2__duck_amount,T2__duck_amount,False,-3.8233180046081543,0.0003783269494306296,-0.001446464237386605
285493,52.0,-0.04706132411956787,7,lag_13__T1__duck_amount,T1__duck_amount,False,-3.915480136871338,0.00032753110281191766,-0.0012824415272676276
285493,52.0,-0.04706132411956787,8,lag_00__CT3__molly,CT3__molly,True,-2.4690752029418945,0.0005038033705204725,-0.0012439284093106462
285493,52.0,-0.04706132411956787,9,lag_00__CT_scoped_count,CT_scoped_count,False,-2.141930103302002,0.0005396738997660577,-0.0011559437718753063
285493,52.0,-0.04706132411956787,10,lag_13__T3__is_walking,T3__is_walking,False,-2.3223767280578613,0.00045917637180536985,-0.0010663805199548348
285493,52.0,-0.04706132411956787,11,lag_00__CT3__is_walking,CT3__is_walking,False,2.387126922607422,-0.000434746325481683,-0.0010377946580619746
285493,52.0,-0.04706132411956787,12,lag_01__T4__duck_amount,T4__duck_amount,False,-3.3165946006774902,0.00031122477957978845,-0.0010322064235513684
285493,52.0,-0.04706132411956787,13,lag_00__T5__is_walking,T5__is_walking,False,-2.3193888664245605,0.00042383084655739367,-0.0009830285467525152
285493,52.0,-0.04706132411956787,14,lag_00__CT_molly_inv,CT_molly_inv,True,-1.5047860145568848,0.0005897438968531787,-0.0008874383681549414
285493,52.0,-0.04706132411956787,15,lag_02__T3__is_walking,T3__is_walking,False,2.3223767280578613,-0.00037754722870886326,-0.0008768068976962029
285493,52.0,-0.04706132411956787,16,lag_00__CT2__molly,CT2__molly,True,-2.4656636714935303,0.00035358115565031767,-0.0008718122104116877
285493,52.0,-0.04706132411956787,17,lag_15__CT3__is_walking,CT3__is_walking,False,2.387126922607422,-0.0003520298341754824,-0.0008403398947213203
285493,52.0,-0.04706132411956787,18,lag_06__T_active_infernos,T_active_infernos,True,-2.082643508911133,0.0003952899423893541,-0.000823248032655044
285493,52.0,-0.04706132411956787,19,lag_13__CT3__is_walking,CT3__is_walking,False,2.387126922607422,-0.00033269060077145696,-0.0007941746899999824
285493,52.0,-0.04706132411956787,20,lag_07__T5__is_walking,T5__is_walking,False,-2.3193888664245605,0.0003339978284202516,-0.0007746708446479122
283669,23.5,0.04625853896141052,1,lag_00__T_shots_fired_sum,T_shots_fired_sum,False,-10.496318817138672,-0.0014292533742263913,0.015001899086351411
283669,23.5,0.04625853896141052,2,lag_04__CT2__flash_duration,CT2__flash_duration,True,-8.07532024383545,-0.0007881982601247728,0.006364953366141457
283669,23.5,0.04625853896141052,3,lag_00__T3__shots_fired,T3__shots_fired,False,-8.477989196777344,-0.0005547230830416083,0.004702936305229777
283669,23.5,0.04625853896141052,4,lag_15__T4__duck_amount,T4__duck_amount,False,3.6976382732391357,0.0006193987792357802,0.002290312632499819
283669,23.5,0.04625853896141052,5,lag_02__T_shots_fired_sum,T_shots_fired_sum,False,3.748685359954834,-0.0005697038141079247,-0.0021356403474568075
283669,23.5,0.04625853896141052,6,lag_08__T2__is_walking,T2__is_walking,False,2.2968344688415527,0.0007642210694029927,0.0017552892940197462
283669,23.5,0.04625853896141052,7,lag_04__CT4__duck_amount,CT4__duck_amount,False,-3.6725916862487793,-0.00045122753363102674,0.0016571744886198503
283669,23.5,0.04625853896141052,8,lag_06__T2__is_walking,T2__is_walking,False,2.2968344688415527,0.000674963986966759,0.0015502805504919726
283669,23.5,0.04625853896141052,9,lag_03__CT3__is_walking,CT3__is_walking,False,2.387126922607422,0.0006463254103437066,0.0015428607877967515
283669,23.5,0.04625853896141052,10,lag_03__T_shots_fired_sum,T_shots_fired_sum,False,2.998948335647583,-0.0004776092537213117,-0.0014323254765374119
283669,23.5,0.04625853896141052,11,lag_14__CT_place_LONGA,CT_place_LONGA,False,2.67120623588562,-0.000521466601639986,-0.0013929448381068132
283669,23.5,0.04625853896141052,12,lag_04__CT3__is_walking,CT3__is_walking,False,-2.387126922607422,-0.0005710183177143335,0.001363093199517884
283669,23.5,0.04625853896141052,13,lag_12__T2__is_walking,T2__is_walking,False,2.2968344688415527,-0.0005905634607188404,-0.001356426512617387
283669,23.5,0.04625853896141052,14,lag_04__T1__is_walking,T1__is_walking,False,2.281590461730957,0.0005284955259412527,0.0012058103510550477
283669,23.5,0.04625853896141052,15,lag_00__T2__is_walking,T2__is_walking,False,2.2968344688415527,0.0005204839399084449,0.0011954654536601717
283669,23.5,0.04625853896141052,16,lag_06__T4__is_walking,T4__is_walking,False,-2.307980537414551,0.0005145688774064183,-0.0011876149542132675
283669,23.5,0.04625853896141052,17,lag_12__CT5__is_walking,CT5__is_walking,False,-2.396676540374756,0.0004820985486730933,-0.0011554342817535201
283669,23.5,0.04625853896141052,18,lag_11__T2__is_walking,T2__is_walking,False,-2.2968344688415527,-0.00048056713421829045,0.0011037831584649743
283669,23.5,0.04625853896141052,19,lag_06__CT5__is_scoped,CT5__is_scoped,False,3.5760385990142822,0.00030853634234517813,0.0011033378694250418
283669,23.5,0.04625853896141052,20,lag_12__CT3__is_walking,CT3__is_walking,False,2.387126922607422,-0.00046075513819232583,-0.0010998809951086042
286101,61.5,-0.04056358337402344,1,lag_07__CT_place_ARAMP,CT_place_ARAMP,False,-6.229295253753662,0.000711088243406266,-0.0044295786196506814
286101,61.5,-0.04056358337402344,2,lag_00__CT4__duck_amount,CT4__duck_amount,False,-3.6725916862487793,0.001109681325033307,-0.004075406408702853
286101,61.5,-0.04056358337402344,3,lag_15__T_place_TUNNELSTAIRS,T_place_TUNNELSTAIRS,False,-6.981647968292236,0.0004953770549036562,-0.0034585482089067032
286101,61.5,-0.04056358337402344,4,lag_00__CT5__is_scoped,CT5__is_scoped,False,3.5760385990142822,0.0009010074427351356,0.0032220373932199953
286101,61.5,-0.04056358337402344,5,lag_09__CT_place_BDOORS,CT_place_BDOORS,False,-4.810472011566162,0.0004229834012221545,-0.0020347498129362346
286101,61.5,-0.04056358337402344,6,lag_09__T_place_SHORTSTAIRS,T_place_SHORTSTAIRS,False,4.2027058601379395,-0.0004627402813639492,-0.0019447612922101482
286101,61.5,-0.04056358337402344,7,lag_11__CT5__is_walking,CT5__is_walking,False,-2.396676540374756,0.0007649292820133269,-0.0018332880652470462
286101,61.5,-0.04056358337402344,8,lag_06__T2__is_walking,T2__is_walking,False,-2.2968344688415527,0.000674963986966759,-0.0015502805504919726
286101,61.5,-0.04056358337402344,9,lag_11__CT_active_infernos,CT_active_infernos,True,2.3042759895324707,-0.0006114743882790208,-0.0014090057511254028
286101,61.5,-0.04056358337402344,10,lag_06__T1__duck_amount,T1__duck_amount,False,2.9484851360321045,-0.00046816820395179093,-0.0013803869905147023
286101,61.5,-0.04056358337402344,11,lag_12__T2__is_walking,T2__is_walking,False,2.2968344688415527,-0.0005905634607188404,-0.001356426512617387
286101,61.5,-0.04056358337402344,12,lag_15__T_place_LOWERTUNNEL,T_place_LOWERTUNNEL,False,4.32400369644165,-0.00028094183653593063,-0.00121479353966647
286101,61.5,-0.04056358337402344,13,lag_00__CT_scoped_count,CT_scoped_count,False,2.141930103302002,0.0005396738997660577,0.0011559437718753063
286101,61.5,-0.04056358337402344,14,lag_11__CT_A_site_active_infernos,CT_A_site_active_infernos,True,3.5290780067443848,-0.00030809579766355455,-0.0010872941035048184
286101,61.5,-0.04056358337402344,15,lag_05__CT3__is_walking,CT3__is_walking,False,2.387126922607422,-0.0004328789364080876,-0.001033336963329412
286101,61.5,-0.04056358337402344,16,lag_03__CT2__is_walking,CT2__is_walking,False,2.360051155090332,0.0004268028133083135,0.0010072764725440886
286101,61.5,-0.04056358337402344,17,lag_10__CT_B_site_active_infernos,CT_B_site_active_infernos,True,-3.435478687286377,0.00025621193344704807,-0.0008802106367857693
286101,61.5,-0.04056358337402344,18,lag_11__T1__is_walking,T1__is_walking,False,-2.281590461730957,0.00038013741141185164,-0.0008673178920243774
286101,61.5,-0.04056358337402344,19,lag_09__T2__is_walking,T2__is_walking,False,2.2968344688415527,0.00036144626210443676,0.0008301822334354086
286101,61.5,-0.04056358337402344,20,lag_02__CT3__is_walking,CT3__is_walking,False,-2.387126922607422,0.00033928468474186957,-0.0008099156053756884
287797,88.0,-0.03683626651763916,1,lag_02__T_place_EXTENDEDA,T_place_EXTENDEDA,False,4.957779884338379,-0.0014909912133589387,-0.007392006245316218
287797,88.0,-0.03683626651763916,2,lag_13__CT_place_BDOORS,CT_place_BDOORS,False,-4.810472011566162,0.0010889923432841897,-0.005238567188178445
287797,88.0,-0.03683626651763916,3,lag_00__T_place_EXTENDEDA,T_place_EXTENDEDA,False,-9.915559768676758,-0.00041461060754954815,0.004111096259884928
287797,88.0,-0.03683626651763916,4,lag_02__T_place_SHORTSTAIRS,T_place_SHORTSTAIRS,False,-4.2027058601379395,0.0009662153315730393,-0.0040607188361571345
287797,88.0,-0.03683626651763916,5,lag_00__T_place_SHORTSTAIRS,T_place_SHORTSTAIRS,False,4.2027058601379395,0.0007216664380393922,0.003032951768213027
287797,88.0,-0.03683626651763916,6,lag_02__T_shots_fired_sum,T_shots_fired_sum,False,-5.248159408569336,-0.0005697038141079247,0.002989896432108341
287797,88.0,-0.03683626651763916,7,lag_09__T2__flash_duration,T2__flash_duration,True,5.5919060707092285,-0.0005247771041467786,-0.0029345042744475802
287797,88.0,-0.03683626651763916,8,lag_09__T5__duck_amount,T5__duck_amount,False,-3.7970333099365234,0.0007256350945681334,-0.0027552606249341416
287797,88.0,-0.03683626651763916,9,lag_03__T_shots_fired_sum,T_shots_fired_sum,False,5.248159408569336,-0.0004776092537213117,-0.002506569498537281
287797,88.0,-0.03683626651763916,10,lag_09__CT_flashed_players,CT_flashed_players,False,4.379879951477051,-0.0005664190975949168,-0.002480847649689699
287797,88.0,-0.03683626651763916,11,lag_04__CT5__is_scoped,CT5__is_scoped,False,3.5760385990142822,0.0005739782354794443,0.0020525683250686017
287797,88.0,-0.03683626651763916,12,lag_00__CT_place_MIDDOORS,CT_place_MIDDOORS,False,-2.8863234519958496,-0.0006399024277925491,0.0018469653843267153
287797,88.0,-0.03683626651763916,13,lag_08__T2__is_walking,T2__is_walking,False,-2.2968344688415527,0.0007642210694029927,-0.0017552892940197462
287797,88.0,-0.03683626651763916,14,lag_07__CT_flashed_players,CT_flashed_players,False,-2.1899399757385254,-0.0007714261882938445,0.0016893770480762849
287797,88.0,-0.03683626651763916,15,lag_04__CT4__duck_amount,CT4__duck_amount,False,3.6725916862487793,-0.00045122753363102674,-0.0016571744886198503
287797,88.0,-0.03683626651763916,16,lag_03__T_kills_last_3s,T_kills_last_3s,False,3.1681017875671387,-0.000521892390679568,-0.001653408215829627
287797,88.0,-0.03683626651763916,17,lag_06__T2__is_walking,T2__is_walking,False,2.2968344688415527,0.000674963986966759,0.0015502805504919726
287797,88.0,-0.03683626651763916,18,lag_03__CT3__is_walking,CT3__is_walking,False,-2.387126922607422,0.0006463254103437066,-0.0015428607877967515
287797,88.0,-0.03683626651763916,19,lag_03__CT_place_MIDDOORS,CT_place_MIDDOORS,False,2.8863234519958496,0.0005262577906250954,0.0015189502028767343
287797,88.0,-0.03683626651763916,20,lag_07__T_flashed_players,T_flashed_players,False,-3.8592472076416016,-0.00038712588138878345,0.0014940144767554564
287733,87.0,-0.035616129636764526,1,lag_00__T_shots_fired_sum,T_shots_fired_sum,False,-5.248159408569336,-0.0014292533742263913,0.007500949543175706
287733,87.0,-0.035616129636764526,2,lag_15__T4__flash_duration,T4__flash_duration,True,-7.105800628662109,0.0007304006139747798,-0.005190081141957181
287733,87.0,-0.035616129636764526,3,lag_15__CT_place_BDOORS,CT_place_BDOORS,False,-4.810471534729004,0.0010155809577554464,-0.004885423288495394
287733,87.0,-0.035616129636764526,4,lag_07__T2__flash_duration,T2__flash_duration,True,5.5919060707092285,-0.0007842032355256379,-0.004385190833405633
287733,87.0,-0.035616129636764526,5,lag_07__CT_flashed_players,CT_flashed_players,False,4.379879951477051,-0.0007714261882938445,-0.0033787540961525697
287733,87.0,-0.035616129636764526,6,lag_06__T5__duck_amount,T5__duck_amount,False,3.7970333099365234,0.0008852121536619961,0.0033611800338152475
287733,87.0,-0.035616129636764526,7,lag_11__CT_place_BDOORS,CT_place_BDOORS,False,-4.810472011566162,0.0006912524695508182,-0.0033252506577002017
287733,87.0,-0.035616129636764526,8,lag_00__T_place_SHORTSTAIRS,T_place_SHORTSTAIRS,False,-4.2027058601379395,0.0007216664380393922,-0.003032951768213027
287733,87.0,-0.035616129636764526,9,lag_14__T5__flash_duration,T5__flash_duration,True,-7.5368523597717285,0.00036293116863816977,-0.002735358634785301
287733,87.0,-0.035616129636764526,10,lag_01__T_kills_last_3s,T_kills_last_3s,False,3.1681017875671387,-0.0008146397885866463,-0.00258086177044467
287733,87.0,-0.035616129636764526,11,lag_12__T5__duck_amount,T5__duck_amount,False,3.7970333099365234,0.0005918170209042728,0.0022471489417609236
287733,87.0,-0.035616129636764526,12,lag_07__T_flashed_players,T_flashed_players,False,5.788870811462402,-0.00038712588138878345,-0.0022410217151331846
287733,87.0,-0.035616129636764526,13,lag_00__T5__duck_amount,T5__duck_amount,False,-3.4930522441864014,-0.0006162750069051981,0.002152680795906192
287733,87.0,-0.035616129636764526,14,lag_08__T2__duck_amount,T2__duck_amount,False,-2.976109504699707,-0.0007068535778671503,0.0021036736515214205
287733,87.0,-0.035616129636764526,15,lag_01__CT5__is_scoped,CT5__is_scoped,False,-3.5760385990142822,-0.0005798270576633513,0.002073483938957024
287733,87.0,-0.035616129636764526,16,lag_00__T_place_EXTENDEDA,T_place_EXTENDEDA,False,4.957779884338379,-0.00041461060754954815,-0.002055548129942464
287733,87.0,-0.035616129636764526,17,lag_01__kill_diff_last_3s,kill_diff_last_3s,False,-2.4069459438323975,0.0007894911686889827,-0.001900262566167446
287733,87.0,-0.035616129636764526,18,lag_02__CT4__duck_amount,CT4__duck_amount,False,3.6725916862487793,0.0005105601740069687,0.0018750790503877235
287733,87.0,-0.035616129636764526,19,lag_15__T_flash_duration_sum,T_flash_duration_sum,True,-2.8893625736236572,0.0006483314791694283,-0.001873264711214212
287733,87.0,-0.035616129636764526,20,lag_08__T2__is_walking,T2__is_walking,False,2.2968344688415527,0.0007642210694029927,0.0017552892940197462
282485,5.0,0.03507101535797119,1,lag_03__T_he_last_5s,T_he_last_5s,True,13.051742553710938,0.0009318369557149708,0.012162096048025539
282485,5.0,0.03507101535797119,2,lag_01__CT_place_UNDERA,CT_place_UNDERA,False,-3.0549564361572266,-0.0009031278314068913,0.0027590161812292013
282485,5.0,0.03507101535797119,3,lag_00__CT_place_UNDERA,CT_place_UNDERA,False,-3.054957389831543,-0.0006618418265134096,0.0020218985788067467
282485,5.0,0.03507101535797119,4,lag_01__T_place_OUTSIDETUNNEL,T_place_OUTSIDETUNNEL,False,4.998117923736572,0.00036098159034736454,0.0018042285568540956
282485,5.0,0.03507101535797119,5,lag_03__CT_place_MIDDOORS,CT_place_MIDDOORS,False,2.8863234519958496,0.0005262577906250954,0.0015189502028767343
282485,5.0,0.03507101535797119,6,lag_07__CT_place_UNDERA,CT_place_UNDERA,False,3.054957389831543,-0.00048298120964318514,-0.0014754870155492261
282485,5.0,0.03507101535797119,7,lag_06__CT_place_UNDERA,CT_place_UNDERA,False,6.1099138259887695,-0.00020656772539950907,-0.001262111001421512
282485,5.0,0.03507101535797119,8,lag_00__CT_place_LONGA,CT_place_LONGA,False,2.67120623588562,0.0004009889089502394,0.0010711240741088507
282485,5.0,0.03507101535797119,9,lag_03__CT2__is_walking,CT2__is_walking,False,2.360051155090332,0.0004268028133083135,0.0010072764725440886
282485,5.0,0.03507101535797119,10,lag_10__T_closest_enemy_dist,T_closest_enemy_dist,False,2.7866129875183105,0.0003250853915233165,0.0009058871740713487
282485,5.0,0.03507101535797119,11,lag_00__T4__is_scoped,T4__is_scoped,False,-4.644811153411865,0.00019379369041416794,-0.0009001350946965733
282485,5.0,0.03507101535797119,12,lag_05__T3__is_walking,T3__is_walking,False,-2.3223767280578613,0.00037997859180904925,-0.0008824534387775335
282485,5.0,0.03507101535797119,13,lag_10__CT_closest_enemy_dist,CT_closest_enemy_dist,False,2.7878754138946533,0.0003164818917866796,0.0008823120850549523
282485,5.0,0.03507101535797119,14,lag_10__T_place_TSPAWN,T_place_TSPAWN,False,4.428390979766846,0.00019387135398574173,0.0008585381552256438
282485,5.0,0.03507101535797119,15,lag_01__CT_place_MIDDOORS,CT_place_MIDDOORS,False,2.8863232135772705,-0.0002552410587668419,-0.000736708192976776
282485,5.0,0.03507101535797119,16,lag_01__CT_place_LONGA,CT_place_LONGA,False,2.671205997467041,0.000253059872193262,0.0006759750483208843
282485,5.0,0.03507101535797119,17,lag_10__CT_money_sum,CT_money_sum,False,4.302239894866943,-0.00014515886141452938,-0.0006245082446710501
282485,5.0,0.03507101535797119,18,lag_03__CT_macro_MID,CT_macro_MID,False,1.7316291332244873,0.00035980771644972265,0.0006230535241633153
282485,5.0,0.03507101535797119,19,lag_10__CT_unique_places,CT_unique_places,False,-1.6410033702850342,0.00037859511212445796,-0.0006212758549696759
282485,5.0,0.03507101535797119,20,lag_10__CT_start_balance_sum,CT_start_balance_sum,False,4.300045013427734,-0.00014361069770529866,-0.0006175324645425473
283253,17.0,-0.03324487805366516,1,lag_05__CT2__flash_duration,CT2__flash_duration,True,8.07532024383545,-0.0008311050478368998,-0.006711439417551146
283253,17.0,-0.03324487805366516,2,lag_15__T_place_OUTSIDETUNNEL,T_place_OUTSIDETUNNEL,False,-4.998117923736572,0.0005232771509326994,-0.0026154009071585327
283253,17.0,-0.03324487805366516,3,lag_06__CT_flashed_players,CT_flashed_players,False,-2.1899399757385254,-0.001081768306903541,0.0023690076597750465
283253,17.0,-0.03324487805366516,4,lag_05__CT_flash_duration_sum,CT_flash_duration_sum,True,4.133234977722168,-0.0005192717653699219,-0.0021462722235705
283253,17.0,-0.03324487805366516,5,lag_02__T_shots_fired_sum,T_shots_fired_sum,False,3.748684883117676,-0.0005697038141079247,-0.00213564007580086
283253,17.0,-0.03324487805366516,6,lag_01__CT5__is_scoped,CT5__is_scoped,False,-3.5760385990142822,-0.0005798270576633513,0.002073483938957024
283253,17.0,-0.03324487805366516,7,lag_11__T4__is_scoped,T4__is_scoped,False,4.644811153411865,0.0003981733461841941,0.0018494399993476685
283253,17.0,-0.03324487805366516,8,lag_14__CT_place_HOLE,CT_place_HOLE,False,-11.164148330688477,-0.0001638187823118642,0.0018288971850824176
283253,17.0,-0.03324487805366516,9,lag_03__T_shots_fired_sum,T_shots_fired_sum,False,3.748685598373413,-0.0004776092537213117,-0.0017904069310749546
283253,17.0,-0.03324487805366516,10,lag_11__T4__duck_amount,T4__duck_amount,False,3.6976382732391357,0.00047953365719877183,0.0017731420041645143
283253,17.0,-0.03324487805366516,11,lag_11__CT_flashed_players,CT_flashed_players,False,4.379879951477051,-0.00039488752372562885,-0.0017295599482543
283253,17.0,-0.03324487805366516,12,lag_03__T_kills_last_3s,T_kills_last_3s,False,3.1681017875671387,-0.000521892390679568,-0.001653408215829627
283253,17.0,-0.03324487805366516,13,lag_08__T3__flash_duration,T3__flash_duration,True,-5.959039688110352,0.00027402801788412035,-0.0016329438342256863
283253,17.0,-0.03324487805366516,14,lag_15__CT_B_site_active_infernos,CT_B_site_active_infernos,True,3.435478687286377,-0.0004294572281651199,-0.0014753911544623521
283253,17.0,-0.03324487805366516,15,lag_03__T_damage_last_5s,T_damage_last_5s,False,2.3978044986724854,-0.0006123147322796285,-0.0014682110196635317
283253,17.0,-0.03324487805366516,16,lag_11__CT5__is_scoped,CT5__is_scoped,False,-3.5760385990142822,0.0004088018322363496,-0.0014618911314249472
283253,17.0,-0.03324487805366516,17,lag_05__CT_flashed_players,CT_flashed_players,False,4.379879951477051,-0.0003212607407476753,-0.0014070834775974095
283253,17.0,-0.03324487805366516,18,lag_03__CT_place_LONGA,CT_place_LONGA,False,-2.67120623588562,0.0005015977076254785,-0.0013398709245151103
283253,17.0,-0.03324487805366516,19,lag_00__T2__is_walking,T2__is_walking,False,-2.2968344688415527,0.0005204839399084449,-0.0011954654536601717
283253,17.0,-0.03324487805366516,20,lag_03__damage_diff_last_5s,damage_diff_last_5s,False,-2.25597882270813,0.0005244914791546762,-0.001183241669663812
287477,83.0,0.03243657946586609,1,lag_15__CT_place_BDOORS,CT_place_BDOORS,False,4.810471534729004,0.0010155809577554464,0.004885423288495394
287477,83.0,0.03243657946586609,2,lag_04__T5__duck_amount,T5__duck_amount,False,3.7970333099365234,0.0010109859285876155,0.0038387472467242834
287477,83.0,0.03243657946586609,3,lag_07__CT_place_MIDDOORS,CT_place_MIDDOORS,False,2.8863234519958496,0.0010612879414111376,0.0030632202746153636
287477,83.0,0.03243657946586609,4,lag_11__T_place_EXTENDEDA,T_place_EXTENDEDA,False,4.957779407501221,-0.0005728630931116641,-0.0028401288463464625
287477,83.0,0.03243657946586609,5,lag_06__T5__flash_duration,T5__flash_duration,True,-7.5368523597717285,-0.0003674854233395308,0.0027696833800782555
287477,83.0,0.03243657946586609,6,lag_09__T5__duck_amount,T5__duck_amount,False,3.7970333099365234,0.0007256350945681334,0.0027552606249341416
287477,83.0,0.03243657946586609,7,lag_10__T_place_EXTENDEDA,T_place_EXTENDEDA,False,4.957779407501221,-0.00046461186138913035,-0.002303443118875842
287477,83.0,0.03243657946586609,8,lag_15__T4__duck_amount,T4__duck_amount,False,-3.6976382732391357,0.0006193987792357802,-0.002290312632499819
287477,83.0,0.03243657946586609,9,lag_08__T2__flash_duration,T2__flash_duration,True,-6.016905307769775,-0.00035051116719841957,0.00210899250234875
287477,83.0,0.03243657946586609,10,lag_06__T_flashed_players,T_flashed_players,False,-1.9296237230300903,-0.0009744324488565326,0.0018802879698038705
287477,83.0,0.03243657946586609,11,lag_11__T4__is_scoped,T4__is_scoped,False,4.644811153411865,0.0003981733461841941,0.0018494399993476685
287477,83.0,0.03243657946586609,12,lag_00__CT_place_MIDDOORS,CT_place_MIDDOORS,False,-2.8863232135772705,-0.0006399024277925491,0.0018469652317620877
287477,83.0,0.03243657946586609,13,lag_13__T_place_LOWERTUNNEL,T_place_LOWERTUNNEL,False,4.32400369644165,-0.00041904355748556554,-0.0018119458915376446
287477,83.0,0.03243657946586609,14,lag_08__T_place_EXTENDEDA,T_place_EXTENDEDA,False,4.957779884338379,-0.00035777021548710763,-0.0017737459775573894
287477,83.0,0.03243657946586609,15,lag_08__T2__duck_amount,T2__duck_amount,False,-2.4834837913513184,-0.0007068535778671503,0.0017554594034917548
287477,83.0,0.03243657946586609,16,lag_09__CT5__is_scoped,CT5__is_scoped,False,3.5760385990142822,0.0004505130054894835,0.0016110518969883261
287477,83.0,0.03243657946586609,17,lag_08__T_place_SHORTSTAIRS,T_place_SHORTSTAIRS,False,-4.202706813812256,0.0003702975809574127,-0.0015562521666279139
287477,83.0,0.03243657946586609,18,lag_09__T4__is_scoped,T4__is_scoped,False,4.644811153411865,-0.0003331555053591728,-0.0015474444071128524
287477,83.0,0.03243657946586609,19,lag_03__CT_place_MIDDOORS,CT_place_MIDDOORS,False,2.8863232135772705,0.0005262577906250954,0.0015189500774070996
287477,83.0,0.03243657946586609,20,lag_07__CT_place_BDOORS,CT_place_BDOORS,False,-4.810471534729004,-0.00031182970269583166,0.0015000479085013063
286837,73.0,0.03119298815727234,1,lag_02__T2__flash_duration,T2__flash_duration,True,8.038690567016602,0.000621056417003274,0.004992480360949347
286837,73.0,0.03119298815727234,2,lag_09__CT_place_EXTENDEDA,CT_place_EXTENDEDA,False,5.6138224601745605,0.0007748531061224639,0.00434988777048631
286837,73.0,0.03119298815727234,3,lag_02__T_place_SHORTSTAIRS,T_place_SHORTSTAIRS,False,4.202706336975098,0.0009662153315730393,0.004060719296884507
286837,73.0,0.03119298815727234,4,lag_15__T4__duck_amount,T4__duck_amount,False,3.6976382732391357,0.0006193987792357802,0.002290312632499819
286837,73.0,0.03119298815727234,5,lag_00__T5__flash_duration,T5__flash_duration,True,4.7545976638793945,0.00046801220742054284,0.0022252097480687516
286837,73.0,0.03119298815727234,6,lag_09__T_place_SHORTSTAIRS,T_place_SHORTSTAIRS,False,-4.202706813812256,-0.0004627402813639492,0.0019447617335136697
286837,73.0,0.03119298815727234,7,lag_03__T_place_SHORTSTAIRS,T_place_SHORTSTAIRS,False,4.202706336975098,0.00043433194514364004,0.0018253696182058965
286837,73.0,0.03119298815727234,8,lag_08__T_place_SHORTSTAIRS,T_place_SHORTSTAIRS,False,4.202706813812256,0.0003702975809574127,0.0015562521666279139
286837,73.0,0.03119298815727234,9,lag_00__T2__flash_duration,T2__flash_duration,True,-2.021785259246826,0.0007203852292150259,-0.0014564642374060854
286837,73.0,0.03119298815727234,10,lag_00__T_flash_duration_sum,T_flash_duration_sum,True,2.85029935836792,0.0004879351472482085,0.0013907612371267253
286837,73.0,0.03119298815727234,11,lag_02__T_flash_duration_sum,T_flash_duration_sum,True,8.21633529663086,0.00015940380399115384,0.0013097151011497443
286837,73.0,0.03119298815727234,12,lag_08__CT5__is_scoped,CT5__is_scoped,False,-3.5760385990142822,0.00035764911444857717,-0.0012789670381713886
286837,73.0,0.03119298815727234,13,lag_08__CT_place_UNDERA,CT_place_UNDERA,False,3.054957389831543,-0.0004104870022274554,-0.0012540203008845618
286837,73.0,0.03119298815727234,14,lag_00__T1__duck_amount,T1__duck_amount,False,-3.915480136871338,-0.00031590720755048096,0.0012369283962583993
286837,73.0,0.03119298815727234,15,lag_12__T3__is_walking,T3__is_walking,False,-2.3223767280578613,0.0004784365592058748,-0.0011111099309518008
286837,73.0,0.03119298815727234,16,lag_11__T2__is_walking,T2__is_walking,False,2.2968344688415527,-0.00048056713421829045,-0.0011037831584649743
286837,73.0,0.03119298815727234,17,lag_12__CT3__is_walking,CT3__is_walking,False,-2.387126922607422,-0.00046075513819232583,0.0010998809951086042
286837,73.0,0.03119298815727234,18,lag_02__T5__flash_duration,T5__flash_duration,True,2.782254934310913,-0.00039199242019094527,-0.0010906228452887343
286837,73.0,0.03119298815727234,19,lag_02__T_flashed_players,T_flashed_players,False,7.7184953689575195,0.0001349942322121933,0.00104195235616579
286837,73.0,0.03119298815727234,20,lag_00__T4__flash_duration,T4__flash_duration,True,4.319518089294434,0.00022279600671026856,0.000962371381207569
283765,25.0,0.03047478199005127,1,lag_00__T_shots_fired_sum,T_shots_fired_sum,False,-4.498422145843506,-0.0014292533742263913,0.0064293850306415545
283765,25.0,0.03047478199005127,2,lag_03__T_shots_fired_sum,T_shots_fired_sum,False,-10.496318817138672,-0.0004776092537213117,0.005013138997074562
283765,25.0,0.03047478199005127,3,lag_07__CT2__flash_duration,CT2__flash_duration,True,-8.07532024383545,-0.00046674537588842213,0.0037691183826283614
283765,25.0,0.03047478199005127,4,lag_08__T4__is_scoped,T4__is_scoped,False,-4.644811153411865,-0.0007313731475733221,0.0033970901531545084
283765,25.0,0.03047478199005127,5,lag_07__CT_flash_duration_sum,CT_flash_duration_sum,True,-3.6664235591888428,-0.0006675005424767733,0.0024473397147081744
283765,25.0,0.03047478199005127,6,lag_15__T4__duck_amount,T4__duck_amount,False,-3.6976382732391357,0.0006193987792357802,-0.002290312632499819
283765,25.0,0.03047478199005127,7,lag_03__T3__shots_fired,T3__shots_fired,False,-8.477989196777344,-0.00024818434030748904,0.002104104155936204
283765,25.0,0.03047478199005127,8,lag_00__T3__shots_fired,T3__shots_fired,False,-3.6334238052368164,-0.0005547230830416083,0.002015544055237739
283765,25.0,0.03047478199005127,9,lag_07__CT_flashed_players,CT_flashed_players,False,-2.1899399757385254,-0.0007714261882938445,0.0016893770480762849
283765,25.0,0.03047478199005127,10,lag_09__CT5__is_scoped,CT5__is_scoped,False,3.5760385990142822,0.0004505130054894835,0.0016110518969883261
283765,25.0,0.03047478199005127,11,lag_06__T2__is_walking,T2__is_walking,False,-2.2968344688415527,0.000674963986966759,-0.0015502805504919726
283765,25.0,0.03047478199005127,12,lag_03__CT3__is_walking,CT3__is_walking,False,2.387126922607422,0.0006463254103437066,0.0015428607877967515
283765,25.0,0.03047478199005127,13,lag_08__T_scoped_count,T_scoped_count,False,-2.8811259269714355,-0.0004265274910721928,0.0012288794130941721
283765,25.0,0.03047478199005127,14,lag_05__T_shots_fired_sum,T_shots_fired_sum,False,3.748685359954834,-0.00031963145011104643,-0.0011981977376124137
283765,25.0,0.03047478199005127,15,lag_12__CT5__is_walking,CT5__is_walking,False,2.396676540374756,0.0004820985486730933,0.0011554342817535201
283765,25.0,0.03047478199005127,16,lag_12__T3__is_walking,T3__is_walking,False,2.3223767280578613,0.0004784365592058748,0.0011111099309518008
283765,25.0,0.03047478199005127,17,lag_06__T_walking_count,T_walking_count,False,-2.3912696838378906,0.0004635031218640506,-0.0011083609636777236
283765,25.0,0.03047478199005127,18,lag_11__T2__is_walking,T2__is_walking,False,2.2968344688415527,-0.00048056713421829045,-0.0011037831584649743
283765,25.0,0.03047478199005127,19,lag_05__CT3__is_walking,CT3__is_walking,False,-2.387126922607422,-0.0004328789364080876,0.001033336963329412
283765,25.0,0.03047478199005127,20,lag_02__CT_walking_count,CT_walking_count,False,-1.7948951721191406,0.0005554198869504035,-0.000996920473586238
287061,76.5,0.02976822853088379,1,lag_09__T2__flash_duration,T2__flash_duration,True,8.038690567016602,-0.0005247771041467786,-0.004218520756890998
287061,76.5,0.02976822853088379,2,lag_15__T_place_SHORTSTAIRS,T_place_SHORTSTAIRS,False,4.202706813812256,0.0006826901808381081,0.002869146674731038
287061,76.5,0.02976822853088379,3,lag_00__CT4__duck_amount,CT4__duck_amount,False,2.262606382369995,0.001109681325033307,0.0025107720484171536
287061,76.5,0.02976822853088379,4,lag_05__CT_place_UNDERA,CT_place_UNDERA,False,-3.054957389831543,-0.0007924962555989623,0.002421042292455877
287061,76.5,0.02976822853088379,5,lag_06__CT_flashed_players,CT_flashed_players,False,-2.1899399757385254,-0.001081768306903541,0.0023690076597750465
287061,76.5,0.02976822853088379,6,lag_07__T1__duck_amount,T1__duck_amount,False,-3.915480136871338,-0.0005426298594102263,0.002124656436194028
287061,76.5,0.02976822853088379,7,lag_02__CT_place_BDOORS,CT_place_BDOORS,False,4.810471534729004,0.0004394810530357063,0.0021141110956809928
287061,76.5,0.02976822853088379,8,lag_09__T_place_SHORTSTAIRS,T_place_SHORTSTAIRS,False,4.202706336975098,-0.0004627402813639492,-0.001944761512861909
287061,76.5,0.02976822853088379,9,lag_11__T4__duck_amount,T4__duck_amount,False,3.6976382732391357,0.00047953365719877183,0.0017731420041645143
287061,76.5,0.02976822853088379,10,lag_15__CT_place_EXTENDEDA,CT_place_EXTENDEDA,False,-5.6138224601745605,-0.00029183964943513274,0.0016383359787684182
287061,76.5,0.02976822853088379,11,lag_09__T1__duck_amount,T1__duck_amount,False,3.4849491119384766,0.00046269988524727523,0.0016124855541865268
287061,76.5,0.02976822853088379,12,lag_07__T2__flash_duration,T2__flash_duration,True,-2.021785259246826,-0.0007842032355256379,0.0015854905418394016
287061,76.5,0.02976822853088379,13,lag_06__T4__duck_amount,T4__duck_amount,False,2.068147897720337,-0.0006567080854438245,-0.001358169446326593
287061,76.5,0.02976822853088379,14,lag_09__CT_flashed_players,CT_flashed_players,False,2.1899399757385254,-0.0005664190975949168,-0.0012404238248448496
287061,76.5,0.02976822853088379,15,lag_12__CT5__is_walking,CT5__is_walking,False,2.396676540374756,0.0004820985486730933,0.0011554342817535201
287061,76.5,0.02976822853088379,16,lag_00__CT4__is_walking,CT4__is_walking,False,-2.384641170501709,-0.0004602376720868051,0.0010975017010740606
287061,76.5,0.02976822853088379,17,lag_15__CT5__is_scoped,CT5__is_scoped,False,-3.5760385990142822,0.00030525229522027075,-0.001091593990145391
287061,76.5,0.02976822853088379,18,lag_05__CT3__is_walking,CT3__is_walking,False,2.387126922607422,-0.0004328789364080876,-0.001033336963329412
287061,76.5,0.02976822853088379,19,lag_07__T5__flash_duration,T5__flash_duration,True,4.7545976638793945,-0.00021046483016107231,-0.001000675589812608
287061,76.5,0.02976822853088379,20,lag_14__T3__is_walking,T3__is_walking,False,-2.3223767280578613,0.000413966306950897,-0.0009613857174628204
287573,84.5,-0.029543519020080566,1,lag_13__T_place_EXTENDEDA,T_place_EXTENDEDA,False,4.957779407501221,-0.001509269466623664,-0.007482625081997152
287573,84.5,-0.029543519020080566,2,lag_10__CT_place_BDOORS,CT_place_BDOORS,False,-4.810471534729004,0.001427707727998495,-0.00686794738544938
287573,84.5,-0.029543519020080566,3,lag_14__T_place_EXTENDEDA,T_place_EXTENDEDA,False,4.957779407501221,-0.00136286742053926,-0.006756796032703849
287573,84.5,-0.029543519020080566,4,lag_02__T2__flash_duration,T2__flash_duration,True,5.5919060707092285,0.000621056417003274,0.00347288914849353
287573,84.5,-0.029543519020080566,5,lag_00__CT5__is_scoped,CT5__is_scoped,False,-3.5760385990142822,0.0009010074427351356,-0.0032220373932199953
287573,84.5,-0.029543519020080566,6,lag_11__T_place_EXTENDEDA,T_place_EXTENDEDA,False,4.957779884338379,-0.0005728630931116641,-0.002840129119508872
287573,84.5,-0.029543519020080566,7,lag_00__T5__duck_amount,T5__duck_amount,False,-3.7970333099365234,-0.0006162750069051981,0.002340016729300398
287573,84.5,-0.029543519020080566,8,lag_12__T5__duck_amount,T5__duck_amount,False,3.7970333099365234,0.0005918170209042728,0.0022471489417609236
287573,84.5,-0.029543519020080566,9,lag_09__T5__flash_duration,T5__flash_duration,True,-7.5368523597717285,0.00028232415206730366,-0.00212783545172901
287573,84.5,-0.029543519020080566,10,lag_11__T2__flash_duration,T2__flash_duration,True,-6.016905307769775,-0.0003513276169542223,0.002113905003217967
287573,84.5,-0.029543519020080566,11,lag_01__CT5__is_scoped,CT5__is_scoped,False,3.5760385990142822,-0.0005798270576633513,-0.002073483938957024
287573,84.5,-0.029543519020080566,12,lag_12__T4__is_scoped,T4__is_scoped,False,4.644811153411865,0.0004442513163667172,0.0020634634691780313
287573,84.5,-0.029543519020080566,13,lag_01__T5__duck_amount,T5__duck_amount,False,3.7970333099365234,-0.0004773600085172802,-0.0018125518531716955
287573,84.5,-0.029543519020080566,14,lag_06__CT_place_BDOORS,CT_place_BDOORS,False,-4.810472011566162,-0.00033584251650609076,0.0016155610259464964
287573,84.5,-0.029543519020080566,15,lag_11__T_flash_duration_sum,T_flash_duration_sum,True,-5.115886211395264,-0.0003081373288296163,0.0015763955117756023
287573,84.5,-0.029543519020080566,16,lag_03__CT3__is_walking,CT3__is_walking,False,-2.387126922607422,0.0006463254103437066,-0.0015428607877967515
287573,84.5,-0.029543519020080566,17,lag_03__CT_place_MIDDOORS,CT_place_MIDDOORS,False,-2.8863232135772705,0.0005262577906250954,-0.0015189500774070996
287573,84.5,-0.029543519020080566,18,lag_06__CT_place_MIDDOORS,CT_place_MIDDOORS,False,2.8863232135772705,0.000514211889822036,0.0014841817142907804
287573,84.5,-0.029543519020080566,19,lag_11__CT5__is_scoped,CT5__is_scoped,False,-3.5760385990142822,0.0004088018322363496,-0.0014618911314249472
287573,84.5,-0.029543519020080566,20,lag_07__CT5__is_walking,CT5__is_walking,False,-2.396676540374756,-0.0005758673651143909,0.0013801678043370846
287253,79.5,0.029419273138046265,1,lag_14__CT_place_BDOORS,CT_place_BDOORS,False,4.810472011566162,0.0018926759948953986,0.009104664900407455
287253,79.5,0.029419273138046265,2,lag_13__T5__flash_duration,T5__flash_duration,True,4.7545976638793945,0.0016730723436921835,0.007954785856820079
287253,79.5,0.029419273138046265,3,lag_15__T1__flash_duration,T1__flash_duration,True,6.399701118469238,0.0008850284502841532,0.005663917563160592
287253,79.5,0.029419273138046265,4,lag_15__T_flash_duration_sum,T_flash_duration_sum,True,8.21633529663086,0.0006483314791694283,0.005326908816216669
287253,79.5,0.029419273138046265,5,lag_03__T_place_EXTENDEDA,T_place_EXTENDEDA,False,4.957779407501221,-0.0009837003890424967,-0.0048769695319458295
287253,79.5,0.029419273138046265,6,lag_15__T2__flash_duration,T2__flash_duration,True,8.038690567016602,0.00038499131915159523,0.0030948260856472065
287253,79.5,0.029419273138046265,7,lag_15__T_place_SHORTSTAIRS,T_place_SHORTSTAIRS,False,4.202706336975098,0.0006826901808381081,0.002869146349198992
287253,79.5,0.029419273138046265,8,lag_02__T4__is_scoped,T4__is_scoped,False,4.644811153411865,0.000603504478931427,0.002803164334874708
287253,79.5,0.029419273138046265,9,lag_04__T_place_EXTENDEDA,T_place_EXTENDEDA,False,4.957779407501221,-0.0005447851726785302,-0.0027009247106176137
287253,79.5,0.029419273138046265,10,lag_01__T_place_EXTENDEDA,T_place_EXTENDEDA,False,4.957779884338379,-0.0005050901672802866,-0.0025041258711193115
287253,79.5,0.029419273138046265,11,lag_01__T2__flash_duration,T2__flash_duration,True,-6.016905307769775,0.0003978577151428908,-0.002393872197980415
287253,79.5,0.029419273138046265,12,lag_01__CT5__is_scoped,CT5__is_scoped,False,-3.5760385990142822,-0.0005798270576633513,0.002073483938957024
287253,79.5,0.029419273138046265,13,lag_15__T4__flash_duration,T4__flash_duration,True,2.786283016204834,0.0007304006139747798,0.002035102825743512
287253,79.5,0.029419273138046265,14,lag_01__T_place_SHORTSTAIRS,T_place_SHORTSTAIRS,False,-4.202706813812256,0.0004471036372706294,-0.0018790455028375175
287253,79.5,0.029419273138046265,15,lag_00__CT_place_MIDDOORS,CT_place_MIDDOORS,False,2.8863234519958496,-0.0006399024277925491,-0.0018469653843267153
287253,79.5,0.029419273138046265,16,lag_03__T_place_SHORTSTAIRS,T_place_SHORTSTAIRS,False,-4.202706336975098,0.00043433194514364004,-0.0018253696182058965
287253,79.5,0.029419273138046265,17,lag_08__T2__is_walking,T2__is_walking,False,-2.2968344688415527,0.0007642210694029927,-0.0017552892940197462
287253,79.5,0.029419273138046265,18,lag_00__CT_place_BDOORS,CT_place_BDOORS,False,-4.810471534729004,-0.00035675306571647525,0.0017161504675564099
287253,79.5,0.029419273138046265,19,lag_09__CT5__is_scoped,CT5__is_scoped,False,-3.5760385990142822,0.0004505130054894835,-0.0016110518969883261
287253,79.5,0.029419273138046265,20,lag_00__T4__flash_duration,T4__flash_duration,True,-7.105800628662109,0.00022279600671026856,-0.0015831440045452339
283349,18.5,0.027555078268051147,1,lag_00__T_kills_last_3s,T_kills_last_3s,False,-3.1681017875671387,-0.0015159101458266377,0.004802557642784533
283349,18.5,0.027555078268051147,2,lag_08__T4__is_scoped,T4__is_scoped,False,-4.644811153411865,-0.0007313731475733221,0.0033970901531545084
283349,18.5,0.027555078268051147,3,lag_00__kill_diff_last_3s,kill_diff_last_3s,False,2.4069459438323975,0.0013104755198583007,0.0031542437370145893
283349,18.5,0.027555078268051147,4,lag_04__CT_place_PIT,CT_place_PIT,False,-4.305429458618164,-0.0005109700723551214,0.0021999456019899943
283349,18.5,0.027555078268051147,5,lag_04__CT5__is_scoped,CT5__is_scoped,False,-3.5760385990142822,0.0005739782354794443,-0.0020525683250686017
283349,18.5,0.027555078268051147,6,lag_08__CT_flash_duration_sum,CT_flash_duration_sum,True,4.133234977722168,-0.00044477981282398105,-0.0018383794797487973
283349,18.5,0.027555078268051147,7,lag_11__CT5__is_walking,CT5__is_walking,False,-2.396676540374756,0.0007649292820133269,-0.0018332880652470462
283349,18.5,0.027555078268051147,8,lag_08__T2__is_walking,T2__is_walking,False,-2.2968344688415527,0.0007642210694029927,-0.0017552892940197462
283349,18.5,0.027555078268051147,9,lag_10__CT_place_LONGA,CT_place_LONGA,False,-2.671205520629883,-0.0006461833836510777,0.0017260886217480564
283349,18.5,0.027555078268051147,10,lag_07__CT_flashed_players,CT_flashed_players,False,-2.1899399757385254,-0.0007714261882938445,0.0016893770480762849
283349,18.5,0.027555078268051147,11,lag_08__CT_flashed_players,CT_flashed_players,False,4.379879951477051,-0.0003755953803192824,-0.001645062676127823
283349,18.5,0.027555078268051147,12,lag_08__CT2__flash_duration,CT2__flash_duration,True,8.07532024383545,0.0001923903328133747,0.0015536135492860842
283349,18.5,0.027555078268051147,13,lag_04__CT_place_LONGA,CT_place_LONGA,False,2.67120623588562,0.0005354107124730945,0.0014301924339180927
283349,18.5,0.027555078268051147,14,lag_11__T3__flash_duration,T3__flash_duration,True,-5.959039688110352,-0.00021985701459925622,0.0013101366757064248
283349,18.5,0.027555078268051147,15,lag_02__CT2__is_walking,CT2__is_walking,False,2.360051155090332,0.000537299201823771,0.0012680536018933042
283349,18.5,0.027555078268051147,16,lag_09__CT_flashed_players,CT_flashed_players,False,-2.1899399757385254,-0.0005664190975949168,0.0012404238248448496
283349,18.5,0.027555078268051147,17,lag_08__T_scoped_count,T_scoped_count,False,-2.8811259269714355,-0.0004265274910721928,0.0012288794130941721
283349,18.5,0.027555078268051147,18,lag_06__T_shots_fired_sum,T_shots_fired_sum,False,3.748685598373413,-0.0003248683060519397,-0.0012178291402648728
283349,18.5,0.027555078268051147,19,lag_05__T_shots_fired_sum,T_shots_fired_sum,False,3.748684883117676,-0.00031963145011104643,-0.0011981975852002613
283349,18.5,0.027555078268051147,20,lag_14__CT_flashed_players,CT_flashed_players,False,4.379879951477051,-0.0002659153542481363,-0.00116467732886133
285621,54.0,-0.02737480401992798,1,lag_00__T_place_TUNNELSTAIRS,T_place_TUNNELSTAIRS,False,-6.981647968292236,0.0010564378462731838,-0.0073756771430602
285621,54.0,-0.02737480401992798,2,lag_06__T2__duck_amount,T2__duck_amount,False,-3.8233180046081543,0.0007415868458338082,-0.0028353223396569704
285621,54.0,-0.02737480401992798,3,lag_07__T2__duck_amount,T2__duck_amount,False,3.8233180046081543,0.0007288124179467559,0.002786481639517835
285621,54.0,-0.02737480401992798,4,lag_15__T4__duck_amount,T4__duck_amount,False,-3.6976382732391357,0.0006193987792357802,-0.002290312632499819
285621,54.0,-0.02737480401992798,5,lag_04__CT5__is_scoped,CT5__is_scoped,False,-3.5760385990142822,0.0005739782354794443,-0.0020525683250686017
285621,54.0,-0.02737480401992798,6,lag_09__T_place_TUNNELSTAIRS,T_place_TUNNELSTAIRS,False,6.981647968292236,-0.00026605933089740574,-0.0018575325870050646
285621,54.0,-0.02737480401992798,7,lag_08__T2__is_walking,T2__is_walking,False,-2.2968344688415527,0.0007642210694029927,-0.0017552892940197462
285621,54.0,-0.02737480401992798,8,lag_06__T2__is_walking,T2__is_walking,False,2.2968344688415527,0.000674963986966759,0.0015502805504919726
285621,54.0,-0.02737480401992798,9,lag_04__CT3__is_walking,CT3__is_walking,False,2.387126922607422,-0.0005710183177143335,-0.001363093199517884
285621,54.0,-0.02737480401992798,10,lag_11__CT4__is_walking,CT4__is_walking,False,2.384641170501709,0.0005132672376930714,0.0012239581864725846
285621,54.0,-0.02737480401992798,11,lag_02__T5__is_walking,T5__is_walking,False,2.3193888664245605,-0.00048231915570795536,-0.0011186856798123257
285621,54.0,-0.02737480401992798,12,lag_12__T3__is_walking,T3__is_walking,False,-2.3223767280578613,0.0004784365592058748,-0.0011111099309518008
285621,54.0,-0.02737480401992798,13,lag_03__CT2__is_walking,CT2__is_walking,False,2.360051155090332,0.0004268028133083135,0.0010072764725440886
285621,54.0,-0.02737480401992798,14,lag_04__T5__is_walking,T5__is_walking,False,-2.3193888664245605,0.00041472751763649285,-0.0009619143870059771
285621,54.0,-0.02737480401992798,15,lag_14__T3__is_walking,T3__is_walking,False,2.3223767280578613,0.000413966306950897,0.0009613857174628204
285621,54.0,-0.02737480401992798,16,lag_05__T4__duck_amount,T4__duck_amount,False,-3.3165946006774902,0.0002696894807741046,-0.0008944506757949111
285621,54.0,-0.02737480401992798,17,lag_05__T3__is_walking,T3__is_walking,False,-2.3223767280578613,0.00037997859180904925,-0.0008824534387775335
285621,54.0,-0.02737480401992798,18,lag_02__T3__is_walking,T3__is_walking,False,2.3223767280578613,-0.00037754722870886326,-0.0008768068976962029
285621,54.0,-0.02737480401992798,19,lag_09__T2__duck_amount,T2__duck_amount,False,-3.8233180046081543,-0.00022874114802107215,0.000874550149623704
285621,54.0,-0.02737480401992798,20,lag_04__CT_scoped_count,CT_scoped_count,False,-2.141930103302002,0.00040591025026515126,-0.0008694313842817769
287509,83.5,0.02713942527770996,1,lag_00__T2__flash_duration,T2__flash_duration,True,5.5919060707092285,0.0007203852292150259,0.004028326536496762
287509,83.5,0.02713942527770996,2,lag_06__T5__duck_amount,T5__duck_amount,False,-3.7970333099365234,0.0008852121536619961,-0.0033611800338152475
287509,83.5,0.02713942527770996,3,lag_09__T2__flash_duration,T2__flash_duration,True,-6.016905307769775,-0.0005247771041467786,0.0031575341433368043
287509,83.5,0.02713942527770996,4,lag_12__T_place_EXTENDEDA,T_place_EXTENDEDA,False,4.957779407501221,-0.0005996045656502247,-0.0029727071682243977
287509,83.5,0.02713942527770996,5,lag_11__T_place_EXTENDEDA,T_place_EXTENDEDA,False,4.957779407501221,-0.0005728630931116641,-0.0028401288463464625
287509,83.5,0.02713942527770996,6,lag_00__T5__duck_amount,T5__duck_amount,False,-3.7970333099365234,-0.0006162750069051981,0.002340016729300398
287509,83.5,0.02713942527770996,7,lag_12__T4__is_scoped,T4__is_scoped,False,4.644811153411865,0.0004442513163667172,0.0020634634691780313
287509,83.5,0.02713942527770996,8,lag_09__T_place_SHORTSTAIRS,T_place_SHORTSTAIRS,False,-4.202706813812256,-0.0004627402813639492,0.0019447617335136697
287509,83.5,0.02713942527770996,9,lag_11__T4__is_scoped,T4__is_scoped,False,-4.644811153411865,0.0003981733461841941,-0.0018494399993476685
287509,83.5,0.02713942527770996,10,lag_11__CT5__is_walking,CT5__is_walking,False,-2.396676540374756,0.0007649292820133269,-0.0018332880652470462
287509,83.5,0.02713942527770996,11,lag_08__CT_place_MIDDOORS,CT_place_MIDDOORS,False,2.8863234519958496,0.000601606850977987,0.0017364319628591363
287509,83.5,0.02713942527770996,12,lag_00__T_flashed_players,T_flashed_players,False,5.788870811462402,0.000280433741863817,0.001623394702824632
287509,83.5,0.02713942527770996,13,lag_09__CT5__is_scoped,CT5__is_scoped,False,-3.5760385990142822,0.0004505130054894835,-0.0016110518969883261
287509,83.5,0.02713942527770996,14,lag_07__T5__flash_duration,T5__flash_duration,True,-7.5368523597717285,-0.00021046483016107231,0.001586242351848434
287509,83.5,0.02713942527770996,15,lag_00__T_flash_duration_sum,T_flash_duration_sum,True,3.1637492179870605,0.0004879351472482085,0.001543704440534921
287509,83.5,0.02713942527770996,16,lag_03__CT3__is_walking,CT3__is_walking,False,2.387126922607422,0.0006463254103437066,0.0015428607877967515
287509,83.5,0.02713942527770996,17,lag_00__CT_flashed_players,CT_flashed_players,False,4.379879951477051,0.00035156801459379494,0.0015398256986999537
287509,83.5,0.02713942527770996,18,lag_04__CT_place_MIDDOORS,CT_place_MIDDOORS,False,2.8863232135772705,0.0005027591832913458,0.0014511255015729613
287509,83.5,0.02713942527770996,19,lag_10__CT5__is_scoped,CT5__is_scoped,False,3.5760385990142822,0.0003877825220115483,0.0013867252667364022
287509,83.5,0.02713942527770996,20,lag_02__T2__duck_amount,T2__duck_amount,False,2.976109504699707,0.0004555195046123117,0.001355675927252803
284693,39.5,0.026542365550994873,1,lag_14__CT_place_BDOORS,CT_place_BDOORS,False,4.810472011566162,0.0018926759948953986,0.009104664900407455
284693,39.5,0.026542365550994873,2,lag_00__T_shots_fired_sum,T_shots_fired_sum,False,-5.997896671295166,-0.0014292533742263913,0.008572514055709857
284693,39.5,0.026542365550994873,3,lag_00__CT4__duck_amount,CT4__duck_amount,False,3.6725916862487793,0.001109681325033307,0.004075406408702853
284693,39.5,0.026542365550994873,4,lag_15__T_place_TUNNELSTAIRS,T_place_TUNNELSTAIRS,False,6.981647968292236,0.0004953770549036562,0.0034585482089067032
284693,39.5,0.026542365550994873,5,lag_09__CT_place_ARAMP,CT_place_ARAMP,False,6.229295253753662,-0.0003365572774782777,-0.0020965146512116895
284693,39.5,0.026542365550994873,6,lag_13__CT_place_LONGA,CT_place_LONGA,False,2.67120623588562,-0.0007634808425791562,-0.0020394147876766494
284693,39.5,0.026542365550994873,7,lag_08__T_place_LOWERTUNNEL,T_place_LOWERTUNNEL,False,8.6480073928833,0.00021816424850840122,0.0018866860339634833
284693,39.5,0.026542365550994873,8,lag_09__T_place_TUNNELSTAIRS,T_place_TUNNELSTAIRS,False,6.981647968292236,-0.00026605933089740574,-0.0018575325870050646
284693,39.5,0.026542365550994873,9,lag_08__T2__is_walking,T2__is_walking,False,-2.2968344688415527,0.0007642210694029927,-0.0017552892940197462
284693,39.5,0.026542365550994873,10,lag_00__T1__shots_fired,T1__shots_fired,False,-4.781342029571533,-0.0002772996376734227,0.0013258644123928937
284693,39.5,0.026542365550994873,11,lag_02__T_shots_fired_sum,T_shots_fired_sum,False,2.249211311340332,-0.0005697038141079247,-0.001281384262805274
284693,39.5,0.026542365550994873,12,lag_11__CT4__is_walking,CT4__is_walking,False,2.384641170501709,0.0005132672376930714,0.0012239581864725846
284693,39.5,0.026542365550994873,13,lag_04__T1__is_walking,T1__is_walking,False,2.281590461730957,0.0005284955259412527,0.0012058103510550477
284693,39.5,0.026542365550994873,14,lag_10__T4__duck_amount,T4__duck_amount,False,3.6976382732391357,-0.0003053958935197443,-0.0011292435443686702
284693,39.5,0.026542365550994873,15,lag_15__T_place_UPPERTUNNEL,T_place_UPPERTUNNEL,False,-2.299117088317871,-0.00047937475028447807,0.0011021386800871558
284693,39.5,0.026542365550994873,16,lag_00__CT4__is_walking,CT4__is_walking,False,-2.384641170501709,-0.0004602376720868051,0.0010975017010740606
284693,39.5,0.026542365550994873,17,lag_15__CT5__duck_amount,CT5__duck_amount,False,2.856060266494751,0.0003676873166114092,0.0010501371354679212
284693,39.5,0.026542365550994873,18,lag_05__CT3__is_walking,CT3__is_walking,False,-2.387126922607422,-0.0004328789364080876,0.001033336963329412
284693,39.5,0.026542365550994873,19,lag_14__T3__is_walking,T3__is_walking,False,2.3223767280578613,0.000413966306950897,0.0009613857174628204
284693,39.5,0.026542365550994873,20,lag_05__T3__is_walking,T3__is_walking,False,-2.3223767280578613,0.00037997859180904925,-0.0008824534387775335
286549,68.5,-0.02631741762161255,1,lag_00__T_place_SHORTSTAIRS,T_place_SHORTSTAIRS,False,-4.202706813812256,0.0007216664380393922,-0.003032952456447774
286549,68.5,-0.02631741762161255,2,lag_01__CT_place_UNDERA,CT_place_UNDERA,False,3.054957389831543,-0.0009031278314068913,-0.0027590170425190186
286549,68.5,-0.02631741762161255,3,lag_01__CT_place_EXTENDEDA,CT_place_EXTENDEDA,False,-5.6138224601745605,0.000490585109218955,-0.0027540577047605597
286549,68.5,-0.02631741762161255,4,lag_06__T4__duck_amount,T4__duck_amount,False,3.6976382732391357,-0.0006567080854438245,-0.002428268951082682
286549,68.5,-0.02631741762161255,5,lag_12__T5__duck_amount,T5__duck_amount,False,3.7970333099365234,0.0005918170209042728,0.0022471489417609236
286549,68.5,-0.02631741762161255,6,lag_12__T4__is_scoped,T4__is_scoped,False,-4.644811153411865,0.0004442513163667172,-0.0020634634691780313
286549,68.5,-0.02631741762161255,7,lag_00__CT_place_UNDERA,CT_place_UNDERA,False,-3.054957389831543,-0.0006618418265134096,0.0020218985788067467
286549,68.5,-0.02631741762161255,8,lag_03__T_place_SHORTSTAIRS,T_place_SHORTSTAIRS,False,4.202706813812256,0.00043433194514364004,0.001825369825311507
286549,68.5,-0.02631741762161255,9,lag_04__CT4__duck_amount,CT4__duck_amount,False,3.6725916862487793,-0.00045122753363102674,-0.0016571744886198503
286549,68.5,-0.02631741762161255,10,lag_11__T5__duck_amount,T5__duck_amount,False,-3.7970333099365234,-0.00042469444451853633,0.0016125789523818712
286549,68.5,-0.02631741762161255,11,lag_03__CT3__is_walking,CT3__is_walking,False,-2.387126922607422,0.0006463254103437066,-0.0015428607877967515
286549,68.5,-0.02631741762161255,12,lag_14__CT_A_site_active_infernos,CT_A_site_active_infernos,True,-3.5290780067443848,0.00039161994936876,-0.0013820573503196404
286549,68.5,-0.02631741762161255,13,lag_12__T2__is_walking,T2__is_walking,False,2.2968344688415527,-0.0005905634607188404,-0.001356426512617387
286549,68.5,-0.02631741762161255,14,lag_06__T4__is_walking,T4__is_walking,False,-2.307980537414551,0.0005145688774064183,-0.0011876149542132675
286549,68.5,-0.02631741762161255,15,lag_08__T4__duck_amount,T4__duck_amount,False,-3.6976382732391357,-0.00031692429911345243,0.0011718714181213896
286549,68.5,-0.02631741762161255,16,lag_10__T4__duck_amount,T4__duck_amount,False,3.6976382732391357,-0.0003053958935197443,-0.0011292435443686702
286549,68.5,-0.02631741762161255,17,lag_11__T2__is_walking,T2__is_walking,False,-2.2968344688415527,-0.00048056713421829045,0.0011037831584649743
286549,68.5,-0.02631741762161255,18,lag_12__CT3__is_walking,CT3__is_walking,False,2.387126922607422,-0.00046075513819232583,-0.0010998809951086042
286549,68.5,-0.02631741762161255,19,lag_14__CT5__is_scoped,CT5__is_scoped,False,3.5760385990142822,-0.0002901313127949834,-0.0010375207733375469
286549,68.5,-0.02631741762161255,20,lag_00__CT4__duck_amount,CT4__duck_amount,False,-0.9202225208282471,0.001109681325033307,-0.0010211537462381792
286901,74.0,-0.025547713041305542,1,lag_04__T_flashed_players,T_flashed_players,False,7.7184953689575195,0.0005418639630079269,0.004182374489081653
286901,74.0,-0.025547713041305542,2,lag_00__CT5__is_scoped,CT5__is_scoped,False,3.5760385990142822,0.0009010074427351356,0.0032220373932199953
286901,74.0,-0.025547713041305542,3,lag_04__T1__flash_duration,T1__flash_duration,True,6.399701118469238,-0.0004537056665867567,-0.002903580661911098
286901,74.0,-0.025547713041305542,4,lag_06__T4__duck_amount,T4__duck_amount,False,3.6976382732391357,-0.0006567080854438245,-0.002428268951082682
286901,74.0,-0.025547713041305542,5,lag_04__T1__duck_amount,T1__duck_amount,False,3.4849491119384766,-0.0006259491783566773,-0.0021814010332327216
286901,74.0,-0.025547713041305542,6,lag_00__CT_place_UNDERA,CT_place_UNDERA,False,-3.054957389831543,-0.0006618418265134096,0.0020218985788067467
286901,74.0,-0.025547713041305542,7,lag_02__T5__flash_duration,T5__flash_duration,True,4.7545976638793945,-0.00039199242019094527,-0.0018637662452982984
286901,74.0,-0.025547713041305542,8,lag_09__T5__duck_amount,T5__duck_amount,False,-2.541142225265503,0.0007256350945681334,-0.00184394197894161
286901,74.0,-0.025547713041305542,9,lag_04__T2__flash_duration,T2__flash_duration,True,8.038690567016602,-0.00018734182231128216,-0.0015059829398214042
286901,74.0,-0.025547713041305542,10,lag_01__CT_flashed_players,CT_flashed_players,False,-2.1899399757385254,0.0006684280233457685,-0.0014638172492287826
286901,74.0,-0.025547713041305542,11,lag_11__CT_place_EXTENDEDA,CT_place_EXTENDEDA,False,5.6138224601745605,-0.00025821549934335053,-0.0014495759697788907
286901,74.0,-0.025547713041305542,12,lag_10__CT5__is_scoped,CT5__is_scoped,False,-3.5760385990142822,0.0003877825220115483,-0.0013867252667364022
286901,74.0,-0.025547713041305542,13,lag_07__CT5__is_walking,CT5__is_walking,False,2.396676540374756,-0.0005758673651143909,-0.0013801678043370846
286901,74.0,-0.025547713041305542,14,lag_02__T2__flash_duration,T2__flash_duration,True,-2.021785259246826,0.000621056417003274,-0.0012556427090578692
286901,74.0,-0.025547713041305542,15,lag_04__T_flash_duration_sum,T_flash_duration_sum,True,8.21633529663086,-0.00014985840243753046,-0.0012312868814441935
286901,74.0,-0.025547713041305542,16,lag_06__T4__is_walking,T4__is_walking,False,-2.307980537414551,0.0005145688774064183,-0.0011876149542132675
286901,74.0,-0.025547713041305542,17,lag_00__CT_scoped_count,CT_scoped_count,False,2.141930103302002,0.0005396738997660577,0.0011559437718753063
286901,74.0,-0.025547713041305542,18,lag_00__CT_place_LONGA,CT_place_LONGA,False,2.67120623588562,0.0004009889089502394,0.0010711240741088507
286901,74.0,-0.025547713041305542,19,lag_13__T3__is_walking,T3__is_walking,False,2.3223767280578613,0.00045917637180536985,0.0010663805199548348
286901,74.0,-0.025547713041305542,20,lag_00__CT3__is_walking,CT3__is_walking,False,2.387126922607422,-0.000434746325481683,-0.0010377946580619746
282293,2.0,-0.025281310081481934,1,lag_00__CT_place_UNDERA,CT_place_UNDERA,False,6.1099138259887695,-0.0006618418265134096,-0.004043796526431942
282293,2.0,-0.025281310081481934,2,lag_01__CT_place_UNDERA,CT_place_UNDERA,False,3.054957389831543,-0.0009031278314068913,-0.0027590170425190186
282293,2.0,-0.025281310081481934,3,lag_00__CT_place_CTSPAWN,CT_place_CTSPAWN,False,-2.0815834999084473,0.0009184713126160204,-0.0019118747294807614
282293,2.0,-0.025281310081481934,4,lag_00__T3__is_walking,T3__is_walking,False,2.3223767280578613,-0.0005952675710432231,-0.001382435553958311
282293,2.0,-0.025281310081481934,5,lag_04__CT_money_sum,CT_money_sum,False,4.302239894866943,-0.0002810474834404886,-0.0012091336956096266
282293,2.0,-0.025281310081481934,6,lag_04__CT_start_balance_sum,CT_start_balance_sum,False,4.300045013427734,-0.00027925102040171623,-0.0012007919577730064
282293,2.0,-0.025281310081481934,7,lag_04__round_num,round_num,False,2.7023725509643555,-0.0004107317072339356,-0.0011099500914397153
282293,2.0,-0.025281310081481934,8,lag_04__CT_place_CTSPAWN,CT_place_CTSPAWN,False,4.78255033493042,-0.00022448929667007178,-0.0010736313609777462
282293,2.0,-0.025281310081481934,9,lag_04__money_diff,money_diff,False,3.2780861854553223,-0.00023248624347615987,-0.0007621099430476022
282293,2.0,-0.025281310081481934,10,lag_04__T_place_TSPAWN,T_place_TSPAWN,False,4.428390979766846,-0.00014148149057291448,-0.0006265353566570625
282293,2.0,-0.025281310081481934,11,lag_04__T_cash_spent_round_sum,T_cash_spent_round_sum,False,2.0052475929260254,-0.0002888512972276658,-0.0005792183684793367
282293,2.0,-0.025281310081481934,12,lag_04__CT3__molly,CT3__molly,True,1.958473563194275,0.00025595969054847956,0.0005012902871825847
282293,2.0,-0.025281310081481934,13,lag_04__T_walking_count,T_walking_count,False,-0.9998118877410889,0.0004959760117344558,-0.0004958827125665227
282293,2.0,-0.025281310081481934,14,lag_04__CT_velocity_mean,CT_velocity_mean,False,-1.694637656211853,0.00026396423345431685,-0.0004473237299047819
282293,2.0,-0.025281310081481934,15,lag_03__CT_velocity_mean,CT_velocity_mean,False,3.4858005046844482,0.00012656547187361866,0.00044118198573268527
282293,2.0,-0.025281310081481934,16,lag_04__CT_walking_count,CT_walking_count,False,-1.0355465412139893,-0.0004177647642791271,0.0004326148566903276
282293,2.0,-0.025281310081481934,17,lag_04__CT3__has_defuser,CT3__has_defuser,False,1.668580412864685,-0.00025360623840242624,-0.00042316240197858013
282293,2.0,-0.025281310081481934,18,lag_04__CT_mean_Y,CT_mean_Y,False,1.631522297859192,-0.00022308138431981206,-0.00036396225275506927
282293,2.0,-0.025281310081481934,19,lag_04__CT2__has_defuser,CT2__has_defuser,False,1.5125796794891357,-0.00022989578428678215,-0.0003477356917124044
282293,2.0,-0.025281310081481934,20,lag_04__T5__duck_amount,T5__duck_amount,False,-0.334852933883667,0.0010109859285876155,-0.0003385316043026665
286869,73.5,-0.025089800357818604,1,lag_09__CT_place_EXTENDEDA,CT_place_EXTENDEDA,False,-5.6138224601745605,0.0007748531061224639,-0.00434988777048631
286869,73.5,-0.025089800357818604,2,lag_03__T_flash_duration_sum,T_flash_duration_sum,True,8.21633529663086,-0.0003616742615122348,-0.0029716370007458748
286869,73.5,-0.025089800357818604,3,lag_03__T1__flash_duration,T1__flash_duration,True,6.399701118469238,-0.000443183263996616,-0.002836240430285991
286869,73.5,-0.025089800357818604,4,lag_15__T4__duck_amount,T4__duck_amount,False,-3.6976382732391357,0.0006193987792357802,-0.002290312632499819
286869,73.5,-0.025089800357818604,5,lag_02__CT_place_BDOORS,CT_place_BDOORS,False,4.810472011566162,0.0004394810530357063,0.002114111305241889
286869,73.5,-0.025089800357818604,6,lag_09__T_place_SHORTSTAIRS,T_place_SHORTSTAIRS,False,4.202706813812256,-0.0004627402813639492,-0.0019447617335136697
286869,73.5,-0.025089800357818604,7,lag_09__T5__duck_amount,T5__duck_amount,False,2.541142225265503,0.0007256350945681334,0.00184394197894161
286869,73.5,-0.025089800357818604,8,lag_03__T_place_SHORTSTAIRS,T_place_SHORTSTAIRS,False,4.202706336975098,0.00043433194514364004,0.0018253696182058965
286869,73.5,-0.025089800357818604,9,lag_08__T2__is_walking,T2__is_walking,False,-2.2968344688415527,0.0007642210694029927,-0.0017552892940197462
286869,73.5,-0.025089800357818604,10,lag_03__T_flashed_players,T_flashed_players,False,7.7184953689575195,-0.00021023031149525195,-0.001622661685690599
286869,73.5,-0.025089800357818604,11,lag_09__CT5__is_scoped,CT5__is_scoped,False,-3.5760385990142822,0.0004505130054894835,-0.0016110518969883261
286869,73.5,-0.025089800357818604,12,lag_11__CT_place_EXTENDEDA,CT_place_EXTENDEDA,False,-5.6138224601745605,-0.00025821549934335053,0.0014495759697788907
286869,73.5,-0.025089800357818604,13,lag_12__T2__is_walking,T2__is_walking,False,2.2968344688415527,-0.0005905634607188404,-0.001356426512617387
286869,73.5,-0.025089800357818604,14,lag_01__T4__duck_amount,T4__duck_amount,False,-3.6976382732391357,0.00031122477957978845,-0.0011507966565546396
286869,73.5,-0.025089800357818604,15,lag_12__T3__is_walking,T3__is_walking,False,2.3223767280578613,0.0004784365592058748,0.0011111099309518008
286869,73.5,-0.025089800357818604,16,lag_12__CT3__is_walking,CT3__is_walking,False,2.387126922607422,-0.00046075513819232583,-0.0010998809951086042
286869,73.5,-0.025089800357818604,17,lag_00__CT4__is_walking,CT4__is_walking,False,2.384641170501709,-0.0004602376720868051,-0.0010975017010740606
286869,73.5,-0.025089800357818604,18,lag_13__T3__is_walking,T3__is_walking,False,-2.3223767280578613,0.00045917637180536985,-0.0010663805199548348
286869,73.5,-0.025089800357818604,19,lag_05__T4__duck_amount,T4__duck_amount,False,3.6976382732391357,0.0002696894807741046,0.0009972141460003192
286869,73.5,-0.025089800357818604,20,lag_10__CT2__is_walking,CT2__is_walking,False,2.360051155090332,0.00041542656254023314,0.0009804279387782833
286453,67.0,0.024511992931365967,1,lag_09__CT_place_EXTENDEDA,CT_place_EXTENDEDA,False,5.6138224601745605,0.0007748531061224639,0.00434988777048631
286453,67.0,0.024511992931365967,2,lag_00__T_place_SHORTSTAIRS,T_place_SHORTSTAIRS,False,4.202706813812256,0.0007216664380393922,0.003032952456447774
286453,67.0,0.024511992931365967,3,lag_09__T5__duck_amount,T5__duck_amount,False,3.7970333099365234,0.0007256350945681334,0.0027552606249341416
286453,67.0,0.024511992931365967,4,lag_05__T1__duck_amount,T1__duck_amount,False,-3.915480136871338,-0.0006553102284669876,0.0025658541830511084
286453,67.0,0.024511992931365967,5,lag_11__CT5__is_walking,CT5__is_walking,False,-2.396676540374756,0.0007649292820133269,-0.0018332880652470462
286453,67.0,0.024511992931365967,6,lag_11__T4__duck_amount,T4__duck_amount,False,-3.6976382732391357,0.00047953365719877183,-0.0017731420041645143
286453,67.0,0.024511992931365967,7,lag_08__T2__is_walking,T2__is_walking,False,-2.2968344688415527,0.0007642210694029927,-0.0017552892940197462
286453,67.0,0.024511992931365967,8,lag_11__T_place_LOWERTUNNEL,T_place_LOWERTUNNEL,False,-4.32400369644165,-0.00038801980554126203,0.0016777990734529874
286453,67.0,0.024511992931365967,9,lag_09__T4__is_scoped,T4__is_scoped,False,-4.644811153411865,-0.0003331555053591728,0.0015474444071128524
286453,67.0,0.024511992931365967,10,lag_11__CT5__is_scoped,CT5__is_scoped,False,3.5760385990142822,0.0004088018322363496,0.0014618911314249472
286453,67.0,0.024511992931365967,11,lag_11__CT_active_infernos,CT_active_infernos,True,-2.30427622795105,-0.0006114743882790208,0.0014090058969122576
286453,67.0,0.024511992931365967,12,lag_00__T3__is_walking,T3__is_walking,False,-2.3223767280578613,-0.0005952675710432231,0.001382435553958311
286453,67.0,0.024511992931365967,13,lag_08__T5__duck_amount,T5__duck_amount,False,-3.7970333099365234,0.00034443146432749927,-0.0013078177430417282
286453,67.0,0.024511992931365967,14,lag_11__CT_A_site_active_infernos,CT_A_site_active_infernos,True,-3.5290780067443848,-0.00030809579766355455,0.0010872941035048184
286453,67.0,0.024511992931365967,15,lag_12__CT2__is_walking,CT2__is_walking,False,-2.360051155090332,0.0004432745336089283,-0.0010461505750658795
286453,67.0,0.024511992931365967,16,lag_00__CT3__is_walking,CT3__is_walking,False,-2.387126922607422,-0.000434746325481683,0.0010377946580619746
286453,67.0,0.024511992931365967,17,lag_05__CT3__is_walking,CT3__is_walking,False,2.387126922607422,-0.0004328789364080876,-0.001033336963329412
286453,67.0,0.024511992931365967,18,lag_05__T4__duck_amount,T4__duck_amount,False,-3.6976382732391357,0.0002696894807741046,-0.0009972141460003192
286453,67.0,0.024511992931365967,19,lag_03__T4__duck_amount,T4__duck_amount,False,3.6976382732391357,0.00022801019076723605,0.0008430992080694887
286453,67.0,0.024511992931365967,20,lag_09__T2__is_walking,T2__is_walking,False,2.2968344688415527,0.00036144626210443676,0.0008301822334354086
287285,80.0,-0.024433821439743042,1,lag_02__T_place_EXTENDEDA,T_place_EXTENDEDA,False,4.957779884338379,-0.0014909912133589387,-0.007392006245316218
287285,80.0,-0.024433821439743042,2,lag_14__T4__flash_duration,T4__flash_duration,True,4.319518089294434,0.0014868791913613677,0.0064226015636809075
287285,80.0,-0.024433821439743042,3,lag_15__CT_place_BDOORS,CT_place_BDOORS,False,4.810472011566162,0.0010155809577554464,0.004885423772762132
287285,80.0,-0.024433821439743042,4,lag_02__T_place_SHORTSTAIRS,T_place_SHORTSTAIRS,False,-4.202706813812256,0.0009662153315730393,-0.00406071975761188
287285,80.0,-0.024433821439743042,5,lag_02__T2__flash_duration,T2__flash_duration,True,-6.016905307769775,0.000621056417003274,-0.003736837651891478
287285,80.0,-0.024433821439743042,6,lag_00__T5__flash_duration,T5__flash_duration,True,-7.5368523597717285,0.00046801220742054284,-0.003527338909899494
287285,80.0,-0.024433821439743042,7,lag_05__T_place_EXTENDEDA,T_place_EXTENDEDA,False,4.957779407501221,-0.0005848931614309549,-0.0028997712713306756
287285,80.0,-0.024433821439743042,8,lag_04__T_place_EXTENDEDA,T_place_EXTENDEDA,False,4.957779407501221,-0.0005447851726785302,-0.0027009247106176137
287285,80.0,-0.024433821439743042,9,lag_09__CT_place_BDOORS,CT_place_BDOORS,False,4.810471534729004,0.0004229834012221545,0.0020347496112420316
287285,80.0,-0.024433821439743042,10,lag_09__T4__duck_amount,T4__duck_amount,False,-3.6976382732391357,-0.0005335460882633924,0.001972860436499746
287285,80.0,-0.024433821439743042,11,lag_14__T5__flash_duration,T5__flash_duration,True,4.7545976638793945,0.00036293116863816977,0.0017255916865560605
287285,80.0,-0.024433821439743042,12,lag_12__CT_place_LONGA,CT_place_LONGA,False,2.67120623588562,-0.0006025559268891811,-0.0016095511493762205
287285,80.0,-0.024433821439743042,13,lag_03__CT3__is_walking,CT3__is_walking,False,-2.387126922607422,0.0006463254103437066,-0.0015428607877967515
287285,80.0,-0.024433821439743042,14,lag_00__T_flash_duration_sum,T_flash_duration_sum,True,-3.0613853931427,0.0004879351472482085,-0.0014937575325865982
287285,80.0,-0.024433821439743042,15,lag_15__CT5__duck_amount,CT5__duck_amount,False,3.7749595642089844,0.0003676873166114092,0.001388004752480576
287285,80.0,-0.024433821439743042,16,lag_10__CT5__is_scoped,CT5__is_scoped,False,-3.5760385990142822,0.0003877825220115483,-0.0013867252667364022
287285,80.0,-0.024433821439743042,17,lag_07__CT5__is_walking,CT5__is_walking,False,-2.396676540374756,-0.0005758673651143909,0.0013801678043370846
287285,80.0,-0.024433821439743042,18,lag_14__T2__flash_duration,T2__flash_duration,True,-2.021785259246826,-0.0006087218062020838,0.0012307047747614763
287285,80.0,-0.024433821439743042,19,lag_07__T_place_LOWERTUNNEL,T_place_LOWERTUNNEL,False,4.32400369644165,-0.00027643091743811965,-0.001195288308813186
287285,80.0,-0.024433821439743042,20,lag_02__T2__duck_amount,T2__duck_amount,False,-2.4834837913513184,0.0004555195046123117,-0.0011312753063490583
285813,57.0,0.024116098880767822,1,lag_15__T_place_TUNNELSTAIRS,T_place_TUNNELSTAIRS,False,6.981647968292236,0.0004953770549036562,0.0034585482089067032
285813,57.0,0.024116098880767822,2,lag_00__T_place_SHORTSTAIRS,T_place_SHORTSTAIRS,False,4.2027058601379395,0.0007216664380393922,0.003032951768213027
285813,57.0,0.024116098880767822,3,lag_06__T_place_TUNNELSTAIRS,T_place_TUNNELSTAIRS,False,-6.981647968292236,-0.00036679967888630927,0.0025608662328668458
285813,57.0,0.024116098880767822,4,lag_00__CT_place_BDOORS,CT_place_BDOORS,False,-4.810472011566162,-0.00035675306571647525,0.001716150637669528
285813,57.0,0.024116098880767822,5,lag_11__T4__duck_amount,T4__duck_amount,False,-3.3165946006774902,0.00047953365719877183,-0.0015904187383085772
285813,57.0,0.024116098880767822,6,lag_10__CT5__is_scoped,CT5__is_scoped,False,-3.5760385990142822,0.0003877825220115483,-0.0013867252667364022
285813,57.0,0.024116098880767822,7,lag_12__T2__is_walking,T2__is_walking,False,2.2968344688415527,-0.0005905634607188404,-0.001356426512617387
285813,57.0,0.024116098880767822,8,lag_12__T1__is_walking,T1__is_walking,False,-2.281590461730957,0.0005943257710896432,-0.0013560080104790262
285813,57.0,0.024116098880767822,9,lag_11__CT4__is_walking,CT4__is_walking,False,2.384641170501709,0.0005132672376930714,0.0012239581864725846
285813,57.0,0.024116098880767822,10,lag_04__T1__is_walking,T1__is_walking,False,2.281590461730957,0.0005284955259412527,0.0012058103510550477
285813,57.0,0.024116098880767822,11,lag_00__T2__is_walking,T2__is_walking,False,2.2968344688415527,0.0005204839399084449,0.0011954654536601717
285813,57.0,0.024116098880767822,12,lag_12__T3__is_walking,T3__is_walking,False,2.3223767280578613,0.0004784365592058748,0.0011111099309518008
285813,57.0,0.024116098880767822,13,lag_15__T_place_UPPERTUNNEL,T_place_UPPERTUNNEL,False,-2.299117088317871,-0.00047937475028447807,0.0011021386800871558
285813,57.0,0.024116098880767822,14,lag_10__T4__duck_amount,T4__duck_amount,False,3.3165946006774902,-0.0003053958935197443,-0.0010128743715166616
285813,57.0,0.024116098880767822,15,lag_03__T2__is_walking,T2__is_walking,False,2.2968344688415527,-0.00040741125121712685,-0.0009357562047893619
285813,57.0,0.024116098880767822,16,lag_11__T1__is_walking,T1__is_walking,False,2.281590461730957,0.00038013741141185164,0.0008673178920243774
285813,57.0,0.024116098880767822,17,lag_13__CT4__is_walking,CT4__is_walking,False,-2.384641170501709,-0.00032909479341469705,0.0007847729933744413
285813,57.0,0.024116098880767822,18,lag_02__CT5__is_walking,CT5__is_walking,False,-2.396676540374756,0.0003190442221239209,-0.0007646458025065139
285813,57.0,0.024116098880767822,19,lag_02__CT_A_site_active_infernos,CT_A_site_active_infernos,True,3.5290780067443848,0.00021388613095041364,0.0007548208406847542
285813,57.0,0.024116098880767822,20,lag_07__CT3__is_walking,CT3__is_walking,False,-2.387126922607422,0.000310119881760329,-0.0007402955189859117
283861,26.5,0.023569375276565552,1,lag_10__CT2__flash_duration,CT2__flash_duration,True,-8.07532024383545,-0.0005117328255437315,0.004132406445548409
283861,26.5,0.023569375276565552,2,lag_06__T_shots_fired_sum,T_shots_fired_sum,False,-10.496318817138672,-0.0003248683060519397,0.00340992131390494
283861,26.5,0.023569375276565552,3,lag_06__T3__shots_fired,T3__shots_fired,False,-8.477989196777344,-0.0002784333482850343,0.0023605549187830643
283861,26.5,0.023569375276565552,4,lag_03__T_shots_fired_sum,T_shots_fired_sum,False,-4.498422145843506,-0.0004776092537213117,0.0021484880439997384
283861,26.5,0.023569375276565552,5,lag_11__T4__is_scoped,T4__is_scoped,False,-4.644811153411865,0.0003981733461841941,-0.0018494399993476685
283861,26.5,0.023569375276565552,6,lag_06__T2__is_walking,T2__is_walking,False,2.2968344688415527,0.000674963986966759,0.0015502805504919726
283861,26.5,0.023569375276565552,7,lag_00__T3__is_walking,T3__is_walking,False,-2.3223767280578613,-0.0005952675710432231,0.001382435553958311
283861,26.5,0.023569375276565552,8,lag_12__T2__is_walking,T2__is_walking,False,2.2968344688415527,-0.0005905634607188404,-0.001356426512617387
283861,26.5,0.023569375276565552,9,lag_10__CT_flash_duration_sum,CT_flash_duration_sum,True,-3.6664235591888428,-0.00034912556293420494,0.001280042189057036
283861,26.5,0.023569375276565552,10,lag_02__CT2__is_walking,CT2__is_walking,False,2.360051155090332,0.000537299201823771,0.0012680536018933042
283861,26.5,0.023569375276565552,11,lag_06__T4__is_walking,T4__is_walking,False,-2.307980537414551,0.0005145688774064183,-0.0011876149542132675
283861,26.5,0.023569375276565552,12,lag_12__CT5__is_walking,CT5__is_walking,False,-2.396676540374756,0.0004820985486730933,-0.0011554342817535201
283861,26.5,0.023569375276565552,13,lag_12__CT3__is_walking,CT3__is_walking,False,-2.387126922607422,-0.00046075513819232583,0.0010998809951086042
283861,26.5,0.023569375276565552,14,lag_05__CT3__is_walking,CT3__is_walking,False,-2.387126922607422,-0.0004328789364080876,0.001033336963329412
283861,26.5,0.023569375276565552,15,lag_08__T_shots_fired_sum,T_shots_fired_sum,False,3.748685359954834,-0.00024086161283776164,-0.0009029144018200264
283861,26.5,0.023569375276565552,16,lag_03__T3__shots_fired,T3__shots_fired,False,-3.6334238052368164,-0.00024818434030748904,0.0009017588901602258
283861,26.5,0.023569375276565552,17,lag_05__T3__is_walking,T3__is_walking,False,2.3223767280578613,0.00037997859180904925,0.0008824534387775335
283861,26.5,0.023569375276565552,18,lag_02__T3__is_walking,T3__is_walking,False,2.3223767280578613,-0.00037754722870886326,-0.0008768068976962029
283861,26.5,0.023569375276565552,19,lag_15__T5__is_walking,T5__is_walking,False,2.3193888664245605,0.0003771537740249187,0.000874766264403401
283861,26.5,0.023569375276565552,20,lag_11__T1__is_walking,T1__is_walking,False,-2.281590461730957,0.00038013741141185164,-0.0008673178920243774
283637,23.0,-0.022524595260620117,1,lag_03__CT2__flash_duration,CT2__flash_duration,True,-8.07532024383545,-0.0007721625152043998,0.006235459590560988
283637,23.0,-0.022524595260620117,2,lag_00__T_shots_fired_sum,T_shots_fired_sum,False,3.748684883117676,-0.0014292533742263913,-0.0053578205181074035
283637,23.0,-0.022524595260620117,3,lag_15__T4__is_scoped,T4__is_scoped,False,4.644811153411865,-0.000439187278971076,-0.002039941971801462
283637,23.0,-0.022524595260620117,4,lag_13__CT_place_LONGA,CT_place_LONGA,False,2.67120623588562,-0.0007634808425791562,-0.0020394147876766494
283637,23.0,-0.022524595260620117,5,lag_11__CT5__is_walking,CT5__is_walking,False,-2.396676540374756,0.0007649292820133269,-0.0018332880652470462
283637,23.0,-0.022524595260620117,6,lag_13__T_shots_fired_sum,T_shots_fired_sum,False,-7.49737024307251,0.00024284124083351344,-0.0018206706928159885
283637,23.0,-0.022524595260620117,7,lag_11__T4__duck_amount,T4__duck_amount,False,-3.6976382732391357,0.00047953365719877183,-0.0017731420041645143
283637,23.0,-0.022524595260620117,8,lag_02__T_shots_fired_sum,T_shots_fired_sum,False,2.998948335647583,-0.0005697038141079247,-0.0017085123051310408
283637,23.0,-0.022524595260620117,9,lag_00__T3__shots_fired,T3__shots_fired,False,3.027853488922119,-0.0005547230830416083,-0.0016796202223731682
283637,23.0,-0.022524595260620117,10,lag_04__CT4__duck_amount,CT4__duck_amount,False,3.6725916862487793,-0.00045122753363102674,-0.0016571744886198503
283637,23.0,-0.022524595260620117,11,lag_15__CT_place_LONGA,CT_place_LONGA,False,-2.67120623588562,-0.0006170849082991481,0.0016483610551195904
283637,23.0,-0.022524595260620117,12,lag_06__T2__is_walking,T2__is_walking,False,-2.2968344688415527,0.000674963986966759,-0.0015502805504919726
283637,23.0,-0.022524595260620117,13,lag_03__CT3__is_walking,CT3__is_walking,False,-2.387126922607422,0.0006463254103437066,-0.0015428607877967515
283637,23.0,-0.022524595260620117,14,lag_04__CT3__is_walking,CT3__is_walking,False,2.387126922607422,-0.0005710183177143335,-0.001363093199517884
283637,23.0,-0.022524595260620117,15,lag_12__T2__is_walking,T2__is_walking,False,-2.2968344688415527,-0.0005905634607188404,0.001356426512617387
283637,23.0,-0.022524595260620117,16,lag_04__T1__is_walking,T1__is_walking,False,-2.281590461730957,0.0005284955259412527,-0.0012058103510550477
283637,23.0,-0.022524595260620117,17,lag_12__CT5__is_walking,CT5__is_walking,False,2.396676540374756,0.0004820985486730933,0.0011554342817535201
283637,23.0,-0.022524595260620117,18,lag_11__T2__is_walking,T2__is_walking,False,2.2968344688415527,-0.00048056713421829045,-0.0011037831584649743
283637,23.0,-0.022524595260620117,19,lag_15__CT5__is_scoped,CT5__is_scoped,False,3.5760385990142822,0.00030525229522027075,0.001091593990145391
283637,23.0,-0.022524595260620117,20,lag_05__CT3__is_walking,CT3__is_walking,False,-2.387126922607422,-0.0004328789364080876,0.001033336963329412
288053,92.0,-0.022273197770118713,1,lag_07__CT4__flash_duration,CT4__flash_duration,True,6.394191265106201,-0.0006768053863197565,-0.004327623089382615
288053,92.0,-0.022273197770118713,2,lag_08__T_place_EXTENDEDA,T_place_EXTENDEDA,False,-9.915559768676758,-0.00035777021548710763,0.0035474919551147788
288053,92.0,-0.022273197770118713,3,lag_07__T2__flash_duration,T2__flash_duration,True,-4.284423828125,-0.0007842032355256379,0.0033598590283787644
288053,92.0,-0.022273197770118713,4,lag_01__T_place_EXTENDEDA,T_place_EXTENDEDA,False,-4.957779407501221,-0.0005050901672802866,0.0025041256302735515
288053,92.0,-0.022273197770118713,5,lag_10__T_place_EXTENDEDA,T_place_EXTENDEDA,False,4.957779884338379,-0.00046461186138913035,-0.0023034433404200416
288053,92.0,-0.022273197770118713,6,lag_07__CT_flash_duration_sum,CT_flash_duration_sum,True,2.8597118854522705,-0.0006675005424767733,-0.0019088592348666666
288053,92.0,-0.022273197770118713,7,lag_11__T4__is_scoped,T4__is_scoped,False,-4.644811153411865,0.0003981733461841941,-0.0018494399993476685
288053,92.0,-0.022273197770118713,8,lag_08__CT_place_MIDDOORS,CT_place_MIDDOORS,False,-2.8863234519958496,0.000601606850977987,-0.0017364319628591363
288053,92.0,-0.022273197770118713,9,lag_07__CT_flashed_players,CT_flashed_players,False,2.1899399757385254,-0.0007714261882938445,-0.0016893770480762849
288053,92.0,-0.022273197770118713,10,lag_08__T_place_SHORTSTAIRS,T_place_SHORTSTAIRS,False,4.2027058601379395,0.0003702975809574127,0.0015562518134846215
288053,92.0,-0.022273197770118713,11,lag_07__T_flashed_players,T_flashed_players,False,3.8592472076416016,-0.00038712588138878345,-0.0014940144767554564
288053,92.0,-0.022273197770118713,12,lag_11__T5__duck_amount,T5__duck_amount,False,3.4930522441864014,-0.00042469444451853633,-0.0014834798825189704
288053,92.0,-0.022273197770118713,13,lag_11__CT5__is_scoped,CT5__is_scoped,False,-3.5760385990142822,0.0004088018322363496,-0.0014618911314249472
288053,92.0,-0.022273197770118713,14,lag_12__T2__is_walking,T2__is_walking,False,-2.2968344688415527,-0.0005905634607188404,0.001356426512617387
288053,92.0,-0.022273197770118713,15,lag_12__CT4__duck_amount,CT4__duck_amount,False,3.6725916862487793,-0.00034434933331795037,-0.0012646544987088143
288053,92.0,-0.022273197770118713,16,lag_06__T4__is_walking,T4__is_walking,False,2.307980537414551,0.0005145688774064183,0.0011876149542132675
288053,92.0,-0.022273197770118713,17,lag_01__T_damage_last_5s,T_damage_last_5s,False,-1.5106167793273926,-0.0007531409501098096,0.001137707356434453
288053,92.0,-0.022273197770118713,18,lag_10__T5__duck_amount,T5__duck_amount,False,-3.4930522441864014,0.00031917812884785235,-0.001114905879267207
288053,92.0,-0.022273197770118713,19,lag_12__CT3__is_walking,CT3__is_walking,False,2.387126922607422,-0.00046075513819232583,-0.0010998809951086042
288053,92.0,-0.022273197770118713,20,lag_15__CT5__is_scoped,CT5__is_scoped,False,-3.5760385990142822,0.00030525229522027075,-0.001091593990145391
283829,26.0,0.022185981273651123,1,lag_09__CT2__flash_duration,CT2__flash_duration,True,-8.07532024383545,-0.00044343434274196625,0.003580874324756067
283829,26.0,0.022185981273651123,2,lag_05__T_shots_fired_sum,T_shots_fired_sum,False,-10.496318817138672,-0.00031963145011104643,0.0033549536043498973
283829,26.0,0.022185981273651123,3,lag_02__T_shots_fired_sum,T_shots_fired_sum,False,-4.498422145843506,-0.0005697038141079247,0.0025627682539546004
283829,26.0,0.022185981273651123,4,lag_09__CT_flash_duration_sum,CT_flash_duration_sum,True,-3.6664235591888428,-0.0005110499332658947,0.001873725515247962
283829,26.0,0.022185981273651123,5,lag_11__CT5__is_walking,CT5__is_walking,False,-2.396676540374756,0.0007649292820133269,-0.0018332880652470462
283829,26.0,0.022185981273651123,6,lag_03__T_shots_fired_sum,T_shots_fired_sum,False,3.748685359954834,-0.0004776092537213117,-0.001790406817204035
283829,26.0,0.022185981273651123,7,lag_08__T2__is_walking,T2__is_walking,False,-2.2968344688415527,0.0007642210694029927,-0.0017552892940197462
283829,26.0,0.022185981273651123,8,lag_11__CT5__is_scoped,CT5__is_scoped,False,3.5760385990142822,0.0004088018322363496,0.0014618911314249472
283829,26.0,0.022185981273651123,9,lag_04__CT3__is_walking,CT3__is_walking,False,-2.387126922607422,-0.0005710183177143335,0.001363093199517884
283829,26.0,0.022185981273651123,10,lag_12__T2__is_walking,T2__is_walking,False,-2.2968344688415527,-0.0005905634607188404,0.001356426512617387
283829,26.0,0.022185981273651123,11,lag_05__T3__shots_fired,T3__shots_fired,False,-8.477989196777344,-0.00014951673801988363,0.0012676012896699618
283829,26.0,0.022185981273651123,12,lag_10__T4__is_scoped,T4__is_scoped,False,-4.644811153411865,0.00026905551203526556,-0.0012497120431883418
283829,26.0,0.022185981273651123,13,lag_09__CT_flashed_players,CT_flashed_players,False,-2.1899399757385254,-0.0005664190975949168,0.0012404238248448496
283829,26.0,0.022185981273651123,14,lag_11__CT5__duck_amount,CT5__duck_amount,False,2.999774932861328,0.00040931024705059826,0.001227838618865662
283829,26.0,0.022185981273651123,15,lag_06__T_shots_fired_sum,T_shots_fired_sum,False,3.748684883117676,-0.0003248683060519397,-0.001217828907900953
283829,26.0,0.022185981273651123,16,lag_06__T4__is_walking,T4__is_walking,False,2.307980537414551,0.0005145688774064183,0.0011876149542132675
283829,26.0,0.022185981273651123,17,lag_11__T2__is_walking,T2__is_walking,False,2.2968344688415527,-0.00048056713421829045,-0.0011037831584649743
283829,26.0,0.022185981273651123,18,lag_12__CT3__is_walking,CT3__is_walking,False,2.387126922607422,-0.00046075513819232583,-0.0010998809951086042
283829,26.0,0.022185981273651123,19,lag_11__CT_walking_count,CT_walking_count,False,-1.7948951721191406,0.0005954737425781786,-0.0010688129456772888
283829,26.0,0.022185981273651123,20,lag_05__CT3__is_walking,CT3__is_walking,False,2.387126922607422,-0.0004328789364080876,-0.001033336963329412
283605,22.5,0.022179782390594482,1,lag_02__CT2__flash_duration,CT2__flash_duration,True,-8.07532024383545,-0.0011775253806263208,0.009508894543801771
283605,22.5,0.022179782390594482,2,lag_00__T_shots_fired_sum,T_shots_fired_sum,False,3.748685359954834,-0.0014292533742263913,-0.005357821199628521
283605,22.5,0.022179782390594482,3,lag_04__CT5__is_scoped,CT5__is_scoped,False,3.5760385990142822,0.0005739782354794443,0.0020525683250686017
283605,22.5,0.022179782390594482,4,lag_02__CT4__duck_amount,CT4__duck_amount,False,-3.6725916862487793,0.0005105601740069687,-0.0018750790503877235
283605,22.5,0.022179782390594482,5,lag_11__CT5__is_walking,CT5__is_walking,False,2.396676540374756,0.0007649292820133269,0.0018332880652470462
283605,22.5,0.022179782390594482,6,lag_00__T3__shots_fired,T3__shots_fired,False,3.027853012084961,-0.0005547230830416083,-0.0016796199578605897
283605,22.5,0.022179782390594482,7,lag_12__CT_place_LONGA,CT_place_LONGA,False,2.67120623588562,-0.0006025559268891811,-0.0016095511493762205
283605,22.5,0.022179782390594482,8,lag_06__T2__is_walking,T2__is_walking,False,2.2968344688415527,0.000674963986966759,0.0015502805504919726
283605,22.5,0.022179782390594482,9,lag_03__CT3__is_walking,CT3__is_walking,False,2.387126922607422,0.0006463254103437066,0.0015428607877967515
283605,22.5,0.022179782390594482,10,lag_02__CT_flash_duration_sum,CT_flash_duration_sum,True,-3.6664235591888428,-0.00041930170846171677,0.0015373376623121701
283605,22.5,0.022179782390594482,11,lag_15__CT_B_site_active_infernos,CT_B_site_active_infernos,True,-3.435478687286377,-0.0004294572281651199,0.0014753911544623521
283605,22.5,0.022179782390594482,12,lag_14__CT_place_LONGA,CT_place_LONGA,False,-2.67120623588562,-0.000521466601639986,0.0013929448381068132
283605,22.5,0.022179782390594482,13,lag_07__CT5__is_walking,CT5__is_walking,False,2.396676540374756,-0.0005758673651143909,-0.0013801678043370846
283605,22.5,0.022179782390594482,14,lag_04__CT3__is_walking,CT3__is_walking,False,-2.387126922607422,-0.0005710183177143335,0.001363093199517884
283605,22.5,0.022179782390594482,15,lag_00__CT3__molly,CT3__molly,True,2.4690752029418945,0.0005038033705204725,0.0012439284093106462
283605,22.5,0.022179782390594482,16,lag_10__T4__duck_amount,T4__duck_amount,False,-3.6976382732391357,-0.0003053958935197443,0.0011292435443686702
283605,22.5,0.022179782390594482,17,lag_11__T2__is_walking,T2__is_walking,False,-2.2968344688415527,-0.00048056713421829045,0.0011037831584649743
283605,22.5,0.022179782390594482,18,lag_00__CT3__is_walking,CT3__is_walking,False,-2.387126922607422,-0.000434746325481683,0.0010377946580619746
283605,22.5,0.022179782390594482,19,lag_14__CT5__is_scoped,CT5__is_scoped,False,3.5760385990142822,-0.0002901313127949834,-0.0010375207733375469
283605,22.5,0.022179782390594482,20,lag_05__CT3__is_walking,CT3__is_walking,False,2.387126922607422,-0.0004328789364080876,-0.001033336963329412
286997,75.5,-0.021698296070098877,1,lag_07__T2__flash_duration,T2__flash_duration,True,8.038690567016602,-0.0007842032355256379,-0.006303967152043843
286997,75.5,-0.021698296070098877,2,lag_07__T_flashed_players,T_flashed_players,False,7.7184953689575195,-0.00038712588138878345,-0.002988029322702923
286997,75.5,-0.021698296070098877,3,lag_05__T1__duck_amount,T1__duck_amount,False,-3.915480136871338,-0.0006553102284669876,0.0025658541830511084
286997,75.5,-0.021698296070098877,4,lag_01__CT5__is_scoped,CT5__is_scoped,False,-3.5760385990142822,-0.0005798270576633513,0.002073483938957024
286997,75.5,-0.021698296070098877,5,lag_09__T4__duck_amount,T4__duck_amount,False,3.6976382732391357,-0.0005335460882633924,-0.001972860436499746
286997,75.5,-0.021698296070098877,6,lag_07__T1__duck_amount,T1__duck_amount,False,3.4849491119384766,-0.0005426298594102263,-0.0018910374466629687
286997,75.5,-0.021698296070098877,7,lag_07__T_flash_duration_sum,T_flash_duration_sum,True,8.21633529663086,-0.00022584135876968503,-0.0018555883274984364
286997,75.5,-0.021698296070098877,8,lag_00__CT_place_BDOORS,CT_place_BDOORS,False,4.810471534729004,-0.00035675306571647525,-0.0017161504675564099
286997,75.5,-0.021698296070098877,9,lag_07__CT_flashed_players,CT_flashed_players,False,2.1899399757385254,-0.0007714261882938445,-0.0016893770480762849
286997,75.5,-0.021698296070098877,10,lag_15__CT_place_EXTENDEDA,CT_place_EXTENDEDA,False,-5.6138224601745605,-0.00029183964943513274,0.0016383359787684182
286997,75.5,-0.021698296070098877,11,lag_06__CT_place_BDOORS,CT_place_BDOORS,False,4.810472011566162,-0.00033584251650609076,-0.0016155610259464964
286997,75.5,-0.021698296070098877,12,lag_08__T_place_SHORTSTAIRS,T_place_SHORTSTAIRS,False,4.202706336975098,0.0003702975809574127,0.0015562519900562677
286997,75.5,-0.021698296070098877,13,lag_03__CT3__is_walking,CT3__is_walking,False,2.387126922607422,0.0006463254103437066,0.0015428607877967515
286997,75.5,-0.021698296070098877,14,lag_03__CT_place_UNDERA,CT_place_UNDERA,False,-3.054957389831543,-0.0005000540404580534,0.0015276437862124514
286997,75.5,-0.021698296070098877,15,lag_12__T5__duck_amount,T5__duck_amount,False,-2.541142225265503,0.0005918170209042728,-0.0015038912214506844
286997,75.5,-0.021698296070098877,16,lag_14__CT_place_EXTENDEDA,CT_place_EXTENDEDA,False,5.6138224601745605,-0.0002465604629833251,-0.001384146664886829
286997,75.5,-0.021698296070098877,17,lag_12__T2__is_walking,T2__is_walking,False,-2.2968344688415527,-0.0005905634607188404,0.001356426512617387
286997,75.5,-0.021698296070098877,18,lag_12__T1__is_walking,T1__is_walking,False,-2.281590461730957,0.0005943257710896432,-0.0013560080104790262
286997,75.5,-0.021698296070098877,19,lag_03__CT_place_LONGA,CT_place_LONGA,False,2.67120623588562,0.0005015977076254785,0.0013398709245151103
286997,75.5,-0.021698296070098877,20,lag_00__T2__is_walking,T2__is_walking,False,-2.2968344688415527,0.0005204839399084449,-0.0011954654536601717
284373,34.5,0.02163684368133545,1,lag_00__T_place_TUNNELSTAIRS,T_place_TUNNELSTAIRS,False,-6.981647968292236,0.0010564378462731838,-0.0073756771430602
284373,34.5,0.02163684368133545,2,lag_07__CT_place_ARAMP,CT_place_ARAMP,False,6.229295253753662,0.000711088243406266,0.0044295786196506814
284373,34.5,0.02163684368133545,3,lag_03__CT_place_ARAMP,CT_place_ARAMP,False,-6.229295253753662,-0.0005057905800640583,0.00315071885978635
284373,34.5,0.02163684368133545,4,lag_03__CT3__is_walking,CT3__is_walking,False,2.387126922607422,0.0006463254103437066,0.0015428607877967515
284373,34.5,0.02163684368133545,5,lag_15__CT5__duck_amount,CT5__duck_amount,False,3.7749595642089844,0.0003676873166114092,0.001388004752480576
284373,34.5,0.02163684368133545,6,lag_00__T3__is_walking,T3__is_walking,False,-2.3223767280578613,-0.0005952675710432231,0.001382435553958311
284373,34.5,0.02163684368133545,7,lag_12__T2__is_walking,T2__is_walking,False,-2.2968344688415527,-0.0005905634607188404,0.001356426512617387
284373,34.5,0.02163684368133545,8,lag_03__CT_place_LONGA,CT_place_LONGA,False,2.67120623588562,0.0005015977076254785,0.0013398709245151103
284373,34.5,0.02163684368133545,9,lag_02__T5__is_walking,T5__is_walking,False,-2.3193888664245605,-0.00048231915570795536,0.0011186856798123257
284373,34.5,0.02163684368133545,10,lag_12__T3__is_walking,T3__is_walking,False,-2.3223767280578613,0.0004784365592058748,-0.0011111099309518008
284373,34.5,0.02163684368133545,11,lag_12__CT3__is_walking,CT3__is_walking,False,2.387126922607422,-0.00046075513819232583,-0.0010998809951086042
284373,34.5,0.02163684368133545,12,lag_00__T5__is_walking,T5__is_walking,False,2.3193888664245605,0.00042383084655739367,0.0009830285467525152
284373,34.5,0.02163684368133545,13,lag_14__CT5__duck_amount,CT5__duck_amount,False,-3.7749595642089844,0.00025938815088011324,-0.0009791797810073666
284373,34.5,0.02163684368133545,14,lag_09__CT3__is_walking,CT3__is_walking,False,-2.387126922607422,-0.00031851293169893324,0.0007603307944571425
284373,34.5,0.02163684368133545,15,lag_07__CT3__is_walking,CT3__is_walking,False,2.387126922607422,0.000310119881760329,0.0007402955189859117
284373,34.5,0.02163684368133545,16,lag_06__T_walking_count,T_walking_count,False,-1.5941797494888306,0.0004635031218640506,-0.0007389072907005231
284373,34.5,0.02163684368133545,17,lag_10__T3__is_walking,T3__is_walking,False,-2.3223767280578613,-0.00031775125535205007,0.000737938120740772
284373,34.5,0.02163684368133545,18,lag_09__CT4__duck_amount,CT4__duck_amount,False,-3.6725916862487793,0.00019900039478670806,-0.0007308471954538889
284373,34.5,0.02163684368133545,19,lag_02__CT4__duck_amount,CT4__duck_amount,False,1.3276461362838745,0.0005105601740069687,0.0006778432423607747
284373,34.5,0.02163684368133545,20,lag_02__CT4__is_walking,CT4__is_walking,False,-2.384641170501709,0.00028377899434417486,-0.000676711073236691
283509,21.0,-0.02141818404197693,1,lag_00__CT4__duck_amount,CT4__duck_amount,False,3.6725916862487793,0.001109681325033307,0.004075406408702853
283509,21.0,-0.02141818404197693,2,lag_13__CT2__flash_duration,CT2__flash_duration,True,8.07532024383545,-0.00027459010016173124,-0.002217402994592832
283509,21.0,-0.02141818404197693,3,lag_01__CT5__is_scoped,CT5__is_scoped,False,3.5760385990142822,-0.0005798270576633513,-0.002073483938957024
283509,21.0,-0.02141818404197693,4,lag_13__CT_flashed_players,CT_flashed_players,False,4.379879951477051,-0.0004526626435108483,-0.0019826080370957677
283509,21.0,-0.02141818404197693,5,lag_11__T4__is_scoped,T4__is_scoped,False,4.644811153411865,0.0003981733461841941,0.0018494399993476685
283509,21.0,-0.02141818404197693,6,lag_13__CT_flash_duration_sum,CT_flash_duration_sum,True,4.133234977722168,-0.0004400945035740733,-0.0018190139956756335
283509,21.0,-0.02141818404197693,7,lag_01__T_damage_last_5s,T_damage_last_5s,False,-2.3978044986724854,-0.0007531409501098096,0.0018058847583077714
283509,21.0,-0.02141818404197693,8,lag_08__T2__is_walking,T2__is_walking,False,-2.2968344688415527,0.0007642210694029927,-0.0017552892940197462
283509,21.0,-0.02141818404197693,9,lag_01__damage_diff_last_5s,damage_diff_last_5s,False,2.255979061126709,0.0007321011507883668,0.001651604866805323
283509,21.0,-0.02141818404197693,10,lag_15__CT_place_LONGA,CT_place_LONGA,False,-2.671205520629883,-0.0006170849082991481,0.0016483606137460693
283509,21.0,-0.02141818404197693,11,lag_09__T3__shots_fired,T3__shots_fired,False,-6.05570650100708,0.0002709266555029899,-0.0016406523090255615
283509,21.0,-0.02141818404197693,12,lag_09__CT5__is_scoped,CT5__is_scoped,False,-3.5760385990142822,0.0004505130054894835,-0.0016110518969883261
283509,21.0,-0.02141818404197693,13,lag_06__T2__is_walking,T2__is_walking,False,-2.2968344688415527,0.000674963986966759,-0.0015502805504919726
283509,21.0,-0.02141818404197693,14,lag_03__CT3__is_walking,CT3__is_walking,False,-2.387126922607422,0.0006463254103437066,-0.0015428607877967515
283509,21.0,-0.02141818404197693,15,lag_11__CT5__is_scoped,CT5__is_scoped,False,3.5760385990142822,0.0004088018322363496,0.0014618911314249472
283509,21.0,-0.02141818404197693,16,lag_09__T_shots_fired_sum,T_shots_fired_sum,False,-7.49737024307251,0.0001922849623952061,-0.0014416315552521347
283509,21.0,-0.02141818404197693,17,lag_11__CT_active_infernos,CT_active_infernos,True,-2.30427622795105,-0.0006114743882790208,0.0014090058969122576
283509,21.0,-0.02141818404197693,18,lag_07__CT5__is_walking,CT5__is_walking,False,-2.396676540374756,-0.0005758673651143909,0.0013801678043370846
283509,21.0,-0.02141818404197693,19,lag_12__T2__is_walking,T2__is_walking,False,2.2968344688415527,-0.0005905634607188404,-0.001356426512617387
283509,21.0,-0.02141818404197693,20,lag_13__T4__is_scoped,T4__is_scoped,False,-4.644811153411865,0.0002536869724281132,-0.0011783280790093886
287765,87.5,-0.021313413977622986,1,lag_06__T_flashed_players,T_flashed_players,False,-3.8592472076416016,-0.0009744324488565326,0.003760575707284941
287765,87.5,-0.021313413977622986,2,lag_06__T5__duck_amount,T5__duck_amount,False,-3.7970333099365234,0.0008852121536619961,-0.0033611800338152475
287765,87.5,-0.021313413977622986,3,lag_02__T_shots_fired_sum,T_shots_fired_sum,False,5.248159408569336,-0.0005697038141079247,-0.002989896432108341
287765,87.5,-0.021313413977622986,4,lag_02__T4__is_scoped,T4__is_scoped,False,-4.644811153411865,0.000603504478931427,-0.002803164334874708
287765,87.5,-0.021313413977622986,5,lag_12__CT_place_BDOORS,CT_place_BDOORS,False,-4.810472011566162,0.0005382957751862705,-0.002589456760477865
287765,87.5,-0.021313413977622986,6,lag_01__T_place_EXTENDEDA,T_place_EXTENDEDA,False,4.957779884338379,-0.0005050901672802866,-0.0025041258711193115
287765,87.5,-0.021313413977622986,7,lag_06__CT_flashed_players,CT_flashed_players,False,-2.1899399757385254,-0.001081768306903541,0.0023690076597750465
287765,87.5,-0.021313413977622986,8,lag_15__T_flash_duration_sum,T_flash_duration_sum,True,-3.0613853931427,0.0006483314791694283,-0.0019847925202438887
287765,87.5,-0.021313413977622986,9,lag_08__T2__flash_duration,T2__flash_duration,True,5.5919060707092285,-0.00035051116719841957,-0.00196002552370822
287765,87.5,-0.021313413977622986,10,lag_01__T_place_SHORTSTAIRS,T_place_SHORTSTAIRS,False,-4.2027058601379395,0.0004471036372706294,-0.0018790450764462618
287765,87.5,-0.021313413977622986,11,lag_02__CT4__duck_amount,CT4__duck_amount,False,-3.6725916862487793,0.0005105601740069687,-0.0018750790503877235
287765,87.5,-0.021313413977622986,12,lag_02__T_kills_last_3s,T_kills_last_3s,False,3.1681017875671387,-0.000590842217206955,-0.0018718482845034856
287765,87.5,-0.021313413977622986,13,lag_02__CT_place_MIDDOORS,CT_place_MIDDOORS,False,2.8863234519958496,0.0006204587407410145,0.0017908446143966028
287765,87.5,-0.021313413977622986,14,lag_01__T5__duck_amount,T5__duck_amount,False,-3.4930522441864014,-0.0004773600085172802,0.0016674434490361253
287765,87.5,-0.021313413977622986,15,lag_08__CT_flashed_players,CT_flashed_players,False,4.379879951477051,-0.0003755953803192824,-0.001645062676127823
287765,87.5,-0.021313413977622986,16,lag_03__CT3__is_walking,CT3__is_walking,False,2.387126922607422,0.0006463254103437066,0.0015428607877967515
287765,87.5,-0.021313413977622986,17,lag_04__CT_place_MIDDOORS,CT_place_MIDDOORS,False,-2.8863234519958496,0.0005027591832913458,-0.0014511256214400914
287765,87.5,-0.021313413977622986,18,lag_04__CT3__is_walking,CT3__is_walking,False,-2.387126922607422,-0.0005710183177143335,0.001363093199517884
287765,87.5,-0.021313413977622986,19,lag_07__CT5__is_scoped,CT5__is_scoped,False,3.5760385990142822,0.0003665765398181975,0.0013108918558829702
287765,87.5,-0.021313413977622986,20,lag_08__T5__duck_amount,T5__duck_amount,False,-3.7970333099365234,0.00034443146432749927,-0.0013078177430417282
283093,14.5,0.02056330442428589,1,lag_11__CT_place_HOLE,CT_place_HOLE,False,11.164148330688477,0.0010329163633286953,0.011531631493396866
283093,14.5,0.02056330442428589,2,lag_14__CT_place_BDOORS,CT_place_BDOORS,False,4.810471534729004,0.0018926759948953986,0.009104663997909213
283093,14.5,0.02056330442428589,3,lag_11__CT_place_BDOORS,CT_place_BDOORS,False,-9.620943069458008,0.0006912524695508182,-0.006650500656170677
283093,14.5,0.02056330442428589,4,lag_15__CT_place_BDOORS,CT_place_BDOORS,False,4.810472011566162,0.0010155809577554464,0.004885423772762132
283093,14.5,0.02056330442428589,5,lag_06__CT_flashed_players,CT_flashed_players,False,4.379879951477051,-0.001081768306903541,-0.004738015319550093
283093,14.5,0.02056330442428589,6,lag_00__CT4__duck_amount,CT4__duck_amount,False,-3.6725916862487793,0.001109681325033307,-0.004075406408702853
283093,14.5,0.02056330442428589,7,lag_06__T4__duck_amount,T4__duck_amount,False,3.6976382732391357,-0.0006567080854438245,-0.002428268951082682
283093,14.5,0.02056330442428589,8,lag_15__T4__duck_amount,T4__duck_amount,False,3.6976382732391357,0.0006193987792357802,0.002290312632499819
283093,14.5,0.02056330442428589,9,lag_13__CT_place_LONGA,CT_place_LONGA,False,2.671205520629883,-0.0007634808425791562,-0.0020394142415925964
283093,14.5,0.02056330442428589,10,lag_14__CT_place_MIDDOORS,CT_place_MIDDOORS,False,-2.8863234519958496,-0.0006638881168328226,0.0019161958411159363
283093,14.5,0.02056330442428589,11,lag_11__CT5__is_walking,CT5__is_walking,False,2.396676540374756,0.0007649292820133269,0.0018332880652470462
283093,14.5,0.02056330442428589,12,lag_09__CT_place_HOLE,CT_place_HOLE,False,-11.164148330688477,-0.00015158076712395996,0.0016922701682514363
283093,14.5,0.02056330442428589,13,lag_12__CT_place_LONGA,CT_place_LONGA,False,-2.671205520629883,-0.0006025559268891811,0.0016095507183946367
283093,14.5,0.02056330442428589,14,lag_06__T2__is_walking,T2__is_walking,False,-2.2968344688415527,0.000674963986966759,-0.0015502805504919726
283093,14.5,0.02056330442428589,15,lag_14__T_flashed_players,T_flashed_players,False,3.8592474460601807,-0.00040006221388466656,-0.0015439390771995812
283093,14.5,0.02056330442428589,16,lag_00__CT_flashed_players,CT_flashed_players,False,4.379879951477051,0.00035156801459379494,0.0015398256986999537
283093,14.5,0.02056330442428589,17,lag_06__CT_flash_duration_sum,CT_flash_duration_sum,True,1.9112286567687988,-0.0008011011523194611,-0.0015310874792834606
283093,14.5,0.02056330442428589,18,lag_01__CT_flashed_players,CT_flashed_players,False,-2.1899399757385254,0.0006684280233457685,-0.0014638172492287826
283093,14.5,0.02056330442428589,19,lag_14__T4__flash_duration,T4__flash_duration,True,0.9730834364891052,0.0014868791913613677,0.0014468575131740616
283093,14.5,0.02056330442428589,20,lag_15__CT5__duck_amount,CT5__duck_amount,False,3.7749595642089844,0.0003676873166114092,0.001388004752480576
284661,39.0,-0.02044367790222168,1,lag_00__T_shots_fired_sum,T_shots_fired_sum,False,3.748685598373413,-0.0014292533742263913,-0.005357821540389079
284661,39.0,-0.02044367790222168,2,lag_13__CT_place_BDOORS,CT_place_BDOORS,False,4.810472011566162,0.0010889923432841897,0.005238567188178445
284661,39.0,-0.02044367790222168,3,lag_02__T4__is_scoped,T4__is_scoped,False,-4.644811153411865,0.000603504478931427,-0.002803164334874708
284661,39.0,-0.02044367790222168,4,lag_07__T_place_LOWERTUNNEL,T_place_LOWERTUNNEL,False,8.6480073928833,-0.00027643091743811965,-0.002390576617626372
284661,39.0,-0.02044367790222168,5,lag_09__T4__duck_amount,T4__duck_amount,False,3.6976382732391357,-0.0005335460882633924,-0.001972860436499746
284661,39.0,-0.02044367790222168,6,lag_09__T_place_TUNNELSTAIRS,T_place_TUNNELSTAIRS,False,-6.981647968292236,-0.00026605933089740574,0.0018575325870050646
284661,39.0,-0.02044367790222168,7,lag_08__T2__is_walking,T2__is_walking,False,2.2968344688415527,0.0007642210694029927,0.0017552892940197462
284661,39.0,-0.02044367790222168,8,lag_12__CT_place_LONGA,CT_place_LONGA,False,2.67120623588562,-0.0006025559268891811,-0.0016095511493762205
284661,39.0,-0.02044367790222168,9,lag_00__T3__is_walking,T3__is_walking,False,2.3223767280578613,-0.0005952675710432231,-0.001382435553958311
284661,39.0,-0.02044367790222168,10,lag_04__CT3__is_walking,CT3__is_walking,False,-2.387126922607422,-0.0005710183177143335,0.001363093199517884
284661,39.0,-0.02044367790222168,11,lag_11__CT4__is_walking,CT4__is_walking,False,-2.384641170501709,0.0005132672376930714,-0.0012239581864725846
284661,39.0,-0.02044367790222168,12,lag_04__T1__is_walking,T1__is_walking,False,-2.281590461730957,0.0005284955259412527,-0.0012058103510550477
284661,39.0,-0.02044367790222168,13,lag_02__T_scoped_count,T_scoped_count,False,-2.8811259269714355,0.0004104470135644078,-0.0011825495324284119
284661,39.0,-0.02044367790222168,14,lag_13__T4__is_scoped,T4__is_scoped,False,4.644811153411865,0.0002536869724281132,0.0011783280790093886
284661,39.0,-0.02044367790222168,15,lag_12__CT3__is_walking,CT3__is_walking,False,2.387126922607422,-0.00046075513819232583,-0.0010998809951086042
284661,39.0,-0.02044367790222168,16,lag_00__CT4__is_walking,CT4__is_walking,False,2.384641170501709,-0.0004602376720868051,-0.0010975017010740606
284661,39.0,-0.02044367790222168,17,lag_13__T3__is_walking,T3__is_walking,False,2.3223767280578613,0.00045917637180536985,0.0010663805199548348
284661,39.0,-0.02044367790222168,18,lag_08__T_active_infernos,T_active_infernos,True,-2.082643508911133,0.0005009674932807684,-0.0010433366980566738
284661,39.0,-0.02044367790222168,19,lag_01__T4__duck_amount,T4__duck_amount,False,-3.2333505153656006,0.00031122477957978845,-0.0010062988014488544
284661,39.0,-0.02044367790222168,20,lag_04__T5__is_walking,T5__is_walking,False,2.3193888664245605,0.00041472751763649285,0.0009619143870059771
286805,72.5,-0.02008327841758728,1,lag_09__CT_place_EXTENDEDA,CT_place_EXTENDEDA,False,-5.6138224601745605,0.0007748531061224639,-0.00434988777048631
286805,72.5,-0.02008327841758728,2,lag_02__T_place_SHORTSTAIRS,T_place_SHORTSTAIRS,False,4.202706336975098,0.0009662153315730393,0.004060719296884507
286805,72.5,-0.02008327841758728,3,lag_01__T2__flash_duration,T2__flash_duration,True,8.038690567016602,0.0003978577151428908,0.0031982550617339345
286805,72.5,-0.02008327841758728,4,lag_06__T5__duck_amount,T5__duck_amount,False,-2.541142225265503,0.0008852121536619961,-0.002249449981988713
286805,72.5,-0.02008327841758728,5,lag_01__T_place_SHORTSTAIRS,T_place_SHORTSTAIRS,False,4.202706336975098,0.0004471036372706294,0.0018790452896418897
286805,72.5,-0.02008327841758728,6,lag_00__CT_place_BDOORS,CT_place_BDOORS,False,4.810472011566162,-0.00035675306571647525,-0.001716150637669528
286805,72.5,-0.02008327841758728,7,lag_08__T_place_SHORTSTAIRS,T_place_SHORTSTAIRS,False,-4.202706813812256,0.0003702975809574127,-0.0015562521666279139
286805,72.5,-0.02008327841758728,8,lag_06__T2__is_walking,T2__is_walking,False,-2.2968344688415527,0.000674963986966759,-0.0015502805504919726
286805,72.5,-0.02008327841758728,9,lag_01__T_flash_duration_sum,T_flash_duration_sum,True,8.21633529663086,0.00018156805890612304,0.0014918240511311298
286805,72.5,-0.02008327841758728,10,lag_07__CT_place_UNDERA,CT_place_UNDERA,False,3.054957389831543,-0.00048298120964318514,-0.0014754870155492261
286805,72.5,-0.02008327841758728,11,lag_01__CT_flashed_players,CT_flashed_players,False,2.1899399757385254,0.0006684280233457685,0.0014638172492287826
286805,72.5,-0.02008327841758728,12,lag_07__CT5__is_scoped,CT5__is_scoped,False,-3.5760385990142822,0.0003665765398181975,-0.0013108918558829702
286805,72.5,-0.02008327841758728,13,lag_12__CT4__duck_amount,CT4__duck_amount,False,3.6725916862487793,-0.00034434933331795037,-0.0012646544987088143
286805,72.5,-0.02008327841758728,14,lag_08__CT_place_UNDERA,CT_place_UNDERA,False,-3.054957389831543,-0.0004104870022274554,0.0012540203008845618
286805,72.5,-0.02008327841758728,15,lag_07__CT_place_EXTENDEDA,CT_place_EXTENDEDA,False,-5.6138224601745605,0.00019858031009789556,-0.0011147946049759952
286805,72.5,-0.02008327841758728,16,lag_00__CT4__is_walking,CT4__is_walking,False,-2.384641170501709,-0.0004602376720868051,0.0010975017010740606
286805,72.5,-0.02008327841758728,17,lag_09__CT_place_UNDERA,CT_place_UNDERA,False,3.054957389831543,-0.0002984604216180742,-0.0009117838705943737
286805,72.5,-0.02008327841758728,18,lag_05__T1__has_bomb,T1__has_bomb,False,2.857499837875366,-0.00031750992638990283,-0.0009072845631829668
286805,72.5,-0.02008327841758728,19,lag_13__T4__is_walking,T4__is_walking,False,2.307980537414551,-0.0003898956929333508,-0.0008998716709119337
286805,72.5,-0.02008327841758728,20,lag_02__T3__is_walking,T3__is_walking,False,2.3223767280578613,-0.00037754722870886326,-0.0008768068976962029
285845,57.5,0.019876062870025635,1,lag_00__CT4__duck_amount,CT4__duck_amount,False,3.6725916862487793,0.001109681325033307,0.004075406408702853
285845,57.5,0.019876062870025635,2,lag_01__T_place_SHORTSTAIRS,T_place_SHORTSTAIRS,False,4.2027058601379395,0.0004471036372706294,0.0018790450764462618
285845,57.5,0.019876062870025635,3,lag_11__CT5__is_walking,CT5__is_walking,False,2.396676540374756,0.0007649292820133269,0.0018332880652470462
285845,57.5,0.019876062870025635,4,lag_11__T4__duck_amount,T4__duck_amount,False,3.3165946006774902,0.00047953365719877183,0.0015904187383085772
285845,57.5,0.019876062870025635,5,lag_11__CT5__is_scoped,CT5__is_scoped,False,-3.5760385990142822,0.0004088018322363496,-0.0014618911314249472
285845,57.5,0.019876062870025635,6,lag_07__CT5__is_walking,CT5__is_walking,False,-2.396676540374756,-0.0005758673651143909,0.0013801678043370846
285845,57.5,0.019876062870025635,7,lag_12__T1__is_walking,T1__is_walking,False,2.281590461730957,0.0005943257710896432,0.0013560080104790262
285845,57.5,0.019876062870025635,8,lag_07__T_place_LOWERTUNNEL,T_place_LOWERTUNNEL,False,4.32400369644165,-0.00027643091743811965,-0.001195288308813186
285845,57.5,0.019876062870025635,9,lag_12__T3__is_walking,T3__is_walking,False,-2.3223767280578613,0.0004784365592058748,-0.0011111099309518008
285845,57.5,0.019876062870025635,10,lag_00__CT4__is_walking,CT4__is_walking,False,-2.384641170501709,-0.0004602376720868051,0.0010975017010740606
285845,57.5,0.019876062870025635,11,lag_11__CT_walking_count,CT_walking_count,False,1.7948952913284302,0.0005954737425781786,0.0010688130166632906
285845,57.5,0.019876062870025635,12,lag_13__T3__is_walking,T3__is_walking,False,2.3223767280578613,0.00045917637180536985,0.0010663805199548348
285845,57.5,0.019876062870025635,13,lag_10__CT2__is_walking,CT2__is_walking,False,2.360051155090332,0.00041542656254023314,0.0009804279387782833
285845,57.5,0.019876062870025635,14,lag_01__CT5__is_walking,CT5__is_walking,False,2.396676540374756,0.0003701462992466986,0.0008871209519110967
285845,57.5,0.019876062870025635,15,lag_10__CT_B_site_active_infernos,CT_B_site_active_infernos,True,3.435478687286377,0.00025621193344704807,0.0008802106367857693
285845,57.5,0.019876062870025635,16,lag_02__T2__is_walking,T2__is_walking,False,-2.2968344688415527,-0.00032659864518791437,0.000750143025744554
285845,57.5,0.019876062870025635,17,lag_14__T5__is_walking,T5__is_walking,False,2.3193888664245605,0.00032171810744330287,0.0007461893965311772
285845,57.5,0.019876062870025635,18,lag_12__T_place_CATWALK,T_place_CATWALK,False,2.8785855770111084,-0.0002467026934027672,-0.0007101548150389991
285845,57.5,0.019876062870025635,19,lag_11__CT3__is_walking,CT3__is_walking,False,2.387126922607422,-0.0002635791606735438,-0.0006291969106820838
285845,57.5,0.019876062870025635,20,lag_11__CT_scoped_count,CT_scoped_count,False,-2.141930103302002,0.0002916856901720166,-0.0006247703604818633
285173,47.0,-0.019732892513275146,1,lag_04__T1__duck_amount,T1__duck_amount,False,3.915480136871338,-0.0006259491783566773,-0.0024508915745465043
285173,47.0,-0.019732892513275146,2,lag_06__T4__duck_amount,T4__duck_amount,False,3.6976382732391357,-0.0006567080854438245,-0.002428268951082682
285173,47.0,-0.019732892513275146,3,lag_08__T2__is_walking,T2__is_walking,False,2.2968344688415527,0.0007642210694029927,0.0017552892940197462
285173,47.0,-0.019732892513275146,4,lag_09__T1__duck_amount,T1__duck_amount,False,3.4989144802093506,0.00046269988524727523,0.0016189473284828962
285173,47.0,-0.019732892513275146,5,lag_06__T1__duck_amount,T1__duck_amount,False,-3.35819673538208,-0.00046816820395179093,0.0015722009341205961
285173,47.0,-0.019732892513275146,6,lag_03__CT3__is_walking,CT3__is_walking,False,2.387126922607422,0.0006463254103437066,0.0015428607877967515
285173,47.0,-0.019732892513275146,7,lag_00__T3__is_walking,T3__is_walking,False,2.3223767280578613,-0.0005952675710432231,-0.001382435553958311
285173,47.0,-0.019732892513275146,8,lag_04__CT3__is_walking,CT3__is_walking,False,-2.387126922607422,-0.0005710183177143335,0.001363093199517884
285173,47.0,-0.019732892513275146,9,lag_04__T1__is_walking,T1__is_walking,False,-2.281590461730957,0.0005284955259412527,-0.0012058103510550477
285173,47.0,-0.019732892513275146,10,lag_15__T_shots_fired_sum,T_shots_fired_sum,False,-5.997896671295166,0.00019279537082184106,-0.0011563667128934377
285173,47.0,-0.019732892513275146,11,lag_12__CT5__is_walking,CT5__is_walking,False,2.396676540374756,0.0004820985486730933,0.0011554342817535201
285173,47.0,-0.019732892513275146,12,lag_01__T4__duck_amount,T4__duck_amount,False,-3.6976382732391357,0.00031122477957978845,-0.0011507966565546396
285173,47.0,-0.019732892513275146,13,lag_12__T3__is_walking,T3__is_walking,False,2.3223767280578613,0.0004784365592058748,0.0011111099309518008
285173,47.0,-0.019732892513275146,14,lag_11__T2__is_walking,T2__is_walking,False,2.2968344688415527,-0.00048056713421829045,-0.0011037831584649743
285173,47.0,-0.019732892513275146,15,lag_12__CT3__is_walking,CT3__is_walking,False,2.387126922607422,-0.00046075513819232583,-0.0010998809951086042
285173,47.0,-0.019732892513275146,16,lag_00__CT4__is_walking,CT4__is_walking,False,2.384641170501709,-0.0004602376720868051,-0.0010975017010740606
285173,47.0,-0.019732892513275146,17,lag_12__CT2__is_walking,CT2__is_walking,False,-2.360051155090332,0.0004432745336089283,-0.0010461505750658795
285173,47.0,-0.019732892513275146,18,lag_00__CT3__is_walking,CT3__is_walking,False,2.387126922607422,-0.000434746325481683,-0.0010377946580619746
285173,47.0,-0.019732892513275146,19,lag_05__CT3__is_walking,CT3__is_walking,False,2.387126922607422,-0.0004328789364080876,-0.001033336963329412
285173,47.0,-0.019732892513275146,20,lag_00__T5__is_walking,T5__is_walking,False,-2.3193888664245605,0.00042383084655739367,-0.0009830285467525152
283445,20.0,-0.01938152313232422,1,lag_11__CT2__flash_duration,CT2__flash_duration,True,8.07532024383545,-0.00025836520944721997,-0.0020863818061519213
283445,20.0,-0.01938152313232422,2,lag_13__CT_place_LONGA,CT_place_LONGA,False,-2.671205520629883,-0.0007634808425791562,0.0020394142415925964
283445,20.0,-0.01938152313232422,3,lag_11__T4__is_scoped,T4__is_scoped,False,-4.644811153411865,0.0003981733461841941,-0.0018494399993476685
283445,20.0,-0.01938152313232422,4,lag_11__CT_flashed_players,CT_flashed_players,False,4.379879951477051,-0.00039488752372562885,-0.0017295599482543
283445,20.0,-0.01938152313232422,5,lag_03__T_kills_last_3s,T_kills_last_3s,False,-3.1681017875671387,-0.000521892390679568,0.001653408215829627
283445,20.0,-0.01938152313232422,6,lag_09__CT5__is_scoped,CT5__is_scoped,False,3.5760385990142822,0.0004505130054894835,0.0016110518969883261
283445,20.0,-0.01938152313232422,7,lag_06__T2__is_walking,T2__is_walking,False,-2.2968344688415527,0.000674963986966759,-0.0015502805504919726
283445,20.0,-0.01938152313232422,8,lag_09__T4__is_scoped,T4__is_scoped,False,4.644811153411865,-0.0003331555053591728,-0.0015474444071128524
283445,20.0,-0.01938152313232422,9,lag_03__CT3__is_walking,CT3__is_walking,False,2.387126922607422,0.0006463254103437066,0.0015428607877967515
283445,20.0,-0.01938152313232422,10,lag_11__T4__duck_amount,T4__duck_amount,False,-3.1484880447387695,0.00047953365719877183,-0.0015098059867401925
283445,20.0,-0.01938152313232422,11,lag_04__CT3__is_walking,CT3__is_walking,False,-2.387126922607422,-0.0005710183177143335,0.001363093199517884
283445,20.0,-0.01938152313232422,12,lag_11__CT_flash_duration_sum,CT_flash_duration_sum,True,4.133234977722168,-0.00031882087932899594,-0.0013177616100707445
283445,20.0,-0.01938152313232422,13,lag_07__CT5__is_scoped,CT5__is_scoped,False,-3.5760385990142822,0.0003665765398181975,-0.0013108918558829702
283445,20.0,-0.01938152313232422,14,lag_05__CT3__duck_amount,CT3__duck_amount,False,-3.7208433151245117,0.00034184069954790175,-0.001271935681750297
283445,20.0,-0.01938152313232422,15,lag_12__CT4__duck_amount,CT4__duck_amount,False,3.6725916862487793,-0.00034434933331795037,-0.0012646544987088143
283445,20.0,-0.01938152313232422,16,lag_04__T1__is_walking,T1__is_walking,False,2.281590461730957,0.0005284955259412527,0.0012058103510550477
283445,20.0,-0.01938152313232422,17,lag_00__T2__is_walking,T2__is_walking,False,-2.2968344688415527,0.0005204839399084449,-0.0011954654536601717
283445,20.0,-0.01938152313232422,18,lag_08__T4__duck_amount,T4__duck_amount,False,3.6976382732391357,-0.00031692429911345243,-0.0011718714181213896
283445,20.0,-0.01938152313232422,19,lag_05__CT2__is_walking,CT2__is_walking,False,2.360051155090332,-0.0004760352603625506,-0.0011234675660823645
283445,20.0,-0.01938152313232422,20,lag_02__T5__is_walking,T5__is_walking,False,2.3193888664245605,-0.00048231915570795536,-0.0011186856798123257
287669,86.0,0.019112855195999146,1,lag_14__T_place_EXTENDEDA,T_place_EXTENDEDA,False,4.957779884338379,-0.00136286742053926,-0.006756796682569677
287669,86.0,0.019112855195999146,2,lag_13__CT_place_BDOORS,CT_place_BDOORS,False,-4.810471534729004,0.0010889923432841897,-0.00523856666890643
287669,86.0,0.019112855195999146,3,lag_00__CT4__duck_amount,CT4__duck_amount,False,3.6725916862487793,0.001109681325033307,0.004075406408702853
287669,86.0,0.019112855195999146,4,lag_04__T5__duck_amount,T5__duck_amount,False,3.7970333099365234,0.0010109859285876155,0.0038387472467242834
287669,86.0,0.019112855195999146,5,lag_14__T2__flash_duration,T2__flash_duration,True,-6.016905307769775,-0.0006087218062020838,0.0036626214666925228
287669,86.0,0.019112855195999146,6,lag_14__T1__flash_duration,T1__flash_duration,True,-6.376111030578613,-0.0005211441311985254,0.003322872843456226
287669,86.0,0.019112855195999146,7,lag_00__CT5__is_scoped,CT5__is_scoped,False,3.5760385990142822,0.0009010074427351356,0.0032220373932199953
287669,86.0,0.019112855195999146,8,lag_12__T5__flash_duration,T5__flash_duration,True,-7.5368523597717285,0.00034609288559295237,-0.00260845098148145
287669,86.0,0.019112855195999146,9,lag_06__T2__duck_amount,T2__duck_amount,False,-2.976109504699707,0.0007415868458338082,-0.002207043660446273
287669,86.0,0.019112855195999146,10,lag_07__T2__duck_amount,T2__duck_amount,False,2.976109504699707,0.0007288124179467559,0.0021690255641945155
287669,86.0,0.019112855195999146,11,lag_04__CT5__is_scoped,CT5__is_scoped,False,3.5760385990142822,0.0005739782354794443,0.0020525683250686017
287669,86.0,0.019112855195999146,12,lag_15__T4__is_scoped,T4__is_scoped,False,4.644811153411865,-0.000439187278971076,-0.002039941971801462
287669,86.0,0.019112855195999146,13,lag_09__CT_place_BDOORS,CT_place_BDOORS,False,-4.810472011566162,0.0004229834012221545,-0.0020347498129362346
287669,86.0,0.019112855195999146,14,lag_11__T5__duck_amount,T5__duck_amount,False,-3.7970333099365234,-0.00042469444451853633,0.0016125789523818712
287669,86.0,0.019112855195999146,15,lag_06__T2__is_walking,T2__is_walking,False,2.2968344688415527,0.000674963986966759,0.0015502805504919726
287669,86.0,0.019112855195999146,16,lag_14__T_flashed_players,T_flashed_players,False,-3.8592476844787598,-0.00040006221388466656,0.0015439391725818458
287669,86.0,0.019112855195999146,17,lag_03__CT3__is_walking,CT3__is_walking,False,2.387126922607422,0.0006463254103437066,0.0015428607877967515
287669,86.0,0.019112855195999146,18,lag_06__CT_place_MIDDOORS,CT_place_MIDDOORS,False,-2.8863232135772705,0.000514211889822036,-0.0014841817142907804
287669,86.0,0.019112855195999146,19,lag_05__CT_flashed_players,CT_flashed_players,False,4.379879951477051,-0.0003212607407476753,-0.0014070834775974095
287669,86.0,0.019112855195999146,20,lag_13__T4__flash_duration,T4__flash_duration,True,-7.105800628662109,0.00018554192502051592,-0.00131842392745396
284501,36.5,-0.018894433975219727,1,lag_07__CT_place_ARAMP,CT_place_ARAMP,False,-6.229295253753662,0.000711088243406266,-0.0044295786196506814
284501,36.5,-0.018894433975219727,2,lag_08__T4__is_scoped,T4__is_scoped,False,4.644811153411865,-0.0007313731475733221,-0.0033970901531545084
284501,36.5,-0.018894433975219727,3,lag_03__CT_place_ARAMP,CT_place_ARAMP,False,6.229295253753662,-0.0005057905800640583,-0.00315071885978635
284501,36.5,-0.018894433975219727,4,lag_02__T_place_LOWERTUNNEL,T_place_LOWERTUNNEL,False,8.6480073928833,-0.0002622887259349227,-0.0022682748409551534
284501,36.5,-0.018894433975219727,5,lag_09__T_place_TUNNELSTAIRS,T_place_TUNNELSTAIRS,False,6.981647968292236,-0.00026605933089740574,-0.0018575325870050646
284501,36.5,-0.018894433975219727,6,lag_02__CT4__duck_amount,CT4__duck_amount,False,3.520294189453125,0.0005105601740069687,0.0017973220139229085
284501,36.5,-0.018894433975219727,7,lag_04__T_place_TUNNELSTAIRS,T_place_TUNNELSTAIRS,False,-6.981647968292236,0.000238661072216928,-0.001666247589953762
284501,36.5,-0.018894433975219727,8,lag_04__T_place_LOWERTUNNEL,T_place_LOWERTUNNEL,False,4.32400369644165,-0.0003512596886139363,-0.0015188481919776037
284501,36.5,-0.018894433975219727,9,lag_00__T3__is_walking,T3__is_walking,False,2.3223767280578613,-0.0005952675710432231,-0.001382435553958311
284501,36.5,-0.018894433975219727,10,lag_03__CT_place_LONGA,CT_place_LONGA,False,-2.67120623588562,0.0005015977076254785,-0.0013398709245151103
284501,36.5,-0.018894433975219727,11,lag_08__T_scoped_count,T_scoped_count,False,2.8811259269714355,-0.0004265274910721928,-0.0012288794130941721
284501,36.5,-0.018894433975219727,12,lag_12__T3__is_walking,T3__is_walking,False,2.3223767280578613,0.0004784365592058748,0.0011111099309518008
284501,36.5,-0.018894433975219727,13,lag_05__CT3__is_walking,CT3__is_walking,False,-2.387126922607422,-0.0004328789364080876,0.001033336963329412
284501,36.5,-0.018894433975219727,14,lag_11__CT_place_LONGA,CT_place_LONGA,False,-2.67120623588562,-0.0003701031091623008,0.0009886217331149943
284501,36.5,-0.018894433975219727,15,lag_07__T2__flash_duration,T2__flash_duration,True,1.2390564680099487,-0.0007842032355256379,-0.0009716720912123708
284501,36.5,-0.018894433975219727,16,lag_04__T5__is_walking,T5__is_walking,False,2.3193888664245605,0.00041472751763649285,0.0009619143870059771
284501,36.5,-0.018894433975219727,17,lag_14__T3__is_walking,T3__is_walking,False,-2.3223767280578613,0.000413966306950897,-0.0009613857174628204
284501,36.5,-0.018894433975219727,18,lag_03__T2__is_walking,T2__is_walking,False,2.2968344688415527,-0.00040741125121712685,-0.0009357562047893619
284501,36.5,-0.018894433975219727,19,lag_04__T4__duck_amount,T4__duck_amount,False,3.6976382732391357,0.00022449682001024485,0.0008301080338903588
284501,36.5,-0.018894433975219727,20,lag_02__CT3__is_walking,CT3__is_walking,False,2.387126922607422,0.00033928468474186957,0.0008099156053756884
282261,1.5,-0.01889246702194214,1,lag_00__CT_place_UNDERA,CT_place_UNDERA,False,3.054957389831543,-0.0006618418265134096,-0.0020218985788067467
282261,1.5,-0.01889246702194214,2,lag_03__CT_place_CTSPAWN,CT_place_CTSPAWN,False,4.78255033493042,-0.00030515246908180416,-0.001459407043212027
282261,1.5,-0.01889246702194214,3,lag_03__round_num,round_num,False,2.7023725509643555,-0.0004189989122096449,-0.0011322911592392682
282261,1.5,-0.01889246702194214,4,lag_00__CT_place_CTSPAWN,CT_place_CTSPAWN,False,-1.0407919883728027,0.0009184713126160204,-0.000955937583721006
282261,1.5,-0.01889246702194214,5,lag_03__CT_money_sum,CT_money_sum,False,4.302239894866943,-0.00019768749189097434,-0.0008504990143295352
282261,1.5,-0.01889246702194214,6,lag_03__CT_start_balance_sum,CT_start_balance_sum,False,4.300045013427734,-0.00019616422650869936,-0.0008435150040116413
282261,1.5,-0.01889246702194214,7,lag_00__T_place_TSPAWN,T_place_TSPAWN,False,-0.9492053985595703,0.0006423197337426245,-0.000609693358869845
282261,1.5,-0.01889246702194214,8,lag_03__T_cash_spent_round_sum,T_cash_spent_round_sum,False,2.0052475929260254,-0.00029355613514781,-0.000588652733393813
282261,1.5,-0.01889246702194214,9,lag_00__T_place_TOPOFMID,T_place_TOPOFMID,False,2.0359649658203125,-0.00027908431366086006,-0.0005682058851235183
282261,1.5,-0.01889246702194214,10,lag_03__money_diff,money_diff,False,3.2780861854553223,-0.00017080102406907827,-0.0005599004774624675
282261,1.5,-0.01889246702194214,11,lag_03__CT_walking_count,CT_walking_count,False,-1.0355465412139893,0.0004825043142773211,-0.0004996556737707075
282261,1.5,-0.01889246702194214,12,lag_03__T_place_TSPAWN,T_place_TSPAWN,False,4.428390979766846,-0.00010799266601679847,-0.0004782337480697639
282261,1.5,-0.01889246702194214,13,lag_02__CT_velocity_mean,CT_velocity_mean,False,3.4858005046844482,0.00013441093324217945,0.0004685296989306968
282261,1.5,-0.01889246702194214,14,lag_03__CT3__has_defuser,CT3__has_defuser,False,1.668580412864685,-0.0002587108756415546,-0.00043167989969056936
282261,1.5,-0.01889246702194214,15,lag_03__CT_flash_inv,CT_flash_inv,True,2.3235294818878174,-0.00016650508041493595,-0.0003868794632282055
282261,1.5,-0.01889246702194214,16,lag_02__T_velocity_mean,T_velocity_mean,False,3.5461554527282715,0.00010711951472330838,0.0003798624512296664
282261,1.5,-0.01889246702194214,17,lag_03__CT4__flash,CT4__flash,True,1.0217740535736084,-0.00036733277374878526,-0.0003753310972437335
282261,1.5,-0.01889246702194214,18,lag_03__CT_mean_Y,CT_mean_Y,False,1.631522297859192,-0.00022825216001365334,-0.00037239848859679965
282261,1.5,-0.01889246702194214,19,lag_03__CT5__utility_total,CT5__utility_total,True,2.9422242641448975,-0.00012324037379585207,-0.00036260081810444295
282261,1.5,-0.01889246702194214,20,lag_03__CT_spread_xy,CT_spread_xy,False,-1.6093600988388062,0.00022441780311055481,-0.00036116905779519023
287189,78.5,-0.018801867961883545,1,lag_02__T_place_EXTENDEDA,T_place_EXTENDEDA,False,4.957779407501221,-0.0014909912133589387,-0.007392005534356205
287189,78.5,-0.018801867961883545,2,lag_13__T2__flash_duration,T2__flash_duration,True,8.038690567016602,-0.0006648051785305142,-0.0053441631175570325
287189,78.5,-0.018801867961883545,3,lag_13__T5__flash_duration,T5__flash_duration,True,2.782254934310913,0.0016730723436921835,0.004654913783696701
287189,78.5,-0.018801867961883545,4,lag_02__T_place_SHORTSTAIRS,T_place_SHORTSTAIRS,False,-4.202706336975098,0.0009662153315730393,-0.004060719296884507
287189,78.5,-0.018801867961883545,5,lag_00__CT5__is_scoped,CT5__is_scoped,False,3.5760385990142822,0.0009010074427351356,0.0032220373932199953
287189,78.5,-0.018801867961883545,6,lag_02__T4__is_scoped,T4__is_scoped,False,4.644811153411865,0.000603504478931427,0.002803164334874708
287189,78.5,-0.018801867961883545,7,lag_12__CT_place_BDOORS,CT_place_BDOORS,False,4.810472011566162,0.0005382957751862705,0.002589456760477865
287189,78.5,-0.018801867961883545,8,lag_01__T_place_EXTENDEDA,T_place_EXTENDEDA,False,4.957779407501221,-0.0005050901672802866,-0.0025041256302735515
287189,78.5,-0.018801867961883545,9,lag_06__T4__duck_amount,T4__duck_amount,False,-3.6976382732391357,-0.0006567080854438245,0.002428268951082682
287189,78.5,-0.018801867961883545,10,lag_13__T1__flash_duration,T1__flash_duration,True,6.399701118469238,-0.0003767450398299843,-0.0024110556527776883
287189,78.5,-0.018801867961883545,11,lag_00__T5__duck_amount,T5__duck_amount,False,3.7970333099365234,-0.0006162750069051981,-0.002340016729300398
287189,78.5,-0.018801867961883545,12,lag_15__T4__duck_amount,T4__duck_amount,False,3.6976382732391357,0.0006193987792357802,0.002290312632499819
287189,78.5,-0.018801867961883545,13,lag_13__T_flashed_players,T_flashed_players,False,7.7184953689575195,-0.00028414413100108504,-0.0021931651592483337
287189,78.5,-0.018801867961883545,14,lag_01__T_place_SHORTSTAIRS,T_place_SHORTSTAIRS,False,-4.202706336975098,0.0004471036372706294,-0.0018790452896418897
287189,78.5,-0.018801867961883545,15,lag_11__T4__duck_amount,T4__duck_amount,False,-3.6976382732391357,0.00047953365719877183,-0.0017731420041645143
287189,78.5,-0.018801867961883545,16,lag_13__T_flash_duration_sum,T_flash_duration_sum,True,8.21633529663086,0.00020954020146746188,0.0017216525533802485
287189,78.5,-0.018801867961883545,17,lag_06__CT_place_BDOORS,CT_place_BDOORS,False,4.810471534729004,-0.00033584251650609076,-0.0016155608658043052
287189,78.5,-0.018801867961883545,18,lag_09__CT5__is_scoped,CT5__is_scoped,False,3.5760385990142822,0.0004505130054894835,0.0016110518969883261
287189,78.5,-0.018801867961883545,19,lag_06__T2__is_walking,T2__is_walking,False,-2.2968344688415527,0.000674963986966759,-0.0015502805504919726
287189,78.5,-0.018801867961883545,20,lag_11__CT5__duck_amount,CT5__duck_amount,False,-3.7749595642089844,0.00040931024705059826,-0.0015451296318323982
282549,6.0,-0.018685460090637207,1,lag_05__T_he_last_5s,T_he_last_5s,True,13.051742553710938,-0.00024261594808194786,-0.0031665608937900824
282549,6.0,-0.018685460090637207,2,lag_02__T4__is_scoped,T4__is_scoped,False,-4.644811153411865,0.000603504478931427,-0.002803164334874708
282549,6.0,-0.018685460090637207,3,lag_08__CT_place_UNDERA,CT_place_UNDERA,False,6.1099138259887695,-0.0004104870022274554,-0.0025080402102982124
282549,6.0,-0.018685460090637207,4,lag_00__T_place_TSPAWN,T_place_TSPAWN,False,-2.8476150035858154,0.0006423197337426245,-0.0018290793109047437
282549,6.0,-0.018685460090637207,5,lag_03__CT_place_UNDERA,CT_place_UNDERA,False,-3.0549564361572266,-0.0005000540404580534,0.0015276433093237562
282549,6.0,-0.018685460090637207,6,lag_03__CT_place_MIDDOORS,CT_place_MIDDOORS,False,2.8863232135772705,0.0005262577906250954,0.0015189500774070996
282549,6.0,-0.018685460090637207,7,lag_02__CT_place_UNDERA,CT_place_UNDERA,False,-3.054957389831543,-0.00045801213127560914,0.001399207545072917
282549,6.0,-0.018685460090637207,8,lag_12__CT_money_sum,CT_money_sum,False,4.302239894866943,-0.0003167501708958298,-0.0013627352219339611
282549,6.0,-0.018685460090637207,9,lag_12__CT_start_balance_sum,CT_start_balance_sum,False,4.300045013427734,-0.00031566916732117534,-0.0013573916288323051
282549,6.0,-0.018685460090637207,10,lag_03__CT_place_LONGA,CT_place_LONGA,False,2.671205997467041,0.0005015977076254785,0.0013398708049248975
282549,6.0,-0.018685460090637207,11,lag_05__CT_place_MIDDOORS,CT_place_MIDDOORS,False,2.8863234519958496,0.00046401238068938255,0.001339289816400191
282549,6.0,-0.018685460090637207,12,lag_06__T4__is_walking,T4__is_walking,False,2.307980537414551,0.0005145688774064183,0.0011876149542132675
282549,6.0,-0.018685460090637207,13,lag_02__T_scoped_count,T_scoped_count,False,-2.8811259269714355,0.0004104470135644078,-0.0011825495324284119
282549,6.0,-0.018685460090637207,14,lag_05__CT2__is_walking,CT2__is_walking,False,2.360051155090332,-0.0004760352603625506,-0.0011234675660823645
282549,6.0,-0.018685460090637207,15,lag_00__T_place_OUTSIDELONG,T_place_OUTSIDELONG,False,4.919148921966553,-0.0002178040740545839,-0.0010714106760855296
282549,6.0,-0.018685460090637207,16,lag_03__CT2__is_walking,CT2__is_walking,False,-2.360051155090332,0.0004268028133083135,-0.0010072764725440886
282549,6.0,-0.018685460090637207,17,lag_12__round_num,round_num,False,2.7023725509643555,-0.000348851055605337,-0.0009427255170428028
282549,6.0,-0.018685460090637207,18,lag_07__T4__is_scoped,T4__is_scoped,False,4.644811153411865,0.00020071449398528785,0.0009322809203142837
282549,6.0,-0.018685460090637207,19,lag_09__CT_place_UNDERA,CT_place_UNDERA,False,3.054957389831543,-0.0002984604216180742,-0.0009117838705943737
282549,6.0,-0.018685460090637207,20,lag_12__money_diff,money_diff,False,3.2780861854553223,-0.0002511150960344821,-0.0008231769272699224
285781,56.5,-0.018384337425231934,1,lag_09__T4__duck_amount,T4__duck_amount,False,3.3165946006774902,-0.0005335460882633924,-0.001769556075546963
285781,56.5,-0.018384337425231934,2,lag_05__T_place_LOWERTUNNEL,T_place_LOWERTUNNEL,False,4.32400369644165,-0.00038830353878438473,-0.0016790259370450533
285781,56.5,-0.018384337425231934,3,lag_09__CT5__is_scoped,CT5__is_scoped,False,-3.5760385990142822,0.0004505130054894835,-0.0016110518969883261
285781,56.5,-0.018384337425231934,4,lag_04__T1__is_walking,T1__is_walking,False,-2.281590461730957,0.0005284955259412527,-0.0012058103510550477
285781,56.5,-0.018384337425231934,5,lag_00__T2__is_walking,T2__is_walking,False,-2.2968344688415527,0.0005204839399084449,-0.0011954654536601717
285781,56.5,-0.018384337425231934,6,lag_11__T2__is_walking,T2__is_walking,False,2.2968344688415527,-0.00048056713421829045,-0.0011037831584649743
285781,56.5,-0.018384337425231934,7,lag_10__T4__duck_amount,T4__duck_amount,False,-3.3165946006774902,-0.0003053958935197443,0.0010128743715166616
285781,56.5,-0.018384337425231934,8,lag_03__T2__is_walking,T2__is_walking,False,-2.2968344688415527,-0.00040741125121712685,0.0009357562047893619
285781,56.5,-0.018384337425231934,9,lag_01__CT5__is_walking,CT5__is_walking,False,-2.396676540374756,0.0003701462992466986,-0.0008871209519110967
285781,56.5,-0.018384337425231934,10,lag_11__T1__is_walking,T1__is_walking,False,-2.281590461730957,0.00038013741141185164,-0.0008673178920243774
285781,56.5,-0.018384337425231934,11,lag_07__T5__is_walking,T5__is_walking,False,2.3193888664245605,0.0003339978284202516,0.0007746708446479122
285781,56.5,-0.018384337425231934,12,lag_09__CT3__is_walking,CT3__is_walking,False,2.387126922607422,-0.00031851293169893324,-0.0007603307944571425
285781,56.5,-0.018384337425231934,13,lag_02__T2__is_walking,T2__is_walking,False,2.2968344688415527,-0.00032659864518791437,-0.000750143025744554
285781,56.5,-0.018384337425231934,14,lag_10__T3__is_walking,T3__is_walking,False,-2.3223767280578613,-0.00031775125535205007,0.000737938120740772
285781,56.5,-0.018384337425231934,15,lag_14__T2__is_walking,T2__is_walking,False,2.2968344688415527,-0.00031520536867901683,-0.0007239745555458754
285781,56.5,-0.018384337425231934,16,lag_12__T2__duck_amount,T2__duck_amount,False,3.8233180046081543,-0.0001860647607827559,-0.0007113847499238199
285781,56.5,-0.018384337425231934,17,lag_15__T_active_infernos,T_active_infernos,True,-2.082643508911133,0.0003406494506634772,-0.0007094513672384339
285781,56.5,-0.018384337425231934,18,lag_09__CT_scoped_count,CT_scoped_count,False,-2.141930103302002,0.000312679709168151,-0.0006697380817589776
285781,56.5,-0.018384337425231934,19,lag_00__CT_active_infernos,CT_active_infernos,True,-2.3042759895324707,0.00026378739858046174,-0.0006078389688901897
285781,56.5,-0.018384337425231934,20,lag_14__T2__duck_amount,T2__duck_amount,False,-3.8233180046081543,-0.00015782925765961409,0.000603431442463942
285205,47.5,0.01832050085067749,1,lag_05__T1__duck_amount,T1__duck_amount,False,3.915480136871338,-0.0006553102284669876,-0.0025658541830511084
285205,47.5,0.01832050085067749,2,lag_04__T1__duck_amount,T1__duck_amount,False,-3.915480136871338,-0.0006259491783566773,0.0024508915745465043
285205,47.5,0.01832050085067749,3,lag_07__T1__duck_amount,T1__duck_amount,False,-3.35819673538208,-0.0005426298594102263,0.0018222578223922592
285205,47.5,0.01832050085067749,4,lag_13__T_place_LOWERTUNNEL,T_place_LOWERTUNNEL,False,-4.324003219604492,-0.00041904355748556554,0.0018119456917221055
285205,47.5,0.01832050085067749,5,lag_08__T2__is_walking,T2__is_walking,False,-2.2968344688415527,0.0007642210694029927,-0.0017552892940197462
285205,47.5,0.01832050085067749,6,lag_04__CT3__is_walking,CT3__is_walking,False,2.387126922607422,-0.0005710183177143335,-0.001363093199517884
285205,47.5,0.01832050085067749,7,lag_12__T2__is_walking,T2__is_walking,False,2.2968344688415527,-0.0005905634607188404,-0.001356426512617387
285205,47.5,0.01832050085067749,8,lag_04__T1__is_walking,T1__is_walking,False,2.281590461730957,0.0005284955259412527,0.0012058103510550477
285205,47.5,0.01832050085067749,9,lag_00__CT4__is_walking,CT4__is_walking,False,-2.384641170501709,-0.0004602376720868051,0.0010975017010740606
285205,47.5,0.01832050085067749,10,lag_13__T3__is_walking,T3__is_walking,False,2.3223767280578613,0.00045917637180536985,0.0010663805199548348
285205,47.5,0.01832050085067749,11,lag_00__CT3__is_walking,CT3__is_walking,False,-2.387126922607422,-0.000434746325481683,0.0010377946580619746
285205,47.5,0.01832050085067749,12,lag_05__CT3__is_walking,CT3__is_walking,False,-2.387126922607422,-0.0004328789364080876,0.001033336963329412
285205,47.5,0.01832050085067749,13,lag_00__T5__is_walking,T5__is_walking,False,2.3193888664245605,0.00042383084655739367,0.0009830285467525152
285205,47.5,0.01832050085067749,14,lag_07__T4__is_scoped,T4__is_scoped,False,4.644811153411865,0.00020071449398528785,0.0009322809203142837
285205,47.5,0.01832050085067749,15,lag_01__CT5__is_walking,CT5__is_walking,False,-2.396676540374756,0.0003701462992466986,-0.0008871209519110967
285205,47.5,0.01832050085067749,16,lag_09__T2__is_walking,T2__is_walking,False,2.2968344688415527,0.00036144626210443676,0.0008301822334354086
285205,47.5,0.01832050085067749,17,lag_02__CT3__is_walking,CT3__is_walking,False,-2.387126922607422,0.00033928468474186957,-0.0008099156053756884
285205,47.5,0.01832050085067749,18,lag_13__CT3__is_walking,CT3__is_walking,False,2.387126922607422,-0.00033269060077145696,-0.0007941746899999824
285205,47.5,0.01832050085067749,19,lag_14__CT4__duck_amount,CT4__duck_amount,False,-3.6725916862487793,-0.0002085866581182927,0.0007660536264676582
285205,47.5,0.01832050085067749,20,lag_00__CT_walking_count,CT_walking_count,False,-1.7948951721191406,-0.00041191658237949014,0.0007393470850287631
286197,63.0,0.0180894136428833,1,lag_00__CT4__duck_amount,CT4__duck_amount,False,2.5665571689605713,0.001109681325033307,0.0028480605600259
286197,63.0,0.0180894136428833,2,lag_01__CT_place_EXTENDEDA,CT_place_EXTENDEDA,False,5.6138224601745605,0.000490585109218955,0.0027540577047605597
286197,63.0,0.0180894136428833,3,lag_12__CT_place_BDOORS,CT_place_BDOORS,False,-4.810472011566162,0.0005382957751862705,-0.002589456760477865
286197,63.0,0.0180894136428833,4,lag_00__T5__duck_amount,T5__duck_amount,False,-3.7970333099365234,-0.0006162750069051981,0.002340016729300398
286197,63.0,0.0180894136428833,5,lag_01__T5__duck_amount,T5__duck_amount,False,3.7970333099365234,-0.0004773600085172802,-0.0018125518531716955
286197,63.0,0.0180894136428833,6,lag_08__T2__is_walking,T2__is_walking,False,2.2968344688415527,0.0007642210694029927,0.0017552892940197462
286197,63.0,0.0180894136428833,7,lag_10__CT_place_ARAMP,CT_place_ARAMP,False,-6.229295253753662,-0.0002730042615439743,0.0017006241506904024
286197,63.0,0.0180894136428833,8,lag_14__CT_A_site_active_infernos,CT_A_site_active_infernos,True,3.5290780067443848,0.00039161994936876,0.0013820573503196404
286197,63.0,0.0180894136428833,9,lag_09__T1__duck_amount,T1__duck_amount,False,2.9484851360321045,0.00046269988524727523,0.0013642637340953515
286197,63.0,0.0180894136428833,10,lag_12__T2__is_walking,T2__is_walking,False,2.2968344688415527,-0.0005905634607188404,-0.001356426512617387
286197,63.0,0.0180894136428833,11,lag_12__T1__is_walking,T1__is_walking,False,2.281590461730957,0.0005943257710896432,0.0013560080104790262
286197,63.0,0.0180894136428833,12,lag_11__CT4__is_walking,CT4__is_walking,False,-2.384641170501709,0.0005132672376930714,-0.0012239581864725846
286197,63.0,0.0180894136428833,13,lag_00__T2__is_walking,T2__is_walking,False,-2.2968344688415527,0.0005204839399084449,-0.0011954654536601717
286197,63.0,0.0180894136428833,14,lag_12__CT5__is_walking,CT5__is_walking,False,2.396676540374756,0.0004820985486730933,0.0011554342817535201
286197,63.0,0.0180894136428833,15,lag_01__T4__is_scoped,T4__is_scoped,False,-4.644811153411865,0.00023923513072077185,-0.0011112020034597866
286197,63.0,0.0180894136428833,16,lag_13__CT_B_site_active_infernos,CT_B_site_active_infernos,True,-3.435478687286377,-0.00030826753936707973,0.0010590465614778166
286197,63.0,0.0180894136428833,17,lag_12__CT2__is_walking,CT2__is_walking,False,-2.360051155090332,0.0004432745336089283,-0.0010461505750658795
286197,63.0,0.0180894136428833,18,lag_00__CT3__is_walking,CT3__is_walking,False,-2.387126922607422,-0.000434746325481683,0.0010377946580619746
286197,63.0,0.0180894136428833,19,lag_05__CT3__is_walking,CT3__is_walking,False,-2.387126922607422,-0.0004328789364080876,0.001033336963329412
286197,63.0,0.0180894136428833,20,lag_10__CT2__is_walking,CT2__is_walking,False,2.360051155090332,0.00041542656254023314,0.0009804279387782833
286773,72.0,0.0178719162940979,1,lag_00__T2__flash_duration,T2__flash_duration,True,8.038690567016602,0.0007203852292150259,0.005790953946708921
286773,72.0,0.0178719162940979,2,lag_00__T_flash_duration_sum,T_flash_duration_sum,True,8.21633529663086,0.0004879351472482085,0.004009038772802231
286773,72.0,0.0178719162940979,3,lag_00__T_place_SHORTSTAIRS,T_place_SHORTSTAIRS,False,4.202706336975098,0.0007216664380393922,0.0030329521123304004
286773,72.0,0.0178719162940979,4,lag_15__T4__duck_amount,T4__duck_amount,False,-3.6976382732391357,0.0006193987792357802,-0.002290312632499819
286773,72.0,0.0178719162940979,5,lag_06__T5__duck_amount,T5__duck_amount,False,2.541142225265503,0.0008852121536619961,0.002249449981988713
286773,72.0,0.0178719162940979,6,lag_00__T_flashed_players,T_flashed_players,False,7.7184953689575195,0.000280433741863817,0.0021645265378753
286773,72.0,0.0178719162940979,7,lag_01__T_place_SHORTSTAIRS,T_place_SHORTSTAIRS,False,4.202706336975098,0.0004471036372706294,0.0018790452896418897
286773,72.0,0.0178719162940979,8,lag_07__CT_place_UNDERA,CT_place_UNDERA,False,-3.054957389831543,-0.00048298120964318514,0.0014754870155492261
286773,72.0,0.0178719162940979,9,lag_12__T1__is_walking,T1__is_walking,False,2.281590461730957,0.0005943257710896432,0.0013560080104790262
286773,72.0,0.0178719162940979,10,lag_00__T5__flash_duration,T5__flash_duration,True,2.782254934310913,0.00046801220742054284,0.0013021292734135478
286773,72.0,0.0178719162940979,11,lag_08__CT_place_UNDERA,CT_place_UNDERA,False,3.054957389831543,-0.0004104870022274554,-0.0012540203008845618
286773,72.0,0.0178719162940979,12,lag_02__T5__is_walking,T5__is_walking,False,-2.3193888664245605,-0.00048231915570795536,0.0011186856798123257
286773,72.0,0.0178719162940979,13,lag_07__CT_place_EXTENDEDA,CT_place_EXTENDEDA,False,5.6138224601745605,0.00019858031009789556,0.0011147946049759952
286773,72.0,0.0178719162940979,14,lag_06__CT5__is_scoped,CT5__is_scoped,False,-3.5760385990142822,0.00030853634234517813,-0.0011033378694250418
286773,72.0,0.0178719162940979,15,lag_00__T1__duck_amount,T1__duck_amount,False,3.4849491119384766,-0.00031590720755048096,-0.0011009205424080126
286773,72.0,0.0178719162940979,16,lag_05__CT3__is_walking,CT3__is_walking,False,-2.387126922607422,-0.0004328789364080876,0.001033336963329412
286773,72.0,0.0178719162940979,17,lag_15__T1__duck_amount,T1__duck_amount,False,-3.915480136871338,0.00026156959938816726,-0.0010241705708137622
286773,72.0,0.0178719162940979,18,lag_15__T_duck_amount_mean,T_duck_amount_mean,False,-2.6220948696136475,0.00038040036452002823,-0.0009974458442071274
286773,72.0,0.0178719162940979,19,lag_00__T1__flash_duration,T1__flash_duration,True,6.399701118469238,-0.0001408962270943448,-0.0009016937421237742
286773,72.0,0.0178719162940979,20,lag_13__T4__is_walking,T4__is_walking,False,-2.307980537414551,-0.0003898956929333508,0.0008998716709119337
288277,95.5,-0.01745540276169777,1,lag_15__T_place_EXTENDEDA,T_place_EXTENDEDA,False,-9.915559768676758,-0.001781801925972104,0.017667563492919758
288277,95.5,-0.01745540276169777,2,lag_02__T_place_EXTENDEDA,T_place_EXTENDEDA,False,4.957779407501221,-0.0014909912133589387,-0.007392005534356205
288277,95.5,-0.01745540276169777,3,lag_02__T_place_SHORTSTAIRS,T_place_SHORTSTAIRS,False,-4.2027058601379395,0.0009662153315730393,-0.0040607188361571345
288277,95.5,-0.01745540276169777,4,lag_15__T_place_SHORTSTAIRS,T_place_SHORTSTAIRS,False,4.2027058601379395,0.0006826901808381081,0.0028691460236669464
288277,95.5,-0.01745540276169777,5,lag_14__T2__flash_duration,T2__flash_duration,True,-4.284423828125,-0.0006087218062020838,0.0026080222111914964
288277,95.5,-0.01745540276169777,6,lag_04__CT_place_UNDERA,CT_place_UNDERA,False,3.054957389831543,-0.000814255210570991,-0.002487514972742688
288277,95.5,-0.01745540276169777,7,lag_05__CT_place_UNDERA,CT_place_UNDERA,False,3.054957389831543,-0.0007924962555989623,-0.002421042292455877
288277,95.5,-0.01745540276169777,8,lag_14__CT4__flash_duration,CT4__flash_duration,True,6.394191265106201,-0.00036193334381096065,-0.002314271025546724
288277,95.5,-0.01745540276169777,9,lag_14__T1__flash_duration,T1__flash_duration,True,4.363584518432617,-0.0005211441311985254,-0.0022740564627699023
288277,95.5,-0.01745540276169777,10,lag_03__T1__flash_duration,T1__flash_duration,True,4.736575126647949,-0.000443183263996616,-0.002099170824793023
288277,95.5,-0.01745540276169777,11,lag_03__T_flash_duration_sum,T_flash_duration_sum,True,5.337976932525635,-0.0003616742615122348,-0.0019306088650405534
288277,95.5,-0.01745540276169777,12,lag_08__T_place_EXTENDEDA,T_place_EXTENDEDA,False,-4.957779407501221,-0.00035777021548710763,0.0017737458069592565
288277,95.5,-0.01745540276169777,13,lag_02__T2__duck_amount,T2__duck_amount,False,3.8233180046081543,0.0004555195046123117,0.0017415959234344386
288277,95.5,-0.01745540276169777,14,lag_06__T1__duck_amount,T1__duck_amount,False,3.5239322185516357,-0.00046816820395179093,-0.0016497930176071693
288277,95.5,-0.01745540276169777,15,lag_07__T_bomb_zone_count,T_bomb_zone_count,False,5.821373462677002,-0.00027709591086022556,-0.0016130787820980291
288277,95.5,-0.01745540276169777,16,lag_03__CT4__flash_duration,CT4__flash_duration,True,-5.912312984466553,-0.0002716068411245942,0.0016058246534508824
288277,95.5,-0.01745540276169777,17,lag_14__T_flashed_players,T_flashed_players,False,3.8592472076416016,-0.00040006221388466656,-0.0015439389818173166
288277,95.5,-0.01745540276169777,18,lag_00__T1__duck_amount,T1__duck_amount,False,-3.915480136871338,-0.00031590720755048096,0.0012369283962583993
288277,95.5,-0.01745540276169777,19,lag_03__T_flashed_players,T_flashed_players,False,5.788870811462402,-0.00021023031149525195,-0.0012169961138995128
288277,95.5,-0.01745540276169777,20,lag_03__CT2__flash_duration,CT2__flash_duration,True,1.451656460762024,-0.0007721625152043998,-0.0011209147039547215
286741,71.5,-0.017234325408935547,1,lag_00__T_place_SHORTSTAIRS,T_place_SHORTSTAIRS,False,4.202706336975098,0.0007216664380393922,0.0030329521123304004
286741,71.5,-0.017234325408935547,2,lag_04__T5__duck_amount,T5__duck_amount,False,-2.541142225265503,0.0010109859285876155,-0.002569059032283244
286741,71.5,-0.017234325408935547,3,lag_05__CT_place_UNDERA,CT_place_UNDERA,False,3.054957389831543,-0.0007924962555989623,-0.002421042292455877
286741,71.5,-0.017234325408935547,4,lag_09__T_place_SHORTSTAIRS,T_place_SHORTSTAIRS,False,4.202706813812256,-0.0004627402813639492,-0.0019447617335136697
286741,71.5,-0.017234325408935547,5,lag_11__T4__duck_amount,T4__duck_amount,False,-3.6976382732391357,0.00047953365719877183,-0.0017731420041645143
286741,71.5,-0.017234325408935547,6,lag_08__T2__is_walking,T2__is_walking,False,2.2968344688415527,0.0007642210694029927,0.0017552892940197462
286741,71.5,-0.017234325408935547,7,lag_07__CT_place_UNDERA,CT_place_UNDERA,False,3.054957389831543,-0.00048298120964318514,-0.0014754870155492261
286741,71.5,-0.017234325408935547,8,lag_00__T3__is_walking,T3__is_walking,False,2.3223767280578613,-0.0005952675710432231,-0.001382435553958311
286741,71.5,-0.017234325408935547,9,lag_04__CT3__is_walking,CT3__is_walking,False,-2.387126922607422,-0.0005710183177143335,0.001363093199517884
286741,71.5,-0.017234325408935547,10,lag_04__T1__is_walking,T1__is_walking,False,-2.281590461730957,0.0005284955259412527,-0.0012058103510550477
286741,71.5,-0.017234325408935547,11,lag_01__T4__duck_amount,T4__duck_amount,False,3.6976382732391357,0.00031122477957978845,0.0011507966565546396
286741,71.5,-0.017234325408935547,12,lag_07__CT_place_EXTENDEDA,CT_place_EXTENDEDA,False,-5.6138224601745605,0.00019858031009789556,-0.0011147946049759952
286741,71.5,-0.017234325408935547,13,lag_00__CT4__is_walking,CT4__is_walking,False,2.384641170501709,-0.0004602376720868051,-0.0010975017010740606
286741,71.5,-0.017234325408935547,14,lag_05__CT_place_EXTENDEDA,CT_place_EXTENDEDA,False,-5.6138224601745605,0.00018847803585231304,-0.001058082230917301
286741,71.5,-0.017234325408935547,15,lag_04__T5__is_walking,T5__is_walking,False,2.3193888664245605,0.00041472751763649285,0.0009619143870059771
286741,71.5,-0.017234325408935547,16,lag_05__T_place_SHORTSTAIRS,T_place_SHORTSTAIRS,False,4.202706813812256,-0.0002287543611600995,-0.0009613875123368198
286741,71.5,-0.017234325408935547,17,lag_03__bomb_events_last_5s,bomb_events_last_5s,False,4.178802490234375,-0.00021947866480331868,-0.0009171579910334238
286741,71.5,-0.017234325408935547,18,lag_11__T1__is_walking,T1__is_walking,False,2.281590461730957,0.00038013741141185164,0.0008673178920243774
286741,71.5,-0.017234325408935547,19,lag_04__CT4__is_walking,CT4__is_walking,False,2.384641170501709,-0.00033677276223897934,-0.0008030821939386534
286741,71.5,-0.017234325408935547,20,lag_05__T_place_CATWALK,T_place_CATWALK,False,-2.8785853385925293,0.0002772166335489601,-0.0007979917369480144
288213,94.5,0.01672738417983055,1,lag_13__T_place_EXTENDEDA,T_place_EXTENDEDA,False,-9.915559768676758,-0.001509269466623664,0.01496525160334583
288213,94.5,0.01672738417983055,2,lag_15__T_place_EXTENDEDA,T_place_EXTENDEDA,False,4.957779884338379,-0.001781801925972104,-0.008833781746459879
288213,94.5,0.01672738417983055,3,lag_06__T_place_EXTENDEDA,T_place_EXTENDEDA,False,-4.957779407501221,-0.0006772736669518054,0.0033577734392565006
288213,94.5,0.01672738417983055,4,lag_00__T_place_SHORTSTAIRS,T_place_SHORTSTAIRS,False,-4.2027058601379395,0.0007216664380393922,-0.003032951768213027
288213,94.5,0.01672738417983055,5,lag_01__CT4__flash_duration,CT4__flash_duration,True,-5.912312984466553,-0.0004876780149061233,0.0028833050597683457
288213,94.5,0.01672738417983055,6,lag_15__T_place_SHORTSTAIRS,T_place_SHORTSTAIRS,False,-4.2027058601379395,0.0006826901808381081,-0.0028691460236669464
288213,94.5,0.01672738417983055,7,lag_12__T2__flash_duration,T2__flash_duration,True,-4.284423828125,-0.0005944013828411698,0.0025466674481151585
288213,94.5,0.01672738417983055,8,lag_01__T2__flash_duration,T2__flash_duration,True,5.729948043823242,0.0003978577151428908,0.002279704036602992
288213,94.5,0.01672738417983055,9,lag_04__T1__duck_amount,T1__duck_amount,False,3.5239322185516357,-0.0006259491783566773,-0.0022058024767870194
288213,94.5,0.01672738417983055,10,lag_00__T_place_EXTENDEDA,T_place_EXTENDEDA,False,4.957779407501221,-0.00041461060754954815,-0.00205554793224072
288213,94.5,0.01672738417983055,11,lag_05__T_bomb_zone_count,T_bomb_zone_count,False,5.821373462677002,-0.0003237762430217117,-0.0018848224289718524
288213,94.5,0.01672738417983055,12,lag_04__CT_duck_amount_mean,CT_duck_amount_mean,False,-3.992356538772583,-0.0004462930664885789,0.0017817610422045452
288213,94.5,0.01672738417983055,13,lag_03__CT_place_UNDERA,CT_place_UNDERA,False,3.054957389831543,-0.0005000540404580534,-0.0015276437862124514
288213,94.5,0.01672738417983055,14,lag_01__CT_flashed_players,CT_flashed_players,False,2.1899399757385254,0.0006684280233457685,0.0014638172492287826
288213,94.5,0.01672738417983055,15,lag_02__CT_place_UNDERA,CT_place_UNDERA,False,3.054957389831543,-0.00045801213127560914,-0.001399207545072917
288213,94.5,0.01672738417983055,16,lag_00__T3__is_walking,T3__is_walking,False,2.3223767280578613,-0.0005952675710432231,-0.001382435553958311
288213,94.5,0.01672738417983055,17,lag_05__CT3__duck_amount,CT3__duck_amount,False,3.7208433151245117,0.00034184069954790175,0.001271935681750297
288213,94.5,0.01672738417983055,18,lag_05__T1__flash_duration,T1__flash_duration,True,-4.363584518432617,-0.00028549961280077696,0.001245801690435977
288213,94.5,0.01672738417983055,19,lag_11__CT4__is_walking,CT4__is_walking,False,2.384641170501709,0.0005132672376930714,0.0012239581864725846
288213,94.5,0.01672738417983055,20,lag_02__T5__is_walking,T5__is_walking,False,-2.3193888664245605,-0.00048231915570795536,0.0011186856798123257
284789,41.0,-0.016478419303894043,1,lag_11__T_place_LOWERTUNNEL,T_place_LOWERTUNNEL,False,8.6480073928833,-0.00038801980554126203,-0.003355598146905975
284789,41.0,-0.016478419303894043,2,lag_03__T_shots_fired_sum,T_shots_fired_sum,False,-5.997896671295166,-0.0004776092537213117,0.0028646509530748238
284789,41.0,-0.016478419303894043,3,lag_13__T_place_LOWERTUNNEL,T_place_LOWERTUNNEL,False,4.32400369644165,-0.00041904355748556554,-0.0018119458915376446
284789,41.0,-0.016478419303894043,4,lag_12__CT_place_LONGA,CT_place_LONGA,False,-2.67120623588562,-0.0006025559268891811,0.0016095511493762205
284789,41.0,-0.016478419303894043,5,lag_00__T3__is_walking,T3__is_walking,False,2.3223767280578613,-0.0005952675710432231,-0.001382435553958311
284789,41.0,-0.016478419303894043,6,lag_12__T2__is_walking,T2__is_walking,False,2.2968344688415527,-0.0005905634607188404,-0.001356426512617387
284789,41.0,-0.016478419303894043,7,lag_02__CT2__is_walking,CT2__is_walking,False,2.360051155090332,0.000537299201823771,0.0012680536018933042
284789,41.0,-0.016478419303894043,8,lag_11__CT4__is_walking,CT4__is_walking,False,-2.384641170501709,0.0005132672376930714,-0.0012239581864725846
284789,41.0,-0.016478419303894043,9,lag_11__T2__is_walking,T2__is_walking,False,-2.2968344688415527,-0.00048056713421829045,0.0011037831584649743
284789,41.0,-0.016478419303894043,10,lag_13__T_place_TUNNELSTAIRS,T_place_TUNNELSTAIRS,False,-6.981647968292236,0.0001564829726703465,-0.0010925090282162542
284789,41.0,-0.016478419303894043,11,lag_13__T3__is_walking,T3__is_walking,False,-2.3223767280578613,0.00045917637180536985,-0.0010663805199548348
284789,41.0,-0.016478419303894043,12,lag_00__CT3__is_walking,CT3__is_walking,False,2.387126922607422,-0.000434746325481683,-0.0010377946580619746
284789,41.0,-0.016478419303894043,13,lag_12__T_place_TUNNELSTAIRS,T_place_TUNNELSTAIRS,False,6.981647968292236,0.0001460215717088431,0.0010194712094478836
284789,41.0,-0.016478419303894043,14,lag_07__T1__is_walking,T1__is_walking,False,2.281590461730957,-0.00041731903911568224,-0.0009521511391450688
284789,41.0,-0.016478419303894043,15,lag_12__T_place_LOWERTUNNEL,T_place_LOWERTUNNEL,False,-4.32400369644165,-0.00021127890795469284,0.0009135707789762471
284789,41.0,-0.016478419303894043,16,lag_01__CT5__is_walking,CT5__is_walking,False,-2.396676540374756,0.0003701462992466986,-0.0008871209519110967
284789,41.0,-0.016478419303894043,17,lag_05__T3__is_walking,T3__is_walking,False,-2.3223767280578613,0.00037997859180904925,-0.0008824534387775335
284789,41.0,-0.016478419303894043,18,lag_02__T3__is_walking,T3__is_walking,False,-2.3223767280578613,-0.00037754722870886326,0.0008768068976962029
284789,41.0,-0.016478419303894043,19,lag_15__T5__is_walking,T5__is_walking,False,-2.3193888664245605,0.0003771537740249187,-0.000874766264403401
284789,41.0,-0.016478419303894043,20,lag_05__T4__duck_amount,T4__duck_amount,False,-3.2333505153656006,0.0002696894807741046,-0.0008720006216496323
284469,36.0,-0.01635664701461792,1,lag_00__CT4__duck_amount,CT4__duck_amount,False,-3.520294189453125,0.001109681325033307,-0.0039064047206593955
284469,36.0,-0.01635664701461792,2,lag_01__T_place_TUNNELSTAIRS,T_place_TUNNELSTAIRS,False,-6.981647968292236,0.00043473849655129015,-0.0030351911411857363
284469,36.0,-0.01635664701461792,3,lag_01__T_place_LOWERTUNNEL,T_place_LOWERTUNNEL,False,8.6480073928833,-0.0003335352230351418,-0.002884415074594887
284469,36.0,-0.01635664701461792,4,lag_06__CT_place_ARAMP,CT_place_ARAMP,False,-6.229295253753662,0.00040708674350753427,-0.0025358635191975176
284469,36.0,-0.01635664701461792,5,lag_06__T_flashed_players,T_flashed_players,False,1.9296237230300903,-0.0009744324488565326,-0.0018802879698038705
284469,36.0,-0.01635664701461792,6,lag_10__CT_place_LONGA,CT_place_LONGA,False,-2.67120623588562,-0.0006461833836510777,0.001726089083934429
284469,36.0,-0.01635664701461792,7,lag_10__CT_place_ARAMP,CT_place_ARAMP,False,6.229295253753662,-0.0002730042615439743,-0.0017006241506904024
284469,36.0,-0.01635664701461792,8,lag_07__CT_place_BDOORS,CT_place_BDOORS,False,4.810472011566162,-0.00031182970269583166,-0.0015000480571932956
284469,36.0,-0.01635664701461792,9,lag_02__CT_place_ARAMP,CT_place_ARAMP,False,6.229295253753662,-0.00023528773454017937,-0.001465676768037591
284469,36.0,-0.01635664701461792,10,lag_04__CT3__is_walking,CT3__is_walking,False,-2.387126922607422,-0.0005710183177143335,0.001363093199517884
284469,36.0,-0.01635664701461792,11,lag_06__T2__flash_duration,T2__flash_duration,True,1.2390564680099487,-0.001094106468372047,-0.0013556596963279072
284469,36.0,-0.01635664701461792,12,lag_12__CT4__duck_amount,CT4__duck_amount,False,-3.6725916862487793,-0.00034434933331795037,0.0012646544987088143
284469,36.0,-0.01635664701461792,13,lag_02__T_place_LOWERTUNNEL,T_place_LOWERTUNNEL,False,-4.32400369644165,-0.0002622887259349227,0.0011341374204775767
284469,36.0,-0.01635664701461792,14,lag_02__T5__is_walking,T5__is_walking,False,-2.3193888664245605,-0.00048231915570795536,0.0011186856798123257
284469,36.0,-0.01635664701461792,15,lag_12__CT3__is_walking,CT3__is_walking,False,-2.387126922607422,-0.00046075513819232583,0.0010998809951086042
284469,36.0,-0.01635664701461792,16,lag_00__CT4__is_walking,CT4__is_walking,False,2.384641170501709,-0.0004602376720868051,-0.0010975017010740606
284469,36.0,-0.01635664701461792,17,lag_13__T3__is_walking,T3__is_walking,False,-2.3223767280578613,0.00045917637180536985,-0.0010663805199548348
284469,36.0,-0.01635664701461792,18,lag_04__T_flashed_players,T_flashed_players,False,-1.9296237230300903,0.0005418639630079269,-0.0010455935576751951
284469,36.0,-0.01635664701461792,19,lag_14__T3__is_walking,T3__is_walking,False,2.3223767280578613,0.000413966306950897,0.0009613857174628204
284469,36.0,-0.01635664701461792,20,lag_07__T4__is_scoped,T4__is_scoped,False,4.644811153411865,0.00020071449398528785,0.0009322809203142837
284277,33.0,-0.016341686248779297,1,lag_00__CT_place_ARAMP,CT_place_ARAMP,False,-6.229295253753662,0.0006528626545332372,-0.004066874235236911
284277,33.0,-0.016341686248779297,2,lag_11__CT5__duck_amount,CT5__duck_amount,False,-3.7749595642089844,0.00040931024705059826,-0.0015451296318323982
284277,33.0,-0.016341686248779297,3,lag_03__CT3__is_walking,CT3__is_walking,False,-2.387126922607422,0.0006463254103437066,-0.0015428607877967515
284277,33.0,-0.016341686248779297,4,lag_04__CT_place_LONGA,CT_place_LONGA,False,-2.67120623588562,0.0005354107124730945,-0.0014301924339180927
284277,33.0,-0.016341686248779297,5,lag_04__CT_place_ARAMP,CT_place_ARAMP,False,6.229295253753662,-0.0002290989796165377,-0.0014271251863651052
284277,33.0,-0.016341686248779297,6,lag_04__CT3__is_walking,CT3__is_walking,False,2.387126922607422,-0.0005710183177143335,-0.001363093199517884
284277,33.0,-0.016341686248779297,7,lag_01__T4__is_scoped,T4__is_scoped,False,4.644811153411865,0.00023923513072077185,0.0011112020034597866
284277,33.0,-0.016341686248779297,8,lag_12__T3__is_walking,T3__is_walking,False,2.3223767280578613,0.0004784365592058748,0.0011111099309518008
284277,33.0,-0.016341686248779297,9,lag_00__CT_place_LONGA,CT_place_LONGA,False,2.67120623588562,0.0004009889089502394,0.0010711240741088507
284277,33.0,-0.016341686248779297,10,lag_13__T3__is_walking,T3__is_walking,False,-2.3223767280578613,0.00045917637180536985,-0.0010663805199548348
284277,33.0,-0.016341686248779297,11,lag_12__CT2__is_walking,CT2__is_walking,False,-2.360051155090332,0.0004432745336089283,-0.0010461505750658795
284277,33.0,-0.016341686248779297,12,lag_00__CT3__is_walking,CT3__is_walking,False,2.387126922607422,-0.000434746325481683,-0.0010377946580619746
284277,33.0,-0.016341686248779297,13,lag_00__T5__is_walking,T5__is_walking,False,2.3193888664245605,0.00042383084655739367,0.0009830285467525152
284277,33.0,-0.016341686248779297,14,lag_00__T2__flash_duration,T2__flash_duration,True,1.2390564680099487,0.0007203852292150259,0.0008925979777177073
284277,33.0,-0.016341686248779297,15,lag_05__T3__is_walking,T3__is_walking,False,2.3223767280578613,0.00037997859180904925,0.0008824534387775335
284277,33.0,-0.016341686248779297,16,lag_09__T2__is_walking,T2__is_walking,False,-2.2968344688415527,0.00036144626210443676,-0.0008301822334354086
284277,33.0,-0.016341686248779297,17,lag_12__CT5__duck_amount,CT5__duck_amount,False,3.7749595642089844,0.0002149929932784289,0.0008115898562143231
284277,33.0,-0.016341686248779297,18,lag_09__CT3__is_walking,CT3__is_walking,False,2.387126922607422,-0.00031851293169893324,-0.0007603307944571425
284277,33.0,-0.016341686248779297,19,lag_02__T_place_TUNNELSTAIRS,T_place_TUNNELSTAIRS,False,6.981647968292236,0.00010636222577886656,0.0007425836175120638
284277,33.0,-0.016341686248779297,20,lag_01__T4__duck_amount,T4__duck_amount,False,2.11084246635437,0.00031122477957978845,0.0006569464813187958
286421,66.5,0.01599937677383423,1,lag_00__CT4__duck_amount,CT4__duck_amount,False,3.6725916862487793,0.001109681325033307,0.004075406408702853
286421,66.5,0.01599937677383423,2,lag_08__T4__is_scoped,T4__is_scoped,False,-4.644811153411865,-0.0007313731475733221,0.0033970901531545084
286421,66.5,0.01599937677383423,3,lag_04__T1__duck_amount,T1__duck_amount,False,-3.915480136871338,-0.0006259491783566773,0.0024508915745465043
286421,66.5,0.01599937677383423,4,lag_06__T4__duck_amount,T4__duck_amount,False,3.6976382732391357,-0.0006567080854438245,-0.002428268951082682
286421,66.5,0.01599937677383423,5,lag_08__T2__is_walking,T2__is_walking,False,2.2968344688415527,0.0007642210694029927,0.0017552892940197462
286421,66.5,0.01599937677383423,6,lag_06__T2__is_walking,T2__is_walking,False,2.2968344688415527,0.000674963986966759,0.0015502805504919726
286421,66.5,0.01599937677383423,7,lag_06__T5__duck_amount,T5__duck_amount,False,1.6135780811309814,0.0008852121536619961,0.0014283589282997472
286421,66.5,0.01599937677383423,8,lag_10__CT5__is_scoped,CT5__is_scoped,False,3.5760385990142822,0.0003877825220115483,0.0013867252667364022
286421,66.5,0.01599937677383423,9,lag_04__CT3__is_walking,CT3__is_walking,False,2.387126922607422,-0.0005710183177143335,-0.001363093199517884
286421,66.5,0.01599937677383423,10,lag_08__T5__duck_amount,T5__duck_amount,False,3.7970333099365234,0.00034443146432749927,0.0013078177430417282
286421,66.5,0.01599937677383423,11,lag_08__T_scoped_count,T_scoped_count,False,-2.8811259269714355,-0.0004265274910721928,0.0012288794130941721
286421,66.5,0.01599937677383423,12,lag_06__T4__is_walking,T4__is_walking,False,-2.307980537414551,0.0005145688774064183,-0.0011876149542132675
286421,66.5,0.01599937677383423,13,lag_01__T4__duck_amount,T4__duck_amount,False,-3.6976382732391357,0.00031122477957978845,-0.0011507966565546396
286421,66.5,0.01599937677383423,14,lag_10__T4__duck_amount,T4__duck_amount,False,-3.6976382732391357,-0.0003053958935197443,0.0011292435443686702
286421,66.5,0.01599937677383423,15,lag_12__CT3__is_walking,CT3__is_walking,False,-2.387126922607422,-0.00046075513819232583,0.0010998809951086042
286421,66.5,0.01599937677383423,16,lag_04__T5__duck_amount,T5__duck_amount,False,-0.9654229879379272,0.0010109859285876155,-0.0009760290559402557
286421,66.5,0.01599937677383423,17,lag_07__T5__duck_amount,T5__duck_amount,False,-3.7970333099365234,0.0002565290196798742,-0.0009740492326898442
286421,66.5,0.01599937677383423,18,lag_04__T5__is_walking,T5__is_walking,False,2.3193888664245605,0.00041472751763649285,0.0009619143870059771
286421,66.5,0.01599937677383423,19,lag_03__T2__is_walking,T2__is_walking,False,-2.2968344688415527,-0.00040741125121712685,0.0009357562047893619
286421,66.5,0.01599937677383423,20,lag_11__CT2__is_walking,CT2__is_walking,False,-2.360051155090332,0.0003764344728551805,-0.000888404612477689
285653,54.5,-0.015560567378997803,1,lag_01__T_place_TUNNELSTAIRS,T_place_TUNNELSTAIRS,False,-6.981647968292236,0.00043473849655129015,-0.0030351911411857363
285653,54.5,-0.015560567378997803,2,lag_07__T2__duck_amount,T2__duck_amount,False,-3.8233180046081543,0.0007288124179467559,-0.002786481639517835
285653,54.5,-0.015560567378997803,3,lag_08__T2__duck_amount,T2__duck_amount,False,3.8233180046081543,-0.0007068535778671503,-0.0027025260108811677
285653,54.5,-0.015560567378997803,4,lag_06__T4__duck_amount,T4__duck_amount,False,-3.3165946006774902,-0.0006567080854438245,0.0021780344904042404
285653,54.5,-0.015560567378997803,5,lag_01__T_place_LOWERTUNNEL,T_place_LOWERTUNNEL,False,4.32400369644165,-0.0003335352230351418,-0.0014422075372974436
285653,54.5,-0.015560567378997803,6,lag_12__T3__is_walking,T3__is_walking,False,2.3223767280578613,0.0004784365592058748,0.0011111099309518008
285653,54.5,-0.015560567378997803,7,lag_13__T3__is_walking,T3__is_walking,False,-2.3223767280578613,0.00045917637180536985,-0.0010663805199548348
285653,54.5,-0.015560567378997803,8,lag_05__CT3__is_walking,CT3__is_walking,False,2.387126922607422,-0.0004328789364080876,-0.001033336963329412
285653,54.5,-0.015560567378997803,9,lag_07__T1__is_walking,T1__is_walking,False,-2.281590461730957,-0.00041731903911568224,0.0009521511391450688
285653,54.5,-0.015560567378997803,10,lag_05__T4__duck_amount,T4__duck_amount,False,3.3165946006774902,0.0002696894807741046,0.0008944506757949111
285653,54.5,-0.015560567378997803,11,lag_01__CT5__is_walking,CT5__is_walking,False,-2.396676540374756,0.0003701462992466986,-0.0008871209519110967
285653,54.5,-0.015560567378997803,12,lag_15__T5__is_walking,T5__is_walking,False,-2.3193888664245605,0.0003771537740249187,-0.000874766264403401
285653,54.5,-0.015560567378997803,13,lag_15__CT3__is_walking,CT3__is_walking,False,2.387126922607422,-0.0003520298341754824,-0.0008403398947213203
285653,54.5,-0.015560567378997803,14,lag_09__T2__is_walking,T2__is_walking,False,-2.2968344688415527,0.00036144626210443676,-0.0008301822334354086
285653,54.5,-0.015560567378997803,15,lag_02__CT3__is_walking,CT3__is_walking,False,-2.387126922607422,0.00033928468474186957,-0.0008099156053756884
285653,54.5,-0.015560567378997803,16,lag_14__T4__duck_amount,T4__duck_amount,False,3.6976382732391357,0.00021507804922293872,0.000795280826540349
285653,54.5,-0.015560567378997803,17,lag_14__T5__is_walking,T5__is_walking,False,2.3193888664245605,0.00032171810744330287,0.0007461893965311772
285653,54.5,-0.015560567378997803,18,lag_08__CT4__is_walking,CT4__is_walking,False,-2.384641170501709,0.00031180543010123074,-0.0007435440658053877
285653,54.5,-0.015560567378997803,19,lag_15__CT5__is_walking,CT5__is_walking,False,-2.396676540374756,0.0003089990059379488,-0.0007405706685306018
285653,54.5,-0.015560567378997803,20,lag_01__T_place_OUTSIDELONG,T_place_OUTSIDELONG,False,2.4595744609832764,-0.00030103136668913066,-0.0007404090614634776
283797,25.5,-0.015485048294067383,1,lag_02__T_shots_fired_sum,T_shots_fired_sum,False,3.748685359954834,-0.0005697038141079247,-0.0021356403474568075
283797,25.5,-0.015485048294067383,2,lag_08__CT_flash_duration_sum,CT_flash_duration_sum,True,-3.6664235591888428,-0.00044477981282398105,0.0016307511843894479
283797,25.5,-0.015485048294067383,3,lag_08__CT2__flash_duration,CT2__flash_duration,True,-8.07532024383545,0.0001923903328133747,-0.0015536135492860842
283797,25.5,-0.015485048294067383,4,lag_09__T4__is_scoped,T4__is_scoped,False,-4.644811153411865,-0.0003331555053591728,0.0015474444071128524
283797,25.5,-0.015485048294067383,5,lag_03__CT3__is_walking,CT3__is_walking,False,-2.387126922607422,0.0006463254103437066,-0.0015428607877967515
283797,25.5,-0.015485048294067383,6,lag_10__CT5__is_scoped,CT5__is_scoped,False,3.5760385990142822,0.0003877825220115483,0.0013867252667364022
283797,25.5,-0.015485048294067383,7,lag_00__T3__is_walking,T3__is_walking,False,2.3223767280578613,-0.0005952675710432231,-0.001382435553958311
283797,25.5,-0.015485048294067383,8,lag_04__CT3__is_walking,CT3__is_walking,False,2.387126922607422,-0.0005710183177143335,-0.001363093199517884
283797,25.5,-0.015485048294067383,9,lag_12__T2__is_walking,T2__is_walking,False,2.2968344688415527,-0.0005905634607188404,-0.001356426512617387
283797,25.5,-0.015485048294067383,10,lag_06__T_shots_fired_sum,T_shots_fired_sum,False,3.748685359954834,-0.0003248683060519397,-0.0012178290628102328
283797,25.5,-0.015485048294067383,11,lag_05__T_shots_fired_sum,T_shots_fired_sum,False,3.748684883117676,-0.00031963145011104643,-0.0011981975852002613
283797,25.5,-0.015485048294067383,12,lag_11__T2__is_walking,T2__is_walking,False,-2.2968344688415527,-0.00048056713421829045,0.0011037831584649743
283797,25.5,-0.015485048294067383,13,lag_12__CT3__is_walking,CT3__is_walking,False,-2.387126922607422,-0.00046075513819232583,0.0010998809951086042
283797,25.5,-0.015485048294067383,14,lag_13__T3__is_walking,T3__is_walking,False,2.3223767280578613,0.00045917637180536985,0.0010663805199548348
283797,25.5,-0.015485048294067383,15,lag_07__T1__is_walking,T1__is_walking,False,-2.281590461730957,-0.00041731903911568224,0.0009521511391450688
283797,25.5,-0.015485048294067383,16,lag_03__T2__is_walking,T2__is_walking,False,-2.2968344688415527,-0.00040741125121712685,0.0009357562047893619
283797,25.5,-0.015485048294067383,17,lag_02__T3__is_walking,T3__is_walking,False,-2.3223767280578613,-0.00037754722870886326,0.0008768068976962029
283797,25.5,-0.015485048294067383,18,lag_03__CT_walking_count,CT_walking_count,False,-1.7948951721191406,0.0004825043142773211,-0.0008660446642230202
283797,25.5,-0.015485048294067383,19,lag_06__T3__shots_fired,T3__shots_fired,False,3.027853012084961,-0.0002784333482850343,-0.0008430552522697421
283797,25.5,-0.015485048294067383,20,lag_15__CT3__is_walking,CT3__is_walking,False,-2.387126922607422,-0.0003520298341754824,0.0008403398947213203
287349,81.0,0.015037834644317627,1,lag_06__T_place_EXTENDEDA,T_place_EXTENDEDA,False,4.957779407501221,-0.0006772736669518054,-0.0033577734392565006
287349,81.0,0.015037834644317627,2,lag_11__CT_place_BDOORS,CT_place_BDOORS,False,4.810471534729004,0.0006912524695508182,0.0033252503280853385
287349,81.0,0.015037834644317627,3,lag_02__T5__flash_duration,T5__flash_duration,True,-7.5368523597717285,-0.00039199242019094527,0.002954388997128757
287349,81.0,0.015037834644317627,4,lag_04__T1__flash_duration,T1__flash_duration,True,-6.376111030578613,-0.0004537056665867567,0.002892877705359842
287349,81.0,0.015037834644317627,5,lag_04__T_place_EXTENDEDA,T_place_EXTENDEDA,False,4.957779884338379,-0.0005447851726785302,-0.0027009249703914273
287349,81.0,0.015037834644317627,6,lag_00__T5__duck_amount,T5__duck_amount,False,3.7970333099365234,-0.0006162750069051981,-0.002340016729300398
287349,81.0,0.015037834644317627,7,lag_04__T_flashed_players,T_flashed_players,False,-3.8592476844787598,0.0005418639630079269,-0.0020911872445408264
287349,81.0,0.015037834644317627,8,lag_04__CT5__is_scoped,CT5__is_scoped,False,-3.5760385990142822,0.0005739782354794443,-0.0020525683250686017
287349,81.0,0.015037834644317627,9,lag_11__CT5__is_walking,CT5__is_walking,False,2.396676540374756,0.0007649292820133269,0.0018332880652470462
287349,81.0,0.015037834644317627,10,lag_01__T5__duck_amount,T5__duck_amount,False,-3.7970333099365234,-0.0004773600085172802,0.0018125518531716955
287349,81.0,0.015037834644317627,11,lag_11__T4__duck_amount,T4__duck_amount,False,-3.6976382732391357,0.00047953365719877183,-0.0017731420041645143
287349,81.0,0.015037834644317627,12,lag_03__CT3__is_walking,CT3__is_walking,False,-2.387126922607422,0.0006463254103437066,-0.0015428607877967515
287349,81.0,0.015037834644317627,13,lag_06__T2__duck_amount,T2__duck_amount,False,-2.0783631801605225,0.0007415868458338082,-0.0015412867952723647
287349,81.0,0.015037834644317627,14,lag_03__CT_place_MIDDOORS,CT_place_MIDDOORS,False,2.8863234519958496,0.0005262577906250954,0.0015189502028767343
287349,81.0,0.015037834644317627,15,lag_07__T2__duck_amount,T2__duck_amount,False,2.0783631801605225,0.0007288124179467559,0.0015147368947042994
287349,81.0,0.015037834644317627,16,lag_14__CT_place_LONGA,CT_place_LONGA,False,2.67120623588562,-0.000521466601639986,-0.0013929448381068132
287349,81.0,0.015037834644317627,17,lag_04__CT3__is_walking,CT3__is_walking,False,2.387126922607422,-0.0005710183177143335,-0.001363093199517884
287349,81.0,0.015037834644317627,18,lag_12__T2__is_walking,T2__is_walking,False,2.2968344688415527,-0.0005905634607188404,-0.001356426512617387
287349,81.0,0.015037834644317627,19,lag_15__T4__duck_amount,T4__duck_amount,False,2.068147897720337,0.0006193987792357802,0.001281008283127022
287349,81.0,0.015037834644317627,20,lag_11__CT4__is_walking,CT4__is_walking,False,2.384641170501709,0.0005132672376930714,0.0012239581864725846
282837,10.5,-0.014994561672210693,1,lag_14__T_he_last_5s,T_he_last_5s,True,13.051742553710938,0.0008406201377511024,0.010971557623392414
282837,10.5,-0.014994561672210693,2,lag_00__CT4__duck_amount,CT4__duck_amount,False,3.6042401790618896,0.001109681325033307,0.003999558017639682
282837,10.5,-0.014994561672210693,3,lag_06__T_flashed_players,T_flashed_players,False,3.8592474460601807,-0.0009744324488565326,-0.003760575939607741
282837,10.5,-0.014994561672210693,4,lag_01__CT_place_HOLE,CT_place_HOLE,False,-11.164148330688477,0.00028441890026442707,-0.0031752947906033557
282837,10.5,-0.014994561672210693,5,lag_04__T_he_last_5s,T_he_last_5s,True,-13.051742553710938,0.00023478716320823878,-0.003064381609110045
282837,10.5,-0.014994561672210693,6,lag_07__CT_place_MIDDOORS,CT_place_MIDDOORS,False,-2.8863232135772705,0.0010612879414111376,-0.0030632200215846006
282837,10.5,-0.014994561672210693,7,lag_03__CT_place_HOLE,CT_place_HOLE,False,11.164148330688477,-0.00025428616208955646,-0.002838888432009301
282837,10.5,-0.014994561672210693,8,lag_04__CT_place_UNDERA,CT_place_UNDERA,False,3.054957389831543,-0.000814255210570991,-0.002487514972742688
282837,10.5,-0.014994561672210693,9,lag_06__T4__duck_amount,T4__duck_amount,False,-3.6976382732391357,-0.0006567080854438245,0.002428268951082682
282837,10.5,-0.014994561672210693,10,lag_05__CT_place_UNDERA,CT_place_UNDERA,False,-3.054957389831543,-0.0007924962555989623,0.002421042292455877
282837,10.5,-0.014994561672210693,11,lag_14__CT_place_MIDDOORS,CT_place_MIDDOORS,False,2.8863234519958496,-0.0006638881168328226,-0.0019161958411159363
282837,10.5,-0.014994561672210693,12,lag_11__T4__is_scoped,T4__is_scoped,False,-4.644811153411865,0.0003981733461841941,-0.0018494399993476685
282837,10.5,-0.014994561672210693,13,lag_06__CT_place_BDOORS,CT_place_BDOORS,False,4.810471534729004,-0.00033584251650609076,-0.0016155608658043052
282837,10.5,-0.014994561672210693,14,lag_12__T_place_OUTSIDETUNNEL,T_place_OUTSIDETUNNEL,False,4.998117923736572,0.000322983629303053,0.001614310266693078
282837,10.5,-0.014994561672210693,15,lag_12__CT_place_LONGA,CT_place_LONGA,False,2.671205997467041,-0.0006025559268891811,-0.0016095510057156925
282837,10.5,-0.014994561672210693,16,lag_03__CT_place_UNDERA,CT_place_UNDERA,False,-3.054957389831543,-0.0005000540404580534,0.0015276437862124514
282837,10.5,-0.014994561672210693,17,lag_07__CT_place_BDOORS,CT_place_BDOORS,False,4.810472011566162,-0.00031182970269583166,-0.0015000480571932956
282837,10.5,-0.014994561672210693,18,lag_09__T_place_OUTSIDELONG,T_place_OUTSIDELONG,False,4.919148921966553,-0.0003020025906153023,-0.0014855957180563706
282837,10.5,-0.014994561672210693,19,lag_06__CT_place_MIDDOORS,CT_place_MIDDOORS,False,-2.8863234519958496,0.000514211889822036,-0.0014841818368884485
282837,10.5,-0.014994561672210693,20,lag_04__CT_place_LONGA,CT_place_LONGA,False,-2.671205520629883,0.0005354107124730945,-0.0014301920509625088
283733,24.5,0.014771074056625366,1,lag_02__T_shots_fired_sum,T_shots_fired_sum,False,-10.496318817138672,-0.0005697038141079247,0.005979792864216682
283733,24.5,0.014771074056625366,2,lag_00__T_shots_fired_sum,T_shots_fired_sum,False,3.748685359954834,-0.0014292533742263913,-0.005357821199628521
283733,24.5,0.014771074056625366,3,lag_06__CT2__flash_duration,CT2__flash_duration,True,-8.07532024383545,-0.0005408250726759434,0.004367335657753824
283733,24.5,0.014771074056625366,4,lag_06__CT_flash_duration_sum,CT_flash_duration_sum,True,-3.6664235591888428,-0.0008011011523194611,0.002937176138157402
283733,24.5,0.014771074056625366,5,lag_06__CT_flashed_players,CT_flashed_players,False,-2.1899399757385254,-0.001081768306903541,0.0023690076597750465
283733,24.5,0.014771074056625366,6,lag_02__T3__shots_fired,T3__shots_fired,False,-8.477989196777344,-0.00023586525639984757,0.001999663095653026
283733,24.5,0.014771074056625366,7,lag_11__CT5__is_walking,CT5__is_walking,False,2.396676540374756,0.0007649292820133269,0.0018332880652470462
283733,24.5,0.014771074056625366,8,lag_03__T_shots_fired_sum,T_shots_fired_sum,False,3.748684883117676,-0.0004776092537213117,-0.0017904065894621957
283733,24.5,0.014771074056625366,9,lag_08__T2__is_walking,T2__is_walking,False,2.2968344688415527,0.0007642210694029927,0.0017552892940197462
283733,24.5,0.014771074056625366,10,lag_00__T3__shots_fired,T3__shots_fired,False,3.027853012084961,-0.0005547230830416083,-0.0016796199578605897
283733,24.5,0.014771074056625366,11,lag_00__T3__is_walking,T3__is_walking,False,-2.3223767280578613,-0.0005952675710432231,0.001382435553958311
283733,24.5,0.014771074056625366,12,lag_04__CT3__is_walking,CT3__is_walking,False,-2.387126922607422,-0.0005710183177143335,0.001363093199517884
283733,24.5,0.014771074056625366,13,lag_08__CT5__is_scoped,CT5__is_scoped,False,3.5760385990142822,0.00035764911444857717,0.0012789670381713886
283733,24.5,0.014771074056625366,14,lag_00__T2__is_walking,T2__is_walking,False,2.2968344688415527,0.0005204839399084449,0.0011954654536601717
283733,24.5,0.014771074056625366,15,lag_12__CT3__is_walking,CT3__is_walking,False,2.387126922607422,-0.00046075513819232583,-0.0010998809951086042
283733,24.5,0.014771074056625366,16,lag_05__CT3__is_walking,CT3__is_walking,False,2.387126922607422,-0.0004328789364080876,-0.001033336963329412
283733,24.5,0.014771074056625366,17,lag_02__CT_walking_count,CT_walking_count,False,1.7948951721191406,0.0005554198869504035,0.000996920473586238
283733,24.5,0.014771074056625366,18,lag_05__T_shots_fired_sum,T_shots_fired_sum,False,2.998948335647583,-0.00031963145011104643,-0.0009585582053311462
283733,24.5,0.014771074056625366,19,lag_07__T1__is_walking,T1__is_walking,False,-2.281590461730957,-0.00041731903911568224,0.0009521511391450688
283733,24.5,0.014771074056625366,20,lag_07__T4__is_scoped,T4__is_scoped,False,-4.644811153411865,0.00020071449398528785,-0.0009322809203142837
285589,53.5,0.014515459537506104,1,lag_06__T2__duck_amount,T2__duck_amount,False,3.8233180046081543,0.0007415868458338082,0.0028353223396569704
285589,53.5,0.014515459537506104,2,lag_08__T2__duck_amount,T2__duck_amount,False,-3.8233180046081543,-0.0007068535778671503,0.0027025260108811677
285589,53.5,0.014515459537506104,3,lag_08__T2__is_walking,T2__is_walking,False,2.2968344688415527,0.0007642210694029927,0.0017552892940197462
285589,53.5,0.014515459537506104,4,lag_03__CT3__is_walking,CT3__is_walking,False,2.387126922607422,0.0006463254103437066,0.0015428607877967515
285589,53.5,0.014515459537506104,5,lag_05__T2__duck_amount,T2__duck_amount,False,-3.8233180046081543,0.0003783269494306296,-0.001446464237386605
285589,53.5,0.014515459537506104,6,lag_02__CT2__is_walking,CT2__is_walking,False,2.360051155090332,0.000537299201823771,0.0012680536018933042
285589,53.5,0.014515459537506104,7,lag_04__T1__is_walking,T1__is_walking,False,2.281590461730957,0.0005284955259412527,0.0012058103510550477
285589,53.5,0.014515459537506104,8,lag_12__CT3__is_walking,CT3__is_walking,False,-2.387126922607422,-0.00046075513819232583,0.0010998809951086042
285589,53.5,0.014515459537506104,9,lag_13__T3__is_walking,T3__is_walking,False,2.3223767280578613,0.00045917637180536985,0.0010663805199548348
285589,53.5,0.014515459537506104,10,lag_00__CT3__is_walking,CT3__is_walking,False,-2.387126922607422,-0.000434746325481683,0.0010377946580619746
285589,53.5,0.014515459537506104,11,lag_05__T3__is_walking,T3__is_walking,False,2.3223767280578613,0.00037997859180904925,0.0008824534387775335
285589,53.5,0.014515459537506104,12,lag_08__T_place_TUNNELSTAIRS,T_place_TUNNELSTAIRS,False,6.981647968292236,-0.00012411095667630434,-0.000866499008521926
285589,53.5,0.014515459537506104,13,lag_03__CT_walking_count,CT_walking_count,False,1.7948952913284302,0.0004825043142773211,0.0008660447217420167
285589,53.5,0.014515459537506104,14,lag_04__CT4__is_walking,CT4__is_walking,False,2.384641170501709,-0.00033677276223897934,-0.0008030821939386534
285589,53.5,0.014515459537506104,15,lag_14__T4__duck_amount,T4__duck_amount,False,-3.6976382732391357,0.00021507804922293872,-0.000795280826540349
285589,53.5,0.014515459537506104,16,lag_13__CT3__is_walking,CT3__is_walking,False,2.387126922607422,-0.00033269060077145696,-0.0007941746899999824
285589,53.5,0.014515459537506104,17,lag_13__CT4__is_walking,CT4__is_walking,False,2.384641170501709,-0.00032909479341469705,-0.0007847729933744413
285589,53.5,0.014515459537506104,18,lag_03__T4__duck_amount,T4__duck_amount,False,3.3165946006774902,0.00022801019076723605,0.0007562173675980596
285589,53.5,0.014515459537506104,19,lag_04__T4__duck_amount,T4__duck_amount,False,-3.3165946006774902,0.00022449682001024485,-0.0007445649411152444
285589,53.5,0.014515459537506104,20,lag_10__T3__is_walking,T3__is_walking,False,2.3223767280578613,-0.00031775125535205007,-0.000737938120740772
284437,35.5,-0.013828039169311523,1,lag_00__T_place_TUNNELSTAIRS,T_place_TUNNELSTAIRS,False,-6.981647968292236,0.0010564378462731838,-0.0073756771430602
284437,35.5,-0.013828039169311523,2,lag_00__CT4__duck_amount,CT4__duck_amount,False,3.520294189453125,0.001109681325033307,0.0039064047206593955
284437,35.5,-0.013828039169311523,3,lag_01__T_place_TUNNELSTAIRS,T_place_TUNNELSTAIRS,False,6.981647968292236,0.00043473849655129015,0.0030351911411857363
284437,35.5,-0.013828039169311523,4,lag_01__CT_place_ARAMP,CT_place_ARAMP,False,6.229295253753662,0.00044539233203977346,0.002774480340033636
284437,35.5,-0.013828039169311523,5,lag_09__CT_place_ARAMP,CT_place_ARAMP,False,6.229295253753662,-0.0003365572774782777,-0.0020965146512116895
284437,35.5,-0.013828039169311523,6,lag_06__CT_place_BDOORS,CT_place_BDOORS,False,4.810472011566162,-0.00033584251650609076,-0.0016155610259464964
284437,35.5,-0.013828039169311523,7,lag_03__CT3__is_walking,CT3__is_walking,False,-2.387126922607422,0.0006463254103437066,-0.0015428607877967515
284437,35.5,-0.013828039169311523,8,lag_01__T_place_LOWERTUNNEL,T_place_LOWERTUNNEL,False,-4.32400369644165,-0.0003335352230351418,0.0014422075372974436
284437,35.5,-0.013828039169311523,9,lag_06__T4__duck_amount,T4__duck_amount,False,2.11084246635437,-0.0006567080854438245,-0.001386207314753099
284437,35.5,-0.013828039169311523,10,lag_12__CT4__duck_amount,CT4__duck_amount,False,3.6725916862487793,-0.00034434933331795037,-0.0012646544987088143
284437,35.5,-0.013828039169311523,11,lag_00__T2__is_walking,T2__is_walking,False,-2.2968344688415527,0.0005204839399084449,-0.0011954654536601717
284437,35.5,-0.013828039169311523,12,lag_02__T_place_LOWERTUNNEL,T_place_LOWERTUNNEL,False,4.32400369644165,-0.0002622887259349227,-0.0011341374204775767
284437,35.5,-0.013828039169311523,13,lag_02__T5__is_walking,T5__is_walking,False,2.3193888664245605,-0.00048231915570795536,-0.0011186856798123257
284437,35.5,-0.013828039169311523,14,lag_12__T3__is_walking,T3__is_walking,False,-2.3223767280578613,0.0004784365592058748,-0.0011111099309518008
284437,35.5,-0.013828039169311523,15,lag_00__CT4__is_walking,CT4__is_walking,False,-2.384641170501709,-0.0004602376720868051,0.0010975017010740606
284437,35.5,-0.013828039169311523,16,lag_13__T3__is_walking,T3__is_walking,False,2.3223767280578613,0.00045917637180536985,0.0010663805199548348
284437,35.5,-0.013828039169311523,17,lag_00__CT3__is_walking,CT3__is_walking,False,2.387126922607422,-0.000434746325481683,-0.0010377946580619746
284437,35.5,-0.013828039169311523,18,lag_05__CT3__is_walking,CT3__is_walking,False,2.387126922607422,-0.0004328789364080876,-0.001033336963329412
284437,35.5,-0.013828039169311523,19,lag_04__T5__is_walking,T5__is_walking,False,-2.3193888664245605,0.00041472751763649285,-0.0009619143870059771
284437,35.5,-0.013828039169311523,20,lag_14__T3__is_walking,T3__is_walking,False,-2.3223767280578613,0.000413966306950897,-0.0009613857174628204
286133,62.0,-0.013669431209564209,1,lag_10__CT_place_BDOORS,CT_place_BDOORS,False,-4.810472011566162,0.001427707727998495,-0.006867948066233476
286133,62.0,-0.013669431209564209,2,lag_01__CT5__is_scoped,CT5__is_scoped,False,3.5760385990142822,-0.0005798270576633513,-0.002073483938957024
286133,62.0,-0.013669431209564209,3,lag_07__T1__duck_amount,T1__duck_amount,False,2.9484851360321045,-0.0005426298594102263,-0.001599936074838243
286133,62.0,-0.013669431209564209,4,lag_06__T2__is_walking,T2__is_walking,False,2.2968344688415527,0.000674963986966759,0.0015502805504919726
286133,62.0,-0.013669431209564209,5,lag_03__CT3__is_walking,CT3__is_walking,False,-2.387126922607422,0.0006463254103437066,-0.0015428607877967515
286133,62.0,-0.013669431209564209,6,lag_01__T_place_LOWERTUNNEL,T_place_LOWERTUNNEL,False,-4.32400369644165,-0.0003335352230351418,0.0014422075372974436
286133,62.0,-0.013669431209564209,7,lag_11__CT_active_infernos,CT_active_infernos,True,-2.3042759895324707,-0.0006114743882790208,0.0014090057511254028
286133,62.0,-0.013669431209564209,8,lag_12__T1__is_walking,T1__is_walking,False,-2.281590461730957,0.0005943257710896432,-0.0013560080104790262
286133,62.0,-0.013669431209564209,9,lag_02__CT2__is_walking,CT2__is_walking,False,-2.360051155090332,0.000537299201823771,-0.0012680536018933042
286133,62.0,-0.013669431209564209,10,lag_00__T2__is_walking,T2__is_walking,False,-2.2968344688415527,0.0005204839399084449,-0.0011954654536601717
286133,62.0,-0.013669431209564209,11,lag_12__CT5__is_walking,CT5__is_walking,False,-2.396676540374756,0.0004820985486730933,-0.0011554342817535201
286133,62.0,-0.013669431209564209,12,lag_01__T4__duck_amount,T4__duck_amount,False,-3.6976382732391357,0.00031122477957978845,-0.0011507966565546396
286133,62.0,-0.013669431209564209,13,lag_02__T5__is_walking,T5__is_walking,False,-2.3193888664245605,-0.00048231915570795536,0.0011186856798123257
286133,62.0,-0.013669431209564209,14,lag_11__T2__is_walking,T2__is_walking,False,-2.2968344688415527,-0.00048056713421829045,0.0011037831584649743
286133,62.0,-0.013669431209564209,15,lag_12__CT_active_infernos,CT_active_infernos,True,2.3042759895324707,-0.0004556126659736037,-0.0010498573267298528
286133,62.0,-0.013669431209564209,16,lag_10__CT2__is_walking,CT2__is_walking,False,-2.360051155090332,0.00041542656254023314,-0.0009804279387782833
286133,62.0,-0.013669431209564209,17,lag_07__T1__is_walking,T1__is_walking,False,-2.281590461730957,-0.00041731903911568224,0.0009521511391450688
286133,62.0,-0.013669431209564209,18,lag_01__CT5__is_walking,CT5__is_walking,False,-2.396676540374756,0.0003701462992466986,-0.0008871209519110967
286133,62.0,-0.013669431209564209,19,lag_11__CT_B_site_active_infernos,CT_B_site_active_infernos,True,-3.435478687286377,-0.00021902183652855456,0.0007524448514441701
286133,62.0,-0.013669431209564209,20,lag_15__CT5__is_walking,CT5__is_walking,False,2.396676540374756,0.0003089990059379488,0.0007405706685306018
286965,75.0,-0.013331830501556396,1,lag_06__T2__flash_duration,T2__flash_duration,True,8.038690567016602,-0.001094106468372047,-0.008795183346614222
286965,75.0,-0.013331830501556396,2,lag_06__T_flashed_players,T_flashed_players,False,7.7184953689575195,-0.0009744324488565326,-0.007521152343861082
286965,75.0,-0.013331830501556396,3,lag_06__T_flash_duration_sum,T_flash_duration_sum,True,8.21633529663086,-0.00044799852184951305,-0.0036809060679106054
286965,75.0,-0.013331830501556396,4,lag_00__CT5__is_scoped,CT5__is_scoped,False,-3.5760385990142822,0.0009010074427351356,-0.0032220373932199953
286965,75.0,-0.013331830501556396,5,lag_04__T1__duck_amount,T1__duck_amount,False,-3.915480136871338,-0.0006259491783566773,0.0024508915745465043
286965,75.0,-0.013331830501556396,6,lag_06__CT_flashed_players,CT_flashed_players,False,2.1899399757385254,-0.001081768306903541,-0.0023690076597750465
286965,75.0,-0.013331830501556396,7,lag_06__T1__duck_amount,T1__duck_amount,False,3.4849491119384766,-0.00046816820395179093,-0.0016315423665996254
286965,75.0,-0.013331830501556396,8,lag_12__T5__duck_amount,T5__duck_amount,False,2.541142225265503,0.0005918170209042728,0.0015038912214506844
286965,75.0,-0.013331830501556396,9,lag_02__CT_place_UNDERA,CT_place_UNDERA,False,-3.054957389831543,-0.00045801213127560914,0.001399207545072917
286965,75.0,-0.013331830501556396,10,lag_14__CT_place_EXTENDEDA,CT_place_EXTENDEDA,False,-5.6138224601745605,-0.0002465604629833251,0.001384146664886829
286965,75.0,-0.013331830501556396,11,lag_07__CT5__is_walking,CT5__is_walking,False,-2.396676540374756,-0.0005758673651143909,0.0013801678043370846
286965,75.0,-0.013331830501556396,12,lag_11__CT4__is_walking,CT4__is_walking,False,2.384641170501709,0.0005132672376930714,0.0012239581864725846
286965,75.0,-0.013331830501556396,13,lag_00__T2__is_walking,T2__is_walking,False,2.2968344688415527,0.0005204839399084449,0.0011954654536601717
286965,75.0,-0.013331830501556396,14,lag_08__T4__duck_amount,T4__duck_amount,False,3.6976382732391357,-0.00031692429911345243,-0.0011718714181213896
286965,75.0,-0.013331830501556396,15,lag_00__CT_scoped_count,CT_scoped_count,False,-2.141930103302002,0.0005396738997660577,-0.0011559437718753063
286965,75.0,-0.013331830501556396,16,lag_14__CT_place_UNDERA,CT_place_UNDERA,False,3.054957389831543,-0.0003761595580726862,-0.0011491514216899201
286965,75.0,-0.013331830501556396,17,lag_02__T5__is_walking,T5__is_walking,False,2.3193888664245605,-0.00048231915570795536,-0.0011186856798123257
286965,75.0,-0.013331830501556396,18,lag_11__T2__is_walking,T2__is_walking,False,-2.2968344688415527,-0.00048056713421829045,0.0011037831584649743
286965,75.0,-0.013331830501556396,19,lag_00__CT4__is_walking,CT4__is_walking,False,-2.384641170501709,-0.0004602376720868051,0.0010975017010740606
286965,75.0,-0.013331830501556396,20,lag_11__T5__duck_amount,T5__duck_amount,False,-2.541142225265503,-0.00042469444451853633,0.00107920898580173
282901,11.5,0.01329803466796875,1,lag_00__CT5__is_scoped,CT5__is_scoped,False,-3.5760385990142822,0.0009010074427351356,-0.0032220373932199953
282901,11.5,0.01329803466796875,2,lag_03__CT_place_HOLE,CT_place_HOLE,False,-11.164148330688477,-0.00025428616208955646,0.002838888432009301
282901,11.5,0.01329803466796875,3,lag_05__CT_place_HOLE,CT_place_HOLE,False,11.164148330688477,0.0002191519015468657,0.002446644335821646
282901,11.5,0.01329803466796875,4,lag_05__CT_place_UNDERA,CT_place_UNDERA,False,-3.054957389831543,-0.0007924962555989623,0.002421042292455877
282901,11.5,0.01329803466796875,5,lag_13__CT_place_LONGA,CT_place_LONGA,False,2.67120623588562,-0.0007634808425791562,-0.0020394147876766494
282901,11.5,0.01329803466796875,6,lag_09__CT_place_BDOORS,CT_place_BDOORS,False,4.810472011566162,0.0004229834012221545,0.0020347498129362346
282901,11.5,0.01329803466796875,7,lag_09__T4__duck_amount,T4__duck_amount,False,3.6976382732391357,-0.0005335460882633924,-0.001972860436499746
282901,11.5,0.01329803466796875,8,lag_14__CT_place_MIDDOORS,CT_place_MIDDOORS,False,2.8863232135772705,-0.0006638881168328226,-0.0019161956828326748
282901,11.5,0.01329803466796875,9,lag_06__T_flashed_players,T_flashed_players,False,-1.9296237230300903,-0.0009744324488565326,0.0018802879698038705
282901,11.5,0.01329803466796875,10,lag_02__CT4__duck_amount,CT4__duck_amount,False,3.6042401790618896,0.0005105601740069687,0.0018401814929847465
282901,11.5,0.01329803466796875,11,lag_08__CT_place_MIDDOORS,CT_place_MIDDOORS,False,-2.8863234519958496,0.000601606850977987,-0.0017364319628591363
282901,11.5,0.01329803466796875,12,lag_08__T3__flash_duration,T3__flash_duration,True,5.959039688110352,0.00027402801788412035,0.0016329438342256863
282901,11.5,0.01329803466796875,13,lag_09__CT5__is_scoped,CT5__is_scoped,False,3.5760385990142822,0.0004505130054894835,0.0016110518969883261
282901,11.5,0.01329803466796875,14,lag_03__CT3__is_walking,CT3__is_walking,False,2.387126922607422,0.0006463254103437066,0.0015428607877967515
282901,11.5,0.01329803466796875,15,lag_00__CT_flashed_players,CT_flashed_players,False,4.379879951477051,0.00035156801459379494,0.0015398256986999537
282901,11.5,0.01329803466796875,16,lag_06__T_he_last_5s,T_he_last_5s,True,-13.051742553710938,-0.00011578855628613383,0.001511242427312487
282901,11.5,0.01329803466796875,17,lag_07__CT_place_UNDERA,CT_place_UNDERA,False,-3.054957389831543,-0.00048298120964318514,0.0014754870155492261
282901,11.5,0.01329803466796875,18,lag_14__CT_place_LONGA,CT_place_LONGA,False,2.671205997467041,-0.000521466601639986,-0.001392944713779487
282901,11.5,0.01329803466796875,19,lag_00__T3__is_walking,T3__is_walking,False,2.3223767280578613,-0.0005952675710432231,-0.001382435553958311
282901,11.5,0.01329803466796875,20,lag_00__T2__is_walking,T2__is_walking,False,-2.2968344688415527,0.0005204839399084449,-0.0011954654536601717
286293,64.5,0.013147026300430298,1,lag_15__CT_place_BDOORS,CT_place_BDOORS,False,-4.810472011566162,0.0010155809577554464,-0.004885423772762132
286293,64.5,0.013147026300430298,2,lag_04__T5__duck_amount,T5__duck_amount,False,3.7970333099365234,0.0010109859285876155,0.0038387472467242834
286293,64.5,0.013147026300430298,3,lag_15__T_place_SHORTSTAIRS,T_place_SHORTSTAIRS,False,4.2027058601379395,0.0006826901808381081,0.0028691460236669464
286293,64.5,0.013147026300430298,4,lag_06__T4__duck_amount,T4__duck_amount,False,-3.6976382732391357,-0.0006567080854438245,0.002428268951082682
286293,64.5,0.013147026300430298,5,lag_04__CT_place_EXTENDEDA,CT_place_EXTENDEDA,False,5.6138224601745605,0.0003472612297628075,0.0019494628911902873
286293,64.5,0.013147026300430298,6,lag_03__CT3__is_walking,CT3__is_walking,False,-2.387126922607422,0.0006463254103437066,-0.0015428607877967515
286293,64.5,0.013147026300430298,7,lag_11__CT_active_infernos,CT_active_infernos,True,-2.304276466369629,-0.0006114743882790208,0.0014090060426991124
286293,64.5,0.013147026300430298,8,lag_04__CT3__is_walking,CT3__is_walking,False,2.387126922607422,-0.0005710183177143335,-0.001363093199517884
286293,64.5,0.013147026300430298,9,lag_12__T2__is_walking,T2__is_walking,False,-2.2968344688415527,-0.0005905634607188404,0.001356426512617387
286293,64.5,0.013147026300430298,10,lag_12__T1__is_walking,T1__is_walking,False,-2.281590461730957,0.0005943257710896432,-0.0013560080104790262
286293,64.5,0.013147026300430298,11,lag_00__T1__duck_amount,T1__duck_amount,False,-3.915480136871338,-0.00031590720755048096,0.0012369283962583993
286293,64.5,0.013147026300430298,12,lag_11__T2__is_walking,T2__is_walking,False,2.2968344688415527,-0.00048056713421829045,-0.0011037831584649743
286293,64.5,0.013147026300430298,13,lag_06__CT5__is_scoped,CT5__is_scoped,False,3.5760385990142822,0.00030853634234517813,0.0011033378694250418
286293,64.5,0.013147026300430298,14,lag_12__CT3__is_walking,CT3__is_walking,False,-2.387126922607422,-0.00046075513819232583,0.0010998809951086042
286293,64.5,0.013147026300430298,15,lag_12__CT2__is_walking,CT2__is_walking,False,-2.360051155090332,0.0004432745336089283,-0.0010461505750658795
286293,64.5,0.013147026300430298,16,lag_00__CT3__is_walking,CT3__is_walking,False,2.387126922607422,-0.000434746325481683,-0.0010377946580619746
286293,64.5,0.013147026300430298,17,lag_12__T1__duck_amount,T1__duck_amount,False,2.9484851360321045,0.0003429029311519116,0.0010110441956032515
286293,64.5,0.013147026300430298,18,lag_00__T5__is_walking,T5__is_walking,False,2.3193888664245605,0.00042383084655739367,0.0009830285467525152
286293,64.5,0.013147026300430298,19,lag_03__T2__is_walking,T2__is_walking,False,-2.2968344688415527,-0.00040741125121712685,0.0009357562047893619
286293,64.5,0.013147026300430298,20,lag_00__T_duck_amount_mean,T_duck_amount_mean,False,-2.6220948696136475,-0.0003048401267733425,0.0007993197324647552
287957,90.5,-0.01259274035692215,1,lag_05__T_place_EXTENDEDA,T_place_EXTENDEDA,False,-9.915559768676758,-0.0005848931614309549,0.005799543100458937
287957,90.5,-0.01259274035692215,2,lag_14__T2__flash_duration,T2__flash_duration,True,5.5919060707092285,-0.0006087218062020838,-0.003403915163474519
287957,90.5,-0.01259274035692215,3,lag_08__T4__is_scoped,T4__is_scoped,False,-4.644811153411865,-0.0007313731475733221,0.0033970901531545084
287957,90.5,-0.01259274035692215,4,lag_04__CT4__flash_duration,CT4__flash_duration,True,6.394191265106201,-0.0004848153912462294,-0.0031000023398956855
287957,90.5,-0.01259274035692215,5,lag_14__T_flashed_players,T_flashed_players,False,5.788870811462402,-0.00040006221388466656,-0.002315908472725975
287957,90.5,-0.01259274035692215,6,lag_12__T5__duck_amount,T5__duck_amount,False,-3.7970333099365234,0.0005918170209042728,-0.0022471489417609236
287957,90.5,-0.01259274035692215,7,lag_04__T_flashed_players,T_flashed_players,False,3.8592472076416016,0.0005418639630079269,0.002091186986159954
287957,90.5,-0.01259274035692215,8,lag_04__T1__flash_duration,T1__flash_duration,True,4.363584518432617,-0.0004537056665867567,-0.0019797830226431223
287957,90.5,-0.01259274035692215,9,lag_02__T_kills_last_3s,T_kills_last_3s,False,-3.1681017875671387,-0.000590842217206955,0.0018718482845034856
287957,90.5,-0.01259274035692215,10,lag_08__CT_place_MIDDOORS,CT_place_MIDDOORS,False,2.8863234519958496,0.000601606850977987,0.0017364319628591363
287957,90.5,-0.01259274035692215,11,lag_09__CT5__is_scoped,CT5__is_scoped,False,3.5760385990142822,0.0004505130054894835,0.0016110518969883261
287957,90.5,-0.01259274035692215,12,lag_04__CT3__is_walking,CT3__is_walking,False,2.387126922607422,-0.0005710183177143335,-0.001363093199517884
287957,90.5,-0.01259274035692215,13,lag_05__CT_place_MIDDOORS,CT_place_MIDDOORS,False,-2.8863234519958496,0.00046401238068938255,-0.001339289816400191
287957,90.5,-0.01259274035692215,14,lag_08__CT5__is_scoped,CT5__is_scoped,False,-3.5760385990142822,0.00035764911444857717,-0.0012789670381713886
287957,90.5,-0.01259274035692215,15,lag_08__T_shots_fired_sum,T_shots_fired_sum,False,5.248159408569336,-0.00024086161283776164,-0.0012640801395776835
287957,90.5,-0.01259274035692215,16,lag_09__CT_flashed_players,CT_flashed_players,False,-2.1899399757385254,-0.0005664190975949168,0.0012404238248448496
287957,90.5,-0.01259274035692215,17,lag_08__T_scoped_count,T_scoped_count,False,-2.8811259269714355,-0.0004265274910721928,0.0012288794130941721
287957,90.5,-0.01259274035692215,18,lag_08__T5__duck_amount,T5__duck_amount,False,3.4930522441864014,0.00034443146432749927,0.0012031170994375798
287957,90.5,-0.01259274035692215,19,lag_00__T5__flash_duration,T5__flash_duration,True,-2.5242340564727783,0.00046801220742054284,-0.0011813723528159362
287957,90.5,-0.01259274035692215,20,lag_14__CT_flashed_players,CT_flashed_players,False,4.379879951477051,-0.0002659153542481363,-0.00116467732886133
284213,32.0,0.012576818466186523,1,lag_00__T_place_TUNNELSTAIRS,T_place_TUNNELSTAIRS,False,6.981647968292236,0.0010564378462731838,0.0073756771430602
284213,32.0,0.012576818466186523,2,lag_04__CT4__duck_amount,CT4__duck_amount,False,-3.6725916862487793,-0.00045122753363102674,0.0016571744886198503
284213,32.0,0.012576818466186523,3,lag_02__CT_place_ARAMP,CT_place_ARAMP,False,6.229295253753662,-0.00023528773454017937,-0.001465676768037591
284213,32.0,0.012576818466186523,4,lag_04__CT3__is_walking,CT3__is_walking,False,-2.387126922607422,-0.0005710183177143335,0.001363093199517884
284213,32.0,0.012576818466186523,5,lag_13__T3__is_walking,T3__is_walking,False,2.3223767280578613,0.00045917637180536985,0.0010663805199548348
284213,32.0,0.012576818466186523,6,lag_08__T_active_infernos,T_active_infernos,True,2.082643508911133,0.0005009674932807684,0.0010433366980566738
284213,32.0,0.012576818466186523,7,lag_10__CT2__is_walking,CT2__is_walking,False,-2.360051155090332,0.00041542656254023314,-0.0009804279387782833
284213,32.0,0.012576818466186523,8,lag_00__T_place_UPPERTUNNEL,T_place_UPPERTUNNEL,False,-2.299117088317871,-0.0004143337719142437,0.0009526018552752369
284213,32.0,0.012576818466186523,9,lag_13__T4__is_walking,T4__is_walking,False,-2.307980537414551,-0.0003898956929333508,0.0008998716709119337
284213,32.0,0.012576818466186523,10,lag_05__T3__is_walking,T3__is_walking,False,-2.3223767280578613,0.00037997859180904925,-0.0008824534387775335
284213,32.0,0.012576818466186523,11,lag_02__CT3__is_walking,CT3__is_walking,False,2.387126922607422,0.00033928468474186957,0.0008099156053756884
284213,32.0,0.012576818466186523,12,lag_07__CT3__is_walking,CT3__is_walking,False,2.387126922607422,0.000310119881760329,0.0007402955189859117
284213,32.0,0.012576818466186523,13,lag_10__T3__is_walking,T3__is_walking,False,2.3223767280578613,-0.00031775125535205007,-0.000737938120740772
284213,32.0,0.012576818466186523,14,lag_15__T_shots_fired_sum,T_shots_fired_sum,False,3.748685359954834,0.00019279537082184106,0.000722729184066899
284213,32.0,0.012576818466186523,15,lag_04__CT_duck_amount_mean,CT_duck_amount_mean,False,-1.4971336126327515,-0.0004462930664885789,0.0006681603509249949
284213,32.0,0.012576818466186523,16,lag_15__T3__shots_fired,T3__shots_fired,False,3.027853012084961,0.00020451949967537075,0.0006192549831221805
284213,32.0,0.012576818466186523,17,lag_12__T_active_infernos,T_active_infernos,True,2.082643508911133,0.00027766317361965775,0.0005782734062026451
284213,32.0,0.012576818466186523,18,lag_05__CT4__duck_amount,CT4__duck_amount,False,3.6725916862487793,-0.00015573280688840896,-0.0005719430118545574
284213,32.0,0.012576818466186523,19,lag_02__CT_walking_count,CT_walking_count,False,0.8974475860595703,0.0005554198869504035,0.000498460236793119
284213,32.0,0.012576818466186523,20,lag_02__CT_place_LONGA,CT_place_LONGA,False,-2.67120623588562,0.00018654856830835342,-0.0004983096989608082
287029,76.0,-0.012514322996139526,1,lag_15__T_place_SHORTSTAIRS,T_place_SHORTSTAIRS,False,-4.202706813812256,0.0006826901808381081,-0.002869146674731038
287029,76.0,-0.012514322996139526,2,lag_08__T2__flash_duration,T2__flash_duration,True,8.038690567016602,-0.00035051116719841957,-0.0028176508133919143
287029,76.0,-0.012514322996139526,3,lag_04__CT_place_UNDERA,CT_place_UNDERA,False,-3.054957389831543,-0.000814255210570991,0.002487514972742688
287029,76.0,-0.012514322996139526,4,lag_06__T4__duck_amount,T4__duck_amount,False,-3.6976382732391357,-0.0006567080854438245,0.002428268951082682
287029,76.0,-0.012514322996139526,5,lag_06__T2__flash_duration,T2__flash_duration,True,-2.021785259246826,-0.001094106468372047,0.0022120483298012084
287029,76.0,-0.012514322996139526,6,lag_04__CT5__is_scoped,CT5__is_scoped,False,3.5760385990142822,0.0005739782354794443,0.0020525683250686017
287029,76.0,-0.012514322996139526,7,lag_09__T_place_SHORTSTAIRS,T_place_SHORTSTAIRS,False,4.202706336975098,-0.0004627402813639492,-0.001944761512861909
287029,76.0,-0.012514322996139526,8,lag_11__CT5__is_walking,CT5__is_walking,False,2.396676540374756,0.0007649292820133269,0.0018332880652470462
287029,76.0,-0.012514322996139526,9,lag_06__T1__duck_amount,T1__duck_amount,False,-3.915480136871338,-0.00046816820395179093,0.0018331033032879668
287029,76.0,-0.012514322996139526,10,lag_06__T5__flash_duration,T5__flash_duration,True,4.7545976638793945,-0.0003674854233395308,-0.0017472453353198636
287029,76.0,-0.012514322996139526,11,lag_15__CT_place_EXTENDEDA,CT_place_EXTENDEDA,False,5.6138224601745605,-0.00029183964943513274,-0.0016383359787684182
287029,76.0,-0.012514322996139526,12,lag_08__T_place_SHORTSTAIRS,T_place_SHORTSTAIRS,False,4.202706336975098,0.0003702975809574127,0.0015562519900562677
287029,76.0,-0.012514322996139526,13,lag_07__CT_place_BDOORS,CT_place_BDOORS,False,4.810472011566162,-0.00031182970269583166,-0.0015000480571932956
287029,76.0,-0.012514322996139526,14,lag_04__CT_place_LONGA,CT_place_LONGA,False,2.67120623588562,0.0005354107124730945,0.0014301924339180927
287029,76.0,-0.012514322996139526,15,lag_14__CT_place_EXTENDEDA,CT_place_EXTENDEDA,False,-5.6138224601745605,-0.0002465604629833251,0.001384146664886829
287029,76.0,-0.012514322996139526,16,lag_04__CT3__is_walking,CT3__is_walking,False,2.387126922607422,-0.0005710183177143335,-0.001363093199517884
287029,76.0,-0.012514322996139526,17,lag_06__T_flash_duration_sum,T_flash_duration_sum,True,2.85029935836792,-0.00044799852184951305,-0.0012769298993774436
287029,76.0,-0.012514322996139526,18,lag_11__CT4__is_walking,CT4__is_walking,False,-2.384641170501709,0.0005132672376930714,-0.0012239581864725846
287029,76.0,-0.012514322996139526,19,lag_08__T_flashed_players,T_flashed_players,False,7.7184953689575195,-0.000154982422827743,-0.0011962311128657505
287029,76.0,-0.012514322996139526,20,lag_01__T4__duck_amount,T4__duck_amount,False,-3.6976382732391357,0.00031122477957978845,-0.0011507966565546396
282613,7.0,0.01235198974609375,1,lag_00__CT5__is_scoped,CT5__is_scoped,False,3.5760385990142822,0.0009010074427351356,0.0032220373932199953
282613,7.0,0.01235198974609375,2,lag_07__CT_place_MIDDOORS,CT_place_MIDDOORS,False,2.8863234519958496,0.0010612879414111376,0.0030632202746153636
282613,7.0,0.01235198974609375,3,lag_04__CT_place_UNDERA,CT_place_UNDERA,False,-3.054957389831543,-0.000814255210570991,0.002487514972742688
282613,7.0,0.01235198974609375,4,lag_05__CT_place_UNDERA,CT_place_UNDERA,False,-3.0549564361572266,-0.0007924962555989623,0.0024210415366725524
282613,7.0,0.01235198974609375,5,lag_00__CT_place_MIDDOORS,CT_place_MIDDOORS,False,-2.8863232135772705,-0.0006399024277925491,0.0018469652317620877
282613,7.0,0.01235198974609375,6,lag_07__T_he_last_5s,T_he_last_5s,True,13.051742553710938,0.00013450531696435064,0.001755528769123993
282613,7.0,0.01235198974609375,7,lag_00__CT_place_BDOORS,CT_place_BDOORS,False,4.810472011566162,-0.00035675306571647525,-0.001716150637669528
282613,7.0,0.01235198974609375,8,lag_09__T4__is_scoped,T4__is_scoped,False,4.644811153411865,-0.0003331555053591728,-0.0015474444071128524
282613,7.0,0.01235198974609375,9,lag_04__CT_place_LONGA,CT_place_LONGA,False,2.67120623588562,0.0005354107124730945,0.0014301924339180927
282613,7.0,0.01235198974609375,10,lag_14__CT_start_balance_sum,CT_start_balance_sum,False,4.300045013427734,-0.00031819596188142896,-0.00136825695918108
282613,7.0,0.01235198974609375,11,lag_14__CT_money_sum,CT_money_sum,False,4.302239894866943,-0.00031793705420568585,-0.0013678414786601756
282613,7.0,0.01235198974609375,12,lag_05__CT_place_MIDDOORS,CT_place_MIDDOORS,False,2.8863232135772705,0.00046401238068938255,0.0013392897057710185
282613,7.0,0.01235198974609375,13,lag_00__CT_scoped_count,CT_scoped_count,False,2.141930103302002,0.0005396738997660577,0.0011559437718753063
282613,7.0,0.01235198974609375,14,lag_07__CT_macro_MID,CT_macro_MID,False,1.7316291332244873,0.0006673819152638316,0.001155657967458007
282613,7.0,0.01235198974609375,15,lag_05__CT2__is_walking,CT2__is_walking,False,-2.360051155090332,-0.0004760352603625506,0.0011234675660823645
282613,7.0,0.01235198974609375,16,lag_13__CT_velocity_mean,CT_velocity_mean,False,3.4858005046844482,-0.0002899396640714258,-0.0010106718273482154
282613,7.0,0.01235198974609375,17,lag_02__T_place_OUTSIDELONG,T_place_OUTSIDELONG,False,4.919148921966553,-0.0002002032706514001,-0.0009848297029990127
282613,7.0,0.01235198974609375,18,lag_14__round_num,round_num,False,2.7023725509643555,-0.00031358550768345594,-0.0008474248683439933
282613,7.0,0.01235198974609375,19,lag_14__money_diff,money_diff,False,3.2780861854553223,-0.0002486763696651906,-0.0008151825720486422
282613,7.0,0.01235198974609375,20,lag_05__CT_place_LONGA,CT_place_LONGA,False,2.671205997467041,0.0002948617620859295,0.0007876365073076347
282933,12.0,0.012264907360076904,1,lag_10__CT_place_BDOORS,CT_place_BDOORS,False,4.810472011566162,0.001427707727998495,0.006867948066233476
282933,12.0,0.012264907360076904,2,lag_06__CT_place_BDOORS,CT_place_BDOORS,False,-9.620943069458008,-0.00033584251650609076,0.0032311217316086105
282933,12.0,0.012264907360076904,3,lag_01__CT_flashed_players,CT_flashed_players,False,4.379879951477051,0.0006684280233457685,0.0029276344984575653
282933,12.0,0.012264907360076904,4,lag_15__T_place_OUTSIDETUNNEL,T_place_OUTSIDETUNNEL,False,4.998117923736572,0.0005232771509326994,0.0026154009071585327
282933,12.0,0.012264907360076904,5,lag_04__CT_place_HOLE,CT_place_HOLE,False,-11.164148330688477,0.00019134601461701095,-0.0021362152896703956
282933,12.0,0.012264907360076904,6,lag_01__CT5__is_scoped,CT5__is_scoped,False,-3.5760385990142822,-0.0005798270576633513,0.002073483938957024
282933,12.0,0.012264907360076904,7,lag_09__CT_place_BDOORS,CT_place_BDOORS,False,4.810471534729004,0.0004229834012221545,0.0020347496112420316
282933,12.0,0.012264907360076904,8,lag_09__T4__duck_amount,T4__duck_amount,False,-3.6976382732391357,-0.0005335460882633924,0.001972860436499746
282933,12.0,0.012264907360076904,9,lag_06__CT_place_HOLE,CT_place_HOLE,False,11.164148330688477,-0.00016678983229212463,-0.0018620664277599341
282933,12.0,0.012264907360076904,10,lag_07__T_he_last_5s,T_he_last_5s,True,-13.051742553710938,0.00013450531696435064,-0.001755528769123993
282933,12.0,0.012264907360076904,11,lag_15__CT_place_LONGA,CT_place_LONGA,False,2.671205997467041,-0.0006170849082991481,-0.0016483609079950834
282933,12.0,0.012264907360076904,12,lag_12__T_place_OUTSIDETUNNEL,T_place_OUTSIDETUNNEL,False,4.998118877410889,0.000322983629303053,0.00161431057471427
282933,12.0,0.012264907360076904,13,lag_07__CT_place_UNDERA,CT_place_UNDERA,False,3.054957389831543,-0.00048298120964318514,-0.0014754870155492261
282933,12.0,0.012264907360076904,14,lag_14__CT_place_LONGA,CT_place_LONGA,False,2.67120623588562,-0.000521466601639986,-0.0013929448381068132
282933,12.0,0.012264907360076904,15,lag_10__CT5__is_scoped,CT5__is_scoped,False,3.5760385990142822,0.0003877825220115483,0.0013867252667364022
282933,12.0,0.012264907360076904,16,lag_00__T3__is_walking,T3__is_walking,False,-2.3223767280578613,-0.0005952675710432231,0.001382435553958311
282933,12.0,0.012264907360076904,17,lag_04__CT3__is_walking,CT3__is_walking,False,2.387126922607422,-0.0005710183177143335,-0.001363093199517884
282933,12.0,0.012264907360076904,18,lag_08__CT_place_UNDERA,CT_place_UNDERA,False,-3.054957389831543,-0.0004104870022274554,0.0012540203008845618
282933,12.0,0.012264907360076904,19,lag_00__T2__is_walking,T2__is_walking,False,2.2968344688415527,0.0005204839399084449,0.0011954654536601717
282933,12.0,0.012264907360076904,20,lag_01__T4__duck_amount,T4__duck_amount,False,3.6976382732391357,0.00031122477957978845,0.0011507966565546396
285909,58.5,-0.011683464050292969,1,lag_01__CT_place_ARAMP,CT_place_ARAMP,False,-6.229295253753662,0.00044539233203977346,-0.002774480340033636
285909,58.5,-0.011683464050292969,2,lag_02__CT4__duck_amount,CT4__duck_amount,False,3.6725916862487793,0.0005105601740069687,0.0018750790503877235
285909,58.5,-0.011683464050292969,3,lag_09__T_place_TUNNELSTAIRS,T_place_TUNNELSTAIRS,False,-6.981647968292236,-0.00026605933089740574,0.0018575325870050646
285909,58.5,-0.011683464050292969,4,lag_03__T_place_SHORTSTAIRS,T_place_SHORTSTAIRS,False,4.2027058601379395,0.00043433194514364004,0.001825369411100286
285909,58.5,-0.011683464050292969,5,lag_06__T2__is_walking,T2__is_walking,False,2.2968344688415527,0.000674963986966759,0.0015502805504919726
285909,58.5,-0.011683464050292969,6,lag_00__T2__is_walking,T2__is_walking,False,-2.2968344688415527,0.0005204839399084449,-0.0011954654536601717
285909,58.5,-0.011683464050292969,7,lag_12__CT_B_site_active_infernos,CT_B_site_active_infernos,True,3.435478687286377,-0.00033939830609597266,-0.001165995647093812
285909,58.5,-0.011683464050292969,8,lag_12__CT_active_infernos,CT_active_infernos,True,2.30427622795105,-0.0004556126659736037,-0.0010498574353563772
285909,58.5,-0.011683464050292969,9,lag_12__CT2__is_walking,CT2__is_walking,False,2.360051155090332,0.0004432745336089283,0.0010461505750658795
285909,58.5,-0.011683464050292969,10,lag_00__CT3__is_walking,CT3__is_walking,False,-2.387126922607422,-0.000434746325481683,0.0010377946580619746
285909,58.5,-0.011683464050292969,11,lag_03__CT2__is_walking,CT2__is_walking,False,-2.360051155090332,0.0004268028133083135,-0.0010072764725440886
285909,58.5,-0.011683464050292969,12,lag_14__T3__is_walking,T3__is_walking,False,-2.3223767280578613,0.000413966306950897,-0.0009613857174628204
285909,58.5,-0.011683464050292969,13,lag_07__T1__is_walking,T1__is_walking,False,2.281590461730957,-0.00041731903911568224,-0.0009521511391450688
285909,58.5,-0.011683464050292969,14,lag_03__T2__is_walking,T2__is_walking,False,2.2968344688415527,-0.00040741125121712685,-0.0009357562047893619
285909,58.5,-0.011683464050292969,15,lag_00__T1__duck_amount,T1__duck_amount,False,2.9484851360321045,-0.00031590720755048096,-0.0009314477058280021
285909,58.5,-0.011683464050292969,16,lag_13__CT3__is_walking,CT3__is_walking,False,2.387126922607422,-0.00033269060077145696,-0.0007941746899999824
285909,58.5,-0.011683464050292969,17,lag_14__T_place_CATWALK,T_place_CATWALK,False,2.8785855770111084,0.00027293269522488117,0.0007856601199691116
285909,58.5,-0.011683464050292969,18,lag_09__T_place_OUTSIDELONG,T_place_OUTSIDELONG,False,2.4595744609832764,-0.0003020025906153023,-0.0007427978590281853
285909,58.5,-0.011683464050292969,19,lag_00__CT_walking_count,CT_walking_count,False,-1.7948952913284302,-0.00041191658237949014,0.0007393471341330463
285909,58.5,-0.011683464050292969,20,lag_14__T4__duck_amount,T4__duck_amount,False,-3.3165946006774902,0.00021507804922293872,-0.000713326696777046
284053,29.5,0.011548042297363281,1,lag_00__CT4__duck_amount,CT4__duck_amount,False,3.6725916862487793,0.001109681325033307,0.004075406408702853
284053,29.5,0.011548042297363281,2,lag_15__CT5__duck_amount,CT5__duck_amount,False,-3.7749595642089844,0.0003676873166114092,-0.001388004752480576
284053,29.5,0.011548042297363281,3,lag_00__T3__is_walking,T3__is_walking,False,-2.3223767280578613,-0.0005952675710432231,0.001382435553958311
284053,29.5,0.011548042297363281,4,lag_12__T2__is_walking,T2__is_walking,False,2.2968344688415527,-0.0005905634607188404,-0.001356426512617387
284053,29.5,0.011548042297363281,5,lag_11__CT4__is_walking,CT4__is_walking,False,-2.384641170501709,0.0005132672376930714,-0.0012239581864725846
284053,29.5,0.011548042297363281,6,lag_05__CT2__is_walking,CT2__is_walking,False,-2.360051155090332,-0.0004760352603625506,0.0011234675660823645
284053,29.5,0.011548042297363281,7,lag_11__T2__is_walking,T2__is_walking,False,-2.2968344688415527,-0.00048056713421829045,0.0011037831584649743
284053,29.5,0.011548042297363281,8,lag_12__CT3__is_walking,CT3__is_walking,False,2.387126922607422,-0.00046075513819232583,-0.0010998809951086042
284053,29.5,0.011548042297363281,9,lag_11__CT_walking_count,CT_walking_count,False,-1.7948951721191406,0.0005954737425781786,-0.0010688129456772888
284053,29.5,0.011548042297363281,10,lag_09__T3__shots_fired,T3__shots_fired,False,-3.6334238052368164,0.0002709266555029899,-0.0009843913595777576
284053,29.5,0.011548042297363281,11,lag_13__T_shots_fired_sum,T_shots_fired_sum,False,3.748684883117676,0.00024284124083351344,0.0009103352885101307
284053,29.5,0.011548042297363281,12,lag_13__T4__is_walking,T4__is_walking,False,2.307980537414551,-0.0003898956929333508,-0.0008998716709119337
284053,29.5,0.011548042297363281,13,lag_05__T3__is_walking,T3__is_walking,False,2.3223767280578613,0.00037997859180904925,0.0008824534387775335
284053,29.5,0.011548042297363281,14,lag_02__T3__is_walking,T3__is_walking,False,-2.3223767280578613,-0.00037754722870886326,0.0008768068976962029
284053,29.5,0.011548042297363281,15,lag_09__T_shots_fired_sum,T_shots_fired_sum,False,-4.498422145843506,0.0001922849623952061,-0.0008649789331512808
284053,29.5,0.011548042297363281,16,lag_15__CT3__is_walking,CT3__is_walking,False,2.387126922607422,-0.0003520298341754824,-0.0008403398947213203
284053,29.5,0.011548042297363281,17,lag_00__damage_diff_last_5s,damage_diff_last_5s,False,0.5865545272827148,0.00140280369669199,0.000822820859183615
284053,29.5,0.011548042297363281,18,lag_02__CT3__is_walking,CT3__is_walking,False,2.387126922607422,0.00033928468474186957,0.0008099156053756884
284053,29.5,0.011548042297363281,19,lag_14__CT3__molly,CT3__molly,True,2.4690752029418945,0.0003092656843364239,0.0007636002323159197
284053,29.5,0.011548042297363281,20,lag_02__T2__is_walking,T2__is_walking,False,-2.2968344688415527,-0.00032659864518791437,0.000750143025744554
285877,58.0,-0.011511921882629395,1,lag_00__CT_place_ARAMP,CT_place_ARAMP,False,-6.229295253753662,0.0006528626545332372,-0.004066874235236911
285877,58.0,-0.011511921882629395,2,lag_02__T_place_SHORTSTAIRS,T_place_SHORTSTAIRS,False,4.2027058601379395,0.0009662153315730393,0.0040607188361571345
285877,58.0,-0.011511921882629395,3,lag_02__CT_place_BDOORS,CT_place_BDOORS,False,-4.810472011566162,0.0004394810530357063,-0.002114111305241889
285877,58.0,-0.011511921882629395,4,lag_06__T2__is_walking,T2__is_walking,False,-2.2968344688415527,0.000674963986966759,-0.0015502805504919726
285877,58.0,-0.011511921882629395,5,lag_11__CT_active_infernos,CT_active_infernos,True,2.30427622795105,-0.0006114743882790208,-0.0014090058969122576
285877,58.0,-0.011511921882629395,6,lag_07__CT5__is_walking,CT5__is_walking,False,2.396676540374756,-0.0005758673651143909,-0.0013801678043370846
285877,58.0,-0.011511921882629395,7,lag_02__CT2__is_walking,CT2__is_walking,False,-2.360051155090332,0.000537299201823771,-0.0012680536018933042
285877,58.0,-0.011511921882629395,8,lag_04__T1__is_walking,T1__is_walking,False,-2.281590461730957,0.0005284955259412527,-0.0012058103510550477
285877,58.0,-0.011511921882629395,9,lag_12__CT5__is_walking,CT5__is_walking,False,2.396676540374756,0.0004820985486730933,0.0011554342817535201
285877,58.0,-0.011511921882629395,10,lag_12__CT3__is_walking,CT3__is_walking,False,2.387126922607422,-0.00046075513819232583,-0.0010998809951086042
285877,58.0,-0.011511921882629395,11,lag_13__T3__is_walking,T3__is_walking,False,-2.3223767280578613,0.00045917637180536985,-0.0010663805199548348
285877,58.0,-0.011511921882629395,12,lag_00__CT3__is_walking,CT3__is_walking,False,2.387126922607422,-0.000434746325481683,-0.0010377946580619746
285877,58.0,-0.011511921882629395,13,lag_14__T3__is_walking,T3__is_walking,False,2.3223767280578613,0.000413966306950897,0.0009613857174628204
285877,58.0,-0.011511921882629395,14,lag_07__T1__is_walking,T1__is_walking,False,-2.281590461730957,-0.00041731903911568224,0.0009521511391450688
285877,58.0,-0.011511921882629395,15,lag_08__T_place_LOWERTUNNEL,T_place_LOWERTUNNEL,False,4.32400369644165,0.00021816424850840122,0.0009433430169817417
285877,58.0,-0.011511921882629395,16,lag_03__T2__is_walking,T2__is_walking,False,-2.2968344688415527,-0.00040741125121712685,0.0009357562047893619
285877,58.0,-0.011511921882629395,17,lag_08__T_place_OUTSIDELONG,T_place_OUTSIDELONG,False,2.4595744609832764,-0.00037550198612734675,-0.0009235750951273186
285877,58.0,-0.011511921882629395,18,lag_11__CT2__is_walking,CT2__is_walking,False,2.360051155090332,0.0003764344728551805,0.000888404612477689
285877,58.0,-0.011511921882629395,19,lag_15__T5__is_walking,T5__is_walking,False,2.3193888664245605,0.0003771537740249187,0.000874766264403401
285877,58.0,-0.011511921882629395,20,lag_08__T_place_TUNNELSTAIRS,T_place_TUNNELSTAIRS,False,-6.981647968292236,-0.00012411095667630434,0.000866499008521926
287925,90.0,-0.011347271502017975,1,lag_04__T_place_EXTENDEDA,T_place_EXTENDEDA,False,-9.915559768676758,-0.0005447851726785302,0.005401849940782855
287925,90.0,-0.011347271502017975,2,lag_13__T2__flash_duration,T2__flash_duration,True,5.5919060707092285,-0.0006648051785305142,-0.003717528113663715
287925,90.0,-0.011347271502017975,3,lag_06__T_place_EXTENDEDA,T_place_EXTENDEDA,False,4.957779884338379,-0.0006772736669518054,-0.0033577737622057513
287925,90.0,-0.011347271502017975,4,lag_06__T5__duck_amount,T5__duck_amount,False,-3.4930522441864014,0.0008852121536619961,-0.003092092299930113
287925,90.0,-0.011347271502017975,5,lag_07__CT_place_MIDDOORS,CT_place_MIDDOORS,False,2.8863234519958496,0.0010612879414111376,0.0030632202746153636
287925,90.0,-0.011347271502017975,6,lag_01__T_kills_last_3s,T_kills_last_3s,False,-3.1681017875671387,-0.0008146397885866463,0.00258086177044467
287925,90.0,-0.011347271502017975,7,lag_12__T5__duck_amount,T5__duck_amount,False,3.7970333099365234,0.0005918170209042728,0.0022471489417609236
287925,90.0,-0.011347271502017975,8,lag_13__CT_flashed_players,CT_flashed_players,False,4.379879951477051,-0.0004526626435108483,-0.0019826080370957677
287925,90.0,-0.011347271502017975,9,lag_03__T1__flash_duration,T1__flash_duration,True,4.363584518432617,-0.000443183263996616,-0.001933867629604069
287925,90.0,-0.011347271502017975,10,lag_14__CT_place_MIDDOORS,CT_place_MIDDOORS,False,-2.8863232135772705,-0.0006638881168328226,0.0019161956828326748
287925,90.0,-0.011347271502017975,11,lag_01__kill_diff_last_3s,kill_diff_last_3s,False,2.4069459438323975,0.0007894911686889827,0.001900262566167446
287925,90.0,-0.011347271502017975,12,lag_13__T5__flash_duration,T5__flash_duration,True,1.0678123235702515,0.0016730723436921835,0.0017865272668190768
287925,90.0,-0.011347271502017975,13,lag_08__T2__is_walking,T2__is_walking,False,-2.2968344688415527,0.0007642210694029927,-0.0017552892940197462
287925,90.0,-0.011347271502017975,14,lag_03__CT4__flash_duration,CT4__flash_duration,True,6.394191265106201,-0.0002716068411245942,-0.001736706091061968
287925,90.0,-0.011347271502017975,15,lag_06__T_shots_fired_sum,T_shots_fired_sum,False,-5.248159408569336,-0.0003248683060519397,0.00170496065695247
287925,90.0,-0.011347271502017975,16,lag_13__T_flashed_players,T_flashed_players,False,5.788870811462402,-0.00028414413100108504,-0.0016448736662005303
287925,90.0,-0.011347271502017975,17,lag_11__T5__duck_amount,T5__duck_amount,False,-3.7970333099365234,-0.00042469444451853633,0.0016125789523818712
287925,90.0,-0.011347271502017975,18,lag_03__CT3__is_walking,CT3__is_walking,False,2.387126922607422,0.0006463254103437066,0.0015428607877967515
287925,90.0,-0.011347271502017975,19,lag_11__CT5__is_scoped,CT5__is_scoped,False,-3.5760385990142822,0.0004088018322363496,-0.0014618911314249472
287925,90.0,-0.011347271502017975,20,lag_04__CT_place_MIDDOORS,CT_place_MIDDOORS,False,-2.8863234519958496,0.0005027591832913458,-0.0014511256214400914
288181,94.0,0.011075746268033981,1,lag_14__T_place_EXTENDEDA,T_place_EXTENDEDA,False,4.957779884338379,-0.00136286742053926,-0.006756796682569677
288181,94.0,0.011075746268033981,2,lag_12__T_place_EXTENDEDA,T_place_EXTENDEDA,False,-9.915559768676758,-0.0005996045656502247,0.00594541490827627
288181,94.0,0.011075746268033981,3,lag_00__T2__flash_duration,T2__flash_duration,True,5.729948043823242,0.0007203852292150259,0.004127769934939796
288181,94.0,0.011075746268033981,4,lag_05__T_place_EXTENDEDA,T_place_EXTENDEDA,False,-4.957779407501221,-0.0005848931614309549,0.0028997712713306756
288181,94.0,0.011075746268033981,5,lag_01__CT_place_UNDERA,CT_place_UNDERA,False,3.054957389831543,-0.0009031278314068913,-0.0027590170425190186
288181,94.0,0.011075746268033981,6,lag_00__CT4__flash_duration,CT4__flash_duration,True,-5.912312984466553,-0.0004628971219062805,0.002736792664318699
288181,94.0,0.011075746268033981,7,lag_00__T_flash_duration_sum,T_flash_duration_sum,True,5.337976932525635,0.0004879351472482085,0.002604586560579436
288181,94.0,0.011075746268033981,8,lag_15__T4__is_scoped,T4__is_scoped,False,-4.644811153411865,-0.000439187278971076,0.002039941971801462
288181,94.0,0.011075746268033981,9,lag_04__T1__flash_duration,T1__flash_duration,True,-4.363584518432617,-0.0004537056665867567,0.0019797830226431223
288181,94.0,0.011075746268033981,10,lag_15__CT_place_LONGA,CT_place_LONGA,False,-2.67120623588562,-0.0006170849082991481,0.0016483610551195904
288181,94.0,0.011075746268033981,11,lag_00__T_flashed_players,T_flashed_players,False,5.788870811462402,0.000280433741863817,0.001623394702824632
288181,94.0,0.011075746268033981,12,lag_04__CT_duck_amount_mean,CT_duck_amount_mean,False,3.6346259117126465,-0.0004462930664885789,-0.001622108343677084
288181,94.0,0.011075746268033981,13,lag_11__T2__flash_duration,T2__flash_duration,True,-4.284423828125,-0.0003513276169542223,0.0015052364135570429
288181,94.0,0.011075746268033981,14,lag_02__CT_place_UNDERA,CT_place_UNDERA,False,3.054957389831543,-0.00045801213127560914,-0.001399207545072917
288181,94.0,0.011075746268033981,15,lag_04__T_bomb_zone_count,T_bomb_zone_count,False,5.821373462677002,-0.00022278167307376862,-0.0012968953196024202
288181,94.0,0.011075746268033981,16,lag_00__T5__flash_duration,T5__flash_duration,True,2.515451192855835,0.00046801220742054284,0.001177261865427097
288181,94.0,0.011075746268033981,17,lag_05__CT2__is_walking,CT2__is_walking,False,-2.360051155090332,-0.0004760352603625506,0.0011234675660823645
288181,94.0,0.011075746268033981,18,lag_15__CT5__is_scoped,CT5__is_scoped,False,-3.5760385990142822,0.00030525229522027075,-0.001091593990145391
288181,94.0,0.011075746268033981,19,lag_04__T_flashed_players,T_flashed_players,False,-1.9296237230300903,0.0005418639630079269,-0.0010455935576751951
288181,94.0,0.011075746268033981,20,lag_05__CT3__is_walking,CT3__is_walking,False,-2.387126922607422,-0.0004328789364080876,0.001033336963329412
284341,34.0,0.010995924472808838,1,lag_06__CT_place_ARAMP,CT_place_ARAMP,False,6.229295253753662,0.00040708674350753427,0.0025358635191975176
284341,34.0,0.010995924472808838,2,lag_04__T_place_TUNNELSTAIRS,T_place_TUNNELSTAIRS,False,6.981647968292236,0.000238661072216928,0.001666247589953762
284341,34.0,0.010995924472808838,3,lag_00__CT4__duck_amount,CT4__duck_amount,False,-1.3276461362838745,0.001109681325033307,-0.0014732641236868405
284341,34.0,0.010995924472808838,4,lag_02__CT_place_ARAMP,CT_place_ARAMP,False,-6.229295253753662,-0.00023528773454017937,0.001465676768037591
284341,34.0,0.010995924472808838,5,lag_02__T5__is_walking,T5__is_walking,False,2.3193888664245605,-0.00048231915570795536,-0.0011186856798123257
284341,34.0,0.010995924472808838,6,lag_11__T2__is_walking,T2__is_walking,False,-2.2968344688415527,-0.00048056713421829045,0.0011037831584649743
284341,34.0,0.010995924472808838,7,lag_00__CT4__is_walking,CT4__is_walking,False,2.384641170501709,-0.0004602376720868051,-0.0010975017010740606
284341,34.0,0.010995924472808838,8,lag_00__CT3__is_walking,CT3__is_walking,False,-2.387126922607422,-0.000434746325481683,0.0010377946580619746
284341,34.0,0.010995924472808838,9,lag_05__CT3__is_walking,CT3__is_walking,False,-2.387126922607422,-0.0004328789364080876,0.001033336963329412
284341,34.0,0.010995924472808838,10,lag_14__CT5__duck_amount,CT5__duck_amount,False,3.7749595642089844,0.00025938815088011324,0.0009791797810073666
284341,34.0,0.010995924472808838,11,lag_14__T3__is_walking,T3__is_walking,False,2.3223767280578613,0.000413966306950897,0.0009613857174628204
284341,34.0,0.010995924472808838,12,lag_00__T2__flash_duration,T2__flash_duration,True,-1.2390564680099487,0.0007203852292150259,-0.0008925979777177073
284341,34.0,0.010995924472808838,13,lag_05__T3__is_walking,T3__is_walking,False,-2.3223767280578613,0.00037997859180904925,-0.0008824534387775335
284341,34.0,0.010995924472808838,14,lag_02__CT3__is_walking,CT3__is_walking,False,2.387126922607422,0.00033928468474186957,0.0008099156053756884
284341,34.0,0.010995924472808838,15,lag_02__T2__flash_duration,T2__flash_duration,True,1.2390564680099487,0.000621056417003274,0.0007695239704869905
284341,34.0,0.010995924472808838,16,lag_10__T3__is_walking,T3__is_walking,False,2.3223767280578613,-0.00031775125535205007,-0.000737938120740772
284341,34.0,0.010995924472808838,17,lag_09__CT4__duck_amount,CT4__duck_amount,False,3.6725916862487793,0.00019900039478670806,0.0007308471954538889
284341,34.0,0.010995924472808838,18,lag_11__CT3__is_walking,CT3__is_walking,False,2.387126922607422,-0.0002635791606735438,-0.0006291969106820838
284341,34.0,0.010995924472808838,19,lag_12__T_active_infernos,T_active_infernos,True,2.082643508911133,0.00027766317361965775,0.0005782734062026451
284341,34.0,0.010995924472808838,20,lag_04__CT5__duck_amount,CT5__duck_amount,False,2.856060266494751,-0.00019479016191326082,-0.0005563324417445434
286357,65.5,0.01095852255821228,1,lag_06__T5__duck_amount,T5__duck_amount,False,3.7970333099365234,0.0008852121536619961,0.0033611800338152475
286357,65.5,0.01095852255821228,2,lag_04__T5__duck_amount,T5__duck_amount,False,1.6135780811309814,0.0010109859285876155,0.001631304734700828
286357,65.5,0.01095852255821228,3,lag_06__T2__is_walking,T2__is_walking,False,2.2968344688415527,0.000674963986966759,0.0015502805504919726
286357,65.5,0.01095852255821228,4,lag_08__CT5__is_scoped,CT5__is_scoped,False,3.5760385990142822,0.00035764911444857717,0.0012789670381713886
286357,65.5,0.01095852255821228,5,lag_06__T4__is_walking,T4__is_walking,False,2.307980537414551,0.0005145688774064183,0.0011876149542132675
286357,65.5,0.01095852255821228,6,lag_08__T4__duck_amount,T4__duck_amount,False,-3.6976382732391357,-0.00031692429911345243,0.0011718714181213896
286357,65.5,0.01095852255821228,7,lag_15__CT_place_ARAMP,CT_place_ARAMP,False,-6.229295253753662,0.00018064457981381565,-0.0011252884236505264
286357,65.5,0.01095852255821228,8,lag_02__T5__is_walking,T5__is_walking,False,2.3193888664245605,-0.00048231915570795536,-0.0011186856798123257
286357,65.5,0.01095852255821228,9,lag_05__CT3__is_walking,CT3__is_walking,False,-2.387126922607422,-0.0004328789364080876,0.001033336963329412
286357,65.5,0.01095852255821228,10,lag_08__T_place_LOWERTUNNEL,T_place_LOWERTUNNEL,False,-4.32400369644165,0.00021816424850840122,-0.0009433430169817417
286357,65.5,0.01095852255821228,11,lag_11__CT2__is_walking,CT2__is_walking,False,2.360051155090332,0.0003764344728551805,0.000888404612477689
286357,65.5,0.01095852255821228,12,lag_15__CT3__is_walking,CT3__is_walking,False,2.387126922607422,-0.0003520298341754824,-0.0008403398947213203
286357,65.5,0.01095852255821228,13,lag_05__T_velocity_mean,T_velocity_mean,False,-2.0709760189056396,0.0004021387721877545,-0.0008328197534729978
286357,65.5,0.01095852255821228,14,lag_04__T4__duck_amount,T4__duck_amount,False,3.6976382732391357,0.00022449682001024485,0.0008301080338903588
286357,65.5,0.01095852255821228,15,lag_02__CT3__is_walking,CT3__is_walking,False,2.387126922607422,0.00033928468474186957,0.0008099156053756884
286357,65.5,0.01095852255821228,16,lag_13__CT3__is_walking,CT3__is_walking,False,2.387126922607422,-0.00033269060077145696,-0.0007941746899999824
286357,65.5,0.01095852255821228,17,lag_06__T_walking_count,T_walking_count,False,1.594179630279541,0.0004635031218640506,0.0007389072354466453
286357,65.5,0.01095852255821228,18,lag_14__T2__is_walking,T2__is_walking,False,-2.2968344688415527,-0.00031520536867901683,0.0007239745555458754
286357,65.5,0.01095852255821228,19,lag_09__CT2__is_walking,CT2__is_walking,False,-2.360051155090332,0.0002942742721643299,-0.0006945023359347935
286357,65.5,0.01095852255821228,20,lag_05__T5__duck_amount,T5__duck_amount,False,-3.7970333099365234,-0.00018047107732854784,0.0006852546920966263
285237,48.0,-0.010722935199737549,1,lag_08__T4__is_scoped,T4__is_scoped,False,4.644811153411865,-0.0007313731475733221,-0.0033970901531545084
285237,48.0,-0.010722935199737549,2,lag_05__T1__duck_amount,T1__duck_amount,False,-3.915480136871338,-0.0006553102284669876,0.0025658541830511084
285237,48.0,-0.010722935199737549,3,lag_14__T4__flash_duration,T4__flash_duration,True,1.491737723350525,0.0014868791913613677,0.002218033779818676
285237,48.0,-0.010722935199737549,4,lag_06__T1__duck_amount,T1__duck_amount,False,3.915480136871338,-0.00046816820395179093,-0.0018331033032879668
285237,48.0,-0.010722935199737549,5,lag_03__CT3__is_walking,CT3__is_walking,False,-2.387126922607422,0.0006463254103437066,-0.0015428607877967515
285237,48.0,-0.010722935199737549,6,lag_00__T3__is_walking,T3__is_walking,False,-2.3223767280578613,-0.0005952675710432231,0.001382435553958311
285237,48.0,-0.010722935199737549,7,lag_08__T_scoped_count,T_scoped_count,False,2.8811259269714355,-0.0004265274910721928,-0.0012288794130941721
285237,48.0,-0.010722935199737549,8,lag_11__CT4__is_walking,CT4__is_walking,False,2.384641170501709,0.0005132672376930714,0.0012239581864725846
285237,48.0,-0.010722935199737549,9,lag_08__T4__duck_amount,T4__duck_amount,False,3.6976382732391357,-0.00031692429911345243,-0.0011718714181213896
285237,48.0,-0.010722935199737549,10,lag_01__T4__duck_amount,T4__duck_amount,False,3.6976382732391357,0.00031122477957978845,0.0011507966565546396
285237,48.0,-0.010722935199737549,11,lag_02__T5__is_walking,T5__is_walking,False,-2.3193888664245605,-0.00048231915570795536,0.0011186856798123257
285237,48.0,-0.010722935199737549,12,lag_11__T2__is_walking,T2__is_walking,False,-2.2968344688415527,-0.00048056713421829045,0.0011037831584649743
285237,48.0,-0.010722935199737549,13,lag_12__CT3__is_walking,CT3__is_walking,False,-2.387126922607422,-0.00046075513819232583,0.0010998809951086042
285237,48.0,-0.010722935199737549,14,lag_05__CT3__is_walking,CT3__is_walking,False,2.387126922607422,-0.0004328789364080876,-0.001033336963329412
285237,48.0,-0.010722935199737549,15,lag_14__T3__is_walking,T3__is_walking,False,2.3223767280578613,0.000413966306950897,0.0009613857174628204
285237,48.0,-0.010722935199737549,16,lag_07__T1__is_walking,T1__is_walking,False,2.281590461730957,-0.00041731903911568224,-0.0009521511391450688
285237,48.0,-0.010722935199737549,17,lag_13__T4__is_walking,T4__is_walking,False,-2.307980537414551,-0.0003898956929333508,0.0008998716709119337
285237,48.0,-0.010722935199737549,18,lag_00__T2__duck_amount,T2__duck_amount,False,3.8233180046081543,-0.0002317571925232187,-0.0008860814468714603
285237,48.0,-0.010722935199737549,19,lag_05__T3__is_walking,T3__is_walking,False,-2.3223767280578613,0.00037997859180904925,-0.0008824534387775335
285237,48.0,-0.010722935199737549,20,lag_02__T3__is_walking,T3__is_walking,False,2.3223767280578613,-0.00037754722870886326,-0.0008768068976962029
282773,9.5,0.010679244995117188,1,lag_01__CT_place_HOLE,CT_place_HOLE,False,11.164148330688477,0.00028441890026442707,0.0031752947906033557
282773,9.5,0.010679244995117188,2,lag_01__CT_place_UNDERA,CT_place_UNDERA,False,-3.054957389831543,-0.0009031278314068913,0.0027590170425190186
282773,9.5,0.010679244995117188,3,lag_04__T_flashed_players,T_flashed_players,False,3.8592474460601807,0.0005418639630079269,0.0020911871153503903
282773,9.5,0.010679244995117188,4,lag_10__CT_place_LONGA,CT_place_LONGA,False,2.671205997467041,-0.0006461833836510777,-0.0017260889298723048
282773,9.5,0.010679244995117188,5,lag_09__T4__is_scoped,T4__is_scoped,False,-4.644811153411865,-0.0003331555053591728,0.0015474444071128524
282773,9.5,0.010679244995117188,6,lag_03__CT_place_UNDERA,CT_place_UNDERA,False,-3.054957389831543,-0.0005000540404580534,0.0015276437862124514
282773,9.5,0.010679244995117188,7,lag_04__CT_place_MIDDOORS,CT_place_MIDDOORS,False,-2.8863234519958496,0.0005027591832913458,-0.0014511256214400914
282773,9.5,0.010679244995117188,8,lag_02__CT_place_UNDERA,CT_place_UNDERA,False,3.054957389831543,-0.00045801213127560914,-0.001399207545072917
282773,9.5,0.010679244995117188,9,lag_03__CT_place_LONGA,CT_place_LONGA,False,2.671205520629883,0.0005015977076254785,0.001339870565744472
282773,9.5,0.010679244995117188,10,lag_05__CT_place_MIDDOORS,CT_place_MIDDOORS,False,-2.8863232135772705,0.00046401238068938255,-0.0013392897057710185
282773,9.5,0.010679244995117188,11,lag_00__T2__is_walking,T2__is_walking,False,2.2968344688415527,0.0005204839399084449,0.0011954654536601717
282773,9.5,0.010679244995117188,12,lag_12__CT2__is_walking,CT2__is_walking,False,2.360051155090332,0.0004432745336089283,0.0010461505750658795
282773,9.5,0.010679244995117188,13,lag_05__T4__duck_amount,T4__duck_amount,False,3.6976382732391357,0.0002696894807741046,0.0009972141460003192
282773,9.5,0.010679244995117188,14,lag_10__CT2__is_walking,CT2__is_walking,False,-2.360051155090332,0.00041542656254023314,-0.0009804279387782833
282773,9.5,0.010679244995117188,15,lag_14__T3__is_walking,T3__is_walking,False,-2.3223767280578613,0.000413966306950897,-0.0009613857174628204
282773,9.5,0.010679244995117188,16,lag_00__T_place_UPPERTUNNEL,T_place_UPPERTUNNEL,False,2.299117088317871,-0.0004143337719142437,-0.0009526018552752369
282773,9.5,0.010679244995117188,17,lag_09__CT_place_UNDERA,CT_place_UNDERA,False,-3.054957389831543,-0.0002984604216180742,0.0009117838705943737
282773,9.5,0.010679244995117188,18,lag_13__T4__is_walking,T4__is_walking,False,2.307980537414551,-0.0003898956929333508,-0.0008998716709119337
282773,9.5,0.010679244995117188,19,lag_01__CT5__is_walking,CT5__is_walking,False,2.396676540374756,0.0003701462992466986,0.0008871209519110967
282773,9.5,0.010679244995117188,20,lag_04__T3__flash_duration,T3__flash_duration,True,5.959039688110352,0.00013961557124275714,0.0008319747301137881
285717,55.5,0.010662853717803955,1,lag_07__CT5__is_walking,CT5__is_walking,False,2.396676540374756,-0.0005758673651143909,-0.0013801678043370846
285717,55.5,0.010662853717803955,2,lag_04__CT3__is_walking,CT3__is_walking,False,-2.387126922607422,-0.0005710183177143335,0.001363093199517884
285717,55.5,0.010662853717803955,3,lag_12__T2__is_walking,T2__is_walking,False,2.2968344688415527,-0.0005905634607188404,-0.001356426512617387
285717,55.5,0.010662853717803955,4,lag_07__CT5__is_scoped,CT5__is_scoped,False,-3.5760385990142822,0.0003665765398181975,-0.0013108918558829702
285717,55.5,0.010662853717803955,5,lag_00__T2__is_walking,T2__is_walking,False,2.2968344688415527,0.0005204839399084449,0.0011954654536601717
285717,55.5,0.010662853717803955,6,lag_11__T2__is_walking,T2__is_walking,False,-2.2968344688415527,-0.00048056713421829045,0.0011037831584649743
285717,55.5,0.010662853717803955,7,lag_13__T3__is_walking,T3__is_walking,False,-2.3223767280578613,0.00045917637180536985,-0.0010663805199548348
285717,55.5,0.010662853717803955,8,lag_08__T4__duck_amount,T4__duck_amount,False,-3.3165946006774902,-0.00031692429911345243,0.0010511094192631742
285717,55.5,0.010662853717803955,9,lag_12__T_place_TUNNELSTAIRS,T_place_TUNNELSTAIRS,False,6.981647968292236,0.0001460215717088431,0.0010194712094478836
285717,55.5,0.010662853717803955,10,lag_14__T3__is_walking,T3__is_walking,False,2.3223767280578613,0.000413966306950897,0.0009613857174628204
285717,55.5,0.010662853717803955,11,lag_05__T3__is_walking,T3__is_walking,False,2.3223767280578613,0.00037997859180904925,0.0008824534387775335
285717,55.5,0.010662853717803955,12,lag_09__T2__duck_amount,T2__duck_amount,False,-3.8233180046081543,-0.00022874114802107215,0.000874550149623704
285717,55.5,0.010662853717803955,13,lag_09__T2__is_walking,T2__is_walking,False,2.2968344688415527,0.00036144626210443676,0.0008301822334354086
285717,55.5,0.010662853717803955,14,lag_03__T_place_LOWERTUNNEL,T_place_LOWERTUNNEL,False,4.32400369644165,-0.0001867041428340599,-0.0008073094037554449
285717,55.5,0.010662853717803955,15,lag_07__T5__is_walking,T5__is_walking,False,-2.3193888664245605,0.0003339978284202516,-0.0007746708446479122
285717,55.5,0.010662853717803955,16,lag_02__CT5__is_walking,CT5__is_walking,False,2.396676540374756,0.0003190442221239209,0.0007646458025065139
285717,55.5,0.010662853717803955,17,lag_12__T_place_UPPERTUNNEL,T_place_UPPERTUNNEL,False,-2.299117088317871,-0.00032930244924500585,0.0007571048882841214
285717,55.5,0.010662853717803955,18,lag_14__T5__is_walking,T5__is_walking,False,-2.3193888664245605,0.00032171810744330287,-0.0007461893965311772
285717,55.5,0.010662853717803955,19,lag_08__CT4__is_walking,CT4__is_walking,False,2.384641170501709,0.00031180543010123074,0.0007435440658053877
285717,55.5,0.010662853717803955,20,lag_07__CT3__is_walking,CT3__is_walking,False,2.387126922607422,0.000310119881760329,0.0007402955189859117
284629,38.5,0.01065129041671753,1,lag_07__CT_place_ARAMP,CT_place_ARAMP,False,6.229295253753662,0.000711088243406266,0.0044295786196506814
284629,38.5,0.01065129041671753,2,lag_00__T_shots_fired_sum,T_shots_fired_sum,False,2.249211311340332,-0.0014292533742263913,-0.003214692856081336
284629,38.5,0.01065129041671753,3,lag_12__CT_place_BDOORS,CT_place_BDOORS,False,4.810472011566162,0.0005382957751862705,0.002589456760477865
284629,38.5,0.01065129041671753,4,lag_06__T_place_TUNNELSTAIRS,T_place_TUNNELSTAIRS,False,-6.981647968292236,-0.00036679967888630927,0.0025608662328668458
284629,38.5,0.01065129041671753,5,lag_12__T4__is_scoped,T4__is_scoped,False,4.644811153411865,0.0004442513163667172,0.0020634634691780313
284629,38.5,0.01065129041671753,6,lag_15__CT_place_LONGA,CT_place_LONGA,False,-2.67120623588562,-0.0006170849082991481,0.0016483610551195904
284629,38.5,0.01065129041671753,7,lag_06__T2__is_walking,T2__is_walking,False,-2.2968344688415527,0.000674963986966759,-0.0015502805504919726
284629,38.5,0.01065129041671753,8,lag_03__CT3__is_walking,CT3__is_walking,False,-2.387126922607422,0.0006463254103437066,-0.0015428607877967515
284629,38.5,0.01065129041671753,9,lag_00__T3__is_walking,T3__is_walking,False,-2.3223767280578613,-0.0005952675710432231,0.001382435553958311
284629,38.5,0.01065129041671753,10,lag_04__T1__is_walking,T1__is_walking,False,2.281590461730957,0.0005284955259412527,0.0012058103510550477
284629,38.5,0.01065129041671753,11,lag_07__T_place_LOWERTUNNEL,T_place_LOWERTUNNEL,False,-4.32400369644165,-0.00027643091743811965,0.001195288308813186
284629,38.5,0.01065129041671753,12,lag_08__T4__duck_amount,T4__duck_amount,False,3.6976382732391357,-0.00031692429911345243,-0.0011718714181213896
284629,38.5,0.01065129041671753,13,lag_15__CT_place_ARAMP,CT_place_ARAMP,False,6.229295253753662,0.00018064457981381565,0.0011252884236505264
284629,38.5,0.01065129041671753,14,lag_01__T4__is_scoped,T4__is_scoped,False,-4.644811153411865,0.00023923513072077185,-0.0011112020034597866
284629,38.5,0.01065129041671753,15,lag_12__T3__is_walking,T3__is_walking,False,2.3223767280578613,0.0004784365592058748,0.0011111099309518008
284629,38.5,0.01065129041671753,16,lag_00__CT4__is_walking,CT4__is_walking,False,-2.384641170501709,-0.0004602376720868051,0.0010975017010740606
284629,38.5,0.01065129041671753,17,lag_13__T_place_TUNNELSTAIRS,T_place_TUNNELSTAIRS,False,6.981647968292236,0.0001564829726703465,0.0010925090282162542
284629,38.5,0.01065129041671753,18,lag_11__CT_place_LONGA,CT_place_LONGA,False,2.67120623588562,-0.0003701031091623008,-0.0009886217331149943
284629,38.5,0.01065129041671753,19,lag_14__T3__is_walking,T3__is_walking,False,-2.3223767280578613,0.000413966306950897,-0.0009613857174628204
284629,38.5,0.01065129041671753,20,lag_08__T_place_LOWERTUNNEL,T_place_LOWERTUNNEL,False,4.32400369644165,0.00021816424850840122,0.0009433430169817417
286709,71.0,0.010364949703216553,1,lag_04__T5__duck_amount,T5__duck_amount,False,2.541142225265503,0.0010109859285876155,0.002569059032283244
286709,71.0,0.010364949703216553,2,lag_04__CT_place_UNDERA,CT_place_UNDERA,False,3.054957389831543,-0.000814255210570991,-0.002487514972742688
286709,71.0,0.010364949703216553,3,lag_05__CT_place_UNDERA,CT_place_UNDERA,False,-3.054957389831543,-0.0007924962555989623,0.002421042292455877
286709,71.0,0.010364949703216553,4,lag_15__T4__duck_amount,T4__duck_amount,False,3.6976382732391357,0.0006193987792357802,0.002290312632499819
286709,71.0,0.010364949703216553,5,lag_04__CT5__is_scoped,CT5__is_scoped,False,-3.5760385990142822,0.0005739782354794443,-0.0020525683250686017
286709,71.0,0.010364949703216553,6,lag_04__CT_place_EXTENDEDA,CT_place_EXTENDEDA,False,-5.6138224601745605,0.0003472612297628075,-0.0019494628911902873
286709,71.0,0.010364949703216553,7,lag_11__T4__duck_amount,T4__duck_amount,False,3.6976382732391357,0.00047953365719877183,0.0017731420041645143
286709,71.0,0.010364949703216553,8,lag_08__T_place_SHORTSTAIRS,T_place_SHORTSTAIRS,False,4.202706813812256,0.0003702975809574127,0.0015562521666279139
286709,71.0,0.010364949703216553,9,lag_03__CT3__is_walking,CT3__is_walking,False,-2.387126922607422,0.0006463254103437066,-0.0015428607877967515
286709,71.0,0.010364949703216553,10,lag_12__T2__is_walking,T2__is_walking,False,-2.2968344688415527,-0.0005905634607188404,0.001356426512617387
286709,71.0,0.010364949703216553,11,lag_13__T1__duck_amount,T1__duck_amount,False,-3.915480136871338,0.00032753110281191766,-0.0012824415272676276
286709,71.0,0.010364949703216553,12,lag_10__T4__duck_amount,T4__duck_amount,False,-3.6976382732391357,-0.0003053958935197443,0.0011292435443686702
286709,71.0,0.010364949703216553,13,lag_05__CT2__is_walking,CT2__is_walking,False,2.360051155090332,-0.0004760352603625506,-0.0011234675660823645
286709,71.0,0.010364949703216553,14,lag_05__CT_place_EXTENDEDA,CT_place_EXTENDEDA,False,5.6138224601745605,0.00018847803585231304,0.001058082230917301
286709,71.0,0.010364949703216553,15,lag_00__T5__is_walking,T5__is_walking,False,-2.3193888664245605,0.00042383084655739367,-0.0009830285467525152
286709,71.0,0.010364949703216553,16,lag_04__T5__is_walking,T5__is_walking,False,-2.3193888664245605,0.00041472751763649285,-0.0009619143870059771
286709,71.0,0.010364949703216553,17,lag_05__T_place_SHORTSTAIRS,T_place_SHORTSTAIRS,False,-4.202706813812256,-0.0002287543611600995,0.0009613875123368198
286709,71.0,0.010364949703216553,18,lag_03__T2__is_walking,T2__is_walking,False,-2.2968344688415527,-0.00040741125121712685,0.0009357562047893619
286709,71.0,0.010364949703216553,19,lag_13__T4__is_walking,T4__is_walking,False,2.307980537414551,-0.0003898956929333508,-0.0008998716709119337
286709,71.0,0.010364949703216553,20,lag_01__CT5__is_walking,CT5__is_walking,False,2.396676540374756,0.0003701462992466986,0.0008871209519110967
288405,97.5,0.01011865958571434,1,lag_07__T2__flash_duration,T2__flash_duration,True,5.729948043823242,-0.0007842032355256379,-0.004493443795359986
288405,97.5,0.01011865958571434,2,lag_07__CT4__flash_duration,CT4__flash_duration,True,-5.912312984466553,-0.0006768053863197565,0.004001485273495198
288405,97.5,0.01011865958571434,3,lag_06__T_place_EXTENDEDA,T_place_EXTENDEDA,False,4.957779407501221,-0.0006772736669518054,-0.0033577734392565006
288405,97.5,0.01011865958571434,4,lag_00__T_place_SHORTSTAIRS,T_place_SHORTSTAIRS,False,-4.2027058601379395,0.0007216664380393922,-0.003032951768213027
288405,97.5,0.01011865958571434,5,lag_12__T_place_EXTENDEDA,T_place_EXTENDEDA,False,-4.957779407501221,-0.0005996045656502247,0.0029727071682243977
288405,97.5,0.01011865958571434,6,lag_06__T2__duck_amount,T2__duck_amount,False,3.8233180046081543,0.0007415868458338082,0.0028353223396569704
288405,97.5,0.01011865958571434,7,lag_01__T_place_EXTENDEDA,T_place_EXTENDEDA,False,-4.957779407501221,-0.0005050901672802866,0.0025041256302735515
288405,97.5,0.01011865958571434,8,lag_04__T1__duck_amount,T1__duck_amount,False,-3.915480136871338,-0.0006259491783566773,0.0024508915745465043
288405,97.5,0.01011865958571434,9,lag_06__CT_flashed_players,CT_flashed_players,False,-2.1899399757385254,-0.001081768306903541,0.0023690076597750465
288405,97.5,0.01011865958571434,10,lag_07__T_flashed_players,T_flashed_players,False,5.788870811462402,-0.00038712588138878345,-0.0022410217151331846
288405,97.5,0.01011865958571434,11,lag_00__T_place_EXTENDEDA,T_place_EXTENDEDA,False,4.957779407501221,-0.00041461060754954815,-0.00205554793224072
288405,97.5,0.01011865958571434,12,lag_01__T_place_SHORTSTAIRS,T_place_SHORTSTAIRS,False,4.2027058601379395,0.0004471036372706294,0.0018790450764462618
288405,97.5,0.01011865958571434,13,lag_07__CT_flashed_players,CT_flashed_players,False,2.1899399757385254,-0.0007714261882938445,-0.0016893770480762849
288405,97.5,0.01011865958571434,14,lag_07__CT_flash_duration_sum,CT_flash_duration_sum,True,-1.9851057529449463,-0.0006675005424767733,0.001325059166964515
288405,97.5,0.01011865958571434,15,lag_00__CT_shots_fired_sum,CT_shots_fired_sum,False,4.168446063995361,0.0003156876773573458,0.0013159270561320657
288405,97.5,0.01011865958571434,16,lag_04__T_bomb_zone_count,T_bomb_zone_count,False,-5.821373462677002,-0.00022278167307376862,0.0012968953196024202
288405,97.5,0.01011865958571434,17,lag_08__CT_place_UNDERA,CT_place_UNDERA,False,3.054957389831543,-0.0004104870022274554,-0.0012540203008845618
288405,97.5,0.01011865958571434,18,lag_07__T_flash_duration_sum,T_flash_duration_sum,True,5.337976932525635,-0.00022584135876968503,-0.0012055359635228247
288405,97.5,0.01011865958571434,19,lag_06__T4__is_walking,T4__is_walking,False,-2.307980537414551,0.0005145688774064183,-0.0011876149542132675
288405,97.5,0.01011865958571434,20,lag_04__CT2__flash_duration,CT2__flash_duration,True,-1.451656460762024,-0.0007881982601247728,0.0011441930966715128
283381,19.0,-0.009922116994857788,1,lag_09__CT2__flash_duration,CT2__flash_duration,True,8.07532024383545,-0.00044343434274196625,-0.003580874324756067
283381,19.0,-0.009922116994857788,2,lag_01__T_kills_last_3s,T_kills_last_3s,False,-3.1681017875671387,-0.0008146397885866463,0.00258086177044467
283381,19.0,-0.009922116994857788,3,lag_09__CT_flashed_players,CT_flashed_players,False,4.379879951477051,-0.0005664190975949168,-0.002480847649689699
283381,19.0,-0.009922116994857788,4,lag_06__T4__duck_amount,T4__duck_amount,False,3.6976382732391357,-0.0006567080854438245,-0.002428268951082682
283381,19.0,-0.009922116994857788,5,lag_05__T_shots_fired_sum,T_shots_fired_sum,False,-7.49737024307251,-0.00031963145011104643,0.002396395322812675
283381,19.0,-0.009922116994857788,6,lag_15__T4__duck_amount,T4__duck_amount,False,3.6976382732391357,0.0006193987792357802,0.002290312632499819
283381,19.0,-0.009922116994857788,7,lag_09__CT_flash_duration_sum,CT_flash_duration_sum,True,4.133234977722168,-0.0005110499332658947,-0.0021122894595371755
283381,19.0,-0.009922116994857788,8,lag_15__T4__is_scoped,T4__is_scoped,False,4.644811153411865,-0.000439187278971076,-0.002039941971801462
283381,19.0,-0.009922116994857788,9,lag_15__CT_flashed_players,CT_flashed_players,False,4.379879951477051,-0.0004429650725796819,-0.0019401338405963253
283381,19.0,-0.009922116994857788,10,lag_01__kill_diff_last_3s,kill_diff_last_3s,False,2.4069459438323975,0.0007894911686889827,0.001900262566167446
283381,19.0,-0.009922116994857788,11,lag_08__T2__is_walking,T2__is_walking,False,2.2968344688415527,0.0007642210694029927,0.0017552892940197462
283381,19.0,-0.009922116994857788,12,lag_09__T4__duck_amount,T4__duck_amount,False,-3.1484880447387695,-0.0005335460882633924,0.0016798634802144274
283381,19.0,-0.009922116994857788,13,lag_09__T4__is_scoped,T4__is_scoped,False,-4.644811153411865,-0.0003331555053591728,0.0015474444071128524
283381,19.0,-0.009922116994857788,14,lag_03__CT3__is_walking,CT3__is_walking,False,2.387126922607422,0.0006463254103437066,0.0015428607877967515
283381,19.0,-0.009922116994857788,15,lag_00__T3__is_walking,T3__is_walking,False,2.3223767280578613,-0.0005952675710432231,-0.001382435553958311
283381,19.0,-0.009922116994857788,16,lag_07__CT5__is_scoped,CT5__is_scoped,False,3.5760385990142822,0.0003665765398181975,0.0013108918558829702
283381,19.0,-0.009922116994857788,17,lag_02__CT2__is_walking,CT2__is_walking,False,-2.360051155090332,0.000537299201823771,-0.0012680536018933042
283381,19.0,-0.009922116994857788,18,lag_05__CT_place_PIT,CT_place_PIT,False,-4.305429458618164,-0.0002895836951211095,0.0012467821717099259
283381,19.0,-0.009922116994857788,19,lag_06__T_shots_fired_sum,T_shots_fired_sum,False,3.748684883117676,-0.0003248683060519397,-0.001217828907900953
283381,19.0,-0.009922116994857788,20,lag_12__CT5__is_walking,CT5__is_walking,False,-2.396676540374756,0.0004820985486730933,-0.0011554342817535201
286485,67.5,0.009642243385314941,1,lag_09__T5__duck_amount,T5__duck_amount,False,-3.7970333099365234,0.0007256350945681334,-0.0027552606249341416
286485,67.5,0.009642243385314941,2,lag_06__T4__duck_amount,T4__duck_amount,False,-3.6976382732391357,-0.0006567080854438245,0.002428268951082682
286485,67.5,0.009642243385314941,3,lag_01__T_place_SHORTSTAIRS,T_place_SHORTSTAIRS,False,4.202706813812256,0.0004471036372706294,0.0018790455028375175
286485,67.5,0.009642243385314941,4,lag_02__CT4__duck_amount,CT4__duck_amount,False,3.6725916862487793,0.0005105601740069687,0.0018750790503877235
286485,67.5,0.009642243385314941,5,lag_06__T1__duck_amount,T1__duck_amount,False,-3.915480136871338,-0.00046816820395179093,0.0018331033032879668
286485,67.5,0.009642243385314941,6,lag_08__T2__is_walking,T2__is_walking,False,2.2968344688415527,0.0007642210694029927,0.0017552892940197462
286485,67.5,0.009642243385314941,7,lag_00__T3__is_walking,T3__is_walking,False,2.3223767280578613,-0.0005952675710432231,-0.001382435553958311
286485,67.5,0.009642243385314941,8,lag_12__CT4__duck_amount,CT4__duck_amount,False,-3.6725916862487793,-0.00034434933331795037,0.0012646544987088143
286485,67.5,0.009642243385314941,9,lag_10__T4__is_scoped,T4__is_scoped,False,-4.644811153411865,0.00026905551203526556,-0.0012497120431883418
286485,67.5,0.009642243385314941,10,lag_10__T5__duck_amount,T5__duck_amount,False,3.7970333099365234,0.00031917812884785235,0.001211929987038507
286485,67.5,0.009642243385314941,11,lag_00__T2__is_walking,T2__is_walking,False,2.2968344688415527,0.0005204839399084449,0.0011954654536601717
286485,67.5,0.009642243385314941,12,lag_06__T4__is_walking,T4__is_walking,False,2.307980537414551,0.0005145688774064183,0.0011876149542132675
286485,67.5,0.009642243385314941,13,lag_08__T4__duck_amount,T4__duck_amount,False,3.6976382732391357,-0.00031692429911345243,-0.0011718714181213896
286485,67.5,0.009642243385314941,14,lag_12__CT5__is_walking,CT5__is_walking,False,-2.396676540374756,0.0004820985486730933,-0.0011554342817535201
286485,67.5,0.009642243385314941,15,lag_11__T2__is_walking,T2__is_walking,False,-2.2968344688415527,-0.00048056713421829045,0.0011037831584649743
286485,67.5,0.009642243385314941,16,lag_12__CT_active_infernos,CT_active_infernos,True,-2.30427622795105,-0.0004556126659736037,0.0010498574353563772
286485,67.5,0.009642243385314941,17,lag_00__CT3__is_walking,CT3__is_walking,False,2.387126922607422,-0.000434746325481683,-0.0010377946580619746
286485,67.5,0.009642243385314941,18,lag_10__CT_place_EXTENDEDA,CT_place_EXTENDEDA,False,5.6138224601745605,0.0001632820931263268,0.0009166366817368876
286485,67.5,0.009642243385314941,19,lag_12__T_place_LOWERTUNNEL,T_place_LOWERTUNNEL,False,-4.32400369644165,-0.00021127890795469284,0.0009135707789762471
286485,67.5,0.009642243385314941,20,lag_06__T5__duck_amount,T5__duck_amount,False,-0.9654229879379272,0.0008852121536619961,-0.0008546041623473319
286581,69.0,-0.009473264217376709,1,lag_00__CT5__is_scoped,CT5__is_scoped,False,-3.5760385990142822,0.0009010074427351356,-0.0032220373932199953
286581,69.0,-0.009473264217376709,2,lag_00__T_place_SHORTSTAIRS,T_place_SHORTSTAIRS,False,4.202706813812256,0.0007216664380393922,0.003032952456447774
286581,69.0,-0.009473264217376709,3,lag_01__CT_place_UNDERA,CT_place_UNDERA,False,-3.054957389831543,-0.0009031278314068913,0.0027590170425190186
286581,69.0,-0.009473264217376709,4,lag_01__CT_place_EXTENDEDA,CT_place_EXTENDEDA,False,5.6138224601745605,0.000490585109218955,0.0027540577047605597
286581,69.0,-0.009473264217376709,5,lag_06__T4__duck_amount,T4__duck_amount,False,-3.6976382732391357,-0.0006567080854438245,0.002428268951082682
286581,69.0,-0.009473264217376709,6,lag_15__T4__duck_amount,T4__duck_amount,False,-3.6976382732391357,0.0006193987792357802,-0.002290312632499819
286581,69.0,-0.009473264217376709,7,lag_12__T5__duck_amount,T5__duck_amount,False,-3.7970333099365234,0.0005918170209042728,-0.0022471489417609236
286581,69.0,-0.009473264217376709,8,lag_00__CT_place_UNDERA,CT_place_UNDERA,False,3.054957389831543,-0.0006618418265134096,-0.0020218985788067467
286581,69.0,-0.009473264217376709,9,lag_09__T4__duck_amount,T4__duck_amount,False,-3.6976382732391357,-0.0005335460882633924,0.001972860436499746
286581,69.0,-0.009473264217376709,10,lag_01__T_place_SHORTSTAIRS,T_place_SHORTSTAIRS,False,-4.202706813812256,0.0004471036372706294,-0.0018790455028375175
286581,69.0,-0.009473264217376709,11,lag_09__T1__duck_amount,T1__duck_amount,False,-3.915480136871338,0.00046269988524727523,-0.0018116922100183536
286581,69.0,-0.009473264217376709,12,lag_11__T4__duck_amount,T4__duck_amount,False,3.6976382732391357,0.00047953365719877183,0.0017731420041645143
286581,69.0,-0.009473264217376709,13,lag_08__T2__is_walking,T2__is_walking,False,-2.2968344688415527,0.0007642210694029927,-0.0017552892940197462
286581,69.0,-0.009473264217376709,14,lag_02__CT_place_EXTENDEDA,CT_place_EXTENDEDA,False,-5.6138224601745605,0.0003084092168137431,-0.0017313545882738368
286581,69.0,-0.009473264217376709,15,lag_00__T5__duck_amount,T5__duck_amount,False,2.541142225265503,-0.0006162750069051981,-0.0015660424424225883
286581,69.0,-0.009473264217376709,16,lag_03__CT3__is_walking,CT3__is_walking,False,2.387126922607422,0.0006463254103437066,0.0015428607877967515
286581,69.0,-0.009473264217376709,17,lag_02__CT4__duck_amount,CT4__duck_amount,False,-2.7523691654205322,0.0005105601740069687,-0.0014052500800285223
286581,69.0,-0.009473264217376709,18,lag_02__CT_place_UNDERA,CT_place_UNDERA,False,3.054957389831543,-0.00045801213127560914,-0.001399207545072917
286581,69.0,-0.009473264217376709,19,lag_04__CT3__is_walking,CT3__is_walking,False,-2.387126922607422,-0.0005710183177143335,0.001363093199517884
286581,69.0,-0.009473264217376709,20,lag_12__T2__is_walking,T2__is_walking,False,-2.2968344688415527,-0.0005905634607188404,0.001356426512617387
285269,48.5,-0.009202659130096436,1,lag_07__T1__duck_amount,T1__duck_amount,False,3.915480136871338,-0.0005426298594102263,-0.002124656436194028
285269,48.5,-0.009202659130096436,2,lag_09__T4__duck_amount,T4__duck_amount,False,3.6976382732391357,-0.0005335460882633924,-0.001972860436499746
285269,48.5,-0.009202659130096436,3,lag_06__T1__duck_amount,T1__duck_amount,False,-3.915480136871338,-0.00046816820395179093,0.0018331033032879668
285269,48.5,-0.009202659130096436,4,lag_11__T_place_LOWERTUNNEL,T_place_LOWERTUNNEL,False,-4.32400369644165,-0.00038801980554126203,0.0016777990734529874
285269,48.5,-0.009202659130096436,5,lag_09__T1__duck_amount,T1__duck_amount,False,-3.35819673538208,0.00046269988524727523,-0.0015538372440990628
285269,48.5,-0.009202659130096436,6,lag_09__T4__is_scoped,T4__is_scoped,False,4.644811153411865,-0.0003331555053591728,-0.0015474444071128524
285269,48.5,-0.009202659130096436,7,lag_03__CT3__is_walking,CT3__is_walking,False,2.387126922607422,0.0006463254103437066,0.0015428607877967515
285269,48.5,-0.009202659130096436,8,lag_00__T3__is_walking,T3__is_walking,False,2.3223767280578613,-0.0005952675710432231,-0.001382435553958311
285269,48.5,-0.009202659130096436,9,lag_04__CT3__is_walking,CT3__is_walking,False,-2.387126922607422,-0.0005710183177143335,0.001363093199517884
285269,48.5,-0.009202659130096436,10,lag_12__T2__is_walking,T2__is_walking,False,-2.2968344688415527,-0.0005905634607188404,0.001356426512617387
285269,48.5,-0.009202659130096436,11,lag_11__CT4__is_walking,CT4__is_walking,False,-2.384641170501709,0.0005132672376930714,-0.0012239581864725846
285269,48.5,-0.009202659130096436,12,lag_15__T_place_LOWERTUNNEL,T_place_LOWERTUNNEL,False,-4.324003219604492,-0.00028094183653593063,0.001214793405702963
285269,48.5,-0.009202659130096436,13,lag_12__T1__duck_amount,T1__duck_amount,False,3.4989144802093506,0.0003429029311519116,0.0011997880311136536
285269,48.5,-0.009202659130096436,14,lag_02__T5__is_walking,T5__is_walking,False,2.3193888664245605,-0.00048231915570795536,-0.0011186856798123257
285269,48.5,-0.009202659130096436,15,lag_12__T3__is_walking,T3__is_walking,False,-2.3223767280578613,0.0004784365592058748,-0.0011111099309518008
285269,48.5,-0.009202659130096436,16,lag_11__T2__is_walking,T2__is_walking,False,2.2968344688415527,-0.00048056713421829045,-0.0011037831584649743
285269,48.5,-0.009202659130096436,17,lag_00__CT4__is_walking,CT4__is_walking,False,2.384641170501709,-0.0004602376720868051,-0.0010975017010740606
285269,48.5,-0.009202659130096436,18,lag_15__T4__flash_duration,T4__flash_duration,True,1.491737723350525,0.0007304006139747798,0.0010895661490245637
285269,48.5,-0.009202659130096436,19,lag_02__CT_walking_count,CT_walking_count,False,-1.7948951721191406,0.0005554198869504035,-0.000996920473586238
285269,48.5,-0.009202659130096436,20,lag_00__T5__is_walking,T5__is_walking,False,-2.3193888664245605,0.00042383084655739367,-0.0009830285467525152
285045,45.0,0.009057402610778809,1,lag_02__T4__is_scoped,T4__is_scoped,False,4.644811153411865,0.000603504478931427,0.002803164334874708
285045,45.0,0.009057402610778809,2,lag_05__T1__duck_amount,T1__duck_amount,False,3.4989144802093506,-0.0006553102284669876,-0.0022928744474124407
285045,45.0,0.009057402610778809,3,lag_04__T_place_LOWERTUNNEL,T_place_LOWERTUNNEL,False,-4.32400369644165,-0.0003512596886139363,0.0015188481919776037
285045,45.0,0.009057402610778809,4,lag_00__T1__duck_amount,T1__duck_amount,False,3.915480136871338,-0.00031590720755048096,-0.0012369283962583993
285045,45.0,0.009057402610778809,5,lag_11__CT4__is_walking,CT4__is_walking,False,-2.384641170501709,0.0005132672376930714,-0.0012239581864725846
285045,45.0,0.009057402610778809,6,lag_02__T_scoped_count,T_scoped_count,False,2.8811259269714355,0.0004104470135644078,0.0011825495324284119
285045,45.0,0.009057402610778809,7,lag_12__T3__is_walking,T3__is_walking,False,2.3223767280578613,0.0004784365592058748,0.0011111099309518008
285045,45.0,0.009057402610778809,8,lag_13__T3__is_walking,T3__is_walking,False,-2.3223767280578613,0.00045917637180536985,-0.0010663805199548348
285045,45.0,0.009057402610778809,9,lag_00__CT3__is_walking,CT3__is_walking,False,-2.387126922607422,-0.000434746325481683,0.0010377946580619746
285045,45.0,0.009057402610778809,10,lag_10__CT2__is_walking,CT2__is_walking,False,2.360051155090332,0.00041542656254023314,0.0009804279387782833
285045,45.0,0.009057402610778809,11,lag_14__T3__is_walking,T3__is_walking,False,2.3223767280578613,0.000413966306950897,0.0009613857174628204
285045,45.0,0.009057402610778809,12,lag_08__T_place_LOWERTUNNEL,T_place_LOWERTUNNEL,False,-4.324003219604492,0.00021816424850840122,-0.0009433429129529214
285045,45.0,0.009057402610778809,13,lag_03__T2__is_walking,T2__is_walking,False,-2.2968344688415527,-0.00040741125121712685,0.0009357562047893619
285045,45.0,0.009057402610778809,14,lag_13__T4__is_walking,T4__is_walking,False,2.307980537414551,-0.0003898956929333508,-0.0008998716709119337
285045,45.0,0.009057402610778809,15,lag_05__T3__is_walking,T3__is_walking,False,-2.3223767280578613,0.00037997859180904925,-0.0008824534387775335
285045,45.0,0.009057402610778809,16,lag_09__T2__is_walking,T2__is_walking,False,-2.2968344688415527,0.00036144626210443676,-0.0008301822334354086
285045,45.0,0.009057402610778809,17,lag_06__T_active_infernos,T_active_infernos,True,2.082643508911133,0.0003952899423893541,0.000823248032655044
285045,45.0,0.009057402610778809,18,lag_04__CT4__is_walking,CT4__is_walking,False,-2.384641170501709,-0.00033677276223897934,0.0008030821939386534
285045,45.0,0.009057402610778809,19,lag_13__CT4__is_walking,CT4__is_walking,False,-2.384641170501709,-0.00032909479341469705,0.0007847729933744413
285045,45.0,0.009057402610778809,20,lag_10__T3__is_walking,T3__is_walking,False,-2.3223767280578613,-0.00031775125535205007,0.000737938120740772
282677,8.0,0.008954942226409912,1,lag_07__CT_place_MIDDOORS,CT_place_MIDDOORS,False,2.8863232135772705,0.0010612879414111376,0.0030632200215846006
282677,8.0,0.008954942226409912,2,lag_02__CT_place_BDOORS,CT_place_BDOORS,False,4.810472011566162,0.0004394810530357063,0.002114111305241889
282677,8.0,0.008954942226409912,3,lag_00__CT_place_UNDERA,CT_place_UNDERA,False,-3.054957389831543,-0.0006618418265134096,0.0020218985788067467
282677,8.0,0.008954942226409912,4,lag_12__CT_place_UNDERA,CT_place_UNDERA,False,6.1099138259887695,-0.0003103484632447362,-0.0018962023664533811
282677,8.0,0.008954942226409912,5,lag_11__T4__is_scoped,T4__is_scoped,False,4.644811153411865,0.0003981733461841941,0.0018494399993476685
282677,8.0,0.008954942226409912,6,lag_02__CT_place_MIDDOORS,CT_place_MIDDOORS,False,-2.8863232135772705,0.0006204587407410145,-0.0017908444664677114
282677,8.0,0.008954942226409912,7,lag_09__T_he_last_5s,T_he_last_5s,True,13.051742553710938,-0.00011602419544942677,-0.0015143179290073583
282677,8.0,0.008954942226409912,8,lag_07__CT_place_UNDERA,CT_place_UNDERA,False,-3.0549564361572266,-0.00048298120964318514,0.0014754865549424512
282677,8.0,0.008954942226409912,9,lag_06__T4__is_walking,T4__is_walking,False,-2.307980537414551,0.0005145688774064183,-0.0011876149542132675
282677,8.0,0.008954942226409912,10,lag_07__CT_macro_MID,CT_macro_MID,False,1.7316291332244873,0.0006673819152638316,0.001155657967458007
282677,8.0,0.008954942226409912,11,lag_01__T4__duck_amount,T4__duck_amount,False,-3.6976382732391357,0.00031122477957978845,-0.0011507966565546396
282677,8.0,0.008954942226409912,12,lag_12__T3__is_walking,T3__is_walking,False,2.3223767280578613,0.0004784365592058748,0.0011111099309518008
282677,8.0,0.008954942226409912,13,lag_00__CT_place_LONGA,CT_place_LONGA,False,2.671205520629883,0.0004009889089502394,0.001071123787299233
282677,8.0,0.008954942226409912,14,lag_09__CT_place_MIDDOORS,CT_place_MIDDOORS,False,2.8863234519958496,0.00033039593836292624,0.0009536295453410892
282677,8.0,0.008954942226409912,15,lag_00__T_place_UPPERTUNNEL,T_place_UPPERTUNNEL,False,2.299117088317871,-0.0004143337719142437,-0.0009526018552752369
282677,8.0,0.008954942226409912,16,lag_15__CT_velocity_mean,CT_velocity_mean,False,3.4858005046844482,0.00026120166876353323,0.0009104969088003442
282677,8.0,0.008954942226409912,17,lag_11__T_scoped_count,T_scoped_count,False,2.8811259269714355,0.00027670947019942105,0.0007972348288300818
282677,8.0,0.008954942226409912,18,lag_15__T_velocity_mean,T_velocity_mean,False,3.5461554527282715,-0.0002219169691670686,-0.000786952070264732
282677,8.0,0.008954942226409912,19,lag_01__CT_place_MIDDOORS,CT_place_MIDDOORS,False,-2.8863234519958496,-0.0002552410587668419,0.0007367082538309866
282677,8.0,0.008954942226409912,20,lag_13__CT_place_UNDERA,CT_place_UNDERA,False,3.054957389831543,-0.0002378179633524269,-0.0007265237445781836
283221,16.5,-0.008885830640792847,1,lag_00__T_shots_fired_sum,T_shots_fired_sum,False,-7.49737024307251,-0.0014292533742263913,0.010715641717735924
283221,16.5,-0.008885830640792847,2,lag_15__CT_place_BDOORS,CT_place_BDOORS,False,-9.620943069458008,0.0010155809577554464,-0.009770846576990788
283221,16.5,-0.008885830640792847,3,lag_13__CT_place_HOLE,CT_place_HOLE,False,-11.164148330688477,-0.0006787182646803558,0.007577311381638974
283221,16.5,-0.008885830640792847,4,lag_04__CT2__flash_duration,CT2__flash_duration,True,8.07532024383545,-0.0007881982601247728,-0.006364953366141457
283221,16.5,-0.008885830640792847,5,lag_00__T3__shots_fired,T3__shots_fired,False,-6.05570650100708,-0.0005547230830416083,0.003359240180233758
283221,16.5,-0.008885830640792847,6,lag_00__CT5__is_scoped,CT5__is_scoped,False,-3.5760385990142822,0.0009010074427351356,-0.0032220373932199953
283221,16.5,-0.008885830640792847,7,lag_02__T4__is_scoped,T4__is_scoped,False,4.644811153411865,0.000603504478931427,0.002803164334874708
283221,16.5,-0.008885830640792847,8,lag_02__T_shots_fired_sum,T_shots_fired_sum,False,3.748685598373413,-0.0005697038141079247,-0.0021356404832847814
283221,16.5,-0.008885830640792847,9,lag_02__T_kills_last_3s,T_kills_last_3s,False,3.1681017875671387,-0.000590842217206955,-0.0018718482845034856
283221,16.5,-0.008885830640792847,10,lag_07__CT_flashed_players,CT_flashed_players,False,-2.1899399757385254,-0.0007714261882938445,0.0016893770480762849
283221,16.5,-0.008885830640792847,11,lag_04__CT4__duck_amount,CT4__duck_amount,False,-3.6725916862487793,-0.00045122753363102674,0.0016571744886198503
283221,16.5,-0.008885830640792847,12,lag_15__CT_place_LONGA,CT_place_LONGA,False,2.671205520629883,-0.0006170849082991481,-0.0016483606137460693
283221,16.5,-0.008885830640792847,13,lag_04__CT_flashed_players,CT_flashed_players,False,4.379879951477051,0.00035610157647170126,0.0015596821554777762
283221,16.5,-0.008885830640792847,14,lag_10__CT5__is_scoped,CT5__is_scoped,False,-3.5760385990142822,0.0003877825220115483,-0.0013867252667364022
283221,16.5,-0.008885830640792847,15,lag_07__CT5__is_walking,CT5__is_walking,False,-2.396676540374756,-0.0005758673651143909,0.0013801678043370846
283221,16.5,-0.008885830640792847,16,lag_02__T_damage_last_5s,T_damage_last_5s,False,2.3978044986724854,-0.0005632958491332829,-0.0013506733211353233
283221,16.5,-0.008885830640792847,17,lag_05__CT3__duck_amount,CT3__duck_amount,False,3.7208433151245117,0.00034184069954790175,0.001271935681750297
283221,16.5,-0.008885830640792847,18,lag_10__T4__is_scoped,T4__is_scoped,False,4.644811153411865,0.00026905551203526556,0.0012497120431883418
283221,16.5,-0.008885830640792847,19,lag_12__CT4__duck_amount,CT4__duck_amount,False,3.6042401790618896,-0.00034434933331795037,-0.0012411177027777318
283221,16.5,-0.008885830640792847,20,lag_02__T_scoped_count,T_scoped_count,False,2.8811259269714355,0.0004104470135644078,0.0011825495324284119
287829,88.5,-0.0087975412607193,1,lag_14__CT_place_BDOORS,CT_place_BDOORS,False,-4.810472011566162,0.0018926759948953986,-0.009104664900407455
287829,88.5,-0.0087975412607193,2,lag_01__T_place_EXTENDEDA,T_place_EXTENDEDA,False,-9.915559768676758,-0.0005050901672802866,0.005008251742238623
287829,88.5,-0.0087975412607193,3,lag_03__T_place_EXTENDEDA,T_place_EXTENDEDA,False,4.957779884338379,-0.0009837003890424967,-0.0048769700010107275
287829,88.5,-0.0087975412607193,4,lag_04__T5__duck_amount,T5__duck_amount,False,3.4930522441864014,0.0010109859285876155,0.003531426666693843
287829,88.5,-0.0087975412607193,5,lag_00__T2__flash_duration,T2__flash_duration,True,-4.284423828125,0.0007203852292150259,-0.003086435641478147
287829,88.5,-0.0087975412607193,6,lag_00__CT4__flash_duration,CT4__flash_duration,True,6.394191265106201,-0.0004628971219062805,-0.0029598527335359393
287829,88.5,-0.0087975412607193,7,lag_09__T5__duck_amount,T5__duck_amount,False,3.7970333099365234,0.0007256350945681334,0.0027552606249341416
287829,88.5,-0.0087975412607193,8,lag_10__T2__flash_duration,T2__flash_duration,True,5.5919060707092285,-0.00047756219282746315,-0.0026704829252131024
287829,88.5,-0.0087975412607193,9,lag_03__T_shots_fired_sum,T_shots_fired_sum,False,-5.248159408569336,-0.0004776092537213117,0.002506569498537281
287829,88.5,-0.0087975412607193,10,lag_04__CT5__is_scoped,CT5__is_scoped,False,-3.5760385990142822,0.0005739782354794443,-0.0020525683250686017
287829,88.5,-0.0087975412607193,11,lag_14__CT_place_MIDDOORS,CT_place_MIDDOORS,False,2.8863232135772705,-0.0006638881168328226,-0.0019161956828326748
287829,88.5,-0.0087975412607193,12,lag_01__T_place_SHORTSTAIRS,T_place_SHORTSTAIRS,False,4.2027058601379395,0.0004471036372706294,0.0018790450764462618
287829,88.5,-0.0087975412607193,13,lag_11__CT5__is_walking,CT5__is_walking,False,2.396676540374756,0.0007649292820133269,0.0018332880652470462
287829,88.5,-0.0087975412607193,14,lag_03__T_place_SHORTSTAIRS,T_place_SHORTSTAIRS,False,-4.2027058601379395,0.00043433194514364004,-0.001825369411100286
287829,88.5,-0.0087975412607193,15,lag_04__CT4__duck_amount,CT4__duck_amount,False,-3.6725916862487793,-0.00045122753363102674,0.0016571744886198503
287829,88.5,-0.0087975412607193,16,lag_09__CT5__is_scoped,CT5__is_scoped,False,3.5760385990142822,0.0004505130054894835,0.0016110518969883261
287829,88.5,-0.0087975412607193,17,lag_06__CT_place_MIDDOORS,CT_place_MIDDOORS,False,-2.8863234519958496,0.000514211889822036,-0.0014841818368884485
287829,88.5,-0.0087975412607193,18,lag_04__CT_place_MIDDOORS,CT_place_MIDDOORS,False,2.8863234519958496,0.0005027591832913458,0.0014511256214400914
287829,88.5,-0.0087975412607193,19,lag_04__CT_place_LONGA,CT_place_LONGA,False,-2.67120623588562,0.0005354107124730945,-0.0014301924339180927
287829,88.5,-0.0087975412607193,20,lag_04__T_kills_last_3s,T_kills_last_3s,False,3.1681017875671387,-0.00044814517605118454,-0.0014197695333373478
287861,89.0,-0.008748330175876617,1,lag_02__T_place_EXTENDEDA,T_place_EXTENDEDA,False,-9.915559768676758,-0.0014909912133589387,0.014784012490632437
287861,89.0,-0.008748330175876617,2,lag_15__CT_place_BDOORS,CT_place_BDOORS,False,-4.810472011566162,0.0010155809577554464,-0.004885423772762132
287861,89.0,-0.008748330175876617,3,lag_02__T_place_SHORTSTAIRS,T_place_SHORTSTAIRS,False,4.2027058601379395,0.0009662153315730393,0.0040607188361571345
287861,89.0,-0.008748330175876617,4,lag_04__T5__duck_amount,T5__duck_amount,False,-3.4930522441864014,0.0010109859285876155,-0.003531426666693843
287861,89.0,-0.008748330175876617,5,lag_01__CT4__flash_duration,CT4__flash_duration,True,6.394191265106201,-0.0004876780149061233,-0.0031183065030970653
287861,89.0,-0.008748330175876617,6,lag_07__CT_place_MIDDOORS,CT_place_MIDDOORS,False,-2.8863234519958496,0.0010612879414111376,-0.0030632202746153636
287861,89.0,-0.008748330175876617,7,lag_09__T5__duck_amount,T5__duck_amount,False,-3.7970333099365234,0.0007256350945681334,-0.0027552606249341416
287861,89.0,-0.008748330175876617,8,lag_04__T_place_EXTENDEDA,T_place_EXTENDEDA,False,4.957779884338379,-0.0005447851726785302,-0.0027009249703914273
287861,89.0,-0.008748330175876617,9,lag_06__CT_flashed_players,CT_flashed_players,False,-2.1899399757385254,-0.001081768306903541,0.0023690076597750465
287861,89.0,-0.008748330175876617,10,lag_06__CT5__flash_duration,CT5__flash_duration,True,-2.820796251296997,-0.0007581928512081504,0.0021387075524481325
287861,89.0,-0.008748330175876617,11,lag_11__T2__flash_duration,T2__flash_duration,True,5.5919060707092285,-0.0003513276169542223,-0.0019645910340541223
287861,89.0,-0.008748330175876617,12,lag_11__CT5__is_walking,CT5__is_walking,False,-2.396676540374756,0.0007649292820133269,-0.0018332880652470462
287861,89.0,-0.008748330175876617,13,lag_02__CT_place_MIDDOORS,CT_place_MIDDOORS,False,-2.8863234519958496,0.0006204587407410145,-0.0017908446143966028
287861,89.0,-0.008748330175876617,14,lag_08__T2__is_walking,T2__is_walking,False,2.2968344688415527,0.0007642210694029927,0.0017552892940197462
287861,89.0,-0.008748330175876617,15,lag_11__CT_flashed_players,CT_flashed_players,False,4.379879951477051,-0.00039488752372562885,-0.0017295599482543
287861,89.0,-0.008748330175876617,16,lag_01__T2__flash_duration,T2__flash_duration,True,-4.284423828125,0.0003978577151428908,-0.00170459107496157
287861,89.0,-0.008748330175876617,17,lag_05__T_shots_fired_sum,T_shots_fired_sum,False,5.248159408569336,-0.00031963145011104643,-0.0016774768021749487
287861,89.0,-0.008748330175876617,18,lag_11__T5__duck_amount,T5__duck_amount,False,-3.7970333099365234,-0.00042469444451853633,0.0016125789523818712
287861,89.0,-0.008748330175876617,19,lag_09__CT5__is_scoped,CT5__is_scoped,False,-3.5760385990142822,0.0004505130054894835,-0.0016110518969883261
287861,89.0,-0.008748330175876617,20,lag_06__T2__is_walking,T2__is_walking,False,-2.2968344688415527,0.000674963986966759,-0.0015502805504919726
284853,42.0,0.008509218692779541,1,lag_13__T_place_LOWERTUNNEL,T_place_LOWERTUNNEL,False,8.6480073928833,-0.00041904355748556554,-0.0036238917830752893
284853,42.0,0.008509218692779541,2,lag_15__T_place_TUNNELSTAIRS,T_place_TUNNELSTAIRS,False,-6.981647968292236,0.0004953770549036562,-0.0034585482089067032
284853,42.0,0.008509218692779541,3,lag_08__T4__is_scoped,T4__is_scoped,False,-4.644811153411865,-0.0007313731475733221,0.0033970901531545084
284853,42.0,0.008509218692779541,4,lag_15__T4__duck_amount,T4__duck_amount,False,3.6976382732391357,0.0006193987792357802,0.002290312632499819
284853,42.0,0.008509218692779541,5,lag_05__T_shots_fired_sum,T_shots_fired_sum,False,-5.997896671295166,-0.00031963145011104643,0.0019171164106622923
284853,42.0,0.008509218692779541,6,lag_14__CT_place_LONGA,CT_place_LONGA,False,-2.67120623588562,-0.000521466601639986,0.0013929448381068132
284853,42.0,0.008509218692779541,7,lag_07__CT5__is_walking,CT5__is_walking,False,2.396676540374756,-0.0005758673651143909,-0.0013801678043370846
284853,42.0,0.008509218692779541,8,lag_02__CT2__is_walking,CT2__is_walking,False,-2.360051155090332,0.000537299201823771,-0.0012680536018933042
284853,42.0,0.008509218692779541,9,lag_08__T_scoped_count,T_scoped_count,False,-2.8811259269714355,-0.0004265274910721928,0.0012288794130941721
284853,42.0,0.008509218692779541,10,lag_06__T_shots_fired_sum,T_shots_fired_sum,False,3.748685598373413,-0.0003248683060519397,-0.0012178291402648728
284853,42.0,0.008509218692779541,11,lag_15__T_place_LOWERTUNNEL,T_place_LOWERTUNNEL,False,4.32400369644165,-0.00028094183653593063,-0.00121479353966647
284853,42.0,0.008509218692779541,12,lag_12__CT4__duck_amount,CT4__duck_amount,False,-3.520294189453125,-0.00034434933331795037,0.001212210957221238
284853,42.0,0.008509218692779541,13,lag_02__T_place_LOWERTUNNEL,T_place_LOWERTUNNEL,False,-4.324003219604492,-0.0002622887259349227,0.001134137295408566
284853,42.0,0.008509218692779541,14,lag_13__T_place_TUNNELSTAIRS,T_place_TUNNELSTAIRS,False,-6.981647968292236,0.0001564829726703465,-0.0010925090282162542
284853,42.0,0.008509218692779541,15,lag_00__CT3__is_walking,CT3__is_walking,False,-2.387126922607422,-0.000434746325481683,0.0010377946580619746
284853,42.0,0.008509218692779541,16,lag_07__T1__is_walking,T1__is_walking,False,-2.281590461730957,-0.00041731903911568224,0.0009521511391450688
284853,42.0,0.008509218692779541,17,lag_03__T2__is_walking,T2__is_walking,False,-2.2968344688415527,-0.00040741125121712685,0.0009357562047893619
284853,42.0,0.008509218692779541,18,lag_02__T3__is_walking,T3__is_walking,False,2.3223767280578613,-0.00037754722870886326,-0.0008768068976962029
284853,42.0,0.008509218692779541,19,lag_15__T5__is_walking,T5__is_walking,False,2.3193888664245605,0.0003771537740249187,0.000874766264403401
284853,42.0,0.008509218692779541,20,lag_11__T1__is_walking,T1__is_walking,False,2.281590461730957,0.00038013741141185164,0.0008673178920243774
285749,56.0,-0.008451521396636963,1,lag_09__T4__duck_amount,T4__duck_amount,False,-3.3165946006774902,-0.0005335460882633924,0.001769556075546963
285749,56.0,-0.008451521396636963,2,lag_04__T_place_TUNNELSTAIRS,T_place_TUNNELSTAIRS,False,-6.981647968292236,0.000238661072216928,-0.001666247589953762
285749,56.0,-0.008451521396636963,3,lag_04__T_place_LOWERTUNNEL,T_place_LOWERTUNNEL,False,4.32400369644165,-0.0003512596886139363,-0.0015188481919776037
285749,56.0,-0.008451521396636963,4,lag_12__T2__is_walking,T2__is_walking,False,-2.2968344688415527,-0.0005905634607188404,0.001356426512617387
285749,56.0,-0.008451521396636963,5,lag_08__CT5__is_scoped,CT5__is_scoped,False,-3.5760385990142822,0.00035764911444857717,-0.0012789670381713886
285749,56.0,-0.008451521396636963,6,lag_11__CT4__is_walking,CT4__is_walking,False,-2.384641170501709,0.0005132672376930714,-0.0012239581864725846
285749,56.0,-0.008451521396636963,7,lag_13__T_place_TUNNELSTAIRS,T_place_TUNNELSTAIRS,False,6.981647968292236,0.0001564829726703465,0.0010925090282162542
285749,56.0,-0.008451521396636963,8,lag_08__T4__duck_amount,T4__duck_amount,False,3.3165946006774902,-0.00031692429911345243,-0.0010511094192631742
285749,56.0,-0.008451521396636963,9,lag_05__CT3__is_walking,CT3__is_walking,False,-2.387126922607422,-0.0004328789364080876,0.001033336963329412
285749,56.0,-0.008451521396636963,10,lag_14__T3__is_walking,T3__is_walking,False,-2.3223767280578613,0.000413966306950897,-0.0009613857174628204
285749,56.0,-0.008451521396636963,11,lag_15__T5__is_walking,T5__is_walking,False,-2.3193888664245605,0.0003771537740249187,-0.000874766264403401
285749,56.0,-0.008451521396636963,12,lag_08__CT3__molly,CT3__molly,True,-2.4690752029418945,0.00030988946673460305,-0.0007651403979672955
285749,56.0,-0.008451521396636963,13,lag_02__T2__is_walking,T2__is_walking,False,-2.2968344688415527,-0.00032659864518791437,0.000750143025744554
285749,56.0,-0.008451521396636963,14,lag_06__T_walking_count,T_walking_count,False,1.5941797494888306,0.0004635031218640506,0.0007389072907005231
285749,56.0,-0.008451521396636963,15,lag_10__T3__is_walking,T3__is_walking,False,2.3223767280578613,-0.00031775125535205007,-0.000737938120740772
285749,56.0,-0.008451521396636963,16,lag_10__T2__is_walking,T2__is_walking,False,2.2968344688415527,-0.00028578663477674127,-0.0006564045934894513
285749,56.0,-0.008451521396636963,17,lag_00__CT_active_infernos,CT_active_infernos,True,2.3042759895324707,0.00026378739858046174,0.0006078389688901897
285749,56.0,-0.008451521396636963,18,lag_07__CT2__is_walking,CT2__is_walking,False,2.360051155090332,-0.0002466746373102069,-0.0005821647627154425
285749,56.0,-0.008451521396636963,19,lag_08__CT_scoped_count,CT_scoped_count,False,-2.141930103302002,0.00025696359807625413,-0.0005503980661723251
285749,56.0,-0.008451521396636963,20,lag_11__CT_walking_count,CT_walking_count,False,-0.8974475860595703,0.0005954737425781786,-0.0005344064728386444
288693,102.0,-0.008051636628806591,1,lag_15__T_place_EXTENDEDA,T_place_EXTENDEDA,False,4.957779407501221,-0.001781801925972104,-0.008833780896830512
288693,102.0,-0.008051636628806591,2,lag_06__T2__flash_duration,T2__flash_duration,True,-5.729948043823242,-0.001094106468372047,0.006269173218182766
288693,102.0,-0.008051636628806591,3,lag_08__T4__is_scoped,T4__is_scoped,False,-4.644811153411865,-0.0007313731475733221,0.0033970901531545084
288693,102.0,-0.008051636628806591,4,lag_15__T_place_SHORTSTAIRS,T_place_SHORTSTAIRS,False,-4.2027058601379395,0.0006826901808381081,-0.0028691460236669464
288693,102.0,-0.008051636628806591,5,lag_07__T2__duck_amount,T2__duck_amount,False,-3.8233180046081543,0.0007288124179467559,-0.002786481639517835
288693,102.0,-0.008051636628806591,6,lag_01__CT_place_UNDERA,CT_place_UNDERA,False,-3.0549564361572266,-0.0009031278314068913,0.0027590161812292013
288693,102.0,-0.008051636628806591,7,lag_01__T_kills_last_3s,T_kills_last_3s,False,3.1681017875671387,-0.0008146397885866463,-0.00258086177044467
288693,102.0,-0.008051636628806591,8,lag_10__T_place_EXTENDEDA,T_place_EXTENDEDA,False,-4.957779407501221,-0.00046461186138913035,0.002303443118875842
288693,102.0,-0.008051636628806591,9,lag_09__T_place_SHORTSTAIRS,T_place_SHORTSTAIRS,False,-4.2027058601379395,-0.0004627402813639492,0.0019447612922101482
288693,102.0,-0.008051636628806591,10,lag_01__kill_diff_last_3s,kill_diff_last_3s,False,-2.4069459438323975,0.0007894911686889827,-0.001900262566167446
288693,102.0,-0.008051636628806591,11,lag_06__T_flashed_players,T_flashed_players,False,-1.9296237230300903,-0.0009744324488565326,0.0018802879698038705
288693,102.0,-0.008051636628806591,12,lag_01__T_damage_last_5s,T_damage_last_5s,False,2.3978044986724854,-0.0007531409501098096,-0.0018058847583077714
288693,102.0,-0.008051636628806591,13,lag_08__T_place_EXTENDEDA,T_place_EXTENDEDA,False,-4.957779407501221,-0.00035777021548710763,0.0017737458069592565
288693,102.0,-0.008051636628806591,14,lag_01__damage_diff_last_5s,damage_diff_last_5s,False,-2.255978584289551,0.0007321011507883668,-0.0016516045177122907
288693,102.0,-0.008051636628806591,15,lag_07__CT_shots_fired_sum,CT_shots_fired_sum,False,-9.031633377075195,-0.00017942817066796124,0.0016205294549923033
288693,102.0,-0.008051636628806591,16,lag_09__T4__is_scoped,T4__is_scoped,False,4.644811153411865,-0.0003331555053591728,-0.0015474444071128524
288693,102.0,-0.008051636628806591,17,lag_03__CT_place_UNDERA,CT_place_UNDERA,False,3.0549564361572266,-0.0005000540404580534,-0.0015276433093237562
288693,102.0,-0.008051636628806591,18,lag_06__T1__duck_amount,T1__duck_amount,False,3.137122392654419,-0.00046816820395179093,-0.0014687009561459644
288693,102.0,-0.008051636628806591,19,lag_03__CT_place_LONGA,CT_place_LONGA,False,-2.671205997467041,0.0005015977076254785,-0.0013398708049248975
288693,102.0,-0.008051636628806591,20,lag_13__T1__duck_amount,T1__duck_amount,False,-3.915480136871338,0.00032753110281191766,-0.0012824415272676276
286613,69.5,-0.007973015308380127,1,lag_02__T_place_SHORTSTAIRS,T_place_SHORTSTAIRS,False,-4.202706813812256,0.0009662153315730393,-0.00406071975761188
286613,69.5,-0.007973015308380127,2,lag_01__CT_place_UNDERA,CT_place_UNDERA,False,3.054957389831543,-0.0009031278314068913,-0.0027590170425190186
286613,69.5,-0.007973015308380127,3,lag_01__CT_place_EXTENDEDA,CT_place_EXTENDEDA,False,-5.6138224601745605,0.000490585109218955,-0.0027540577047605597
286613,69.5,-0.007973015308380127,4,lag_01__CT5__is_scoped,CT5__is_scoped,False,-3.5760385990142822,-0.0005798270576633513,0.002073483938957024
286613,69.5,-0.007973015308380127,5,lag_01__T_place_SHORTSTAIRS,T_place_SHORTSTAIRS,False,4.202706813812256,0.0004471036372706294,0.0018790455028375175
286613,69.5,-0.007973015308380127,6,lag_02__CT_place_EXTENDEDA,CT_place_EXTENDEDA,False,5.6138224601745605,0.0003084092168137431,0.0017313545882738368
286613,69.5,-0.007973015308380127,7,lag_00__T5__duck_amount,T5__duck_amount,False,-2.541142225265503,-0.0006162750069051981,0.0015660424424225883
286613,69.5,-0.007973015308380127,8,lag_03__CT_place_UNDERA,CT_place_UNDERA,False,3.054957389831543,-0.0005000540404580534,-0.0015276437862124514
286613,69.5,-0.007973015308380127,9,lag_02__CT_place_UNDERA,CT_place_UNDERA,False,-3.054957389831543,-0.00045801213127560914,0.001399207545072917
286613,69.5,-0.007973015308380127,10,lag_14__CT_place_EXTENDEDA,CT_place_EXTENDEDA,False,5.6138224601745605,-0.0002465604629833251,-0.001384146664886829
286613,69.5,-0.007973015308380127,11,lag_00__T3__is_walking,T3__is_walking,False,-2.3223767280578613,-0.0005952675710432231,0.001382435553958311
286613,69.5,-0.007973015308380127,12,lag_04__CT3__is_walking,CT3__is_walking,False,2.387126922607422,-0.0005710183177143335,-0.001363093199517884
286613,69.5,-0.007973015308380127,13,lag_12__T2__is_walking,T2__is_walking,False,2.2968344688415527,-0.0005905634607188404,-0.001356426512617387
286613,69.5,-0.007973015308380127,14,lag_02__CT2__is_walking,CT2__is_walking,False,2.360051155090332,0.000537299201823771,0.0012680536018933042
286613,69.5,-0.007973015308380127,15,lag_01__T5__duck_amount,T5__duck_amount,False,2.541142225265503,-0.0004773600085172802,-0.001213039674296361
286613,69.5,-0.007973015308380127,16,lag_00__T2__is_walking,T2__is_walking,False,-2.2968344688415527,0.0005204839399084449,-0.0011954654536601717
286613,69.5,-0.007973015308380127,17,lag_08__T4__duck_amount,T4__duck_amount,False,3.6976382732391357,-0.00031692429911345243,-0.0011718714181213896
286613,69.5,-0.007973015308380127,18,lag_10__T4__duck_amount,T4__duck_amount,False,-3.6976382732391357,-0.0003053958935197443,0.0011292435443686702
286613,69.5,-0.007973015308380127,19,lag_00__CT4__is_walking,CT4__is_walking,False,2.384641170501709,-0.0004602376720868051,-0.0010975017010740606
286613,69.5,-0.007973015308380127,20,lag_00__CT3__is_walking,CT3__is_walking,False,-2.387126922607422,-0.000434746325481683,0.0010377946580619746
282229,1.0,-0.007942497730255127,1,lag_02__CT_place_CTSPAWN,CT_place_CTSPAWN,False,4.78255033493042,-0.00034239745582453907,-0.001637533067032973
282229,1.0,-0.007942497730255127,2,lag_02__round_num,round_num,False,2.7023725509643555,-0.00037600938230752945,-0.00101611743365293
282229,1.0,-0.007942497730255127,3,lag_01__T_velocity_mean,T_velocity_mean,False,3.5461554527282715,-0.00020556784875225276,-0.0007289755477584217
282229,1.0,-0.007942497730255127,4,lag_02__CT_walking_count,CT_walking_count,False,-1.0355465412139893,0.0005554198869504035,-0.0005751631428529552
282229,1.0,-0.007942497730255127,5,lag_02__T_cash_spent_round_sum,T_cash_spent_round_sum,False,2.0052475929260254,-0.00025911934790201485,-0.0005195984486610766
282229,1.0,-0.007942497730255127,6,lag_02__CT_unique_places,CT_unique_places,False,-1.6410033702850342,0.0002865333517547697,-0.00047020219592864426
282229,1.0,-0.007942497730255127,7,lag_02__T_walking_count,T_walking_count,False,-0.9998118877410889,-0.000411135028116405,0.00041105768857754854
282229,1.0,-0.007942497730255127,8,lag_02__CT3__has_defuser,CT3__has_defuser,False,1.668580412864685,-0.00023216711997520179,-0.00038738950890182706
282229,1.0,-0.007942497730255127,9,lag_02__CT_closest_enemy_dist,CT_closest_enemy_dist,False,2.7878754138946533,0.00013875246804673225,0.0003868245942846883
282229,1.0,-0.007942497730255127,10,lag_02__CT_money_sum,CT_money_sum,False,4.302239894866943,-8.809785504126921e-05,-0.0003790181066107533
282229,1.0,-0.007942497730255127,11,lag_02__CT_start_balance_sum,CT_start_balance_sum,False,4.300045013427734,-8.757392788538709e-05,-0.0003765718319098388
282229,1.0,-0.007942497730255127,12,lag_02__CT5__has_defuser,CT5__has_defuser,False,1.4816350936889648,0.00025161984376609325,0.0003728087907923783
282229,1.0,-0.007942497730255127,13,lag_02__T1__smoke,T1__smoke,True,1.4850022792816162,0.00024039535492192954,0.00035698764998777846
282229,1.0,-0.007942497730255127,14,lag_02__CT_spread_xy,CT_spread_xy,False,-1.6093600988388062,0.00021044362802058458,-0.00033867957799120496
282229,1.0,-0.007942497730255127,15,lag_02__CT_mean_Y,CT_mean_Y,False,1.631522297859192,-0.00020602515724021941,-0.0003361346379573641
282229,1.0,-0.007942497730255127,16,lag_02__T_place_TSPAWN,T_place_TSPAWN,False,4.428390979766846,-7.358931179624051e-05,-0.0003258822445657214
282229,1.0,-0.007942497730255127,17,lag_02__CT5__has_helmet,CT5__has_helmet,False,1.1051405668258667,0.00027289462741464376,0.0003015869232247531
282229,1.0,-0.007942497730255127,18,lag_02__CT2__is_walking,CT2__is_walking,False,-0.5535590052604675,0.000537299201823771,-0.00029742681168880986
282229,1.0,-0.007942497730255127,19,lag_02__money_diff,money_diff,False,3.2780861854553223,-8.947586320573464e-05,-0.0002933095911064089
282229,1.0,-0.007942497730255127,20,lag_02__T5__is_walking,T5__is_walking,False,-0.5724201202392578,-0.00048231915570795536,0.0002760891891040451
288533,99.5,0.007773377001285553,1,lag_03__T_place_EXTENDEDA,T_place_EXTENDEDA,False,-4.957779407501221,-0.0009837003890424967,0.0048769695319458295
288533,99.5,0.007773377001285553,2,lag_15__T1__flash_duration,T1__flash_duration,True,-4.363584518432617,0.0008850284502841532,-0.0038618964440323422
288533,99.5,0.007773377001285553,3,lag_05__T_place_EXTENDEDA,T_place_EXTENDEDA,False,-4.957779407501221,-0.0005848931614309549,0.0028997712713306756
288533,99.5,0.007773377001285553,4,lag_08__T2__duck_amount,T2__duck_amount,False,-3.8233180046081543,-0.0007068535778671503,0.0027025260108811677
288533,99.5,0.007773377001285553,5,lag_04__T_place_EXTENDEDA,T_place_EXTENDEDA,False,4.957779407501221,-0.0005447851726785302,-0.0027009247106176137
288533,99.5,0.007773377001285553,6,lag_10__T_place_EXTENDEDA,T_place_EXTENDEDA,False,4.957779407501221,-0.00046461186138913035,-0.002303443118875842
288533,99.5,0.007773377001285553,7,lag_01__T2__flash_duration,T2__flash_duration,True,-5.729948043823242,0.0003978577151428908,-0.002279704036602992
288533,99.5,0.007773377001285553,8,lag_03__T1__flash_duration,T1__flash_duration,True,-4.736575126647949,-0.000443183263996616,0.002099170824793023
288533,99.5,0.007773377001285553,9,lag_11__T2__flash_duration,T2__flash_duration,True,5.729948043823242,-0.0003513276169542223,-0.0020130889915079275
288533,99.5,0.007773377001285553,10,lag_06__T_flashed_players,T_flashed_players,False,-1.9296236038208008,-0.0009744324488565326,0.0018802878536424705
288533,99.5,0.007773377001285553,11,lag_02__T2__duck_amount,T2__duck_amount,False,-3.8233180046081543,0.0004555195046123117,-0.0017415959234344386
288533,99.5,0.007773377001285553,12,lag_11__T_flash_duration_sum,T_flash_duration_sum,True,5.337976932525635,-0.0003081373288296163,-0.001644829953342558
288533,99.5,0.007773377001285553,13,lag_06__T2__duck_amount,T2__duck_amount,False,2.107806921005249,0.0007415868458338082,0.0015631218861749535
288533,99.5,0.007773377001285553,14,lag_04__T_place_LOWERTUNNEL,T_place_LOWERTUNNEL,False,-4.32400369644165,-0.0003512596886139363,0.0015188481919776037
288533,99.5,0.007773377001285553,15,lag_00__T3__is_walking,T3__is_walking,False,-2.3223767280578613,-0.0005952675710432231,0.001382435553958311
288533,99.5,0.007773377001285553,16,lag_02__T_place_MIDDOORS,T_place_MIDDOORS,False,4.250260353088379,-0.00028712183120660484,-0.0012203425356835662
288533,99.5,0.007773377001285553,17,lag_15__T_flash_duration_sum,T_flash_duration_sum,True,-1.8156603574752808,0.0006483314791694283,-0.0011771497652312418
288533,99.5,0.007773377001285553,18,lag_02__CT_shots_fired_sum,CT_shots_fired_sum,False,-9.031633377075195,0.00012685285764746368,-0.0011456885031062014
288533,99.5,0.007773377001285553,19,lag_13__T3__is_walking,T3__is_walking,False,-2.3223767280578613,0.00045917637180536985,-0.0010663805199548348
288533,99.5,0.007773377001285553,20,lag_03__kill_diff_last_3s,kill_diff_last_3s,False,2.4069459438323975,0.00042852797196246684,0.001031443663933783
285461,51.5,0.00776141881942749,1,lag_07__T2__duck_amount,T2__duck_amount,False,3.8233180046081543,0.0007288124179467559,0.002786481639517835
285461,51.5,0.00776141881942749,2,lag_15__T4__duck_amount,T4__duck_amount,False,3.6976382732391357,0.0006193987792357802,0.002290312632499819
285461,51.5,0.00776141881942749,3,lag_15__T4__is_scoped,T4__is_scoped,False,4.644811153411865,-0.000439187278971076,-0.002039941971801462
285461,51.5,0.00776141881942749,4,lag_02__T2__duck_amount,T2__duck_amount,False,3.8233180046081543,0.0004555195046123117,0.0017415959234344386
285461,51.5,0.00776141881942749,5,lag_04__T_place_TUNNELSTAIRS,T_place_TUNNELSTAIRS,False,6.981647968292236,0.000238661072216928,0.001666247589953762
285461,51.5,0.00776141881942749,6,lag_00__T3__is_walking,T3__is_walking,False,-2.3223767280578613,-0.0005952675710432231,0.001382435553958311
285461,51.5,0.00776141881942749,7,lag_12__T1__is_walking,T1__is_walking,False,2.281590461730957,0.0005943257710896432,0.0013560080104790262
285461,51.5,0.00776141881942749,8,lag_12__T1__duck_amount,T1__duck_amount,False,-3.915480136871338,0.0003429029311519116,-0.0013426296158002698
285461,51.5,0.00776141881942749,9,lag_13__T1__duck_amount,T1__duck_amount,False,3.915480136871338,0.00032753110281191766,0.0012824415272676276
285461,51.5,0.00776141881942749,10,lag_08__T4__duck_amount,T4__duck_amount,False,3.6976382732391357,-0.00031692429911345243,-0.0011718714181213896
285461,51.5,0.00776141881942749,11,lag_10__T4__duck_amount,T4__duck_amount,False,-3.6976382732391357,-0.0003053958935197443,0.0011292435443686702
285461,51.5,0.00776141881942749,12,lag_02__T5__is_walking,T5__is_walking,False,2.3193888664245605,-0.00048231915570795536,-0.0011186856798123257
285461,51.5,0.00776141881942749,13,lag_12__T3__is_walking,T3__is_walking,False,-2.3223767280578613,0.0004784365592058748,-0.0011111099309518008
285461,51.5,0.00776141881942749,14,lag_12__CT3__is_walking,CT3__is_walking,False,2.387126922607422,-0.00046075513819232583,-0.0010998809951086042
285461,51.5,0.00776141881942749,15,lag_00__CT4__is_walking,CT4__is_walking,False,2.384641170501709,-0.0004602376720868051,-0.0010975017010740606
285461,51.5,0.00776141881942749,16,lag_03__T2__is_walking,T2__is_walking,False,-2.2968344688415527,-0.00040741125121712685,0.0009357562047893619
285461,51.5,0.00776141881942749,17,lag_05__T3__is_walking,T3__is_walking,False,-2.3223767280578613,0.00037997859180904925,-0.0008824534387775335
285461,51.5,0.00776141881942749,18,lag_15__T1__duck_amount,T1__duck_amount,False,-3.35819673538208,0.00026156959938816726,-0.0008784021747405418
285461,51.5,0.00776141881942749,19,lag_13__CT3__is_walking,CT3__is_walking,False,-2.387126922607422,-0.00033269060077145696,0.0007941746899999824
285461,51.5,0.00776141881942749,20,lag_09__CT3__is_walking,CT3__is_walking,False,2.387126922607422,-0.00031851293169893324,-0.0007603307944571425
283573,22.0,0.00774836540222168,1,lag_01__CT2__flash_duration,CT2__flash_duration,True,-8.07532024383545,-0.0005550034693442285,0.004481830751394356
283573,22.0,0.00774836540222168,2,lag_00__T_shots_fired_sum,T_shots_fired_sum,False,2.998948335647583,-0.0014292533742263913,-0.004286257027854928
283573,22.0,0.00774836540222168,3,lag_02__T4__is_scoped,T4__is_scoped,False,-4.644811153411865,0.000603504478931427,-0.002803164334874708
283573,22.0,0.00774836540222168,4,lag_15__T4__is_scoped,T4__is_scoped,False,-4.644811153411865,-0.000439187278971076,0.002039941971801462
283573,22.0,0.00774836540222168,5,lag_13__CT_place_LONGA,CT_place_LONGA,False,-2.67120623588562,-0.0007634808425791562,0.0020394147876766494
283573,22.0,0.00774836540222168,6,lag_09__T4__duck_amount,T4__duck_amount,False,-3.6976382732391357,-0.0005335460882633924,0.001972860436499746
283573,22.0,0.00774836540222168,7,lag_15__T4__duck_amount,T4__duck_amount,False,-3.1484880447387695,0.0006193987792357802,-0.0019501696513496425
283573,22.0,0.00774836540222168,8,lag_15__CT_flashed_players,CT_flashed_players,False,4.379879951477051,-0.0004429650725796819,-0.0019401338405963253
283573,22.0,0.00774836540222168,9,lag_02__CT4__duck_amount,CT4__duck_amount,False,3.6725916862487793,0.0005105601740069687,0.0018750790503877235
283573,22.0,0.00774836540222168,10,lag_08__T2__is_walking,T2__is_walking,False,-2.2968344688415527,0.0007642210694029927,-0.0017552892940197462
283573,22.0,0.00774836540222168,11,lag_03__CT3__is_walking,CT3__is_walking,False,-2.387126922607422,0.0006463254103437066,-0.0015428607877967515
283573,22.0,0.00774836540222168,12,lag_03__T_damage_last_5s,T_damage_last_5s,False,-2.3978044986724854,-0.0006123147322796285,0.0014682110196635317
283573,22.0,0.00774836540222168,13,lag_01__CT_flashed_players,CT_flashed_players,False,-2.1899399757385254,0.0006684280233457685,-0.0014638172492287826
283573,22.0,0.00774836540222168,14,lag_11__CT5__is_scoped,CT5__is_scoped,False,-3.5760385990142822,0.0004088018322363496,-0.0014618911314249472
283573,22.0,0.00774836540222168,15,lag_00__T3__is_walking,T3__is_walking,False,-2.3223767280578613,-0.0005952675710432231,0.001382435553958311
283573,22.0,0.00774836540222168,16,lag_04__CT3__is_walking,CT3__is_walking,False,2.387126922607422,-0.0005710183177143335,-0.001363093199517884
283573,22.0,0.00774836540222168,17,lag_00__T3__shots_fired,T3__shots_fired,False,2.4222826957702637,-0.0005547230830416083,-0.0013436961249960189
283573,22.0,0.00774836540222168,18,lag_00__T2__is_walking,T2__is_walking,False,-2.2968344688415527,0.0005204839399084449,-0.0011954654536601717
283573,22.0,0.00774836540222168,19,lag_03__damage_diff_last_5s,damage_diff_last_5s,False,2.255979061126709,0.0005244914791546762,0.0011832417947123253
283573,22.0,0.00774836540222168,20,lag_02__T_scoped_count,T_scoped_count,False,-2.8811259269714355,0.0004104470135644078,-0.0011825495324284119
285525,52.5,0.007560908794403076,1,lag_06__T2__duck_amount,T2__duck_amount,False,-3.8233180046081543,0.0007415868458338082,-0.0028353223396569704
285525,52.5,0.007560908794403076,2,lag_06__T_place_TUNNELSTAIRS,T_place_TUNNELSTAIRS,False,6.981647968292236,-0.00036679967888630927,-0.0025608662328668458
285525,52.5,0.007560908794403076,3,lag_01__CT5__is_scoped,CT5__is_scoped,False,-3.5760385990142822,-0.0005798270576633513,0.002073483938957024
285525,52.5,0.007560908794403076,4,lag_11__CT5__is_walking,CT5__is_walking,False,-2.396676540374756,0.0007649292820133269,-0.0018332880652470462
285525,52.5,0.007560908794403076,5,lag_06__T2__is_walking,T2__is_walking,False,2.2968344688415527,0.000674963986966759,0.0015502805504919726
285525,52.5,0.007560908794403076,6,lag_11__CT4__is_walking,CT4__is_walking,False,2.384641170501709,0.0005132672376930714,0.0012239581864725846
285525,52.5,0.007560908794403076,7,lag_10__T4__duck_amount,T4__duck_amount,False,3.6976382732391357,-0.0003053958935197443,-0.0011292435443686702
285525,52.5,0.007560908794403076,8,lag_12__CT3__is_walking,CT3__is_walking,False,-2.387126922607422,-0.00046075513819232583,0.0010998809951086042
285525,52.5,0.007560908794403076,9,lag_01__T4__duck_amount,T4__duck_amount,False,3.3165946006774902,0.00031122477957978845,0.0010322064235513684
285525,52.5,0.007560908794403076,10,lag_15__T1__duck_amount,T1__duck_amount,False,3.915480136871338,0.00026156959938816726,0.0010241705708137622
285525,52.5,0.007560908794403076,11,lag_04__T5__is_walking,T5__is_walking,False,2.3193888664245605,0.00041472751763649285,0.0009619143870059771
285525,52.5,0.007560908794403076,12,lag_14__T3__is_walking,T3__is_walking,False,-2.3223767280578613,0.000413966306950897,-0.0009613857174628204
285525,52.5,0.007560908794403076,13,lag_03__T2__is_walking,T2__is_walking,False,2.2968344688415527,-0.00040741125121712685,-0.0009357562047893619
285525,52.5,0.007560908794403076,14,lag_01__CT5__is_walking,CT5__is_walking,False,2.396676540374756,0.0003701462992466986,0.0008871209519110967
285525,52.5,0.007560908794403076,15,lag_02__T3__is_walking,T3__is_walking,False,-2.3223767280578613,-0.00037754722870886326,0.0008768068976962029
285525,52.5,0.007560908794403076,16,lag_09__T2__duck_amount,T2__duck_amount,False,3.8233180046081543,-0.00022874114802107215,-0.000874550149623704
285525,52.5,0.007560908794403076,17,lag_15__CT3__is_walking,CT3__is_walking,False,-2.387126922607422,-0.0003520298341754824,0.0008403398947213203
285525,52.5,0.007560908794403076,18,lag_13__T_place_CATWALK,T_place_CATWALK,False,2.8785855770111084,0.00029112619813531637,0.0008380316750424
285525,52.5,0.007560908794403076,19,lag_04__CT4__is_walking,CT4__is_walking,False,-2.384641170501709,-0.00033677276223897934,0.0008030821939386534
285525,52.5,0.007560908794403076,20,lag_08__CT4__is_walking,CT4__is_walking,False,2.384641170501709,0.00031180543010123074,0.0007435440658053877
287317,80.5,0.007460922002792358,1,lag_10__CT_place_BDOORS,CT_place_BDOORS,False,4.810471534729004,0.001427707727998495,0.00686794738544938
287317,80.5,0.007460922002792358,2,lag_03__T_place_EXTENDEDA,T_place_EXTENDEDA,False,4.957779884338379,-0.0009837003890424967,-0.0048769700010107275
287317,80.5,0.007460922002792358,3,lag_04__T5__duck_amount,T5__duck_amount,False,3.7970333099365234,0.0010109859285876155,0.0038387472467242834
287317,80.5,0.007460922002792358,4,lag_06__T_place_EXTENDEDA,T_place_EXTENDEDA,False,4.957779407501221,-0.0006772736669518054,-0.0033577734392565006
287317,80.5,0.007460922002792358,5,lag_15__T4__flash_duration,T4__flash_duration,True,4.319518089294434,0.0007304006139747798,0.003154978664495822
287317,80.5,0.007460922002792358,6,lag_05__T_place_EXTENDEDA,T_place_EXTENDEDA,False,4.957779407501221,-0.0005848931614309549,-0.0028997712713306756
287317,80.5,0.007460922002792358,7,lag_03__T1__flash_duration,T1__flash_duration,True,-6.376111030578613,-0.000443183263996616,0.002825785698136657
287317,80.5,0.007460922002792358,8,lag_00__T5__duck_amount,T5__duck_amount,False,-3.7970333099365234,-0.0006162750069051981,0.002340016729300398
287317,80.5,0.007460922002792358,9,lag_15__T4__duck_amount,T4__duck_amount,False,-3.6976382732391357,0.0006193987792357802,-0.002290312632499819
287317,80.5,0.007460922002792358,10,lag_02__CT_place_BDOORS,CT_place_BDOORS,False,-4.810471534729004,0.0004394810530357063,-0.0021141110956809928
287317,80.5,0.007460922002792358,11,lag_04__CT5__is_scoped,CT5__is_scoped,False,3.5760385990142822,0.0005739782354794443,0.0020525683250686017
287317,80.5,0.007460922002792358,12,lag_13__CT_place_LONGA,CT_place_LONGA,False,2.67120623588562,-0.0007634808425791562,-0.0020394147876766494
287317,80.5,0.007460922002792358,13,lag_03__T_flash_duration_sum,T_flash_duration_sum,True,-5.115886211395264,-0.0003616742615122348,0.0018502843674870068
287317,80.5,0.007460922002792358,14,lag_15__T_flash_duration_sum,T_flash_duration_sum,True,2.85029935836792,0.0006483314791694283,0.001847938799086346
287317,80.5,0.007460922002792358,15,lag_03__T_place_SHORTSTAIRS,T_place_SHORTSTAIRS,False,-4.202706813812256,0.00043433194514364004,-0.001825369825311507
287317,80.5,0.007460922002792358,16,lag_02__CT_place_MIDDOORS,CT_place_MIDDOORS,False,2.8863234519958496,0.0006204587407410145,0.0017908446143966028
287317,80.5,0.007460922002792358,17,lag_03__CT3__is_walking,CT3__is_walking,False,2.387126922607422,0.0006463254103437066,0.0015428607877967515
287317,80.5,0.007460922002792358,18,lag_06__T2__duck_amount,T2__duck_amount,False,2.0783631801605225,0.0007415868458338082,0.0015412867952723647
287317,80.5,0.007460922002792358,19,lag_11__CT5__is_scoped,CT5__is_scoped,False,-3.5760385990142822,0.0004088018322363496,-0.0014618911314249472
287317,80.5,0.007460922002792358,20,lag_15__CT5__duck_amount,CT5__duck_amount,False,-3.7749595642089844,0.0003676873166114092,-0.001388004752480576
282997,13.0,0.007345080375671387,1,lag_11__CT_place_BDOORS,CT_place_BDOORS,False,4.810471534729004,0.0006912524695508182,0.0033252503280853385
282997,13.0,0.007345080375671387,2,lag_12__CT_place_BDOORS,CT_place_BDOORS,False,4.810472011566162,0.0005382957751862705,0.002589456760477865
282997,13.0,0.007345080375671387,3,lag_00__CT4__duck_amount,CT4__duck_amount,False,-1.725533366203308,0.001109681325033307,-0.0019147921521976696
282997,13.0,0.007345080375671387,4,lag_06__CT_place_HOLE,CT_place_HOLE,False,-11.164148330688477,-0.00016678983229212463,0.0018620664277599341
282997,13.0,0.007345080375671387,5,lag_08__CT_place_HOLE,CT_place_HOLE,False,11.164148330688477,0.0001615862565813586,0.0018039729366749746
282997,13.0,0.007345080375671387,6,lag_11__T4__duck_amount,T4__duck_amount,False,-3.6976382732391357,0.00047953365719877183,-0.0017731420041645143
282997,13.0,0.007345080375671387,7,lag_10__CT_place_LONGA,CT_place_LONGA,False,2.671205520629883,-0.0006461833836510777,-0.0017260886217480564
282997,13.0,0.007345080375671387,8,lag_03__CT3__is_walking,CT3__is_walking,False,-2.387126922607422,0.0006463254103437066,-0.0015428607877967515
282997,13.0,0.007345080375671387,9,lag_09__T_he_last_5s,T_he_last_5s,True,-13.051742553710938,-0.00011602419544942677,0.0015143179290073583
282997,13.0,0.007345080375671387,10,lag_11__T3__flash_duration,T3__flash_duration,True,5.959039688110352,-0.00021985701459925622,-0.0013101366757064248
282997,13.0,0.007345080375671387,11,lag_08__CT_place_UNDERA,CT_place_UNDERA,False,-3.054957389831543,-0.0004104870022274554,0.0012540203008845618
282997,13.0,0.007345080375671387,12,lag_00__T_flash_duration_sum,T_flash_duration_sum,True,-2.483081102371216,0.0004879351472482085,-0.0012115825433147431
282997,13.0,0.007345080375671387,13,lag_14__T_place_OUTSIDELONG,T_place_OUTSIDELONG,False,4.919148921966553,-0.0002324441447854042,-0.0011434273642385584
282997,13.0,0.007345080375671387,14,lag_08__CT_place_BDOORS,CT_place_BDOORS,False,-9.620943069458008,0.00011863195686601102,-0.00114135130322629
282997,13.0,0.007345080375671387,15,lag_02__T5__is_walking,T5__is_walking,False,-2.3193888664245605,-0.00048231915570795536,0.0011186856798123257
282997,13.0,0.007345080375671387,16,lag_14__T_place_OUTSIDETUNNEL,T_place_OUTSIDETUNNEL,False,4.998118877410889,0.0002234426065115258,0.0011167927096231503
282997,13.0,0.007345080375671387,17,lag_03__CT3__flash_duration,CT3__flash_duration,True,2.913914680480957,0.0003549286047928035,0.001034231672028374
282997,13.0,0.007345080375671387,18,lag_00__T5__is_walking,T5__is_walking,False,2.3193888664245605,0.00042383084655739367,0.0009830285467525152
282997,13.0,0.007345080375671387,19,lag_03__T2__is_walking,T2__is_walking,False,-2.2968344688415527,-0.00040741125121712685,0.0009357562047893619
282997,13.0,0.007345080375671387,20,lag_09__CT_place_UNDERA,CT_place_UNDERA,False,3.054957389831543,-0.0002984604216180742,-0.0009117838705943737
286165,62.5,-0.007272303104400635,1,lag_11__CT_place_BDOORS,CT_place_BDOORS,False,-4.810472011566162,0.0006912524695508182,-0.0033252506577002017
286165,62.5,-0.007272303104400635,2,lag_00__T5__duck_amount,T5__duck_amount,False,3.7970333099365234,-0.0006162750069051981,-0.002340016729300398
286165,62.5,-0.007272303104400635,3,lag_09__CT_place_ARAMP,CT_place_ARAMP,False,-6.229295253753662,-0.0003365572774782777,0.0020965146512116895
286165,62.5,-0.007272303104400635,4,lag_02__CT4__duck_amount,CT4__duck_amount,False,-3.6725916862487793,0.0005105601740069687,-0.0018750790503877235
286165,62.5,-0.007272303104400635,5,lag_11__CT5__is_walking,CT5__is_walking,False,2.396676540374756,0.0007649292820133269,0.0018332880652470462
286165,62.5,-0.007272303104400635,6,lag_08__T2__is_walking,T2__is_walking,False,-2.2968344688415527,0.0007642210694029927,-0.0017552892940197462
286165,62.5,-0.007272303104400635,7,lag_04__CT3__is_walking,CT3__is_walking,False,-2.387126922607422,-0.0005710183177143335,0.001363093199517884
286165,62.5,-0.007272303104400635,8,lag_12__T2__is_walking,T2__is_walking,False,-2.2968344688415527,-0.0005905634607188404,0.001356426512617387
286165,62.5,-0.007272303104400635,9,lag_00__T2__is_walking,T2__is_walking,False,2.2968344688415527,0.0005204839399084449,0.0011954654536601717
286165,62.5,-0.007272303104400635,10,lag_12__CT_B_site_active_infernos,CT_B_site_active_infernos,True,-3.435478687286377,-0.00033939830609597266,0.001165995647093812
286165,62.5,-0.007272303104400635,11,lag_02__T_place_LOWERTUNNEL,T_place_LOWERTUNNEL,False,-4.32400369644165,-0.0002622887259349227,0.0011341374204775767
286165,62.5,-0.007272303104400635,12,lag_05__CT2__is_walking,CT2__is_walking,False,2.360051155090332,-0.0004760352603625506,-0.0011234675660823645
286165,62.5,-0.007272303104400635,13,lag_11__T2__is_walking,T2__is_walking,False,2.2968344688415527,-0.00048056713421829045,-0.0011037831584649743
286165,62.5,-0.007272303104400635,14,lag_12__CT_active_infernos,CT_active_infernos,True,-2.3042759895324707,-0.0004556126659736037,0.0010498573267298528
286165,62.5,-0.007272303104400635,15,lag_00__CT3__is_walking,CT3__is_walking,False,2.387126922607422,-0.000434746325481683,-0.0010377946580619746
286165,62.5,-0.007272303104400635,16,lag_03__CT2__is_walking,CT2__is_walking,False,-2.360051155090332,0.0004268028133083135,-0.0010072764725440886
286165,62.5,-0.007272303104400635,17,lag_08__T_place_OUTSIDELONG,T_place_OUTSIDELONG,False,-2.4595744609832764,-0.00037550198612734675,0.0009235750951273186
286165,62.5,-0.007272303104400635,18,lag_00__T4__is_scoped,T4__is_scoped,False,-4.644811153411865,0.00019379369041416794,-0.0009001350946965733
286165,62.5,-0.007272303104400635,19,lag_11__CT2__is_walking,CT2__is_walking,False,-2.360051155090332,0.0003764344728551805,-0.000888404612477689
286165,62.5,-0.007272303104400635,20,lag_00__CT_place_EXTENDEDA,CT_place_EXTENDEDA,False,5.6138224601745605,0.00015457949484698474,0.0008677818400544407
284085,30.0,0.006889760494232178,1,lag_00__CT4__duck_amount,CT4__duck_amount,False,-3.6725916862487793,0.001109681325033307,-0.004075406408702853
284085,30.0,0.006889760494232178,2,lag_13__T_shots_fired_sum,T_shots_fired_sum,False,-10.496318817138672,0.00024284124083351344,-0.002548939085738111
284085,30.0,0.006889760494232178,3,lag_03__CT3__is_walking,CT3__is_walking,False,2.387126922607422,0.0006463254103437066,0.0015428607877967515
284085,30.0,0.006889760494232178,4,lag_12__T2__is_walking,T2__is_walking,False,-2.2968344688415527,-0.0005905634607188404,0.001356426512617387
284085,30.0,0.006889760494232178,5,lag_12__T3__is_walking,T3__is_walking,False,2.3223767280578613,0.0004784365592058748,0.0011111099309518008
284085,30.0,0.006889760494232178,6,lag_11__T2__is_walking,T2__is_walking,False,2.2968344688415527,-0.00048056713421829045,-0.0011037831584649743
284085,30.0,0.006889760494232178,7,lag_12__CT3__is_walking,CT3__is_walking,False,-2.387126922607422,-0.00046075513819232583,0.0010998809951086042
284085,30.0,0.006889760494232178,8,lag_08__T_active_infernos,T_active_infernos,True,2.082643508911133,0.0005009674932807684,0.0010433366980566738
284085,30.0,0.006889760494232178,9,lag_00__CT3__is_walking,CT3__is_walking,False,-2.387126922607422,-0.000434746325481683,0.0010377946580619746
284085,30.0,0.006889760494232178,10,lag_03__T2__is_walking,T2__is_walking,False,-2.2968344688415527,-0.00040741125121712685,0.0009357562047893619
284085,30.0,0.006889760494232178,11,lag_13__T4__is_walking,T4__is_walking,False,-2.307980537414551,-0.0003898956929333508,0.0008998716709119337
284085,30.0,0.006889760494232178,12,lag_02__T3__is_walking,T3__is_walking,False,2.3223767280578613,-0.00037754722870886326,-0.0008768068976962029
284085,30.0,0.006889760494232178,13,lag_15__CT3__is_walking,CT3__is_walking,False,-2.387126922607422,-0.0003520298341754824,0.0008403398947213203
284085,30.0,0.006889760494232178,14,lag_13__CT3__is_walking,CT3__is_walking,False,2.387126922607422,-0.00033269060077145696,-0.0007941746899999824
284085,30.0,0.006889760494232178,15,lag_13__CT4__is_walking,CT4__is_walking,False,2.384641170501709,-0.00032909479341469705,-0.0007847729933744413
284085,30.0,0.006889760494232178,16,lag_15__T_shots_fired_sum,T_shots_fired_sum,False,3.748685359954834,0.00019279537082184106,0.000722729184066899
284085,30.0,0.006889760494232178,17,lag_15__CT3__molly,CT3__molly,True,2.4690752029418945,0.00028332529473118484,0.0006995514595869723
284085,30.0,0.006889760494232178,18,lag_09__CT2__is_walking,CT2__is_walking,False,2.360051155090332,0.0002942742721643299,0.0006945023359347935
284085,30.0,0.006889760494232178,19,lag_15__T3__shots_fired,T3__shots_fired,False,3.027853012084961,0.00020451949967537075,0.0006192549831221805
284085,30.0,0.006889760494232178,20,lag_04__T_active_infernos,T_active_infernos,True,2.082643508911133,0.0002481701667420566,0.0005168499868707377
285685,55.0,-0.006865441799163818,1,lag_08__T2__duck_amount,T2__duck_amount,False,-3.8233180046081543,-0.0007068535778671503,0.0027025260108811677
285685,55.0,-0.006865441799163818,2,lag_15__T4__duck_amount,T4__duck_amount,False,3.6976382732391357,0.0006193987792357802,0.002290312632499819
285685,55.0,-0.006865441799163818,3,lag_06__T4__duck_amount,T4__duck_amount,False,3.3165946006774902,-0.0006567080854438245,-0.0021780344904042404
285685,55.0,-0.006865441799163818,4,lag_08__T2__is_walking,T2__is_walking,False,2.2968344688415527,0.0007642210694029927,0.0017552892940197462
285685,55.0,-0.006865441799163818,5,lag_03__CT3__is_walking,CT3__is_walking,False,-2.387126922607422,0.0006463254103437066,-0.0015428607877967515
285685,55.0,-0.006865441799163818,6,lag_00__T2__is_walking,T2__is_walking,False,-2.2968344688415527,0.0005204839399084449,-0.0011954654536601717
285685,55.0,-0.006865441799163818,7,lag_02__T_place_LOWERTUNNEL,T_place_LOWERTUNNEL,False,4.32400369644165,-0.0002622887259349227,-0.0011341374204775767
285685,55.0,-0.006865441799163818,8,lag_05__CT2__is_walking,CT2__is_walking,False,2.360051155090332,-0.0004760352603625506,-0.0011234675660823645
285685,55.0,-0.006865441799163818,9,lag_12__T3__is_walking,T3__is_walking,False,-2.3223767280578613,0.0004784365592058748,-0.0011111099309518008
285685,55.0,-0.006865441799163818,10,lag_11__T2__is_walking,T2__is_walking,False,2.2968344688415527,-0.00048056713421829045,-0.0011037831584649743
285685,55.0,-0.006865441799163818,11,lag_06__CT5__is_scoped,CT5__is_scoped,False,-3.5760385990142822,0.00030853634234517813,-0.0011033378694250418
285685,55.0,-0.006865441799163818,12,lag_13__T3__is_walking,T3__is_walking,False,2.3223767280578613,0.00045917637180536985,0.0010663805199548348
285685,55.0,-0.006865441799163818,13,lag_04__T5__is_walking,T5__is_walking,False,2.3193888664245605,0.00041472751763649285,0.0009619143870059771
285685,55.0,-0.006865441799163818,14,lag_14__T3__is_walking,T3__is_walking,False,-2.3223767280578613,0.000413966306950897,-0.0009613857174628204
285685,55.0,-0.006865441799163818,15,lag_07__T1__is_walking,T1__is_walking,False,2.281590461730957,-0.00041731903911568224,-0.0009521511391450688
285685,55.0,-0.006865441799163818,16,lag_01__CT5__is_walking,CT5__is_walking,False,2.396676540374756,0.0003701462992466986,0.0008871209519110967
285685,55.0,-0.006865441799163818,17,lag_15__T5__is_walking,T5__is_walking,False,2.3193888664245605,0.0003771537740249187,0.000874766264403401
285685,55.0,-0.006865441799163818,18,lag_09__T2__duck_amount,T2__duck_amount,False,3.8233180046081543,-0.00022874114802107215,-0.000874550149623704
285685,55.0,-0.006865441799163818,19,lag_15__CT3__is_walking,CT3__is_walking,False,-2.387126922607422,-0.0003520298341754824,0.0008403398947213203
285685,55.0,-0.006865441799163818,20,lag_04__T_walking_count,T_walking_count,False,1.5941797494888306,0.0004959760117344558,0.0007906749141393041
284565,37.5,0.0068413615226745605,1,lag_10__CT_place_BDOORS,CT_place_BDOORS,False,4.810472011566162,0.001427707727998495,0.006867948066233476
284565,37.5,0.0068413615226745605,2,lag_04__T_place_LOWERTUNNEL,T_place_LOWERTUNNEL,False,8.6480073928833,-0.0003512596886139363,-0.0030376963839552074
284565,37.5,0.0068413615226745605,3,lag_06__T_place_TUNNELSTAIRS,T_place_TUNNELSTAIRS,False,-6.981647968292236,-0.00036679967888630927,0.0025608662328668458
284565,37.5,0.0068413615226745605,4,lag_06__T4__duck_amount,T4__duck_amount,False,3.6976382732391357,-0.0006567080854438245,-0.002428268951082682
284565,37.5,0.0068413615226745605,5,lag_09__CT_place_ARAMP,CT_place_ARAMP,False,-6.229295253753662,-0.0003365572774782777,0.0020965146512116895
284565,37.5,0.0068413615226745605,6,lag_13__CT_place_LONGA,CT_place_LONGA,False,-2.67120623588562,-0.0007634808425791562,0.0020394147876766494
284565,37.5,0.0068413615226745605,7,lag_05__T_place_LOWERTUNNEL,T_place_LOWERTUNNEL,False,-4.32400369644165,-0.00038830353878438473,0.0016790259370450533
284565,37.5,0.0068413615226745605,8,lag_04__T_place_TUNNELSTAIRS,T_place_TUNNELSTAIRS,False,-6.981647968292236,0.000238661072216928,-0.001666247589953762
284565,37.5,0.0068413615226745605,9,lag_04__CT4__duck_amount,CT4__duck_amount,False,3.520294189453125,-0.00045122753363102674,-0.001588453664762568
284565,37.5,0.0068413615226745605,10,lag_04__CT3__is_walking,CT3__is_walking,False,2.387126922607422,-0.0005710183177143335,-0.001363093199517884
284565,37.5,0.0068413615226745605,11,lag_10__T4__is_scoped,T4__is_scoped,False,4.644811153411865,0.00026905551203526556,0.0012497120431883418
284565,37.5,0.0068413615226745605,12,lag_00__T2__is_walking,T2__is_walking,False,2.2968344688415527,0.0005204839399084449,0.0011954654536601717
284565,37.5,0.0068413615226745605,13,lag_11__CT5__duck_amount,CT5__duck_amount,False,2.856060266494751,0.00040931024705059826,0.001169014733270364
284565,37.5,0.0068413615226745605,14,lag_12__T3__is_walking,T3__is_walking,False,-2.3223767280578613,0.0004784365592058748,-0.0011111099309518008
284565,37.5,0.0068413615226745605,15,lag_12__CT3__is_walking,CT3__is_walking,False,-2.387126922607422,-0.00046075513819232583,0.0010998809951086042
284565,37.5,0.0068413615226745605,16,lag_07__T2__flash_duration,T2__flash_duration,True,-1.2390564680099487,-0.0007842032355256379,0.0009716720912123708
284565,37.5,0.0068413615226745605,17,lag_14__T3__is_walking,T3__is_walking,False,2.3223767280578613,0.000413966306950897,0.0009613857174628204
284565,37.5,0.0068413615226745605,18,lag_02__T3__is_walking,T3__is_walking,False,2.3223767280578613,-0.00037754722870886326,-0.0008768068976962029
284565,37.5,0.0068413615226745605,19,lag_15__CT3__is_walking,CT3__is_walking,False,-2.387126922607422,-0.0003520298341754824,0.0008403398947213203
284565,37.5,0.0068413615226745605,20,lag_04__CT4__is_walking,CT4__is_walking,False,-2.384641170501709,-0.00033677276223897934,0.0008030821939386534
283061,14.0,-0.006627678871154785,1,lag_10__CT_place_BDOORS,CT_place_BDOORS,False,-9.620943069458008,0.001427707727998495,-0.01373589477089876
283061,14.0,-0.006627678871154785,2,lag_14__CT_place_BDOORS,CT_place_BDOORS,False,4.810472011566162,0.0018926759948953986,0.009104664900407455
283061,14.0,-0.006627678871154785,3,lag_13__CT_place_BDOORS,CT_place_BDOORS,False,4.810471534729004,0.0010889923432841897,0.00523856666890643
283061,14.0,-0.006627678871154785,4,lag_00__CT4__duck_amount,CT4__duck_amount,False,3.6725916862487793,0.001109681325033307,0.004075406408702853
283061,14.0,-0.006627678871154785,5,lag_14__CT_place_MIDDOORS,CT_place_MIDDOORS,False,-2.8863232135772705,-0.0006638881168328226,0.0019161956828326748
283061,14.0,-0.006627678871154785,6,lag_08__CT_place_HOLE,CT_place_HOLE,False,-11.164148330688477,0.0001615862565813586,-0.0018039729366749746
283061,14.0,-0.006627678871154785,7,lag_10__CT_place_LONGA,CT_place_LONGA,False,2.671205520629883,-0.0006461833836510777,-0.0017260886217480564
283061,14.0,-0.006627678871154785,8,lag_12__T_place_OUTSIDETUNNEL,T_place_OUTSIDETUNNEL,False,-4.998118877410889,0.000322983629303053,-0.00161431057471427
283061,14.0,-0.006627678871154785,9,lag_12__CT_place_LONGA,CT_place_LONGA,False,2.671205520629883,-0.0006025559268891811,-0.0016095507183946367
283061,14.0,-0.006627678871154785,10,lag_11__CT5__duck_amount,CT5__duck_amount,False,-3.7749595642089844,0.00040931024705059826,-0.0015451296318323982
283061,14.0,-0.006627678871154785,11,lag_13__T3__flash_duration,T3__flash_duration,True,5.959039688110352,-0.00024403547286055982,-0.0014542170680828526
283061,14.0,-0.006627678871154785,12,lag_05__CT_flashed_players,CT_flashed_players,False,4.379879951477051,-0.0003212607407476753,-0.0014070834775974095
283061,14.0,-0.006627678871154785,13,lag_07__CT5__is_walking,CT5__is_walking,False,-2.396676540374756,-0.0005758673651143909,0.0013801678043370846
283061,14.0,-0.006627678871154785,14,lag_04__T1__is_walking,T1__is_walking,False,2.281590461730957,0.0005284955259412527,0.0012058103510550477
283061,14.0,-0.006627678871154785,15,lag_02__T5__is_walking,T5__is_walking,False,2.3193888664245605,-0.00048231915570795536,-0.0011186856798123257
283061,14.0,-0.006627678871154785,16,lag_13__T_flashed_players,T_flashed_players,False,3.8592474460601807,-0.00028414413100108504,-0.0010965825118789269
283061,14.0,-0.006627678871154785,17,lag_13__CT_place_MIDDOORS,CT_place_MIDDOORS,False,-2.8863234519958496,-0.00036237164749763906,0.0010459217845108087
283061,14.0,-0.006627678871154785,18,lag_14__CT5__is_scoped,CT5__is_scoped,False,3.5760385990142822,-0.0002901313127949834,-0.0010375207733375469
283061,14.0,-0.006627678871154785,19,lag_05__CT3__is_walking,CT3__is_walking,False,-2.387126922607422,-0.0004328789364080876,0.001033336963329412
283061,14.0,-0.006627678871154785,20,lag_03__CT2__is_walking,CT2__is_walking,False,-2.360051155090332,0.0004268028133083135,-0.0010072764725440886
287093,77.0,-0.006565093994140625,1,lag_10__T2__flash_duration,T2__flash_duration,True,8.038690567016602,-0.00047756219282746315,-0.0038389746946458914
287093,77.0,-0.006565093994140625,2,lag_00__CT4__duck_amount,CT4__duck_amount,False,-2.262606382369995,0.001109681325033307,-0.0025107720484171536
287093,77.0,-0.006565093994140625,3,lag_10__T1__flash_duration,T1__flash_duration,True,6.399701118469238,-0.00035338991438038647,-0.0022615898303159077
287093,77.0,-0.006565093994140625,4,lag_04__CT5__is_scoped,CT5__is_scoped,False,-3.5760385990142822,0.0005739782354794443,-0.0020525683250686017
287093,77.0,-0.006565093994140625,5,lag_09__CT_place_BDOORS,CT_place_BDOORS,False,4.810472011566162,0.0004229834012221545,0.0020347498129362346
287093,77.0,-0.006565093994140625,6,lag_11__CT5__is_walking,CT5__is_walking,False,-2.396676540374756,0.0007649292820133269,-0.0018332880652470462
287093,77.0,-0.006565093994140625,7,lag_07__CT_flashed_players,CT_flashed_players,False,-2.1899399757385254,-0.0007714261882938445,0.0016893770480762849
287093,77.0,-0.006565093994140625,8,lag_03__CT3__is_walking,CT3__is_walking,False,-2.387126922607422,0.0006463254103437066,-0.0015428607877967515
287093,77.0,-0.006565093994140625,9,lag_01__T_place_LOWERTUNNEL,T_place_LOWERTUNNEL,False,4.32400369644165,-0.0003335352230351418,-0.0014422075372974436
287093,77.0,-0.006565093994140625,10,lag_10__T_flash_duration_sum,T_flash_duration_sum,True,8.21633529663086,-0.00016039404727052897,-0.0013178512719583257
287093,77.0,-0.006565093994140625,11,lag_11__CT4__is_walking,CT4__is_walking,False,2.384641170501709,0.0005132672376930714,0.0012239581864725846
287093,77.0,-0.006565093994140625,12,lag_08__T4__duck_amount,T4__duck_amount,False,-3.6976382732391357,-0.00031692429911345243,0.0011718714181213896
287093,77.0,-0.006565093994140625,13,lag_06__CT5__is_scoped,CT5__is_scoped,False,3.5760385990142822,0.00030853634234517813,0.0011033378694250418
287093,77.0,-0.006565093994140625,14,lag_00__CT4__is_walking,CT4__is_walking,False,2.384641170501709,-0.0004602376720868051,-0.0010975017010740606
287093,77.0,-0.006565093994140625,15,lag_10__T_flashed_players,T_flashed_players,False,7.7184953689575195,-0.00014038629888091236,-0.0010835709977774083
287093,77.0,-0.006565093994140625,16,lag_06__T4__duck_amount,T4__duck_amount,False,1.6294903755187988,-0.0006567080854438245,-0.001070099504756089
287093,77.0,-0.006565093994140625,17,lag_10__T5__flash_duration,T5__flash_duration,True,2.782254934310913,0.000373408809537068,0.0010389185028496714
287093,77.0,-0.006565093994140625,18,lag_04__T5__is_walking,T5__is_walking,False,-2.3193888664245605,0.00041472751763649285,-0.0009619143870059771
287093,77.0,-0.006565093994140625,19,lag_03__T2__is_walking,T2__is_walking,False,-2.2968344688415527,-0.00040741125121712685,0.0009357562047893619
287093,77.0,-0.006565093994140625,20,lag_08__T1__duck_amount,T1__duck_amount,False,-3.915480136871338,-0.00023453182075172663,0.0009183046856176547
286677,70.5,0.0064716339111328125,1,lag_04__CT_place_UNDERA,CT_place_UNDERA,False,-3.054957389831543,-0.000814255210570991,0.002487514972742688
286677,70.5,0.0064716339111328125,2,lag_05__CT_place_UNDERA,CT_place_UNDERA,False,3.054957389831543,-0.0007924962555989623,-0.002421042292455877
286677,70.5,0.0064716339111328125,3,lag_09__T4__duck_amount,T4__duck_amount,False,-3.6976382732391357,-0.0005335460882633924,0.001972860436499746
286677,70.5,0.0064716339111328125,4,lag_04__CT_place_EXTENDEDA,CT_place_EXTENDEDA,False,5.6138224601745605,0.0003472612297628075,0.0019494628911902873
286677,70.5,0.0064716339111328125,5,lag_03__T_place_SHORTSTAIRS,T_place_SHORTSTAIRS,False,4.202706813812256,0.00043433194514364004,0.001825369825311507
286677,70.5,0.0064716339111328125,6,lag_06__T2__is_walking,T2__is_walking,False,2.2968344688415527,0.000674963986966759,0.0015502805504919726
286677,70.5,0.0064716339111328125,7,lag_03__CT_place_UNDERA,CT_place_UNDERA,False,3.054957389831543,-0.0005000540404580534,-0.0015276437862124514
286677,70.5,0.0064716339111328125,8,lag_12__T1__duck_amount,T1__duck_amount,False,-3.915480136871338,0.0003429029311519116,-0.0013426296158002698
286677,70.5,0.0064716339111328125,9,lag_10__T4__duck_amount,T4__duck_amount,False,3.6976382732391357,-0.0003053958935197443,-0.0011292435443686702
286677,70.5,0.0064716339111328125,10,lag_02__T5__is_walking,T5__is_walking,False,2.3193888664245605,-0.00048231915570795536,-0.0011186856798123257
286677,70.5,0.0064716339111328125,11,lag_11__T2__is_walking,T2__is_walking,False,-2.2968344688415527,-0.00048056713421829045,0.0011037831584649743
286677,70.5,0.0064716339111328125,12,lag_12__CT3__is_walking,CT3__is_walking,False,2.387126922607422,-0.00046075513819232583,-0.0010998809951086042
286677,70.5,0.0064716339111328125,13,lag_00__CT4__is_walking,CT4__is_walking,False,-2.384641170501709,-0.0004602376720868051,0.0010975017010740606
286677,70.5,0.0064716339111328125,14,lag_05__CT_place_EXTENDEDA,CT_place_EXTENDEDA,False,-5.6138224601745605,0.00018847803585231304,-0.001058082230917301
286677,70.5,0.0064716339111328125,15,lag_02__T3__is_walking,T3__is_walking,False,-2.3223767280578613,-0.00037754722870886326,0.0008768068976962029
286677,70.5,0.0064716339111328125,16,lag_15__CT3__is_walking,CT3__is_walking,False,-2.387126922607422,-0.0003520298341754824,0.0008403398947213203
286677,70.5,0.0064716339111328125,17,lag_02__T5__duck_amount,T5__duck_amount,False,-2.541142225265503,-0.0003271304885856807,0.0008312850977168079
286677,70.5,0.0064716339111328125,18,lag_02__CT3__is_walking,CT3__is_walking,False,-2.387126922607422,0.00033928468474186957,-0.0008099156053756884
286677,70.5,0.0064716339111328125,19,lag_14__T4__duck_amount,T4__duck_amount,False,3.6976382732391357,0.00021507804922293872,0.000795280826540349
286677,70.5,0.0064716339111328125,20,lag_02__T2__is_walking,T2__is_walking,False,-2.2968344688415527,-0.00032659864518791437,0.000750143025744554
286037,60.5,-0.006451785564422607,1,lag_04__T1__duck_amount,T1__duck_amount,False,2.9484851360321045,-0.0006259491783566773,-0.0018456018482961717
286037,60.5,-0.006451785564422607,2,lag_13__T_place_LOWERTUNNEL,T_place_LOWERTUNNEL,False,4.32400369644165,-0.00041904355748556554,-0.0018119458915376446
286037,60.5,-0.006451785564422607,3,lag_08__T2__is_walking,T2__is_walking,False,-2.2968344688415527,0.0007642210694029927,-0.0017552892940197462
286037,60.5,-0.006451785564422607,4,lag_03__CT3__is_walking,CT3__is_walking,False,2.387126922607422,0.0006463254103437066,0.0015428607877967515
286037,60.5,-0.006451785564422607,5,lag_07__CT_place_BDOORS,CT_place_BDOORS,False,-4.810472011566162,-0.00031182970269583166,0.0015000480571932956
286037,60.5,-0.006451785564422607,6,lag_07__CT5__is_walking,CT5__is_walking,False,2.396676540374756,-0.0005758673651143909,-0.0013801678043370846
286037,60.5,-0.006451785564422607,7,lag_04__CT3__is_walking,CT3__is_walking,False,-2.387126922607422,-0.0005710183177143335,0.001363093199517884
286037,60.5,-0.006451785564422607,8,lag_12__T1__is_walking,T1__is_walking,False,-2.281590461730957,0.0005943257710896432,-0.0013560080104790262
286037,60.5,-0.006451785564422607,9,lag_04__T1__is_walking,T1__is_walking,False,-2.281590461730957,0.0005284955259412527,-0.0012058103510550477
286037,60.5,-0.006451785564422607,10,lag_12__CT5__is_walking,CT5__is_walking,False,2.396676540374756,0.0004820985486730933,0.0011554342817535201
286037,60.5,-0.006451785564422607,11,lag_05__CT2__is_walking,CT2__is_walking,False,2.360051155090332,-0.0004760352603625506,-0.0011234675660823645
286037,60.5,-0.006451785564422607,12,lag_11__T2__is_walking,T2__is_walking,False,-2.2968344688415527,-0.00048056713421829045,0.0011037831584649743
286037,60.5,-0.006451785564422607,13,lag_13__T_place_TUNNELSTAIRS,T_place_TUNNELSTAIRS,False,-6.981647968292236,0.0001564829726703465,-0.0010925090282162542
286037,60.5,-0.006451785564422607,14,lag_00__CT3__is_walking,CT3__is_walking,False,-2.387126922607422,-0.000434746325481683,0.0010377946580619746
286037,60.5,-0.006451785564422607,15,lag_05__CT3__is_walking,CT3__is_walking,False,2.387126922607422,-0.0004328789364080876,-0.001033336963329412
286037,60.5,-0.006451785564422607,16,lag_07__T1__is_walking,T1__is_walking,False,2.281590461730957,-0.00041731903911568224,-0.0009521511391450688
286037,60.5,-0.006451785564422607,17,lag_03__T2__is_walking,T2__is_walking,False,2.2968344688415527,-0.00040741125121712685,-0.0009357562047893619
286037,60.5,-0.006451785564422607,18,lag_15__T5__is_walking,T5__is_walking,False,2.3193888664245605,0.0003771537740249187,0.000874766264403401
286037,60.5,-0.006451785564422607,19,lag_11__T1__is_walking,T1__is_walking,False,2.281590461730957,0.00038013741141185164,0.0008673178920243774
286037,60.5,-0.006451785564422607,20,lag_04__T_walking_count,T_walking_count,False,-1.5941797494888306,0.0004959760117344558,-0.0007906749141393041
286517,68.0,-0.006150424480438232,1,lag_02__T_place_SHORTSTAIRS,T_place_SHORTSTAIRS,False,4.202706813812256,0.0009662153315730393,0.00406071975761188
286517,68.0,-0.006150424480438232,2,lag_00__CT4__duck_amount,CT4__duck_amount,False,-2.7523691654205322,0.001109681325033307,-0.0030542526624646738
286517,68.0,-0.006150424480438232,3,lag_07__T1__duck_amount,T1__duck_amount,False,-3.915480136871338,-0.0005426298594102263,0.002124656436194028
286517,68.0,-0.006150424480438232,4,lag_00__CT_place_UNDERA,CT_place_UNDERA,False,3.054957389831543,-0.0006618418265134096,-0.0020218985788067467
286517,68.0,-0.006150424480438232,5,lag_09__T4__duck_amount,T4__duck_amount,False,3.6976382732391357,-0.0005335460882633924,-0.001972860436499746
286517,68.0,-0.006150424480438232,6,lag_11__T4__is_scoped,T4__is_scoped,False,-4.644811153411865,0.0003981733461841941,-0.0018494399993476685
286517,68.0,-0.006150424480438232,7,lag_13__T_place_LOWERTUNNEL,T_place_LOWERTUNNEL,False,-4.32400369644165,-0.00041904355748556554,0.0018119458915376446
286517,68.0,-0.006150424480438232,8,lag_11__T5__duck_amount,T5__duck_amount,False,3.7970333099365234,-0.00042469444451853633,-0.0016125789523818712
286517,68.0,-0.006150424480438232,9,lag_06__T2__is_walking,T2__is_walking,False,-2.2968344688415527,0.000674963986966759,-0.0015502805504919726
286517,68.0,-0.006150424480438232,10,lag_11__CT_place_EXTENDEDA,CT_place_EXTENDEDA,False,5.6138224601745605,-0.00025821549934335053,-0.0014495759697788907
286517,68.0,-0.006150424480438232,11,lag_12__T2__is_walking,T2__is_walking,False,-2.2968344688415527,-0.0005905634607188404,0.001356426512617387
286517,68.0,-0.006150424480438232,12,lag_10__T5__duck_amount,T5__duck_amount,False,-3.7970333099365234,0.00031917812884785235,-0.001211929987038507
286517,68.0,-0.006150424480438232,13,lag_04__T1__is_walking,T1__is_walking,False,2.281590461730957,0.0005284955259412527,0.0012058103510550477
286517,68.0,-0.006150424480438232,14,lag_09__T5__duck_amount,T5__duck_amount,False,1.6135780811309814,0.0007256350945681334,0.0011708688834945469
286517,68.0,-0.006150424480438232,15,lag_11__T2__is_walking,T2__is_walking,False,2.2968344688415527,-0.00048056713421829045,-0.0011037831584649743
286517,68.0,-0.006150424480438232,16,lag_05__T4__duck_amount,T4__duck_amount,False,3.6976382732391357,0.0002696894807741046,0.0009972141460003192
286517,68.0,-0.006150424480438232,17,lag_02__T3__is_walking,T3__is_walking,False,-2.3223767280578613,-0.00037754722870886326,0.0008768068976962029
286517,68.0,-0.006150424480438232,18,lag_00__CT_place_EXTENDEDA,CT_place_EXTENDEDA,False,-5.6138224601745605,0.00015457949484698474,-0.0008677818400544407
286517,68.0,-0.006150424480438232,19,lag_15__CT3__is_walking,CT3__is_walking,False,-2.387126922607422,-0.0003520298341754824,0.0008403398947213203
286517,68.0,-0.006150424480438232,20,lag_13__CT_A_site_active_infernos,CT_A_site_active_infernos,True,-3.5290780067443848,0.00023777440947014838,-0.0008391244390277344
285077,45.5,0.006032168865203857,1,lag_15__T4__is_scoped,T4__is_scoped,False,-4.644811153411865,-0.000439187278971076,0.002039941971801462
285077,45.5,0.006032168865203857,2,lag_06__T_flashed_players,T_flashed_players,False,-1.9296237230300903,-0.0009744324488565326,0.0018802879698038705
285077,45.5,0.006032168865203857,3,lag_08__T2__is_walking,T2__is_walking,False,2.2968344688415527,0.0007642210694029927,0.0017552892940197462
285077,45.5,0.006032168865203857,4,lag_05__T_place_LOWERTUNNEL,T_place_LOWERTUNNEL,False,-4.32400369644165,-0.00038830353878438473,0.0016790259370450533
285077,45.5,0.006032168865203857,5,lag_06__T1__duck_amount,T1__duck_amount,False,3.4989144802093506,-0.00046816820395179093,-0.0016380805079805258
285077,45.5,0.006032168865203857,6,lag_06__T2__is_walking,T2__is_walking,False,-2.2968344688415527,0.000674963986966759,-0.0015502805504919726
285077,45.5,0.006032168865203857,7,lag_00__T3__is_walking,T3__is_walking,False,-2.3223767280578613,-0.0005952675710432231,0.001382435553958311
285077,45.5,0.006032168865203857,8,lag_12__CT4__duck_amount,CT4__duck_amount,False,3.6725916862487793,-0.00034434933331795037,-0.0012646544987088143
285077,45.5,0.006032168865203857,9,lag_00__T1__duck_amount,T1__duck_amount,False,-3.915480136871338,-0.00031590720755048096,0.0012369283962583993
285077,45.5,0.006032168865203857,10,lag_13__T3__is_walking,T3__is_walking,False,2.3223767280578613,0.00045917637180536985,0.0010663805199548348
285077,45.5,0.006032168865203857,11,lag_00__CT3__is_walking,CT3__is_walking,False,2.387126922607422,-0.000434746325481683,-0.0010377946580619746
285077,45.5,0.006032168865203857,12,lag_14__T3__is_walking,T3__is_walking,False,-2.3223767280578613,0.000413966306950897,-0.0009613857174628204
285077,45.5,0.006032168865203857,13,lag_13__T_shots_fired_sum,T_shots_fired_sum,False,3.748685598373413,0.00024284124083351344,0.0009103354622037214
285077,45.5,0.006032168865203857,14,lag_11__CT2__is_walking,CT2__is_walking,False,2.360051155090332,0.0003764344728551805,0.000888404612477689
285077,45.5,0.006032168865203857,15,lag_03__T4__duck_amount,T4__duck_amount,False,3.6976382732391357,0.00022801019076723605,0.0008430992080694887
285077,45.5,0.006032168865203857,16,lag_02__CT3__is_walking,CT3__is_walking,False,2.387126922607422,0.00033928468474186957,0.0008099156053756884
285077,45.5,0.006032168865203857,17,lag_13__CT4__is_walking,CT4__is_walking,False,2.384641170501709,-0.00032909479341469705,-0.0007847729933744413
285077,45.5,0.006032168865203857,18,lag_03__T1__duck_amount,T1__duck_amount,False,-3.35819673538208,-0.0002315454330528155,0.000777575117370595
285077,45.5,0.006032168865203857,19,lag_12__T1__shots_fired,T1__shots_fired,False,-4.781342029571533,0.00015985642676241696,-0.0007643282519762679
285077,45.5,0.006032168865203857,20,lag_09__CT3__is_walking,CT3__is_walking,False,2.387126922607422,-0.00031851293169893324,-0.0007603307944571425
288501,99.0,-0.006025590002536774,1,lag_15__T_place_EXTENDEDA,T_place_EXTENDEDA,False,-4.957779407501221,-0.001781801925972104,0.008833780896830512
288501,99.0,-0.006025590002536774,2,lag_02__T_place_EXTENDEDA,T_place_EXTENDEDA,False,-4.957779407501221,-0.0014909912133589387,0.007392005534356205
288501,99.0,-0.006025590002536774,3,lag_03__T_place_EXTENDEDA,T_place_EXTENDEDA,False,4.957779407501221,-0.0009837003890424967,-0.0048769695319458295
288501,99.0,-0.006025590002536774,4,lag_01__CT_shots_fired_sum,CT_shots_fired_sum,False,-9.031633377075195,0.0004758181457873434,-0.004297415046911002
288501,99.0,-0.006025590002536774,5,lag_00__T2__flash_duration,T2__flash_duration,True,-5.729948043823242,0.0007203852292150259,-0.004127769934939796
288501,99.0,-0.006025590002536774,6,lag_02__T4__is_scoped,T4__is_scoped,False,-4.644811153411865,0.000603504478931427,-0.002803164334874708
288501,99.0,-0.006025590002536774,7,lag_07__T2__duck_amount,T2__duck_amount,False,-3.8233180046081543,0.0007288124179467559,-0.002786481639517835
288501,99.0,-0.006025590002536774,8,lag_10__T2__flash_duration,T2__flash_duration,True,5.729948043823242,-0.00047756219282746315,-0.0027364065525956605
288501,99.0,-0.006025590002536774,9,lag_04__T_place_EXTENDEDA,T_place_EXTENDEDA,False,-4.957779407501221,-0.0005447851726785302,0.0027009247106176137
288501,99.0,-0.006025590002536774,10,lag_14__T1__flash_duration,T1__flash_duration,True,-4.363584518432617,-0.0005211441311985254,0.0022740564627699023
288501,99.0,-0.006025590002536774,11,lag_07__T1__duck_amount,T1__duck_amount,False,-3.915480136871338,-0.0005426298594102263,0.002124656436194028
288501,99.0,-0.006025590002536774,12,lag_09__T_place_SHORTSTAIRS,T_place_SHORTSTAIRS,False,-4.2027058601379395,-0.0004627402813639492,0.0019447612922101482
288501,99.0,-0.006025590002536774,13,lag_01__CT2__shots_fired,CT2__shots_fired,False,-6.462118625640869,0.00029222769080661237,-0.0018884100036894308
288501,99.0,-0.006025590002536774,14,lag_03__T_place_SHORTSTAIRS,T_place_SHORTSTAIRS,False,-4.2027058601379395,0.00043433194514364004,-0.001825369411100286
288501,99.0,-0.006025590002536774,15,lag_07__CT_flashed_players,CT_flashed_players,False,-2.1899399757385254,-0.0007714261882938445,0.0016893770480762849
288501,99.0,-0.006025590002536774,16,lag_10__T1__flash_duration,T1__flash_duration,True,4.736575126647949,-0.00035338991438038647,-0.001673857878462387
288501,99.0,-0.006025590002536774,17,lag_07__T_bomb_zone_count,T_bomb_zone_count,False,-5.821373462677002,-0.00027709591086022556,0.0016130787820980291
288501,99.0,-0.006025590002536774,18,lag_01__T_place_MIDDOORS,T_place_MIDDOORS,False,4.250260353088379,-0.00034329353366047144,-0.0014590868955887126
288501,99.0,-0.006025590002536774,19,lag_09__CT_flashed_players,CT_flashed_players,False,-2.1899399757385254,-0.0005664190975949168,0.0012404238248448496
288501,99.0,-0.006025590002536774,20,lag_02__T_scoped_count,T_scoped_count,False,-2.8811259269714355,0.0004104470135644078,-0.0011825495324284119
288789,103.5,-0.006006096955388784,1,lag_13__T_place_EXTENDEDA,T_place_EXTENDEDA,False,-4.957779407501221,-0.001509269466623664,0.007482625081997152
288789,103.5,-0.006006096955388784,2,lag_00__T_kills_last_3s,T_kills_last_3s,False,3.1681017875671387,-0.0015159101458266377,-0.004802557642784533
288789,103.5,-0.006006096955388784,3,lag_00__T_damage_last_5s,T_damage_last_5s,False,2.3978047370910645,-0.0014269443927332759,-0.0034215340244613812
288789,103.5,-0.006006096955388784,4,lag_00__T_shots_fired_sum,T_shots_fired_sum,False,2.249211311340332,-0.0014292533742263913,-0.003214692856081336
288789,103.5,-0.006006096955388784,5,lag_00__damage_diff_last_5s,damage_diff_last_5s,False,-2.255978584289551,0.00140280369669199,-0.0031646950976993438
288789,103.5,-0.006006096955388784,6,lag_00__kill_diff_last_3s,kill_diff_last_3s,False,-2.4069459438323975,0.0013104755198583007,-0.0031542437370145893
288789,103.5,-0.006006096955388784,7,lag_09__T2__flash_duration,T2__flash_duration,True,-5.729948043823242,-0.0005247771041467786,0.0030069455413490598
288789,103.5,-0.006006096955388784,8,lag_12__T_place_EXTENDEDA,T_place_EXTENDEDA,False,4.957779407501221,-0.0005996045656502247,-0.0029727071682243977
288789,103.5,-0.006006096955388784,9,lag_11__T_place_EXTENDEDA,T_place_EXTENDEDA,False,-4.957779407501221,-0.0005728630931116641,0.0028401288463464625
288789,103.5,-0.006006096955388784,10,lag_05__T1__duck_amount,T1__duck_amount,False,-3.915480136871338,-0.0006553102284669876,0.0025658541830511084
288789,103.5,-0.006006096955388784,11,lag_04__CT_place_UNDERA,CT_place_UNDERA,False,-3.0549564361572266,-0.000814255210570991,0.002487514196208407
288789,103.5,-0.006006096955388784,12,lag_04__T5__duck_amount,T5__duck_amount,False,-2.057255983352661,0.0010109859285876155,-0.002079856850672218
288789,103.5,-0.006006096955388784,13,lag_12__T4__is_scoped,T4__is_scoped,False,4.644811153411865,0.0004442513163667172,0.0020634634691780313
288789,103.5,-0.006006096955388784,14,lag_00__CT_place_UNDERA,CT_place_UNDERA,False,-3.054957389831543,-0.0006618418265134096,0.0020218985788067467
288789,103.5,-0.006006096955388784,15,lag_10__CT_shots_fired_sum,CT_shots_fired_sum,False,-9.031633377075195,-0.00021342930267564952,0.0019276152136912805
288789,103.5,-0.006006096955388784,16,lag_11__T4__is_scoped,T4__is_scoped,False,-4.644811153411865,0.0003981733461841941,-0.0018494399993476685
288789,103.5,-0.006006096955388784,17,lag_08__CT2__duck_amount,CT2__duck_amount,False,-3.8097944259643555,-0.0003993554855696857,0.0015214623029016772
288789,103.5,-0.006006096955388784,18,lag_09__T1__duck_amount,T1__duck_amount,False,3.137122392654419,0.00046269988524727523,0.0014515461710878572
288789,103.5,-0.006006096955388784,19,lag_04__T_kills_last_3s,T_kills_last_3s,False,3.1681017875671387,-0.00044814517605118454,-0.0014197695333373478
288789,103.5,-0.006006096955388784,20,lag_01__T5__duck_amount,T5__duck_amount,False,2.594964027404785,-0.0004773600085172802,-0.001238732050223984
283925,27.5,0.006000548601150513,1,lag_08__T_shots_fired_sum,T_shots_fired_sum,False,-10.496318817138672,-0.00024086161283776164,0.002528160279155367
283925,27.5,0.006000548601150513,2,lag_08__T2__is_walking,T2__is_walking,False,2.2968344688415527,0.0007642210694029927,0.0017552892940197462
283925,27.5,0.006000548601150513,3,lag_12__CT2__flash_duration,CT2__flash_duration,True,-8.07532024383545,0.0002127421466866508,-0.001717960963855722
283925,27.5,0.006000548601150513,4,lag_06__T2__is_walking,T2__is_walking,False,2.2968344688415527,0.000674963986966759,0.0015502805504919726
283925,27.5,0.006000548601150513,5,lag_11__CT5__duck_amount,CT5__duck_amount,False,-3.7749595642089844,0.00040931024705059826,-0.0015451296318323982
283925,27.5,0.006000548601150513,6,lag_05__T_shots_fired_sum,T_shots_fired_sum,False,-4.498422145843506,-0.00031963145011104643,0.001437837193687605
283925,27.5,0.006000548601150513,7,lag_12__T1__is_walking,T1__is_walking,False,2.281590461730957,0.0005943257710896432,0.0013560080104790262
283925,27.5,0.006000548601150513,8,lag_12__CT4__duck_amount,CT4__duck_amount,False,-3.6725916862487793,-0.00034434933331795037,0.0012646544987088143
283925,27.5,0.006000548601150513,9,lag_06__T_shots_fired_sum,T_shots_fired_sum,False,3.748685359954834,-0.0003248683060519397,-0.0012178290628102328
283925,27.5,0.006000548601150513,10,lag_13__T4__is_scoped,T4__is_scoped,False,-4.644811153411865,0.0002536869724281132,-0.0011783280790093886
283925,27.5,0.006000548601150513,11,lag_11__T2__is_walking,T2__is_walking,False,-2.2968344688415527,-0.00048056713421829045,0.0011037831584649743
283925,27.5,0.006000548601150513,12,lag_12__CT3__is_walking,CT3__is_walking,False,-2.387126922607422,-0.00046075513819232583,0.0010998809951086042
283925,27.5,0.006000548601150513,13,lag_14__CT5__is_scoped,CT5__is_scoped,False,3.5760385990142822,-0.0002901313127949834,-0.0010375207733375469
283925,27.5,0.006000548601150513,14,lag_02__T3__is_walking,T3__is_walking,False,-2.3223767280578613,-0.00037754722870886326,0.0008768068976962029
283925,27.5,0.006000548601150513,15,lag_11__T1__is_walking,T1__is_walking,False,-2.281590461730957,0.00038013741141185164,-0.0008673178920243774
283925,27.5,0.006000548601150513,16,lag_06__T3__shots_fired,T3__shots_fired,False,3.027853012084961,-0.0002784333482850343,-0.0008430552522697421
283925,27.5,0.006000548601150513,17,lag_15__CT3__is_walking,CT3__is_walking,False,2.387126922607422,-0.0003520298341754824,-0.0008403398947213203
283925,27.5,0.006000548601150513,18,lag_09__T3__shots_fired,T3__shots_fired,False,3.027853488922119,0.0002709266555029899,0.000820326219106729
283925,27.5,0.006000548601150513,19,lag_13__CT3__is_walking,CT3__is_walking,False,2.387126922607422,-0.00033269060077145696,-0.0007941746899999824
283925,27.5,0.006000548601150513,20,lag_14__CT5__duck_amount,CT5__duck_amount,False,2.999774932861328,0.00025938815088011324,0.0007781060728914158
288309,96.0,-0.00590597465634346,1,lag_03__T_place_EXTENDEDA,T_place_EXTENDEDA,False,4.957779407501221,-0.0009837003890424967,-0.0048769695319458295
288309,96.0,-0.00590597465634346,2,lag_15__T1__flash_duration,T1__flash_duration,True,4.363584518432617,0.0008850284502841532,0.0038618964440323422
288309,96.0,-0.00590597465634346,3,lag_04__T_flashed_players,T_flashed_players,False,5.788870811462402,0.0005418639630079269,0.003136780479239931
288309,96.0,-0.00590597465634346,4,lag_04__CT4__flash_duration,CT4__flash_duration,True,-5.912312984466553,-0.0004848153912462294,0.002866380332734314
288309,96.0,-0.00590597465634346,5,lag_05__CT_place_UNDERA,CT_place_UNDERA,False,3.054957389831543,-0.0007924962555989623,-0.002421042292455877
288309,96.0,-0.00590597465634346,6,lag_04__T1__flash_duration,T1__flash_duration,True,4.736575126647949,-0.0004537056665867567,-0.0021490109751740594
288309,96.0,-0.00590597465634346,7,lag_07__T1__duck_amount,T1__duck_amount,False,3.5239322185516357,-0.0005426298594102263,-0.0019121908443238411
288309,96.0,-0.00590597465634346,8,lag_03__T_place_SHORTSTAIRS,T_place_SHORTSTAIRS,False,-4.2027058601379395,0.00043433194514364004,-0.001825369411100286
288309,96.0,-0.00590597465634346,9,lag_15__T2__flash_duration,T2__flash_duration,True,-4.284423828125,0.00038499131915159523,-0.0016494659813943713
288309,96.0,-0.00590597465634346,10,lag_01__CT_flashed_players,CT_flashed_players,False,-2.1899399757385254,0.0006684280233457685,-0.0014638172492287826
288309,96.0,-0.00590597465634346,11,lag_15__CT4__flash_duration,CT4__flash_duration,True,6.394191265106201,0.0002135859540430829,0.0013657094416916551
288309,96.0,-0.00590597465634346,12,lag_01__T_bomb_zone_count,T_bomb_zone_count,False,-5.821373462677002,-0.00022482447093352675,0.0013087872088528296
288309,96.0,-0.00590597465634346,13,lag_08__CT2__duck_amount,CT2__duck_amount,False,3.1270499229431152,-0.0003993554855696857,-0.001248804540377596
288309,96.0,-0.00590597465634346,14,lag_11__CT4__is_walking,CT4__is_walking,False,-2.384641170501709,0.0005132672376930714,-0.0012239581864725846
288309,96.0,-0.00590597465634346,15,lag_06__T4__is_walking,T4__is_walking,False,-2.307980537414551,0.0005145688774064183,-0.0011876149542132675
288309,96.0,-0.00590597465634346,16,lag_04__CT2__flash_duration,CT2__flash_duration,True,1.451656460762024,-0.0007881982601247728,-0.0011441930966715128
288309,96.0,-0.00590597465634346,17,lag_02__T5__is_walking,T5__is_walking,False,-2.3193888664245605,-0.00048231915570795536,0.0011186856798123257
288309,96.0,-0.00590597465634346,18,lag_04__T2__flash_duration,T2__flash_duration,True,5.729948043823242,-0.00018734182231128216,-0.0010734589082788126
288309,96.0,-0.00590597465634346,19,lag_00__T_shots_fired_sum,T_shots_fired_sum,False,-0.7497370839118958,-0.0014292533742263913,0.001071564256963732
288309,96.0,-0.00590597465634346,20,lag_00__T5__is_walking,T5__is_walking,False,2.3193888664245605,0.00042383084655739367,0.0009830285467525152
285109,46.0,0.005863189697265625,1,lag_04__T1__duck_amount,T1__duck_amount,False,-3.35819673538208,-0.0006259491783566773,0.002102060487272489
285109,46.0,0.005863189697265625,2,lag_15__T4__duck_amount,T4__duck_amount,False,-3.2333505153656006,0.0006193987792357802,-0.002002733362058834
285109,46.0,0.005863189697265625,3,lag_07__T1__duck_amount,T1__duck_amount,False,3.4989144802093506,-0.0005426298594102263,-0.001898615472484405
285109,46.0,0.005863189697265625,4,lag_11__CT5__is_walking,CT5__is_walking,False,-2.396676540374756,0.0007649292820133269,-0.0018332880652470462
285109,46.0,0.005863189697265625,5,lag_06__T2__is_walking,T2__is_walking,False,2.2968344688415527,0.000674963986966759,0.0015502805504919726
285109,46.0,0.005863189697265625,6,lag_03__CT3__is_walking,CT3__is_walking,False,2.387126922607422,0.0006463254103437066,0.0015428607877967515
285109,46.0,0.005863189697265625,7,lag_13__T_shots_fired_sum,T_shots_fired_sum,False,-5.997896671295166,0.00024284124083351344,-0.001456536670048518
285109,46.0,0.005863189697265625,8,lag_12__T3__is_walking,T3__is_walking,False,-2.3223767280578613,0.0004784365592058748,-0.0011111099309518008
285109,46.0,0.005863189697265625,9,lag_11__T2__is_walking,T2__is_walking,False,-2.2968344688415527,-0.00048056713421829045,0.0011037831584649743
285109,46.0,0.005863189697265625,10,lag_12__CT2__is_walking,CT2__is_walking,False,2.360051155090332,0.0004432745336089283,0.0010461505750658795
285109,46.0,0.005863189697265625,11,lag_08__T_active_infernos,T_active_infernos,True,2.082643508911133,0.0005009674932807684,0.0010433366980566738
285109,46.0,0.005863189697265625,12,lag_10__CT2__is_walking,CT2__is_walking,False,-2.360051155090332,0.00041542656254023314,-0.0009804279387782833
285109,46.0,0.005863189697265625,13,lag_14__T3__is_walking,T3__is_walking,False,2.3223767280578613,0.000413966306950897,0.0009613857174628204
285109,46.0,0.005863189697265625,14,lag_13__T1__shots_fired,T1__shots_fired,False,-4.781342029571533,0.00019842153415083885,-0.0009487212208074691
285109,46.0,0.005863189697265625,15,lag_13__T4__is_walking,T4__is_walking,False,-2.307980537414551,-0.0003898956929333508,0.0008998716709119337
285109,46.0,0.005863189697265625,16,lag_05__T3__is_walking,T3__is_walking,False,2.3223767280578613,0.00037997859180904925,0.0008824534387775335
285109,46.0,0.005863189697265625,17,lag_09__T2__is_walking,T2__is_walking,False,2.2968344688415527,0.00036144626210443676,0.0008301822334354086
285109,46.0,0.005863189697265625,18,lag_04__T4__duck_amount,T4__duck_amount,False,3.6976382732391357,0.00022449682001024485,0.0008301080338903588
285109,46.0,0.005863189697265625,19,lag_02__CT3__is_walking,CT3__is_walking,False,-2.387126922607422,0.00033928468474186957,-0.0008099156053756884
285109,46.0,0.005863189697265625,20,lag_13__CT4__is_walking,CT4__is_walking,False,-2.384641170501709,-0.00032909479341469705,0.0007847729933744413
282709,8.5,-0.005839884281158447,1,lag_01__CT_place_UNDERA,CT_place_UNDERA,False,-3.054957389831543,-0.0009031278314068913,0.0027590170425190186
282709,8.5,-0.005839884281158447,2,lag_02__CT_place_BDOORS,CT_place_BDOORS,False,4.810471534729004,0.0004394810530357063,0.0021141110956809928
282709,8.5,-0.005839884281158447,3,lag_12__T4__is_scoped,T4__is_scoped,False,4.644811153411865,0.0004442513163667172,0.0020634634691780313
282709,8.5,-0.005839884281158447,4,lag_00__CT_place_UNDERA,CT_place_UNDERA,False,3.054957389831543,-0.0006618418265134096,-0.0020218985788067467
282709,8.5,-0.005839884281158447,5,lag_01__T_place_OUTSIDETUNNEL,T_place_OUTSIDETUNNEL,False,-4.998118877410889,0.00036098159034736454,-0.001804228901112967
282709,8.5,-0.005839884281158447,6,lag_02__CT_place_MIDDOORS,CT_place_MIDDOORS,False,-2.8863234519958496,0.0006204587407410145,-0.0017908446143966028
282709,8.5,-0.005839884281158447,7,lag_08__CT_place_MIDDOORS,CT_place_MIDDOORS,False,2.8863232135772705,0.000601606850977987,0.0017364318194248857
282709,8.5,-0.005839884281158447,8,lag_03__CT_place_MIDDOORS,CT_place_MIDDOORS,False,-2.8863232135772705,0.0005262577906250954,-0.0015189500774070996
282709,8.5,-0.005839884281158447,9,lag_07__CT_place_UNDERA,CT_place_UNDERA,False,-3.054957389831543,-0.00048298120964318514,0.0014754870155492261
282709,8.5,-0.005839884281158447,10,lag_13__CT_place_UNDERA,CT_place_UNDERA,False,6.1099138259887695,-0.0002378179633524269,-0.0014530472623554835
282709,8.5,-0.005839884281158447,11,lag_00__T_he_last_5s,T_he_last_5s,True,-13.051742553710938,0.00010658200335456058,-0.0013910808686424803
282709,8.5,-0.005839884281158447,12,lag_08__CT_place_UNDERA,CT_place_UNDERA,False,-3.0549564361572266,-0.0004104870022274554,0.0012540199094136506
282709,8.5,-0.005839884281158447,13,lag_00__CT3__molly,CT3__molly,True,-2.4690752029418945,0.0005038033705204725,-0.0012439284093106462
282709,8.5,-0.005839884281158447,14,lag_14__CT_place_UNDERA,CT_place_UNDERA,False,3.054957389831543,-0.0003761595580726862,-0.0011491514216899201
282709,8.5,-0.005839884281158447,15,lag_12__T3__is_walking,T3__is_walking,False,-2.3223767280578613,0.0004784365592058748,-0.0011111099309518008
282709,8.5,-0.005839884281158447,16,lag_00__CT_place_LONGA,CT_place_LONGA,False,-2.671205520629883,0.0004009889089502394,-0.001071123787299233
282709,8.5,-0.005839884281158447,17,lag_13__T3__is_walking,T3__is_walking,False,2.3223767280578613,0.00045917637180536985,0.0010663805199548348
282709,8.5,-0.005839884281158447,18,lag_10__CT2__is_walking,CT2__is_walking,False,2.360051155090332,0.00041542656254023314,0.0009804279387782833
282709,8.5,-0.005839884281158447,19,lag_05__T_place_OUTSIDELONG,T_place_OUTSIDELONG,False,4.919148921966553,-0.00019878623425029218,-0.0009778590899141154
282709,8.5,-0.005839884281158447,20,lag_07__T4__is_scoped,T4__is_scoped,False,-4.644811153411865,0.00020071449398528785,-0.0009322809203142837
282197,0.5,-0.005762815475463867,1,lag_00__CT_velocity_mean,CT_velocity_mean,False,3.4858005046844482,-0.0004147044091951102,-0.001445576838867181
282197,0.5,-0.005762815475463867,2,lag_01__round_num,round_num,False,2.7023725509643555,-0.0003263714606873691,-0.0008819772767796885
282197,0.5,-0.005762815475463867,3,lag_00__T_velocity_mean,T_velocity_mean,False,3.5461554527282715,-0.00024081123410724103,-0.0008539540709076171
282197,0.5,-0.005762815475463867,4,lag_01__CT_closest_enemy_dist,CT_closest_enemy_dist,False,2.7878754138946533,0.0001998742955038324,0.000557224634304649
282197,0.5,-0.005762815475463867,5,lag_01__CT5__has_defuser,CT5__has_defuser,False,1.4816350936889648,0.00036744517274200916,0.0005444196629411646
282197,0.5,-0.005762815475463867,6,lag_01__CT_place_CTSPAWN,CT_place_CTSPAWN,False,4.78255033493042,9.669698192737997e-05,0.0004624581833035518
282197,0.5,-0.005762815475463867,7,lag_01__T_cash_spent_round_sum,T_cash_spent_round_sum,False,2.0052475929260254,-0.00022693928622175008,-0.00045506945743651467
282197,0.5,-0.005762815475463867,8,lag_01__CT5__has_helmet,CT5__has_helmet,False,1.1051405668258667,0.000375782314222306,0.0004152922797427752
282197,0.5,-0.005762815475463867,9,lag_01__CT_macro_OTHER,CT_macro_OTHER,False,1.8060362339019775,0.0002283993235323578,0.0004124974540981388
282197,0.5,-0.005762815475463867,10,lag_01__CT_round_start_equip_sum,CT_round_start_equip_sum,False,1.9502183198928833,0.00020184999448247254,0.00039365155710999536
282197,0.5,-0.005762815475463867,11,lag_01__CT_money_sum,CT_money_sum,False,4.302239894866943,8.523625729139894e-05,0.0003667068266081999
282197,0.5,-0.005762815475463867,12,lag_01__CT_start_balance_sum,CT_start_balance_sum,False,4.300045013427734,8.47001574584283e-05,0.0003642144897156585
282197,0.5,-0.005762815475463867,13,lag_01__T_velocity_mean,T_velocity_mean,False,-1.7359485626220703,-0.00020556784875225276,0.0003568552115627843
282197,0.5,-0.005762815475463867,14,lag_01__CT1__molly,CT1__molly,True,1.985326886177063,0.00017333915457129478,0.0003441348839975933
282197,0.5,-0.005762815475463867,15,lag_01__CT4__utility_total,CT4__utility_total,True,1.935933232307434,0.0001751072850311175,0.00033899601231087047
282197,0.5,-0.005762815475463867,16,lag_01__CT3__has_defuser,CT3__has_defuser,False,1.668580412864685,-0.0002015178615693003,-0.00033624875665691153
282197,0.5,-0.005762815475463867,17,lag_01__CT_flash_inv,CT_flash_inv,True,2.3235294818878174,0.0001444704394089058,0.0003356813252278802
282197,0.5,-0.005762815475463867,18,lag_01__CT1__utility_total,CT1__utility_total,True,1.9631518125534058,0.00016348953067790717,0.0003209547684838391
282197,0.5,-0.005762815475463867,19,lag_01__CT5__armor,CT5__armor,False,0.6816246509552002,0.0004697335243690759,0.0003201819495900274
282197,0.5,-0.005762815475463867,20,lag_01__centroid_distance_xy,centroid_distance_xy,False,2.571849822998047,0.00012230045103933662,0.0003145383933580992
284981,44.0,0.005748748779296875,1,lag_12__T4__is_scoped,T4__is_scoped,False,-4.644811153411865,0.0004442513163667172,-0.0020634634691780313
284981,44.0,0.005748748779296875,2,lag_06__T_flashed_players,T_flashed_players,False,1.9296237230300903,-0.0009744324488565326,-0.0018802879698038705
284981,44.0,0.005748748779296875,3,lag_11__CT5__is_walking,CT5__is_walking,False,2.396676540374756,0.0007649292820133269,0.0018332880652470462
284981,44.0,0.005748748779296875,4,lag_11__T4__duck_amount,T4__duck_amount,False,-3.2333505153656006,0.00047953365719877183,-0.0015505003976388002
284981,44.0,0.005748748779296875,5,lag_07__CT5__is_walking,CT5__is_walking,False,-2.396676540374756,-0.0005758673651143909,0.0013801678043370846
284981,44.0,0.005748748779296875,6,lag_04__CT3__is_walking,CT3__is_walking,False,-2.387126922607422,-0.0005710183177143335,0.001363093199517884
284981,44.0,0.005748748779296875,7,lag_11__CT4__is_walking,CT4__is_walking,False,-2.384641170501709,0.0005132672376930714,-0.0012239581864725846
284981,44.0,0.005748748779296875,8,lag_09__T_shots_fired_sum,T_shots_fired_sum,False,-5.997896671295166,0.0001922849623952061,-0.0011533053358903228
284981,44.0,0.005748748779296875,9,lag_02__T_place_LOWERTUNNEL,T_place_LOWERTUNNEL,False,-4.32400369644165,-0.0002622887259349227,0.0011341374204775767
284981,44.0,0.005748748779296875,10,lag_12__T3__is_walking,T3__is_walking,False,2.3223767280578613,0.0004784365592058748,0.0011111099309518008
284981,44.0,0.005748748779296875,11,lag_00__T1__duck_amount,T1__duck_amount,False,-3.35819673538208,-0.00031590720755048096,0.0010608785530796944
284981,44.0,0.005748748779296875,12,lag_14__T3__is_walking,T3__is_walking,False,-2.3223767280578613,0.000413966306950897,-0.0009613857174628204
284981,44.0,0.005748748779296875,13,lag_03__T2__is_walking,T2__is_walking,False,-2.2968344688415527,-0.00040741125121712685,0.0009357562047893619
284981,44.0,0.005748748779296875,14,lag_00__T4__is_scoped,T4__is_scoped,False,4.644811153411865,0.00019379369041416794,0.0009001350946965733
284981,44.0,0.005748748779296875,15,lag_12__T_scoped_count,T_scoped_count,False,-2.8811259269714355,0.00030905642779543996,-0.0008904304870186175
284981,44.0,0.005748748779296875,16,lag_11__T1__is_walking,T1__is_walking,False,-2.281590461730957,0.00038013741141185164,-0.0008673178920243774
284981,44.0,0.005748748779296875,17,lag_05__T4__is_walking,T4__is_walking,False,-2.307980537414551,-0.00035889603896066546,0.0008283250728763902
284981,44.0,0.005748748779296875,18,lag_03__T1__duck_amount,T1__duck_amount,False,3.4989144802093506,-0.0002315454330528155,-0.0008101576685348409
284981,44.0,0.005748748779296875,19,lag_02__T2__is_walking,T2__is_walking,False,2.2968344688415527,-0.00032659864518791437,-0.000750143025744554
284981,44.0,0.005748748779296875,20,lag_14__T5__is_walking,T5__is_walking,False,2.3193888664245605,0.00032171810744330287,0.0007461893965311772
284405,35.0,-0.005490660667419434,1,lag_00__T_place_TUNNELSTAIRS,T_place_TUNNELSTAIRS,False,6.981647968292236,0.0010564378462731838,0.0073756771430602
284405,35.0,-0.005490660667419434,2,lag_00__CT_place_ARAMP,CT_place_ARAMP,False,6.229295253753662,0.0006528626545332372,0.004066874235236911
284405,35.0,-0.005490660667419434,3,lag_01__T_place_TUNNELSTAIRS,T_place_TUNNELSTAIRS,False,-6.981647968292236,0.00043473849655129015,-0.0030351911411857363
284405,35.0,-0.005490660667419434,4,lag_06__T_place_TUNNELSTAIRS,T_place_TUNNELSTAIRS,False,6.981647968292236,-0.00036679967888630927,-0.0025608662328668458
284405,35.0,-0.005490660667419434,5,lag_01__T_place_LOWERTUNNEL,T_place_LOWERTUNNEL,False,4.32400369644165,-0.0003335352230351418,-0.0014422075372974436
284405,35.0,-0.005490660667419434,6,lag_04__CT_place_LONGA,CT_place_LONGA,False,2.67120623588562,0.0005354107124730945,0.0014301924339180927
284405,35.0,-0.005490660667419434,7,lag_04__CT_place_ARAMP,CT_place_ARAMP,False,-6.229295253753662,-0.0002290989796165377,0.0014271251863651052
284405,35.0,-0.005490660667419434,8,lag_15__CT5__duck_amount,CT5__duck_amount,False,-3.7749595642089844,0.0003676873166114092,-0.001388004752480576
284405,35.0,-0.005490660667419434,9,lag_04__CT3__is_walking,CT3__is_walking,False,2.387126922607422,-0.0005710183177143335,-0.001363093199517884
284405,35.0,-0.005490660667419434,10,lag_00__T2__is_walking,T2__is_walking,False,2.2968344688415527,0.0005204839399084449,0.0011954654536601717
284405,35.0,-0.005490660667419434,11,lag_01__T4__duck_amount,T4__duck_amount,False,3.6976382732391357,0.00031122477957978845,0.0011507966565546396
284405,35.0,-0.005490660667419434,12,lag_12__T3__is_walking,T3__is_walking,False,2.3223767280578613,0.0004784365592058748,0.0011111099309518008
284405,35.0,-0.005490660667419434,13,lag_00__CT_place_LONGA,CT_place_LONGA,False,-2.67120623588562,0.0004009889089502394,-0.0010711240741088507
284405,35.0,-0.005490660667419434,14,lag_13__T3__is_walking,T3__is_walking,False,-2.3223767280578613,0.00045917637180536985,-0.0010663805199548348
284405,35.0,-0.005490660667419434,15,lag_04__T_flashed_players,T_flashed_players,False,1.9296237230300903,0.0005418639630079269,0.0010455935576751951
284405,35.0,-0.005490660667419434,16,lag_00__T5__is_walking,T5__is_walking,False,-2.3193888664245605,0.00042383084655739367,-0.0009830285467525152
284405,35.0,-0.005490660667419434,17,lag_04__T5__is_walking,T5__is_walking,False,2.3193888664245605,0.00041472751763649285,0.0009619143870059771
284405,35.0,-0.005490660667419434,18,lag_05__T3__is_walking,T3__is_walking,False,2.3223767280578613,0.00037997859180904925,0.0008824534387775335
284405,35.0,-0.005490660667419434,19,lag_00__damage_diff_last_5s,damage_diff_last_5s,False,-0.5865545272827148,0.00140280369669199,-0.000822820859183615
284405,35.0,-0.005490660667419434,20,lag_02__CT3__is_walking,CT3__is_walking,False,-2.387126922607422,0.00033928468474186957,-0.0008099156053756884
285301,49.0,-0.005221843719482422,1,lag_07__T1__duck_amount,T1__duck_amount,False,-3.915480136871338,-0.0005426298594102263,0.002124656436194028
285301,49.0,-0.005221843719482422,2,lag_02__T2__duck_amount,T2__duck_amount,False,3.8233180046081543,0.0004555195046123117,0.0017415959234344386
285301,49.0,-0.005221843719482422,3,lag_03__CT3__is_walking,CT3__is_walking,False,-2.387126922607422,0.0006463254103437066,-0.0015428607877967515
285301,49.0,-0.005221843719482422,4,lag_00__T3__is_walking,T3__is_walking,False,-2.3223767280578613,-0.0005952675710432231,0.001382435553958311
285301,49.0,-0.005221843719482422,5,lag_04__CT3__is_walking,CT3__is_walking,False,2.387126922607422,-0.0005710183177143335,-0.001363093199517884
285301,49.0,-0.005221843719482422,6,lag_12__T2__is_walking,T2__is_walking,False,2.2968344688415527,-0.0005905634607188404,-0.001356426512617387
285301,49.0,-0.005221843719482422,7,lag_10__T4__is_scoped,T4__is_scoped,False,4.644811153411865,0.00026905551203526556,0.0012497120431883418
285301,49.0,-0.005221843719482422,8,lag_13__T1__duck_amount,T1__duck_amount,False,3.4989144802093506,0.00032753110281191766,0.0011460033183475563
285301,49.0,-0.005221843719482422,9,lag_10__T4__duck_amount,T4__duck_amount,False,3.6976382732391357,-0.0003053958935197443,-0.0011292435443686702
285301,49.0,-0.005221843719482422,10,lag_11__T2__is_walking,T2__is_walking,False,-2.2968344688415527,-0.00048056713421829045,0.0011037831584649743
285301,49.0,-0.005221843719482422,11,lag_13__T3__is_walking,T3__is_walking,False,-2.3223767280578613,0.00045917637180536985,-0.0010663805199548348
285301,49.0,-0.005221843719482422,12,lag_05__CT3__is_walking,CT3__is_walking,False,-2.387126922607422,-0.0004328789364080876,0.001033336963329412
285301,49.0,-0.005221843719482422,13,lag_05__T4__duck_amount,T4__duck_amount,False,-3.6976382732391357,0.0002696894807741046,-0.0009972141460003192
285301,49.0,-0.005221843719482422,14,lag_04__T5__is_walking,T5__is_walking,False,-2.3193888664245605,0.00041472751763649285,-0.0009619143870059771
285301,49.0,-0.005221843719482422,15,lag_07__T1__is_walking,T1__is_walking,False,2.281590461730957,-0.00041731903911568224,-0.0009521511391450688
285301,49.0,-0.005221843719482422,16,lag_08__T1__duck_amount,T1__duck_amount,False,3.915480136871338,-0.00023453182075172663,-0.0009183046856176547
285301,49.0,-0.005221843719482422,17,lag_12__T_place_LOWERTUNNEL,T_place_LOWERTUNNEL,False,-4.32400369644165,-0.00021127890795469284,0.0009135707789762471
285301,49.0,-0.005221843719482422,18,lag_02__T3__is_walking,T3__is_walking,False,-2.3223767280578613,-0.00037754722870886326,0.0008768068976962029
285301,49.0,-0.005221843719482422,19,lag_03__CT_walking_count,CT_walking_count,False,-1.7948951721191406,0.0004825043142773211,-0.0008660446642230202
285301,49.0,-0.005221843719482422,20,lag_03__T4__duck_amount,T4__duck_amount,False,3.6976382732391357,0.00022801019076723605,0.0008430992080694887
283125,15.0,0.005133390426635742,1,lag_12__CT_place_BDOORS,CT_place_BDOORS,False,-9.620943069458008,0.0005382957751862705,-0.005178913007596875
283125,15.0,0.005133390426635742,2,lag_12__CT_place_HOLE,CT_place_HOLE,False,11.164148330688477,0.0004599509993568063,0.005134961181667785
283125,15.0,0.005133390426635742,3,lag_15__CT_place_BDOORS,CT_place_BDOORS,False,4.810471534729004,0.0010155809577554464,0.004885423288495394
283125,15.0,0.005133390426635742,4,lag_01__CT2__flash_duration,CT2__flash_duration,True,8.07532024383545,-0.0005550034693442285,-0.004481830751394356
283125,15.0,0.005133390426635742,5,lag_13__T_he_last_5s,T_he_last_5s,True,-13.051742553710938,-0.00029342182097025216,0.0038296660669447924
283125,15.0,0.005133390426635742,6,lag_07__CT_flashed_players,CT_flashed_players,False,4.379879951477051,-0.0007714261882938445,-0.0033787540961525697
283125,15.0,0.005133390426635742,7,lag_01__CT_flashed_players,CT_flashed_players,False,4.379879951477051,0.0006684280233457685,0.0029276344984575653
283125,15.0,0.005133390426635742,8,lag_15__T3__flash_duration,T3__flash_duration,True,5.959039688110352,-0.0004906031535938382,-0.0029235236633777806
283125,15.0,0.005133390426635742,9,lag_15__T4__duck_amount,T4__duck_amount,False,-3.6976382732391357,0.0006193987792357802,-0.002290312632499819
283125,15.0,0.005133390426635742,10,lag_13__CT_place_LONGA,CT_place_LONGA,False,-2.671205520629883,-0.0007634808425791562,0.0020394142415925964
283125,15.0,0.005133390426635742,11,lag_02__CT4__duck_amount,CT4__duck_amount,False,3.6725916862487793,0.0005105601740069687,0.0018750790503877235
283125,15.0,0.005133390426635742,12,lag_15__T_flash_duration_sum,T_flash_duration_sum,True,2.878756284713745,0.0006483314791694283,0.0018663883202367504
283125,15.0,0.005133390426635742,13,lag_12__CT_place_LONGA,CT_place_LONGA,False,2.671205520629883,-0.0006025559268891811,-0.0016095507183946367
283125,15.0,0.005133390426635742,14,lag_06__T2__is_walking,T2__is_walking,False,2.2968344688415527,0.000674963986966759,0.0015502805504919726
283125,15.0,0.005133390426635742,15,lag_11__CT_active_infernos,CT_active_infernos,True,2.30427622795105,-0.0006114743882790208,-0.0014090058969122576
283125,15.0,0.005133390426635742,16,lag_14__CT_place_LONGA,CT_place_LONGA,False,2.671205520629883,-0.000521466601639986,-0.0013929444651248346
283125,15.0,0.005133390426635742,17,lag_03__CT_place_LONGA,CT_place_LONGA,False,-2.671205520629883,0.0005015977076254785,-0.001339870565744472
283125,15.0,0.005133390426635742,18,lag_07__CT5__is_scoped,CT5__is_scoped,False,-3.5760385990142822,0.0003665765398181975,-0.0013108918558829702
283125,15.0,0.005133390426635742,19,lag_07__CT_flash_duration_sum,CT_flash_duration_sum,True,1.9112286567687988,-0.0006675005424767733,-0.001275746165190328
283125,15.0,0.005133390426635742,20,lag_02__CT2__is_walking,CT2__is_walking,False,-2.360051155090332,0.000537299201823771,-0.0012680536018933042
282965,12.5,0.0050809383392333984,1,lag_10__CT_place_BDOORS,CT_place_BDOORS,False,4.810471534729004,0.001427707727998495,0.00686794738544938
282965,12.5,0.0050809383392333984,2,lag_11__CT_place_BDOORS,CT_place_BDOORS,False,4.810472011566162,0.0006912524695508182,0.0033252506577002017
282965,12.5,0.0050809383392333984,3,lag_07__CT_place_BDOORS,CT_place_BDOORS,False,-9.620943069458008,-0.00031182970269583166,0.0030000958170026126
282965,12.5,0.0050809383392333984,4,lag_02__T4__is_scoped,T4__is_scoped,False,4.644811153411865,0.000603504478931427,0.002803164334874708
282965,12.5,0.0050809383392333984,5,lag_05__CT_place_HOLE,CT_place_HOLE,False,-11.164148330688477,0.0002191519015468657,-0.002446644335821646
282965,12.5,0.0050809383392333984,6,lag_00__CT4__duck_amount,CT4__duck_amount,False,-1.9470583200454712,0.001109681325033307,-0.0021606142565051834
282965,12.5,0.0050809383392333984,7,lag_15__T4__is_scoped,T4__is_scoped,False,-4.644811153411865,-0.000439187278971076,0.002039941971801462
282965,12.5,0.0050809383392333984,8,lag_11__T4__duck_amount,T4__duck_amount,False,3.6976382732391357,0.00047953365719877183,0.0017731420041645143
282965,12.5,0.0050809383392333984,9,lag_15__CT_place_LONGA,CT_place_LONGA,False,2.67120623588562,-0.0006170849082991481,-0.0016483610551195904
282965,12.5,0.0050809383392333984,10,lag_04__CT4__duck_amount,CT4__duck_amount,False,3.6042401790618896,-0.00045122753363102674,-0.0016263324066119467
282965,12.5,0.0050809383392333984,11,lag_06__T2__is_walking,T2__is_walking,False,2.2968344688415527,0.000674963986966759,0.0015502805504919726
282965,12.5,0.0050809383392333984,12,lag_11__CT5__duck_amount,CT5__duck_amount,False,3.7749595642089844,0.00040931024705059826,0.0015451296318323982
282965,12.5,0.0050809383392333984,13,lag_07__CT_place_UNDERA,CT_place_UNDERA,False,-3.054957389831543,-0.00048298120964318514,0.0014754870155492261
282965,12.5,0.0050809383392333984,14,lag_11__CT5__is_scoped,CT5__is_scoped,False,3.5760385990142822,0.0004088018322363496,0.0014618911314249472
282965,12.5,0.0050809383392333984,15,lag_07__CT5__is_walking,CT5__is_walking,False,2.396676540374756,-0.0005758673651143909,-0.0013801678043370846
282965,12.5,0.0050809383392333984,16,lag_13__T_place_OUTSIDELONG,T_place_OUTSIDELONG,False,4.919148921966553,-0.0002587656199466437,-0.001272906620402539
282965,12.5,0.0050809383392333984,17,lag_08__CT_place_UNDERA,CT_place_UNDERA,False,3.054957389831543,-0.0004104870022274554,-0.0012540203008845618
282965,12.5,0.0050809383392333984,18,lag_02__T_scoped_count,T_scoped_count,False,2.8811259269714355,0.0004104470135644078,0.0011825495324284119
282965,12.5,0.0050809383392333984,19,lag_10__T4__duck_amount,T4__duck_amount,False,-3.6976382732391357,-0.0003053958935197443,0.0011292435443686702
282965,12.5,0.0050809383392333984,20,lag_05__CT2__is_walking,CT2__is_walking,False,2.360051155090332,-0.0004760352603625506,-0.0011234675660823645
284149,31.0,-0.005044162273406982,1,lag_00__CT_place_ARAMP,CT_place_ARAMP,False,6.229295253753662,0.0006528626545332372,0.004066874235236911
284149,31.0,-0.005044162273406982,2,lag_15__T_shots_fired_sum,T_shots_fired_sum,False,-10.496318817138672,0.00019279537082184106,-0.0020236416786145184
284149,31.0,-0.005044162273406982,3,lag_02__CT4__duck_amount,CT4__duck_amount,False,-3.6725916862487793,0.0005105601740069687,-0.0018750790503877235
284149,31.0,-0.005044162273406982,4,lag_15__T3__shots_fired,T3__shots_fired,False,-8.477989196777344,0.00020451949967537075,-0.0017339141087781007
284149,31.0,-0.005044162273406982,5,lag_00__CT_place_LONGA,CT_place_LONGA,False,-2.67120623588562,0.0004009889089502394,-0.0010711240741088507
284149,31.0,-0.005044162273406982,6,lag_13__T3__is_walking,T3__is_walking,False,-2.3223767280578613,0.00045917637180536985,-0.0010663805199548348
284149,31.0,-0.005044162273406982,7,lag_00__CT3__is_walking,CT3__is_walking,False,2.387126922607422,-0.000434746325481683,-0.0010377946580619746
284149,31.0,-0.005044162273406982,8,lag_05__CT3__is_walking,CT3__is_walking,False,2.387126922607422,-0.0004328789364080876,-0.001033336963329412
284149,31.0,-0.005044162273406982,9,lag_14__T3__is_walking,T3__is_walking,False,2.3223767280578613,0.000413966306950897,0.0009613857174628204
284149,31.0,-0.005044162273406982,10,lag_13__T_shots_fired_sum,T_shots_fired_sum,False,3.748685359954834,0.00024284124083351344,0.0009103354043058579
284149,31.0,-0.005044162273406982,11,lag_11__CT2__is_walking,CT2__is_walking,False,2.360051155090332,0.0003764344728551805,0.000888404612477689
284149,31.0,-0.005044162273406982,12,lag_05__T3__is_walking,T3__is_walking,False,-2.3223767280578613,0.00037997859180904925,-0.0008824534387775335
284149,31.0,-0.005044162273406982,13,lag_15__CT3__is_walking,CT3__is_walking,False,2.387126922607422,-0.0003520298341754824,-0.0008403398947213203
284149,31.0,-0.005044162273406982,14,lag_06__T_active_infernos,T_active_infernos,True,2.082643508911133,0.0003952899423893541,0.000823248032655044
284149,31.0,-0.005044162273406982,15,lag_02__CT3__is_walking,CT3__is_walking,False,-2.387126922607422,0.00033928468474186957,-0.0008099156053756884
284149,31.0,-0.005044162273406982,16,lag_14__T2__is_walking,T2__is_walking,False,-2.2968344688415527,-0.00031520536867901683,0.0007239745555458754
284149,31.0,-0.005044162273406982,17,lag_14__CT4__is_walking,CT4__is_walking,False,-2.384641170501709,-0.00023615261306986213,0.0005631392436479532
284149,31.0,-0.005044162273406982,18,lag_11__CT_walking_count,CT_walking_count,False,0.8974475860595703,0.0005954737425781786,0.0005344064728386444
284149,31.0,-0.005044162273406982,19,lag_02__CT_walking_count,CT_walking_count,False,-0.8974475860595703,0.0005554198869504035,-0.000498460236793119
284149,31.0,-0.005044162273406982,20,lag_04__T3__is_walking,T3__is_walking,False,2.3223767280578613,0.00020199480059091002,0.00046910802408101776
285557,53.0,0.004983484745025635,1,lag_07__T2__duck_amount,T2__duck_amount,False,-3.8233180046081543,0.0007288124179467559,-0.002786481639517835
285557,53.0,0.004983484745025635,2,lag_11__T4__duck_amount,T4__duck_amount,False,3.6976382732391357,0.00047953365719877183,0.0017731420041645143
285557,53.0,0.004983484745025635,3,lag_06__T2__is_walking,T2__is_walking,False,-2.2968344688415527,0.000674963986966759,-0.0015502805504919726
285557,53.0,0.004983484745025635,4,lag_05__T2__duck_amount,T2__duck_amount,False,3.8233180046081543,0.0003783269494306296,0.001446464237386605
285557,53.0,0.004983484745025635,5,lag_00__T3__is_walking,T3__is_walking,False,2.3223767280578613,-0.0005952675710432231,-0.001382435553958311
285557,53.0,0.004983484745025635,6,lag_11__CT4__is_walking,CT4__is_walking,False,-2.384641170501709,0.0005132672376930714,-0.0012239581864725846
285557,53.0,0.004983484745025635,7,lag_04__T1__is_walking,T1__is_walking,False,-2.281590461730957,0.0005284955259412527,-0.0012058103510550477
285557,53.0,0.004983484745025635,8,lag_12__CT5__is_walking,CT5__is_walking,False,-2.396676540374756,0.0004820985486730933,-0.0011554342817535201
285557,53.0,0.004983484745025635,9,lag_02__T5__is_walking,T5__is_walking,False,-2.3193888664245605,-0.00048231915570795536,0.0011186856798123257
285557,53.0,0.004983484745025635,10,lag_12__T3__is_walking,T3__is_walking,False,2.3223767280578613,0.0004784365592058748,0.0011111099309518008
285557,53.0,0.004983484745025635,11,lag_12__CT3__is_walking,CT3__is_walking,False,2.387126922607422,-0.00046075513819232583,-0.0010998809951086042
285557,53.0,0.004983484745025635,12,lag_11__CT_walking_count,CT_walking_count,False,-1.7948951721191406,0.0005954737425781786,-0.0010688129456772888
285557,53.0,0.004983484745025635,13,lag_08__T_active_infernos,T_active_infernos,True,-2.082643508911133,0.0005009674932807684,-0.0010433366980566738
285557,53.0,0.004983484745025635,14,lag_15__T1__duck_amount,T1__duck_amount,False,-3.915480136871338,0.00026156959938816726,-0.0010241705708137622
285557,53.0,0.004983484745025635,15,lag_02__CT_walking_count,CT_walking_count,False,1.7948952913284302,0.0005554198869504035,0.0009969205397974482
285557,53.0,0.004983484745025635,16,lag_00__T5__is_walking,T5__is_walking,False,2.3193888664245605,0.00042383084655739367,0.0009830285467525152
285557,53.0,0.004983484745025635,17,lag_15__CT3__is_walking,CT3__is_walking,False,2.387126922607422,-0.0003520298341754824,-0.0008403398947213203
285557,53.0,0.004983484745025635,18,lag_02__CT3__is_walking,CT3__is_walking,False,2.387126922607422,0.00033928468474186957,0.0008099156053756884
285557,53.0,0.004983484745025635,19,lag_13__CT3__is_walking,CT3__is_walking,False,-2.387126922607422,-0.00033269060077145696,0.0007941746899999824
285557,53.0,0.004983484745025635,20,lag_14__T_place_CATWALK,T_place_CATWALK,False,2.8785855770111084,0.00027293269522488117,0.0007856601199691116
283989,28.5,0.004981100559234619,1,lag_15__T4__is_scoped,T4__is_scoped,False,-4.644811153411865,-0.000439187278971076,0.002039941971801462
283989,28.5,0.004981100559234619,2,lag_08__T2__is_walking,T2__is_walking,False,2.2968344688415527,0.0007642210694029927,0.0017552892940197462
283989,28.5,0.004981100559234619,3,lag_14__CT2__flash_duration,CT2__flash_duration,True,-8.07532024383545,-0.00017197939450852573,0.001388788685997261
283989,28.5,0.004981100559234619,4,lag_00__T3__is_walking,T3__is_walking,False,-2.3223767280578613,-0.0005952675710432231,0.001382435553958311
283989,28.5,0.004981100559234619,5,lag_00__T2__is_walking,T2__is_walking,False,-2.2968344688415527,0.0005204839399084449,-0.0011954654536601717
283989,28.5,0.004981100559234619,6,lag_06__T4__is_walking,T4__is_walking,False,-2.307980537414551,0.0005145688774064183,-0.0011876149542132675
283989,28.5,0.004981100559234619,7,lag_12__CT3__is_walking,CT3__is_walking,False,-2.387126922607422,-0.00046075513819232583,0.0010998809951086042
283989,28.5,0.004981100559234619,8,lag_13__T3__is_walking,T3__is_walking,False,-2.3223767280578613,0.00045917637180536985,-0.0010663805199548348
283989,28.5,0.004981100559234619,9,lag_00__CT3__is_walking,CT3__is_walking,False,2.387126922607422,-0.000434746325481683,-0.0010377946580619746
283989,28.5,0.004981100559234619,10,lag_14__CT_flash_duration_sum,CT_flash_duration_sum,True,-3.6664235591888428,-0.0002820450172293931,0.00103409649592167
283989,28.5,0.004981100559234619,11,lag_03__CT2__is_walking,CT2__is_walking,False,-2.360051155090332,0.0004268028133083135,-0.0010072764725440886
283989,28.5,0.004981100559234619,12,lag_08__T_shots_fired_sum,T_shots_fired_sum,False,3.748685359954834,-0.00024086161283776164,-0.0009029144018200264
283989,28.5,0.004981100559234619,13,lag_15__CT3__is_walking,CT3__is_walking,False,2.387126922607422,-0.0003520298341754824,-0.0008403398947213203
283989,28.5,0.004981100559234619,14,lag_09__T2__is_walking,T2__is_walking,False,-2.2968344688415527,0.00036144626210443676,-0.0008301822334354086
283989,28.5,0.004981100559234619,15,lag_13__CT3__is_walking,CT3__is_walking,False,2.387126922607422,-0.00033269060077145696,-0.0007941746899999824
283989,28.5,0.004981100559234619,16,lag_14__CT4__duck_amount,CT4__duck_amount,False,-3.6725916862487793,-0.0002085866581182927,0.0007660536264676582
283989,28.5,0.004981100559234619,17,lag_09__CT3__is_walking,CT3__is_walking,False,-2.387126922607422,-0.00031851293169893324,0.0007603307944571425
283989,28.5,0.004981100559234619,18,lag_13__T_shots_fired_sum,T_shots_fired_sum,False,2.998948335647583,0.00024284124083351344,0.000728268335024259
283989,28.5,0.004981100559234619,19,lag_15__T_scoped_count,T_scoped_count,False,-2.8811259269714355,-0.0002408786240266636,0.0006940016489364251
283989,28.5,0.004981100559234619,20,lag_10__T2__is_walking,T2__is_walking,False,2.2968344688415527,-0.00028578663477674127,-0.0006564045934894513
284533,37.0,0.004958391189575195,1,lag_09__CT_place_BDOORS,CT_place_BDOORS,False,4.810472011566162,0.0004229834012221545,0.0020347498129362346
284533,37.0,0.004958391189575195,2,lag_06__T_flashed_players,T_flashed_players,False,-1.9296237230300903,-0.0009744324488565326,0.0018802879698038705
284533,37.0,0.004958391189575195,3,lag_02__CT4__duck_amount,CT4__duck_amount,False,-3.520294189453125,0.0005105601740069687,-0.0017973220139229085
284533,37.0,0.004958391189575195,4,lag_05__T_place_LOWERTUNNEL,T_place_LOWERTUNNEL,False,4.32400369644165,-0.00038830353878438473,-0.0016790259370450533
284533,37.0,0.004958391189575195,5,lag_04__T_place_TUNNELSTAIRS,T_place_TUNNELSTAIRS,False,6.981647968292236,0.000238661072216928,0.001666247589953762
284533,37.0,0.004958391189575195,6,lag_03__T_place_LOWERTUNNEL,T_place_LOWERTUNNEL,False,8.6480073928833,-0.0001867041428340599,-0.0016146188075108897
284533,37.0,0.004958391189575195,7,lag_12__CT_place_LONGA,CT_place_LONGA,False,-2.67120623588562,-0.0006025559268891811,0.0016095511493762205
284533,37.0,0.004958391189575195,8,lag_09__T4__is_scoped,T4__is_scoped,False,4.644811153411865,-0.0003331555053591728,-0.0015474444071128524
284533,37.0,0.004958391189575195,9,lag_03__CT3__is_walking,CT3__is_walking,False,2.387126922607422,0.0006463254103437066,0.0015428607877967515
284533,37.0,0.004958391189575195,10,lag_04__T_place_LOWERTUNNEL,T_place_LOWERTUNNEL,False,-4.32400369644165,-0.0003512596886139363,0.0015188481919776037
284533,37.0,0.004958391189575195,11,lag_04__CT_place_LONGA,CT_place_LONGA,False,-2.67120623588562,0.0005354107124730945,-0.0014301924339180927
284533,37.0,0.004958391189575195,12,lag_04__CT_place_ARAMP,CT_place_ARAMP,False,6.229295253753662,-0.0002290989796165377,-0.0014271251863651052
284533,37.0,0.004958391189575195,13,lag_00__T3__is_walking,T3__is_walking,False,-2.3223767280578613,-0.0005952675710432231,0.001382435553958311
284533,37.0,0.004958391189575195,14,lag_06__T2__flash_duration,T2__flash_duration,True,-1.2390564680099487,-0.001094106468372047,0.0013556596963279072
284533,37.0,0.004958391189575195,15,lag_11__CT4__is_walking,CT4__is_walking,False,2.384641170501709,0.0005132672376930714,0.0012239581864725846
284533,37.0,0.004958391189575195,16,lag_09__T4__duck_amount,T4__duck_amount,False,2.11084246635437,-0.0005335460882633924,-0.0011262317408636258
284533,37.0,0.004958391189575195,17,lag_12__CT3__is_walking,CT3__is_walking,False,2.387126922607422,-0.00046075513819232583,-0.0010998809951086042
284533,37.0,0.004958391189575195,18,lag_13__T3__is_walking,T3__is_walking,False,2.3223767280578613,0.00045917637180536985,0.0010663805199548348
284533,37.0,0.004958391189575195,19,lag_08__T_active_infernos,T_active_infernos,True,-2.082643508911133,0.0005009674932807684,-0.0010433366980566738
284533,37.0,0.004958391189575195,20,lag_00__CT3__is_walking,CT3__is_walking,False,-2.387126922607422,-0.000434746325481683,0.0010377946580619746
284309,33.5,-0.004477798938751221,1,lag_02__T4__is_scoped,T4__is_scoped,False,4.644811153411865,0.000603504478931427,0.002803164334874708
284309,33.5,-0.004477798938751221,2,lag_01__CT_place_ARAMP,CT_place_ARAMP,False,-6.229295253753662,0.00044539233203977346,-0.002774480340033636
284309,33.5,-0.004477798938751221,3,lag_02__CT_place_BDOORS,CT_place_BDOORS,False,4.810472011566162,0.0004394810530357063,0.002114111305241889
284309,33.5,-0.004477798938751221,4,lag_00__CT4__duck_amount,CT4__duck_amount,False,1.3276461362838745,0.001109681325033307,0.0014732641236868405
284309,33.5,-0.004477798938751221,5,lag_04__CT3__is_walking,CT3__is_walking,False,-2.387126922607422,-0.0005710183177143335,0.001363093199517884
284309,33.5,-0.004477798938751221,6,lag_02__T_scoped_count,T_scoped_count,False,2.8811259269714355,0.0004104470135644078,0.0011825495324284119
284309,33.5,-0.004477798938751221,7,lag_00__CT4__is_walking,CT4__is_walking,False,-2.384641170501709,-0.0004602376720868051,0.0010975017010740606
284309,33.5,-0.004477798938751221,8,lag_13__T3__is_walking,T3__is_walking,False,2.3223767280578613,0.00045917637180536985,0.0010663805199548348
284309,33.5,-0.004477798938751221,9,lag_05__CT3__is_walking,CT3__is_walking,False,2.387126922607422,-0.0004328789364080876,-0.001033336963329412
284309,33.5,-0.004477798938751221,10,lag_00__T5__is_walking,T5__is_walking,False,-2.3193888664245605,0.00042383084655739367,-0.0009830285467525152
284309,33.5,-0.004477798938751221,11,lag_04__T5__is_walking,T5__is_walking,False,-2.3193888664245605,0.00041472751763649285,-0.0009619143870059771
284309,33.5,-0.004477798938751221,12,lag_14__T3__is_walking,T3__is_walking,False,-2.3223767280578613,0.000413966306950897,-0.0009613857174628204
284309,33.5,-0.004477798938751221,13,lag_02__T3__is_walking,T3__is_walking,False,2.3223767280578613,-0.00037754722870886326,-0.0008768068976962029
284309,33.5,-0.004477798938751221,14,lag_12__CT5__duck_amount,CT5__duck_amount,False,-3.7749595642089844,0.0002149929932784289,-0.0008115898562143231
284309,33.5,-0.004477798938751221,15,lag_04__CT4__is_walking,CT4__is_walking,False,2.384641170501709,-0.00033677276223897934,-0.0008030821939386534
284309,33.5,-0.004477798938751221,16,lag_04__T_walking_count,T_walking_count,False,-1.5941797494888306,0.0004959760117344558,-0.0007906749141393041
284309,33.5,-0.004477798938751221,17,lag_05__CT_place_LONGA,CT_place_LONGA,False,-2.67120623588562,0.0002948617620859295,-0.000787636577608157
284309,33.5,-0.004477798938751221,18,lag_07__CT3__is_walking,CT3__is_walking,False,-2.387126922607422,0.000310119881760329,-0.0007402955189859117
284309,33.5,-0.004477798938751221,19,lag_10__T3__is_walking,T3__is_walking,False,-2.3223767280578613,-0.00031775125535205007,0.000737938120740772
284309,33.5,-0.004477798938751221,20,lag_15__T_active_infernos,T_active_infernos,True,2.082643508911133,0.0003406494506634772,0.0007094513672384339
285397,50.5,0.0044519901275634766,1,lag_06__T4__duck_amount,T4__duck_amount,False,3.6976382732391357,-0.0006567080854438245,-0.002428268951082682
285397,50.5,0.0044519901275634766,2,lag_02__T2__duck_amount,T2__duck_amount,False,-3.8233180046081543,0.0004555195046123117,-0.0017415959234344386
285397,50.5,0.0044519901275634766,3,lag_05__T2__duck_amount,T2__duck_amount,False,3.8233180046081543,0.0003783269494306296,0.001446464237386605
285397,50.5,0.0044519901275634766,4,lag_07__CT5__is_walking,CT5__is_walking,False,-2.396676540374756,-0.0005758673651143909,0.0013801678043370846
285397,50.5,0.0044519901275634766,5,lag_12__T1__is_walking,T1__is_walking,False,2.281590461730957,0.0005943257710896432,0.0013560080104790262
285397,50.5,0.0044519901275634766,6,lag_15__T_place_LOWERTUNNEL,T_place_LOWERTUNNEL,False,-4.32400369644165,-0.00028094183653593063,0.00121479353966647
285397,50.5,0.0044519901275634766,7,lag_13__T4__is_scoped,T4__is_scoped,False,4.644811153411865,0.0002536869724281132,0.0011783280790093886
285397,50.5,0.0044519901275634766,8,lag_08__T4__duck_amount,T4__duck_amount,False,-3.6976382732391357,-0.00031692429911345243,0.0011718714181213896
285397,50.5,0.0044519901275634766,9,lag_13__T1__duck_amount,T1__duck_amount,False,-3.35819673538208,0.00032753110281191766,-0.0010999138801990743
285397,50.5,0.0044519901275634766,10,lag_12__CT3__is_walking,CT3__is_walking,False,2.387126922607422,-0.00046075513819232583,-0.0010998809951086042
285397,50.5,0.0044519901275634766,11,lag_00__CT4__is_walking,CT4__is_walking,False,-2.384641170501709,-0.0004602376720868051,0.0010975017010740606
285397,50.5,0.0044519901275634766,12,lag_00__T5__is_walking,T5__is_walking,False,2.3193888664245605,0.00042383084655739367,0.0009830285467525152
285397,50.5,0.0044519901275634766,13,lag_04__T5__is_walking,T5__is_walking,False,-2.3193888664245605,0.00041472751763649285,-0.0009619143870059771
285397,50.5,0.0044519901275634766,14,lag_14__T3__is_walking,T3__is_walking,False,2.3223767280578613,0.000413966306950897,0.0009613857174628204
285397,50.5,0.0044519901275634766,15,lag_00__T2__duck_amount,T2__duck_amount,False,3.8233180046081543,-0.0002317571925232187,-0.0008860814468714603
285397,50.5,0.0044519901275634766,16,lag_05__T3__is_walking,T3__is_walking,False,-2.3223767280578613,0.00037997859180904925,-0.0008824534387775335
285397,50.5,0.0044519901275634766,17,lag_11__T1__is_walking,T1__is_walking,False,-2.281590461730957,0.00038013741141185164,-0.0008673178920243774
285397,50.5,0.0044519901275634766,18,lag_04__CT4__is_walking,CT4__is_walking,False,2.384641170501709,-0.00033677276223897934,-0.0008030821939386534
285397,50.5,0.0044519901275634766,19,lag_07__T5__is_walking,T5__is_walking,False,-2.3193888664245605,0.0003339978284202516,-0.0007746708446479122
285397,50.5,0.0044519901275634766,20,lag_02__T2__is_walking,T2__is_walking,False,2.2968344688415527,-0.00032659864518791437,-0.000750143025744554
282325,2.5,-0.004399895668029785,1,lag_01__CT_place_UNDERA,CT_place_UNDERA,False,6.1099138259887695,-0.0009031278314068913,-0.00551803322374822
282325,2.5,-0.004399895668029785,2,lag_02__CT_place_UNDERA,CT_place_UNDERA,False,3.054957389831543,-0.00045801213127560914,-0.001399207545072917
282325,2.5,-0.004399895668029785,3,lag_00__T3__is_walking,T3__is_walking,False,-2.3223767280578613,-0.0005952675710432231,0.001382435553958311
282325,2.5,-0.004399895668029785,4,lag_04__CT_velocity_mean,CT_velocity_mean,False,3.4858005046844482,0.00026396423345431685,0.0009201266581937012
282325,2.5,-0.004399895668029785,5,lag_05__round_num,round_num,False,2.7023725509643555,-0.0003344216092955321,-0.0009037317774095721
282325,2.5,-0.004399895668029785,6,lag_00__T4__is_scoped,T4__is_scoped,False,4.644811153411865,0.00019379369041416794,0.0009001350946965733
282325,2.5,-0.004399895668029785,7,lag_05__CT_money_sum,CT_money_sum,False,4.302239894866943,-0.00017477883375249803,-0.0007519404713483141
282325,2.5,-0.004399895668029785,8,lag_05__CT_start_balance_sum,CT_start_balance_sum,False,4.300045013427734,-0.00017332051356788725,-0.0007452860100923275
282325,2.5,-0.004399895668029785,9,lag_05__T_velocity_mean,T_velocity_mean,False,-1.7359485626220703,0.0004021387721877545,-0.0006980922235539366
282325,2.5,-0.004399895668029785,10,lag_05__CT_place_CTSPAWN,CT_place_CTSPAWN,False,4.78255033493042,-0.00013127837155479938,-0.0006278454198485259
282325,2.5,-0.004399895668029785,11,lag_00__T3__smoke,T3__smoke,True,-2.173264503479004,0.0002689435495994985,-0.000584485469784235
282325,2.5,-0.004399895668029785,12,lag_05__CT_closest_enemy_dist,CT_closest_enemy_dist,False,2.7878754138946533,0.00019861513283103704,0.000553714245647069
282325,2.5,-0.004399895668029785,13,lag_05__money_diff,money_diff,False,3.2780861854553223,-0.00015150288527365774,-0.0004966395152722
282325,2.5,-0.004399895668029785,14,lag_00__CT_velocity_mean,CT_velocity_mean,False,-1.1877230405807495,-0.0004147044091951102,0.0004925539818314596
282325,2.5,-0.004399895668029785,15,lag_05__CT5__flash,CT5__flash,True,2.8633575439453125,0.00016874972789082676,0.0004831908063949175
282325,2.5,-0.004399895668029785,16,lag_05__T_cash_spent_round_sum,T_cash_spent_round_sum,False,2.0052475929260254,-0.00023543473798781633,-0.0004721049416412382
282325,2.5,-0.004399895668029785,17,lag_05__T2__smoke,T2__smoke,True,1.5516093969345093,-0.0002952901413664222,-0.0004581749581662603
282325,2.5,-0.004399895668029785,18,lag_05__CT3__molly,CT3__molly,True,1.958473563194275,0.0002099754783557728,0.0004112314232788527
282325,2.5,-0.004399895668029785,19,lag_05__T_closest_enemy_dist,T_closest_enemy_dist,False,2.7866129875183105,0.00012800050899386406,0.0003566878807712559
282325,2.5,-0.004399895668029785,20,lag_02__CT_place_CTSPAWN,CT_place_CTSPAWN,False,-1.0407919883728027,-0.00034239745582453907,0.0003563645288614109
284597,38.0,0.004331111907958984,1,lag_05__T_place_LOWERTUNNEL,T_place_LOWERTUNNEL,False,8.6480073928833,-0.00038830353878438473,-0.0033580518740901066
284597,38.0,0.004331111907958984,2,lag_11__CT_place_BDOORS,CT_place_BDOORS,False,4.810472011566162,0.0006912524695508182,0.0033252506577002017
284597,38.0,0.004331111907958984,3,lag_06__T_place_TUNNELSTAIRS,T_place_TUNNELSTAIRS,False,6.981647968292236,-0.00036679967888630927,-0.0025608662328668458
284597,38.0,0.004331111907958984,4,lag_06__CT_place_ARAMP,CT_place_ARAMP,False,6.229295253753662,0.00040708674350753427,0.0025358635191975176
284597,38.0,0.004331111907958984,5,lag_11__T4__is_scoped,T4__is_scoped,False,4.644811153411865,0.0003981733461841941,0.0018494399993476685
284597,38.0,0.004331111907958984,6,lag_10__CT_place_LONGA,CT_place_LONGA,False,2.67120623588562,-0.0006461833836510777,-0.001726089083934429
284597,38.0,0.004331111907958984,7,lag_10__CT_place_ARAMP,CT_place_ARAMP,False,-6.229295253753662,-0.0002730042615439743,0.0017006241506904024
284597,38.0,0.004331111907958984,8,lag_04__CT4__duck_amount,CT4__duck_amount,False,-3.520294189453125,-0.00045122753363102674,0.001588453664762568
284597,38.0,0.004331111907958984,9,lag_06__T2__is_walking,T2__is_walking,False,2.2968344688415527,0.000674963986966759,0.0015502805504919726
284597,38.0,0.004331111907958984,10,lag_14__CT_place_LONGA,CT_place_LONGA,False,-2.67120623588562,-0.000521466601639986,0.0013929448381068132
284597,38.0,0.004331111907958984,11,lag_00__T3__is_walking,T3__is_walking,False,2.3223767280578613,-0.0005952675710432231,-0.001382435553958311
284597,38.0,0.004331111907958984,12,lag_07__T_place_LOWERTUNNEL,T_place_LOWERTUNNEL,False,4.32400369644165,-0.00027643091743811965,-0.001195288308813186
284597,38.0,0.004331111907958984,13,lag_11__CT5__duck_amount,CT5__duck_amount,False,-2.856060266494751,0.00040931024705059826,-0.001169014733270364
284597,38.0,0.004331111907958984,14,lag_02__T5__is_walking,T5__is_walking,False,2.3193888664245605,-0.00048231915570795536,-0.0011186856798123257
284597,38.0,0.004331111907958984,15,lag_13__T3__is_walking,T3__is_walking,False,-2.3223767280578613,0.00045917637180536985,-0.0010663805199548348
284597,38.0,0.004331111907958984,16,lag_05__CT3__is_walking,CT3__is_walking,False,2.387126922607422,-0.0004328789364080876,-0.001033336963329412
284597,38.0,0.004331111907958984,17,lag_12__T_place_TUNNELSTAIRS,T_place_TUNNELSTAIRS,False,6.981647968292236,0.0001460215717088431,0.0010194712094478836
284597,38.0,0.004331111907958984,18,lag_11__T4__duck_amount,T4__duck_amount,False,2.11084246635437,0.00047953365719877183,0.0010122200076613866
284597,38.0,0.004331111907958984,19,lag_00__T4__is_scoped,T4__is_scoped,False,-4.644811153411865,0.00019379369041416794,-0.0009001350946965733
284597,38.0,0.004331111907958984,20,lag_02__T3__is_walking,T3__is_walking,False,-2.3223767280578613,-0.00037754722870886326,0.0008768068976962029
288085,92.5,-0.0041242800652980804,1,lag_02__T_place_EXTENDEDA,T_place_EXTENDEDA,False,-4.957779407501221,-0.0014909912133589387,0.007392005534356205
288085,92.5,-0.0041242800652980804,2,lag_08__CT4__flash_duration,CT4__flash_duration,True,6.394191265106201,-0.0007349267834797502,-0.004699262419418815
288085,92.5,-0.0041242800652980804,3,lag_11__T_place_EXTENDEDA,T_place_EXTENDEDA,False,4.957779884338379,-0.0005728630931116641,-0.002840129119508872
288085,92.5,-0.0041242800652980804,4,lag_12__T5__duck_amount,T5__duck_amount,False,3.4930522441864014,0.0005918170209042728,0.0020672477730173805
288085,92.5,-0.0041242800652980804,5,lag_12__T4__is_scoped,T4__is_scoped,False,-4.644811153411865,0.0004442513163667172,-0.0020634634691780313
288085,92.5,-0.0041242800652980804,6,lag_09__T_place_SHORTSTAIRS,T_place_SHORTSTAIRS,False,4.2027058601379395,-0.0004627402813639492,-0.0019447612922101482
288085,92.5,-0.0041242800652980804,7,lag_14__CT_place_MIDDOORS,CT_place_MIDDOORS,False,-2.8863234519958496,-0.0006638881168328226,0.0019161958411159363
288085,92.5,-0.0041242800652980804,8,lag_06__T_flashed_players,T_flashed_players,False,-1.9296236038208008,-0.0009744324488565326,0.0018802878536424705
288085,92.5,-0.0041242800652980804,9,lag_12__CT_place_LONGA,CT_place_LONGA,False,-2.67120623588562,-0.0006025559268891811,0.0016095511493762205
288085,92.5,-0.0041242800652980804,10,lag_08__T2__flash_duration,T2__flash_duration,True,-4.284423828125,-0.00035051116719841957,0.0015017383967688147
288085,92.5,-0.0041242800652980804,11,lag_11__T5__duck_amount,T5__duck_amount,False,-3.4930522441864014,-0.00042469444451853633,0.0014834798825189704
288085,92.5,-0.0041242800652980804,12,lag_06__T2__flash_duration,T2__flash_duration,True,-1.3074822425842285,-0.001094106468372047,0.0014305247788929942
288085,92.5,-0.0041242800652980804,13,lag_01__T_bomb_zone_count,T_bomb_zone_count,False,5.821373462677002,-0.00022482447093352675,-0.0013087872088528296
288085,92.5,-0.0041242800652980804,14,lag_08__CT_flash_duration_sum,CT_flash_duration_sum,True,2.8597118854522705,-0.00044477981282398105,-0.0012719421171419748
288085,92.5,-0.0041242800652980804,15,lag_02__CT2__is_walking,CT2__is_walking,False,-2.360051155090332,0.000537299201823771,-0.0012680536018933042
288085,92.5,-0.0041242800652980804,16,lag_12__CT4__duck_amount,CT4__duck_amount,False,-3.6725916862487793,-0.00034434933331795037,0.0012646544987088143
288085,92.5,-0.0041242800652980804,17,lag_00__T1__duck_amount,T1__duck_amount,False,3.5239322185516357,-0.00031590720755048096,-0.0011132355867598184
288085,92.5,-0.0041242800652980804,18,lag_12__CT3__is_walking,CT3__is_walking,False,-2.387126922607422,-0.00046075513819232583,0.0010998809951086042
288085,92.5,-0.0041242800652980804,19,lag_04__T_flashed_players,T_flashed_players,False,-1.9296237230300903,0.0005418639630079269,-0.0010455935576751951
288085,92.5,-0.0041242800652980804,20,lag_02__CT_walking_count,CT_walking_count,False,-1.7948951721191406,0.0005554198869504035,-0.000996920473586238
284917,43.0,-0.004056990146636963,1,lag_15__T_place_TUNNELSTAIRS,T_place_TUNNELSTAIRS,False,-6.981647968292236,0.0004953770549036562,-0.0034585482089067032
284917,43.0,-0.004056990146636963,2,lag_15__T_place_LOWERTUNNEL,T_place_LOWERTUNNEL,False,8.6480073928833,-0.00028094183653593063,-0.00242958707933294
284917,43.0,-0.004056990146636963,3,lag_09__T4__duck_amount,T4__duck_amount,False,-3.2333505153656006,-0.0005335460882633924,0.0017251415194577402
284917,43.0,-0.004056990146636963,4,lag_04__T_place_LOWERTUNNEL,T_place_LOWERTUNNEL,False,-4.324003219604492,-0.0003512596886139363,0.001518848024483932
284917,43.0,-0.004056990146636963,5,lag_04__CT3__is_walking,CT3__is_walking,False,2.387126922607422,-0.0005710183177143335,-0.001363093199517884
284917,43.0,-0.004056990146636963,6,lag_12__T1__is_walking,T1__is_walking,False,-2.281590461730957,0.0005943257710896432,-0.0013560080104790262
284917,43.0,-0.004056990146636963,7,lag_10__T4__is_scoped,T4__is_scoped,False,-4.644811153411865,0.00026905551203526556,-0.0012497120431883418
284917,43.0,-0.004056990146636963,8,lag_00__T2__is_walking,T2__is_walking,False,2.2968344688415527,0.0005204839399084449,0.0011954654536601717
284917,43.0,-0.004056990146636963,9,lag_06__T4__is_walking,T4__is_walking,False,2.307980537414551,0.0005145688774064183,0.0011876149542132675
284917,43.0,-0.004056990146636963,10,lag_12__T3__is_walking,T3__is_walking,False,-2.3223767280578613,0.0004784365592058748,-0.0011111099309518008
284917,43.0,-0.004056990146636963,11,lag_11__T2__is_walking,T2__is_walking,False,2.2968344688415527,-0.00048056713421829045,-0.0011037831584649743
284917,43.0,-0.004056990146636963,12,lag_12__CT3__is_walking,CT3__is_walking,False,-2.387126922607422,-0.00046075513819232583,0.0010998809951086042
284917,43.0,-0.004056990146636963,13,lag_00__CT4__is_walking,CT4__is_walking,False,-2.384641170501709,-0.0004602376720868051,0.0010975017010740606
284917,43.0,-0.004056990146636963,14,lag_13__T3__is_walking,T3__is_walking,False,2.3223767280578613,0.00045917637180536985,0.0010663805199548348
284917,43.0,-0.004056990146636963,15,lag_04__T_flashed_players,T_flashed_players,False,1.9296237230300903,0.0005418639630079269,0.0010455935576751951
284917,43.0,-0.004056990146636963,16,lag_03__T2__is_walking,T2__is_walking,False,2.2968344688415527,-0.00040741125121712685,-0.0009357562047893619
284917,43.0,-0.004056990146636963,17,lag_08__T_shots_fired_sum,T_shots_fired_sum,False,3.748685598373413,-0.00024086161283776164,-0.0009029144592459099
284917,43.0,-0.004056990146636963,18,lag_11__T1__is_walking,T1__is_walking,False,2.281590461730957,0.00038013741141185164,0.0008673178920243774
284917,43.0,-0.004056990146636963,19,lag_15__CT3__is_walking,CT3__is_walking,False,2.387126922607422,-0.0003520298341754824,-0.0008403398947213203
284917,43.0,-0.004056990146636963,20,lag_02__CT3__is_walking,CT3__is_walking,False,-2.387126922607422,0.00033928468474186957,-0.0008099156053756884
286005,60.0,-0.003971278667449951,1,lag_11__CT5__is_walking,CT5__is_walking,False,2.396676540374756,0.0007649292820133269,0.0018332880652470462
286005,60.0,-0.003971278667449951,2,lag_06__CT_place_BDOORS,CT_place_BDOORS,False,-4.810472011566162,-0.00033584251650609076,0.0016155610259464964
286005,60.0,-0.003971278667449951,3,lag_06__T2__is_walking,T2__is_walking,False,2.2968344688415527,0.000674963986966759,0.0015502805504919726
286005,60.0,-0.003971278667449951,4,lag_03__CT3__is_walking,CT3__is_walking,False,-2.387126922607422,0.0006463254103437066,-0.0015428607877967515
286005,60.0,-0.003971278667449951,5,lag_15__CT_B_site_active_infernos,CT_B_site_active_infernos,True,3.435478687286377,-0.0004294572281651199,-0.0014753911544623521
286005,60.0,-0.003971278667449951,6,lag_04__CT_place_ARAMP,CT_place_ARAMP,False,-6.229295253753662,-0.0002290989796165377,0.0014271251863651052
286005,60.0,-0.003971278667449951,7,lag_04__CT3__is_walking,CT3__is_walking,False,2.387126922607422,-0.0005710183177143335,-0.001363093199517884
286005,60.0,-0.003971278667449951,8,lag_12__CT5__is_walking,CT5__is_walking,False,-2.396676540374756,0.0004820985486730933,-0.0011554342817535201
286005,60.0,-0.003971278667449951,9,lag_12__T_place_TUNNELSTAIRS,T_place_TUNNELSTAIRS,False,-6.981647968292236,0.0001460215717088431,-0.0010194712094478836
286005,60.0,-0.003971278667449951,10,lag_03__CT2__is_walking,CT2__is_walking,False,-2.360051155090332,0.0004268028133083135,-0.0010072764725440886
286005,60.0,-0.003971278667449951,11,lag_14__T3__is_walking,T3__is_walking,False,2.3223767280578613,0.000413966306950897,0.0009613857174628204
286005,60.0,-0.003971278667449951,12,lag_03__T2__is_walking,T2__is_walking,False,-2.2968344688415527,-0.00040741125121712685,0.0009357562047893619
286005,60.0,-0.003971278667449951,13,lag_12__T_place_LOWERTUNNEL,T_place_LOWERTUNNEL,False,4.32400369644165,-0.00021127890795469284,-0.0009135707789762471
286005,60.0,-0.003971278667449951,14,lag_11__T1__is_walking,T1__is_walking,False,-2.281590461730957,0.00038013741141185164,-0.0008673178920243774
286005,60.0,-0.003971278667449951,15,lag_03__CT_walking_count,CT_walking_count,False,-1.7948952913284302,0.0004825043142773211,-0.0008660447217420167
286005,60.0,-0.003971278667449951,16,lag_09__T2__is_walking,T2__is_walking,False,2.2968344688415527,0.00036144626210443676,0.0008301822334354086
286005,60.0,-0.003971278667449951,17,lag_02__CT3__is_walking,CT3__is_walking,False,2.387126922607422,0.00033928468474186957,0.0008099156053756884
286005,60.0,-0.003971278667449951,18,lag_13__CT3__is_walking,CT3__is_walking,False,-2.387126922607422,-0.00033269060077145696,0.0007941746899999824
286005,60.0,-0.003971278667449951,19,lag_02__T2__is_walking,T2__is_walking,False,2.2968344688415527,-0.00032659864518791437,-0.000750143025744554
286005,60.0,-0.003971278667449951,20,lag_04__CT_walking_count,CT_walking_count,False,1.7948952913284302,-0.0004177647642791271,-0.0007498440082875368
284821,41.5,0.0038588643074035645,1,lag_06__T4__duck_amount,T4__duck_amount,False,-3.2333505153656006,-0.0006567080854438245,0.002123367426514547
284821,41.5,0.0038588643074035645,2,lag_13__CT_place_LONGA,CT_place_LONGA,False,-2.67120623588562,-0.0007634808425791562,0.0020394147876766494
284821,41.5,0.0038588643074035645,3,lag_02__CT4__duck_amount,CT4__duck_amount,False,-3.6725916862487793,0.0005105601740069687,-0.0018750790503877235
284821,41.5,0.0038588643074035645,4,lag_12__T_place_LOWERTUNNEL,T_place_LOWERTUNNEL,False,8.6480073928833,-0.00021127890795469284,-0.0018271415579524941
284821,41.5,0.0038588643074035645,5,lag_13__T_place_LOWERTUNNEL,T_place_LOWERTUNNEL,False,-4.32400369644165,-0.00041904355748556554,0.0018119458915376446
284821,41.5,0.0038588643074035645,6,lag_08__T2__is_walking,T2__is_walking,False,2.2968344688415527,0.0007642210694029927,0.0017552892940197462
284821,41.5,0.0038588643074035645,7,lag_04__CT4__duck_amount,CT4__duck_amount,False,3.6725916862487793,-0.00045122753363102674,-0.0016571744886198503
284821,41.5,0.0038588643074035645,8,lag_01__T_place_LOWERTUNNEL,T_place_LOWERTUNNEL,False,-4.324003219604492,-0.0003335352230351418,0.0014422073782554556
284821,41.5,0.0038588643074035645,9,lag_12__T2__is_walking,T2__is_walking,False,-2.2968344688415527,-0.0005905634607188404,0.001356426512617387
284821,41.5,0.0038588643074035645,10,lag_11__CT4__is_walking,CT4__is_walking,False,2.384641170501709,0.0005132672376930714,0.0012239581864725846
284821,41.5,0.0038588643074035645,11,lag_12__CT4__duck_amount,CT4__duck_amount,False,3.520294189453125,-0.00034434933331795037,-0.001212210957221238
284821,41.5,0.0038588643074035645,12,lag_05__T_shots_fired_sum,T_shots_fired_sum,False,3.748685598373413,-0.00031963145011104643,-0.0011981978138184898
284821,41.5,0.0038588643074035645,13,lag_00__T2__is_walking,T2__is_walking,False,2.2968344688415527,0.0005204839399084449,0.0011954654536601717
284821,41.5,0.0038588643074035645,14,lag_06__T4__is_walking,T4__is_walking,False,2.307980537414551,0.0005145688774064183,0.0011876149542132675
284821,41.5,0.0038588643074035645,15,lag_12__CT3__is_walking,CT3__is_walking,False,2.387126922607422,-0.00046075513819232583,-0.0010998809951086042
284821,41.5,0.0038588643074035645,16,lag_13__T_place_TUNNELSTAIRS,T_place_TUNNELSTAIRS,False,6.981647968292236,0.0001564829726703465,0.0010925090282162542
284821,41.5,0.0038588643074035645,17,lag_12__T_place_TUNNELSTAIRS,T_place_TUNNELSTAIRS,False,-6.981647968292236,0.0001460215717088431,-0.0010194712094478836
284821,41.5,0.0038588643074035645,18,lag_03__CT2__is_walking,CT2__is_walking,False,2.360051155090332,0.0004268028133083135,0.0010072764725440886
284821,41.5,0.0038588643074035645,19,lag_14__T3__is_walking,T3__is_walking,False,-2.3223767280578613,0.000413966306950897,-0.0009613857174628204
284821,41.5,0.0038588643074035645,20,lag_07__T4__is_scoped,T4__is_scoped,False,-4.644811153411865,0.00020071449398528785,-0.0009322809203142837
283285,17.5,-0.003662317991256714,1,lag_06__CT_flashed_players,CT_flashed_players,False,4.379879951477051,-0.001081768306903541,-0.004738015319550093
283285,17.5,-0.003662317991256714,2,lag_06__CT2__flash_duration,CT2__flash_duration,True,8.07532024383545,-0.0005408250726759434,-0.004367335657753824
283285,17.5,-0.003662317991256714,3,lag_02__T_shots_fired_sum,T_shots_fired_sum,False,-7.49737024307251,-0.0005697038141079247,0.004271280423257667
283285,17.5,-0.003662317991256714,4,lag_06__CT_flash_duration_sum,CT_flash_duration_sum,True,4.133234977722168,-0.0008011011523194611,-0.003311139303460331
283285,17.5,-0.003662317991256714,5,lag_06__T4__duck_amount,T4__duck_amount,False,-3.1484880447387695,-0.0006567080854438245,0.002067637555903168
283285,17.5,-0.003662317991256714,6,lag_12__T4__is_scoped,T4__is_scoped,False,4.644811153411865,0.0004442513163667172,0.0020634634691780313
283285,17.5,-0.003662317991256714,7,lag_04__CT5__is_scoped,CT5__is_scoped,False,3.5760385990142822,0.0005739782354794443,0.0020525683250686017
283285,17.5,-0.003662317991256714,8,lag_03__T_shots_fired_sum,T_shots_fired_sum,False,3.748684883117676,-0.0004776092537213117,-0.0017904065894621957
283285,17.5,-0.003662317991256714,9,lag_07__CT_flashed_players,CT_flashed_players,False,-2.1899399757385254,-0.0007714261882938445,0.0016893770480762849
283285,17.5,-0.003662317991256714,10,lag_06__T2__is_walking,T2__is_walking,False,-2.2968344688415527,0.000674963986966759,-0.0015502805504919726
283285,17.5,-0.003662317991256714,11,lag_08__CT_place_PIT,CT_place_PIT,False,4.305429458618164,-0.0003591288987081498,-0.0015462041399391668
283285,17.5,-0.003662317991256714,12,lag_04__CT_place_LONGA,CT_place_LONGA,False,-2.67120623588562,0.0005354107124730945,-0.0014301924339180927
283285,17.5,-0.003662317991256714,13,lag_02__T3__shots_fired,T3__shots_fired,False,-6.05570650100708,-0.00023586525639984757,0.0014283307665422587
283285,17.5,-0.003662317991256714,14,lag_04__T_kills_last_3s,T_kills_last_3s,False,3.1681017875671387,-0.00044814517605118454,-0.0014197695333373478
283285,17.5,-0.003662317991256714,15,lag_12__T2__is_walking,T2__is_walking,False,-2.2968344688415527,-0.0005905634607188404,0.001356426512617387
283285,17.5,-0.003662317991256714,16,lag_09__CT_flashed_players,CT_flashed_players,False,-2.1899399757385254,-0.0005664190975949168,0.0012404238248448496
283285,17.5,-0.003662317991256714,17,lag_00__T2__is_walking,T2__is_walking,False,2.2968344688415527,0.0005204839399084449,0.0011954654536601717
283285,17.5,-0.003662317991256714,18,lag_12__T3__is_walking,T3__is_walking,False,2.3223767280578613,0.0004784365592058748,0.0011111099309518008
283285,17.5,-0.003662317991256714,19,lag_11__T2__is_walking,T2__is_walking,False,2.2968344688415527,-0.00048056713421829045,-0.0011037831584649743
283285,17.5,-0.003662317991256714,20,lag_05__CT3__duck_amount,CT3__duck_amount,False,-3.220491886138916,0.00034184069954790175,-0.0011008951992460686
287605,85.0,0.0035737454891204834,1,lag_15__T_place_EXTENDEDA,T_place_EXTENDEDA,False,4.957779407501221,-0.001781801925972104,-0.008833780896830512
287605,85.0,0.0035737454891204834,2,lag_14__T_place_EXTENDEDA,T_place_EXTENDEDA,False,4.957779407501221,-0.00136286742053926,-0.006756796032703849
287605,85.0,0.0035737454891204834,3,lag_12__T2__flash_duration,T2__flash_duration,True,-6.016905307769775,-0.0005944013828411698,0.003576456835362729
287605,85.0,0.0035737454891204834,4,lag_11__CT_place_BDOORS,CT_place_BDOORS,False,-4.810471534729004,0.0006912524695508182,-0.0033252503280853385
287605,85.0,0.0035737454891204834,5,lag_07__CT_place_MIDDOORS,CT_place_MIDDOORS,False,2.8863232135772705,0.0010612879414111376,0.0030632200215846006
287605,85.0,0.0035737454891204834,6,lag_12__T_place_EXTENDEDA,T_place_EXTENDEDA,False,4.957779884338379,-0.0005996045656502247,-0.002972707454138135
287605,85.0,0.0035737454891204834,7,lag_15__T_place_SHORTSTAIRS,T_place_SHORTSTAIRS,False,-4.202706336975098,0.0006826901808381081,-0.002869146349198992
287605,85.0,0.0035737454891204834,8,lag_10__T5__flash_duration,T5__flash_duration,True,-7.5368523597717285,0.000373408809537068,-0.002814327067319003
287605,85.0,0.0035737454891204834,9,lag_09__T5__duck_amount,T5__duck_amount,False,-3.7970333099365234,0.0007256350945681334,-0.0027552606249341416
287605,85.0,0.0035737454891204834,10,lag_01__CT5__is_scoped,CT5__is_scoped,False,-3.5760385990142822,-0.0005798270576633513,0.002073483938957024
287605,85.0,0.0035737454891204834,11,lag_15__T4__is_scoped,T4__is_scoped,False,4.644811153411865,-0.000439187278971076,-0.002039941971801462
287605,85.0,0.0035737454891204834,12,lag_11__CT5__is_walking,CT5__is_walking,False,2.396676540374756,0.0007649292820133269,0.0018332880652470462
287605,85.0,0.0035737454891204834,13,lag_01__T5__duck_amount,T5__duck_amount,False,-3.7970333099365234,-0.0004773600085172802,0.0018125518531716955
287605,85.0,0.0035737454891204834,14,lag_08__T2__is_walking,T2__is_walking,False,2.2968344688415527,0.0007642210694029927,0.0017552892940197462
287605,85.0,0.0035737454891204834,15,lag_12__T_flash_duration_sum,T_flash_duration_sum,True,-5.115886211395264,-0.0003215658653061837,0.0016450943763752918
287605,85.0,0.0035737454891204834,16,lag_12__T1__flash_duration,T1__flash_duration,True,-6.376111030578613,-0.0002370809088461101,0.0015116541980332854
287605,85.0,0.0035737454891204834,17,lag_07__CT_place_BDOORS,CT_place_BDOORS,False,-4.810472011566162,-0.00031182970269583166,0.0015000480571932956
287605,85.0,0.0035737454891204834,18,lag_01__CT_flashed_players,CT_flashed_players,False,-2.1899399757385254,0.0006684280233457685,-0.0014638172492287826
287605,85.0,0.0035737454891204834,19,lag_04__CT_place_MIDDOORS,CT_place_MIDDOORS,False,-2.8863232135772705,0.0005027591832913458,-0.0014511255015729613
287605,85.0,0.0035737454891204834,20,lag_04__CT3__is_walking,CT3__is_walking,False,-2.387126922607422,-0.0005710183177143335,0.001363093199517884
288565,100.0,-0.0035307183861732483,1,lag_02__T2__flash_duration,T2__flash_duration,True,-5.729948043823242,0.000621056417003274,-0.0035586210017117814
288565,100.0,-0.0035307183861732483,2,lag_12__T2__flash_duration,T2__flash_duration,True,5.729948043823242,-0.0005944013828411698,-0.003405889040856591
288565,100.0,-0.0035307183861732483,3,lag_06__T_place_EXTENDEDA,T_place_EXTENDEDA,False,-4.957779407501221,-0.0006772736669518054,0.0033577734392565006
288565,100.0,-0.0035307183861732483,4,lag_05__T_place_EXTENDEDA,T_place_EXTENDEDA,False,4.957779407501221,-0.0005848931614309549,-0.0028997712713306756
288565,100.0,-0.0035307183861732483,5,lag_11__T_place_EXTENDEDA,T_place_EXTENDEDA,False,4.957779407501221,-0.0005728630931116641,-0.0028401288463464625
288565,100.0,-0.0035307183861732483,6,lag_04__T_place_EXTENDEDA,T_place_EXTENDEDA,False,-4.957779407501221,-0.0005447851726785302,0.0027009247106176137
288565,100.0,-0.0035307183861732483,7,lag_04__T1__flash_duration,T1__flash_duration,True,-4.736575126647949,-0.0004537056665867567,0.0021490109751740594
288565,100.0,-0.0035307183861732483,8,lag_09__T1__duck_amount,T1__duck_amount,False,-3.915480136871338,0.00046269988524727523,-0.0018116922100183536
288565,100.0,-0.0035307183861732483,9,lag_12__T_flash_duration_sum,T_flash_duration_sum,True,5.337976932525635,-0.0003215658653061837,-0.0017165111712920539
288565,100.0,-0.0035307183861732483,10,lag_05__T_place_LOWERTUNNEL,T_place_LOWERTUNNEL,False,-4.32400369644165,-0.00038830353878438473,0.0016790259370450533
288565,100.0,-0.0035307183861732483,11,lag_07__T2__duck_amount,T2__duck_amount,False,2.107806921005249,0.0007288124179467559,0.0015361958586627422
288565,100.0,-0.0035307183861732483,12,lag_06__T2__duck_amount,T2__duck_amount,False,1.7155109643936157,0.0007415868458338082,0.001272200365077976
288565,100.0,-0.0035307183861732483,13,lag_09__CT_flashed_players,CT_flashed_players,False,-2.1899399757385254,-0.0005664190975949168,0.0012404238248448496
288565,100.0,-0.0035307183861732483,14,lag_03__T_place_MIDDOORS,T_place_MIDDOORS,False,4.250260353088379,-0.00028577091870829463,-0.0012146008058515068
288565,100.0,-0.0035307183861732483,15,lag_12__T_flashed_players,T_flashed_players,False,5.788870811462402,-0.00020778743783012033,-0.0012028546338433421
288565,100.0,-0.0035307183861732483,16,lag_14__CT_place_UNDERA,CT_place_UNDERA,False,3.054957389831543,-0.0003761595580726862,-0.0011491514216899201
288565,100.0,-0.0035307183861732483,17,lag_12__T1__flash_duration,T1__flash_duration,True,4.736575126647949,-0.0002370809088461101,-0.0011229515358435749
288565,100.0,-0.0035307183861732483,18,lag_12__CT2__is_walking,CT2__is_walking,False,2.360051155090332,0.0004432745336089283,0.0010461505750658795
288565,100.0,-0.0035307183861732483,19,lag_04__T_flashed_players,T_flashed_players,False,-1.9296237230300903,0.0005418639630079269,-0.0010455935576751951
288565,100.0,-0.0035307183861732483,20,lag_05__T_place_SHORTSTAIRS,T_place_SHORTSTAIRS,False,-4.2027058601379395,-0.0002287543611600995,0.0009613872941796608
287445,82.5,0.0033039450645446777,1,lag_14__CT_place_BDOORS,CT_place_BDOORS,False,4.810471534729004,0.0018926759948953986,0.009104663997909213
287445,82.5,0.0033039450645446777,2,lag_07__T2__flash_duration,T2__flash_duration,True,-6.016905307769775,-0.0007842032355256379,0.004718476610204442
287445,82.5,0.0033039450645446777,3,lag_04__T5__duck_amount,T5__duck_amount,False,-3.7970333099365234,0.0010109859285876155,-0.0038387472467242834
287445,82.5,0.0033039450645446777,4,lag_08__T4__is_scoped,T4__is_scoped,False,4.644811153411865,-0.0007313731475733221,-0.0033970901531545084
287445,82.5,0.0033039450645446777,5,lag_10__T_place_EXTENDEDA,T_place_EXTENDEDA,False,4.957779407501221,-0.00046461186138913035,-0.002303443118875842
287445,82.5,0.0033039450645446777,6,lag_02__CT_place_BDOORS,CT_place_BDOORS,False,-4.810472011566162,0.0004394810530357063,-0.002114111305241889
287445,82.5,0.0033039450645446777,7,lag_09__T_place_SHORTSTAIRS,T_place_SHORTSTAIRS,False,-4.202706336975098,-0.0004627402813639492,0.001944761512861909
287445,82.5,0.0033039450645446777,8,lag_06__T_flashed_players,T_flashed_players,False,-1.9296237230300903,-0.0009744324488565326,0.0018802879698038705
287445,82.5,0.0033039450645446777,9,lag_11__CT5__is_walking,CT5__is_walking,False,2.396676540374756,0.0007649292820133269,0.0018332880652470462
287445,82.5,0.0033039450645446777,10,lag_07__T2__duck_amount,T2__duck_amount,False,-2.4834837913513184,0.0007288124179467559,-0.001809993826906331
287445,82.5,0.0033039450645446777,11,lag_02__CT_place_MIDDOORS,CT_place_MIDDOORS,False,2.8863232135772705,0.0006204587407410145,0.0017908444664677114
287445,82.5,0.0033039450645446777,12,lag_08__T2__duck_amount,T2__duck_amount,False,2.4834837913513184,-0.0007068535778671503,-0.0017554594034917548
287445,82.5,0.0033039450645446777,13,lag_06__CT_place_BDOORS,CT_place_BDOORS,False,-4.810471534729004,-0.00033584251650609076,0.0016155608658043052
287445,82.5,0.0033039450645446777,14,lag_09__T4__is_scoped,T4__is_scoped,False,-4.644811153411865,-0.0003331555053591728,0.0015474444071128524
287445,82.5,0.0033039450645446777,15,lag_07__T_flashed_players,T_flashed_players,False,-3.8592476844787598,-0.00038712588138878345,0.0014940146613514615
287445,82.5,0.0033039450645446777,16,lag_06__CT_place_MIDDOORS,CT_place_MIDDOORS,False,2.8863234519958496,0.000514211889822036,0.0014841818368884485
287445,82.5,0.0033039450645446777,17,lag_07__CT5__is_scoped,CT5__is_scoped,False,-3.5760385990142822,0.0003665765398181975,-0.0013108918558829702
287445,82.5,0.0033039450645446777,18,lag_08__T5__duck_amount,T5__duck_amount,False,3.7970333099365234,0.00034443146432749927,0.0013078177430417282
287445,82.5,0.0033039450645446777,19,lag_03__CT_walking_count,CT_walking_count,False,-2.692342758178711,0.0004825043142773211,-0.0012990669963345303
287445,82.5,0.0033039450645446777,20,lag_06__T_flash_duration_sum,T_flash_duration_sum,True,-2.8893625736236572,-0.00044799852184951305,0.0012944301620707033
282357,3.0,-0.0032642483711242676,1,lag_02__CT_place_UNDERA,CT_place_UNDERA,False,6.1099138259887695,-0.00045801213127560914,-0.0027984146533514276
282357,3.0,-0.0032642483711242676,2,lag_03__CT_place_UNDERA,CT_place_UNDERA,False,3.054957389831543,-0.0005000540404580534,-0.0015276437862124514
282357,3.0,-0.0032642483711242676,3,lag_05__T_velocity_mean,T_velocity_mean,False,3.5461554527282715,0.0004021387721877545,0.0014260465997470578
282357,3.0,-0.0032642483711242676,4,lag_01__T4__is_scoped,T4__is_scoped,False,4.644811153411865,0.00023923513072077185,0.0011112020034597866
282357,3.0,-0.0032642483711242676,5,lag_06__CT_place_CTSPAWN,CT_place_CTSPAWN,False,4.78255033493042,-0.00019387305655982345,-0.0009272076515841679
282357,3.0,-0.0032642483711242676,6,lag_02__T3__is_walking,T3__is_walking,False,2.3223767280578613,-0.00037754722870886326,-0.0008768068976962029
282357,3.0,-0.0032642483711242676,7,lag_06__CT_money_sum,CT_money_sum,False,4.302239894866943,-0.00019755349785555154,-0.000849922539844665
282357,3.0,-0.0032642483711242676,8,lag_06__round_num,round_num,False,2.7023725509643555,-0.00031141884392127395,-0.0008415697356659035
282357,3.0,-0.0032642483711242676,9,lag_06__CT_start_balance_sum,CT_start_balance_sum,False,4.300045013427734,-0.00019548501586541533,-0.0008405943676719208
282357,3.0,-0.0032642483711242676,10,lag_02__CT_place_CTSPAWN,CT_place_CTSPAWN,False,-2.0815834999084473,-0.00034239745582453907,0.000712728894454992
282357,3.0,-0.0032642483711242676,11,lag_06__CT_closest_enemy_dist,CT_closest_enemy_dist,False,2.7878754138946533,0.00022546094260178506,0.0006285570186730302
282357,3.0,-0.0032642483711242676,12,lag_06__money_diff,money_diff,False,3.2780861854553223,-0.00016658315144013613,-0.0005460739274655221
282357,3.0,-0.0032642483711242676,13,lag_06__T_closest_enemy_dist,T_closest_enemy_dist,False,2.7866129875183105,0.00019383382459636778,0.0005401398530405846
282357,3.0,-0.0032642483711242676,14,lag_06__CT_velocity_mean,CT_velocity_mean,False,-1.694637656211853,-0.00031761048012413085,0.0005382346796258784
282357,3.0,-0.0032642483711242676,15,lag_01__T_scoped_count,T_scoped_count,False,2.8811259269714355,0.00017972898785956204,0.0005178218467505186
282357,3.0,-0.0032642483711242676,16,lag_06__T_walking_count,T_walking_count,False,-0.9998118877410889,0.0004635031218640506,-0.0004634159312447844
282357,3.0,-0.0032642483711242676,17,lag_06__T_cash_spent_round_sum,T_cash_spent_round_sum,False,2.0052475929260254,-0.0002141096192644909,-0.00042934279865242814
282357,3.0,-0.0032642483711242676,18,lag_06__T2__is_walking,T2__is_walking,False,-0.5837383270263672,0.000674963986966759,-0.0003940023485550226
282357,3.0,-0.0032642483711242676,19,lag_06__T_velocity_mean,T_velocity_mean,False,-1.7359485626220703,0.00022282189456745982,-0.0003868073475951084
282357,3.0,-0.0032642483711242676,20,lag_02__T_walking_count,T_walking_count,False,0.7970898747444153,-0.000411135028116405,-0.0003277115680643469
288629,101.0,-0.0032484084367752075,1,lag_13__T_place_EXTENDEDA,T_place_EXTENDEDA,False,4.957779407501221,-0.001509269466623664,-0.007482625081997152
288629,101.0,-0.0032484084367752075,2,lag_14__T2__flash_duration,T2__flash_duration,True,5.729948043823242,-0.0006087218062020838,-0.003487944322680181
288629,101.0,-0.0032484084367752075,3,lag_06__T_place_EXTENDEDA,T_place_EXTENDEDA,False,-4.957779407501221,-0.0006772736669518054,0.0033577734392565006
288629,101.0,-0.0032484084367752075,4,lag_00__T_shots_fired_sum,T_shots_fired_sum,False,-2.249211311340332,-0.0014292533742263913,0.003214692856081336
288629,101.0,-0.0032484084367752075,5,lag_00__kill_diff_last_3s,kill_diff_last_3s,False,-2.4069459438323975,0.0013104755198583007,-0.0031542437370145893
288629,101.0,-0.0032484084367752075,6,lag_01__CT_place_UNDERA,CT_place_UNDERA,False,3.0549564361572266,-0.0009031278314068913,-0.0027590161812292013
288629,101.0,-0.0032484084367752075,7,lag_14__T1__flash_duration,T1__flash_duration,True,4.736575126647949,-0.0005211441311985254,-0.002468438329233491
288629,101.0,-0.0032484084367752075,8,lag_14__T_flashed_players,T_flashed_players,False,5.788870811462402,-0.00040006221388466656,-0.002315908472725975
288629,101.0,-0.0032484084367752075,9,lag_14__CT4__flash_duration,CT4__flash_duration,True,-5.912312984466553,-0.00036193334381096065,0.0021398632081249397
288629,101.0,-0.0032484084367752075,10,lag_04__T1__duck_amount,T1__duck_amount,False,3.137122392654419,-0.0006259491783566773,-0.001963679184086367
288629,101.0,-0.0032484084367752075,11,lag_06__T_flashed_players,T_flashed_players,False,-1.9296237230300903,-0.0009744324488565326,0.0018802879698038705
288629,101.0,-0.0032484084367752075,12,lag_08__T_place_EXTENDEDA,T_place_EXTENDEDA,False,-4.957779407501221,-0.00035777021548710763,0.0017737458069592565
288629,101.0,-0.0032484084367752075,13,lag_06__CT_shots_fired_sum,CT_shots_fired_sum,False,3.4737048149108887,0.0005037806695327163,0.0017499853374148278
288629,101.0,-0.0032484084367752075,14,lag_08__T_place_SHORTSTAIRS,T_place_SHORTSTAIRS,False,4.2027058601379395,0.0003702975809574127,0.0015562518134846215
288629,101.0,-0.0032484084367752075,15,lag_05__T2__duck_amount,T2__duck_amount,False,-3.8233180046081543,0.0003783269494306296,-0.001446464237386605
288629,101.0,-0.0032484084367752075,16,lag_05__T_place_MIDDOORS,T_place_MIDDOORS,False,4.250260353088379,-0.0003070785605814308,-0.0013051638313227032
288629,101.0,-0.0032484084367752075,17,lag_14__T_flash_duration_sum,T_flash_duration_sum,True,5.337976932525635,0.0002392575261183083,0.0012771511553526793
288629,101.0,-0.0032484084367752075,18,lag_00__T5__duck_amount,T5__duck_amount,False,2.057255983352661,-0.0006162750069051981,-0.0012678354453464213
288629,101.0,-0.0032484084367752075,19,lag_00__T1__duck_amount,T1__duck_amount,False,-3.915480136871338,-0.00031590720755048096,0.0012369283962583993
288629,101.0,-0.0032484084367752075,20,lag_08__T2__duck_amount,T2__duck_amount,False,1.7155109643936157,-0.0007068535778671503,-0.0012126150630519528
286389,66.0,0.00320550799369812,1,lag_06__T5__duck_amount,T5__duck_amount,False,-3.7970333099365234,0.0008852121536619961,-0.0033611800338152475
286389,66.0,0.00320550799369812,2,lag_09__T4__duck_amount,T4__duck_amount,False,-3.6976382732391357,-0.0005335460882633924,0.001972860436499746
286389,66.0,0.00320550799369812,3,lag_08__T2__is_walking,T2__is_walking,False,-2.2968344688415527,0.0007642210694029927,-0.0017552892940197462
286389,66.0,0.00320550799369812,4,lag_04__CT4__duck_amount,CT4__duck_amount,False,-3.6725916862487793,-0.00045122753363102674,0.0016571744886198503
286389,66.0,0.00320550799369812,5,lag_09__CT5__is_scoped,CT5__is_scoped,False,3.5760385990142822,0.0004505130054894835,0.0016110518969883261
286389,66.0,0.00320550799369812,6,lag_06__T2__is_walking,T2__is_walking,False,-2.2968344688415527,0.000674963986966759,-0.0015502805504919726
286389,66.0,0.00320550799369812,7,lag_03__CT3__is_walking,CT3__is_walking,False,2.387126922607422,0.0006463254103437066,0.0015428607877967515
286389,66.0,0.00320550799369812,8,lag_01__T4__duck_amount,T4__duck_amount,False,3.6976382732391357,0.00031122477957978845,0.0011507966565546396
286389,66.0,0.00320550799369812,9,lag_07__CT_place_EXTENDEDA,CT_place_EXTENDEDA,False,5.6138224601745605,0.00019858031009789556,0.0011147946049759952
286389,66.0,0.00320550799369812,10,lag_12__CT2__is_walking,CT2__is_walking,False,2.360051155090332,0.0004432745336089283,0.0010461505750658795
286389,66.0,0.00320550799369812,11,lag_05__T4__duck_amount,T4__duck_amount,False,3.6976382732391357,0.0002696894807741046,0.0009972141460003192
286389,66.0,0.00320550799369812,12,lag_10__CT2__is_walking,CT2__is_walking,False,-2.360051155090332,0.00041542656254023314,-0.0009804279387782833
286389,66.0,0.00320550799369812,13,lag_07__T5__duck_amount,T5__duck_amount,False,3.7970333099365234,0.0002565290196798742,0.0009740492326898442
286389,66.0,0.00320550799369812,14,lag_07__T4__is_scoped,T4__is_scoped,False,-4.644811153411865,0.00020071449398528785,-0.0009322809203142837
286389,66.0,0.00320550799369812,15,lag_03__T1__duck_amount,T1__duck_amount,False,-3.915480136871338,-0.0002315454330528155,0.0009066115439015712
286389,66.0,0.00320550799369812,16,lag_03__T4__duck_amount,T4__duck_amount,False,-3.6976382732391357,0.00022801019076723605,-0.0008430992080694887
286389,66.0,0.00320550799369812,17,lag_15__CT3__is_walking,CT3__is_walking,False,-2.387126922607422,-0.0003520298341754824,0.0008403398947213203
286389,66.0,0.00320550799369812,18,lag_05__T4__is_walking,T4__is_walking,False,-2.307980537414551,-0.00035889603896066546,0.0008283250728763902
286389,66.0,0.00320550799369812,19,lag_15__T1__duck_amount,T1__duck_amount,False,2.9484851360321045,0.00026156959938816726,0.0007712340758338834
286389,66.0,0.00320550799369812,20,lag_02__T2__is_walking,T2__is_walking,False,-2.2968344688415527,-0.00032659864518791437,0.000750143025744554
283317,18.0,-0.0031765997409820557,1,lag_07__CT2__flash_duration,CT2__flash_duration,True,8.07532024383545,-0.00046674537588842213,-0.0037691183826283614
283317,18.0,-0.0031765997409820557,2,lag_03__T_shots_fired_sum,T_shots_fired_sum,False,-7.49737024307251,-0.0004776092537213117,0.0035808134066662306
283317,18.0,-0.0031765997409820557,3,lag_07__CT_flashed_players,CT_flashed_players,False,4.379879951477051,-0.0007714261882938445,-0.0033787540961525697
283317,18.0,-0.0031765997409820557,4,lag_07__CT_flash_duration_sum,CT_flash_duration_sum,True,4.133234977722168,-0.0006675005424767733,-0.002758936589813521
283317,18.0,-0.0031765997409820557,5,lag_06__CT_flashed_players,CT_flashed_players,False,-2.1899399757385254,-0.001081768306903541,0.0023690076597750465
283317,18.0,-0.0031765997409820557,6,lag_13__CT_flashed_players,CT_flashed_players,False,4.379879951477051,-0.0004526626435108483,-0.0019826080370957677
283317,18.0,-0.0031765997409820557,7,lag_11__CT5__is_walking,CT5__is_walking,False,2.396676540374756,0.0007649292820133269,0.0018332880652470462
283317,18.0,-0.0031765997409820557,8,lag_06__T2__is_walking,T2__is_walking,False,2.2968344688415527,0.000674963986966759,0.0015502805504919726
283317,18.0,-0.0031765997409820557,9,lag_03__T3__shots_fired,T3__shots_fired,False,-6.05570650100708,-0.00024818434030748904,0.0015029315230482149
283317,18.0,-0.0031765997409820557,10,lag_12__T2__is_walking,T2__is_walking,False,2.2968344688415527,-0.0005905634607188404,-0.001356426512617387
283317,18.0,-0.0031765997409820557,11,lag_12__T1__is_walking,T1__is_walking,False,2.281590461730957,0.0005943257710896432,0.0013560080104790262
283317,18.0,-0.0031765997409820557,12,lag_03__CT_place_LONGA,CT_place_LONGA,False,2.67120623588562,0.0005015977076254785,0.0013398709245151103
283317,18.0,-0.0031765997409820557,13,lag_05__T_shots_fired_sum,T_shots_fired_sum,False,3.748685598373413,-0.00031963145011104643,-0.0011981978138184898
283317,18.0,-0.0031765997409820557,14,lag_00__T2__is_walking,T2__is_walking,False,-2.2968344688415527,0.0005204839399084449,-0.0011954654536601717
283317,18.0,-0.0031765997409820557,15,lag_13__T4__is_scoped,T4__is_scoped,False,4.644811153411865,0.0002536869724281132,0.0011783280790093886
283317,18.0,-0.0031765997409820557,16,lag_01__T4__duck_amount,T4__duck_amount,False,-3.6976382732391357,0.00031122477957978845,-0.0011507966565546396
283317,18.0,-0.0031765997409820557,17,lag_12__T3__is_walking,T3__is_walking,False,-2.3223767280578613,0.0004784365592058748,-0.0011111099309518008
283317,18.0,-0.0031765997409820557,18,lag_13__T3__is_walking,T3__is_walking,False,2.3223767280578613,0.00045917637180536985,0.0010663805199548348
283317,18.0,-0.0031765997409820557,19,lag_00__CT3__is_walking,CT3__is_walking,False,-2.387126922607422,-0.000434746325481683,0.0010377946580619746
283317,18.0,-0.0031765997409820557,20,lag_01__CT3__duck_amount,CT3__duck_amount,False,-3.7208433151245117,0.00025775207905098796,-0.0009590551002963132
287413,82.0,-0.003173232078552246,1,lag_06__T2__flash_duration,T2__flash_duration,True,-6.016905307769775,-0.001094106468372047,0.006583135016813013
287413,82.0,-0.003173232078552246,2,lag_13__CT_place_BDOORS,CT_place_BDOORS,False,4.810471534729004,0.0010889923432841897,0.00523856666890643
287413,82.0,-0.003173232078552246,3,lag_06__T_flashed_players,T_flashed_players,False,-3.8592476844787598,-0.0009744324488565326,0.003760576171930541
287413,82.0,-0.003173232078552246,4,lag_08__T4__is_scoped,T4__is_scoped,False,-4.644811153411865,-0.0007313731475733221,0.0033970901531545084
287413,82.0,-0.003173232078552246,5,lag_06__T_place_EXTENDEDA,T_place_EXTENDEDA,False,4.957779884338379,-0.0006772736669518054,-0.0033577737622057513
287413,82.0,-0.003173232078552246,6,lag_06__T_flash_duration_sum,T_flash_duration_sum,True,-5.115886211395264,-0.00044799852184951305,0.0022919094606553836
287413,82.0,-0.003173232078552246,7,lag_09__T_place_SHORTSTAIRS,T_place_SHORTSTAIRS,False,-4.202706336975098,-0.0004627402813639492,0.001944761512861909
287413,82.0,-0.003173232078552246,8,lag_06__T2__duck_amount,T2__duck_amount,False,-2.4834837913513184,0.0007415868458338082,-0.0018417189115076116
287413,82.0,-0.003173232078552246,9,lag_11__CT5__is_walking,CT5__is_walking,False,-2.396676540374756,0.0007649292820133269,-0.0018332880652470462
287413,82.0,-0.003173232078552246,10,lag_07__T2__duck_amount,T2__duck_amount,False,2.4834837913513184,0.0007288124179467559,0.001809993826906331
287413,82.0,-0.003173232078552246,11,lag_08__T_place_EXTENDEDA,T_place_EXTENDEDA,False,4.957779407501221,-0.00035777021548710763,-0.0017737458069592565
287413,82.0,-0.003173232078552246,12,lag_11__T_place_LOWERTUNNEL,T_place_LOWERTUNNEL,False,4.32400369644165,-0.00038801980554126203,-0.0016777990734529874
287413,82.0,-0.003173232078552246,13,lag_08__T_place_SHORTSTAIRS,T_place_SHORTSTAIRS,False,-4.202706336975098,0.0003702975809574127,-0.0015562519900562677
287413,82.0,-0.003173232078552246,14,lag_09__T4__is_scoped,T4__is_scoped,False,4.644811153411865,-0.0003331555053591728,-0.0015474444071128524
287413,82.0,-0.003173232078552246,15,lag_02__CT_walking_count,CT_walking_count,False,-2.692342758178711,0.0005554198869504035,-0.001495380710379357
287413,82.0,-0.003173232078552246,16,lag_08__T2__duck_amount,T2__duck_amount,False,-2.0783631801605225,-0.0007068535778671503,0.001469098450003814
287413,82.0,-0.003173232078552246,17,lag_04__T5__flash_duration,T5__flash_duration,True,-7.5368523597717285,0.00019224097195547074,-0.0014488918231274003
287413,82.0,-0.003173232078552246,18,lag_05__CT_place_MIDDOORS,CT_place_MIDDOORS,False,2.8863234519958496,0.00046401238068938255,0.001339289816400191
287413,82.0,-0.003173232078552246,19,lag_07__CT5__is_scoped,CT5__is_scoped,False,3.5760385990142822,0.0003665765398181975,0.0013108918558829702
287413,82.0,-0.003173232078552246,20,lag_02__CT2__is_walking,CT2__is_walking,False,-2.360051155090332,0.000537299201823771,-0.0012680536018933042
282869,11.0,0.003079354763031006,1,lag_15__T_he_last_5s,T_he_last_5s,True,13.051742553710938,0.000741373049095273,0.009676210173051203
282869,11.0,0.003079354763031006,2,lag_02__CT_place_HOLE,CT_place_HOLE,False,-11.164148330688477,-0.0004240320704411715,0.004733956931374184
282869,11.0,0.003079354763031006,3,lag_05__T_he_last_5s,T_he_last_5s,True,-13.051742553710938,-0.00024261594808194786,0.0031665608937900824
282869,11.0,0.003079354763031006,4,lag_07__CT_place_MIDDOORS,CT_place_MIDDOORS,False,-2.8863234519958496,0.0010612879414111376,-0.0030632202746153636
282869,11.0,0.003079354763031006,5,lag_04__CT_place_UNDERA,CT_place_UNDERA,False,-3.054957389831543,-0.000814255210570991,0.002487514972742688
282869,11.0,0.003079354763031006,6,lag_05__CT_place_UNDERA,CT_place_UNDERA,False,3.054957389831543,-0.0007924962555989623,-0.002421042292455877
282869,11.0,0.003079354763031006,7,lag_04__CT_place_HOLE,CT_place_HOLE,False,11.164148330688477,0.00019134601461701095,0.0021362152896703956
282869,11.0,0.003079354763031006,8,lag_12__T4__is_scoped,T4__is_scoped,False,-4.644811153411865,0.0004442513163667172,-0.0020634634691780313
282869,11.0,0.003079354763031006,9,lag_13__CT_place_LONGA,CT_place_LONGA,False,2.671205997467041,-0.0007634808425791562,-0.0020394146056486318
282869,11.0,0.003079354763031006,10,lag_08__CT_place_MIDDOORS,CT_place_MIDDOORS,False,-2.8863232135772705,0.000601606850977987,-0.0017364318194248857
282869,11.0,0.003079354763031006,11,lag_12__CT_place_LONGA,CT_place_LONGA,False,2.67120623588562,-0.0006025559268891811,-0.0016095511493762205
282869,11.0,0.003079354763031006,12,lag_07__CT_place_BDOORS,CT_place_BDOORS,False,4.810471534729004,-0.00031182970269583166,-0.0015000479085013063
282869,11.0,0.003079354763031006,13,lag_07__T_flashed_players,T_flashed_players,False,3.8592474460601807,-0.00038712588138878345,-0.001494014569053459
282869,11.0,0.003079354763031006,14,lag_04__CT_place_LONGA,CT_place_LONGA,False,2.671205520629883,0.0005354107124730945,0.0014301920509625088
282869,11.0,0.003079354763031006,15,lag_08__CT5__is_scoped,CT5__is_scoped,False,3.5760385990142822,0.00035764911444857717,0.0012789670381713886
282869,11.0,0.003079354763031006,16,lag_02__CT2__is_walking,CT2__is_walking,False,2.360051155090332,0.000537299201823771,0.0012680536018933042
282869,11.0,0.003079354763031006,17,lag_08__T4__duck_amount,T4__duck_amount,False,3.6976382732391357,-0.00031692429911345243,-0.0011718714181213896
282869,11.0,0.003079354763031006,18,lag_07__CT_macro_MID,CT_macro_MID,False,-1.7316291332244873,0.0006673819152638316,-0.001155657967458007
282869,11.0,0.003079354763031006,19,lag_02__T5__is_walking,T5__is_walking,False,2.3193888664245605,-0.00048231915570795536,-0.0011186856798123257
282869,11.0,0.003079354763031006,20,lag_13__CT_place_MIDDOORS,CT_place_MIDDOORS,False,2.8863232135772705,-0.00036237164749763906,-0.0010459216981146754
286069,61.0,0.0029706954956054688,1,lag_06__CT_place_ARAMP,CT_place_ARAMP,False,-6.229295253753662,0.00040708674350753427,-0.0025358635191975176
286069,61.0,0.0029706954956054688,2,lag_05__T1__duck_amount,T1__duck_amount,False,2.9484851360321045,-0.0006553102284669876,-0.0019321724681247154
286069,61.0,0.0029706954956054688,3,lag_08__T2__is_walking,T2__is_walking,False,2.2968344688415527,0.0007642210694029927,0.0017552892940197462
286069,61.0,0.0029706954956054688,4,lag_08__T_place_SHORTSTAIRS,T_place_SHORTSTAIRS,False,4.2027058601379395,0.0003702975809574127,0.0015562518134846215
286069,61.0,0.0029706954956054688,5,lag_04__CT3__is_walking,CT3__is_walking,False,2.387126922607422,-0.0005710183177143335,-0.001363093199517884
286069,61.0,0.0029706954956054688,6,lag_12__T2__is_walking,T2__is_walking,False,-2.2968344688415527,-0.0005905634607188404,0.001356426512617387
286069,61.0,0.0029706954956054688,7,lag_12__T1__is_walking,T1__is_walking,False,2.281590461730957,0.0005943257710896432,0.0013560080104790262
286069,61.0,0.0029706954956054688,8,lag_02__CT2__is_walking,CT2__is_walking,False,2.360051155090332,0.000537299201823771,0.0012680536018933042
286069,61.0,0.0029706954956054688,9,lag_05__CT2__is_walking,CT2__is_walking,False,-2.360051155090332,-0.0004760352603625506,0.0011234675660823645
286069,61.0,0.0029706954956054688,10,lag_11__T2__is_walking,T2__is_walking,False,2.2968344688415527,-0.00048056713421829045,-0.0011037831584649743
286069,61.0,0.0029706954956054688,11,lag_05__CT3__is_walking,CT3__is_walking,False,-2.387126922607422,-0.0004328789364080876,0.001033336963329412
286069,61.0,0.0029706954956054688,12,lag_00__T5__is_walking,T5__is_walking,False,-2.3193888664245605,0.00042383084655739367,-0.0009830285467525152
286069,61.0,0.0029706954956054688,13,lag_15__CT3__is_walking,CT3__is_walking,False,-2.387126922607422,-0.0003520298341754824,0.0008403398947213203
286069,61.0,0.0029706954956054688,14,lag_09__T2__is_walking,T2__is_walking,False,-2.2968344688415527,0.00036144626210443676,-0.0008301822334354086
286069,61.0,0.0029706954956054688,15,lag_15__CT_active_infernos,CT_active_infernos,True,2.304276466369629,-0.00032361308694817126,-0.0007456940204638995
286069,61.0,0.0029706954956054688,16,lag_07__CT4__is_walking,CT4__is_walking,False,-2.384641170501709,0.00028497230960056186,-0.0006795567019264592
286069,61.0,0.0029706954956054688,17,lag_13__CT5__is_walking,CT5__is_walking,False,2.396676540374756,0.000273440673481673,0.0006553488473177993
286069,61.0,0.0029706954956054688,18,lag_04__T1__duck_amount,T1__duck_amount,False,0.9669950008392334,-0.0006259491783566773,-0.0006052897262503326
286069,61.0,0.0029706954956054688,19,lag_14__T_place_OUTSIDELONG,T_place_OUTSIDELONG,False,2.4595744609832764,-0.0002324441447854042,-0.0005717136821192792
286069,61.0,0.0029706954956054688,20,lag_08__CT_place_BDOORS,CT_place_BDOORS,False,-4.810472011566162,0.00011863195686601102,-0.0005706757081812702
282421,4.0,0.0028250813484191895,1,lag_04__CT_place_UNDERA,CT_place_UNDERA,False,6.1099138259887695,-0.000814255210570991,-0.004975029168951095
282421,4.0,0.0028250813484191895,2,lag_01__T_he_last_5s,T_he_last_5s,True,13.051742553710938,0.0002706409140955657,0.003532335535276321
282421,4.0,0.0028250813484191895,3,lag_05__CT_place_UNDERA,CT_place_UNDERA,False,3.054957389831543,-0.0007924962555989623,-0.002421042292455877
282421,4.0,0.0028250813484191895,4,lag_08__CT_place_CTSPAWN,CT_place_CTSPAWN,False,4.78255033493042,-0.00018126047507394105,-0.0008668873457745238
282421,4.0,0.0028250813484191895,5,lag_08__T_place_TSPAWN,T_place_TSPAWN,False,4.428390979766846,0.00017770931299310178,0.000786966318679215
282421,4.0,0.0028250813484191895,6,lag_08__round_num,round_num,False,2.7023725509643555,-0.000282633671304211,-0.0007637814753107819
282421,4.0,0.0028250813484191895,7,lag_01__CT_place_MIDDOORS,CT_place_MIDDOORS,False,2.8863234519958496,-0.0002552410587668419,-0.0007367082538309866
282421,4.0,0.0028250813484191895,8,lag_08__CT_money_sum,CT_money_sum,False,4.302239894866943,-0.00016922905342653394,-0.0007280639850222037
282421,4.0,0.0028250813484191895,9,lag_08__CT_start_balance_sum,CT_start_balance_sum,False,4.300045013427734,-0.00016724869783502072,-0.0007191769291277628
282421,4.0,0.0028250813484191895,10,lag_08__CT_closest_enemy_dist,CT_closest_enemy_dist,False,2.7878754138946533,0.00024107635545078665,0.0006720908442325764
282421,4.0,0.0028250813484191895,11,lag_08__T_closest_enemy_dist,T_closest_enemy_dist,False,2.7866129875183105,0.00023610898642800748,0.0006579443680500702
282421,4.0,0.0028250813484191895,12,lag_08__CT3__molly,CT3__molly,True,1.958473563194275,0.00030988946673460305,0.0006069103281120918
282421,4.0,0.0028250813484191895,13,lag_08__CT3__utility_total,CT3__utility_total,True,2.0430431365966797,0.0002490736951585859,0.0005088683034005226
282421,4.0,0.0028250813484191895,14,lag_08__CT5__flash,CT5__flash,True,2.8633575439453125,0.0001760416489560157,0.00050407018358678
282421,4.0,0.0028250813484191895,15,lag_08__money_diff,money_diff,False,3.2780861854553223,-0.00014431281306315213,-0.0004730698388865154
282421,4.0,0.0028250813484191895,16,lag_04__T3__is_walking,T3__is_walking,False,2.3223767280578613,0.00020199480059091002,0.00046910802408101776
282421,4.0,0.0028250813484191895,17,lag_04__CT_place_CTSPAWN,CT_place_CTSPAWN,False,-2.0815834999084473,-0.00022448929667007178,0.00046729321585447375
282421,4.0,0.0028250813484191895,18,lag_08__T2__is_walking,T2__is_walking,False,-0.5837383270263672,0.0007642210694029927,-0.0004461051285316042
282421,4.0,0.0028250813484191895,19,lag_08__T5__utility_total,T5__utility_total,True,2.3136963844299316,0.00018292854656465352,0.00042324111679566123
282421,4.0,0.0028250813484191895,20,lag_08__T4__has_bomb,T4__has_bomb,False,2.2795095443725586,0.00018509199435357004,0.00042191896771591464
283541,21.5,0.0027407705783843994,1,lag_00__CT4__duck_amount,CT4__duck_amount,False,-3.6725916862487793,0.001109681325033307,-0.004075406408702853
283541,21.5,0.0027407705783843994,2,lag_12__T4__is_scoped,T4__is_scoped,False,4.644811153411865,0.0004442513163667172,0.0020634634691780313
283541,21.5,0.0027407705783843994,3,lag_11__T4__duck_amount,T4__duck_amount,False,3.6976382732391357,0.00047953365719877183,0.0017731420041645143
283541,21.5,0.0027407705783843994,4,lag_08__T2__is_walking,T2__is_walking,False,2.2968344688415527,0.0007642210694029927,0.0017552892940197462
283541,21.5,0.0027407705783843994,5,lag_10__CT_place_LONGA,CT_place_LONGA,False,2.67120623588562,-0.0006461833836510777,-0.001726089083934429
283541,21.5,0.0027407705783843994,6,lag_12__CT_place_LONGA,CT_place_LONGA,False,-2.67120623588562,-0.0006025559268891811,0.0016095511493762205
283541,21.5,0.0027407705783843994,7,lag_03__CT3__is_walking,CT3__is_walking,False,2.387126922607422,0.0006463254103437066,0.0015428607877967515
283541,21.5,0.0027407705783843994,8,lag_14__CT2__flash_duration,CT2__flash_duration,True,8.07532024383545,-0.00017197939450852573,-0.001388788685997261
283541,21.5,0.0027407705783843994,9,lag_10__CT5__is_scoped,CT5__is_scoped,False,-3.5760385990142822,0.0003877825220115483,-0.0013867252667364022
283541,21.5,0.0027407705783843994,10,lag_04__CT3__is_walking,CT3__is_walking,False,-2.387126922607422,-0.0005710183177143335,0.001363093199517884
283541,21.5,0.0027407705783843994,11,lag_02__T_damage_last_5s,T_damage_last_5s,False,-2.3978044986724854,-0.0005632958491332829,0.0013506733211353233
283541,21.5,0.0027407705783843994,12,lag_00__CT2__flash_duration,CT2__flash_duration,True,-8.07532024383545,-0.00015043775783851743,0.0012148330713105948
283541,21.5,0.0027407705783843994,13,lag_08__T4__duck_amount,T4__duck_amount,False,-3.6976382732391357,-0.00031692429911345243,0.0011718714181213896
283541,21.5,0.0027407705783843994,14,lag_14__CT_flash_duration_sum,CT_flash_duration_sum,True,4.133234977722168,-0.0002820450172293931,-0.0011657583305047792
283541,21.5,0.0027407705783843994,15,lag_14__CT_flashed_players,CT_flashed_players,False,4.379879951477051,-0.0002659153542481363,-0.00116467732886133
283541,21.5,0.0027407705783843994,16,lag_02__T5__is_walking,T5__is_walking,False,2.3193888664245605,-0.00048231915570795536,-0.0011186856798123257
283541,21.5,0.0027407705783843994,17,lag_01__T4__is_scoped,T4__is_scoped,False,-4.644811153411865,0.00023923513072077185,-0.0011112020034597866
283541,21.5,0.0027407705783843994,18,lag_13__CT_B_site_active_infernos,CT_B_site_active_infernos,True,-3.435478687286377,-0.00030826753936707973,0.0010590465614778166
283541,21.5,0.0027407705783843994,19,lag_12__CT_active_infernos,CT_active_infernos,True,-2.30427622795105,-0.0004556126659736037,0.0010498574353563772
283541,21.5,0.0027407705783843994,20,lag_00__CT3__is_walking,CT3__is_walking,False,-2.387126922607422,-0.000434746325481683,0.0010377946580619746
285013,44.5,-0.0026435256004333496,1,lag_04__T1__duck_amount,T1__duck_amount,False,3.4989144802093506,-0.0006259491783566773,-0.0021901426440273236
285013,44.5,-0.0026435256004333496,2,lag_08__T2__is_walking,T2__is_walking,False,-2.2968344688415527,0.0007642210694029927,-0.0017552892940197462
285013,44.5,-0.0026435256004333496,3,lag_06__T2__is_walking,T2__is_walking,False,2.2968344688415527,0.000674963986966759,0.0015502805504919726
285013,44.5,-0.0026435256004333496,4,lag_07__CT5__is_walking,CT5__is_walking,False,2.396676540374756,-0.0005758673651143909,-0.0013801678043370846
285013,44.5,-0.0026435256004333496,5,lag_12__T1__is_walking,T1__is_walking,False,-2.281590461730957,0.0005943257710896432,-0.0013560080104790262
285013,44.5,-0.0026435256004333496,6,lag_11__CT4__is_walking,CT4__is_walking,False,2.384641170501709,0.0005132672376930714,0.0012239581864725846
285013,44.5,-0.0026435256004333496,7,lag_07__T_place_LOWERTUNNEL,T_place_LOWERTUNNEL,False,-4.324003219604492,-0.00027643091743811965,0.001195288177000653
285013,44.5,-0.0026435256004333496,8,lag_06__T4__is_walking,T4__is_walking,False,-2.307980537414551,0.0005145688774064183,-0.0011876149542132675
285013,44.5,-0.0026435256004333496,9,lag_13__T4__is_scoped,T4__is_scoped,False,-4.644811153411865,0.0002536869724281132,-0.0011783280790093886
285013,44.5,-0.0026435256004333496,10,lag_12__CT5__is_walking,CT5__is_walking,False,2.396676540374756,0.0004820985486730933,0.0011554342817535201
285013,44.5,-0.0026435256004333496,11,lag_01__T4__duck_amount,T4__duck_amount,False,3.6976382732391357,0.00031122477957978845,0.0011507966565546396
285013,44.5,-0.0026435256004333496,12,lag_01__T4__is_scoped,T4__is_scoped,False,4.644811153411865,0.00023923513072077185,0.0011112020034597866
285013,44.5,-0.0026435256004333496,13,lag_12__T3__is_walking,T3__is_walking,False,-2.3223767280578613,0.0004784365592058748,-0.0011111099309518008
285013,44.5,-0.0026435256004333496,14,lag_13__T3__is_walking,T3__is_walking,False,2.3223767280578613,0.00045917637180536985,0.0010663805199548348
285013,44.5,-0.0026435256004333496,15,lag_04__T_flashed_players,T_flashed_players,False,-1.9296237230300903,0.0005418639630079269,-0.0010455935576751951
285013,44.5,-0.0026435256004333496,16,lag_00__CT3__is_walking,CT3__is_walking,False,2.387126922607422,-0.000434746325481683,-0.0010377946580619746
285013,44.5,-0.0026435256004333496,17,lag_05__CT3__is_walking,CT3__is_walking,False,-2.387126922607422,-0.0004328789364080876,0.001033336963329412
285013,44.5,-0.0026435256004333496,18,lag_03__T2__is_walking,T2__is_walking,False,2.2968344688415527,-0.00040741125121712685,-0.0009357562047893619
285013,44.5,-0.0026435256004333496,19,lag_02__T3__is_walking,T3__is_walking,False,2.3223767280578613,-0.00037754722870886326,-0.0008768068976962029
285013,44.5,-0.0026435256004333496,20,lag_15__T5__is_walking,T5__is_walking,False,2.3193888664245605,0.0003771537740249187,0.000874766264403401
284181,31.5,0.002618551254272461,1,lag_01__CT_place_ARAMP,CT_place_ARAMP,False,6.229295253753662,0.00044539233203977346,0.002774480340033636
284181,31.5,0.002618551254272461,2,lag_04__CT4__duck_amount,CT4__duck_amount,False,3.6725916862487793,-0.00045122753363102674,-0.0016571744886198503
284181,31.5,0.002618551254272461,3,lag_06__T2__is_walking,T2__is_walking,False,-2.2968344688415527,0.000674963986966759,-0.0015502805504919726
284181,31.5,0.002618551254272461,4,lag_03__CT3__is_walking,CT3__is_walking,False,-2.387126922607422,0.0006463254103437066,-0.0015428607877967515
284181,31.5,0.002618551254272461,5,lag_00__T3__is_walking,T3__is_walking,False,-2.3223767280578613,-0.0005952675710432231,0.001382435553958311
284181,31.5,0.002618551254272461,6,lag_12__T3__is_walking,T3__is_walking,False,2.3223767280578613,0.0004784365592058748,0.0011111099309518008
284181,31.5,0.002618551254272461,7,lag_00__CT4__is_walking,CT4__is_walking,False,2.384641170501709,-0.0004602376720868051,-0.0010975017010740606
284181,31.5,0.002618551254272461,8,lag_13__T_shots_fired_sum,T_shots_fired_sum,False,-4.498422145843506,0.00024284124083351344,-0.0010924024156895931
284181,31.5,0.002618551254272461,9,lag_12__CT2__is_walking,CT2__is_walking,False,2.360051155090332,0.0004432745336089283,0.0010461505750658795
284181,31.5,0.002618551254272461,10,lag_00__CT3__is_walking,CT3__is_walking,False,-2.387126922607422,-0.000434746325481683,0.0010377946580619746
284181,31.5,0.002618551254272461,11,lag_00__T5__is_walking,T5__is_walking,False,-2.3193888664245605,0.00042383084655739367,-0.0009830285467525152
284181,31.5,0.002618551254272461,12,lag_14__T3__is_walking,T3__is_walking,False,-2.3223767280578613,0.000413966306950897,-0.0009613857174628204
284181,31.5,0.002618551254272461,13,lag_05__T3__is_walking,T3__is_walking,False,2.3223767280578613,0.00037997859180904925,0.0008824534387775335
284181,31.5,0.002618551254272461,14,lag_02__T3__is_walking,T3__is_walking,False,2.3223767280578613,-0.00037754722870886326,-0.0008768068976962029
284181,31.5,0.002618551254272461,15,lag_15__CT3__is_walking,CT3__is_walking,False,-2.387126922607422,-0.0003520298341754824,0.0008403398947213203
284181,31.5,0.002618551254272461,16,lag_06__T_walking_count,T_walking_count,False,-1.594179630279541,0.0004635031218640506,-0.0007389072354466453
284181,31.5,0.002618551254272461,17,lag_10__T3__is_walking,T3__is_walking,False,-2.3223767280578613,-0.00031775125535205007,0.000737938120740772
284181,31.5,0.002618551254272461,18,lag_14__T2__is_walking,T2__is_walking,False,2.2968344688415527,-0.00031520536867901683,-0.0007239745555458754
284181,31.5,0.002618551254272461,19,lag_09__CT2__is_walking,CT2__is_walking,False,-2.360051155090332,0.0002942742721643299,-0.0006945023359347935
284181,31.5,0.002618551254272461,20,lag_01__CT_place_LONGA,CT_place_LONGA,False,-2.67120623588562,0.000253059872193262,-0.0006759751086550594
286645,70.0,-0.0026154518127441406,1,lag_02__T_place_SHORTSTAIRS,T_place_SHORTSTAIRS,False,4.202706813812256,0.0009662153315730393,0.00406071975761188
286645,70.0,-0.0026154518127441406,2,lag_04__CT_place_UNDERA,CT_place_UNDERA,False,3.054957389831543,-0.000814255210570991,-0.002487514972742688
286645,70.0,-0.0026154518127441406,3,lag_15__T4__is_scoped,T4__is_scoped,False,-4.644811153411865,-0.000439187278971076,0.002039941971801462
286645,70.0,-0.0026154518127441406,4,lag_09__T4__duck_amount,T4__duck_amount,False,3.6976382732391357,-0.0005335460882633924,-0.001972860436499746
286645,70.0,-0.0026154518127441406,5,lag_04__CT_place_EXTENDEDA,CT_place_EXTENDEDA,False,-5.6138224601745605,0.0003472612297628075,-0.0019494628911902873
286645,70.0,-0.0026154518127441406,6,lag_03__T_place_SHORTSTAIRS,T_place_SHORTSTAIRS,False,-4.202706813812256,0.00043433194514364004,-0.001825369825311507
286645,70.0,-0.0026154518127441406,7,lag_11__T4__duck_amount,T4__duck_amount,False,-3.6976382732391357,0.00047953365719877183,-0.0017731420041645143
286645,70.0,-0.0026154518127441406,8,lag_02__CT_place_EXTENDEDA,CT_place_EXTENDEDA,False,-5.6138224601745605,0.0003084092168137431,-0.0017313545882738368
286645,70.0,-0.0026154518127441406,9,lag_15__CT_place_EXTENDEDA,CT_place_EXTENDEDA,False,5.6138224601745605,-0.00029183964943513274,-0.0016383359787684182
286645,70.0,-0.0026154518127441406,10,lag_03__CT_place_UNDERA,CT_place_UNDERA,False,-3.054957389831543,-0.0005000540404580534,0.0015276437862124514
286645,70.0,-0.0026154518127441406,11,lag_02__CT_place_UNDERA,CT_place_UNDERA,False,3.054957389831543,-0.00045801213127560914,-0.001399207545072917
286645,70.0,-0.0026154518127441406,12,lag_12__CT4__duck_amount,CT4__duck_amount,False,-3.6725916862487793,-0.00034434933331795037,0.0012646544987088143
286645,70.0,-0.0026154518127441406,13,lag_04__CT4__duck_amount,CT4__duck_amount,False,-2.7523691654205322,-0.00045122753363102674,0.0012419447501547942
286645,70.0,-0.0026154518127441406,14,lag_01__T5__duck_amount,T5__duck_amount,False,-2.541142225265503,-0.0004773600085172802,0.001213039674296361
286645,70.0,-0.0026154518127441406,15,lag_08__T4__duck_amount,T4__duck_amount,False,-3.6976382732391357,-0.00031692429911345243,0.0011718714181213896
286645,70.0,-0.0026154518127441406,16,lag_02__T5__is_walking,T5__is_walking,False,-2.3193888664245605,-0.00048231915570795536,0.0011186856798123257
286645,70.0,-0.0026154518127441406,17,lag_05__CT3__is_walking,CT3__is_walking,False,2.387126922607422,-0.0004328789364080876,-0.001033336963329412
286645,70.0,-0.0026154518127441406,18,lag_03__CT2__is_walking,CT2__is_walking,False,2.360051155090332,0.0004268028133083135,0.0010072764725440886
286645,70.0,-0.0026154518127441406,19,lag_00__CT_velocity_mean,CT_velocity_mean,False,-2.3102715015411377,-0.0004147044091951102,0.0009580797781269176
286645,70.0,-0.0026154518127441406,20,lag_00__bomb_events_last_5s,bomb_events_last_5s,False,4.178802490234375,-0.00022176936909090728,-0.0009267303918147896
288245,95.0,-0.0026105009019374847,1,lag_14__T_place_EXTENDEDA,T_place_EXTENDEDA,False,-9.915559768676758,-0.00136286742053926,0.013513593365139354
288245,95.0,-0.0026105009019374847,2,lag_13__T5__flash_duration,T5__flash_duration,True,2.5242340564727783,0.0016730723436921835,0.004223226188890539
288245,95.0,-0.0026105009019374847,3,lag_02__T2__flash_duration,T2__flash_duration,True,5.729948043823242,0.000621056417003274,0.0035586210017117814
288245,95.0,-0.0026105009019374847,4,lag_13__T2__flash_duration,T2__flash_duration,True,-4.284423828125,-0.0006648051785305142,0.00284830714795703
288245,95.0,-0.0026105009019374847,5,lag_01__T_place_EXTENDEDA,T_place_EXTENDEDA,False,4.957779407501221,-0.0005050901672802866,-0.0025041256302735515
288245,95.0,-0.0026105009019374847,6,lag_04__CT_place_UNDERA,CT_place_UNDERA,False,3.054957389831543,-0.000814255210570991,-0.002487514972742688
288245,95.0,-0.0026105009019374847,7,lag_13__CT4__flash_duration,CT4__flash_duration,True,6.394191265106201,-0.0003647040866781026,-0.0023319876853856586
288245,95.0,-0.0026105009019374847,8,lag_05__T1__duck_amount,T1__duck_amount,False,3.5239322185516357,-0.0006553102284669876,-0.002309268827241251
288245,95.0,-0.0026105009019374847,9,lag_14__CT_place_MIDDOORS,CT_place_MIDDOORS,False,-2.8863234519958496,-0.0006638881168328226,0.0019161958411159363
288245,95.0,-0.0026105009019374847,10,lag_06__T_flashed_players,T_flashed_players,False,-1.9296237230300903,-0.0009744324488565326,0.0018802879698038705
288245,95.0,-0.0026105009019374847,11,lag_01__T_place_SHORTSTAIRS,T_place_SHORTSTAIRS,False,-4.2027058601379395,0.0004471036372706294,-0.0018790450764462618
288245,95.0,-0.0026105009019374847,12,lag_02__CT2__flash_duration,CT2__flash_duration,True,1.451656460762024,-0.0011775253806263208,-0.00170936232649746
288245,95.0,-0.0026105009019374847,13,lag_06__T_bomb_zone_count,T_bomb_zone_count,False,5.821373462677002,-0.00028902318445034325,-0.0016825118960576285
288245,95.0,-0.0026105009019374847,14,lag_02__CT4__flash_duration,CT4__flash_duration,True,-5.912312984466553,-0.0002833537000697106,0.0016752757601187912
288245,95.0,-0.0026105009019374847,15,lag_13__T1__flash_duration,T1__flash_duration,True,4.363584518432617,-0.0003767450398299843,-0.0016439588231983993
288245,95.0,-0.0026105009019374847,16,lag_03__CT_place_UNDERA,CT_place_UNDERA,False,3.054957389831543,-0.0005000540404580534,-0.0015276437862124514
288245,95.0,-0.0026105009019374847,17,lag_01__CT_flashed_players,CT_flashed_players,False,-2.1899399757385254,0.0006684280233457685,-0.0014638172492287826
288245,95.0,-0.0026105009019374847,18,lag_05__CT3__duck_amount,CT3__duck_amount,False,-3.7208433151245117,0.00034184069954790175,-0.001271935681750297
288245,95.0,-0.0026105009019374847,19,lag_02__CT2__is_walking,CT2__is_walking,False,2.360051155090332,0.000537299201823771,0.0012680536018933042
288245,95.0,-0.0026105009019374847,20,lag_13__CT_flash_duration_sum,CT_flash_duration_sum,True,2.8597118854522705,-0.0004400945035740733,-0.0012585434825929942
285365,50.0,0.0026068687438964844,1,lag_01__T_place_TUNNELSTAIRS,T_place_TUNNELSTAIRS,False,6.981647968292236,0.00043473849655129015,0.0030351911411857363
285365,50.0,0.0026068687438964844,2,lag_12__T4__is_scoped,T4__is_scoped,False,4.644811153411865,0.0004442513163667172,0.0020634634691780313
285365,50.0,0.0026068687438964844,3,lag_09__T1__duck_amount,T1__duck_amount,False,-3.915480136871338,0.00046269988524727523,-0.0018116922100183536
285365,50.0,0.0026068687438964844,4,lag_00__T2__is_walking,T2__is_walking,False,-2.2968344688415527,0.0005204839399084449,-0.0011954654536601717
285365,50.0,0.0026068687438964844,5,lag_12__T1__duck_amount,T1__duck_amount,False,-3.35819673538208,0.0003429029311519116,-0.0011515355039472958
285365,50.0,0.0026068687438964844,6,lag_15__T4__flash_duration,T4__flash_duration,True,-1.491737723350525,0.0007304006139747798,-0.0010895661490245637
285365,50.0,0.0026068687438964844,7,lag_13__T3__is_walking,T3__is_walking,False,2.3223767280578613,0.00045917637180536985,0.0010663805199548348
285365,50.0,0.0026068687438964844,8,lag_05__CT3__is_walking,CT3__is_walking,False,-2.387126922607422,-0.0004328789364080876,0.001033336963329412
285365,50.0,0.0026068687438964844,9,lag_05__T4__duck_amount,T4__duck_amount,False,3.6976382732391357,0.0002696894807741046,0.0009972141460003192
285365,50.0,0.0026068687438964844,10,lag_15__T1__duck_amount,T1__duck_amount,False,3.4989144802093506,0.00026156959938816726,0.0009152096588818173
285365,50.0,0.0026068687438964844,11,lag_12__T_scoped_count,T_scoped_count,False,2.8811259269714355,0.00030905642779543996,0.0008904304870186175
285365,50.0,0.0026068687438964844,12,lag_02__T3__is_walking,T3__is_walking,False,-2.3223767280578613,-0.00037754722870886326,0.0008768068976962029
285365,50.0,0.0026068687438964844,13,lag_11__T1__is_walking,T1__is_walking,False,2.281590461730957,0.00038013741141185164,0.0008673178920243774
285365,50.0,0.0026068687438964844,14,lag_09__CT3__is_walking,CT3__is_walking,False,2.387126922607422,-0.00031851293169893324,-0.0007603307944571425
285365,50.0,0.0026068687438964844,15,lag_07__CT3__is_walking,CT3__is_walking,False,-2.387126922607422,0.000310119881760329,-0.0007402955189859117
285365,50.0,0.0026068687438964844,16,lag_14__T2__is_walking,T2__is_walking,False,2.2968344688415527,-0.00031520536867901683,-0.0007239745555458754
285365,50.0,0.0026068687438964844,17,lag_01__T_place_UPPERTUNNEL,T_place_UPPERTUNNEL,False,-2.299117088317871,-0.0002750669955275953,0.0006324112298497497
285365,50.0,0.0026068687438964844,18,lag_11__CT3__is_walking,CT3__is_walking,False,2.387126922607422,-0.0002635791606735438,-0.0006291969106820838
285365,50.0,0.0026068687438964844,19,lag_01__T2__duck_amount,T2__duck_amount,False,-3.8233180046081543,-0.0001628104946576059,0.0006224762955635843
285365,50.0,0.0026068687438964844,20,lag_10__CT3__is_walking,CT3__is_walking,False,-2.387126922607422,0.0002548367774579674,-0.0006083277323404301
287541,84.0,-0.002603381872177124,1,lag_13__T_place_EXTENDEDA,T_place_EXTENDEDA,False,4.957779407501221,-0.001509269466623664,-0.007482625081997152
287541,84.0,-0.002603381872177124,2,lag_06__T5__duck_amount,T5__duck_amount,False,3.7970333099365234,0.0008852121536619961,0.0033611800338152475
287541,84.0,-0.002603381872177124,3,lag_00__CT5__is_scoped,CT5__is_scoped,False,3.5760385990142822,0.0009010074427351356,0.0032220373932199953
287541,84.0,-0.002603381872177124,4,lag_12__T_place_EXTENDEDA,T_place_EXTENDEDA,False,4.957779407501221,-0.0005996045656502247,-0.0029727071682243977
287541,84.0,-0.002603381872177124,5,lag_01__CT_flashed_players,CT_flashed_players,False,4.379879951477051,0.0006684280233457685,0.0029276344984575653
287541,84.0,-0.002603381872177124,6,lag_10__T2__flash_duration,T2__flash_duration,True,-6.016905307769775,-0.00047756219282746315,0.002873446492813736
287541,84.0,-0.002603381872177124,7,lag_00__T5__duck_amount,T5__duck_amount,False,3.7970333099365234,-0.0006162750069051981,-0.002340016729300398
287541,84.0,-0.002603381872177124,8,lag_10__T_place_EXTENDEDA,T_place_EXTENDEDA,False,4.957779884338379,-0.00046461186138913035,-0.0023034433404200416
287541,84.0,-0.002603381872177124,9,lag_10__T1__flash_duration,T1__flash_duration,True,-6.376111030578613,-0.00035338991438038647,0.002253253331176014
287541,84.0,-0.002603381872177124,10,lag_01__T2__flash_duration,T2__flash_duration,True,5.5919060707092285,0.0003978577151428908,0.002224782972586034
287541,84.0,-0.002603381872177124,11,lag_01__CT5__flash_duration,CT5__flash_duration,True,2.820796251296997,0.0007453853613696992,0.002102580233123305
287541,84.0,-0.002603381872177124,12,lag_12__T4__is_scoped,T4__is_scoped,False,-4.644811153411865,0.0004442513163667172,-0.0020634634691780313
287541,84.0,-0.002603381872177124,13,lag_09__CT_place_BDOORS,CT_place_BDOORS,False,-4.810471534729004,0.0004229834012221545,-0.0020347496112420316
287541,84.0,-0.002603381872177124,14,lag_11__T4__is_scoped,T4__is_scoped,False,4.644811153411865,0.0003981733461841941,0.0018494399993476685
287541,84.0,-0.002603381872177124,15,lag_01__T5__duck_amount,T5__duck_amount,False,-3.7970333099365234,-0.0004773600085172802,0.0018125518531716955
287541,84.0,-0.002603381872177124,16,lag_02__CT_place_MIDDOORS,CT_place_MIDDOORS,False,-2.8863232135772705,0.0006204587407410145,-0.0017908444664677114
287541,84.0,-0.002603381872177124,17,lag_11__T5__duck_amount,T5__duck_amount,False,3.7970333099365234,-0.00042469444451853633,-0.0016125789523818712
287541,84.0,-0.002603381872177124,18,lag_06__T2__is_walking,T2__is_walking,False,2.2968344688415527,0.000674963986966759,0.0015502805504919726
287541,84.0,-0.002603381872177124,19,lag_11__CT5__is_scoped,CT5__is_scoped,False,3.5760385990142822,0.0004088018322363496,0.0014618911314249472
287541,84.0,-0.002603381872177124,20,lag_10__CT5__is_scoped,CT5__is_scoped,False,-3.5760385990142822,0.0003877825220115483,-0.0013867252667364022
284725,40.0,0.002576589584350586,1,lag_15__CT_place_BDOORS,CT_place_BDOORS,False,4.810472011566162,0.0010155809577554464,0.004885423772762132
284725,40.0,0.002576589584350586,2,lag_02__T_shots_fired_sum,T_shots_fired_sum,False,3.748685598373413,-0.0005697038141079247,-0.0021356404832847814
284725,40.0,0.002576589584350586,3,lag_15__T4__is_scoped,T4__is_scoped,False,4.644811153411865,-0.000439187278971076,-0.002039941971801462
284725,40.0,0.002576589584350586,4,lag_09__T_place_TUNNELSTAIRS,T_place_TUNNELSTAIRS,False,-6.981647968292236,-0.00026605933089740574,0.0018575325870050646
284725,40.0,0.002576589584350586,5,lag_11__T4__duck_amount,T4__duck_amount,False,3.6976382732391357,0.00047953365719877183,0.0017731420041645143
284725,40.0,0.002576589584350586,6,lag_10__CT_place_LONGA,CT_place_LONGA,False,-2.67120623588562,-0.0006461833836510777,0.001726089083934429
284725,40.0,0.002576589584350586,7,lag_10__CT_place_ARAMP,CT_place_ARAMP,False,6.229295253753662,-0.0002730042615439743,-0.0017006241506904024
284725,40.0,0.002576589584350586,8,lag_11__T_place_LOWERTUNNEL,T_place_LOWERTUNNEL,False,4.32400369644165,-0.00038801980554126203,-0.0016777990734529874
284725,40.0,0.002576589584350586,9,lag_14__CT_place_LONGA,CT_place_LONGA,False,2.67120623588562,-0.000521466601639986,-0.0013929448381068132
284725,40.0,0.002576589584350586,10,lag_00__T3__is_walking,T3__is_walking,False,-2.3223767280578613,-0.0005952675710432231,0.001382435553958311
284725,40.0,0.002576589584350586,11,lag_15__T4__duck_amount,T4__duck_amount,False,2.11084246635437,0.0006193987792357802,0.0013074532468189404
284725,40.0,0.002576589584350586,12,lag_12__CT3__is_walking,CT3__is_walking,False,-2.387126922607422,-0.00046075513819232583,0.0010998809951086042
284725,40.0,0.002576589584350586,13,lag_03__T_shots_fired_sum,T_shots_fired_sum,False,2.249211311340332,-0.0004776092537213117,-0.0010742441358707888
284725,40.0,0.002576589584350586,14,lag_15__CT5__duck_amount,CT5__duck_amount,False,-2.856060266494751,0.0003676873166114092,-0.0010501371354679212
284725,40.0,0.002576589584350586,15,lag_07__T1__is_walking,T1__is_walking,False,2.281590461730957,-0.00041731903911568224,-0.0009521511391450688
284725,40.0,0.002576589584350586,16,lag_01__T_shots_fired_sum,T_shots_fired_sum,False,-5.997896671295166,-0.0001549008156871423,0.0009290790867908169
284725,40.0,0.002576589584350586,17,lag_02__T3__is_walking,T3__is_walking,False,2.3223767280578613,-0.00037754722870886326,-0.0008768068976962029
284725,40.0,0.002576589584350586,18,lag_09__T2__is_walking,T2__is_walking,False,-2.2968344688415527,0.00036144626210443676,-0.0008301822334354086
284725,40.0,0.002576589584350586,19,lag_13__CT4__is_walking,CT4__is_walking,False,-2.384641170501709,-0.00032909479341469705,0.0007847729933744413
284725,40.0,0.002576589584350586,20,lag_14__T_flashed_players,T_flashed_players,False,1.9296237230300903,-0.00040006221388466656,-0.0007719695385997906
286261,64.0,-0.002550840377807617,1,lag_14__CT_place_BDOORS,CT_place_BDOORS,False,-4.810472011566162,0.0018926759948953986,-0.009104664900407455
286261,64.0,-0.002550840377807617,2,lag_00__CT4__duck_amount,CT4__duck_amount,False,-3.6725916862487793,0.001109681325033307,-0.004075406408702853
286261,64.0,-0.002550840377807617,3,lag_05__T_place_LOWERTUNNEL,T_place_LOWERTUNNEL,False,-4.32400369644165,-0.00038830353878438473,0.0016790259370450533
286261,64.0,-0.002550840377807617,4,lag_03__CT3__is_walking,CT3__is_walking,False,2.387126922607422,0.0006463254103437066,0.0015428607877967515
286261,64.0,-0.002550840377807617,5,lag_15__CT_B_site_active_infernos,CT_B_site_active_infernos,True,-3.435478687286377,-0.0004294572281651199,0.0014753911544623521
286261,64.0,-0.002550840377807617,6,lag_02__CT4__duck_amount,CT4__duck_amount,False,2.5665571689605713,0.0005105601740069687,0.0013103818747833423
286261,64.0,-0.002550840377807617,7,lag_02__T5__duck_amount,T5__duck_amount,False,-3.7970333099365234,-0.0003271304885856807,0.0012421253618556394
286261,64.0,-0.002550840377807617,8,lag_01__T4__duck_amount,T4__duck_amount,False,3.6976382732391357,0.00031122477957978845,0.0011507966565546396
286261,64.0,-0.002550840377807617,9,lag_11__T2__is_walking,T2__is_walking,False,-2.2968344688415527,-0.00048056713421829045,0.0011037831584649743
286261,64.0,-0.002550840377807617,10,lag_12__CT3__is_walking,CT3__is_walking,False,2.387126922607422,-0.00046075513819232583,-0.0010998809951086042
286261,64.0,-0.002550840377807617,11,lag_11__CT_walking_count,CT_walking_count,False,-1.7948952913284302,0.0005954737425781786,-0.0010688130166632906
286261,64.0,-0.002550840377807617,12,lag_12__CT2__is_walking,CT2__is_walking,False,2.360051155090332,0.0004432745336089283,0.0010461505750658795
286261,64.0,-0.002550840377807617,13,lag_05__T4__duck_amount,T4__duck_amount,False,-3.6976382732391357,0.0002696894807741046,-0.0009972141460003192
286261,64.0,-0.002550840377807617,14,lag_03__T2__is_walking,T2__is_walking,False,2.2968344688415527,-0.00040741125121712685,-0.0009357562047893619
286261,64.0,-0.002550840377807617,15,lag_08__CT2__duck_amount,CT2__duck_amount,False,-2.294684410095215,-0.0003993554855696857,0.0009163948068227623
286261,64.0,-0.002550840377807617,16,lag_11__CT2__is_walking,CT2__is_walking,False,-2.360051155090332,0.0003764344728551805,-0.000888404612477689
286261,64.0,-0.002550840377807617,17,lag_11__T1__is_walking,T1__is_walking,False,-2.281590461730957,0.00038013741141185164,-0.0008673178920243774
286261,64.0,-0.002550840377807617,18,lag_15__CT_B_site_active_smokes,CT_B_site_active_smokes,True,1.6612231731414795,0.0004894139128737152,0.0008130257333236607
286261,64.0,-0.002550840377807617,19,lag_02__CT3__is_walking,CT3__is_walking,False,-2.387126922607422,0.00033928468474186957,-0.0008099156053756884
286261,64.0,-0.002550840377807617,20,lag_14__T_place_CATWALK,T_place_CATWALK,False,-2.8785855770111084,0.00027293269522488117,-0.0007856601199691116
287989,91.0,-0.0024316757917404175,1,lag_06__T_place_EXTENDEDA,T_place_EXTENDEDA,False,-9.915559768676758,-0.0006772736669518054,0.006715547524411503
287989,91.0,-0.0024316757917404175,2,lag_05__CT4__flash_duration,CT4__flash_duration,True,6.394191265106201,-0.0005349479033611715,-0.003420559210958879
287989,91.0,-0.0024316757917404175,3,lag_09__T5__duck_amount,T5__duck_amount,False,3.4930522441864014,0.0007256350945681334,0.00253468129554163
287989,91.0,-0.0024316757917404175,4,lag_15__T2__flash_duration,T2__flash_duration,True,5.5919060707092285,0.00038499131915159523,0.0021528352947341595
287989,91.0,-0.0024316757917404175,5,lag_15__T_flash_duration_sum,T_flash_duration_sum,True,3.1637492179870605,0.0006483314791694283,0.002051158210218673
287989,91.0,-0.0024316757917404175,6,lag_15__CT_flashed_players,CT_flashed_players,False,4.379879951477051,-0.0004429650725796819,-0.0019401338405963253
287989,91.0,-0.0024316757917404175,7,lag_13__T5__flash_duration,T5__flash_duration,True,-1.0678123235702515,0.0016730723436921835,-0.0017865272668190768
287989,91.0,-0.0024316757917404175,8,lag_08__T_place_EXTENDEDA,T_place_EXTENDEDA,False,4.957779884338379,-0.00035777021548710763,-0.0017737459775573894
287989,91.0,-0.0024316757917404175,9,lag_03__T_kills_last_3s,T_kills_last_3s,False,-3.1681017875671387,-0.000521892390679568,0.001653408215829627
287989,91.0,-0.0024316757917404175,10,lag_09__CT5__is_scoped,CT5__is_scoped,False,-3.5760385990142822,0.0004505130054894835,-0.0016110518969883261
287989,91.0,-0.0024316757917404175,11,lag_08__T_place_SHORTSTAIRS,T_place_SHORTSTAIRS,False,-4.2027058601379395,0.0003702975809574127,-0.0015562518134846215
287989,91.0,-0.0024316757917404175,12,lag_09__T4__is_scoped,T4__is_scoped,False,-4.644811153411865,-0.0003331555053591728,0.0015474444071128524
287989,91.0,-0.0024316757917404175,13,lag_05__CT_flash_duration_sum,CT_flash_duration_sum,True,2.8597118854522705,-0.0005192717653699219,-0.0014849676392081484
287989,91.0,-0.0024316757917404175,14,lag_06__CT_place_MIDDOORS,CT_place_MIDDOORS,False,-2.8863234519958496,0.000514211889822036,-0.0014841818368884485
287989,91.0,-0.0024316757917404175,15,lag_10__CT5__is_scoped,CT5__is_scoped,False,3.5760385990142822,0.0003877825220115483,0.0013867252667364022
287989,91.0,-0.0024316757917404175,16,lag_00__T3__is_walking,T3__is_walking,False,2.3223767280578613,-0.0005952675710432231,-0.001382435553958311
287989,91.0,-0.0024316757917404175,17,lag_12__T2__is_walking,T2__is_walking,False,2.2968344688415527,-0.0005905634607188404,-0.001356426512617387
287989,91.0,-0.0024316757917404175,18,lag_08__T_shots_fired_sum,T_shots_fired_sum,False,-5.248159408569336,-0.00024086161283776164,0.0012640801395776835
287989,91.0,-0.0024316757917404175,19,lag_05__T1__flash_duration,T1__flash_duration,True,4.363584518432617,-0.00028549961280077696,-0.001245801690435977
287989,91.0,-0.0024316757917404175,20,lag_08__T5__duck_amount,T5__duck_amount,False,-3.4930522441864014,0.00034443146432749927,-0.0012031170994375798
287381,81.5,0.002360731363296509,1,lag_08__T4__is_scoped,T4__is_scoped,False,4.644811153411865,-0.0007313731475733221,-0.0033970901531545084
287381,81.5,0.002360731363296509,2,lag_06__T5__duck_amount,T5__duck_amount,False,3.7970333099365234,0.0008852121536619961,0.0033611800338152475
287381,81.5,0.002360731363296509,3,lag_05__T_place_EXTENDEDA,T_place_EXTENDEDA,False,4.957779884338379,-0.0005848931614309549,-0.0028997715502294685
287381,81.5,0.002360731363296509,4,lag_12__CT_place_BDOORS,CT_place_BDOORS,False,4.810471534729004,0.0005382957751862705,0.0025894565037984374
287381,81.5,0.002360731363296509,5,lag_03__T5__flash_duration,T5__flash_duration,True,-7.5368523597717285,-0.0003341161063872278,0.0025181837648623195
287381,81.5,0.002360731363296509,6,lag_00__CT_place_MIDDOORS,CT_place_MIDDOORS,False,2.8863232135772705,-0.0006399024277925491,-0.0018469652317620877
287381,81.5,0.002360731363296509,7,lag_06__T2__duck_amount,T2__duck_amount,False,2.4834837913513184,0.0007415868458338082,0.0018417189115076116
287381,81.5,0.002360731363296509,8,lag_05__T1__flash_duration,T1__flash_duration,True,-6.376111030578613,-0.00028549961280077696,0.001820377230404957
287381,81.5,0.002360731363296509,9,lag_01__T5__duck_amount,T5__duck_amount,False,3.7970333099365234,-0.0004773600085172802,-0.0018125518531716955
287381,81.5,0.002360731363296509,10,lag_08__T_place_EXTENDEDA,T_place_EXTENDEDA,False,4.957779407501221,-0.00035777021548710763,-0.0017737458069592565
287381,81.5,0.002360731363296509,11,lag_00__CT_place_BDOORS,CT_place_BDOORS,False,-4.810472011566162,-0.00035675306571647525,0.001716150637669528
287381,81.5,0.002360731363296509,12,lag_15__CT_place_LONGA,CT_place_LONGA,False,2.67120623588562,-0.0006170849082991481,-0.0016483610551195904
287381,81.5,0.002360731363296509,13,lag_08__T_place_SHORTSTAIRS,T_place_SHORTSTAIRS,False,-4.202706336975098,0.0003702975809574127,-0.0015562519900562677
287381,81.5,0.002360731363296509,14,lag_07__T2__duck_amount,T2__duck_amount,False,-2.0783631801605225,0.0007288124179467559,-0.0015147368947042994
287381,81.5,0.002360731363296509,15,lag_08__T2__duck_amount,T2__duck_amount,False,2.0783631801605225,-0.0007068535778671503,-0.001469098450003814
287381,81.5,0.002360731363296509,16,lag_04__CT_place_MIDDOORS,CT_place_MIDDOORS,False,2.8863234519958496,0.0005027591832913458,0.0014511256214400914
287381,81.5,0.002360731363296509,17,lag_07__CT5__is_walking,CT5__is_walking,False,-2.396676540374756,-0.0005758673651143909,0.0013801678043370846
287381,81.5,0.002360731363296509,18,lag_04__CT3__is_walking,CT3__is_walking,False,-2.387126922607422,-0.0005710183177143335,0.001363093199517884
287381,81.5,0.002360731363296509,19,lag_12__T2__is_walking,T2__is_walking,False,-2.2968344688415527,-0.0005905634607188404,0.001356426512617387
287381,81.5,0.002360731363296509,20,lag_02__T5__duck_amount,T5__duck_amount,False,-3.7970333099365234,-0.0003271304885856807,0.0012421253618556394
283893,27.0,0.0022915005683898926,1,lag_11__CT2__flash_duration,CT2__flash_duration,True,-8.07532024383545,-0.00025836520944721997,0.0020863818061519213
283893,27.0,0.0022915005683898926,2,lag_12__T4__is_scoped,T4__is_scoped,False,-4.644811153411865,0.0004442513163667172,-0.0020634634691780313
283893,27.0,0.0022915005683898926,3,lag_06__T2__is_walking,T2__is_walking,False,-2.2968344688415527,0.000674963986966759,-0.0015502805504919726
283893,27.0,0.0022915005683898926,4,lag_00__T3__is_walking,T3__is_walking,False,2.3223767280578613,-0.0005952675710432231,-0.001382435553958311
283893,27.0,0.0022915005683898926,5,lag_12__T1__is_walking,T1__is_walking,False,-2.281590461730957,0.0005943257710896432,-0.0013560080104790262
283893,27.0,0.0022915005683898926,6,lag_12__CT4__duck_amount,CT4__duck_amount,False,3.6725916862487793,-0.00034434933331795037,-0.0012646544987088143
283893,27.0,0.0022915005683898926,7,lag_05__T_shots_fired_sum,T_shots_fired_sum,False,3.748685359954834,-0.00031963145011104643,-0.0011981977376124137
283893,27.0,0.0022915005683898926,8,lag_06__T4__is_walking,T4__is_walking,False,2.307980537414551,0.0005145688774064183,0.0011876149542132675
283893,27.0,0.0022915005683898926,9,lag_11__CT_flash_duration_sum,CT_flash_duration_sum,True,-3.6664235591888428,-0.00031882087932899594,0.0011689323831331339
283893,27.0,0.0022915005683898926,10,lag_12__CT3__is_walking,CT3__is_walking,False,2.387126922607422,-0.00046075513819232583,-0.0010998809951086042
283893,27.0,0.0022915005683898926,11,lag_07__T3__shots_fired,T3__shots_fired,False,-8.477989196777344,0.00012203949881950393,-0.0010346495525718757
283893,27.0,0.0022915005683898926,12,lag_03__CT2__is_walking,CT2__is_walking,False,2.360051155090332,0.0004268028133083135,0.0010072764725440886
283893,27.0,0.0022915005683898926,13,lag_08__T_shots_fired_sum,T_shots_fired_sum,False,3.748684883117676,-0.00024086161283776164,-0.0009029142869682594
283893,27.0,0.0022915005683898926,14,lag_13__T4__is_walking,T4__is_walking,False,-2.307980537414551,-0.0003898956929333508,0.0008998716709119337
283893,27.0,0.0022915005683898926,15,lag_12__T_scoped_count,T_scoped_count,False,-2.8811259269714355,0.00030905642779543996,-0.0008904304870186175
283893,27.0,0.0022915005683898926,16,lag_05__T3__is_walking,T3__is_walking,False,-2.3223767280578613,0.00037997859180904925,-0.0008824534387775335
283893,27.0,0.0022915005683898926,17,lag_15__T5__is_walking,T5__is_walking,False,-2.3193888664245605,0.0003771537740249187,-0.000874766264403401
283893,27.0,0.0022915005683898926,18,lag_11__T1__is_walking,T1__is_walking,False,2.281590461730957,0.00038013741141185164,0.0008673178920243774
283893,27.0,0.0022915005683898926,19,lag_11__CT_flashed_players,CT_flashed_players,False,-2.1899399757385254,-0.00039488752372562885,0.00086477997412715
283893,27.0,0.0022915005683898926,20,lag_15__CT3__is_walking,CT3__is_walking,False,-2.387126922607422,-0.0003520298341754824,0.0008403398947213203
288117,93.0,-0.0022859498858451843,1,lag_03__T_place_EXTENDEDA,T_place_EXTENDEDA,False,-4.957779407501221,-0.0009837003890424967,0.0048769695319458295
288117,93.0,-0.0022859498858451843,2,lag_10__T_place_EXTENDEDA,T_place_EXTENDEDA,False,-9.915559768676758,-0.00046461186138913035,0.004606886680840083
288117,93.0,-0.0022859498858451843,3,lag_12__T_place_EXTENDEDA,T_place_EXTENDEDA,False,4.957779884338379,-0.0005996045656502247,-0.002972707454138135
288117,93.0,-0.0022859498858451843,4,lag_09__T2__flash_duration,T2__flash_duration,True,-4.284423828125,-0.0005247771041467786,0.002248367529460893
288117,93.0,-0.0022859498858451843,5,lag_12__T5__duck_amount,T5__duck_amount,False,-3.4930522441864014,0.0005918170209042728,-0.0020672477730173805
288117,93.0,-0.0022859498858451843,6,lag_13__CT_place_LONGA,CT_place_LONGA,False,-2.67120623588562,-0.0007634808425791562,0.0020394147876766494
288117,93.0,-0.0022859498858451843,7,lag_00__CT_place_UNDERA,CT_place_UNDERA,False,3.054957389831543,-0.0006618418265134096,-0.0020218985788067467
288117,93.0,-0.0022859498858451843,8,lag_09__CT4__flash_duration,CT4__flash_duration,True,6.394191265106201,-0.00028248969465494156,-0.0018062931380451452
288117,93.0,-0.0022859498858451843,9,lag_03__CT3__is_walking,CT3__is_walking,False,-2.387126922607422,0.0006463254103437066,-0.0015428607877967515
288117,93.0,-0.0022859498858451843,10,lag_09__CT_flash_duration_sum,CT_flash_duration_sum,True,2.8597118854522705,-0.0005110499332658947,-0.0014614555682200686
288117,93.0,-0.0022859498858451843,11,lag_00__T3__is_walking,T3__is_walking,False,-2.3223767280578613,-0.0005952675710432231,0.001382435553958311
288117,93.0,-0.0022859498858451843,12,lag_02__T_bomb_zone_count,T_bomb_zone_count,False,5.821373462677002,-0.00022239217651076615,-0.0012946279146467538
288117,93.0,-0.0022859498858451843,13,lag_13__T_shots_fired_sum,T_shots_fired_sum,False,5.248159408569336,0.00024284124083351344,0.0012744695428690556
288117,93.0,-0.0022859498858451843,14,lag_09__CT_flashed_players,CT_flashed_players,False,2.1899399757385254,-0.0005664190975949168,-0.0012404238248448496
288117,93.0,-0.0022859498858451843,15,lag_11__CT4__is_walking,CT4__is_walking,False,2.384641170501709,0.0005132672376930714,0.0012239581864725846
288117,93.0,-0.0022859498858451843,16,lag_06__T4__is_walking,T4__is_walking,False,-2.307980537414551,0.0005145688774064183,-0.0011876149542132675
288117,93.0,-0.0022859498858451843,17,lag_13__T4__is_scoped,T4__is_scoped,False,-4.644811153411865,0.0002536869724281132,-0.0011783280790093886
288117,93.0,-0.0022859498858451843,18,lag_05__CT2__is_walking,CT2__is_walking,False,2.360051155090332,-0.0004760352603625506,-0.0011234675660823645
288117,93.0,-0.0022859498858451843,19,lag_02__T5__is_walking,T5__is_walking,False,-2.3193888664245605,-0.00048231915570795536,0.0011186856798123257
288117,93.0,-0.0022859498858451843,20,lag_13__CT_place_MIDDOORS,CT_place_MIDDOORS,False,2.8863234519958496,-0.00036237164749763906,-0.0010459217845108087
288021,91.5,-0.0021642111241817474,1,lag_06__T2__flash_duration,T2__flash_duration,True,-4.284423828125,-0.001094106468372047,0.00468761582359889
288021,91.5,-0.0021642111241817474,2,lag_06__CT4__flash_duration,CT4__flash_duration,True,6.394191265106201,-0.0006167448009364307,-0.003943584218947388
288021,91.5,-0.0021642111241817474,3,lag_06__T_flashed_players,T_flashed_players,False,3.8592472076416016,-0.0009744324488565326,-0.003760575707284941
288021,91.5,-0.0021642111241817474,4,lag_07__CT_place_MIDDOORS,CT_place_MIDDOORS,False,-2.8863234519958496,0.0010612879414111376,-0.0030632202746153636
288021,91.5,-0.0021642111241817474,5,lag_09__T5__duck_amount,T5__duck_amount,False,-3.4930522441864014,0.0007256350945681334,-0.00253468129554163
288021,91.5,-0.0021642111241817474,6,lag_06__CT_flashed_players,CT_flashed_players,False,2.1899399757385254,-0.001081768306903541,-0.0023690076597750465
288021,91.5,-0.0021642111241817474,7,lag_06__CT_flash_duration_sum,CT_flash_duration_sum,True,2.8597118854522705,-0.0008011011523194611,-0.0022909184867374727
288021,91.5,-0.0021642111241817474,8,lag_00__T_damage_last_5s,T_damage_last_5s,False,-1.5106167793273926,-0.0014269443927332759,0.0021555661428300232
288021,91.5,-0.0021642111241817474,9,lag_00__T_place_EXTENDEDA,T_place_EXTENDEDA,False,-4.957779407501221,-0.00041461060754954815,0.00205554793224072
288021,91.5,-0.0021642111241817474,10,lag_00__damage_diff_last_5s,damage_diff_last_5s,False,1.421266794204712,0.00140280369669199,0.0019937583128959435
288021,91.5,-0.0021642111241817474,11,lag_09__T_place_SHORTSTAIRS,T_place_SHORTSTAIRS,False,-4.2027058601379395,-0.0004627402813639492,0.0019447612922101482
288021,91.5,-0.0021642111241817474,12,lag_10__CT_place_LONGA,CT_place_LONGA,False,-2.67120623588562,-0.0006461833836510777,0.001726089083934429
288021,91.5,-0.0021642111241817474,13,lag_14__T_flashed_players,T_flashed_players,False,-3.8592472076416016,-0.00040006221388466656,0.0015439389818173166
288021,91.5,-0.0021642111241817474,14,lag_11__CT5__is_scoped,CT5__is_scoped,False,3.5760385990142822,0.0004088018322363496,0.0014618911314249472
288021,91.5,-0.0021642111241817474,15,lag_04__T_kills_last_3s,T_kills_last_3s,False,-3.1681017875671387,-0.00044814517605118454,0.0014197695333373478
288021,91.5,-0.0021642111241817474,16,lag_10__CT5__is_scoped,CT5__is_scoped,False,-3.5760385990142822,0.0003877825220115483,-0.0013867252667364022
288021,91.5,-0.0021642111241817474,17,lag_02__CT2__is_walking,CT2__is_walking,False,2.360051155090332,0.000537299201823771,0.0012680536018933042
288021,91.5,-0.0021642111241817474,18,lag_10__T4__is_scoped,T4__is_scoped,False,-4.644811153411865,0.00026905551203526556,-0.0012497120431883418
288021,91.5,-0.0021642111241817474,19,lag_07__CT_macro_MID,CT_macro_MID,False,-1.7316291332244873,0.0006673819152638316,-0.001155657967458007
288021,91.5,-0.0021642111241817474,20,lag_10__T5__duck_amount,T5__duck_amount,False,3.4930522441864014,0.00031917812884785235,0.001114905879267207
286325,65.0,-0.0021324455738067627,1,lag_04__T5__duck_amount,T5__duck_amount,False,-3.7970333099365234,0.0010109859285876155,-0.0038387472467242834
286325,65.0,-0.0021324455738067627,2,lag_02__CT4__duck_amount,CT4__duck_amount,False,-3.6725916862487793,0.0005105601740069687,-0.0018750790503877235
286325,65.0,-0.0021324455738067627,3,lag_06__T2__is_walking,T2__is_walking,False,-2.2968344688415527,0.000674963986966759,-0.0015502805504919726
286325,65.0,-0.0021324455738067627,4,lag_07__CT5__is_walking,CT5__is_walking,False,-2.396676540374756,-0.0005758673651143909,0.0013801678043370846
286325,65.0,-0.0021324455738067627,5,lag_04__CT3__is_walking,CT3__is_walking,False,-2.387126922607422,-0.0005710183177143335,0.001363093199517884
286325,65.0,-0.0021324455738067627,6,lag_12__T2__is_walking,T2__is_walking,False,2.2968344688415527,-0.0005905634607188404,-0.001356426512617387
286325,65.0,-0.0021324455738067627,7,lag_07__CT5__is_scoped,CT5__is_scoped,False,3.5760385990142822,0.0003665765398181975,0.0013108918558829702
286325,65.0,-0.0021324455738067627,8,lag_00__T2__is_walking,T2__is_walking,False,-2.2968344688415527,0.0005204839399084449,-0.0011954654536601717
286325,65.0,-0.0021324455738067627,9,lag_07__T_place_LOWERTUNNEL,T_place_LOWERTUNNEL,False,-4.32400369644165,-0.00027643091743811965,0.001195288308813186
286325,65.0,-0.0021324455738067627,10,lag_04__CT4__duck_amount,CT4__duck_amount,False,2.5665571689605713,-0.00045122753363102674,-0.001158101261273109
286325,65.0,-0.0021324455738067627,11,lag_01__T4__duck_amount,T4__duck_amount,False,-3.6976382732391357,0.00031122477957978845,-0.0011507966565546396
286325,65.0,-0.0021324455738067627,12,lag_12__CT3__is_walking,CT3__is_walking,False,2.387126922607422,-0.00046075513819232583,-0.0010998809951086042
286325,65.0,-0.0021324455738067627,13,lag_05__CT_place_EXTENDEDA,CT_place_EXTENDEDA,False,5.6138224601745605,0.00018847803585231304,0.001058082230917301
286325,65.0,-0.0021324455738067627,14,lag_12__CT_active_infernos,CT_active_infernos,True,-2.304276466369629,-0.0004556126659736037,0.0010498575439829017
286325,65.0,-0.0021324455738067627,15,lag_05__CT3__is_walking,CT3__is_walking,False,2.387126922607422,-0.0004328789364080876,-0.001033336963329412
286325,65.0,-0.0021324455738067627,16,lag_10__CT2__is_walking,CT2__is_walking,False,2.360051155090332,0.00041542656254023314,0.0009804279387782833
286325,65.0,-0.0021324455738067627,17,lag_13__T1__duck_amount,T1__duck_amount,False,2.9484851360321045,0.00032753110281191766,0.0009657205882291423
286325,65.0,-0.0021324455738067627,18,lag_03__T2__is_walking,T2__is_walking,False,2.2968344688415527,-0.00040741125121712685,-0.0009357562047893619
286325,65.0,-0.0021324455738067627,19,lag_00__T2__smoke,T2__smoke,True,2.196101427078247,0.000398281350499019,0.0008746662422095472
286325,65.0,-0.0021324455738067627,20,lag_03__T4__duck_amount,T4__duck_amount,False,3.6976382732391357,0.00022801019076723605,0.0008430992080694887
284757,40.5,0.0021253228187561035,1,lag_00__CT4__duck_amount,CT4__duck_amount,False,-3.6725916862487793,0.001109681325033307,-0.004075406408702853
284757,40.5,0.0021253228187561035,2,lag_02__T_shots_fired_sum,T_shots_fired_sum,False,-5.997896671295166,-0.0005697038141079247,0.0034170246102620816
284757,40.5,0.0021253228187561035,3,lag_02__CT4__duck_amount,CT4__duck_amount,False,3.6725916862487793,0.0005105601740069687,0.0018750790503877235
284757,40.5,0.0021253228187561035,4,lag_03__T_shots_fired_sum,T_shots_fired_sum,False,3.748685598373413,-0.0004776092537213117,-0.0017904069310749546
284757,40.5,0.0021253228187561035,5,lag_11__T_place_LOWERTUNNEL,T_place_LOWERTUNNEL,False,-4.32400369644165,-0.00038801980554126203,0.0016777990734529874
284757,40.5,0.0021253228187561035,6,lag_15__CT_place_LONGA,CT_place_LONGA,False,2.67120623588562,-0.0006170849082991481,-0.0016483610551195904
284757,40.5,0.0021253228187561035,7,lag_06__T2__is_walking,T2__is_walking,False,2.2968344688415527,0.000674963986966759,0.0015502805504919726
284757,40.5,0.0021253228187561035,8,lag_04__T1__is_walking,T1__is_walking,False,-2.281590461730957,0.0005284955259412527,-0.0012058103510550477
284757,40.5,0.0021253228187561035,9,lag_00__T2__is_walking,T2__is_walking,False,-2.2968344688415527,0.0005204839399084449,-0.0011954654536601717
284757,40.5,0.0021253228187561035,10,lag_15__CT_place_ARAMP,CT_place_ARAMP,False,-6.229295253753662,0.00018064457981381565,-0.0011252884236505264
284757,40.5,0.0021253228187561035,11,lag_12__T3__is_walking,T3__is_walking,False,-2.3223767280578613,0.0004784365592058748,-0.0011111099309518008
284757,40.5,0.0021253228187561035,12,lag_11__T2__is_walking,T2__is_walking,False,2.2968344688415527,-0.00048056713421829045,-0.0011037831584649743
284757,40.5,0.0021253228187561035,13,lag_12__T_place_TUNNELSTAIRS,T_place_TUNNELSTAIRS,False,-6.981647968292236,0.0001460215717088431,-0.0010194712094478836
284757,40.5,0.0021253228187561035,14,lag_11__CT_place_LONGA,CT_place_LONGA,False,-2.67120623588562,-0.0003701031091623008,0.0009886217331149943
284757,40.5,0.0021253228187561035,15,lag_07__T1__is_walking,T1__is_walking,False,-2.281590461730957,-0.00041731903911568224,0.0009521511391450688
284757,40.5,0.0021253228187561035,16,lag_12__T_place_LOWERTUNNEL,T_place_LOWERTUNNEL,False,4.32400369644165,-0.00021127890795469284,-0.0009135707789762471
284757,40.5,0.0021253228187561035,17,lag_05__T3__is_walking,T3__is_walking,False,2.3223767280578613,0.00037997859180904925,0.0008824534387775335
284757,40.5,0.0021253228187561035,18,lag_15__T5__is_walking,T5__is_walking,False,2.3193888664245605,0.0003771537740249187,0.000874766264403401
284757,40.5,0.0021253228187561035,19,lag_15__CT3__is_walking,CT3__is_walking,False,2.387126922607422,-0.0003520298341754824,-0.0008403398947213203
284757,40.5,0.0021253228187561035,20,lag_13__T2__flash_duration,T2__flash_duration,True,-1.2390564680099487,-0.0006648051785305142,0.0008237311564247424
282741,9.0,-0.002093970775604248,1,lag_01__T_he_last_5s,T_he_last_5s,True,-13.051742553710938,0.0002706409140955657,-0.003532335535276321
282741,9.0,-0.002093970775604248,2,lag_00__CT_place_BDOORS,CT_place_BDOORS,False,-9.620943069458008,-0.00035675306571647525,0.0034323009351128198
282741,9.0,-0.002093970775604248,3,lag_08__T4__is_scoped,T4__is_scoped,False,-4.644811153411865,-0.0007313731475733221,0.0033970901531545084
282741,9.0,-0.002093970775604248,4,lag_00__CT_place_HOLE,CT_place_HOLE,False,11.164148330688477,0.00027073625824414194,0.0030225397455331815
282741,9.0,-0.002093970775604248,5,lag_01__CT_place_UNDERA,CT_place_UNDERA,False,3.054957389831543,-0.0009031278314068913,-0.0027590170425190186
282741,9.0,-0.002093970775604248,6,lag_14__CT_place_UNDERA,CT_place_UNDERA,False,6.1099138259887695,-0.0003761595580726862,-0.002298302484646131
282741,9.0,-0.002093970775604248,7,lag_04__CT5__is_scoped,CT5__is_scoped,False,3.5760385990142822,0.0005739782354794443,0.0020525683250686017
282741,9.0,-0.002093970775604248,8,lag_00__CT_place_UNDERA,CT_place_UNDERA,False,-3.054957389831543,-0.0006618418265134096,0.0020218985788067467
282741,9.0,-0.002093970775604248,9,lag_03__CT_place_MIDDOORS,CT_place_MIDDOORS,False,-2.8863234519958496,0.0005262577906250954,-0.0015189502028767343
282741,9.0,-0.002093970775604248,10,lag_04__CT_place_MIDDOORS,CT_place_MIDDOORS,False,-2.8863232135772705,0.0005027591832913458,-0.0014511255015729613
282741,9.0,-0.002093970775604248,11,lag_02__CT_place_UNDERA,CT_place_UNDERA,False,-3.054957389831543,-0.00045801213127560914,0.001399207545072917
282741,9.0,-0.002093970775604248,12,lag_08__CT_place_UNDERA,CT_place_UNDERA,False,-3.054957389831543,-0.0004104870022274554,0.0012540203008845618
282741,9.0,-0.002093970775604248,13,lag_08__T_scoped_count,T_scoped_count,False,-2.8811259269714355,-0.0004265274910721928,0.0012288794130941721
282741,9.0,-0.002093970775604248,14,lag_13__T4__is_scoped,T4__is_scoped,False,4.644811153411865,0.0002536869724281132,0.0011783280790093886
282741,9.0,-0.002093970775604248,15,lag_00__CT_place_LONGA,CT_place_LONGA,False,2.671205520629883,0.0004009889089502394,0.001071123787299233
282741,9.0,-0.002093970775604248,16,lag_13__T3__is_walking,T3__is_walking,False,-2.3223767280578613,0.00045917637180536985,-0.0010663805199548348
282741,9.0,-0.002093970775604248,17,lag_03__T_flash_duration_sum,T_flash_duration_sum,True,2.878756284713745,-0.0003616742615122348,-0.0010411720533475485
282741,9.0,-0.002093970775604248,18,lag_14__T3__is_walking,T3__is_walking,False,2.3223767280578613,0.000413966306950897,0.0009613857174628204
282741,9.0,-0.002093970775604248,19,lag_09__CT_place_MIDDOORS,CT_place_MIDDOORS,False,2.8863232135772705,0.00033039593836292624,0.0009536294665685591
282741,9.0,-0.002093970775604248,20,lag_09__CT_place_UNDERA,CT_place_UNDERA,False,-3.0549564361572266,-0.0002984604216180742,0.0009117835859603352
285973,59.5,0.0018970370292663574,1,lag_03__CT_place_ARAMP,CT_place_ARAMP,False,-6.229295253753662,-0.0005057905800640583,0.00315071885978635
285973,59.5,0.0018970370292663574,2,lag_15__T4__duck_amount,T4__duck_amount,False,3.3165946006774902,0.0006193987792357802,0.0020542946468796175
285973,59.5,0.0018970370292663574,3,lag_11__CT5__is_walking,CT5__is_walking,False,-2.396676540374756,0.0007649292820133269,-0.0018332880652470462
285973,59.5,0.0018970370292663574,4,lag_08__T2__is_walking,T2__is_walking,False,2.2968344688415527,0.0007642210694029927,0.0017552892940197462
285973,59.5,0.0018970370292663574,5,lag_11__T_place_LOWERTUNNEL,T_place_LOWERTUNNEL,False,4.32400369644165,-0.00038801980554126203,-0.0016777990734529874
285973,59.5,0.0018970370292663574,6,lag_04__CT4__duck_amount,CT4__duck_amount,False,3.6725916862487793,-0.00045122753363102674,-0.0016571744886198503
285973,59.5,0.0018970370292663574,7,lag_06__T2__is_walking,T2__is_walking,False,-2.2968344688415527,0.000674963986966759,-0.0015502805504919726
285973,59.5,0.0018970370292663574,8,lag_03__CT3__is_walking,CT3__is_walking,False,2.387126922607422,0.0006463254103437066,0.0015428607877967515
285973,59.5,0.0018970370292663574,9,lag_07__CT5__is_walking,CT5__is_walking,False,-2.396676540374756,-0.0005758673651143909,0.0013801678043370846
285973,59.5,0.0018970370292663574,10,lag_02__CT2__is_walking,CT2__is_walking,False,-2.360051155090332,0.000537299201823771,-0.0012680536018933042
285973,59.5,0.0018970370292663574,11,lag_05__CT2__is_walking,CT2__is_walking,False,-2.360051155090332,-0.0004760352603625506,0.0011234675660823645
285973,59.5,0.0018970370292663574,12,lag_12__CT3__is_walking,CT3__is_walking,False,-2.387126922607422,-0.00046075513819232583,0.0010998809951086042
285973,59.5,0.0018970370292663574,13,lag_15__CT5__is_scoped,CT5__is_scoped,False,-3.5760385990142822,0.00030525229522027075,-0.001091593990145391
285973,59.5,0.0018970370292663574,14,lag_13__T3__is_walking,T3__is_walking,False,2.3223767280578613,0.00045917637180536985,0.0010663805199548348
285973,59.5,0.0018970370292663574,15,lag_12__CT_active_infernos,CT_active_infernos,True,2.304276466369629,-0.0004556126659736037,-0.0010498575439829017
285973,59.5,0.0018970370292663574,16,lag_03__CT2__is_walking,CT2__is_walking,False,2.360051155090332,0.0004268028133083135,0.0010072764725440886
285973,59.5,0.0018970370292663574,17,lag_02__CT_walking_count,CT_walking_count,False,-1.7948952913284302,0.0005554198869504035,-0.0009969205397974482
285973,59.5,0.0018970370292663574,18,lag_05__T_place_SHORTSTAIRS,T_place_SHORTSTAIRS,False,4.2027058601379395,-0.0002287543611600995,-0.0009613872941796608
285973,59.5,0.0018970370292663574,19,lag_07__T1__is_walking,T1__is_walking,False,-2.281590461730957,-0.00041731903911568224,0.0009521511391450688
285973,59.5,0.0018970370292663574,20,lag_14__CT_B_site_active_infernos,CT_B_site_active_infernos,True,3.435478687286377,-0.0002754174929577857,-0.0009461909271623187
288725,102.5,-0.0017293430864810944,1,lag_07__T2__flash_duration,T2__flash_duration,True,-5.729948043823242,-0.0007842032355256379,0.004493443795359986
288725,102.5,-0.0017293430864810944,2,lag_08__CT_shots_fired_sum,CT_shots_fired_sum,False,-9.031633377075195,-0.0003226377593819052,0.0029139459563383707
288725,102.5,-0.0017293430864810944,3,lag_11__T_place_EXTENDEDA,T_place_EXTENDEDA,False,-4.957779407501221,-0.0005728630931116641,0.0028401288463464625
288725,102.5,-0.0017293430864810944,4,lag_08__T2__duck_amount,T2__duck_amount,False,-3.8233180046081543,-0.0007068535778671503,0.0027025260108811677
288725,102.5,-0.0017293430864810944,5,lag_04__CT_place_UNDERA,CT_place_UNDERA,False,3.0549564361572266,-0.000814255210570991,-0.002487514196208407
288725,102.5,-0.0017293430864810944,6,lag_10__T_place_EXTENDEDA,T_place_EXTENDEDA,False,4.957779407501221,-0.00046461186138913035,-0.002303443118875842
288725,102.5,-0.0017293430864810944,7,lag_02__T_kills_last_3s,T_kills_last_3s,False,3.1681017875671387,-0.000590842217206955,-0.0018718482845034856
288725,102.5,-0.0017293430864810944,8,lag_07__T1__duck_amount,T1__duck_amount,False,3.137122392654419,-0.0005426298594102263,-0.0017022962828787402
288725,102.5,-0.0017293430864810944,9,lag_09__T4__is_scoped,T4__is_scoped,False,-4.644811153411865,-0.0003331555053591728,0.0015474444071128524
288725,102.5,-0.0017293430864810944,10,lag_04__CT_place_LONGA,CT_place_LONGA,False,-2.671205997467041,0.0005354107124730945,-0.0014301923062662314
288725,102.5,-0.0017293430864810944,11,lag_02__CT_place_UNDERA,CT_place_UNDERA,False,-3.0549564361572266,-0.00045801213127560914,0.0013992071082785107
288725,102.5,-0.0017293430864810944,12,lag_02__T_damage_last_5s,T_damage_last_5s,False,2.3978044986724854,-0.0005632958491332829,-0.0013506733211353233
288725,102.5,-0.0017293430864810944,13,lag_10__T4__is_scoped,T4__is_scoped,False,4.644811153411865,0.00026905551203526556,0.0012497120431883418
288725,102.5,-0.0017293430864810944,14,lag_08__T_place_MIDDOORS,T_place_MIDDOORS,False,4.250260353088379,-0.0002825561095960438,-0.00120093703013896
288725,102.5,-0.0017293430864810944,15,lag_00__T2__is_walking,T2__is_walking,False,2.2968344688415527,0.0005204839399084449,0.0011954654536601717
288725,102.5,-0.0017293430864810944,16,lag_02__kill_diff_last_3s,kill_diff_last_3s,False,-2.4069459438323975,0.00045409068115986884,-0.0010929717231498368
288725,102.5,-0.0017293430864810944,17,lag_03__T_shots_fired_sum,T_shots_fired_sum,False,-2.249211311340332,-0.0004776092537213117,0.0010742441358707888
288725,102.5,-0.0017293430864810944,18,lag_00__CT3__is_walking,CT3__is_walking,False,2.387126922607422,-0.000434746325481683,-0.0010377946580619746
288725,102.5,-0.0017293430864810944,19,lag_02__damage_diff_last_5s,damage_diff_last_5s,False,-2.255978584289551,0.00045802572276443243,-0.0010332962216103025
288725,102.5,-0.0017293430864810944,20,lag_03__kill_diff_last_3s,kill_diff_last_3s,False,-2.4069459438323975,0.00042852797196246684,-0.001031443663933783
283957,28.0,0.0016679763793945312,1,lag_09__T3__shots_fired,T3__shots_fired,False,-8.477989196777344,0.0002709266555029899,-0.0022969132584733654
283957,28.0,0.0016679763793945312,2,lag_13__CT2__flash_duration,CT2__flash_duration,True,-8.07532024383545,-0.00027459010016173124,0.002217402994592832
283957,28.0,0.0016679763793945312,3,lag_09__T_shots_fired_sum,T_shots_fired_sum,False,-10.496318817138672,0.0001922849623952061,-0.0020182842690416036
283957,28.0,0.0016679763793945312,4,lag_08__T2__is_walking,T2__is_walking,False,-2.2968344688415527,0.0007642210694029927,-0.0017552892940197462
283957,28.0,0.0016679763793945312,5,lag_13__CT_flash_duration_sum,CT_flash_duration_sum,True,-3.6664235591888428,-0.0004400945035740733,0.0016135728561735008
283957,28.0,0.0016679763793945312,6,lag_06__T_shots_fired_sum,T_shots_fired_sum,False,-4.498422145843506,-0.0003248683060519397,0.0014613947824267115
283957,28.0,0.0016679763793945312,7,lag_12__T2__is_walking,T2__is_walking,False,-2.2968344688415527,-0.0005905634607188404,0.001356426512617387
283957,28.0,0.0016679763793945312,8,lag_12__T1__is_walking,T1__is_walking,False,-2.281590461730957,0.0005943257710896432,-0.0013560080104790262
283957,28.0,0.0016679763793945312,9,lag_02__CT2__is_walking,CT2__is_walking,False,-2.360051155090332,0.000537299201823771,-0.0012680536018933042
283957,28.0,0.0016679763793945312,10,lag_05__CT2__is_walking,CT2__is_walking,False,2.360051155090332,-0.0004760352603625506,-0.0011234675660823645
283957,28.0,0.0016679763793945312,11,lag_12__T3__is_walking,T3__is_walking,False,-2.3223767280578613,0.0004784365592058748,-0.0011111099309518008
283957,28.0,0.0016679763793945312,12,lag_15__CT5__duck_amount,CT5__duck_amount,False,2.999774932861328,0.0003676873166114092,0.001102979195501952
283957,28.0,0.0016679763793945312,13,lag_12__CT3__is_walking,CT3__is_walking,False,2.387126922607422,-0.00046075513819232583,-0.0010998809951086042
283957,28.0,0.0016679763793945312,14,lag_15__CT5__is_scoped,CT5__is_scoped,False,3.5760385990142822,0.00030525229522027075,0.001091593990145391
283957,28.0,0.0016679763793945312,15,lag_06__T3__shots_fired,T3__shots_fired,False,-3.6334238052368164,-0.0002784333482850343,0.0010116663558306371
283957,28.0,0.0016679763793945312,16,lag_13__CT_flashed_players,CT_flashed_players,False,-2.1899399757385254,-0.0004526626435108483,0.0009913040185478839
283957,28.0,0.0016679763793945312,17,lag_05__T3__is_walking,T3__is_walking,False,2.3223767280578613,0.00037997859180904925,0.0008824534387775335
283957,28.0,0.0016679763793945312,18,lag_02__T3__is_walking,T3__is_walking,False,2.3223767280578613,-0.00037754722870886326,-0.0008768068976962029
283957,28.0,0.0016679763793945312,19,lag_15__T5__is_walking,T5__is_walking,False,2.3193888664245605,0.0003771537740249187,0.000874766264403401
283957,28.0,0.0016679763793945312,20,lag_15__CT3__is_walking,CT3__is_walking,False,-2.387126922607422,-0.0003520298341754824,0.0008403398947213203
287157,78.0,0.001615673303604126,1,lag_12__T2__flash_duration,T2__flash_duration,True,8.038690567016602,-0.0005944013828411698,-0.004778208789266936
287157,78.0,0.001615673303604126,2,lag_11__CT_place_BDOORS,CT_place_BDOORS,False,4.810472011566162,0.0006912524695508182,0.0033252506577002017
287157,78.0,0.001615673303604126,3,lag_00__T_place_SHORTSTAIRS,T_place_SHORTSTAIRS,False,-4.202706336975098,0.0007216664380393922,-0.0030329521123304004
287157,78.0,0.001615673303604126,4,lag_12__T_flash_duration_sum,T_flash_duration_sum,True,8.21633529663086,-0.0003215658653061837,-0.002642092969306842
287157,78.0,0.001615673303604126,5,lag_01__T_place_EXTENDEDA,T_place_EXTENDEDA,False,4.957779407501221,-0.0005050901672802866,-0.0025041256302735515
287157,78.0,0.001615673303604126,6,lag_00__T_place_EXTENDEDA,T_place_EXTENDEDA,False,4.957779407501221,-0.00041461060754954815,-0.00205554793224072
287157,78.0,0.001615673303604126,7,lag_01__T_place_SHORTSTAIRS,T_place_SHORTSTAIRS,False,-4.202706336975098,0.0004471036372706294,-0.0018790452896418897
287157,78.0,0.001615673303604126,8,lag_10__T5__flash_duration,T5__flash_duration,True,4.7545976638793945,0.000373408809537068,0.0017754086534969293
287157,78.0,0.001615673303604126,9,lag_12__T_flashed_players,T_flashed_players,False,7.7184953689575195,-0.00020778743783012033,-0.0016038063766193322
287157,78.0,0.001615673303604126,10,lag_06__T2__is_walking,T2__is_walking,False,2.2968344688415527,0.000674963986966759,0.0015502805504919726
287157,78.0,0.001615673303604126,11,lag_11__CT5__duck_amount,CT5__duck_amount,False,3.7749595642089844,0.00040931024705059826,0.0015451296318323982
287157,78.0,0.001615673303604126,12,lag_12__T1__flash_duration,T1__flash_duration,True,6.399701118469238,-0.0002370809088461101,-0.0015172469575101544
287157,78.0,0.001615673303604126,13,lag_04__CT3__is_walking,CT3__is_walking,False,2.387126922607422,-0.0005710183177143335,-0.001363093199517884
287157,78.0,0.001615673303604126,14,lag_08__CT5__is_scoped,CT5__is_scoped,False,3.5760385990142822,0.00035764911444857717,0.0012789670381713886
287157,78.0,0.001615673303604126,15,lag_08__CT_place_UNDERA,CT_place_UNDERA,False,-3.054957389831543,-0.0004104870022274554,0.0012540203008845618
287157,78.0,0.001615673303604126,16,lag_09__CT_flashed_players,CT_flashed_players,False,-2.1899399757385254,-0.0005664190975949168,0.0012404238248448496
287157,78.0,0.001615673303604126,17,lag_11__CT4__is_walking,CT4__is_walking,False,-2.384641170501709,0.0005132672376930714,-0.0012239581864725846
287157,78.0,0.001615673303604126,18,lag_12__T1__duck_amount,T1__duck_amount,False,3.4849491119384766,0.0003429029311519116,0.001194999265398955
287157,78.0,0.001615673303604126,19,lag_02__CT4__duck_amount,CT4__duck_amount,False,-2.262606382369995,0.0005105601740069687,-0.0011551967082921027
287157,78.0,0.001615673303604126,20,lag_10__T4__duck_amount,T4__duck_amount,False,-3.6976382732391357,-0.0003053958935197443,0.0011292435443686702
286933,74.5,-0.0015432536602020264,1,lag_15__T_place_SHORTSTAIRS,T_place_SHORTSTAIRS,False,4.202706813812256,0.0006826901808381081,0.002869146674731038
286933,74.5,-0.0015432536602020264,2,lag_01__CT_place_UNDERA,CT_place_UNDERA,False,-3.054957389831543,-0.0009031278314068913,0.0027590170425190186
286933,74.5,-0.0015432536602020264,3,lag_05__T1__duck_amount,T1__duck_amount,False,3.4849491119384766,-0.0006553102284669876,-0.0022837227987402287
286933,74.5,-0.0015432536602020264,4,lag_01__CT5__is_scoped,CT5__is_scoped,False,3.5760385990142822,-0.0005798270576633513,-0.002073483938957024
286933,74.5,-0.0015432536602020264,5,lag_05__T1__flash_duration,T1__flash_duration,True,6.399701118469238,-0.00028549961280077696,-0.0018271121913636668
286933,74.5,-0.0015432536602020264,6,lag_05__T2__flash_duration,T2__flash_duration,True,8.038690567016602,0.00020205407054163516,0.0016242501508903495
286933,74.5,-0.0015432536602020264,7,lag_03__T5__flash_duration,T5__flash_duration,True,4.7545976638793945,-0.0003341161063872278,-0.0015885876588931924
286933,74.5,-0.0015432536602020264,8,lag_11__CT5__is_scoped,CT5__is_scoped,False,-3.5760385990142822,0.0004088018322363496,-0.0014618911314249472
286933,74.5,-0.0015432536602020264,9,lag_11__CT_place_EXTENDEDA,CT_place_EXTENDEDA,False,-5.6138224601745605,-0.00025821549934335053,0.0014495759697788907
286933,74.5,-0.0015432536602020264,10,lag_11__T5__duck_amount,T5__duck_amount,False,2.541142225265503,-0.00042469444451853633,-0.00107920898580173
286933,74.5,-0.0015432536602020264,11,lag_12__CT2__is_walking,CT2__is_walking,False,2.360051155090332,0.0004432745336089283,0.0010461505750658795
286933,74.5,-0.0015432536602020264,12,lag_03__T_flash_duration_sum,T_flash_duration_sum,True,2.85029935836792,-0.0003616742615122348,-0.0010308799155265141
286933,74.5,-0.0015432536602020264,13,lag_05__T_place_SHORTSTAIRS,T_place_SHORTSTAIRS,False,4.202706336975098,-0.0002287543611600995,-0.0009613874032582403
286933,74.5,-0.0015432536602020264,14,lag_14__T3__is_walking,T3__is_walking,False,2.3223767280578613,0.000413966306950897,0.0009613857174628204
286933,74.5,-0.0015432536602020264,15,lag_12__CT_place_UNDERA,CT_place_UNDERA,False,-3.054957389831543,-0.0003103484632447362,0.0009481013312123698
286933,74.5,-0.0015432536602020264,16,lag_05__T_flashed_players,T_flashed_players,False,7.7184953689575195,0.00011915246432181448,0.0009196777440678011
286933,74.5,-0.0015432536602020264,17,lag_03__T1__duck_amount,T1__duck_amount,False,-3.915480136871338,-0.0002315454330528155,0.0009066115439015712
286933,74.5,-0.0015432536602020264,18,lag_03__T4__duck_amount,T4__duck_amount,False,-3.6976382732391357,0.00022801019076723605,-0.0008430992080694887
286933,74.5,-0.0015432536602020264,19,lag_15__CT3__is_walking,CT3__is_walking,False,-2.387126922607422,-0.0003520298341754824,0.0008403398947213203
286933,74.5,-0.0015432536602020264,20,lag_10__T5__duck_amount,T5__duck_amount,False,-2.541142225265503,0.00031917812884785235,-0.0008110770205965109
285429,51.0,0.001474618911743164,1,lag_06__T2__duck_amount,T2__duck_amount,False,3.8233180046081543,0.0007415868458338082,0.0028353223396569704
285429,51.0,0.001474618911743164,2,lag_09__T4__duck_amount,T4__duck_amount,False,-3.6976382732391357,-0.0005335460882633924,0.001972860436499746
285429,51.0,0.001474618911743164,3,lag_00__T3__is_walking,T3__is_walking,False,2.3223767280578613,-0.0005952675710432231,-0.001382435553958311
285429,51.0,0.001474618911743164,4,lag_12__T1__is_walking,T1__is_walking,False,-2.281590461730957,0.0005943257710896432,-0.0013560080104790262
285429,51.0,0.001474618911743164,5,lag_12__T1__duck_amount,T1__duck_amount,False,3.915480136871338,0.0003429029311519116,0.0013426296158002698
285429,51.0,0.001474618911743164,6,lag_00__T2__is_walking,T2__is_walking,False,2.2968344688415527,0.0005204839399084449,0.0011954654536601717
285429,51.0,0.001474618911743164,7,lag_12__CT3__is_walking,CT3__is_walking,False,-2.387126922607422,-0.00046075513819232583,0.0010998809951086042
285429,51.0,0.001474618911743164,8,lag_03__T2__is_walking,T2__is_walking,False,2.2968344688415527,-0.00040741125121712685,-0.0009357562047893619
285429,51.0,0.001474618911743164,9,lag_00__T2__duck_amount,T2__duck_amount,False,-3.8233180046081543,-0.0002317571925232187,0.0008860814468714603
285429,51.0,0.001474618911743164,10,lag_05__T3__is_walking,T3__is_walking,False,2.3223767280578613,0.00037997859180904925,0.0008824534387775335
285429,51.0,0.001474618911743164,11,lag_11__T1__is_walking,T1__is_walking,False,2.281590461730957,0.00038013741141185164,0.0008673178920243774
285429,51.0,0.001474618911743164,12,lag_14__T4__duck_amount,T4__duck_amount,False,3.6976382732391357,0.00021507804922293872,0.000795280826540349
285429,51.0,0.001474618911743164,13,lag_13__CT3__is_walking,CT3__is_walking,False,2.387126922607422,-0.00033269060077145696,-0.0007941746899999824
285429,51.0,0.001474618911743164,14,lag_07__T5__is_walking,T5__is_walking,False,2.3193888664245605,0.0003339978284202516,0.0007746708446479122
285429,51.0,0.001474618911743164,15,lag_09__CT3__is_walking,CT3__is_walking,False,-2.387126922607422,-0.00031851293169893324,0.0007603307944571425
285429,51.0,0.001474618911743164,16,lag_02__T2__is_walking,T2__is_walking,False,-2.2968344688415527,-0.00032659864518791437,0.000750143025744554
285429,51.0,0.001474618911743164,17,lag_08__CT4__is_walking,CT4__is_walking,False,2.384641170501709,0.00031180543010123074,0.0007435440658053877
285429,51.0,0.001474618911743164,18,lag_07__CT3__is_walking,CT3__is_walking,False,-2.387126922607422,0.000310119881760329,-0.0007402955189859117
285429,51.0,0.001474618911743164,19,lag_07__CT4__is_walking,CT4__is_walking,False,-2.384641170501709,0.00028497230960056186,-0.0006795567019264592
285429,51.0,0.001474618911743164,20,lag_11__CT3__is_walking,CT3__is_walking,False,2.387126922607422,-0.0002635791606735438,-0.0006291969106820838
284117,30.5,0.0014641880989074707,1,lag_02__CT4__duck_amount,CT4__duck_amount,False,3.6725916862487793,0.0005105601740069687,0.0018750790503877235
284117,30.5,0.0014641880989074707,2,lag_00__T3__is_walking,T3__is_walking,False,2.3223767280578613,-0.0005952675710432231,-0.001382435553958311
284117,30.5,0.0014641880989074707,3,lag_04__CT3__is_walking,CT3__is_walking,False,2.387126922607422,-0.0005710183177143335,-0.001363093199517884
284117,30.5,0.0014641880989074707,4,lag_12__T2__is_walking,T2__is_walking,False,2.2968344688415527,-0.0005905634607188404,-0.001356426512617387
284117,30.5,0.0014641880989074707,5,lag_12__T3__is_walking,T3__is_walking,False,-2.3223767280578613,0.0004784365592058748,-0.0011111099309518008
284117,30.5,0.0014641880989074707,6,lag_13__T3__is_walking,T3__is_walking,False,2.3223767280578613,0.00045917637180536985,0.0010663805199548348
284117,30.5,0.0014641880989074707,7,lag_10__CT2__is_walking,CT2__is_walking,False,2.360051155090332,0.00041542656254023314,0.0009804279387782833
284117,30.5,0.0014641880989074707,8,lag_13__T4__is_walking,T4__is_walking,False,2.307980537414551,-0.0003898956929333508,-0.0008998716709119337
284117,30.5,0.0014641880989074707,9,lag_02__T3__is_walking,T3__is_walking,False,-2.3223767280578613,-0.00037754722870886326,0.0008768068976962029
284117,30.5,0.0014641880989074707,10,lag_13__CT3__is_walking,CT3__is_walking,False,-2.387126922607422,-0.00033269060077145696,0.0007941746899999824
284117,30.5,0.0014641880989074707,11,lag_04__T_walking_count,T_walking_count,False,-1.594179630279541,0.0004959760117344558,-0.0007906748550143561
284117,30.5,0.0014641880989074707,12,lag_13__CT4__is_walking,CT4__is_walking,False,-2.384641170501709,-0.00032909479341469705,0.0007847729933744413
284117,30.5,0.0014641880989074707,13,lag_14__T3__shots_fired,T3__shots_fired,False,-8.477989196777344,-8.760905620874837e-05,0.0007427486320776278
284117,30.5,0.0014641880989074707,14,lag_10__T3__is_walking,T3__is_walking,False,2.3223767280578613,-0.00031775125535205007,-0.000737938120740772
284117,30.5,0.0014641880989074707,15,lag_14__T2__is_walking,T2__is_walking,False,2.2968344688415527,-0.00031520536867901683,-0.0007239745555458754
284117,30.5,0.0014641880989074707,16,lag_15__T_shots_fired_sum,T_shots_fired_sum,False,3.748684883117676,0.00019279537082184106,0.0007227290921349022
284117,30.5,0.0014641880989074707,17,lag_15__T3__shots_fired,T3__shots_fired,False,3.027853488922119,0.00020451949967537075,0.0006192550806446775
284117,30.5,0.0014641880989074707,18,lag_07__CT2__is_walking,CT2__is_walking,False,-2.360051155090332,-0.0002466746373102069,0.0005821647627154425
284117,30.5,0.0014641880989074707,19,lag_14__CT4__is_walking,CT4__is_walking,False,2.384641170501709,-0.00023615261306986213,-0.0005631392436479532
284117,30.5,0.0014641880989074707,20,lag_05__T_active_infernos,T_active_infernos,True,2.082643508911133,0.00026261285529471934,0.0005469289584361658
285141,46.5,-0.0014439821243286133,1,lag_05__T1__duck_amount,T1__duck_amount,False,-3.35819673538208,-0.0006553102284669876,0.002200660669900323
285141,46.5,-0.0014439821243286133,2,lag_11__CT5__is_walking,CT5__is_walking,False,2.396676540374756,0.0007649292820133269,0.0018332880652470462
285141,46.5,-0.0014439821243286133,3,lag_08__T2__is_walking,T2__is_walking,False,-2.2968344688415527,0.0007642210694029927,-0.0017552892940197462
285141,46.5,-0.0014439821243286133,4,lag_11__T_place_LOWERTUNNEL,T_place_LOWERTUNNEL,False,-4.324003219604492,-0.00038801980554126203,0.001677798888430726
285141,46.5,-0.0014439821243286133,5,lag_06__T2__is_walking,T2__is_walking,False,-2.2968344688415527,0.000674963986966759,-0.0015502805504919726
285141,46.5,-0.0014439821243286133,6,lag_03__CT3__is_walking,CT3__is_walking,False,-2.387126922607422,0.0006463254103437066,-0.0015428607877967515
285141,46.5,-0.0014439821243286133,7,lag_04__CT3__is_walking,CT3__is_walking,False,2.387126922607422,-0.0005710183177143335,-0.001363093199517884
285141,46.5,-0.0014439821243286133,8,lag_12__T2__is_walking,T2__is_walking,False,-2.2968344688415527,-0.0005905634607188404,0.001356426512617387
285141,46.5,-0.0014439821243286133,9,lag_12__CT4__duck_amount,CT4__duck_amount,False,-3.6725916862487793,-0.00034434933331795037,0.0012646544987088143
285141,46.5,-0.0014439821243286133,10,lag_04__T1__is_walking,T1__is_walking,False,2.281590461730957,0.0005284955259412527,0.0012058103510550477
285141,46.5,-0.0014439821243286133,11,lag_07__T_place_LOWERTUNNEL,T_place_LOWERTUNNEL,False,-4.32400369644165,-0.00027643091743811965,0.001195288308813186
285141,46.5,-0.0014439821243286133,12,lag_12__CT5__is_walking,CT5__is_walking,False,-2.396676540374756,0.0004820985486730933,-0.0011554342817535201
285141,46.5,-0.0014439821243286133,13,lag_13__T3__is_walking,T3__is_walking,False,-2.3223767280578613,0.00045917637180536985,-0.0010663805199548348
285141,46.5,-0.0014439821243286133,14,lag_00__CT3__is_walking,CT3__is_walking,False,-2.387126922607422,-0.000434746325481683,0.0010377946580619746
285141,46.5,-0.0014439821243286133,15,lag_05__T4__duck_amount,T4__duck_amount,False,3.6976382732391357,0.0002696894807741046,0.0009972141460003192
285141,46.5,-0.0014439821243286133,16,lag_03__T1__duck_amount,T1__duck_amount,False,3.915480136871338,-0.0002315454330528155,-0.0009066115439015712
285141,46.5,-0.0014439821243286133,17,lag_13__T4__is_walking,T4__is_walking,False,2.307980537414551,-0.0003898956929333508,-0.0008998716709119337
285141,46.5,-0.0014439821243286133,18,lag_11__CT2__is_walking,CT2__is_walking,False,-2.360051155090332,0.0003764344728551805,-0.000888404612477689
285141,46.5,-0.0014439821243286133,19,lag_02__T3__is_walking,T3__is_walking,False,-2.3223767280578613,-0.00037754722870886326,0.0008768068976962029
285141,46.5,-0.0014439821243286133,20,lag_08__T1__duck_amount,T1__duck_amount,False,3.4989144802093506,-0.00023453182075172663,-0.0008206067836980802
283029,13.5,0.0012897849082946777,1,lag_13__CT_place_BDOORS,CT_place_BDOORS,False,4.810472011566162,0.0010889923432841897,0.005238567188178445
283029,13.5,0.0012897849082946777,2,lag_09__CT_place_BDOORS,CT_place_BDOORS,False,-9.620943069458008,0.0004229834012221545,-0.004069499222484063
283029,13.5,0.0012897849082946777,3,lag_15__T_place_OUTSIDETUNNEL,T_place_OUTSIDETUNNEL,False,4.998118877410889,0.0005232771509326994,0.002615401406194512
283029,13.5,0.0012897849082946777,4,lag_12__CT_place_BDOORS,CT_place_BDOORS,False,4.810471534729004,0.0005382957751862705,0.0025894565037984374
283029,13.5,0.0012897849082946777,5,lag_04__CT5__is_scoped,CT5__is_scoped,False,-3.5760385990142822,0.0005739782354794443,-0.0020525683250686017
283029,13.5,0.0012897849082946777,6,lag_08__T2__is_walking,T2__is_walking,False,2.2968344688415527,0.0007642210694029927,0.0017552892940197462
283029,13.5,0.0012897849082946777,7,lag_10__CT_place_LONGA,CT_place_LONGA,False,-2.671205520629883,-0.0006461833836510777,0.0017260886217480564
283029,13.5,0.0012897849082946777,8,lag_09__CT_place_HOLE,CT_place_HOLE,False,11.164148330688477,-0.00015158076712395996,-0.0016922701682514363
283029,13.5,0.0012897849082946777,9,lag_04__CT_flashed_players,CT_flashed_players,False,4.379879951477051,0.00035610157647170126,0.0015596821554777762
283029,13.5,0.0012897849082946777,10,lag_01__CT_flashed_players,CT_flashed_players,False,-2.1899399757385254,0.0006684280233457685,-0.0014638172492287826
283029,13.5,0.0012897849082946777,11,lag_04__CT3__is_walking,CT3__is_walking,False,-2.387126922607422,-0.0005710183177143335,0.001363093199517884
283029,13.5,0.0012897849082946777,12,lag_04__CT3__flash_duration,CT3__flash_duration,True,2.913914680480957,0.00045671852421946824,0.001330838812570706
283029,13.5,0.0012897849082946777,13,lag_02__CT2__is_walking,CT2__is_walking,False,-2.360051155090332,0.000537299201823771,-0.0012680536018933042
283029,13.5,0.0012897849082946777,14,lag_00__CT_place_LONGA,CT_place_LONGA,False,-2.671205520629883,0.0004009889089502394,-0.001071123787299233
283029,13.5,0.0012897849082946777,15,lag_13__CT_place_MIDDOORS,CT_place_MIDDOORS,False,-2.8863232135772705,-0.00036237164749763906,0.0010459216981146754
283029,13.5,0.0012897849082946777,16,lag_02__CT4__duck_amount,CT4__duck_amount,False,-1.9470583200454712,0.0005105601740069687,-0.000994090434684132
283029,13.5,0.0012897849082946777,17,lag_11__CT_place_LONGA,CT_place_LONGA,False,2.671205520629883,-0.0003701031091623008,-0.0009886214683966221
283029,13.5,0.0012897849082946777,18,lag_03__T2__is_walking,T2__is_walking,False,2.2968344688415527,-0.00040741125121712685,-0.0009357562047893619
283029,13.5,0.0012897849082946777,19,lag_12__T_flash_duration_sum,T_flash_duration_sum,True,2.878756284713745,-0.0003215658653061837,-0.00092570975569959
283029,13.5,0.0012897849082946777,20,lag_09__CT_place_UNDERA,CT_place_UNDERA,False,-3.054957389831543,-0.0002984604216180742,0.0009117838705943737
288149,93.5,-0.001279052346944809,1,lag_13__T_place_EXTENDEDA,T_place_EXTENDEDA,False,4.957779884338379,-0.001509269466623664,-0.007482625801672915
288149,93.5,-0.001279052346944809,2,lag_11__T_place_EXTENDEDA,T_place_EXTENDEDA,False,-9.915559768676758,-0.0005728630931116641,0.005680258239017744
288149,93.5,-0.001279052346944809,3,lag_01__CT_place_UNDERA,CT_place_UNDERA,False,3.054957389831543,-0.0009031278314068913,-0.0027590170425190186
288149,93.5,-0.001279052346944809,4,lag_04__T_place_EXTENDEDA,T_place_EXTENDEDA,False,-4.957779407501221,-0.0005447851726785302,0.0027009247106176137
288149,93.5,-0.001279052346944809,5,lag_03__T_bomb_zone_count,T_bomb_zone_count,False,5.821373462677002,-0.00036227257805876434,-0.0021089239721668734
288149,93.5,-0.001279052346944809,6,lag_10__T2__flash_duration,T2__flash_duration,True,-4.284423828125,-0.00047756219282746315,0.002046078838361609
288149,93.5,-0.001279052346944809,7,lag_00__CT_place_UNDERA,CT_place_UNDERA,False,3.054957389831543,-0.0006618418265134096,-0.0020218985788067467
288149,93.5,-0.001279052346944809,8,lag_03__T1__flash_duration,T1__flash_duration,True,-4.363584518432617,-0.000443183263996616,0.001933867629604069
288149,93.5,-0.001279052346944809,9,lag_14__CT_place_MIDDOORS,CT_place_MIDDOORS,False,2.8863234519958496,-0.0006638881168328226,-0.0019161958411159363
288149,93.5,-0.001279052346944809,10,lag_06__T_flashed_players,T_flashed_players,False,-1.9296237230300903,-0.0009744324488565326,0.0018802879698038705
288149,93.5,-0.001279052346944809,11,lag_10__T1__flash_duration,T1__flash_duration,True,4.363584518432617,-0.00035338991438038647,-0.0015420467593604825
288149,93.5,-0.001279052346944809,12,lag_14__CT_place_LONGA,CT_place_LONGA,False,-2.67120623588562,-0.000521466601639986,0.0013929448381068132
288149,93.5,-0.001279052346944809,13,lag_04__CT3__is_walking,CT3__is_walking,False,-2.387126922607422,-0.0005710183177143335,0.001363093199517884
288149,93.5,-0.001279052346944809,14,lag_13__T_shots_fired_sum,T_shots_fired_sum,False,-5.248159408569336,0.00024284124083351344,-0.0012744695428690556
288149,93.5,-0.001279052346944809,15,lag_11__CT4__is_walking,CT4__is_walking,False,-2.384641170501709,0.0005132672376930714,-0.0012239581864725846
288149,93.5,-0.001279052346944809,16,lag_06__T4__is_walking,T4__is_walking,False,2.307980537414551,0.0005145688774064183,0.0011876149542132675
288149,93.5,-0.001279052346944809,17,lag_02__T5__is_walking,T5__is_walking,False,2.3193888664245605,-0.00048231915570795536,-0.0011186856798123257
288149,93.5,-0.001279052346944809,18,lag_15__CT5__is_scoped,CT5__is_scoped,False,3.5760385990142822,0.00030525229522027075,0.001091593990145391
288149,93.5,-0.001279052346944809,19,lag_14__CT5__is_scoped,CT5__is_scoped,False,-3.5760385990142822,-0.0002901313127949834,0.0010375207733375469
288149,93.5,-0.001279052346944809,20,lag_10__CT_flash_duration_sum,CT_flash_duration_sum,True,2.8597118854522705,-0.00034912556293420494,-0.0009983985218381605
282389,3.5,-0.0012434124946594238,1,lag_03__CT_place_UNDERA,CT_place_UNDERA,False,6.1099138259887695,-0.0005000540404580534,-0.0030552870955362077
282389,3.5,-0.0012434124946594238,2,lag_02__T4__is_scoped,T4__is_scoped,False,4.644811153411865,0.000603504478931427,0.002803164334874708
282389,3.5,-0.0012434124946594238,3,lag_04__CT_place_UNDERA,CT_place_UNDERA,False,3.054957389831543,-0.000814255210570991,-0.002487514972742688
282389,3.5,-0.0012434124946594238,4,lag_00__CT_place_MIDDOORS,CT_place_MIDDOORS,False,2.8863234519958496,-0.0006399024277925491,-0.0018469653843267153
282389,3.5,-0.0012434124946594238,5,lag_07__CT_place_CTSPAWN,CT_place_CTSPAWN,False,4.78255033493042,-0.000372680980945006,-0.001782365550240736
282389,3.5,-0.0012434124946594238,6,lag_00__T_he_last_5s,T_he_last_5s,True,13.051742553710938,0.00010658200335456058,0.0013910808686424803
282389,3.5,-0.0012434124946594238,7,lag_02__T_scoped_count,T_scoped_count,False,2.8811259269714355,0.0004104470135644078,0.0011825495324284119
282389,3.5,-0.0012434124946594238,8,lag_06__CT_velocity_mean,CT_velocity_mean,False,3.4858005046844482,-0.00031761048012413085,-0.0011071267719097652
282389,3.5,-0.0012434124946594238,9,lag_00__CT_place_CTSPAWN,CT_place_CTSPAWN,False,-1.0407919883728027,0.0009184713126160204,-0.000955937583721006
282389,3.5,-0.0012434124946594238,10,lag_02__T3__is_walking,T3__is_walking,False,-2.3223767280578613,-0.00037754722870886326,0.0008768068976962029
282389,3.5,-0.0012434124946594238,11,lag_06__T_velocity_mean,T_velocity_mean,False,3.5461554527282715,0.00022282189456745982,0.0007901610764076417
282389,3.5,-0.0012434124946594238,12,lag_07__round_num,round_num,False,2.7023725509643555,-0.0002915087097790092,-0.0007877651356738291
282389,3.5,-0.0012434124946594238,13,lag_07__CT_money_sum,CT_money_sum,False,4.302239894866943,-0.00016922521172091365,-0.0007280474570830198
282389,3.5,-0.0012434124946594238,14,lag_07__CT_start_balance_sum,CT_start_balance_sum,False,4.300045013427734,-0.00016538082854822278,-0.0007111450071153325
282389,3.5,-0.0012434124946594238,15,lag_07__CT_closest_enemy_dist,CT_closest_enemy_dist,False,2.7878754138946533,0.00024108558136504143,0.000672116564932098
282389,3.5,-0.0012434124946594238,16,lag_00__CT_macro_MID,CT_macro_MID,False,1.7316291332244873,-0.0003839049313683063,-0.0006647809635459065
282389,3.5,-0.0012434124946594238,17,lag_03__CT_place_CTSPAWN,CT_place_CTSPAWN,False,-2.0815834999084473,-0.00030515246908180416,0.0006352003445970061
282389,3.5,-0.0012434124946594238,18,lag_07__T_closest_enemy_dist,T_closest_enemy_dist,False,2.7866129875183105,0.00022281987185124308,0.0006209127487778396
282389,3.5,-0.0012434124946594238,19,lag_01__T4__is_walking,T4__is_walking,False,2.307980537414551,0.0002358778874622658,0.0005444015734693691
282389,3.5,-0.0012434124946594238,20,lag_00__CT2__is_walking,CT2__is_walking,False,2.360051155090332,-0.00022636284120380878,-0.0005342278848525783
287125,77.5,0.0012152493000030518,1,lag_10__CT_place_BDOORS,CT_place_BDOORS,False,4.810472011566162,0.001427707727998495,0.006867948066233476
287125,77.5,0.0012152493000030518,2,lag_00__T_place_SHORTSTAIRS,T_place_SHORTSTAIRS,False,-4.202706336975098,0.0007216664380393922,-0.0030329521123304004
287125,77.5,0.0012152493000030518,3,lag_11__T2__flash_duration,T2__flash_duration,True,8.038690567016602,-0.0003513276169542223,-0.002824214000342329
287125,77.5,0.0012152493000030518,4,lag_11__T_flash_duration_sum,T_flash_duration_sum,True,8.21633529663086,-0.0003081373288296163,-0.002531759611072326
287125,77.5,0.0012152493000030518,5,lag_00__T_place_EXTENDEDA,T_place_EXTENDEDA,False,4.957779407501221,-0.00041461060754954815,-0.00205554793224072
287125,77.5,0.0012152493000030518,6,lag_09__T4__duck_amount,T4__duck_amount,False,-3.6976382732391357,-0.0005335460882633924,0.001972860436499746
287125,77.5,0.0012152493000030518,7,lag_09__T1__duck_amount,T1__duck_amount,False,-3.915480136871338,0.00046269988524727523,-0.0018116922100183536
287125,77.5,0.0012152493000030518,8,lag_03__CT3__is_walking,CT3__is_walking,False,2.387126922607422,0.0006463254103437066,0.0015428607877967515
287125,77.5,0.0012152493000030518,9,lag_07__CT_place_UNDERA,CT_place_UNDERA,False,-3.054957389831543,-0.00048298120964318514,0.0014754870155492261
287125,77.5,0.0012152493000030518,10,lag_04__CT3__is_walking,CT3__is_walking,False,-2.387126922607422,-0.0005710183177143335,0.001363093199517884
287125,77.5,0.0012152493000030518,11,lag_09__T5__flash_duration,T5__flash_duration,True,4.7545976638793945,0.00028232415206730366,0.001342337753875933
287125,77.5,0.0012152493000030518,12,lag_07__CT5__is_scoped,CT5__is_scoped,False,3.5760385990142822,0.0003665765398181975,0.0013108918558829702
287125,77.5,0.0012152493000030518,13,lag_11__T1__flash_duration,T1__flash_duration,True,6.399701118469238,-0.00020063538977410644,-0.0012840065283418606
287125,77.5,0.0012152493000030518,14,lag_12__CT5__is_walking,CT5__is_walking,False,-2.396676540374756,0.0004820985486730933,-0.0011554342817535201
287125,77.5,0.0012152493000030518,15,lag_02__CT4__duck_amount,CT4__duck_amount,False,2.262606382369995,0.0005105601740069687,0.0011551967082921027
287125,77.5,0.0012152493000030518,16,lag_02__T_place_LOWERTUNNEL,T_place_LOWERTUNNEL,False,4.32400369644165,-0.0002622887259349227,-0.0011341374204775767
287125,77.5,0.0012152493000030518,17,lag_12__T3__is_walking,T3__is_walking,False,2.3223767280578613,0.0004784365592058748,0.0011111099309518008
287125,77.5,0.0012152493000030518,18,lag_09__T2__flash_duration,T2__flash_duration,True,-2.021785259246826,-0.0005247771041467786,0.0010609866135541934
287125,77.5,0.0012152493000030518,19,lag_02__CT_walking_count,CT_walking_count,False,-1.7948954105377197,0.0005554198869504035,-0.0009969206060086583
287125,77.5,0.0012152493000030518,20,lag_00__T4__is_scoped,T4__is_scoped,False,4.644811153411865,0.00019379369041416794,0.0009001350946965733
288821,104.0,-0.0010875137522816658,1,lag_13__T_place_EXTENDEDA,T_place_EXTENDEDA,False,4.957779407501221,-0.001509269466623664,-0.007482625081997152
288821,104.0,-0.0010875137522816658,2,lag_14__T_place_EXTENDEDA,T_place_EXTENDEDA,False,-4.957779407501221,-0.00136286742053926,0.006756796032703849
288821,104.0,-0.0010875137522816658,3,lag_12__T_place_EXTENDEDA,T_place_EXTENDEDA,False,-4.957779407501221,-0.0005996045656502247,0.0029727071682243977
288821,104.0,-0.0010875137522816658,4,lag_01__CT_place_UNDERA,CT_place_UNDERA,False,-3.054957389831543,-0.0009031278314068913,0.0027590170425190186
288821,104.0,-0.0010875137522816658,5,lag_10__T2__flash_duration,T2__flash_duration,True,-5.729948043823242,-0.00047756219282746315,0.0027364065525956605
288821,104.0,-0.0010875137522816658,6,lag_01__T_kills_last_3s,T_kills_last_3s,False,3.1681017875671387,-0.0008146397885866463,-0.00258086177044467
288821,104.0,-0.0010875137522816658,7,lag_05__CT_place_UNDERA,CT_place_UNDERA,False,-3.0549564361572266,-0.0007924962555989623,0.0024210415366725524
288821,104.0,-0.0010875137522816658,8,lag_00__T5__duck_amount,T5__duck_amount,False,-3.7970333099365234,-0.0006162750069051981,0.002340016729300398
288821,104.0,-0.0010875137522816658,9,lag_04__T1__duck_amount,T1__duck_amount,False,3.7356786727905273,-0.0006259491783566773,-0.0023383449958377933
288821,104.0,-0.0010875137522816658,10,lag_00__T_shots_fired_sum,T_shots_fired_sum,False,-1.4994741678237915,-0.0014292533742263913,0.002143128513927464
288821,104.0,-0.0010875137522816658,11,lag_12__T4__is_scoped,T4__is_scoped,False,-4.644811153411865,0.0004442513163667172,-0.0020634634691780313
288821,104.0,-0.0010875137522816658,12,lag_00__T_damage_last_5s,T_damage_last_5s,False,1.366748332977295,-0.0014269443927332759,-0.0019502738700195033
288821,104.0,-0.0010875137522816658,13,lag_01__kill_diff_last_3s,kill_diff_last_3s,False,-2.4069459438323975,0.0007894911686889827,-0.001900262566167446
288821,104.0,-0.0010875137522816658,14,lag_06__T1__duck_amount,T1__duck_amount,False,-3.915480136871338,-0.00046816820395179093,0.0018331033032879668
288821,104.0,-0.0010875137522816658,15,lag_06__T5__duck_amount,T5__duck_amount,False,2.057255983352661,0.0008852121536619961,0.0018211079996576368
288821,104.0,-0.0010875137522816658,16,lag_13__T_place_LOWERTUNNEL,T_place_LOWERTUNNEL,False,-4.32400369644165,-0.00041904355748556554,0.0018119458915376446
288821,104.0,-0.0010875137522816658,17,lag_01__T_damage_last_5s,T_damage_last_5s,False,2.3978047370910645,-0.0007531409501098096,-0.0018058849378705666
288821,104.0,-0.0010875137522816658,18,lag_00__damage_diff_last_5s,damage_diff_last_5s,False,-1.2859082221984863,0.00140280369669199,-0.0018038768077066614
288821,104.0,-0.0010875137522816658,19,lag_01__damage_diff_last_5s,damage_diff_last_5s,False,-2.255978584289551,0.0007321011507883668,-0.0016516045177122907
288821,104.0,-0.0010875137522816658,20,lag_03__CT3__is_walking,CT3__is_walking,False,2.387126922607422,0.0006463254103437066,0.0015428607877967515
288757,103.0,-0.0010785199701786041,1,lag_13__T5__flash_duration,T5__flash_duration,True,-2.515451192855835,0.0016730723436921835,-0.0042085318226746105
288757,103.0,-0.0010785199701786041,2,lag_12__T_place_EXTENDEDA,T_place_EXTENDEDA,False,-4.957779407501221,-0.0005996045656502247,0.0029727071682243977
288757,103.0,-0.0010785199701786041,3,lag_11__T_place_EXTENDEDA,T_place_EXTENDEDA,False,4.957779407501221,-0.0005728630931116641,-0.0028401288463464625
288757,103.0,-0.0010785199701786041,4,lag_04__T1__duck_amount,T1__duck_amount,False,-3.915480136871338,-0.0006259491783566773,0.0024508915745465043
288757,103.0,-0.0010785199701786041,5,lag_05__CT_place_UNDERA,CT_place_UNDERA,False,3.0549564361572266,-0.0007924962555989623,-0.0024210415366725524
288757,103.0,-0.0010785199701786041,6,lag_00__damage_diff_last_5s,damage_diff_last_5s,False,-1.646864652633667,0.00140280369669199,-0.002310227822665878
288757,103.0,-0.0010785199701786041,7,lag_10__T_place_EXTENDEDA,T_place_EXTENDEDA,False,-4.957779407501221,-0.00046461186138913035,0.002303443118875842
288757,103.0,-0.0010785199701786041,8,lag_04__T5__duck_amount,T5__duck_amount,False,2.057255983352661,0.0010109859285876155,0.002079856850672218
288757,103.0,-0.0010785199701786041,9,lag_08__T2__flash_duration,T2__flash_duration,True,-5.729948043823242,-0.00035051116719841957,0.0020084107768267856
288757,103.0,-0.0010785199701786041,10,lag_11__T4__is_scoped,T4__is_scoped,False,4.644811153411865,0.0003981733461841941,0.0018494399993476685
288757,103.0,-0.0010785199701786041,11,lag_11__T_place_LOWERTUNNEL,T_place_LOWERTUNNEL,False,-4.32400369644165,-0.00038801980554126203,0.0016777990734529874
288757,103.0,-0.0010785199701786041,12,lag_10__T1__flash_duration,T1__flash_duration,True,-4.736575126647949,-0.00035338991438038647,0.001673857878462387
288757,103.0,-0.0010785199701786041,13,lag_03__T_kills_last_3s,T_kills_last_3s,False,3.1681017875671387,-0.000521892390679568,-0.001653408215829627
288757,103.0,-0.0010785199701786041,14,lag_00__T5__duck_amount,T5__duck_amount,False,2.594964027404785,-0.0006162750069051981,-0.0015992114739076246
288757,103.0,-0.0010785199701786041,15,lag_03__CT_place_UNDERA,CT_place_UNDERA,False,-3.0549564361572266,-0.0005000540404580534,0.0015276433093237562
288757,103.0,-0.0010785199701786041,16,lag_08__CT2__duck_amount,CT2__duck_amount,False,3.8097944259643555,-0.0003993554855696857,-0.0015214623029016772
288757,103.0,-0.0010785199701786041,17,lag_03__T_damage_last_5s,T_damage_last_5s,False,2.3978044986724854,-0.0006123147322796285,-0.0014682110196635317
288757,103.0,-0.0010785199701786041,18,lag_09__CT_shots_fired_sum,CT_shots_fired_sum,False,-9.031633377075195,-0.00015242735389620066,0.0013766679770281787
288757,103.0,-0.0010785199701786041,19,lag_10__T4__is_scoped,T4__is_scoped,False,-4.644811153411865,0.00026905551203526556,-0.0012497120431883418
288757,103.0,-0.0010785199701786041,20,lag_03__damage_diff_last_5s,damage_diff_last_5s,False,-2.255978584289551,0.0005244914791546762,-0.0011832415446152988
285941,59.0,-0.0009661316871643066,1,lag_15__T4__duck_amount,T4__duck_amount,False,-3.3165946006774902,0.0006193987792357802,-0.0020542946468796175
285941,59.0,-0.0009661316871643066,2,lag_08__T2__is_walking,T2__is_walking,False,-2.2968344688415527,0.0007642210694029927,-0.0017552892940197462
285941,59.0,-0.0009661316871643066,3,lag_02__CT_place_ARAMP,CT_place_ARAMP,False,-6.229295253753662,-0.00023528773454017937,0.001465676768037591
285941,59.0,-0.0009661316871643066,4,lag_11__CT_active_infernos,CT_active_infernos,True,2.304276466369629,-0.0006114743882790208,-0.0014090060426991124
285941,59.0,-0.0009661316871643066,5,lag_02__CT2__is_walking,CT2__is_walking,False,2.360051155090332,0.000537299201823771,0.0012680536018933042
285941,59.0,-0.0009661316871643066,6,lag_04__T1__is_walking,T1__is_walking,False,2.281590461730957,0.0005284955259412527,0.0012058103510550477
285941,59.0,-0.0009661316871643066,7,lag_00__T2__is_walking,T2__is_walking,False,2.2968344688415527,0.0005204839399084449,0.0011954654536601717
285941,59.0,-0.0009661316871643066,8,lag_12__T3__is_walking,T3__is_walking,False,2.3223767280578613,0.0004784365592058748,0.0011111099309518008
285941,59.0,-0.0009661316871643066,9,lag_13__CT_B_site_active_infernos,CT_B_site_active_infernos,True,3.435478687286377,-0.00030826753936707973,-0.0010590465614778166
285941,59.0,-0.0009661316871643066,10,lag_00__CT3__is_walking,CT3__is_walking,False,2.387126922607422,-0.000434746325481683,-0.0010377946580619746
285941,59.0,-0.0009661316871643066,11,lag_14__CT5__is_scoped,CT5__is_scoped,False,-3.5760385990142822,-0.0002901313127949834,0.0010375207733375469
285941,59.0,-0.0009661316871643066,12,lag_02__CT_walking_count,CT_walking_count,False,1.7948952913284302,0.0005554198869504035,0.0009969205397974482
285941,59.0,-0.0009661316871643066,13,lag_10__T_place_LONGDOORS,T_place_LONGDOORS,False,-2.6806609630584717,-0.0003208245907444507,0.0008600219563978592
285941,59.0,-0.0009661316871643066,14,lag_02__CT3__is_walking,CT3__is_walking,False,2.387126922607422,0.00033928468474186957,0.0008099156053756884
285941,59.0,-0.0009661316871643066,15,lag_04__T_walking_count,T_walking_count,False,1.5941797494888306,0.0004959760117344558,0.0007906749141393041
285941,59.0,-0.0009661316871643066,16,lag_14__CT3__molly,CT3__molly,True,-2.4690752029418945,0.0003092656843364239,-0.0007636002323159197
285941,59.0,-0.0009661316871643066,17,lag_14__T5__is_walking,T5__is_walking,False,-2.3193888664245605,0.00032171810744330287,-0.0007461893965311772
285941,59.0,-0.0009661316871643066,18,lag_01__T_place_OUTSIDELONG,T_place_OUTSIDELONG,False,-2.4595744609832764,-0.00030103136668913066,0.0007404090614634776
285941,59.0,-0.0009661316871643066,19,lag_10__T_place_TUNNELSTAIRS,T_place_TUNNELSTAIRS,False,-6.981647968292236,-0.00010338478023186326,0.0007217961408581275
285941,59.0,-0.0009661316871643066,20,lag_14__T4__duck_amount,T4__duck_amount,False,3.3165946006774902,0.00021507804922293872,0.000713326696777046
283413,19.5,0.0008608996868133545,1,lag_10__CT2__flash_duration,CT2__flash_duration,True,8.07532024383545,-0.0005117328255437315,-0.004132406445548409
283413,19.5,0.0008608996868133545,2,lag_08__T4__is_scoped,T4__is_scoped,False,4.644811153411865,-0.0007313731475733221,-0.0033970901531545084
283413,19.5,0.0008608996868133545,3,lag_06__T_shots_fired_sum,T_shots_fired_sum,False,-7.49737024307251,-0.0003248683060519397,0.002435657970711186
283413,19.5,0.0008608996868133545,4,lag_02__T_kills_last_3s,T_kills_last_3s,False,-3.1681017875671387,-0.000590842217206955,0.0018718482845034856
283413,19.5,0.0008608996868133545,5,lag_06__T3__shots_fired,T3__shots_fired,False,-6.05570650100708,-0.0002784333482850343,0.0016861106373068507
283413,19.5,0.0008608996868133545,6,lag_12__CT_place_LONGA,CT_place_LONGA,False,-2.671205520629883,-0.0006025559268891811,0.0016095507183946367
283413,19.5,0.0008608996868133545,7,lag_03__CT3__is_walking,CT3__is_walking,False,-2.387126922607422,0.0006463254103437066,-0.0015428607877967515
283413,19.5,0.0008608996868133545,8,lag_13__T3__flash_duration,T3__flash_duration,True,-5.959039688110352,-0.00024403547286055982,0.0014542170680828526
283413,19.5,0.0008608996868133545,9,lag_10__CT_flash_duration_sum,CT_flash_duration_sum,True,4.133234977722168,-0.00034912556293420494,-0.0014430179883365979
283413,19.5,0.0008608996868133545,10,lag_04__CT3__is_walking,CT3__is_walking,False,2.387126922607422,-0.0005710183177143335,-0.001363093199517884
283413,19.5,0.0008608996868133545,11,lag_12__T1__is_walking,T1__is_walking,False,-2.281590461730957,0.0005943257710896432,-0.0013560080104790262
283413,19.5,0.0008608996868133545,12,lag_08__CT5__is_scoped,CT5__is_scoped,False,3.5760385990142822,0.00035764911444857717,0.0012789670381713886
283413,19.5,0.0008608996868133545,13,lag_05__CT3__duck_amount,CT3__duck_amount,False,3.7208433151245117,0.00034184069954790175,0.001271935681750297
283413,19.5,0.0008608996868133545,14,lag_10__T4__is_scoped,T4__is_scoped,False,-4.644811153411865,0.00026905551203526556,-0.0012497120431883418
283413,19.5,0.0008608996868133545,15,lag_09__CT_flashed_players,CT_flashed_players,False,-2.1899399757385254,-0.0005664190975949168,0.0012404238248448496
283413,19.5,0.0008608996868133545,16,lag_08__T_scoped_count,T_scoped_count,False,2.8811259269714355,-0.0004265274910721928,-0.0012288794130941721
283413,19.5,0.0008608996868133545,17,lag_00__T2__is_walking,T2__is_walking,False,2.2968344688415527,0.0005204839399084449,0.0011954654536601717
283413,19.5,0.0008608996868133545,18,lag_10__CT_flashed_players,CT_flashed_players,False,4.379879951477051,-0.0002538532135076821,-0.00111184660046032
283413,19.5,0.0008608996868133545,19,lag_06__CT5__is_scoped,CT5__is_scoped,False,-3.5760385990142822,0.00030853634234517813,-0.0011033378694250418
283413,19.5,0.0008608996868133545,20,lag_02__kill_diff_last_3s,kill_diff_last_3s,False,2.4069459438323975,0.00045409068115986884,0.0010929717231498368
284949,43.5,0.000803530216217041,1,lag_11__T4__is_scoped,T4__is_scoped,False,-4.644811153411865,0.0003981733461841941,-0.0018494399993476685
284949,43.5,0.000803530216217041,2,lag_05__T_place_LOWERTUNNEL,T_place_LOWERTUNNEL,False,-4.324003219604492,-0.00038830353878438473,0.0016790257518874974
284949,43.5,0.000803530216217041,3,lag_06__T2__is_walking,T2__is_walking,False,-2.2968344688415527,0.000674963986966759,-0.0015502805504919726
284949,43.5,0.000803530216217041,4,lag_03__CT3__is_walking,CT3__is_walking,False,-2.387126922607422,0.0006463254103437066,-0.0015428607877967515
284949,43.5,0.000803530216217041,5,lag_08__T_shots_fired_sum,T_shots_fired_sum,False,-5.997896671295166,-0.00024086161283776164,0.0014446630658823956
284949,43.5,0.000803530216217041,6,lag_01__T_place_LOWERTUNNEL,T_place_LOWERTUNNEL,False,-4.32400369644165,-0.0003335352230351418,0.0014422075372974436
284949,43.5,0.000803530216217041,7,lag_00__T3__is_walking,T3__is_walking,False,2.3223767280578613,-0.0005952675710432231,-0.001382435553958311
284949,43.5,0.000803530216217041,8,lag_12__T2__is_walking,T2__is_walking,False,2.2968344688415527,-0.0005905634607188404,-0.001356426512617387
284949,43.5,0.000803530216217041,9,lag_12__T1__is_walking,T1__is_walking,False,2.281590461730957,0.0005943257710896432,0.0013560080104790262
284949,43.5,0.000803530216217041,10,lag_00__T2__is_walking,T2__is_walking,False,-2.2968344688415527,0.0005204839399084449,-0.0011954654536601717
284949,43.5,0.000803530216217041,11,lag_05__CT2__is_walking,CT2__is_walking,False,-2.360051155090332,-0.0004760352603625506,0.0011234675660823645
284949,43.5,0.000803530216217041,12,lag_13__T3__is_walking,T3__is_walking,False,-2.3223767280578613,0.00045917637180536985,-0.0010663805199548348
284949,43.5,0.000803530216217041,13,lag_05__CT3__is_walking,CT3__is_walking,False,2.387126922607422,-0.0004328789364080876,-0.001033336963329412
284949,43.5,0.000803530216217041,14,lag_10__T4__duck_amount,T4__duck_amount,False,-3.2333505153656006,-0.0003053958935197443,0.0009874519697026032
284949,43.5,0.000803530216217041,15,lag_14__T3__is_walking,T3__is_walking,False,2.3223767280578613,0.000413966306950897,0.0009613857174628204
284949,43.5,0.000803530216217041,16,lag_05__T3__is_walking,T3__is_walking,False,2.3223767280578613,0.00037997859180904925,0.0008824534387775335
284949,43.5,0.000803530216217041,17,lag_02__T3__is_walking,T3__is_walking,False,-2.3223767280578613,-0.00037754722870886326,0.0008768068976962029
284949,43.5,0.000803530216217041,18,lag_11__T_scoped_count,T_scoped_count,False,-2.8811259269714355,0.00027670947019942105,-0.0007972348288300818
284949,43.5,0.000803530216217041,19,lag_13__CT3__is_walking,CT3__is_walking,False,-2.387126922607422,-0.00033269060077145696,0.0007941746899999824
284949,43.5,0.000803530216217041,20,lag_02__T2__is_walking,T2__is_walking,False,-2.2968344688415527,-0.00032659864518791437,0.000750143025744554
284885,42.5,-0.0007837414741516113,1,lag_15__T_place_TUNNELSTAIRS,T_place_TUNNELSTAIRS,False,6.981647968292236,0.0004953770549036562,0.0034585482089067032
284885,42.5,-0.0007837414741516113,2,lag_06__T_shots_fired_sum,T_shots_fired_sum,False,-5.997896671295166,-0.0003248683060519397,0.0019485265314782285
284885,42.5,-0.0007837414741516113,3,lag_04__CT4__duck_amount,CT4__duck_amount,False,-3.6725916862487793,-0.00045122753363102674,0.0016571744886198503
284885,42.5,-0.0007837414741516113,4,lag_15__CT_place_LONGA,CT_place_LONGA,False,-2.67120623588562,-0.0006170849082991481,0.0016483610551195904
284885,42.5,-0.0007837414741516113,5,lag_09__T4__is_scoped,T4__is_scoped,False,-4.644811153411865,-0.0003331555053591728,0.0015474444071128524
284885,42.5,-0.0007837414741516113,6,lag_03__CT3__is_walking,CT3__is_walking,False,2.387126922607422,0.0006463254103437066,0.0015428607877967515
284885,42.5,-0.0007837414741516113,7,lag_00__T3__is_walking,T3__is_walking,False,-2.3223767280578613,-0.0005952675710432231,0.001382435553958311
284885,42.5,-0.0007837414741516113,8,lag_12__T1__is_walking,T1__is_walking,False,2.281590461730957,0.0005943257710896432,0.0013560080104790262
284885,42.5,-0.0007837414741516113,9,lag_15__T_place_LOWERTUNNEL,T_place_LOWERTUNNEL,False,-4.32400369644165,-0.00028094183653593063,0.00121479353966647
284885,42.5,-0.0007837414741516113,10,lag_00__T2__is_walking,T2__is_walking,False,-2.2968344688415527,0.0005204839399084449,-0.0011954654536601717
284885,42.5,-0.0007837414741516113,11,lag_06__T4__is_walking,T4__is_walking,False,-2.307980537414551,0.0005145688774064183,-0.0011876149542132675
284885,42.5,-0.0007837414741516113,12,lag_15__CT_place_ARAMP,CT_place_ARAMP,False,6.229295253753662,0.00018064457981381565,0.0011252884236505264
284885,42.5,-0.0007837414741516113,13,lag_05__CT2__is_walking,CT2__is_walking,False,2.360051155090332,-0.0004760352603625506,-0.0011234675660823645
284885,42.5,-0.0007837414741516113,14,lag_12__T3__is_walking,T3__is_walking,False,2.3223767280578613,0.0004784365592058748,0.0011111099309518008
284885,42.5,-0.0007837414741516113,15,lag_00__T1__duck_amount,T1__duck_amount,False,3.4989144802093506,-0.00031590720755048096,-0.0011053323029008785
284885,42.5,-0.0007837414741516113,16,lag_00__CT4__is_walking,CT4__is_walking,False,2.384641170501709,-0.0004602376720868051,-0.0010975017010740606
284885,42.5,-0.0007837414741516113,17,lag_08__T4__duck_amount,T4__duck_amount,False,-3.2333505153656006,-0.00031692429911345243,0.0010247273458703632
284885,42.5,-0.0007837414741516113,18,lag_03__CT2__is_walking,CT2__is_walking,False,-2.360051155090332,0.0004268028133083135,-0.0010072764725440886
284885,42.5,-0.0007837414741516113,19,lag_05__T3__is_walking,T3__is_walking,False,-2.3223767280578613,0.00037997859180904925,-0.0008824534387775335
284885,42.5,-0.0007837414741516113,20,lag_15__T5__is_walking,T5__is_walking,False,-2.3193888664245605,0.0003771537740249187,-0.000874766264403401
282453,4.5,0.0007280111312866211,1,lag_05__CT_place_UNDERA,CT_place_UNDERA,False,6.1099138259887695,-0.0007924962555989623,-0.00484208382912843
282453,4.5,0.0007280111312866211,2,lag_00__CT_place_UNDERA,CT_place_UNDERA,False,-3.0549564361572266,-0.0006618418265134096,0.0020218979476251953
282453,4.5,0.0007280111312866211,3,lag_00__CT_place_MIDDOORS,CT_place_MIDDOORS,False,2.8863232135772705,-0.0006399024277925491,-0.0018469652317620877
282453,4.5,0.0007280111312866211,4,lag_02__CT_place_MIDDOORS,CT_place_MIDDOORS,False,2.8863234519958496,0.0006204587407410145,0.0017908446143966028
282453,4.5,0.0007280111312866211,5,lag_02__CT2__is_walking,CT2__is_walking,False,2.360051155090332,0.000537299201823771,0.0012680536018933042
282453,4.5,0.0007280111312866211,6,lag_00__CT_place_LONGA,CT_place_LONGA,False,2.671205997467041,0.0004009889089502394,0.0010711239785056448
282453,4.5,0.0007280111312866211,7,lag_00__CT_place_CTSPAWN,CT_place_CTSPAWN,False,-1.0407919883728027,0.0009184713126160204,-0.000955937583721006
282453,4.5,0.0007280111312866211,8,lag_09__CT_place_CTSPAWN,CT_place_CTSPAWN,False,4.78255033493042,-0.00019420692115090787,-0.0009288043757960801
282453,4.5,0.0007280111312866211,9,lag_05__T3__is_walking,T3__is_walking,False,2.3223767280578613,0.00037997859180904925,0.0008824534387775335
282453,4.5,0.0007280111312866211,10,lag_09__CT_money_sum,CT_money_sum,False,4.302239894866943,-0.00018270401051267982,-0.0007860364829798405
282453,4.5,0.0007280111312866211,11,lag_09__CT_start_balance_sum,CT_start_balance_sum,False,4.300045013427734,-0.0001807959924917668,-0.00077743090596194
282453,4.5,0.0007280111312866211,12,lag_09__round_num,round_num,False,2.7023725509643555,-0.00028325352468527853,-0.0007654565500734012
282453,4.5,0.0007280111312866211,13,lag_09__CT3__utility_total,CT3__utility_total,True,2.0430431365966797,0.00036950528738088906,0.0007549152413197091
282453,4.5,0.0007280111312866211,14,lag_02__CT_macro_MID,CT_macro_MID,False,1.7316291332244873,0.00041179987601935863,0.0007130846623733533
282453,4.5,0.0007280111312866211,15,lag_09__CT_closest_enemy_dist,CT_closest_enemy_dist,False,2.7878754138946533,0.00025114737218245864,0.0007001675841717264
282453,4.5,0.0007280111312866211,16,lag_09__CT3__flash,CT3__flash,True,1.1698546409606934,0.0005950148333795369,0.0006960808642695049
282453,4.5,0.0007280111312866211,17,lag_09__T_closest_enemy_dist,T_closest_enemy_dist,False,2.7866129875183105,0.0002446500293444842,0.0006817449491680755
282453,4.5,0.0007280111312866211,18,lag_00__CT_macro_MID,CT_macro_MID,False,1.7316291332244873,-0.0003839049313683063,-0.0006647809635459065
282453,4.5,0.0007280111312866211,19,lag_08__CT_velocity_mean,CT_velocity_mean,False,3.4858005046844482,0.0001904937525978312,0.0006640232189447544
282453,4.5,0.0007280111312866211,20,lag_06__CT_place_UNDERA,CT_place_UNDERA,False,3.054957389831543,-0.00020656772539950907,-0.0006310555992099232
288341,96.5,0.000695057213306427,1,lag_05__CT4__flash_duration,CT4__flash_duration,True,-5.912312984466553,-0.0005349479033611715,0.003162779435055413
288341,96.5,0.000695057213306427,2,lag_04__T_place_EXTENDEDA,T_place_EXTENDEDA,False,4.957779407501221,-0.0005447851726785302,-0.0027009247106176137
288341,96.5,0.000695057213306427,3,lag_10__T_place_EXTENDEDA,T_place_EXTENDEDA,False,-4.957779407501221,-0.00046461186138913035,0.002303443118875842
288341,96.5,0.000695057213306427,4,lag_02__T2__duck_amount,T2__duck_amount,False,-3.8233180046081543,0.0004555195046123117,-0.0017415959234344386
288341,96.5,0.000695057213306427,5,lag_02__CT2__flash_duration,CT2__flash_duration,True,-1.451656460762024,-0.0011775253806263208,0.00170936232649746
288341,96.5,0.000695057213306427,6,lag_08__CT2__duck_amount,CT2__duck_amount,False,-3.8097944259643555,-0.0003993554855696857,0.0015214623029016772
288341,96.5,0.000695057213306427,7,lag_07__CT_place_UNDERA,CT_place_UNDERA,False,3.054957389831543,-0.00048298120964318514,-0.0014754870155492261
288341,96.5,0.000695057213306427,8,lag_05__T1__flash_duration,T1__flash_duration,True,4.736575126647949,-0.00028549961280077696,-0.0013522903646597806
288341,96.5,0.000695057213306427,9,lag_02__T_bomb_zone_count,T_bomb_zone_count,False,-5.821373462677002,-0.00022239217651076615,0.0012946279146467538
288341,96.5,0.000695057213306427,10,lag_02__CT2__is_walking,CT2__is_walking,False,-2.360051155090332,0.000537299201823771,-0.0012680536018933042
288341,96.5,0.000695057213306427,11,lag_05__CT2__flash_duration,CT2__flash_duration,True,1.451656460762024,-0.0008311050478368998,-0.0012064790122643665
288341,96.5,0.000695057213306427,12,lag_06__T4__is_walking,T4__is_walking,False,2.307980537414551,0.0005145688774064183,0.0011876149542132675
288341,96.5,0.000695057213306427,13,lag_00__T5__flash_duration,T5__flash_duration,True,-2.515451192855835,0.00046801220742054284,-0.001177261865427097
288341,96.5,0.000695057213306427,14,lag_05__T2__flash_duration,T2__flash_duration,True,5.729948043823242,0.00020205407054163516,0.0011577593262465657
288341,96.5,0.000695057213306427,15,lag_05__CT2__is_walking,CT2__is_walking,False,2.360051155090332,-0.0004760352603625506,-0.0011234675660823645
288341,96.5,0.000695057213306427,16,lag_12__CT2__is_walking,CT2__is_walking,False,2.360051155090332,0.0004432745336089283,0.0010461505750658795
288341,96.5,0.000695057213306427,17,lag_05__CT_flash_duration_sum,CT_flash_duration_sum,True,-1.9851057529449463,-0.0005192717653699219,0.0010308093687777103
288341,96.5,0.000695057213306427,18,lag_00__T5__is_walking,T5__is_walking,False,-2.3193888664245605,0.00042383084655739367,-0.0009830285467525152
288341,96.5,0.000695057213306427,19,lag_10__CT2__is_walking,CT2__is_walking,False,-2.360051155090332,0.00041542656254023314,-0.0009804279387782833
288341,96.5,0.000695057213306427,20,lag_08__CT_duck_amount_mean,CT_duck_amount_mean,False,-3.992356538772583,-0.0002369612193433568,0.0009460336734809748
282645,7.5,0.0006498098373413086,1,lag_05__CT_place_UNDERA,CT_place_UNDERA,False,-3.054957389831543,-0.0007924962555989623,0.002421042292455877
282645,7.5,0.0006498098373413086,2,lag_01__CT5__is_scoped,CT5__is_scoped,False,3.5760385990142822,-0.0005798270576633513,-0.002073483938957024
282645,7.5,0.0006498098373413086,3,lag_00__CT_place_MIDDOORS,CT_place_MIDDOORS,False,-2.8863234519958496,-0.0006399024277925491,0.0018469653843267153
282645,7.5,0.0006498098373413086,4,lag_08__CT_place_MIDDOORS,CT_place_MIDDOORS,False,2.8863234519958496,0.000601606850977987,0.0017364319628591363
282645,7.5,0.0006498098373413086,5,lag_00__CT_place_BDOORS,CT_place_BDOORS,False,4.810471534729004,-0.00035675306571647525,-0.0017161504675564099
282645,7.5,0.0006498098373413086,6,lag_06__CT_place_MIDDOORS,CT_place_MIDDOORS,False,2.8863232135772705,0.000514211889822036,0.0014841817142907804
282645,7.5,0.0006498098373413086,7,lag_00__T_flash_duration_sum,T_flash_duration_sum,True,2.878756284713745,0.0004879351472482085,0.001404646371673507
282645,7.5,0.0006498098373413086,8,lag_15__CT_start_balance_sum,CT_start_balance_sum,False,4.300045013427734,-0.000323455169564113,-0.0013908717889515865
282645,7.5,0.0006498098373413086,9,lag_15__CT_money_sum,CT_money_sum,False,4.302239894866943,-0.00032315589487552643,-0.0013902941831949178
282645,7.5,0.0006498098373413086,10,lag_11__CT_place_UNDERA,CT_place_UNDERA,False,6.1099138259887695,-0.00022123688540887088,-0.0013517383049783532
282645,7.5,0.0006498098373413086,11,lag_10__T4__is_scoped,T4__is_scoped,False,4.644811153411865,0.00026905551203526556,0.0012497120431883418
282645,7.5,0.0006498098373413086,12,lag_01__T4__duck_amount,T4__duck_amount,False,3.6976382732391357,0.00031122477957978845,0.0011507966565546396
282645,7.5,0.0006498098373413086,13,lag_00__T_flashed_players,T_flashed_players,False,3.8592474460601807,0.000280433741863817,0.0010822632020770356
282645,7.5,0.0006498098373413086,14,lag_12__CT_place_UNDERA,CT_place_UNDERA,False,3.054957389831543,-0.0003103484632447362,-0.0009481013312123698
282645,7.5,0.0006498098373413086,15,lag_08__T_he_last_5s,T_he_last_5s,True,13.051742553710938,6.998478784225881e-05,0.0009134234335932412
282645,7.5,0.0006498098373413086,16,lag_15__CT_place_CTSPAWN,CT_place_CTSPAWN,False,4.78255033493042,-0.0001875746384030208,-0.0008970851497188195
282645,7.5,0.0006498098373413086,17,lag_15__round_num,round_num,False,2.7023725509643555,-0.0003285650454927236,-0.0008879051601458909
282645,7.5,0.0006498098373413086,18,lag_15__money_diff,money_diff,False,3.2780861854553223,-0.0002530879864934832,-0.0008296442322289904
282645,7.5,0.0006498098373413086,19,lag_05__T4__is_walking,T4__is_walking,False,-2.307980537414551,-0.00035889603896066546,0.0008283250728763902
282645,7.5,0.0006498098373413086,20,lag_05__CT_place_LONGA,CT_place_LONGA,False,2.67120623588562,0.0002948617620859295,0.000787636577608157
288597,100.5,-0.0005786940455436707,1,lag_13__T5__flash_duration,T5__flash_duration,True,2.515451192855835,0.0016730723436921835,0.0042085318226746105
288597,100.5,-0.0005786940455436707,2,lag_13__T2__flash_duration,T2__flash_duration,True,5.729948043823242,-0.0006648051785305142,-0.0038092991322444814
288597,100.5,-0.0005786940455436707,3,lag_06__T_place_EXTENDEDA,T_place_EXTENDEDA,False,4.957779407501221,-0.0006772736669518054,-0.0033577734392565006
288597,100.5,-0.0005786940455436707,4,lag_00__T_shots_fired_sum,T_shots_fired_sum,False,2.249211311340332,-0.0014292533742263913,-0.003214692856081336
288597,100.5,-0.0005786940455436707,5,lag_12__T_place_EXTENDEDA,T_place_EXTENDEDA,False,4.957779407501221,-0.0005996045656502247,-0.0029727071682243977
288597,100.5,-0.0005786940455436707,6,lag_05__T_place_EXTENDEDA,T_place_EXTENDEDA,False,-4.957779407501221,-0.0005848931614309549,0.0028997712713306756
288597,100.5,-0.0005786940455436707,7,lag_13__CT4__flash_duration,CT4__flash_duration,True,-5.912312984466553,-0.0003647040866781026,0.002156244707154961
288597,100.5,-0.0005786940455436707,8,lag_06__CT_shots_fired_sum,CT_shots_fired_sum,False,4.168446063995361,0.0005037806695327163,0.002099982549030599
288597,100.5,-0.0005786940455436707,9,lag_00__CT_place_UNDERA,CT_place_UNDERA,False,3.0549564361572266,-0.0006618418265134096,-0.0020218979476251953
288597,100.5,-0.0005786940455436707,10,lag_13__T1__flash_duration,T1__flash_duration,True,4.736575126647949,-0.0003767450398299843,-0.0017844811847466946
288597,100.5,-0.0005786940455436707,11,lag_13__T_flashed_players,T_flashed_players,False,5.788870811462402,-0.00028414413100108504,-0.0016448736662005303
288597,100.5,-0.0005786940455436707,12,lag_08__T2__duck_amount,T2__duck_amount,False,2.107806921005249,-0.0007068535778671503,-0.0014899108635657021
288597,100.5,-0.0005786940455436707,13,lag_00__T3__is_walking,T3__is_walking,False,2.3223767280578613,-0.0005952675710432231,-0.001382435553958311
288597,100.5,-0.0005786940455436707,14,lag_05__T1__flash_duration,T1__flash_duration,True,-4.736575126647949,-0.00028549961280077696,0.0013522903646597806
288597,100.5,-0.0005786940455436707,15,lag_02__CT2__is_walking,CT2__is_walking,False,2.360051155090332,0.000537299201823771,0.0012680536018933042
288597,100.5,-0.0005786940455436707,16,lag_07__T2__duck_amount,T2__duck_amount,False,1.7155109643936157,0.0007288124179467559,0.0012502856939738821
288597,100.5,-0.0005786940455436707,17,lag_04__CT_shots_fired_sum,CT_shots_fired_sum,False,-9.031633377075195,-0.0001355154236080125,0.0012239256229666096
288597,100.5,-0.0005786940455436707,18,lag_06__CT2__shots_fired,CT2__shots_fired,False,2.982516288757324,0.0004052901640534401,0.0012087845159625132
288597,100.5,-0.0005786940455436707,19,lag_14__CT_place_UNDERA,CT_place_UNDERA,False,3.054957389831543,-0.0003761595580726862,-0.0011491514216899201
288597,100.5,-0.0005786940455436707,20,lag_13__T_flash_duration_sum,T_flash_duration_sum,True,5.337976932525635,0.00020954020146746188,0.0011185207618700857
286229,63.5,-0.000498652458190918,1,lag_13__CT_place_BDOORS,CT_place_BDOORS,False,-4.810472011566162,0.0010889923432841897,-0.005238567188178445
286229,63.5,-0.000498652458190918,2,lag_02__T4__is_scoped,T4__is_scoped,False,-4.644811153411865,0.000603504478931427,-0.002803164334874708
286229,63.5,-0.000498652458190918,3,lag_04__CT5__is_scoped,CT5__is_scoped,False,3.5760385990142822,0.0005739782354794443,0.0020525683250686017
286229,63.5,-0.000498652458190918,4,lag_01__T5__duck_amount,T5__duck_amount,False,-3.7970333099365234,-0.0004773600085172802,0.0018125518531716955
286229,63.5,-0.000498652458190918,5,lag_02__CT_place_EXTENDEDA,CT_place_EXTENDEDA,False,5.6138224601745605,0.0003084092168137431,0.0017313545882738368
286229,63.5,-0.000498652458190918,6,lag_04__CT4__duck_amount,CT4__duck_amount,False,-3.6725916862487793,-0.00045122753363102674,0.0016571744886198503
286229,63.5,-0.000498652458190918,7,lag_04__T_place_LOWERTUNNEL,T_place_LOWERTUNNEL,False,-4.32400369644165,-0.0003512596886139363,0.0015188481919776037
286229,63.5,-0.000498652458190918,8,lag_12__CT4__duck_amount,CT4__duck_amount,False,3.6725916862487793,-0.00034434933331795037,-0.0012646544987088143
286229,63.5,-0.000498652458190918,9,lag_02__T5__duck_amount,T5__duck_amount,False,3.7970333099365234,-0.0003271304885856807,-0.0012421253618556394
286229,63.5,-0.000498652458190918,10,lag_00__CT4__duck_amount,CT4__duck_amount,False,1.106034517288208,0.001109681325033307,0.0012273458486769528
286229,63.5,-0.000498652458190918,11,lag_00__T2__is_walking,T2__is_walking,False,2.2968344688415527,0.0005204839399084449,0.0011954654536601717
286229,63.5,-0.000498652458190918,12,lag_02__T_scoped_count,T_scoped_count,False,-2.8811259269714355,0.0004104470135644078,-0.0011825495324284119
286229,63.5,-0.000498652458190918,13,lag_05__CT2__is_walking,CT2__is_walking,False,-2.360051155090332,-0.0004760352603625506,0.0011234675660823645
286229,63.5,-0.000498652458190918,14,lag_11__CT_walking_count,CT_walking_count,False,1.7948952913284302,0.0005954737425781786,0.0010688130166632906
286229,63.5,-0.000498652458190918,15,lag_00__T5__duck_amount,T5__duck_amount,False,1.6135780811309814,-0.0006162750069051981,-0.0009944078430910719
286229,63.5,-0.000498652458190918,16,lag_10__CT2__is_walking,CT2__is_walking,False,-2.360051155090332,0.00041542656254023314,-0.0009804279387782833
286229,63.5,-0.000498652458190918,17,lag_14__CT_B_site_active_infernos,CT_B_site_active_infernos,True,-3.435478687286377,-0.0002754174929577857,0.0009461909271623187
286229,63.5,-0.000498652458190918,18,lag_03__T2__is_walking,T2__is_walking,False,-2.2968344688415527,-0.00040741125121712685,0.0009357562047893619
286229,63.5,-0.000498652458190918,19,lag_08__CT2__duck_amount,CT2__duck_amount,False,2.294684410095215,-0.0003993554855696857,-0.0009163948068227623
286229,63.5,-0.000498652458190918,20,lag_11__CT2__is_walking,CT2__is_walking,False,2.360051155090332,0.0003764344728551805,0.000888404612477689
282581,6.5,-0.0004583597183227539,1,lag_08__T4__is_scoped,T4__is_scoped,False,4.644811153411865,-0.0007313731475733221,-0.0033970901531545084
282581,6.5,-0.0004583597183227539,2,lag_04__CT_place_UNDERA,CT_place_UNDERA,False,-3.0549564361572266,-0.000814255210570991,0.002487514196208407
282581,6.5,-0.0004583597183227539,3,lag_09__CT_place_UNDERA,CT_place_UNDERA,False,6.1099138259887695,-0.0002984604216180742,-0.0018235674565547089
282581,6.5,-0.0004583597183227539,4,lag_01__T_place_OUTSIDETUNNEL,T_place_OUTSIDETUNNEL,False,4.998118877410889,0.00036098159034736454,0.001804228901112967
282581,6.5,-0.0004583597183227539,5,lag_03__CT_place_UNDERA,CT_place_UNDERA,False,-3.054957389831543,-0.0005000540404580534,0.0015276437862124514
282581,6.5,-0.0004583597183227539,6,lag_06__T_he_last_5s,T_he_last_5s,True,13.051742553710938,-0.00011578855628613383,-0.001511242427312487
282581,6.5,-0.0004583597183227539,7,lag_06__CT_place_MIDDOORS,CT_place_MIDDOORS,False,2.8863234519958496,0.000514211889822036,0.0014841818368884485
282581,6.5,-0.0004583597183227539,8,lag_01__T_place_OUTSIDELONG,T_place_OUTSIDELONG,False,4.919148921966553,-0.00030103136668913066,-0.0014808181229269551
282581,6.5,-0.0004583597183227539,9,lag_04__CT_place_MIDDOORS,CT_place_MIDDOORS,False,2.8863232135772705,0.0005027591832913458,0.0014511255015729613
282581,6.5,-0.0004583597183227539,10,lag_04__CT_place_LONGA,CT_place_LONGA,False,2.671205997467041,0.0005354107124730945,0.0014301923062662314
282581,6.5,-0.0004583597183227539,11,lag_13__CT_money_sum,CT_money_sum,False,4.302239894866943,-0.00032263004686683416,-0.0013880318589132856
282581,6.5,-0.0004583597183227539,12,lag_13__CT_start_balance_sum,CT_start_balance_sum,False,4.300045013427734,-0.00032159662805497646,-0.0013828799768029754
282581,6.5,-0.0004583597183227539,13,lag_03__CT_place_LONGA,CT_place_LONGA,False,2.67120623588562,0.0005015977076254785,0.0013398709245151103
282581,6.5,-0.0004583597183227539,14,lag_08__T_scoped_count,T_scoped_count,False,2.8811259269714355,-0.0004265274910721928,-0.0012288794130941721
282581,6.5,-0.0004583597183227539,15,lag_13__round_num,round_num,False,2.7023725509643555,-0.0003167972608935088,-0.0008561042220593118
282581,6.5,-0.0004583597183227539,16,lag_13__money_diff,money_diff,False,3.2780861854553223,-0.00025594024918973446,-0.0008389941951708613
282581,6.5,-0.0004583597183227539,17,lag_04__CT2__is_walking,CT2__is_walking,False,-2.360051155090332,-0.00026572507340461016,0.0006271247664250135
282581,6.5,-0.0004583597183227539,18,lag_04__CT_macro_MID,CT_macro_MID,False,1.7316291332244873,0.00034484005300328135,0.0005971350820831584
282581,6.5,-0.0004583597183227539,19,lag_03__T4__is_walking,T4__is_walking,False,-2.307980537414551,0.0002566881012171507,-0.00059243114179508
282581,6.5,-0.0004583597183227539,20,lag_04__T_place_OUTSIDETUNNEL,T_place_OUTSIDETUNNEL,False,4.998117923736572,0.00011825040564872324,0.0005910294719620041
284245,32.5,0.0004583001136779785,1,lag_03__CT_place_ARAMP,CT_place_ARAMP,False,6.229295253753662,-0.0005057905800640583,-0.00315071885978635
284245,32.5,0.0004583001136779785,2,lag_01__T_place_TUNNELSTAIRS,T_place_TUNNELSTAIRS,False,6.981647968292236,0.00043473849655129015,0.0030351911411857363
284245,32.5,0.0004583001136779785,3,lag_08__T2__is_walking,T2__is_walking,False,-2.2968344688415527,0.0007642210694029927,-0.0017552892940197462
284245,32.5,0.0004583001136779785,4,lag_00__CT_place_BDOORS,CT_place_BDOORS,False,4.810472011566162,-0.00035675306571647525,-0.001716150637669528
284245,32.5,0.0004583001136779785,5,lag_11__CT5__duck_amount,CT5__duck_amount,False,3.7749595642089844,0.00040931024705059826,0.0015451296318323982
284245,32.5,0.0004583001136779785,6,lag_03__CT3__is_walking,CT3__is_walking,False,2.387126922607422,0.0006463254103437066,0.0015428607877967515
284245,32.5,0.0004583001136779785,7,lag_00__T3__is_walking,T3__is_walking,False,2.3223767280578613,-0.0005952675710432231,-0.001382435553958311
284245,32.5,0.0004583001136779785,8,lag_03__CT_place_LONGA,CT_place_LONGA,False,-2.67120623588562,0.0005015977076254785,-0.0013398709245151103
284245,32.5,0.0004583001136779785,9,lag_02__T5__is_walking,T5__is_walking,False,-2.3193888664245605,-0.00048231915570795536,0.0011186856798123257
284245,32.5,0.0004583001136779785,10,lag_12__T3__is_walking,T3__is_walking,False,-2.3223767280578613,0.0004784365592058748,-0.0011111099309518008
284245,32.5,0.0004583001136779785,11,lag_05__CT3__is_walking,CT3__is_walking,False,-2.387126922607422,-0.0004328789364080876,0.001033336963329412
284245,32.5,0.0004583001136779785,12,lag_14__T3__is_walking,T3__is_walking,False,2.3223767280578613,0.000413966306950897,0.0009613857174628204
284245,32.5,0.0004583001136779785,13,lag_00__T4__is_scoped,T4__is_scoped,False,4.644811153411865,0.00019379369041416794,0.0009001350946965733
284245,32.5,0.0004583001136779785,14,lag_11__CT2__is_walking,CT2__is_walking,False,-2.360051155090332,0.0003764344728551805,-0.000888404612477689
284245,32.5,0.0004583001136779785,15,lag_02__T3__is_walking,T3__is_walking,False,-2.3223767280578613,-0.00037754722870886326,0.0008768068976962029
284245,32.5,0.0004583001136779785,16,lag_15__T_shots_fired_sum,T_shots_fired_sum,False,-4.498422145843506,0.00019279537082184106,-0.0008672749657210807
284245,32.5,0.0004583001136779785,17,lag_02__CT3__is_walking,CT3__is_walking,False,-2.387126922607422,0.00033928468474186957,-0.0008099156053756884
284245,32.5,0.0004583001136779785,18,lag_15__T3__shots_fired,T3__shots_fired,False,-3.6334238052368164,0.00020451949967537075,-0.0007431060187556154
284245,32.5,0.0004583001136779785,19,lag_02__CT4__is_walking,CT4__is_walking,False,2.384641170501709,0.00028377899434417486,0.000676711073236691
284245,32.5,0.0004583001136779785,20,lag_02__T_walking_count,T_walking_count,False,-1.5941797494888306,-0.000411135028116405,0.0006554231361286939
283701,24.0,-0.00043711066246032715,1,lag_05__CT2__flash_duration,CT2__flash_duration,True,-8.07532024383545,-0.0008311050478368998,0.006711439417551146
283701,24.0,-0.00043711066246032715,2,lag_02__T_shots_fired_sum,T_shots_fired_sum,False,3.748684883117676,-0.0005697038141079247,-0.00213564007580086
283701,24.0,-0.00043711066246032715,3,lag_05__CT_flash_duration_sum,CT_flash_duration_sum,True,-3.6664235591888428,-0.0005192717653699219,0.0019038702341738628
283701,24.0,-0.00043711066246032715,4,lag_03__T_shots_fired_sum,T_shots_fired_sum,False,3.748685359954834,-0.0004776092537213117,-0.001790406817204035
283701,24.0,-0.00043711066246032715,5,lag_08__T2__is_walking,T2__is_walking,False,-2.2968344688415527,0.0007642210694029927,-0.0017552892940197462
283701,24.0,-0.00043711066246032715,6,lag_15__CT_place_LONGA,CT_place_LONGA,False,2.67120623588562,-0.0006170849082991481,-0.0016483610551195904
283701,24.0,-0.00043711066246032715,7,lag_01__T_shots_fired_sum,T_shots_fired_sum,False,-10.496318817138672,-0.0001549008156871423,0.001625888346487081
283701,24.0,-0.00043711066246032715,8,lag_03__CT3__is_walking,CT3__is_walking,False,-2.387126922607422,0.0006463254103437066,-0.0015428607877967515
283701,24.0,-0.00043711066246032715,9,lag_15__T_shots_fired_sum,T_shots_fired_sum,False,-7.49737024307251,0.00019279537082184106,-0.0014454582762018012
283701,24.0,-0.00043711066246032715,10,lag_00__T3__is_walking,T3__is_walking,False,2.3223767280578613,-0.0005952675710432231,-0.001382435553958311
283701,24.0,-0.00043711066246032715,11,lag_07__CT5__is_walking,CT5__is_walking,False,-2.396676540374756,-0.0005758673651143909,0.0013801678043370846
283701,24.0,-0.00043711066246032715,12,lag_04__CT3__is_walking,CT3__is_walking,False,2.387126922607422,-0.0005710183177143335,-0.001363093199517884
283701,24.0,-0.00043711066246032715,13,lag_12__T2__is_walking,T2__is_walking,False,-2.2968344688415527,-0.0005905634607188404,0.001356426512617387
283701,24.0,-0.00043711066246032715,14,lag_12__T1__is_walking,T1__is_walking,False,2.281590461730957,0.0005943257710896432,0.0013560080104790262
283701,24.0,-0.00043711066246032715,15,lag_07__CT5__is_scoped,CT5__is_scoped,False,3.5760385990142822,0.0003665765398181975,0.0013108918558829702
283701,24.0,-0.00043711066246032715,16,lag_15__T3__shots_fired,T3__shots_fired,False,-6.05570650100708,0.00020451949967537075,-0.001238510063766858
283701,24.0,-0.00043711066246032715,17,lag_04__T1__is_walking,T1__is_walking,False,-2.281590461730957,0.0005284955259412527,-0.0012058103510550477
283701,24.0,-0.00043711066246032715,18,lag_00__T2__is_walking,T2__is_walking,False,-2.2968344688415527,0.0005204839399084449,-0.0011954654536601717
283701,24.0,-0.00043711066246032715,19,lag_04__T_walking_count,T_walking_count,False,-2.3912696838378906,0.0004959760117344558,-0.0011860124007714301
283701,24.0,-0.00043711066246032715,20,lag_12__CT3__is_walking,CT3__is_walking,False,-2.387126922607422,-0.00046075513819232583,0.0010998809951086042
288853,104.5,-0.0003836234100162983,1,lag_15__T_place_EXTENDEDA,T_place_EXTENDEDA,False,-4.957779407501221,-0.001781801925972104,0.008833780896830512
288853,104.5,-0.0003836234100162983,2,lag_13__T_place_EXTENDEDA,T_place_EXTENDEDA,False,-4.957779407501221,-0.001509269466623664,0.007482625081997152
288853,104.5,-0.0003836234100162983,3,lag_14__T_place_EXTENDEDA,T_place_EXTENDEDA,False,4.957779407501221,-0.00136286742053926,-0.006756796032703849
288853,104.5,-0.0003836234100162983,4,lag_00__T_kills_last_3s,T_kills_last_3s,False,-3.1681017875671387,-0.0015159101458266377,0.004802557642784533
288853,104.5,-0.0003836234100162983,5,lag_00__kill_diff_last_3s,kill_diff_last_3s,False,2.4069459438323975,0.0013104755198583007,0.0031542437370145893
288853,104.5,-0.0003836234100162983,6,lag_00__T_place_ARAMP,T_place_ARAMP,False,9.047993659973145,-0.0003339512913953513,-0.0030215891672849826
288853,104.5,-0.0003836234100162983,7,lag_15__T_place_SHORTSTAIRS,T_place_SHORTSTAIRS,False,4.2027058601379395,0.0006826901808381081,0.0028691460236669464
288853,104.5,-0.0003836234100162983,8,lag_05__T1__duck_amount,T1__duck_amount,False,3.7356786727905273,-0.0006553102284669876,-0.0024480284445456135
288853,104.5,-0.0003836234100162983,9,lag_07__T1__duck_amount,T1__duck_amount,False,-3.915480136871338,-0.0005426298594102263,0.002124656436194028
288853,104.5,-0.0003836234100162983,10,lag_11__T2__flash_duration,T2__flash_duration,True,-5.729948043823242,-0.0003513276169542223,0.0020130889915079275
288853,104.5,-0.0003836234100162983,11,lag_02__T_kills_last_3s,T_kills_last_3s,False,3.1681017875671387,-0.000590842217206955,-0.0018718482845034856
288853,104.5,-0.0003836234100162983,12,lag_06__T5__duck_amount,T5__duck_amount,False,-2.057255983352661,0.0008852121536619961,-0.0018211079996576368
288853,104.5,-0.0003836234100162983,13,lag_01__T5__duck_amount,T5__duck_amount,False,-3.7970333099365234,-0.0004773600085172802,0.0018125518531716955
288853,104.5,-0.0003836234100162983,14,lag_13__T1__flash_duration,T1__flash_duration,True,-4.736575126647949,-0.0003767450398299843,0.0017844811847466946
288853,104.5,-0.0003836234100162983,15,lag_06__T2__is_walking,T2__is_walking,False,2.2968344688415527,0.000674963986966759,0.0015502805504919726
288853,104.5,-0.0003836234100162983,16,lag_03__CT3__is_walking,CT3__is_walking,False,-2.387126922607422,0.0006463254103437066,-0.0015428607877967515
288853,104.5,-0.0003836234100162983,17,lag_08__CT2__duck_amount,CT2__duck_amount,False,3.8097944259643555,-0.0003993554855696857,-0.0015214623029016772
288853,104.5,-0.0003836234100162983,18,lag_02__CT_place_UNDERA,CT_place_UNDERA,False,-3.054957389831543,-0.00045801213127560914,0.001399207545072917
288853,104.5,-0.0003836234100162983,19,lag_04__CT3__is_walking,CT3__is_walking,False,2.387126922607422,-0.0005710183177143335,-0.001363093199517884
288853,104.5,-0.0003836234100162983,20,lag_02__T_damage_last_5s,T_damage_last_5s,False,2.3978047370910645,-0.0005632958491332829,-0.0013506734554355193
287637,85.5,0.0003382563591003418,1,lag_15__T_place_EXTENDEDA,T_place_EXTENDEDA,False,4.957779407501221,-0.001781801925972104,-0.008833780896830512
287637,85.5,0.0003382563591003418,2,lag_13__T_place_EXTENDEDA,T_place_EXTENDEDA,False,4.957779884338379,-0.001509269466623664,-0.007482625801672915
287637,85.5,0.0003382563591003418,3,lag_13__T2__flash_duration,T2__flash_duration,True,-6.016905307769775,-0.0006648051785305142,0.004000069807333084
287637,85.5,0.0003382563591003418,4,lag_04__T5__duck_amount,T5__duck_amount,False,-3.7970333099365234,0.0010109859285876155,-0.0038387472467242834
287637,85.5,0.0003382563591003418,5,lag_04__T_flashed_players,T_flashed_players,False,5.788870811462402,0.0005418639630079269,0.003136780479239931
287637,85.5,0.0003382563591003418,6,lag_15__T_place_SHORTSTAIRS,T_place_SHORTSTAIRS,False,-4.202706336975098,0.0006826901808381081,-0.002869146349198992
287637,85.5,0.0003382563591003418,7,lag_09__T5__duck_amount,T5__duck_amount,False,3.7970333099365234,0.0007256350945681334,0.0027552606249341416
287637,85.5,0.0003382563591003418,8,lag_12__CT_place_BDOORS,CT_place_BDOORS,False,-4.810471534729004,0.0005382957751862705,-0.0025894565037984374
287637,85.5,0.0003382563591003418,9,lag_13__T1__flash_duration,T1__flash_duration,True,-6.376111030578613,-0.0003767450398299843,0.002402168204175742
287637,85.5,0.0003382563591003418,10,lag_06__T2__duck_amount,T2__duck_amount,False,2.976109504699707,0.0007415868458338082,0.002207043660446273
287637,85.5,0.0003382563591003418,11,lag_15__T4__is_scoped,T4__is_scoped,False,-4.644811153411865,-0.000439187278971076,0.002039941971801462
287637,85.5,0.0003382563591003418,12,lag_00__CT_place_MIDDOORS,CT_place_MIDDOORS,False,-2.8863234519958496,-0.0006399024277925491,0.0018469653843267153
287637,85.5,0.0003382563591003418,13,lag_08__CT_place_MIDDOORS,CT_place_MIDDOORS,False,2.8863232135772705,0.000601606850977987,0.0017364318194248857
287637,85.5,0.0003382563591003418,14,lag_04__CT_flashed_players,CT_flashed_players,False,4.379879951477051,0.00035610157647170126,0.0015596821554777762
287637,85.5,0.0003382563591003418,15,lag_06__T2__is_walking,T2__is_walking,False,-2.2968344688415527,0.000674963986966759,-0.0015502805504919726
287637,85.5,0.0003382563591003418,16,lag_12__T1__is_walking,T1__is_walking,False,2.281590461730957,0.0005943257710896432,0.0013560080104790262
287637,85.5,0.0003382563591003418,17,lag_05__CT_place_MIDDOORS,CT_place_MIDDOORS,False,-2.8863232135772705,0.00046401238068938255,-0.0013392897057710185
287637,85.5,0.0003382563591003418,18,lag_02__T5__duck_amount,T5__duck_amount,False,-3.7970333099365234,-0.0003271304885856807,0.0012421253618556394
287637,85.5,0.0003382563591003418,19,lag_10__T5__duck_amount,T5__duck_amount,False,-3.7970333099365234,0.00031917812884785235,-0.001211929987038507
287637,85.5,0.0003382563591003418,20,lag_12__CT5__is_walking,CT5__is_walking,False,2.396676540374756,0.0004820985486730933,0.0011554342817535201
287893,89.5,0.00027798861265182495,1,lag_03__T_place_EXTENDEDA,T_place_EXTENDEDA,False,-9.915559768676758,-0.0009837003890424967,0.009753940002021455
287893,89.5,0.00027798861265182495,2,lag_00__T_kills_last_3s,T_kills_last_3s,False,-3.1681017875671387,-0.0015159101458266377,0.004802557642784533
287893,89.5,0.00027798861265182495,3,lag_12__T2__flash_duration,T2__flash_duration,True,5.5919060707092285,-0.0005944013828411698,-0.003323836701147498
287893,89.5,0.00027798861265182495,4,lag_00__kill_diff_last_3s,kill_diff_last_3s,False,2.4069459438323975,0.0013104755198583007,0.0031542437370145893
287893,89.5,0.00027798861265182495,5,lag_06__T5__duck_amount,T5__duck_amount,False,3.4930522441864014,0.0008852121536619961,0.003092092299930113
287893,89.5,0.00027798861265182495,6,lag_05__T_place_EXTENDEDA,T_place_EXTENDEDA,False,4.957779884338379,-0.0005848931614309549,-0.0028997715502294685
287893,89.5,0.00027798861265182495,7,lag_02__T2__flash_duration,T2__flash_duration,True,-4.284423828125,0.000621056417003274,-0.0026608689116187634
287893,89.5,0.00027798861265182495,8,lag_12__T5__duck_amount,T5__duck_amount,False,-3.7970333099365234,0.0005918170209042728,-0.0022471489417609236
287893,89.5,0.00027798861265182495,9,lag_03__T_place_SHORTSTAIRS,T_place_SHORTSTAIRS,False,4.2027058601379395,0.00043433194514364004,0.001825369411100286
287893,89.5,0.00027798861265182495,10,lag_02__CT4__flash_duration,CT4__flash_duration,True,6.394191265106201,-0.0002833537000697106,-0.001811817753921266
287893,89.5,0.00027798861265182495,11,lag_08__CT_place_MIDDOORS,CT_place_MIDDOORS,False,-2.8863234519958496,0.000601606850977987,-0.0017364319628591363
287893,89.5,0.00027798861265182495,12,lag_06__T_shots_fired_sum,T_shots_fired_sum,False,5.248159408569336,-0.0003248683060519397,-0.00170496065695247
287893,89.5,0.00027798861265182495,13,lag_07__CT_flashed_players,CT_flashed_players,False,-2.1899399757385254,-0.0007714261882938445,0.0016893770480762849
287893,89.5,0.00027798861265182495,14,lag_05__T_shots_fired_sum,T_shots_fired_sum,False,-5.248159408569336,-0.00031963145011104643,0.0016774768021749487
287893,89.5,0.00027798861265182495,15,lag_11__T5__duck_amount,T5__duck_amount,False,3.7970333099365234,-0.00042469444451853633,-0.0016125789523818712
287893,89.5,0.00027798861265182495,16,lag_03__CT_place_MIDDOORS,CT_place_MIDDOORS,False,-2.8863234519958496,0.0005262577906250954,-0.0015189502028767343
287893,89.5,0.00027798861265182495,17,lag_06__CT_place_MIDDOORS,CT_place_MIDDOORS,False,2.8863234519958496,0.000514211889822036,0.0014841818368884485
287893,89.5,0.00027798861265182495,18,lag_11__CT5__is_scoped,CT5__is_scoped,False,3.5760385990142822,0.0004088018322363496,0.0014618911314249472
287893,89.5,0.00027798861265182495,19,lag_10__CT5__is_scoped,CT5__is_scoped,False,-3.5760385990142822,0.0003877825220115483,-0.0013867252667364022
287893,89.5,0.00027798861265182495,20,lag_07__CT5__is_scoped,CT5__is_scoped,False,3.5760385990142822,0.0003665765398181975,0.0013108918558829702
282517,5.5,-0.0002543926239013672,1,lag_04__T_he_last_5s,T_he_last_5s,True,13.051742553710938,0.00023478716320823878,0.003064381609110045
282517,5.5,-0.0002543926239013672,2,lag_07__CT_place_UNDERA,CT_place_UNDERA,False,6.1099138259887695,-0.00048298120964318514,-0.0029509735704916773
282517,5.5,-0.0002543926239013672,3,lag_01__CT_place_UNDERA,CT_place_UNDERA,False,-3.054957389831543,-0.0009031278314068913,0.0027590170425190186
282517,5.5,-0.0002543926239013672,4,lag_02__CT_place_MIDDOORS,CT_place_MIDDOORS,False,2.8863232135772705,0.0006204587407410145,0.0017908444664677114
282517,5.5,-0.0002543926239013672,5,lag_04__CT_place_MIDDOORS,CT_place_MIDDOORS,False,2.8863234519958496,0.0005027591832913458,0.0014511256214400914
282517,5.5,-0.0002543926239013672,6,lag_02__CT_place_UNDERA,CT_place_UNDERA,False,-3.0549564361572266,-0.00045801213127560914,0.0013992071082785107
282517,5.5,-0.0002543926239013672,7,lag_02__CT2__is_walking,CT2__is_walking,False,-2.360051155090332,0.000537299201823771,-0.0012680536018933042
282517,5.5,-0.0002543926239013672,8,lag_08__CT_place_UNDERA,CT_place_UNDERA,False,3.054957389831543,-0.0004104870022274554,-0.0012540203008845618
282517,5.5,-0.0002543926239013672,9,lag_01__T4__is_scoped,T4__is_scoped,False,-4.644811153411865,0.00023923513072077185,-0.0011112020034597866
282517,5.5,-0.0002543926239013672,10,lag_11__CT_money_sum,CT_money_sum,False,4.302239894866943,-0.00022191740572452545,-0.0009547419162734272
282517,5.5,-0.0002543926239013672,11,lag_11__CT_start_balance_sum,CT_start_balance_sum,False,4.300045013427734,-0.0002210612437920645,-0.0009505732990301996
282517,5.5,-0.0002543926239013672,12,lag_10__CT_velocity_mean,CT_velocity_mean,False,3.4858005046844482,-0.00025520860799588263,-0.0008896062945518632
282517,5.5,-0.0002543926239013672,13,lag_11__round_num,round_num,False,2.7023725509643555,-0.00030963323661126196,-0.0008367443594845259
282517,5.5,-0.0002543926239013672,14,lag_05__T4__is_walking,T4__is_walking,False,2.307980537414551,-0.00035889603896066546,-0.0008283250728763902
282517,5.5,-0.0002543926239013672,15,lag_07__CT_place_CTSPAWN,CT_place_CTSPAWN,False,-2.0815834999084473,-0.000372680980945006,0.000775766580664819
282517,5.5,-0.0002543926239013672,16,lag_02__T_place_OUTSIDETUNNEL,T_place_OUTSIDETUNNEL,False,4.998117923736572,0.0001453827862860635,0.0007266403099391375
282517,5.5,-0.0002543926239013672,17,lag_02__CT_macro_MID,CT_macro_MID,False,1.7316291332244873,0.00041179987601935863,0.0007130846623733533
282517,5.5,-0.0002543926239013672,18,lag_01__CT_place_LONGA,CT_place_LONGA,False,2.67120623588562,0.000253059872193262,0.0006759751086550594
282517,5.5,-0.0002543926239013672,19,lag_04__CT2__is_walking,CT2__is_walking,False,2.360051155090332,-0.00026572507340461016,-0.0006271247664250135
282517,5.5,-0.0002543926239013672,20,lag_11__CT_walking_count,CT_walking_count,False,-1.0355465412139893,0.0005954737425781786,-0.0006166407745105823
288373,97.0,0.00024208799004554749,1,lag_06__T2__flash_duration,T2__flash_duration,True,5.729948043823242,-0.001094106468372047,-0.006269173218182766
288373,97.0,0.00024208799004554749,2,lag_06__T_flashed_players,T_flashed_players,False,5.788870811462402,-0.0009744324488565326,-0.005640863560927412
288373,97.0,0.00024208799004554749,3,lag_13__T5__flash_duration,T5__flash_duration,True,-2.5242340564727783,0.0016730723436921835,-0.004223226188890539
288373,97.0,0.00024208799004554749,4,lag_06__CT4__flash_duration,CT4__flash_duration,True,-5.912312984466553,-0.0006167448009364307,0.0036463882946786985
288373,97.0,0.00024208799004554749,5,lag_00__T_place_SHORTSTAIRS,T_place_SHORTSTAIRS,False,4.2027058601379395,0.0007216664380393922,0.003032951768213027
288373,97.0,0.00024208799004554749,6,lag_05__T_place_EXTENDEDA,T_place_EXTENDEDA,False,4.957779407501221,-0.0005848931614309549,-0.0028997712713306756
288373,97.0,0.00024208799004554749,7,lag_11__T_place_EXTENDEDA,T_place_EXTENDEDA,False,-4.957779407501221,-0.0005728630931116641,0.0028401288463464625
288373,97.0,0.00024208799004554749,8,lag_06__T_flash_duration_sum,T_flash_duration_sum,True,5.337976932525635,-0.00044799852184951305,-0.0023914057754382823
288373,97.0,0.00024208799004554749,9,lag_06__CT_flashed_players,CT_flashed_players,False,2.1899399757385254,-0.001081768306903541,-0.0023690076597750465
288373,97.0,0.00024208799004554749,10,lag_03__T_bomb_zone_count,T_bomb_zone_count,False,-5.821373462677002,-0.00036227257805876434,0.0021089239721668734
288373,97.0,0.00024208799004554749,11,lag_00__T_place_EXTENDEDA,T_place_EXTENDEDA,False,-4.957779407501221,-0.00041461060754954815,0.00205554793224072
288373,97.0,0.00024208799004554749,12,lag_09__T1__duck_amount,T1__duck_amount,False,3.5239322185516357,0.00046269988524727523,0.0016305230331430179
288373,97.0,0.00024208799004554749,13,lag_06__CT_flash_duration_sum,CT_flash_duration_sum,True,-1.9851057529449463,-0.0008011011523194611,0.001590270506160188
288373,97.0,0.00024208799004554749,14,lag_10__T1__flash_duration,T1__flash_duration,True,-4.363584518432617,-0.00035338991438038647,0.0015420467593604825
288373,97.0,0.00024208799004554749,15,lag_07__CT_place_UNDERA,CT_place_UNDERA,False,3.054957389831543,-0.00048298120964318514,-0.0014754870155492261
288373,97.0,0.00024208799004554749,16,lag_05__T2__duck_amount,T2__duck_amount,False,3.8233180046081543,0.0003783269494306296,0.001446464237386605
288373,97.0,0.00024208799004554749,17,lag_08__CT_place_UNDERA,CT_place_UNDERA,False,3.054957389831543,-0.0004104870022274554,-0.0012540203008845618
288373,97.0,0.00024208799004554749,18,lag_03__CT2__flash_duration,CT2__flash_duration,True,-1.451656460762024,-0.0007721625152043998,0.0011209147039547215
288373,97.0,0.00024208799004554749,19,lag_02__T5__is_walking,T5__is_walking,False,2.3193888664245605,-0.00048231915570795536,-0.0011186856798123257
288373,97.0,0.00024208799004554749,20,lag_12__T3__is_walking,T3__is_walking,False,2.3223767280578613,0.0004784365592058748,0.0011111099309518008
284021,29.0,0.00017648935317993164,1,lag_00__T3__is_walking,T3__is_walking,False,2.3223767280578613,-0.0005952675710432231,-0.001382435553958311
284021,29.0,0.00017648935317993164,2,lag_11__CT4__is_walking,CT4__is_walking,False,2.384641170501709,0.0005132672376930714,0.0012239581864725846
284021,29.0,0.00017648935317993164,3,lag_11__T2__is_walking,T2__is_walking,False,2.2968344688415527,-0.00048056713421829045,-0.0011037831584649743
284021,29.0,0.00017648935317993164,4,lag_08__T_shots_fired_sum,T_shots_fired_sum,False,-4.498422145843506,-0.00024086161283776164,0.0010834972132729714
284021,29.0,0.00017648935317993164,5,lag_11__CT_walking_count,CT_walking_count,False,1.7948951721191406,0.0005954737425781786,0.0010688129456772888
284021,29.0,0.00017648935317993164,6,lag_14__CT5__duck_amount,CT5__duck_amount,False,-3.7749595642089844,0.00025938815088011324,-0.0009791797810073666
284021,29.0,0.00017648935317993164,7,lag_15__CT_flashed_players,CT_flashed_players,False,-2.1899399757385254,-0.0004429650725796819,0.0009700669202981627
284021,29.0,0.00017648935317993164,8,lag_14__T3__is_walking,T3__is_walking,False,-2.3223767280578613,0.000413966306950897,-0.0009613857174628204
284021,29.0,0.00017648935317993164,9,lag_15__CT2__flash_duration,CT2__flash_duration,True,-8.07532024383545,0.00011763334623537958,-0.0009499269422046652
284021,29.0,0.00017648935317993164,10,lag_13__T_shots_fired_sum,T_shots_fired_sum,False,3.748685359954834,0.00024284124083351344,0.0009103354043058579
284021,29.0,0.00017648935317993164,11,lag_05__T3__is_walking,T3__is_walking,False,-2.3223767280578613,0.00037997859180904925,-0.0008824534387775335
284021,29.0,0.00017648935317993164,12,lag_15__CT3__is_walking,CT3__is_walking,False,-2.387126922607422,-0.0003520298341754824,0.0008403398947213203
284021,29.0,0.00017648935317993164,13,lag_09__T2__is_walking,T2__is_walking,False,2.2968344688415527,0.00036144626210443676,0.0008301822334354086
284021,29.0,0.00017648935317993164,14,lag_06__T_active_infernos,T_active_infernos,True,2.082643508911133,0.0003952899423893541,0.000823248032655044
284021,29.0,0.00017648935317993164,15,lag_09__T3__shots_fired,T3__shots_fired,False,3.027853012084961,0.0002709266555029899,0.0008203260899188325
284021,29.0,0.00017648935317993164,16,lag_13__CT3__is_walking,CT3__is_walking,False,-2.387126922607422,-0.00033269060077145696,0.0007941746899999824
284021,29.0,0.00017648935317993164,17,lag_10__T3__is_walking,T3__is_walking,False,2.3223767280578613,-0.00031775125535205007,-0.000737938120740772
284021,29.0,0.00017648935317993164,18,lag_04__CT5__duck_amount,CT5__duck_amount,False,3.7749595642089844,-0.00019479016191326082,-0.0007353249847282806
284021,29.0,0.00017648935317993164,19,lag_14__T2__is_walking,T2__is_walking,False,-2.2968344688415527,-0.00031520536867901683,0.0007239745555458754
284021,29.0,0.00017648935317993164,20,lag_09__T_shots_fired_sum,T_shots_fired_sum,False,3.748685359954834,0.0001922849623952061,0.0007208158234703749
288469,98.5,-0.00013136118650436401,1,lag_02__T_place_EXTENDEDA,T_place_EXTENDEDA,False,4.957779407501221,-0.0014909912133589387,-0.007392005534356205
288469,98.5,-0.00013136118650436401,2,lag_14__T_place_EXTENDEDA,T_place_EXTENDEDA,False,-4.957779407501221,-0.00136286742053926,0.006756796032703849
288469,98.5,-0.00013136118650436401,3,lag_03__T_place_EXTENDEDA,T_place_EXTENDEDA,False,-4.957779407501221,-0.0009837003890424967,0.0048769695319458295
288469,98.5,-0.00013136118650436401,4,lag_02__T_place_SHORTSTAIRS,T_place_SHORTSTAIRS,False,-4.2027058601379395,0.0009662153315730393,-0.0040607188361571345
288469,98.5,-0.00013136118650436401,5,lag_09__T2__flash_duration,T2__flash_duration,True,5.729948043823242,-0.0005247771041467786,-0.0030069455413490598
288469,98.5,-0.00013136118650436401,6,lag_00__CT_shots_fired_sum,CT_shots_fired_sum,False,-9.031633377075195,0.0003156876773573458,-0.00285117536355195
288469,98.5,-0.00013136118650436401,7,lag_06__T2__duck_amount,T2__duck_amount,False,-3.8233180046081543,0.0007415868458338082,-0.0028353223396569704
288469,98.5,-0.00013136118650436401,8,lag_02__T4__is_scoped,T4__is_scoped,False,4.644811153411865,0.000603504478931427,0.002803164334874708
288469,98.5,-0.00013136118650436401,9,lag_08__T2__duck_amount,T2__duck_amount,False,3.8233180046081543,-0.0007068535778671503,-0.0027025260108811677
288469,98.5,-0.00013136118650436401,10,lag_01__T_place_EXTENDEDA,T_place_EXTENDEDA,False,-4.957779407501221,-0.0005050901672802866,0.0025041256302735515
288469,98.5,-0.00013136118650436401,11,lag_06__CT_flashed_players,CT_flashed_players,False,-2.1899399757385254,-0.001081768306903541,0.0023690076597750465
288469,98.5,-0.00013136118650436401,12,lag_01__kill_diff_last_3s,kill_diff_last_3s,False,2.4069459438323975,0.0007894911686889827,0.001900262566167446
288469,98.5,-0.00013136118650436401,13,lag_06__T1__duck_amount,T1__duck_amount,False,-3.915480136871338,-0.00046816820395179093,0.0018331033032879668
288469,98.5,-0.00013136118650436401,14,lag_03__T_place_SHORTSTAIRS,T_place_SHORTSTAIRS,False,4.2027058601379395,0.00043433194514364004,0.001825369411100286
288469,98.5,-0.00013136118650436401,15,lag_08__T_place_EXTENDEDA,T_place_EXTENDEDA,False,4.957779407501221,-0.00035777021548710763,-0.0017737458069592565
288469,98.5,-0.00013136118650436401,16,lag_06__T_bomb_zone_count,T_bomb_zone_count,False,-5.821373462677002,-0.00028902318445034325,0.0016825118960576285
288469,98.5,-0.00013136118650436401,17,lag_09__CT4__flash_duration,CT4__flash_duration,True,-5.912312984466553,-0.00028248969465494156,0.0016701674896864027
288469,98.5,-0.00013136118650436401,18,lag_01__CT_shots_fired_sum,CT_shots_fired_sum,False,3.4737048149108887,0.0004758181457873434,0.0016528517840434659
288469,98.5,-0.00013136118650436401,19,lag_13__T1__flash_duration,T1__flash_duration,True,-4.363584518432617,-0.0003767450398299843,0.0016439588231983993
288469,98.5,-0.00013136118650436401,20,lag_08__T_place_SHORTSTAIRS,T_place_SHORTSTAIRS,False,-4.2027058601379395,0.0003702975809574127,-0.0015562518134846215
