group,rows,with_utility_correct,no_utility_correct,with_minus_no,with_win_rate,mean_abs_delta,mean_delta,ct_win_rate
all_flips,13781,6951,6830,121,0.5043901023147812,0.013171415993466511,0.0017211580951166097,0.48806327552427253
any_utility_nonzero,13781,6951,6830,121,0.5043901023147812,0.013171415993466511,0.0017211580951166097,0.48806327552427253
active_or_recent_utility,9618,4839,4779,60,0.5031191515907674,0.013634266760578186,0.0023290267839032024,0.48960282803077565
strong_utility_action,9320,4706,4614,92,0.5049356223175966,0.013687660233276932,0.002246486562433584,0.49334763948497856
utility_damage,1519,780,739,41,0.5134957208689928,0.015356825757603687,0.003452989751810402,0.5075707702435813
active_smoke_or_inferno,8872,4532,4340,192,0.5108205590622182,0.013553997570106065,0.0020710981883815373,0.49977457168620376
recent_utility_last_5s,2004,1006,998,8,0.501996007984032,0.014056459710059881,0.0032628876196407184,0.49650698602794413
flash_effect,2963,1361,1602,-241,0.4593317583530206,0.015221690774691191,0.0036047458285420183,0.4333445831927101
