group,rows,with_utility_correct,no_utility_correct,with_minus_no,with_win_rate,mean_abs_delta,mean_delta,ct_win_rate
all_flips,14855,7822,7033,789,0.5265567149108045,0.014132587503393471,0.0006263329612837428,0.5004375631100639
any_utility_nonzero,14855,7822,7033,789,0.5265567149108045,0.014132587503393471,0.0006263329612837428,0.5004375631100639
active_or_recent_utility,10548,5579,4969,610,0.5289154342055365,0.014416151552886803,0.0008655788834461511,0.4991467576791809
strong_utility_action,10244,5426,4818,608,0.5296759078484967,0.01453841791496974,0.0008092103339017963,0.5006833268254588
utility_damage,1537,798,739,59,0.5191932335718933,0.01518897802396877,0.0011012581990110604,0.49316851008458035
active_smoke_or_inferno,9794,5226,4568,658,0.5335919950990402,0.014487732113533795,0.0007564597379507861,0.5065346130283848
recent_utility_last_5s,2075,1078,997,81,0.5195180722891566,0.013895447069522891,0.0017999630210409632,0.491566265060241
flash_effect,3161,1566,1595,-29,0.4954128440366973,0.015319264749294528,-2.7889429762733135e-05,0.4789623536855426
