tick,seconds_in_round,lstm_delta_from_prev,rank,feature,base_feature,is_utility,feature_delta_scaled,coefficient,ridge_delta_contribution
27545,0.5,-0.036644548177719116,1,lag_01__CT_place_CTSPAWN,CT_place_CTSPAWN,False,4.78255033493042,-0.0003604583616834134,-0.0017239102583974791
27545,0.5,-0.036644548177719116,2,lag_01__T_place_TSPAWN,T_place_TSPAWN,False,4.428390979766846,-0.00034275284269824624,-0.0015178435968943582
27545,0.5,-0.036644548177719116,3,lag_00__T_velocity_mean,T_velocity_mean,False,3.3478081226348877,-0.0002619743172544986,-0.0008770397472263394
27545,0.5,-0.036644548177719116,4,lag_01__smoke_inv_diff,smoke_inv_diff,True,-3.1856415271759033,0.0002078296965919435,-0.0006620709120436635
27545,0.5,-0.036644548177719116,5,lag_01__utility_inv_diff,utility_inv_diff,True,-3.078141927719116,0.00020739105821121484,-0.0006383791117139763
27545,0.5,-0.036644548177719116,6,lag_01__T_closest_enemy_dist,T_closest_enemy_dist,False,2.759784460067749,-0.00021664118685293943,-0.0005978829808873758
27545,0.5,-0.036644548177719116,7,lag_01__CT_closest_enemy_dist,CT_closest_enemy_dist,False,2.8209149837493896,-0.00019760915893130004,-0.0005574386373554188
27545,0.5,-0.036644548177719116,8,lag_01__T3__has_bomb,T3__has_bomb,False,2.798933982849121,-0.0001867056271294132,-0.0005225767245616714
27545,0.5,-0.036644548177719116,9,lag_01__molly_inv_diff,molly_inv_diff,True,-2.789611339569092,0.00018397292296867818,-0.0005132129520870957
27545,0.5,-0.036644548177719116,10,lag_00__CT_velocity_mean,CT_velocity_mean,False,3.494415283203125,-0.00013975588080938905,-0.0004883650858178434
27545,0.5,-0.036644548177719116,11,lag_01__centroid_distance_xy,centroid_distance_xy,False,2.58353590965271,-0.00018277313211001456,-0.0004722009501259214
27545,0.5,-0.036644548177719116,12,lag_01__armor_diff,armor_diff,False,-2.209538698196411,0.00018623560026753694,-0.00041149476577296076
27545,0.5,-0.036644548177719116,13,lag_01__T1__utility_total,T1__utility_total,True,2.255070209503174,-0.00016368782962672412,-0.0003691275482494566
27545,0.5,-0.036644548177719116,14,lag_01__T1__flash,T1__flash,True,2.0511317253112793,-0.0001599352399352938,-0.0003280482446265526
27545,0.5,-0.036644548177719116,15,lag_01__T_molly_inv,T_molly_inv,True,2.267718553543091,-0.00013913931616116315,-0.0003155288087859677
27545,0.5,-0.036644548177719116,16,lag_01__equip_diff,equip_diff,False,-1.980928659439087,0.00015793948841746897,-0.000312866859063312
27545,0.5,-0.036644548177719116,17,lag_01__CT_mean_Y,CT_mean_Y,False,-1.900733232498169,0.000160230410983786,-0.00030455526701372165
27545,0.5,-0.036644548177719116,18,lag_01__T_smoke_inv,T_smoke_inv,True,2.281003952026367,-0.00013252459757495672,-0.0003022891308091802
27545,0.5,-0.036644548177719116,19,lag_01__CT4__Y,CT4__Y,False,-1.749888300895691,0.00015084576443769038,-0.00026396323842918165
27545,0.5,-0.036644548177719116,20,lag_01__CT_spread_xy,CT_spread_xy,False,-1.6141477823257446,0.0001618102251086384,-0.0002611856160167382
28025,8.0,0.014409460127353668,1,lag_04__CT_place_SHOP,CT_place_SHOP,False,10.03160572052002,0.00030641333432868123,0.003073817757495212
28025,8.0,0.014409460127353668,2,lag_00__CT_place_SHOP,CT_place_SHOP,False,-5.01580286026001,-0.00016559797222726047,0.0008306067827507507
28025,8.0,0.014409460127353668,3,lag_01__T1__duck_amount,T1__duck_amount,False,3.915480136871338,0.000136607835884206,0.0005348852679455882
28025,8.0,0.014409460127353668,4,lag_12__T_place_SIDEALLEY,T_place_SIDEALLEY,False,3.1883161067962646,0.0001614806824363768,0.0005148514607483529
28025,8.0,0.014409460127353668,5,lag_03__CT_place_SNIPERSNEST,CT_place_SNIPERSNEST,False,5.355666637420654,9.207031689584255e-05,0.0004930979244958111
28025,8.0,0.014409460127353668,6,lag_00__CT3__duck_amount,CT3__duck_amount,False,3.7208433151245117,0.000104247905255761,0.00038789012138663176
28025,8.0,0.014409460127353668,7,lag_15__T_velocity_mean,T_velocity_mean,False,3.3478081226348877,0.00011172444646945223,0.0003740320093873189
28025,8.0,0.014409460127353668,8,lag_01__T4__molly,T4__molly,True,-2.1796157360076904,-0.00015729013830423355,0.00034283206056673343
28025,8.0,0.014409460127353668,9,lag_06__CT3__duck_amount,CT3__duck_amount,False,-3.7208433151245117,-9.003117156680673e-05,0.00033499188287718085
28025,8.0,0.014409460127353668,10,lag_04__T5__duck_amount,T5__duck_amount,False,-3.7970333099365234,-6.774971552658826e-05,0.0002572479265931793
28025,8.0,0.014409460127353668,11,lag_05__T_place_PALACEALLEY,T_place_PALACEALLEY,False,3.4808406829833984,7.384469790849835e-05,0.0002570416287025201
28025,8.0,0.014409460127353668,12,lag_15__CT_velocity_mean,CT_velocity_mean,False,3.494415283203125,7.249134068842977e-05,0.00025331484880153354
28025,8.0,0.014409460127353668,13,lag_05__T3__duck_amount,T3__duck_amount,False,-3.7704498767852783,-6.397163815563545e-05,0.00024120185520166808
28025,8.0,0.014409460127353668,14,lag_02__T3__is_walking,T3__is_walking,False,2.3223767280578613,9.974709246307611e-05,0.00023165032622768367
28025,8.0,0.014409460127353668,15,lag_09__T_place_PALACEALLEY,T_place_PALACEALLEY,False,3.4808404445648193,6.036603735992685e-05,0.00021012454432054427
28025,8.0,0.014409460127353668,16,lag_04__T_place_PALACEALLEY,T_place_PALACEALLEY,False,3.4808402061462402,4.9905011110240594e-05,0.00017371136916070028
28025,8.0,0.014409460127353668,17,lag_04__T_place_PALACEINTERIOR,T_place_PALACEINTERIOR,False,3.35436749458313,5.167870767763816e-05,0.00017334937719593307
28025,8.0,0.014409460127353668,18,lag_07__T3__duck_amount,T3__duck_amount,False,2.2287490367889404,7.301103323698044e-05,0.00016272327000188547
28025,8.0,0.014409460127353668,19,lag_03__T_place_TOPOFMID,T_place_TOPOFMID,False,2.0359649658203125,6.776942609576508e-05,0.00013797617728472655
28025,8.0,0.014409460127353668,20,lag_04__CT_place_CTSPAWN,CT_place_CTSPAWN,False,-2.0815834999084473,-5.9344205510569736e-05,0.00012352991900597791
29785,35.5,-0.013222509995102882,1,lag_06__CT_place_LADDER,CT_place_LADDER,False,-10.398283004760742,0.00015162273484747857,-0.0015766161068998807
29785,35.5,-0.013222509995102882,2,lag_10__CT_place_UNDERPASS,CT_place_UNDERPASS,False,5.7987165451049805,-0.00010960432700812817,-0.0006355644244371295
29785,35.5,-0.013222509995102882,3,lag_06__CT_place_SNIPERSNEST,CT_place_SNIPERSNEST,False,5.355666637420654,-8.62921224324964e-05,-0.0004621518411839394
29785,35.5,-0.013222509995102882,4,lag_02__T_utility_damage_last_5s,T_utility_damage_last_5s,True,2.427117109298706,-0.00017302355263382196,-0.0004199484249091945
29785,35.5,-0.013222509995102882,5,lag_00__CT1__is_walking,CT1__is_walking,False,-2.3343825340270996,0.000178111920831725,-0.00041578135709159636
29785,35.5,-0.013222509995102882,6,lag_00__T_shots_fired_sum,T_shots_fired_sum,False,3.748685598373413,-8.412567694904283e-05,-0.00031536071363229105
29785,35.5,-0.013222509995102882,7,lag_01__T_place_TRAMP,T_place_TRAMP,False,2.926727294921875,-9.896144911181182e-05,-0.0002896331742605618
29785,35.5,-0.013222509995102882,8,lag_10__CT4__duck_amount,CT4__duck_amount,False,3.6725916862487793,-7.632784399902448e-05,-0.0002803210053001111
29785,35.5,-0.013222509995102882,9,lag_00__T_kills_last_3s,T_kills_last_3s,False,3.1681017875671387,-8.844123658491299e-05,-0.00028019083971931105
29785,35.5,-0.013222509995102882,10,lag_01__T_place_PALACEALLEY,T_place_PALACEALLEY,False,-3.4808406829833984,7.636902591912076e-05,-0.00026582841233908916
29785,35.5,-0.013222509995102882,11,lag_00__T2__shots_fired,T2__shots_fired,False,2.9418325424194336,-8.274886204162613e-05,-0.00024343329520223195
29785,35.5,-0.013222509995102882,12,lag_02__T_place_TRAMP,T_place_TRAMP,False,2.926727533340454,-8.258190064225346e-05,-0.00024169472236526893
29785,35.5,-0.013222509995102882,13,lag_00__CT_place_PALACEINTERIOR,CT_place_PALACEINTERIOR,False,-4.075206756591797,5.919123941566795e-05,-0.00024121653879777272
29785,35.5,-0.013222509995102882,14,lag_05__T4__is_walking,T4__is_walking,False,2.307980537414551,-9.220055653713644e-05,-0.00021279709002650082
29785,35.5,-0.013222509995102882,15,lag_03__CT4__is_walking,CT4__is_walking,False,-2.384641170501709,8.341158536495641e-05,-0.00019890670055809287
29785,35.5,-0.013222509995102882,16,lag_11__CT1__is_walking,CT1__is_walking,False,2.3343825340270996,-8.448235894320533e-05,-0.00019721414315042665
29785,35.5,-0.013222509995102882,17,lag_01__T2__duck_amount,T2__duck_amount,False,3.8233180046081543,-5.098300243844278e-05,-0.00019492423115187972
29785,35.5,-0.013222509995102882,18,lag_00__CT5__alive,CT5__alive,False,-2.4316041469573975,7.738022395642474e-05,-0.00018815807346493456
29785,35.5,-0.013222509995102882,19,lag_02__CT5__is_walking,CT5__is_walking,False,-2.396676540374756,7.761717279208824e-05,-0.00018602325716101167
29785,35.5,-0.013222509995102882,20,lag_08__T_place_PALACEALLEY,T_place_PALACEALLEY,False,3.4808402061462402,-5.153307574801147e-05,-0.00017937840201005806
28089,9.0,0.010115444660186768,1,lag_00__CT_place_LADDER,CT_place_LADDER,False,10.398283004760742,0.0003027618513442576,0.003148203413322892
28089,9.0,0.010115444660186768,2,lag_06__CT_place_SHOP,CT_place_SHOP,False,10.03160572052002,0.00015577455633319914,0.0015626689304235886
28089,9.0,0.010115444660186768,3,lag_01__CT_place_SHOP,CT_place_SHOP,False,-5.015803337097168,-8.906698349164799e-05,0.00044674247302258635
28089,9.0,0.010115444660186768,4,lag_00__T1__is_walking,T1__is_walking,False,2.281590461730957,0.00017556345846969634,0.0004005639122729582
28089,9.0,0.010115444660186768,5,lag_00__CT_walking_count,CT_walking_count,False,2.692342758178711,0.00014486192958429456,0.0003900179670520698
28089,9.0,0.010115444660186768,6,lag_00__CT3__duck_amount,CT3__duck_amount,False,-3.7208433151245117,0.000104247905255761,-0.00038789012138663176
28089,9.0,0.010115444660186768,7,lag_01__T2__is_walking,T2__is_walking,False,2.2968344688415527,0.00016886730736587197,0.00038786025221839576
28089,9.0,0.010115444660186768,8,lag_00__CT_place_SNIPERSNEST,CT_place_SNIPERSNEST,False,-5.355666637420654,-7.149525481509045e-05,0.0003829047509470683
28089,9.0,0.010115444660186768,9,lag_14__T_place_SIDEALLEY,T_place_SIDEALLEY,False,3.1883161067962646,0.00010478388867340982,0.0003340841599901792
28089,9.0,0.010115444660186768,10,lag_02__CT3__duck_amount,CT3__duck_amount,False,3.7208433151245117,8.071406773524359e-05,0.00030032439936918814
28089,9.0,0.010115444660186768,11,lag_07__T3__duck_amount,T3__duck_amount,False,-3.7704498767852783,7.301103323698044e-05,-0.00027528444127233875
28089,9.0,0.010115444660186768,12,lag_02__CT_place_SHOP,CT_place_SHOP,False,-5.01580286026001,4.8219531890936196e-05,-0.00024185966597895653
28089,9.0,0.010115444660186768,13,lag_05__CT_place_SNIPERSNEST,CT_place_SNIPERSNEST,False,5.355666637420654,4.0907743823481724e-05,0.0002190882388075719
28089,9.0,0.010115444660186768,14,lag_03__T1__duck_amount,T1__duck_amount,False,3.915480136871338,5.463721026899293e-05,0.0002139309115423045
28089,9.0,0.010115444660186768,15,lag_00__T_place_TRAMP,T_place_TRAMP,False,2.926727294921875,-7.261516293510795e-05,-0.00021252477938737968
28089,9.0,0.010115444660186768,16,lag_00__CT3__is_walking,CT3__is_walking,False,2.387126922607422,8.02017530077137e-05,0.00019145176384502416
28089,9.0,0.010115444660186768,17,lag_00__CT5__is_walking,CT5__is_walking,False,2.396676540374756,7.740574073977768e-05,0.00018551652292135568
28089,9.0,0.010115444660186768,18,lag_01__T_B_site_active_smokes,T_B_site_active_smokes,True,1.514785647392273,9.897836571326479e-05,0.00014993100778479696
28089,9.0,0.010115444660186768,19,lag_00__CT_velocity_mean,CT_velocity_mean,False,-1.0718724727630615,-0.00013975588080938905,0.00014980048154633954
28089,9.0,0.010115444660186768,20,lag_01__T_place_TOPOFMID,T_place_TOPOFMID,False,-2.0359649658203125,7.200829713838175e-05,-0.0001466063702221243
28057,8.5,0.008943725377321243,1,lag_05__CT_place_SHOP,CT_place_SHOP,False,10.03160572052002,0.00022097959299571812,0.0022167801492140315
28057,8.5,0.008943725377321243,2,lag_00__CT_place_SHOP,CT_place_SHOP,False,-5.015803337097168,-0.00016559797222726047,0.0008306068617140172
28057,8.5,0.008943725377321243,3,lag_01__CT3__duck_amount,CT3__duck_amount,False,3.7208433151245117,0.00015734080807305872,0.0005854404939149294
28057,8.5,0.008943725377321243,4,lag_13__T_place_SIDEALLEY,T_place_SIDEALLEY,False,3.1883161067962646,0.00016220295219682157,0.0005171542850590308
28057,8.5,0.008943725377321243,5,lag_01__CT_place_SHOP,CT_place_SHOP,False,-5.01580286026001,-8.906698349164799e-05,0.00044674243055213905
28057,8.5,0.008943725377321243,6,lag_02__T1__duck_amount,T1__duck_amount,False,3.915480136871338,9.069255611393601e-05,0.00035510490202620565
28057,8.5,0.008943725377321243,7,lag_04__CT_place_SNIPERSNEST,CT_place_SNIPERSNEST,False,5.355666637420654,5.945040538790636e-05,0.0003183965527171432
28057,8.5,0.008943725377321243,8,lag_00__T2__is_walking,T2__is_walking,False,2.2968344688415527,0.00013422734627965838,0.0003082979955962503
28057,8.5,0.008943725377321243,9,lag_05__T_place_PALACEALLEY,T_place_PALACEALLEY,False,3.4808402061462402,7.384469790849835e-05,0.0002570415934906242
28057,8.5,0.008943725377321243,10,lag_03__T3__is_walking,T3__is_walking,False,2.3223767280578613,8.213894034270197e-05,0.00019075756351922407
28057,8.5,0.008943725377321243,11,lag_04__T_place_SIDEALLEY,T_place_SIDEALLEY,False,-3.1883161067962646,-5.090148260933347e-05,0.00016229001686314786
28057,8.5,0.008943725377321243,12,lag_02__T4__molly,T4__molly,True,-2.1796157360076904,-6.768400635337457e-05,0.0001475251253238597
28057,8.5,0.008943725377321243,13,lag_00__T_velocity_mean,T_velocity_mean,False,-0.5379563570022583,-0.0002619743172544986,0.00014093074933838393
28057,8.5,0.008943725377321243,14,lag_06__T_place_PALACEALLEY,T_place_PALACEALLEY,False,3.4808406829833984,3.975813524448313e-05,0.00013839173463855298
28057,8.5,0.008943725377321243,15,lag_01__CT_place_BOMBSITEB,CT_place_BOMBSITEB,False,1.2252663373947144,0.00011062548583140597,0.00013554568384715766
28057,8.5,0.008943725377321243,16,lag_01__CT_macro_B,CT_macro_B,False,1.2252663373947144,0.00011062548583140597,0.00013554568384715766
28057,8.5,0.008943725377321243,17,lag_01__T5__is_walking,T5__is_walking,False,2.3193888664245605,5.816976408823393e-05,0.000134918303188793
28057,8.5,0.008943725377321243,18,lag_01__CT_unique_places,CT_unique_places,False,0.7992768883705139,0.0001535684714326635,0.00012274372999851544
28057,8.5,0.008943725377321243,19,lag_09__CT3__duck_amount,CT3__duck_amount,False,2.171110153198242,5.562072328757495e-05,0.00012075871705788388
28057,8.5,0.008943725377321243,20,lag_10__T_place_PALACEALLEY,T_place_PALACEALLEY,False,3.4808404445648193,3.4614509786479175e-05,0.00012048758563356146
28697,18.5,-0.008402884006500244,1,lag_02__T_utility_damage_last_5s,T_utility_damage_last_5s,True,5.139776706695557,-0.00017302355263382196,-0.0008893024255370308
28697,18.5,-0.008402884006500244,2,lag_08__T5__flash_duration,T5__flash_duration,True,-3.9050376415252686,0.00015037642151582986,-0.0005872255864171859
28697,18.5,-0.008402884006500244,3,lag_08__CT_place_CATWALK,CT_place_CATWALK,False,3.9834015369415283,-0.0001303085737163201,-0.0005190713728182479
28697,18.5,-0.008402884006500244,4,lag_00__CT1__duck_amount,CT1__duck_amount,False,3.8154516220092773,-0.00013567294809035957,-0.0005176535698541429
28697,18.5,-0.008402884006500244,5,lag_15__T5__flash_duration,T5__flash_duration,True,3.9050376415252686,-0.00012953125406056643,-0.0005058244228604847
28697,18.5,-0.008402884006500244,6,lag_00__CT1__is_walking,CT1__is_walking,False,-2.3343825340270996,0.000178111920831725,-0.00041578135709159636
28697,18.5,-0.008402884006500244,7,lag_00__T1__is_walking,T1__is_walking,False,-2.281590461730957,0.00017556345846969634,-0.0004005639122729582
28697,18.5,-0.008402884006500244,8,lag_02__utility_damage_diff_last_5s,utility_damage_diff_last_5s,True,-3.250260591506958,0.00011453499610070139,-0.00037226858417451283
28697,18.5,-0.008402884006500244,9,lag_10__CT4__duck_amount,CT4__duck_amount,False,3.6725916862487793,-7.632784399902448e-05,-0.0002803210053001111
28697,18.5,-0.008402884006500244,10,lag_08__CT3__is_walking,CT3__is_walking,False,-2.387126922607422,9.99609474092722e-05,-0.00023861946877001827
28697,18.5,-0.008402884006500244,11,lag_05__T4__smoke,T4__smoke,True,-2.174323081970215,9.290978050557896e-05,-0.00020201588029406664
28697,18.5,-0.008402884006500244,12,lag_03__T2__is_walking,T2__is_walking,False,-2.2968344688415527,8.31201541586779e-05,-0.00019091323512707495
28697,18.5,-0.008402884006500244,13,lag_11__CT5__is_walking,CT5__is_walking,False,-2.396676540374756,7.773292600177228e-05,-0.0001863006801631345
28697,18.5,-0.008402884006500244,14,lag_10__CT4__is_walking,CT4__is_walking,False,-2.384641170501709,7.507375994464383e-05,-0.00017902397878835977
28697,18.5,-0.008402884006500244,15,lag_09__CT3__is_walking,CT3__is_walking,False,2.387126922607422,6.949738599359989e-05,0.00016589908115616225
28697,18.5,-0.008402884006500244,16,lag_00__T_A_site_active_smokes,T_A_site_active_smokes,True,1.422539234161377,-0.00011641404125839472,-0.00016560354109734776
28697,18.5,-0.008402884006500244,17,lag_15__T5__is_walking,T5__is_walking,False,-2.3193888664245605,6.852603110019118e-05,-0.0001589385135940466
28697,18.5,-0.008402884006500244,18,lag_04__T4__is_walking,T4__is_walking,False,2.307980537414551,-6.613738514715806e-05,-0.00015264379771513098
28697,18.5,-0.008402884006500244,19,lag_03__CT1__duck_amount,CT1__duck_amount,False,3.8154516220092773,-3.98687734559644e-05,-0.0001521173763500798
28697,18.5,-0.008402884006500244,20,lag_13__CT3__is_walking,CT3__is_walking,False,2.387126922607422,6.291138561209664e-05,0.00015017746233317308
30809,51.5,-0.008037733845412731,1,lag_06__T_place_SCAFFOLDING,T_place_SCAFFOLDING,False,34.05547332763672,-4.291216464480385e-05,-0.001461394078492273
30809,51.5,-0.008037733845412731,2,lag_00__T_place_SCAFFOLDING,T_place_SCAFFOLDING,False,-34.05547332763672,3.3225685911020264e-05,-0.0011315164603351857
30809,51.5,-0.008037733845412731,3,lag_09__T_place_SCAFFOLDING,T_place_SCAFFOLDING,False,34.05546951293945,-2.9454546165652573e-05,-0.0010030883989618489
30809,51.5,-0.008037733845412731,4,lag_07__T_flashes_last_5s,T_flashes_last_5s,True,9.0607271194458,-7.175327482400462e-05,-0.0006501368431069063
30809,51.5,-0.008037733845412731,5,lag_14__CT_place_STAIRS,CT_place_STAIRS,False,7.783008575439453,-6.291725003393367e-05,-0.000489685496557174
30809,51.5,-0.008037733845412731,6,lag_00__CT_place_SNIPERSNEST,CT_place_SNIPERSNEST,False,-5.355666637420654,-7.149525481509045e-05,0.0003829047509470683
30809,51.5,-0.008037733845412731,7,lag_14__CT_place_JUNGLE,CT_place_JUNGLE,False,-6.415591716766357,4.862285277340561e-05,-0.00031194437149861115
30809,51.5,-0.008037733845412731,8,lag_07__CT_place_SNIPERSNEST,CT_place_SNIPERSNEST,False,5.355666637420654,-5.2382343710632995e-05,-0.00028054237060093877
30809,51.5,-0.008037733845412731,9,lag_07__T3__duck_amount,T3__duck_amount,False,-3.7704498767852783,7.301103323698044e-05,-0.00027528444127233875
30809,51.5,-0.008037733845412731,10,lag_04__T5__duck_amount,T5__duck_amount,False,-3.7970333099365234,-6.774971552658826e-05,0.0002572479265931793
30809,51.5,-0.008037733845412731,11,lag_01__T1__is_walking,T1__is_walking,False,2.281590461730957,0.00010812062828335911,0.0002466869942076705
30809,51.5,-0.008037733845412731,12,lag_05__T3__duck_amount,T3__duck_amount,False,3.7704498767852783,-6.397163815563545e-05,-0.00024120185520166808
30809,51.5,-0.008037733845412731,13,lag_14__T_place_PALACEINTERIOR,T_place_PALACEINTERIOR,False,3.35436749458313,-6.371627387125045e-05,-0.00021372779794967892
30809,51.5,-0.008037733845412731,14,lag_01__T_walking_count,T_walking_count,False,1.5941797494888306,0.00013061748177278787,0.00020822774437140486
30809,51.5,-0.008037733845412731,15,lag_03__T3__is_walking,T3__is_walking,False,-2.3223767280578613,8.213894034270197e-05,-0.00019075756351922407
30809,51.5,-0.008037733845412731,16,lag_12__T5__duck_amount,T5__duck_amount,False,-2.4725124835968018,7.632454071426764e-05,-0.0001887133797208191
30809,51.5,-0.008037733845412731,17,lag_15__T5__duck_amount,T5__duck_amount,False,3.7970333099365234,-4.756703128805384e-05,-0.00018061360225553325
30809,51.5,-0.008037733845412731,18,lag_01__T3__smoke,T3__smoke,True,-2.173264503479004,-8.078693645074964e-05,0.00017557138133322825
30809,51.5,-0.008037733845412731,19,lag_00__CT4__duck_amount,CT4__duck_amount,False,3.6725916862487793,-4.7265519242500886e-05,-0.00017358695301624046
30809,51.5,-0.008037733845412731,20,lag_01__T3__is_walking,T3__is_walking,False,2.3223767280578613,6.758176459698007e-05,0.00015695031734111117
28601,17.0,-0.007669627666473389,1,lag_15__CT_place_PALACEINTERIOR,CT_place_PALACEINTERIOR,False,4.075206756591797,-0.00012877311382908374,-0.0005247770635436466
28601,17.0,-0.007669627666473389,2,lag_00__CT1__duck_amount,CT1__duck_amount,False,3.8154516220092773,-0.00013567294809035957,-0.0005176535698541429
28601,17.0,-0.007669627666473389,3,lag_13__T_place_SIDEALLEY,T_place_SIDEALLEY,False,-3.1883161067962646,0.00016220295219682157,-0.0005171542850590308
28601,17.0,-0.007669627666473389,4,lag_05__CT4__duck_amount,CT4__duck_amount,False,-3.6725916862487793,0.0001330674422206357,-0.0004887023820098965
28601,17.0,-0.007669627666473389,5,lag_05__T5__flash_duration,T5__flash_duration,True,-3.9050376415252686,0.0001077146444004029,-0.00042062974092708233
28601,17.0,-0.007669627666473389,6,lag_00__CT1__is_walking,CT1__is_walking,False,-2.3343825340270996,0.000178111920831725,-0.00041578135709159636
28601,17.0,-0.007669627666473389,7,lag_12__T5__flash_duration,T5__flash_duration,True,3.9050376415252686,-9.931599197443575e-05,-0.00038783268706559307
28601,17.0,-0.007669627666473389,8,lag_00__T2__is_walking,T2__is_walking,False,-2.2968344688415527,0.00013422734627965838,-0.0003082979955962503
28601,17.0,-0.007669627666473389,9,lag_05__CT_place_CATWALK,CT_place_CATWALK,False,3.9834015369415283,-7.333500252570957e-05,-0.00029212276177252236
28601,17.0,-0.007669627666473389,10,lag_08__CT3__is_walking,CT3__is_walking,False,-2.387126922607422,9.99609474092722e-05,-0.00023861946877001827
28601,17.0,-0.007669627666473389,11,lag_05__CT4__is_walking,CT4__is_walking,False,2.384641170501709,-8.860762318363413e-05,-0.00021129738626399566
28601,17.0,-0.007669627666473389,12,lag_05__CT3__is_walking,CT3__is_walking,False,-2.387126922607422,7.686282333452255e-05,-0.00018348131492945674
28601,17.0,-0.007669627666473389,13,lag_11__T3__is_walking,T3__is_walking,False,2.3223767280578613,-7.320667646126822e-05,-0.00017001348175211053
28601,17.0,-0.007669627666473389,14,lag_00__T_velocity_mean,T_velocity_mean,False,-0.5867030024528503,-0.0002619743172544986,0.00015370111849874989
28601,17.0,-0.007669627666473389,15,lag_13__CT3__is_walking,CT3__is_walking,False,-2.387126922607422,6.291138561209664e-05,-0.00015017746233317308
28601,17.0,-0.007669627666473389,16,lag_06__CT3__is_walking,CT3__is_walking,False,2.387126922607422,5.858462827745825e-05,0.00013984894341206866
28601,17.0,-0.007669627666473389,17,lag_00__CT_walking_count,CT_walking_count,False,-0.8974477052688599,0.00014486192958429456,-0.0001300060062862443
28601,17.0,-0.007669627666473389,18,lag_12__T5__is_walking,T5__is_walking,False,-2.3193888664245605,5.405097908806056e-05,-0.0001253652391161944
28601,17.0,-0.007669627666473389,19,lag_06__CT5__is_walking,CT5__is_walking,False,2.396676540374756,-5.206227797316387e-05,-0.00012477644025675125
28601,17.0,-0.007669627666473389,20,lag_08__CT_walking_count,CT_walking_count,False,-1.7948952913284302,6.218955240910873e-05,-0.00011162373478893189
28633,17.5,-0.007176857441663742,1,lag_00__T_utility_damage_last_5s,T_utility_damage_last_5s,True,5.139776706695557,-0.00023637214326299727,-0.0012149000360548584
28633,17.5,-0.007176857441663742,2,lag_00__CT1__duck_amount,CT1__duck_amount,False,-3.8154516220092773,-0.00013567294809035957,0.0005176535698541429
28633,17.5,-0.007176857441663742,3,lag_06__T5__flash_duration,T5__flash_duration,True,-3.9050376415252686,0.00013127511192578822,-0.0005126342534656457
28633,17.5,-0.007176857441663742,4,lag_13__T5__flash_duration,T5__flash_duration,True,3.9050376415252686,-0.00012945968774147332,-0.0005055449536905607
28633,17.5,-0.007176857441663742,5,lag_00__utility_damage_diff_last_5s,utility_damage_diff_last_5s,True,-3.250260591506958,0.00014947549789212644,-0.00048583432019465994
28633,17.5,-0.007176857441663742,6,lag_00__CT1__is_walking,CT1__is_walking,False,2.3343825340270996,0.000178111920831725,0.00041578135709159636
28633,17.5,-0.007176857441663742,7,lag_01__T2__is_walking,T2__is_walking,False,-2.2968344688415527,0.00016886730736587197,-0.00038786025221839576
28633,17.5,-0.007176857441663742,8,lag_14__T_place_SIDEALLEY,T_place_SIDEALLEY,False,-3.1883161067962646,0.00010478388867340982,-0.0003340841599901792
28633,17.5,-0.007176857441663742,9,lag_06__CT_place_CATWALK,CT_place_CATWALK,False,3.9834015369415283,-8.342065120814368e-05,-0.0003322979502351827
28633,17.5,-0.007176857441663742,10,lag_01__CT1__duck_amount,CT1__duck_amount,False,3.8154516220092773,-7.9115285188891e-05,-0.0003018605431996807
28633,17.5,-0.007176857441663742,11,lag_06__CT4__duck_amount,CT4__duck_amount,False,-3.6725916862487793,7.044002268230543e-05,-0.00025869744168221034
28633,17.5,-0.007176857441663742,12,lag_14__CT4__is_walking,CT4__is_walking,False,2.384641170501709,-9.396510722581297e-05,-0.00022407306328128124
28633,17.5,-0.007176857441663742,13,lag_12__T3__is_walking,T3__is_walking,False,2.3223767280578613,-9.42826081882231e-05,-0.00021895973511692687
28633,17.5,-0.007176857441663742,14,lag_13__T5__is_walking,T5__is_walking,False,-2.3193888664245605,8.33846497698687e-05,-0.00019340142830694476
28633,17.5,-0.007176857441663742,15,lag_03__T2__is_walking,T2__is_walking,False,2.2968344688415527,8.31201541586779e-05,0.00019091323512707495
28633,17.5,-0.007176857441663742,16,lag_03__T4__smoke,T4__smoke,True,-2.174323081970215,7.704124436713755e-05,-0.00016751255589117497
28633,17.5,-0.007176857441663742,17,lag_09__CT3__is_walking,CT3__is_walking,False,-2.387126922607422,6.949738599359989e-05,-0.00016589908115616225
28633,17.5,-0.007176857441663742,18,lag_01__CT1__is_walking,CT1__is_walking,False,-2.3343825340270996,7.003614155109972e-05,-0.0001634911455875368
28633,17.5,-0.007176857441663742,19,lag_06__CT4__is_walking,CT4__is_walking,False,2.384641170501709,-6.56308329780586e-05,-0.00015650598637379984
28633,17.5,-0.007176857441663742,20,lag_02__T4__is_walking,T4__is_walking,False,2.307980537414551,-6.491447857115418e-05,-0.00014982135313863776
27577,1.0,-0.006053615361452103,1,lag_02__CT_place_CTSPAWN,CT_place_CTSPAWN,False,4.78255033493042,-0.000150381718412973,-0.000719208137763376
27577,1.0,-0.006053615361452103,2,lag_02__T_place_TSPAWN,T_place_TSPAWN,False,4.428390979766846,-0.00015122150944080204,-0.0006696679683543746
27577,1.0,-0.006053615361452103,3,lag_02__T_closest_enemy_dist,T_closest_enemy_dist,False,2.759784460067749,-9.558736928738654e-05,-0.0002638005363380866
27577,1.0,-0.006053615361452103,4,lag_02__CT_closest_enemy_dist,CT_closest_enemy_dist,False,2.8209149837493896,-7.930690480861813e-05,-0.0002237180360894174
27577,1.0,-0.006053615361452103,5,lag_02__utility_inv_diff,utility_inv_diff,True,-3.078141927719116,6.512160325655714e-05,-0.00020045353738429826
27577,1.0,-0.006053615361452103,6,lag_02__armor_diff,armor_diff,False,-2.209538698196411,8.688706293469295e-05,-0.0001919803279268311
27577,1.0,-0.006053615361452103,7,lag_02__centroid_distance_xy,centroid_distance_xy,False,2.58353590965271,-7.173298945417628e-05,-0.00018532475416160356
27577,1.0,-0.006053615361452103,8,lag_02__T3__has_bomb,T3__has_bomb,False,2.798933982849121,-6.243865209398791e-05,-0.0001747616651891562
27577,1.0,-0.006053615361452103,9,lag_02__smoke_inv_diff,smoke_inv_diff,True,-3.1856415271759033,5.381565279094502e-05,-0.00017143737834291427
27577,1.0,-0.006053615361452103,10,lag_02__molly_inv_diff,molly_inv_diff,True,-2.789611339569092,5.6486136600142345e-05,-0.0001575743671882058
27577,1.0,-0.006053615361452103,11,lag_02__T1__utility_total,T1__utility_total,True,2.255070209503174,-6.577058229595423e-05,-0.00014831728079728324
27577,1.0,-0.006053615361452103,12,lag_02__CT_spread_xy,CT_spread_xy,False,-1.6141477823257446,9.043321188073605e-05,-0.00014597256840588428
27577,1.0,-0.006053615361452103,13,lag_02__CT_mean_Y,CT_mean_Y,False,-1.900733232498169,7.522540545323864e-05,-0.00014298342807311966
27577,1.0,-0.006053615361452103,14,lag_02__T1__flash,T1__flash,True,2.0511317253112793,-6.877996202092618e-05,-0.00014107676216682657
27577,1.0,-0.006053615361452103,15,lag_02__equip_diff,equip_diff,False,-1.980928659439087,6.955855496926233e-05,-0.00013779053504778087
27577,1.0,-0.006053615361452103,16,lag_02__CT_armor_sum,CT_armor_sum,False,-1.658173680305481,7.662365533178672e-05,-0.00012705532855996748
27577,1.0,-0.006053615361452103,17,lag_02__CT4__Y,CT4__Y,False,-1.749888300895691,7.178663508966565e-05,-0.000125618592904074
27577,1.0,-0.006053615361452103,18,lag_02__CT1__Y,CT1__Y,False,-1.7131892442703247,7.174130587372929e-05,-0.0001229064335927805
27577,1.0,-0.006053615361452103,19,lag_02__CT3__Y,CT3__Y,False,-1.6039807796478271,7.109987927833572e-05,-0.00011404283979773132
27577,1.0,-0.006053615361452103,20,lag_02__CT_unique_places,CT_unique_places,False,-1.6410033702850342,6.893980025779456e-05,-0.00011313044456981794
28729,19.0,-0.005919050425291061,1,lag_03__T_utility_damage_last_5s,T_utility_damage_last_5s,True,5.139776706695557,-9.268425492336974e-05,-0.00047637637453256873
28729,19.0,-0.005919050425291061,2,lag_09__CT_place_CATWALK,CT_place_CATWALK,False,3.9834015369415283,-0.00011844136315630749,-0.00047179950803428496
28729,19.0,-0.005919050425291061,3,lag_00__T1__is_walking,T1__is_walking,False,2.281590461730957,0.00017556345846969634,0.0004005639122729582
28729,19.0,-0.005919050425291061,4,lag_09__T5__flash_duration,T5__flash_duration,True,-3.9050376415252686,8.558385161450133e-05,-0.0003342081620613408
28729,19.0,-0.005919050425291061,5,lag_01__CT1__duck_amount,CT1__duck_amount,False,3.8154516220092773,-7.9115285188891e-05,-0.0003018605431996807
28729,19.0,-0.005919050425291061,6,lag_11__CT4__duck_amount,CT4__duck_amount,False,3.6725916862487793,-8.07443429948762e-05,-0.0002965410027946022
28729,19.0,-0.005919050425291061,7,lag_01__T1__is_walking,T1__is_walking,False,-2.281590461730957,0.00010812062828335911,-0.0002466869942076705
28729,19.0,-0.005919050425291061,8,lag_05__T4__is_walking,T4__is_walking,False,2.307980537414551,-9.220055653713644e-05,-0.00021279709002650082
28729,19.0,-0.005919050425291061,9,lag_03__utility_damage_diff_last_5s,utility_damage_diff_last_5s,True,-3.250260591506958,6.108819070504978e-05,-0.00019855253885508496
28729,19.0,-0.005919050425291061,10,lag_00__CT3__is_walking,CT3__is_walking,False,-2.387126922607422,8.02017530077137e-05,-0.00019145176384502416
28729,19.0,-0.005919050425291061,11,lag_12__CT5__is_walking,CT5__is_walking,False,-2.396676540374756,7.673515938222408e-05,-0.0001839093563132943
28729,19.0,-0.005919050425291061,12,lag_06__T4__smoke,T4__smoke,True,-2.174323081970215,7.988710422068834e-05,-0.00017370037465880284
28729,19.0,-0.005919050425291061,13,lag_10__T2__is_walking,T2__is_walking,False,-2.2968344688415527,7.37584923626855e-05,-0.00016941104762840248
28729,19.0,-0.005919050425291061,14,lag_09__CT3__is_walking,CT3__is_walking,False,-2.387126922607422,6.949738599359989e-05,-0.00016589908115616225
28729,19.0,-0.005919050425291061,15,lag_04__CT1__duck_amount,CT1__duck_amount,False,3.8154516220092773,-4.3072963308077306e-05,-0.00016434280771854964
28729,19.0,-0.005919050425291061,16,lag_01__CT1__is_walking,CT1__is_walking,False,-2.3343825340270996,7.003614155109972e-05,-0.0001634911455875368
28729,19.0,-0.005919050425291061,17,lag_03__CT1__duck_amount,CT1__duck_amount,False,-3.8154516220092773,-3.98687734559644e-05,0.0001521173763500798
28729,19.0,-0.005919050425291061,18,lag_01__T_place_TOPOFMID,T_place_TOPOFMID,False,-2.0359649658203125,7.200829713838175e-05,-0.0001466063702221243
28729,19.0,-0.005919050425291061,19,lag_09__CT4__duck_amount,CT4__duck_amount,False,-3.6725916862487793,3.688943979796022e-05,-0.00013547984991236356
28729,19.0,-0.005919050425291061,20,lag_00__CT_walking_count,CT_walking_count,False,-0.8974477052688599,0.00014486192958429456,-0.0001300060062862443
28953,22.5,0.005869433283805847,1,lag_00__T_utility_damage_last_5s,T_utility_damage_last_5s,True,-5.139776706695557,-0.00023637214326299727,0.0012149000360548584
28953,22.5,0.005869433283805847,2,lag_05__CT4__duck_amount,CT4__duck_amount,False,3.6725916862487793,0.0001330674422206357,0.0004887023820098965
28953,22.5,0.005869433283805847,3,lag_00__utility_damage_diff_last_5s,utility_damage_diff_last_5s,True,3.250260591506958,0.00014947549789212644,0.00048583432019465994
28953,22.5,0.005869433283805847,4,lag_08__CT1__duck_amount,CT1__duck_amount,False,3.8154516220092773,9.374789078719914e-05,0.00035769054196396755
28953,22.5,0.005869433283805847,5,lag_00__T_velocity_mean,T_velocity_mean,False,-1.2247951030731201,-0.0002619743172544986,0.0003208648609042339
28953,22.5,0.005869433283805847,6,lag_11__CT1__duck_amount,CT1__duck_amount,False,3.8154516220092773,6.940060120541602e-05,0.0002647946364376236
28953,22.5,0.005869433283805847,7,lag_07__CT_place_CATWALK,CT_place_CATWALK,False,3.98340106010437,-5.6209337344625965e-05,-0.00022390433396634723
28953,22.5,0.005869433283805847,8,lag_05__CT4__is_walking,CT4__is_walking,False,-2.384641170501709,-8.860762318363413e-05,0.00021129738626399566
28953,22.5,0.005869433283805847,9,lag_10__CT1__duck_amount,CT1__duck_amount,False,-3.8154516220092773,5.4548039770452306e-05,-0.00020812540681959882
28953,22.5,0.005869433283805847,10,lag_03__CT4__is_walking,CT4__is_walking,False,2.384641170501709,8.341158536495641e-05,0.00019890670055809287
28953,22.5,0.005869433283805847,11,lag_11__CT1__is_walking,CT1__is_walking,False,-2.3343825340270996,-8.448235894320533e-05,0.00019721414315042665
28953,22.5,0.005869433283805847,12,lag_05__CT3__is_walking,CT3__is_walking,False,-2.387126922607422,7.686282333452255e-05,-0.00018348131492945674
28953,22.5,0.005869433283805847,13,lag_09__CT3__is_walking,CT3__is_walking,False,2.387126922607422,6.949738599359989e-05,0.00016589908115616225
28953,22.5,0.005869433283805847,14,lag_03__CT1__duck_amount,CT1__duck_amount,False,-3.8154516220092773,-3.98687734559644e-05,0.0001521173763500798
28953,22.5,0.005869433283805847,15,lag_13__T1__is_walking,T1__is_walking,False,2.281590461730957,6.272642349358648e-05,0.00014311600954146353
28953,22.5,0.005869433283805847,16,lag_06__CT3__is_walking,CT3__is_walking,False,2.387126922607422,5.858462827745825e-05,0.00013984894341206866
28953,22.5,0.005869433283805847,17,lag_02__CT4__is_walking,CT4__is_walking,False,-2.384641170501709,-4.8728685214882717e-05,0.00011620042894782724
28953,22.5,0.005869433283805847,18,lag_03__T4__is_walking,T4__is_walking,False,-2.307980537414551,-5.005134880775586e-05,0.0001155175389196475
28953,22.5,0.005869433283805847,19,lag_13__T_A_site_active_infernos,T_A_site_active_infernos,True,-2.9764554500579834,-3.6102155718253925e-05,0.00010745645814643889
28953,22.5,0.005869433283805847,20,lag_00__CT_velocity_mean,CT_velocity_mean,False,-0.7373936772346497,-0.00013975588080938905,0.0001030551028652028
29593,32.5,-0.0057776086032390594,1,lag_00__CT_place_LADDER,CT_place_LADDER,False,-10.398283004760742,0.0003027618513442576,-0.003148203413322892
29593,32.5,-0.0057776086032390594,2,lag_01__CT3__duck_amount,CT3__duck_amount,False,-3.7208433151245117,0.00015734080807305872,-0.0005854404939149294
29593,32.5,-0.0057776086032390594,3,lag_04__CT_place_UNDERPASS,CT_place_UNDERPASS,False,5.7987165451049805,-9.6086849225685e-05,-0.0005571804023719873
29593,32.5,-0.0057776086032390594,4,lag_00__T1__is_walking,T1__is_walking,False,2.281590461730957,0.00017556345846969634,0.0004005639122729582
29593,32.5,-0.0057776086032390594,5,lag_01__T2__is_walking,T2__is_walking,False,2.2968344688415527,0.00016886730736587197,0.00038786025221839576
29593,32.5,-0.0057776086032390594,6,lag_00__CT_place_SNIPERSNEST,CT_place_SNIPERSNEST,False,5.355666637420654,-7.149525481509045e-05,-0.0003829047509470683
29593,32.5,-0.0057776086032390594,7,lag_00__T2__is_walking,T2__is_walking,False,-2.2968344688415527,0.00013422734627965838,-0.0003082979955962503
29593,32.5,-0.0057776086032390594,8,lag_02__CT3__duck_amount,CT3__duck_amount,False,3.7208433151245117,8.071406773524359e-05,0.00030032439936918814
29593,32.5,-0.0057776086032390594,9,lag_01__T1__is_walking,T1__is_walking,False,-2.281590461730957,0.00010812062828335911,-0.0002466869942076705
29593,32.5,-0.0057776086032390594,10,lag_14__CT4__is_walking,CT4__is_walking,False,2.384641170501709,-9.396510722581297e-05,-0.00022407306328128124
29593,32.5,-0.0057776086032390594,11,lag_00__CT3__is_walking,CT3__is_walking,False,-2.387126922607422,8.02017530077137e-05,-0.00019145176384502416
29593,32.5,-0.0057776086032390594,12,lag_02__CT5__is_walking,CT5__is_walking,False,-2.396676540374756,7.761717279208824e-05,-0.00018602325716101167
29593,32.5,-0.0057776086032390594,13,lag_15__T5__duck_amount,T5__duck_amount,False,-3.7970333099365234,-4.756703128805384e-05,0.00018061360225553325
29593,32.5,-0.0057776086032390594,14,lag_15__T_place_SIDEALLEY,T_place_SIDEALLEY,False,-3.1883161067962646,5.320737909642048e-05,-0.0001696419437735323
29593,32.5,-0.0057776086032390594,15,lag_09__CT3__is_walking,CT3__is_walking,False,-2.387126922607422,6.949738599359989e-05,-0.00016589908115616225
29593,32.5,-0.0057776086032390594,16,lag_11__T1__is_walking,T1__is_walking,False,2.281590461730957,6.811051571276039e-05,0.00015540030299381058
29593,32.5,-0.0057776086032390594,17,lag_03__CT3__is_walking,CT3__is_walking,False,-2.387126922607422,-6.468619540100917e-05,0.0001544141585627934
29593,32.5,-0.0057776086032390594,18,lag_02__T_place_TSPAWN,T_place_TSPAWN,False,-0.9492050409317017,-0.00015122150944080204,0.0001435402190585102
29593,32.5,-0.0057776086032390594,19,lag_00__T_velocity_mean,T_velocity_mean,False,0.5264840126037598,-0.0002619743172544986,-0.0001379252897472788
29593,32.5,-0.0057776086032390594,20,lag_00__CT_walking_count,CT_walking_count,False,-0.8974476456642151,0.00014486192958429456,-0.00013000599765180046
29145,25.5,-0.00555439293384552,1,lag_06__T_utility_damage_last_5s,T_utility_damage_last_5s,True,-5.139776706695557,0.00010778720024973154,-0.0005540021411234997
29145,25.5,-0.00555439293384552,2,lag_13__CT_place_CATWALK,CT_place_CATWALK,False,3.98340106010437,-0.00012044419418089092,-0.0004797775307835775
29145,25.5,-0.00555439293384552,3,lag_00__T1__is_walking,T1__is_walking,False,-2.281590461730957,0.00017556345846969634,-0.0004005639122729582
29145,25.5,-0.00555439293384552,4,lag_14__CT1__duck_amount,CT1__duck_amount,False,3.8154516220092773,-9.594065340934321e-05,-0.00036605692166730847
29145,25.5,-0.00555439293384552,5,lag_14__T_place_SIDEALLEY,T_place_SIDEALLEY,False,3.1883161067962646,0.00010478388867340982,0.0003340841599901792
29145,25.5,-0.00555439293384552,6,lag_01__T_place_TSPAWN,T_place_TSPAWN,False,0.9492050409317017,-0.00034275284269824624,-0.0003253427260828459
29145,25.5,-0.00555439293384552,7,lag_11__CT4__duck_amount,CT4__duck_amount,False,3.6725916862487793,-8.07443429948762e-05,-0.0002965410027946022
29145,25.5,-0.00555439293384552,8,lag_09__CT1__duck_amount,CT1__duck_amount,False,-3.8154516220092773,7.201453991001472e-05,-0.0002747679931079175
29145,25.5,-0.00555439293384552,9,lag_08__CT3__is_walking,CT3__is_walking,False,-2.387126922607422,9.99609474092722e-05,-0.00023861946877001827
29145,25.5,-0.00555439293384552,10,lag_06__utility_damage_diff_last_5s,utility_damage_diff_last_5s,True,3.250260591506958,-6.699931691400707e-05,-0.00021776523942348275
29145,25.5,-0.00555439293384552,11,lag_03__CT4__is_walking,CT4__is_walking,False,-2.384641170501709,8.341158536495641e-05,-0.00019890670055809287
29145,25.5,-0.00555439293384552,12,lag_05__CT3__is_walking,CT3__is_walking,False,-2.387126922607422,7.686282333452255e-05,-0.00018348131492945674
29145,25.5,-0.00555439293384552,13,lag_11__T1__is_walking,T1__is_walking,False,-2.281590461730957,6.811051571276039e-05,-0.00015540030299381058
29145,25.5,-0.00555439293384552,14,lag_13__CT3__is_walking,CT3__is_walking,False,-2.387126922607422,6.291138561209664e-05,-0.00015017746233317308
29145,25.5,-0.00555439293384552,15,lag_13__T1__is_walking,T1__is_walking,False,2.281590461730957,6.272642349358648e-05,0.00014311600954146353
29145,25.5,-0.00555439293384552,16,lag_09__CT4__duck_amount,CT4__duck_amount,False,-3.6725916862487793,3.688943979796022e-05,-0.00013547984991236356
29145,25.5,-0.00555439293384552,17,lag_08__CT4__is_walking,CT4__is_walking,False,-2.384641170501709,5.53576392121613e-05,-0.00013200810556709963
29145,25.5,-0.00555439293384552,18,lag_00__CT_walking_count,CT_walking_count,False,0.8974475860595703,0.00014486192958429456,0.0001300059890173566
29145,25.5,-0.00555439293384552,19,lag_15__T5__duck_amount,T5__duck_amount,False,2.4845991134643555,-4.756703128805384e-05,-0.00011818500376842983
29145,25.5,-0.00555439293384552,20,lag_08__CT_walking_count,CT_walking_count,False,-1.7948952913284302,6.218955240910873e-05,-0.00011162373478893189
29497,31.0,-0.0055406540632247925,1,lag_01__CT_place_UNDERPASS,CT_place_UNDERPASS,False,5.7987165451049805,-0.00011080365948146209,-0.0006425190134933326
29497,31.0,-0.0055406540632247925,2,lag_01__CT3__duck_amount,CT3__duck_amount,False,-3.7208433151245117,0.00015734080807305872,-0.0005854404939149294
29497,31.0,-0.0055406540632247925,3,lag_12__T_place_SIDEALLEY,T_place_SIDEALLEY,False,-3.1883161067962646,0.0001614806824363768,-0.0005148514607483529
29497,31.0,-0.0055406540632247925,4,lag_00__T1__is_walking,T1__is_walking,False,-2.281590461730957,0.00017556345846969634,-0.0004005639122729582
29497,31.0,-0.0055406540632247925,5,lag_01__T2__is_walking,T2__is_walking,False,-2.2968344688415527,0.00016886730736587197,-0.00038786025221839576
29497,31.0,-0.0055406540632247925,6,lag_01__CT_place_CATWALK,CT_place_CATWALK,False,-3.98340106010437,7.330401422223076e-05,-0.00029199928796273984
29497,31.0,-0.0055406540632247925,7,lag_12__T5__duck_amount,T5__duck_amount,False,-3.7970333099365234,7.632454071426764e-05,-0.0002898068234576806
29497,31.0,-0.0055406540632247925,8,lag_01__T1__is_walking,T1__is_walking,False,2.281590461730957,0.00010812062828335911,0.0002466869942076705
29497,31.0,-0.0055406540632247925,9,lag_14__CT4__is_walking,CT4__is_walking,False,-2.384641170501709,-9.396510722581297e-05,0.00022407306328128124
29497,31.0,-0.0055406540632247925,10,lag_00__CT3__is_walking,CT3__is_walking,False,-2.387126922607422,8.02017530077137e-05,-0.00019145176384502416
29497,31.0,-0.0055406540632247925,11,lag_00__T2__molly,T2__molly,True,-2.228090286254883,8.269357203971595e-05,-0.00018424874459740948
29497,31.0,-0.0055406540632247925,12,lag_09__CT3__is_walking,CT3__is_walking,False,-2.387126922607422,6.949738599359989e-05,-0.00016589908115616225
29497,31.0,-0.0055406540632247925,13,lag_06__CT4__is_walking,CT4__is_walking,False,-2.384641170501709,-6.56308329780586e-05,0.00015650598637379984
29497,31.0,-0.0055406540632247925,14,lag_11__T1__is_walking,T1__is_walking,False,-2.281590461730957,6.811051571276039e-05,-0.00015540030299381058
29497,31.0,-0.0055406540632247925,15,lag_01__T_B_site_active_smokes,T_B_site_active_smokes,True,-1.514785647392273,9.897836571326479e-05,-0.00014993100778479696
29497,31.0,-0.0055406540632247925,16,lag_13__T1__is_walking,T1__is_walking,False,2.281590461730957,6.272642349358648e-05,0.00014311600954146353
29497,31.0,-0.0055406540632247925,17,lag_06__CT3__is_walking,CT3__is_walking,False,-2.387126922607422,5.858462827745825e-05,-0.00013984894341206866
29497,31.0,-0.0055406540632247925,18,lag_15__CT4__is_walking,CT4__is_walking,False,2.384641170501709,-5.640882227453403e-05,-0.0001345147999753677
29497,31.0,-0.0055406540632247925,19,lag_00__CT_walking_count,CT_walking_count,False,-0.8974477052688599,0.00014486192958429456,-0.0001300060062862443
29497,31.0,-0.0055406540632247925,20,lag_01__CT_unique_places,CT_unique_places,False,0.7992768883705139,0.0001535684714326635,0.00012274372999851544
28441,14.5,0.005414582788944244,1,lag_11__CT_place_LADDER,CT_place_LADDER,False,10.398283004760742,8.007736323634163e-05,0.0008326670852065038
28441,14.5,0.005414582788944244,2,lag_07__T5__flash_duration,T5__flash_duration,True,3.9050376415252686,0.00014157230907585472,0.0005528451959388621
28441,14.5,0.005414582788944244,3,lag_12__T_place_SIDEALLEY,T_place_SIDEALLEY,False,3.1883161067962646,0.0001614806824363768,0.0005148514607483529
28441,14.5,0.005414582788944244,4,lag_01__T2__is_walking,T2__is_walking,False,-2.2968344688415527,0.00016886730736587197,-0.00038786025221839576
28441,14.5,0.005414582788944244,5,lag_12__CT_place_SHOP,CT_place_SHOP,False,-5.015803337097168,-6.210955325514078e-05,0.0003115293044827494
28441,14.5,0.005414582788944244,6,lag_13__CT_place_SHOP,CT_place_SHOP,False,-5.01580286026001,-5.8660651120590046e-05,0.0002942302616753701
28441,14.5,0.005414582788944244,7,lag_11__CT_place_SNIPERSNEST,CT_place_SNIPERSNEST,False,-5.355666637420654,-4.7663208533776924e-05,0.0002552682557767725
28441,14.5,0.005414582788944244,8,lag_08__CT3__is_walking,CT3__is_walking,False,-2.387126922607422,9.99609474092722e-05,-0.00023861946877001827
28441,14.5,0.005414582788944244,9,lag_01__CT5__is_walking,CT5__is_walking,False,2.396676540374756,9.088014485314488e-05,0.00021781031115539196
28441,14.5,0.005414582788944244,10,lag_13__T5__is_walking,T5__is_walking,False,2.3193888664245605,8.33846497698687e-05,0.00019340142830694476
28441,14.5,0.005414582788944244,11,lag_00__CT3__is_walking,CT3__is_walking,False,-2.387126922607422,8.02017530077137e-05,-0.00019145176384502416
28441,14.5,0.005414582788944244,12,lag_11__CT5__is_walking,CT5__is_walking,False,2.396676540374756,7.773292600177228e-05,0.0001863006801631345
28441,14.5,0.005414582788944244,13,lag_05__CT3__is_walking,CT3__is_walking,False,2.387126922607422,7.686282333452255e-05,0.00018348131492945674
28441,14.5,0.005414582788944244,14,lag_00__CT4__duck_amount,CT4__duck_amount,False,-3.6725916862487793,-4.7265519242500886e-05,0.00017358695301624046
28441,14.5,0.005414582788944244,15,lag_02__CT4__duck_amount,CT4__duck_amount,False,3.6725916862487793,4.293299571145326e-05,0.00015767536311563773
28441,14.5,0.005414582788944244,16,lag_11__T1__is_walking,T1__is_walking,False,2.281590461730957,6.811051571276039e-05,0.00015540030299381058
28441,14.5,0.005414582788944244,17,lag_03__CT3__is_walking,CT3__is_walking,False,-2.387126922607422,-6.468619540100917e-05,0.0001544141585627934
28441,14.5,0.005414582788944244,18,lag_10__CT_place_PALACEINTERIOR,CT_place_PALACEINTERIOR,False,4.075206756591797,3.4163735108450055e-05,0.00013922428414436805
28441,14.5,0.005414582788944244,19,lag_07__T_flashed_players,T_flashed_players,False,1.9296237230300903,7.050589192658663e-05,0.00013604984167493728
28441,14.5,0.005414582788944244,20,lag_08__CT4__is_walking,CT4__is_walking,False,2.384641170501709,5.53576392121613e-05,0.00013200810556709963
27961,7.0,0.005315963178873062,1,lag_02__CT_place_SHOP,CT_place_SHOP,False,10.03160572052002,4.8219531890936196e-05,0.00048371933195791306
27961,7.0,0.005315963178873062,2,lag_01__CT_place_CTSPAWN,CT_place_CTSPAWN,False,-1.0407919883728027,-0.0003604583616834134,0.0003751621749820827
27961,7.0,0.005315963178873062,3,lag_02__CT_place_CTSPAWN,CT_place_CTSPAWN,False,-2.0815834999084473,-0.000150381718412973,0.0003130321037363229
27961,7.0,0.005315963178873062,4,lag_02__T_place_TSPAWN,T_place_TSPAWN,False,-1.8984100818634033,-0.00015122150944080204,0.0002870804381170204
27961,7.0,0.005315963178873062,5,lag_01__CT_place_SNIPERSNEST,CT_place_SNIPERSNEST,False,5.355666637420654,4.6198325435398147e-05,0.0002474228302390639
27961,7.0,0.005315963178873062,6,lag_14__CT_place_CTSPAWN,CT_place_CTSPAWN,False,4.78255033493042,4.4693482777802274e-05,0.00021374883102818522
27961,7.0,0.005315963178873062,7,lag_13__T_velocity_mean,T_velocity_mean,False,3.3478081226348877,6.38014535070397e-05,0.00021359502428677964
27961,7.0,0.005315963178873062,8,lag_06__CT3__duck_amount,CT3__duck_amount,False,2.171110153198242,-9.003117156680673e-05,-0.000195467590693027
27961,7.0,0.005315963178873062,9,lag_00__T_velocity_mean,T_velocity_mean,False,-0.70417320728302,-0.0002619743172544986,0.0001844752952068797
27961,7.0,0.005315963178873062,10,lag_01__T_place_TOPOFMID,T_place_TOPOFMID,False,2.0359649658203125,7.200829713838175e-05,0.0001466063702221243
27961,7.0,0.005315963178873062,11,lag_00__T3__is_walking,T3__is_walking,False,2.3223767280578613,6.200389179866761e-05,0.00014399639536224335
27961,7.0,0.005315963178873062,12,lag_05__T3__duck_amount,T3__duck_amount,False,2.2287490367889404,-6.397163815563545e-05,-0.00014257672692118313
27961,7.0,0.005315963178873062,13,lag_03__T5__duck_amount,T5__duck_amount,False,3.7970333099365234,3.3187483495566994e-05,0.00012601398030563649
27961,7.0,0.005315963178873062,14,lag_01__CT_unique_places,CT_unique_places,False,0.7992768883705139,0.0001535684714326635,0.00012274372999851544
27961,7.0,0.005315963178873062,15,lag_02__T_place_PALACEALLEY,T_place_PALACEALLEY,False,3.4808402061462402,3.389289486221969e-05,0.00011797575113910164
27961,7.0,0.005315963178873062,16,lag_13__CT_velocity_mean,CT_velocity_mean,False,3.494415283203125,3.219757491024211e-05,0.00011251169784842752
27961,7.0,0.005315963178873062,17,lag_00__T_walking_count,T_walking_count,False,0.7970898747444153,0.00013727178156841546,0.00010941794717631102
27961,7.0,0.005315963178873062,18,lag_02__T_place_PALACEINTERIOR,T_place_PALACEINTERIOR,False,3.35436749458313,3.0346815037773922e-05,0.00010179436992683536
27961,7.0,0.005315963178873062,19,lag_02__T1__smoke,T1__smoke,True,-2.1584019660949707,-4.4195247028255835e-05,9.53911080778403e-05
27961,7.0,0.005315963178873062,20,lag_14__CT_velocity_mean,CT_velocity_mean,False,-1.694637656211853,4.572719626594335e-05,-7.749102870525763e-05
30617,48.5,0.005241082981228828,1,lag_03__T_place_SCAFFOLDING,T_place_SCAFFOLDING,False,34.05546951293945,3.95409733755514e-05,0.0013465864133030414
30617,48.5,0.005241082981228828,2,lag_00__T_place_SCAFFOLDING,T_place_SCAFFOLDING,False,34.05547332763672,3.3225685911020264e-05,0.0011315164603351857
30617,48.5,0.005241082981228828,3,lag_15__T_place_PALACEINTERIOR,T_place_PALACEINTERIOR,False,-6.708734512329102,-7.702130824327469e-05,0.0005167155087963948
30617,48.5,0.005241082981228828,4,lag_01__CT_place_CTSPAWN,CT_place_CTSPAWN,False,-1.0407919883728027,-0.0003604583616834134,0.0003751621749820827
30617,48.5,0.005241082981228828,5,lag_01__T_flashes_last_5s,T_flashes_last_5s,True,9.0607271194458,3.5917022614739835e-05,0.00032543434085512135
30617,48.5,0.005241082981228828,6,lag_00__T_velocity_mean,T_velocity_mean,False,-1.166649580001831,-0.0002619743172544986,0.00030563222719622724
30617,48.5,0.005241082981228828,7,lag_01__CT_place_SNIPERSNEST,CT_place_SNIPERSNEST,False,5.355666637420654,4.6198325435398147e-05,0.0002474228302390639
30617,48.5,0.005241082981228828,8,lag_08__CT_place_JUNGLE,CT_place_JUNGLE,False,-6.415591716766357,-3.466938142082654e-05,0.0002224245962688682
30617,48.5,0.005241082981228828,9,lag_15__T_shots_fired_sum,T_shots_fired_sum,False,-6.747633457183838,-3.053956606891006e-05,0.00020606979777445383
30617,48.5,0.005241082981228828,10,lag_08__CT_place_STAIRS,CT_place_STAIRS,False,7.783008575439453,-2.557648804213386e-05,-0.00019906202576155246
30617,48.5,0.005241082981228828,11,lag_03__T1__duck_amount,T1__duck_amount,False,-2.7287509441375732,5.463721026899293e-05,-0.00014909133910655757
30617,48.5,0.005241082981228828,12,lag_07__T_utility_damage_last_5s,T_utility_damage_last_5s,True,-1.1421726942062378,0.00012211095599923283,-0.00013947179960574312
30617,48.5,0.005241082981228828,13,lag_01__T3__duck_amount,T3__duck_amount,False,-3.7704498767852783,3.662818198790774e-05,-0.00013810472426317548
30617,48.5,0.005241082981228828,14,lag_11__CT_place_CONNECTOR,CT_place_CONNECTOR,False,-3.575894594192505,-3.80740784748923e-05,0.0001361488913972286
30617,48.5,0.005241082981228828,15,lag_09__T5__duck_amount,T5__duck_amount,False,3.7970333099365234,3.4578559279907495e-05,0.00013129594139542344
30617,48.5,0.005241082981228828,16,lag_02__T3__duck_amount,T3__duck_amount,False,3.7704498767852783,3.2685482437955216e-05,0.00012323897323085562
30617,48.5,0.005241082981228828,17,lag_10__T_kills_last_3s,T_kills_last_3s,False,-3.1681017875671387,-3.636920882854611e-05,0.00011522135550211948
30617,48.5,0.005241082981228828,18,lag_08__T_place_PALACEINTERIOR,T_place_PALACEINTERIOR,False,3.35436749458313,-3.364949952811003e-05,-0.00011287278742608264
30617,48.5,0.005241082981228828,19,lag_08__T_utility_damage_last_5s,T_utility_damage_last_5s,True,-1.1421725749969482,9.744329145178199e-05,-0.00011129705511365995
30617,48.5,0.005241082981228828,20,lag_15__CT_kills_last_3s,CT_kills_last_3s,False,2.8871407508850098,3.841563739115372e-05,0.00011091135218322182
29209,26.5,-0.004695691168308258,1,lag_08__T_utility_damage_last_5s,T_utility_damage_last_5s,True,-5.139776706695557,9.744329145178199e-05,-0.0005008367596276153
29209,26.5,-0.004695691168308258,2,lag_15__CT_place_CATWALK,CT_place_CATWALK,False,3.98340106010437,-0.0001075980908353813,-0.0004286063490988642
29209,26.5,-0.004695691168308258,3,lag_00__CT1__is_walking,CT1__is_walking,False,-2.3343825340270996,0.000178111920831725,-0.00041578135709159636
29209,26.5,-0.004695691168308258,4,lag_13__CT4__duck_amount,CT4__duck_amount,False,3.6725916862487793,-8.441798854619265e-05,-0.0003100328029045918
29209,26.5,-0.004695691168308258,5,lag_11__CT4__duck_amount,CT4__duck_amount,False,-3.6725916862487793,-8.07443429948762e-05,0.0002965410027946022
29209,26.5,-0.004695691168308258,6,lag_11__CT1__duck_amount,CT1__duck_amount,False,-3.8154516220092773,6.940060120541602e-05,-0.0002647946364376236
29209,26.5,-0.004695691168308258,7,lag_00__CT_walking_count,CT_walking_count,False,-1.7948952913284302,0.00014486192958429456,-0.0002600119953036009
29209,26.5,-0.004695691168308258,8,lag_05__CT4__is_walking,CT4__is_walking,False,-2.384641170501709,-8.860762318363413e-05,0.00021129738626399566
29209,26.5,-0.004695691168308258,9,lag_08__utility_damage_diff_last_5s,utility_damage_diff_last_5s,True,3.250260591506958,-6.104163912823424e-05,-0.00019840123409948889
29209,26.5,-0.004695691168308258,10,lag_11__CT1__is_walking,CT1__is_walking,False,2.3343825340270996,-8.448235894320533e-05,-0.00019721414315042665
29209,26.5,-0.004695691168308258,11,lag_00__CT3__is_walking,CT3__is_walking,False,-2.387126922607422,8.02017530077137e-05,-0.00019145176384502416
29209,26.5,-0.004695691168308258,12,lag_10__CT4__is_walking,CT4__is_walking,False,-2.384641170501709,7.507375994464383e-05,-0.00017902397878835977
29209,26.5,-0.004695691168308258,13,lag_09__CT3__is_walking,CT3__is_walking,False,2.387126922607422,6.949738599359989e-05,0.00016589908115616225
29209,26.5,-0.004695691168308258,14,lag_06__CT4__is_walking,CT4__is_walking,False,2.384641170501709,-6.56308329780586e-05,-0.00015650598637379984
29209,26.5,-0.004695691168308258,15,lag_11__T1__is_walking,T1__is_walking,False,2.281590461730957,6.811051571276039e-05,0.00015540030299381058
29209,26.5,-0.004695691168308258,16,lag_13__CT3__is_walking,CT3__is_walking,False,-2.387126922607422,6.291138561209664e-05,-0.00015017746233317308
29209,26.5,-0.004695691168308258,17,lag_13__T1__is_walking,T1__is_walking,False,-2.281590461730957,6.272642349358648e-05,-0.00014311600954146353
29209,26.5,-0.004695691168308258,18,lag_06__CT3__is_walking,CT3__is_walking,False,2.387126922607422,5.858462827745825e-05,0.00013984894341206866
29209,26.5,-0.004695691168308258,19,lag_03__T5__duck_amount,T5__duck_amount,False,-3.7970333099365234,3.3187483495566994e-05,-0.00012601398030563649
29209,26.5,-0.004695691168308258,20,lag_02__CT4__is_walking,CT4__is_walking,False,2.384641170501709,-4.8728685214882717e-05,-0.00011620042894782724
28537,16.0,0.004663214087486267,1,lag_05__CT4__duck_amount,CT4__duck_amount,False,3.6725916862487793,0.0001330674422206357,0.0004887023820098965
28537,16.0,0.004663214087486267,2,lag_00__T1__is_walking,T1__is_walking,False,2.281590461730957,0.00017556345846969634,0.0004005639122729582
28537,16.0,0.004663214087486267,3,lag_03__CT_place_CATWALK,CT_place_CATWALK,False,3.9834015369415283,7.818290760042146e-05,0.00031143391429807633
28537,16.0,0.004663214087486267,4,lag_00__T2__is_walking,T2__is_walking,False,2.2968344688415527,0.00013422734627965838,0.0003082979955962503
28537,16.0,0.004663214087486267,5,lag_01__T1__is_walking,T1__is_walking,False,-2.281590461730957,0.00010812062828335911,-0.0002466869942076705
28537,16.0,0.004663214087486267,6,lag_08__CT3__is_walking,CT3__is_walking,False,2.387126922607422,9.99609474092722e-05,0.00023861946877001827
28537,16.0,0.004663214087486267,7,lag_10__T5__flash_duration,T5__flash_duration,True,3.9050376415252686,5.700040128431283e-05,0.00022258871259728686
28537,16.0,0.004663214087486267,8,lag_12__T3__is_walking,T3__is_walking,False,-2.3223767280578613,-9.42826081882231e-05,0.00021895973511692687
28537,16.0,0.004663214087486267,9,lag_00__T_walking_count,T_walking_count,False,1.594179630279541,0.00013727178156841546,0.00021883587798855048
28537,16.0,0.004663214087486267,10,lag_05__CT4__is_walking,CT4__is_walking,False,-2.384641170501709,-8.860762318363413e-05,0.00021129738626399566
28537,16.0,0.004663214087486267,11,lag_03__CT4__is_walking,CT4__is_walking,False,2.384641170501709,8.341158536495641e-05,0.00019890670055809287
28537,16.0,0.004663214087486267,12,lag_15__T_place_SIDEALLEY,T_place_SIDEALLEY,False,3.1883161067962646,5.320737909642048e-05,0.0001696419437735323
28537,16.0,0.004663214087486267,13,lag_14__CT_place_LADDER,CT_place_LADDER,False,10.398283004760742,1.4859737348160706e-05,0.00015451575432258793
28537,16.0,0.004663214087486267,14,lag_03__CT3__is_walking,CT3__is_walking,False,-2.387126922607422,-6.468619540100917e-05,0.0001544141585627934
28537,16.0,0.004663214087486267,15,lag_14__CT_place_SNIPERSNEST,CT_place_SNIPERSNEST,False,-5.355666637420654,-2.6629049898474477e-05,0.00014261631412746962
28537,16.0,0.004663214087486267,16,lag_06__CT3__is_walking,CT3__is_walking,False,-2.387126922607422,5.858462827745825e-05,-0.00013984894341206866
28537,16.0,0.004663214087486267,17,lag_06__CT5__is_walking,CT5__is_walking,False,-2.396676540374756,-5.206227797316387e-05,0.00012477644025675125
28537,16.0,0.004663214087486267,18,lag_01__T_walking_count,T_walking_count,False,-0.7970898747444153,0.00013061748177278787,-0.00010411387218570243
28537,16.0,0.004663214087486267,19,lag_14__T_place_TRAMP,T_place_TRAMP,False,2.926727294921875,-3.3469797926954925e-05,-9.795697114833857e-05
28537,16.0,0.004663214087486267,20,lag_14__CT_walking_count,CT_walking_count,False,2.692342758178711,-3.564927101251669e-05,-9.598005664489956e-05
29337,28.5,0.0045719146728515625,1,lag_12__T_utility_damage_last_5s,T_utility_damage_last_5s,True,-5.139776706695557,-9.685773693490773e-05,0.0004978271401612847
29337,28.5,0.0045719146728515625,2,lag_15__CT1__duck_amount,CT1__duck_amount,False,-3.8154516220092773,-0.00010920469503616914,0.00041666523080678003
29337,28.5,0.0045719146728515625,3,lag_00__CT1__is_walking,CT1__is_walking,False,2.3343825340270996,0.000178111920831725,0.00041578135709159636
29337,28.5,0.0045719146728515625,4,lag_14__CT4__is_walking,CT4__is_walking,False,-2.384641170501709,-9.396510722581297e-05,0.00022407306328128124
29337,28.5,0.0045719146728515625,5,lag_12__utility_damage_diff_last_5s,utility_damage_diff_last_5s,True,3.250260591506958,6.213995948201045e-05,0.0002019710614622177
29337,28.5,0.0045719146728515625,6,lag_03__T2__is_walking,T2__is_walking,False,2.2968344688415527,8.31201541586779e-05,0.00019091323512707495
29337,28.5,0.0045719146728515625,7,lag_10__CT4__is_walking,CT4__is_walking,False,2.384641170501709,7.507375994464383e-05,0.00017902397878835977
29337,28.5,0.0045719146728515625,8,lag_01__CT1__is_walking,CT1__is_walking,False,-2.3343825340270996,7.003614155109972e-05,-0.0001634911455875368
29337,28.5,0.0045719146728515625,9,lag_06__CT4__is_walking,CT4__is_walking,False,2.384641170501709,-6.56308329780586e-05,-0.00015650598637379984
29337,28.5,0.0045719146728515625,10,lag_13__CT3__is_walking,CT3__is_walking,False,2.387126922607422,6.291138561209664e-05,0.00015017746233317308
29337,28.5,0.0045719146728515625,11,lag_01__CT_walking_count,CT_walking_count,False,-2.69234299659729,5.53832869627513e-05,-0.00014911080478270146
29337,28.5,0.0045719146728515625,12,lag_15__CT4__is_walking,CT4__is_walking,False,2.384641170501709,-5.640882227453403e-05,-0.0001345147999753677
29337,28.5,0.0045719146728515625,13,lag_15__T4__is_walking,T4__is_walking,False,-2.307980537414551,-5.663993215421215e-05,0.00013072386105240225
29337,28.5,0.0045719146728515625,14,lag_00__CT_walking_count,CT_walking_count,False,0.8974476456642151,0.00014486192958429456,0.00013000599765180046
29337,28.5,0.0045719146728515625,15,lag_15__CT_duck_amount_mean,CT_duck_amount_mean,False,-2.395413875579834,-4.609776442521252e-05,0.00011042322453736451
29337,28.5,0.0045719146728515625,16,lag_13__T_velocity_mean,T_velocity_mean,False,1.5788493156433105,6.38014535070397e-05,0.00010073288120663812
29337,28.5,0.0045719146728515625,17,lag_01__CT3__is_walking,CT3__is_walking,False,-2.387126922607422,-4.210085535305552e-05,0.00010050008527807963
29337,28.5,0.0045719146728515625,18,lag_04__CT3__is_walking,CT3__is_walking,False,-2.387126922607422,-3.512450712150894e-05,8.384665659307011e-05
29337,28.5,0.0045719146728515625,19,lag_03__T1__is_walking,T1__is_walking,False,2.281590461730957,3.642819501692429e-05,8.311422228868964e-05
29337,28.5,0.0045719146728515625,20,lag_08__T1__is_walking,T1__is_walking,False,2.281590461730957,-3.5805442166747525e-05,-8.169335532571056e-05
28185,10.5,-0.004341676831245422,1,lag_04__CT_place_SHOP,CT_place_SHOP,False,-5.015803337097168,0.00030641333432868123,-0.0015369090248568695
28185,10.5,-0.004341676831245422,2,lag_03__CT_place_LADDER,CT_place_LADDER,False,10.398283004760742,0.00011783384252339602,0.0012252696420966824
28185,10.5,-0.004341676831245422,3,lag_05__CT_place_SHOP,CT_place_SHOP,False,-5.01580286026001,0.00022097959299571812,-0.0011083900746070158
28185,10.5,-0.004341676831245422,4,lag_03__CT_place_SNIPERSNEST,CT_place_SNIPERSNEST,False,-5.355666637420654,9.207031689584255e-05,-0.0004930979244958111
28185,10.5,-0.004341676831245422,5,lag_09__CT_place_SHOP,CT_place_SHOP,False,10.03160572052002,-2.158076131308917e-05,-0.00021648968864156244
28185,10.5,-0.004341676831245422,6,lag_03__T1__duck_amount,T1__duck_amount,False,-3.915480136871338,5.463721026899293e-05,-0.0002139309115423045
28185,10.5,-0.004341676831245422,7,lag_09__T_place_PALACEALLEY,T_place_PALACEALLEY,False,3.4808402061462402,6.036603735992685e-05,0.00021012452992815941
28185,10.5,-0.004341676831245422,8,lag_10__T5__duck_amount,T5__duck_amount,False,3.7970333099365234,5.22597401868552e-05,0.00019843197425811754
28185,10.5,-0.004341676831245422,9,lag_00__CT3__is_walking,CT3__is_walking,False,-2.387126922607422,8.02017530077137e-05,-0.00019145176384502416
28185,10.5,-0.004341676831245422,10,lag_09__T_place_PALACEINTERIOR,T_place_PALACEINTERIOR,False,3.35436749458313,-5.408781362348236e-05,-0.0001814304038716798
28185,10.5,-0.004341676831245422,11,lag_04__T_place_SIDEALLEY,T_place_SIDEALLEY,False,3.1883161067962646,-5.090148260933347e-05,-0.00016229001686314786
28185,10.5,-0.004341676831245422,12,lag_01__T3__is_walking,T3__is_walking,False,-2.3223767280578613,6.758176459698007e-05,-0.00015695031734111117
28185,10.5,-0.004341676831245422,13,lag_03__CT3__is_walking,CT3__is_walking,False,2.387126922607422,-6.468619540100917e-05,-0.0001544141585627934
28185,10.5,-0.004341676831245422,14,lag_09__CT_place_CTSPAWN,CT_place_CTSPAWN,False,-2.0815834999084473,7.141370588215068e-05,-0.00014865359183159968
28185,10.5,-0.004341676831245422,15,lag_00__CT_velocity_mean,CT_velocity_mean,False,-1.00022554397583,-0.00013975588080938905,0.00013978740190639244
28185,10.5,-0.004341676831245422,16,lag_05__CT3__duck_amount,CT3__duck_amount,False,3.7208433151245117,-3.7189915019553155e-05,-0.00013837784669055303
28185,10.5,-0.004341676831245422,17,lag_03__T_place_TRAMP,T_place_TRAMP,False,2.926727294921875,-4.6917859435779974e-05,-0.0001373157798300051
28185,10.5,-0.004341676831245422,18,lag_09__T5__duck_amount,T5__duck_amount,False,-3.7970333099365234,3.4578559279907495e-05,-0.00013129594139542344
28185,10.5,-0.004341676831245422,19,lag_08__CT_place_SNIPERSNEST,CT_place_SNIPERSNEST,False,5.355666637420654,-2.422168108751066e-05,-0.00012972324930262367
28185,10.5,-0.004341676831245422,20,lag_10__T_place_PALACEALLEY,T_place_PALACEALLEY,False,3.4808406829833984,3.4614509786479175e-05,0.0001204875938863037
27865,5.5,0.0042953044176101685,1,lag_01__CT3__duck_amount,CT3__duck_amount,False,-3.7208433151245117,0.00015734080807305872,-0.0005854404939149294
27865,5.5,0.0042953044176101685,2,lag_01__CT_place_CTSPAWN,CT_place_CTSPAWN,False,-1.0407919883728027,-0.0003604583616834134,0.0003751621749820827
27865,5.5,0.0042953044176101685,3,lag_11__CT_place_CTSPAWN,CT_place_CTSPAWN,False,4.78255033493042,7.579621160402894e-05,0.0003624991971933056
27865,5.5,0.0042953044176101685,4,lag_00__T_velocity_mean,T_velocity_mean,False,0.9006529450416565,-0.0002619743172544986,-0.0002359479403605414
27865,5.5,0.0042953044176101685,5,lag_04__T_place_PALACEALLEY,T_place_PALACEALLEY,False,3.4808404445648193,4.9905011110240594e-05,0.00017371138105898212
27865,5.5,0.0042953044176101685,6,lag_11__smoke_inv_diff,smoke_inv_diff,True,-3.1856415271759033,-4.414357681525871e-05,0.00014062561146076756
27865,5.5,0.0042953044176101685,7,lag_02__CT3__duck_amount,CT3__duck_amount,False,1.5497331619262695,8.071406773524359e-05,0.00012508526740327014
27865,5.5,0.0042953044176101685,8,lag_10__CT_velocity_mean,CT_velocity_mean,False,3.494415283203125,3.557564195943996e-05,0.00012431606697282938
27865,5.5,0.0042953044176101685,9,lag_01__CT_unique_places,CT_unique_places,False,0.7992768287658691,0.0001535684714326635,0.00012274372084512125
27865,5.5,0.0042953044176101685,10,lag_11__CT_closest_enemy_dist,CT_closest_enemy_dist,False,2.8209149837493896,4.023123256047256e-05,0.00011348888674454338
27865,5.5,0.0042953044176101685,11,lag_11__T_place_TSPAWN,T_place_TSPAWN,False,4.428390979766846,2.4984157789731398e-05,0.0001106396189931181
27865,5.5,0.0042953044176101685,12,lag_11__T_smoke_inv,T_smoke_inv,True,2.281003952026367,4.650049231713638e-05,0.0001060678067465598
27865,5.5,0.0042953044176101685,13,lag_00__T_place_PALACEALLEY,T_place_PALACEALLEY,False,3.4808406829833984,2.82312830677256e-05,9.826859863495963e-05
27865,5.5,0.0042953044176101685,14,lag_01__CT_macro_OTHER,CT_macro_OTHER,False,-0.730858325958252,-0.00013224779104348272,9.665439917371649e-05
27865,5.5,0.0042953044176101685,15,lag_11__molly_inv_diff,molly_inv_diff,True,-2.789611339569092,-3.4252938348799944e-05,9.555238523137333e-05
27865,5.5,0.0042953044176101685,16,lag_00__T5__duck_amount,T5__duck_amount,False,3.7970333099365234,-2.51025048783049e-05,-9.531504718576778e-05
27865,5.5,0.0042953044176101685,17,lag_11__utility_inv_diff,utility_inv_diff,True,-3.078141927719116,-3.06770671159029e-05,9.442836650891406e-05
27865,5.5,0.0042953044176101685,18,lag_11__T_closest_enemy_dist,T_closest_enemy_dist,False,2.759784460067749,3.213846139260568e-05,8.869522632180046e-05
27865,5.5,0.0042953044176101685,19,lag_11__T_molly_inv,T_molly_inv,True,2.267718553543091,3.6759804061148316e-05,8.33608896940747e-05
27865,5.5,0.0042953044176101685,20,lag_11__centroid_distance_xy,centroid_distance_xy,False,2.58353590965271,3.124735303572379e-05,8.072865864938803e-05
30873,52.5,-0.004251321777701378,1,lag_02__T_place_SCAFFOLDING,T_place_SCAFFOLDING,False,-34.05547332763672,4.1062539821723476e-05,-0.0013984042296637245
30873,52.5,-0.004251321777701378,2,lag_08__T_place_SCAFFOLDING,T_place_SCAFFOLDING,False,34.05547332763672,-1.922503361129202e-05,-0.0006547176193722748
30873,52.5,-0.004251321777701378,3,lag_00__CT1__duck_amount,CT1__duck_amount,False,3.8154516220092773,-0.00013567294809035957,-0.0005176535698541429
30873,52.5,-0.004251321777701378,4,lag_00__CT1__is_walking,CT1__is_walking,False,-2.3343825340270996,0.000178111920831725,-0.00041578135709159636
30873,52.5,-0.004251321777701378,5,lag_00__T_kills_last_3s,T_kills_last_3s,False,3.1681017875671387,-8.844123658491299e-05,-0.00028019083971931105
30873,52.5,-0.004251321777701378,6,lag_07__T3__duck_amount,T3__duck_amount,False,3.7704498767852783,7.301103323698044e-05,0.00027528444127233875
30873,52.5,-0.004251321777701378,7,lag_01__T1__is_walking,T1__is_walking,False,-2.281590461730957,0.00010812062828335911,-0.0002466869942076705
30873,52.5,-0.004251321777701378,8,lag_02__T3__is_walking,T3__is_walking,False,-2.3223767280578613,9.974709246307611e-05,-0.00023165032622768367
30873,52.5,-0.004251321777701378,9,lag_13__T5__is_walking,T5__is_walking,False,2.3193888664245605,8.33846497698687e-05,0.00019340142830694476
30873,52.5,-0.004251321777701378,10,lag_03__T3__is_walking,T3__is_walking,False,2.3223767280578613,8.213894034270197e-05,0.00019075756351922407
30873,52.5,-0.004251321777701378,11,lag_15__T5__duck_amount,T5__duck_amount,False,3.7970333099365234,-4.756703128805384e-05,-0.00018061360225553325
30873,52.5,-0.004251321777701378,12,lag_00__T_damage_last_5s,T_damage_last_5s,False,2.3978044986724854,-7.203687709989026e-05,-0.0001727303479804338
30873,52.5,-0.004251321777701378,13,lag_01__CT1__is_walking,CT1__is_walking,False,2.3343825340270996,7.003614155109972e-05,0.0001634911455875368
30873,52.5,-0.004251321777701378,14,lag_00__kill_diff_last_3s,kill_diff_last_3s,False,-2.4069459438323975,6.672720337519422e-05,-0.0001606087715072032
30873,52.5,-0.004251321777701378,15,lag_02__CT4__duck_amount,CT4__duck_amount,False,3.6725916862487793,4.293299571145326e-05,0.00015767536311563773
30873,52.5,-0.004251321777701378,16,lag_02__CT_place_CTSPAWN,CT_place_CTSPAWN,False,1.0407919883728027,-0.000150381718412973,-0.00015651608772195708
30873,52.5,-0.004251321777701378,17,lag_00__damage_diff_last_5s,damage_diff_last_5s,False,-2.255979061126709,6.834787200205028e-05,-0.00015419136810919387
30873,52.5,-0.004251321777701378,18,lag_00__CT_velocity_mean,CT_velocity_mean,False,-1.037200689315796,-0.00013975588080938905,0.00014495489591143454
30873,52.5,-0.004251321777701378,19,lag_15__CT4__is_walking,CT4__is_walking,False,-2.384641170501709,-5.640882227453403e-05,0.0001345147999753677
30873,52.5,-0.004251321777701378,20,lag_00__CT_walking_count,CT_walking_count,False,-0.8974475860595703,0.00014486192958429456,-0.0001300059890173566
28473,15.0,0.004132971167564392,1,lag_08__T5__flash_duration,T5__flash_duration,True,3.9050376415252686,0.00015037642151582986,0.0005872255864171859
28473,15.0,0.004132971167564392,2,lag_13__T_place_SIDEALLEY,T_place_SIDEALLEY,False,3.1883161067962646,0.00016220295219682157,0.0005171542850590308
28473,15.0,0.004132971167564392,3,lag_12__CT_place_LADDER,CT_place_LADDER,False,10.398283004760742,3.008972453244496e-05,0.0003128814712236548
28473,15.0,0.004132971167564392,4,lag_13__CT_place_SHOP,CT_place_SHOP,False,-5.015803337097168,-5.8660651120590046e-05,0.0002942302896469483
28473,15.0,0.004132971167564392,5,lag_01__CT_place_CATWALK,CT_place_CATWALK,False,3.9834015369415283,7.330401422223076e-05,0.00029199932291681767
28473,15.0,0.004132971167564392,6,lag_12__CT3__duck_amount,CT3__duck_amount,False,-3.7208433151245117,-6.315005157375708e-05,0.0002349714472479822
28473,15.0,0.004132971167564392,7,lag_14__T5__is_walking,T5__is_walking,False,2.3193888664245605,9.553072595736012e-05,0.00022157290218695683
28473,15.0,0.004132971167564392,8,lag_15__T1__duck_amount,T1__duck_amount,False,3.915480136871338,5.358115959097631e-05,0.00020979596608900093
28473,15.0,0.004132971167564392,9,lag_03__CT4__is_walking,CT4__is_walking,False,-2.384641170501709,8.341158536495641e-05,-0.00019890670055809287
28473,15.0,0.004132971167564392,10,lag_02__CT5__is_walking,CT5__is_walking,False,2.396676540374756,7.761717279208824e-05,0.00018602325716101167
28473,15.0,0.004132971167564392,11,lag_12__CT5__is_walking,CT5__is_walking,False,2.396676540374756,7.673515938222408e-05,0.0001839093563132943
28473,15.0,0.004132971167564392,12,lag_00__T_velocity_mean,T_velocity_mean,False,-0.6613972187042236,-0.0002619743172544986,0.00017326908480406328
28473,15.0,0.004132971167564392,13,lag_09__CT3__is_walking,CT3__is_walking,False,-2.387126922607422,6.949738599359989e-05,-0.00016589908115616225
28473,15.0,0.004132971167564392,14,lag_06__CT3__is_walking,CT3__is_walking,False,2.387126922607422,5.858462827745825e-05,0.00013984894341206866
28473,15.0,0.004132971167564392,15,lag_08__T_flashed_players,T_flashed_players,False,1.9296237230300903,7.064284000080079e-05,0.0001363140999277642
28473,15.0,0.004132971167564392,16,lag_01__CT_macro_B,CT_macro_B,False,-1.225266456604004,0.00011062548583140597,-0.00013554569703474323
28473,15.0,0.004132971167564392,17,lag_01__CT_place_BOMBSITEB,CT_place_BOMBSITEB,False,-1.225266456604004,0.00011062548583140597,-0.00013554569703474323
28473,15.0,0.004132971167564392,18,lag_12__T1__duck_amount,T1__duck_amount,False,-3.915480136871338,-3.223987732781097e-05,0.00012623459929221245
28473,15.0,0.004132971167564392,19,lag_01__CT_unique_places,CT_unique_places,False,0.7992768883705139,0.0001535684714326635,0.00012274372999851544
28473,15.0,0.004132971167564392,20,lag_12__T_place_TRAMP,T_place_TRAMP,False,2.926727294921875,-4.018013714812696e-05,-0.00011759630410512756
29721,34.5,-0.004053248092532158,1,lag_04__CT_place_LADDER,CT_place_LADDER,False,-10.398283004760742,0.00011268478556303307,-0.0011717282906151955
29721,34.5,-0.004053248092532158,2,lag_00__T_utility_damage_last_5s,T_utility_damage_last_5s,True,2.427117109298706,-0.00023637214326299727,-0.0005737028730752256
29721,34.5,-0.004053248092532158,3,lag_08__CT_place_CATWALK,CT_place_CATWALK,False,-3.98340106010437,-0.0001303085737163201,0.0005190713106822779
29721,34.5,-0.004053248092532158,4,lag_08__CT_place_UNDERPASS,CT_place_UNDERPASS,False,5.7987165451049805,-8.096778037725016e-05,-0.0004695092076939869
29721,34.5,-0.004053248092532158,5,lag_06__CT3__duck_amount,CT3__duck_amount,False,3.7208433151245117,-9.003117156680673e-05,-0.00033499188287718085
29721,34.5,-0.004053248092532158,6,lag_04__CT_place_SNIPERSNEST,CT_place_SNIPERSNEST,False,5.355666637420654,5.945040538790636e-05,0.0003183965527171432
29721,34.5,-0.004053248092532158,7,lag_08__CT3__is_walking,CT3__is_walking,False,2.387126922607422,9.99609474092722e-05,0.00023861946877001827
29721,34.5,-0.004053248092532158,8,lag_02__T3__is_walking,T3__is_walking,False,-2.3223767280578613,9.974709246307611e-05,-0.00023165032622768367
29721,34.5,-0.004053248092532158,9,lag_00__utility_damage_diff_last_5s,utility_damage_diff_last_5s,True,-1.534845232963562,0.00014947549789212644,-0.00022942175538458523
29721,34.5,-0.004053248092532158,10,lag_00__T_place_TRAMP,T_place_TRAMP,False,2.926727533340454,-7.261516293510795e-05,-0.00021252479670018365
29721,34.5,-0.004053248092532158,11,lag_05__CT4__is_walking,CT4__is_walking,False,-2.384641170501709,-8.860762318363413e-05,0.00021129738626399566
29721,34.5,-0.004053248092532158,12,lag_00__CT5__is_walking,CT5__is_walking,False,-2.396676540374756,7.740574073977768e-05,-0.00018551652292135568
29721,34.5,-0.004053248092532158,13,lag_05__CT3__is_walking,CT3__is_walking,False,2.387126922607422,7.686282333452255e-05,0.00018348131492945674
29721,34.5,-0.004053248092532158,14,lag_06__CT4__is_walking,CT4__is_walking,False,2.384641170501709,-6.56308329780586e-05,-0.00015650598637379984
29721,34.5,-0.004053248092532158,15,lag_11__T1__is_walking,T1__is_walking,False,-2.281590461730957,6.811051571276039e-05,-0.00015540030299381058
29721,34.5,-0.004053248092532158,16,lag_13__CT3__is_walking,CT3__is_walking,False,-2.387126922607422,6.291138561209664e-05,-0.00015017746233317308
29721,34.5,-0.004053248092532158,17,lag_06__T_place_PALACEALLEY,T_place_PALACEALLEY,False,3.4808402061462402,3.975813524448313e-05,0.00013839171568039675
29721,34.5,-0.004053248092532158,18,lag_05__CT3__duck_amount,CT3__duck_amount,False,-3.7208433151245117,-3.7189915019553155e-05,0.00013837784669055303
29721,34.5,-0.004053248092532158,19,lag_08__CT4__is_walking,CT4__is_walking,False,-2.384641170501709,5.53576392121613e-05,-0.00013200810556709963
29721,34.5,-0.004053248092532158,20,lag_00__CT_walking_count,CT_walking_count,False,-0.8974476456642151,0.00014486192958429456,-0.00013000599765180046
30105,40.5,-0.004048566799610853,1,lag_01__CT_place_UNDERPASS,CT_place_UNDERPASS,False,-5.7987165451049805,-0.00011080365948146209,0.0006425190134933326
30105,40.5,-0.004048566799610853,2,lag_00__T_shots_fired_sum,T_shots_fired_sum,False,6.747633457183838,-8.412567694904283e-05,-0.0005676492323896005
30105,40.5,-0.004048566799610853,3,lag_03__CT_place_CATWALK,CT_place_CATWALK,False,-3.9834015369415283,7.818290760042146e-05,-0.00031143391429807633
30105,40.5,-0.004048566799610853,4,lag_00__T_kills_last_3s,T_kills_last_3s,False,3.1681017875671387,-8.844123658491299e-05,-0.00028019083971931105
30105,40.5,-0.004048566799610853,5,lag_02__T_place_TRAMP,T_place_TRAMP,False,-2.926727294921875,-8.258190064225346e-05,0.00024169470267620952
30105,40.5,-0.004048566799610853,6,lag_12__T_utility_damage_last_5s,T_utility_damage_last_5s,True,2.427117109298706,-9.685773693490773e-05,-0.00023508507048266777
30105,40.5,-0.004048566799610853,7,lag_00__CT3__duck_amount,CT3__duck_amount,False,2.21724271774292,0.000104247905255761,0.00023114290876828994
30105,40.5,-0.004048566799610853,8,lag_14__CT4__is_walking,CT4__is_walking,False,2.384641170501709,-9.396510722581297e-05,-0.00022407306328128124
30105,40.5,-0.004048566799610853,9,lag_02__T_utility_damage_last_5s,T_utility_damage_last_5s,True,-1.2849445343017578,-0.00017302355263382196,0.00022232566826230205
30105,40.5,-0.004048566799610853,10,lag_09__T_place_PALACEALLEY,T_place_PALACEALLEY,False,-3.4808404445648193,6.036603735992685e-05,-0.00021012454432054427
30105,40.5,-0.004048566799610853,11,lag_03__CT4__is_walking,CT4__is_walking,False,-2.384641170501709,8.341158536495641e-05,-0.00019890670055809287
30105,40.5,-0.004048566799610853,12,lag_12__CT5__is_walking,CT5__is_walking,False,-2.396676540374756,7.673515938222408e-05,-0.0001839093563132943
30105,40.5,-0.004048566799610853,13,lag_09__T_shots_fired_sum,T_shots_fired_sum,False,-5.997896671295166,3.0193288694135845e-05,-0.00018109622575401135
30105,40.5,-0.004048566799610853,14,lag_04__T_place_PALACEINTERIOR,T_place_PALACEINTERIOR,False,3.354367256164551,5.167870767763816e-05,0.000173349364874769
30105,40.5,-0.004048566799610853,15,lag_00__kill_diff_last_3s,kill_diff_last_3s,False,-2.4069459438323975,6.672720337519422e-05,-0.0001606087715072032
30105,40.5,-0.004048566799610853,16,lag_11__T2__duck_amount,T2__duck_amount,False,3.8233180046081543,-4.068938142154366e-05,-0.0001555684445853564
30105,40.5,-0.004048566799610853,17,lag_15__T_velocity_mean,T_velocity_mean,False,-1.373030185699463,0.00011172444646945223,-0.0001534010374831217
30105,40.5,-0.004048566799610853,18,lag_00__T2__shots_fired,T2__shots_fired,False,1.7650995254516602,-8.274886204162613e-05,-0.00014605997712133917
30105,40.5,-0.004048566799610853,19,lag_09__T2__shots_fired,T2__shots_fired,False,-4.706932067871094,-3.053783439099789e-05,0.00014373951197832469
30105,40.5,-0.004048566799610853,20,lag_09__T_place_TRAMP,T_place_TRAMP,False,2.926727294921875,-4.841360350837931e-05,-0.00014169341483349918
29273,27.5,0.003926459699869156,1,lag_00__CT1__is_walking,CT1__is_walking,False,2.3343825340270996,0.000178111920831725,0.00041578135709159636
29273,27.5,0.003926459699869156,2,lag_01__T2__is_walking,T2__is_walking,False,2.2968344688415527,0.00016886730736587197,0.00038786025221839576
29273,27.5,0.003926459699869156,3,lag_13__CT4__duck_amount,CT4__duck_amount,False,-3.6725916862487793,-8.441798854619265e-05,0.0003100328029045918
29273,27.5,0.003926459699869156,4,lag_00__CT_walking_count,CT_walking_count,False,1.7948952913284302,0.00014486192958429456,0.0002600119953036009
29273,27.5,0.003926459699869156,5,lag_01__T1__is_walking,T1__is_walking,False,2.281590461730957,0.00010812062828335911,0.0002466869942076705
29273,27.5,0.003926459699869156,6,lag_08__CT3__is_walking,CT3__is_walking,False,2.387126922607422,9.99609474092722e-05,0.00023861946877001827
29273,27.5,0.003926459699869156,7,lag_13__CT1__duck_amount,CT1__duck_amount,False,-3.8154516220092773,-5.8879235439235345e-05,0.00022465087435929662
29273,27.5,0.003926459699869156,8,lag_01__T_walking_count,T_walking_count,False,1.594179630279541,0.00013061748177278787,0.00020822772880058765
29273,27.5,0.003926459699869156,9,lag_00__CT3__is_walking,CT3__is_walking,False,2.387126922607422,8.02017530077137e-05,0.00019145176384502416
29273,27.5,0.003926459699869156,10,lag_09__CT3__is_walking,CT3__is_walking,False,-2.387126922607422,6.949738599359989e-05,-0.00016589908115616225
29273,27.5,0.003926459699869156,11,lag_13__T1__is_walking,T1__is_walking,False,2.281590461730957,6.272642349358648e-05,0.00014311600954146353
29273,27.5,0.003926459699869156,12,lag_05__T_place_SIDEALLEY,T_place_SIDEALLEY,False,-3.1883161067962646,-4.2412852053530514e-05,0.00013522557933743837
29273,27.5,0.003926459699869156,13,lag_15__CT4__is_walking,CT4__is_walking,False,-2.384641170501709,-5.640882227453403e-05,0.0001345147999753677
29273,27.5,0.003926459699869156,14,lag_08__CT4__is_walking,CT4__is_walking,False,2.384641170501709,5.53576392121613e-05,0.00013200810556709963
29273,27.5,0.003926459699869156,15,lag_04__T1__is_walking,T1__is_walking,False,-2.281590461730957,5.045337456976995e-05,-0.00011511393818052634
29273,27.5,0.003926459699869156,16,lag_13__T4__is_walking,T4__is_walking,False,-2.307980537414551,-4.963249739375897e-05,0.00011455083800807411
29273,27.5,0.003926459699869156,17,lag_08__CT_walking_count,CT_walking_count,False,1.7948952913284302,6.218955240910873e-05,0.00011162373478893189
29273,27.5,0.003926459699869156,18,lag_07__CT4__is_walking,CT4__is_walking,False,-2.384641170501709,4.0804181480780244e-05,-9.730333108769196e-05
29273,27.5,0.003926459699869156,19,lag_10__T_utility_damage_last_5s,T_utility_damage_last_5s,True,-5.139776706695557,-1.8066868506139144e-05,9.285966991078552e-05
29273,27.5,0.003926459699869156,20,lag_07__T1__is_walking,T1__is_walking,False,-2.281590461730957,3.9909999031806365e-05,-9.105827311866113e-05
28857,21.0,0.003893904387950897,1,lag_07__T_utility_damage_last_5s,T_utility_damage_last_5s,True,5.139776706695557,0.00012211095599923283,0.0006276230472771829
28857,21.0,0.003893904387950897,2,lag_00__CT1__duck_amount,CT1__duck_amount,False,-3.8154516220092773,-0.00013567294809035957,0.0005176535698541429
28857,21.0,0.003893904387950897,3,lag_13__T5__flash_duration,T5__flash_duration,True,-3.9050376415252686,-0.00012945968774147332,0.0005055449536905607
28857,21.0,0.003893904387950897,4,lag_13__CT_place_CATWALK,CT_place_CATWALK,False,3.9834015369415283,-0.00012044419418089092,-0.00047977758821584476
28857,21.0,0.003893904387950897,5,lag_00__CT1__is_walking,CT1__is_walking,False,2.3343825340270996,0.000178111920831725,0.00041578135709159636
28857,21.0,0.003893904387950897,6,lag_00__T1__is_walking,T1__is_walking,False,2.281590461730957,0.00017556345846969634,0.0004005639122729582
28857,21.0,0.003893904387950897,7,lag_08__CT1__duck_amount,CT1__duck_amount,False,3.8154516220092773,9.374789078719914e-05,0.00035769054196396755
28857,21.0,0.003893904387950897,8,lag_13__CT4__duck_amount,CT4__duck_amount,False,-3.6725916862487793,-8.441798854619265e-05,0.0003100328029045918
28857,21.0,0.003893904387950897,9,lag_00__CT_walking_count,CT_walking_count,False,1.7948952913284302,0.00014486192958429456,0.0002600119953036009
28857,21.0,0.003893904387950897,10,lag_07__utility_damage_diff_last_5s,utility_damage_diff_last_5s,True,-3.250260591506958,-7.632721099071205e-05,0.0002480833259427481
28857,21.0,0.003893904387950897,11,lag_00__CT4__duck_amount,CT4__duck_amount,False,-3.6725916862487793,-4.7265519242500886e-05,0.00017358695301624046
28857,21.0,0.003893904387950897,12,lag_10__T2__is_walking,T2__is_walking,False,2.2968344688415527,7.37584923626855e-05,0.00016941104762840248
28857,21.0,0.003893904387950897,13,lag_02__CT4__duck_amount,CT4__duck_amount,False,3.6725916862487793,4.293299571145326e-05,0.00015767536311563773
28857,21.0,0.003893904387950897,14,lag_11__T1__is_walking,T1__is_walking,False,-2.281590461730957,6.811051571276039e-05,-0.00015540030299381058
28857,21.0,0.003893904387950897,15,lag_03__CT3__is_walking,CT3__is_walking,False,2.387126922607422,-6.468619540100917e-05,-0.0001544141585627934
28857,21.0,0.003893904387950897,16,lag_13__CT3__is_walking,CT3__is_walking,False,-2.387126922607422,6.291138561209664e-05,-0.00015017746233317308
28857,21.0,0.003893904387950897,17,lag_06__CT3__is_walking,CT3__is_walking,False,2.387126922607422,5.858462827745825e-05,0.00013984894341206866
28857,21.0,0.003893904387950897,18,lag_05__T_place_SIDEALLEY,T_place_SIDEALLEY,False,3.1883161067962646,-4.2412852053530514e-05,-0.00013522557933743837
28857,21.0,0.003893904387950897,19,lag_15__CT4__is_walking,CT4__is_walking,False,-2.384641170501709,-5.640882227453403e-05,0.0001345147999753677
28857,21.0,0.003893904387950897,20,lag_07__CT1__duck_amount,CT1__duck_amount,False,-3.8154516220092773,3.494480552035384e-05,-0.0001333302149034328
28505,15.5,-0.0037743374705314636,1,lag_13__CT_place_LADDER,CT_place_LADDER,False,10.398283004760742,-6.153458525659516e-05,-0.0006398540320786544
28505,15.5,-0.0037743374705314636,2,lag_00__T1__is_walking,T1__is_walking,False,-2.281590461730957,0.00017556345846969634,-0.0004005639122729582
28505,15.5,-0.0037743374705314636,3,lag_09__T5__flash_duration,T5__flash_duration,True,3.9050376415252686,8.558385161450133e-05,0.0003342081620613408
28505,15.5,-0.0037743374705314636,4,lag_14__T_place_SIDEALLEY,T_place_SIDEALLEY,False,3.1883161067962646,0.00010478388867340982,0.0003340841599901792
28505,15.5,-0.0037743374705314636,5,lag_03__T2__is_walking,T2__is_walking,False,-2.2968344688415527,8.31201541586779e-05,-0.00019091323512707495
28505,15.5,-0.0037743374705314636,6,lag_02__CT_place_CATWALK,CT_place_CATWALK,False,3.9834015369415283,4.755643749376759e-05,0.00018943638620413754
28505,15.5,-0.0037743374705314636,7,lag_05__CT3__is_walking,CT3__is_walking,False,-2.387126922607422,7.686282333452255e-05,-0.00018348131492945674
28505,15.5,-0.0037743374705314636,8,lag_10__CT4__is_walking,CT4__is_walking,False,2.384641170501709,7.507375994464383e-05,0.00017902397878835977
28505,15.5,-0.0037743374705314636,9,lag_11__T3__is_walking,T3__is_walking,False,-2.3223767280578613,-7.320667646126822e-05,0.00017001348175211053
28505,15.5,-0.0037743374705314636,10,lag_13__T_place_TRAMP,T_place_TRAMP,False,2.926727294921875,-5.440889435703866e-05,-0.00015923999620126583
28505,15.5,-0.0037743374705314636,11,lag_15__T5__is_walking,T5__is_walking,False,2.3193888664245605,6.852603110019118e-05,0.0001589385135940466
28505,15.5,-0.0037743374705314636,12,lag_02__CT4__duck_amount,CT4__duck_amount,False,-3.6725916862487793,4.293299571145326e-05,-0.00015767536311563773
28505,15.5,-0.0037743374705314636,13,lag_03__CT3__is_walking,CT3__is_walking,False,2.387126922607422,-6.468619540100917e-05,-0.0001544141585627934
28505,15.5,-0.0037743374705314636,14,lag_13__CT3__is_walking,CT3__is_walking,False,2.387126922607422,6.291138561209664e-05,0.00015017746233317308
28505,15.5,-0.0037743374705314636,15,lag_13__T1__is_walking,T1__is_walking,False,2.281590461730957,6.272642349358648e-05,0.00014311600954146353
28505,15.5,-0.0037743374705314636,16,lag_13__CT_place_SNIPERSNEST,CT_place_SNIPERSNEST,False,-5.355666637420654,2.367589513596613e-05,-0.00012680020169076375
28505,15.5,-0.0037743374705314636,17,lag_13__T1__duck_amount,T1__duck_amount,False,-3.915480136871338,3.086362994508818e-05,-0.00012084593000174018
28505,15.5,-0.0037743374705314636,18,lag_02__CT4__is_walking,CT4__is_walking,False,2.384641170501709,-4.8728685214882717e-05,-0.00011620042894782724
28505,15.5,-0.0037743374705314636,19,lag_00__T_walking_count,T_walking_count,False,-0.7970898747444153,0.00013727178156841546,-0.00010941794717631102
28505,15.5,-0.0037743374705314636,20,lag_13__T_A_site_active_infernos,T_A_site_active_infernos,True,2.9764554500579834,-3.6102155718253925e-05,-0.00010745645814643889
29241,27.0,0.0035428963601589203,1,lag_00__T1__is_walking,T1__is_walking,False,2.281590461730957,0.00017556345846969634,0.0004005639122729582
29241,27.0,0.0035428963601589203,2,lag_00__T2__is_walking,T2__is_walking,False,2.2968344688415527,0.00013422734627965838,0.0003082979955962503
29241,27.0,0.0035428963601589203,3,lag_04__T5__duck_amount,T5__duck_amount,False,-3.7970333099365234,-6.774971552658826e-05,0.0002572479265931793
29241,27.0,0.0035428963601589203,4,lag_12__CT4__duck_amount,CT4__duck_amount,False,-3.6725916862487793,-6.924681656528264e-05,0.0002543152828168513
29241,27.0,0.0035428963601589203,5,lag_08__CT3__is_walking,CT3__is_walking,False,-2.387126922607422,9.99609474092722e-05,-0.00023861946877001827
29241,27.0,0.0035428963601589203,6,lag_14__CT4__is_walking,CT4__is_walking,False,-2.384641170501709,-9.396510722581297e-05,0.00022407306328128124
29241,27.0,0.0035428963601589203,7,lag_00__T_walking_count,T_walking_count,False,1.594179630279541,0.00013727178156841546,0.00021883587798855048
29241,27.0,0.0035428963601589203,8,lag_03__CT4__is_walking,CT4__is_walking,False,2.384641170501709,8.341158536495641e-05,0.00019890670055809287
29241,27.0,0.0035428963601589203,9,lag_01__CT1__is_walking,CT1__is_walking,False,-2.3343825340270996,7.003614155109972e-05,-0.0001634911455875368
29241,27.0,0.0035428963601589203,10,lag_04__T_place_SIDEALLEY,T_place_SIDEALLEY,False,-3.1883161067962646,-5.090148260933347e-05,0.00016229001686314786
29241,27.0,0.0035428963601589203,11,lag_06__CT4__is_walking,CT4__is_walking,False,-2.384641170501709,-6.56308329780586e-05,0.00015650598637379984
29241,27.0,0.0035428963601589203,12,lag_13__CT3__is_walking,CT3__is_walking,False,2.387126922607422,6.291138561209664e-05,0.00015017746233317308
29241,27.0,0.0035428963601589203,13,lag_00__T_velocity_mean,T_velocity_mean,False,-0.41708195209503174,-0.0002619743172544986,0.00010926475963926943
29241,27.0,0.0035428963601589203,14,lag_12__T1__is_walking,T1__is_walking,False,2.281590461730957,4.5920238335384056e-05,0.0001047711777864245
29241,27.0,0.0035428963601589203,15,lag_12__CT1__duck_amount,CT1__duck_amount,False,-3.8154516220092773,-2.6515479476074688e-05,0.00010116852917534287
29241,27.0,0.0035428963601589203,16,lag_01__CT3__is_walking,CT3__is_walking,False,-2.387126922607422,-4.210085535305552e-05,0.00010050008527807963
29241,27.0,0.0035428963601589203,17,lag_01__CT_walking_count,CT_walking_count,False,-1.7948952913284302,5.53832869627513e-05,-9.940720098773354e-05
29241,27.0,0.0035428963601589203,18,lag_07__CT3__is_walking,CT3__is_walking,False,2.387126922607422,-4.144991544308141e-05,-9.894620909398077e-05
29241,27.0,0.0035428963601589203,19,lag_07__CT4__is_walking,CT4__is_walking,False,2.384641170501709,4.0804181480780244e-05,9.730333108769196e-05
29241,27.0,0.0035428963601589203,20,lag_03__T1__is_walking,T1__is_walking,False,-2.281590461730957,3.642819501692429e-05,-8.311422228868964e-05
28121,9.5,-0.0034836530685424805,1,lag_01__CT_place_LADDER,CT_place_LADDER,False,10.398283004760742,0.00010176307114306837,0.0010581612131792262
28121,9.5,-0.0034836530685424805,2,lag_01__CT3__duck_amount,CT3__duck_amount,False,-3.7208433151245117,0.00015734080807305872,-0.0005854404939149294
28121,9.5,-0.0034836530685424805,3,lag_01__T1__duck_amount,T1__duck_amount,False,-3.915480136871338,0.000136607835884206,-0.0005348852679455882
28121,9.5,-0.0034836530685424805,4,lag_03__CT_place_SHOP,CT_place_SHOP,False,-5.01580286026001,9.767578012542799e-05,-0.0004899224573312495
28121,9.5,-0.0034836530685424805,5,lag_06__CT_place_SNIPERSNEST,CT_place_SNIPERSNEST,False,5.355666637420654,-8.62921224324964e-05,-0.0004621518411839394
28121,9.5,-0.0034836530685424805,6,lag_01__CT_place_CTSPAWN,CT_place_CTSPAWN,False,-1.0407919883728027,-0.0003604583616834134,0.0003751621749820827
28121,9.5,-0.0034836530685424805,7,lag_01__T_place_TRAMP,T_place_TRAMP,False,2.926727294921875,-9.896144911181182e-05,-0.0002896331742605618
28121,9.5,-0.0034836530685424805,8,lag_01__T_place_PALACEALLEY,T_place_PALACEALLEY,False,-3.4808402061462402,7.636902591912076e-05,-0.00026582837592349987
28121,9.5,-0.0034836530685424805,9,lag_01__CT_place_SNIPERSNEST,CT_place_SNIPERSNEST,False,-5.355666637420654,4.6198325435398147e-05,-0.0002474228302390639
28121,9.5,-0.0034836530685424805,10,lag_01__T1__is_walking,T1__is_walking,False,2.281590461730957,0.00010812062828335911,0.0002466869942076705
28121,9.5,-0.0034836530685424805,11,lag_02__CT_place_SHOP,CT_place_SHOP,False,-5.015803337097168,4.8219531890936196e-05,-0.00024185968897182109
28121,9.5,-0.0034836530685424805,12,lag_00__CT_place_PALACEINTERIOR,CT_place_PALACEINTERIOR,False,4.075206756591797,5.919123941566795e-05,0.00024121653879777272
28121,9.5,-0.0034836530685424805,13,lag_00__T_velocity_mean,T_velocity_mean,False,-0.8916928768157959,-0.0002619743172544986,0.00023360063260451785
28121,9.5,-0.0034836530685424805,14,lag_01__CT5__is_walking,CT5__is_walking,False,2.396676540374756,9.088014485314488e-05,0.00021781031115539196
28121,9.5,-0.0034836530685424805,15,lag_09__CT3__duck_amount,CT3__duck_amount,False,-3.7208433151245117,5.562072328757495e-05,-0.0002069559964269635
28121,9.5,-0.0034836530685424805,16,lag_08__T_place_PALACEALLEY,T_place_PALACEALLEY,False,3.4808406829833984,-5.153307574801147e-05,-0.00017937842658294345
28121,9.5,-0.0034836530685424805,17,lag_15__T_place_SIDEALLEY,T_place_SIDEALLEY,False,3.1883161067962646,5.320737909642048e-05,0.0001696419437735323
28121,9.5,-0.0034836530685424805,18,lag_01__CT_walking_count,CT_walking_count,False,2.692342758178711,5.53832869627513e-05,0.00014911079157829688
28121,9.5,-0.0034836530685424805,19,lag_03__T5__is_walking,T5__is_walking,False,2.3193888664245605,-5.3614228818332776e-05,-0.00012435224540317986
28121,9.5,-0.0034836530685424805,20,lag_01__CT_unique_places,CT_unique_places,False,-0.7992768883705139,0.0001535684714326635,-0.00012274372999851544
29657,33.5,-0.0033226944506168365,1,lag_02__CT_place_LADDER,CT_place_LADDER,False,-10.398283004760742,0.00015866334433667362,-0.0016498263568945348
29657,33.5,-0.0033226944506168365,2,lag_06__CT_place_UNDERPASS,CT_place_UNDERPASS,False,5.7987165451049805,-9.820484410738572e-05,-0.000569462054334953
29657,33.5,-0.0033226944506168365,3,lag_00__T1__is_walking,T1__is_walking,False,-2.281590461730957,0.00017556345846969634,-0.0004005639122729582
29657,33.5,-0.0033226944506168365,4,lag_05__CT4__duck_amount,CT4__duck_amount,False,-2.5221686363220215,0.0001330674422206357,-0.00033561852928448016
29657,33.5,-0.0033226944506168365,5,lag_06__CT3__duck_amount,CT3__duck_amount,False,-3.7208433151245117,-9.003117156680673e-05,0.00033499188287718085
29657,33.5,-0.0033226944506168365,6,lag_06__CT_place_CATWALK,CT_place_CATWALK,False,-3.98340106010437,-8.342065120814368e-05,0.00033229791045711644
29657,33.5,-0.0033226944506168365,7,lag_00__T_velocity_mean,T_velocity_mean,False,1.1734379529953003,-0.0002619743172544986,-0.0003074106065764602
29657,33.5,-0.0033226944506168365,8,lag_06__CT4__duck_amount,CT4__duck_amount,False,3.6725916862487793,7.044002268230543e-05,0.00025869744168221034
29657,33.5,-0.0033226944506168365,9,lag_00__T_walking_count,T_walking_count,False,-1.594179630279541,0.00013727178156841546,-0.00021883587798855048
29657,33.5,-0.0033226944506168365,10,lag_01__CT5__is_walking,CT5__is_walking,False,2.396676540374756,9.088014485314488e-05,0.00021781031115539196
29657,33.5,-0.0033226944506168365,11,lag_03__CT4__is_walking,CT4__is_walking,False,-2.384641170501709,8.341158536495641e-05,-0.00019890670055809287
29657,33.5,-0.0033226944506168365,12,lag_11__CT1__is_walking,CT1__is_walking,False,-2.3343825340270996,-8.448235894320533e-05,0.00019721414315042665
29657,33.5,-0.0033226944506168365,13,lag_03__T2__is_walking,T2__is_walking,False,2.2968344688415527,8.31201541586779e-05,0.00019091323512707495
29657,33.5,-0.0033226944506168365,14,lag_05__CT3__is_walking,CT3__is_walking,False,-2.387126922607422,7.686282333452255e-05,-0.00018348131492945674
29657,33.5,-0.0033226944506168365,15,lag_04__T_place_PALACEALLEY,T_place_PALACEALLEY,False,3.4808402061462402,4.9905011110240594e-05,0.00017371136916070028
29657,33.5,-0.0033226944506168365,16,lag_00__T_A_site_active_smokes,T_A_site_active_smokes,True,1.422539234161377,-0.00011641404125839472,-0.00016560354109734776
29657,33.5,-0.0033226944506168365,17,lag_06__CT4__is_walking,CT4__is_walking,False,-2.384641170501709,-6.56308329780586e-05,0.00015650598637379984
29657,33.5,-0.0033226944506168365,18,lag_03__CT3__is_walking,CT3__is_walking,False,2.387126922607422,-6.468619540100917e-05,-0.0001544141585627934
29657,33.5,-0.0033226944506168365,19,lag_09__CT3__duck_amount,CT3__duck_amount,False,2.6223158836364746,5.562072328757495e-05,0.00014585510613635694
29657,33.5,-0.0033226944506168365,20,lag_00__T3__is_walking,T3__is_walking,False,-2.3223767280578613,6.200389179866761e-05,-0.00014399639536224335
29177,26.0,-0.003214959055185318,1,lag_07__T_utility_damage_last_5s,T_utility_damage_last_5s,True,-5.139776706695557,0.00012211095599923283,-0.0006276230472771829
29177,26.0,-0.003214959055185318,2,lag_14__CT_place_CATWALK,CT_place_CATWALK,False,3.98340106010437,-0.00011756701132981107,-0.0004683165575644719
29177,26.0,-0.003214959055185318,3,lag_15__CT1__duck_amount,CT1__duck_amount,False,3.8154516220092773,-0.00010920469503616914,-0.00041666523080678003
29177,26.0,-0.003214959055185318,4,lag_10__CT4__duck_amount,CT4__duck_amount,False,-3.6725916862487793,-7.632784399902448e-05,0.0002803210053001111
29177,26.0,-0.003214959055185318,5,lag_12__CT4__duck_amount,CT4__duck_amount,False,3.6725916862487793,-6.924681656528264e-05,-0.0002543152828168513
29177,26.0,-0.003214959055185318,6,lag_07__utility_damage_diff_last_5s,utility_damage_diff_last_5s,True,3.250260591506958,-7.632721099071205e-05,-0.0002480833259427481
29177,26.0,-0.003214959055185318,7,lag_01__T1__is_walking,T1__is_walking,False,-2.281590461730957,0.00010812062828335911,-0.0002466869942076705
29177,26.0,-0.003214959055185318,8,lag_08__CT3__is_walking,CT3__is_walking,False,2.387126922607422,9.99609474092722e-05,0.00023861946877001827
29177,26.0,-0.003214959055185318,9,lag_05__CT4__is_walking,CT4__is_walking,False,2.384641170501709,-8.860762318363413e-05,-0.00021129738626399566
29177,26.0,-0.003214959055185318,10,lag_10__CT1__duck_amount,CT1__duck_amount,False,-3.8154516220092773,5.4548039770452306e-05,-0.00020812540681959882
29177,26.0,-0.003214959055185318,11,lag_05__CT3__is_walking,CT3__is_walking,False,2.387126922607422,7.686282333452255e-05,0.00018348131492945674
29177,26.0,-0.003214959055185318,12,lag_10__CT4__is_walking,CT4__is_walking,False,2.384641170501709,7.507375994464383e-05,0.00017902397878835977
29177,26.0,-0.003214959055185318,13,lag_15__T_place_SIDEALLEY,T_place_SIDEALLEY,False,3.1883161067962646,5.320737909642048e-05,0.0001696419437735323
29177,26.0,-0.003214959055185318,14,lag_09__CT3__is_walking,CT3__is_walking,False,-2.387126922607422,6.949738599359989e-05,-0.00016589908115616225
29177,26.0,-0.003214959055185318,15,lag_13__CT3__is_walking,CT3__is_walking,False,2.387126922607422,6.291138561209664e-05,0.00015017746233317308
29177,26.0,-0.003214959055185318,16,lag_02__T_place_TSPAWN,T_place_TSPAWN,False,0.9492050409317017,-0.00015122150944080204,-0.0001435402190585102
29177,26.0,-0.003214959055185318,17,lag_06__CT3__is_walking,CT3__is_walking,False,-2.387126922607422,5.858462827745825e-05,-0.00013984894341206866
29177,26.0,-0.003214959055185318,18,lag_04__T1__is_walking,T1__is_walking,False,-2.281590461730957,5.045337456976995e-05,-0.00011511393818052634
29177,26.0,-0.003214959055185318,19,lag_10__T4__is_walking,T4__is_walking,False,-2.307980537414551,4.9343329010298476e-05,-0.00011388344300701167
29177,26.0,-0.003214959055185318,20,lag_12__T1__is_walking,T1__is_walking,False,-2.281590461730957,4.5920238335384056e-05,-0.0001047711777864245
27801,4.5,0.0031496547162532806,1,lag_01__CT3__duck_amount,CT3__duck_amount,False,2.171110153198242,0.00015734080807305872,0.00034160422591983375
27801,4.5,0.0031496547162532806,2,lag_09__CT_place_CTSPAWN,CT_place_CTSPAWN,False,4.78255033493042,7.141370588215068e-05,0.00034153964298530223
27801,4.5,0.0031496547162532806,3,lag_00__T_velocity_mean,T_velocity_mean,False,-0.9578088521957397,-0.0002619743172544986,0.0002509213201142939
27801,4.5,0.0031496547162532806,4,lag_00__CT3__duck_amount,CT3__duck_amount,False,1.5497331619262695,0.000104247905255761,0.00016155643583620066
27801,4.5,0.0031496547162532806,5,lag_02__T_place_TSPAWN,T_place_TSPAWN,False,-0.9492049217224121,-0.00015122150944080204,0.0001435402010315015
27801,4.5,0.0031496547162532806,6,lag_05__T_place_SIDEALLEY,T_place_SIDEALLEY,False,3.1883161067962646,-4.2412852053530514e-05,-0.00013522557933743837
27801,4.5,0.0031496547162532806,7,lag_09__smoke_inv_diff,smoke_inv_diff,True,-3.1856415271759033,-3.7749079638160765e-05,0.00012025503570799526
27801,4.5,0.0031496547162532806,8,lag_02__T_place_PALACEALLEY,T_place_PALACEALLEY,False,3.4808404445648193,3.389289486221969e-05,0.00011797575921979747
27801,4.5,0.0031496547162532806,9,lag_09__molly_inv_diff,molly_inv_diff,True,-2.789611339569092,-4.2272760765627027e-05,0.00011792457278668456
27801,4.5,0.0031496547162532806,10,lag_09__T_molly_inv,T_molly_inv,True,2.267718553543091,4.703368540504016e-05,0.00010665916103451845
27801,4.5,0.0031496547162532806,11,lag_09__T2__molly,T2__molly,True,1.6050609350204468,6.4161627960857e-05,0.00010298332256728718
27801,4.5,0.0031496547162532806,12,lag_09__T_smoke_inv,T_smoke_inv,True,2.281003952026367,4.2758001654874533e-05,9.753117075551876e-05
27801,4.5,0.0031496547162532806,13,lag_09__utility_inv_diff,utility_inv_diff,True,-3.078141927719116,-2.8973716325708665e-05,8.91852110240037e-05
27801,4.5,0.0031496547162532806,14,lag_09__T5__smoke,T5__smoke,True,1.4999849796295166,5.529812551685609e-05,8.294635767695183e-05
27801,4.5,0.0031496547162532806,15,lag_09__CT_closest_enemy_dist,CT_closest_enemy_dist,False,2.8209149837493896,2.628564106998965e-05,7.414955875179215e-05
27801,4.5,0.0031496547162532806,16,lag_09__T_utility_inv,T_utility_inv,True,1.9612067937850952,3.104155257460661e-05,6.08789037989557e-05
27801,4.5,0.0031496547162532806,17,lag_09__T2__utility_total,T2__utility_total,True,1.5908522605895996,3.824191298917867e-05,6.0837233728105664e-05
27801,4.5,0.0031496547162532806,18,lag_09__T5__molly,T5__molly,True,1.579392433166504,3.560325421858579e-05,5.6231510308937804e-05
27801,4.5,0.0031496547162532806,19,lag_08__CT_velocity_mean,CT_velocity_mean,False,3.494415283203125,-1.5317164070438594e-05,-5.352453222307041e-05
27801,4.5,0.0031496547162532806,20,lag_09__T5__utility_total,T5__utility_total,True,1.5134170055389404,3.4886106732301414e-05,5.2797227185711476e-05
29689,34.0,-0.0031310413032770157,1,lag_03__CT_place_LADDER,CT_place_LADDER,False,-10.398283004760742,0.00011783384252339602,-0.0012252696420966824
29689,34.0,-0.0031310413032770157,2,lag_07__CT_place_UNDERPASS,CT_place_UNDERPASS,False,5.7987165451049805,-9.23781335586682e-05,-0.0005356746114725669
29689,34.0,-0.0031310413032770157,3,lag_03__CT_place_SNIPERSNEST,CT_place_SNIPERSNEST,False,5.355666637420654,9.207031689584255e-05,0.0004930979244958111
29689,34.0,-0.0031310413032770157,4,lag_05__T_place_PALACEALLEY,T_place_PALACEALLEY,False,3.4808402061462402,7.384469790849835e-05,0.0002570415934906242
29689,34.0,-0.0031310413032770157,5,lag_01__T1__is_walking,T1__is_walking,False,-2.281590461730957,0.00010812062828335911,-0.0002466869942076705
29689,34.0,-0.0031310413032770157,6,lag_07__CT_place_CATWALK,CT_place_CATWALK,False,-3.98340106010437,-5.6209337344625965e-05,0.00022390433396634723
29689,34.0,-0.0031310413032770157,7,lag_05__CT4__is_walking,CT4__is_walking,False,2.384641170501709,-8.860762318363413e-05,-0.00021129738626399566
29689,34.0,-0.0031310413032770157,8,lag_01__T_walking_count,T_walking_count,False,-1.594179630279541,0.00013061748177278787,-0.00020822772880058765
29689,34.0,-0.0031310413032770157,9,lag_11__CT1__is_walking,CT1__is_walking,False,2.3343825340270996,-8.448235894320533e-05,-0.00019721414315042665
29689,34.0,-0.0031310413032770157,10,lag_03__T2__is_walking,T2__is_walking,False,-2.2968344688415527,8.31201541586779e-05,-0.00019091323512707495
29689,34.0,-0.0031310413032770157,11,lag_02__CT5__is_walking,CT5__is_walking,False,2.396676540374756,7.761717279208824e-05,0.00018602325716101167
29689,34.0,-0.0031310413032770157,12,lag_10__CT4__is_walking,CT4__is_walking,False,2.384641170501709,7.507375994464383e-05,0.00017902397878835977
29689,34.0,-0.0031310413032770157,13,lag_06__CT4__duck_amount,CT4__duck_amount,False,-2.5221686363220215,7.044002268230543e-05,-0.00017766161595112254
29689,34.0,-0.0031310413032770157,14,lag_01__T3__is_walking,T3__is_walking,False,-2.3223767280578613,6.758176459698007e-05,-0.00015695031734111117
29689,34.0,-0.0031310413032770157,15,lag_03__CT3__is_walking,CT3__is_walking,False,-2.387126922607422,-6.468619540100917e-05,0.0001544141585627934
29689,34.0,-0.0031310413032770157,16,lag_05__CT4__duck_amount,CT4__duck_amount,False,-1.1504231691360474,0.0001330674422206357,-0.0001530838685882916
29689,34.0,-0.0031310413032770157,17,lag_13__CT3__is_walking,CT3__is_walking,False,2.387126922607422,6.291138561209664e-05,0.00015017746233317308
29689,34.0,-0.0031310413032770157,18,lag_02__T4__is_walking,T4__is_walking,False,2.307980537414551,-6.491447857115418e-05,-0.00014982135313863776
29689,34.0,-0.0031310413032770157,19,lag_06__CT3__is_walking,CT3__is_walking,False,-2.387126922607422,5.858462827745825e-05,-0.00013984894341206866
29689,34.0,-0.0031310413032770157,20,lag_05__CT3__duck_amount,CT3__duck_amount,False,3.7208433151245117,-3.7189915019553155e-05,-0.00013837784669055303
27769,4.0,0.0031260643154382706,1,lag_01__T_place_TSPAWN,T_place_TSPAWN,False,-0.9492049217224121,-0.00034275284269824624,0.00032534268522352305
27769,4.0,0.0031260643154382706,2,lag_01__T_place_PALACEALLEY,T_place_PALACEALLEY,False,3.4808404445648193,7.636902591912076e-05,0.0002658283941312945
27769,4.0,0.0031260643154382706,3,lag_08__CT_place_CTSPAWN,CT_place_CTSPAWN,False,4.78255033493042,4.8595342377666384e-05,0.0002324096709643668
27769,4.0,0.0031260643154382706,4,lag_00__CT3__duck_amount,CT3__duck_amount,False,2.171110153198242,0.000104247905255761,0.0002263336855504311
27769,4.0,0.0031260643154382706,5,lag_08__T_place_TSPAWN,T_place_TSPAWN,False,4.428390979766846,3.7502828490687534e-05,0.00016607718740390374
27769,4.0,0.0031260643154382706,6,lag_04__T_place_SIDEALLEY,T_place_SIDEALLEY,False,3.1883161067962646,-5.090148260933347e-05,-0.00016229001686314786
27769,4.0,0.0031260643154382706,7,lag_08__molly_inv_diff,molly_inv_diff,True,-2.789611339569092,-4.4425349187804386e-05,0.00012392945785861566
27769,4.0,0.0031260643154382706,8,lag_08__T_molly_inv,T_molly_inv,True,2.267718553543091,4.927950067212805e-05,0.000111752037983524
27769,4.0,0.0031260643154382706,9,lag_08__smoke_inv_diff,smoke_inv_diff,True,-3.1856415271759033,-3.326724618091248e-05,0.00010597752092869877
27769,4.0,0.0031260643154382706,10,lag_08__T5__molly,T5__molly,True,1.579392433166504,6.379701517289504e-05,0.00010076052302267907
27769,4.0,0.0031260643154382706,11,lag_01__T_unique_places,T_unique_places,False,0.8783379793167114,0.00010503230441827327,9.225386202572385e-05
27769,4.0,0.0031260643154382706,12,lag_08__utility_inv_diff,utility_inv_diff,True,-3.078141927719116,-2.9772212656098418e-05,9.164309605770625e-05
27769,4.0,0.0031260643154382706,13,lag_08__T_smoke_inv,T_smoke_inv,True,2.281003952026367,3.8156398659339175e-05,8.703489613704624e-05
27769,4.0,0.0031260643154382706,14,lag_08__T5__smoke,T5__smoke,True,1.4999849796295166,5.564010643865913e-05,8.345932392297625e-05
27769,4.0,0.0031260643154382706,15,lag_00__T_velocity_mean,T_velocity_mean,False,0.2977426052093506,-0.0002619743172544986,-7.800091571729534e-05
27769,4.0,0.0031260643154382706,16,lag_08__T2__molly,T2__molly,True,1.6050609350204468,4.82630348415114e-05,7.746511182964069e-05
27769,4.0,0.0031260643154382706,17,lag_07__CT_velocity_mean,CT_velocity_mean,False,3.494415283203125,2.181018135161139e-05,7.621383104450263e-05
27769,4.0,0.0031260643154382706,18,lag_08__T5__utility_total,T5__utility_total,True,1.5134170055389404,4.787012221640907e-05,7.244745701954092e-05
27769,4.0,0.0031260643154382706,19,lag_08__CT_closest_enemy_dist,CT_closest_enemy_dist,False,2.8209149837493896,2.4191571355913766e-05,6.824236611833968e-05
27769,4.0,0.0031260643154382706,20,lag_08__CT_walking_count,CT_walking_count,False,-1.0355465412139893,6.218955240910873e-05,-6.440017589689866e-05
30777,51.0,0.002665923908352852,1,lag_05__T_place_SCAFFOLDING,T_place_SCAFFOLDING,False,34.05547332763672,2.4746092094574124e-05,0.0008427398792900109
30777,51.0,0.002665923908352852,2,lag_08__T_place_SCAFFOLDING,T_place_SCAFFOLDING,False,34.05546951293945,-1.922503361129202e-05,-0.0006547175460345916
30777,51.0,0.002665923908352852,3,lag_06__CT_place_SNIPERSNEST,CT_place_SNIPERSNEST,False,5.355666637420654,-8.62921224324964e-05,-0.0004621518411839394
30777,51.0,0.002665923908352852,4,lag_00__T1__is_walking,T1__is_walking,False,2.281590461730957,0.00017556345846969634,0.0004005639122729582
30777,51.0,0.002665923908352852,5,lag_12__T5__duck_amount,T5__duck_amount,False,3.7970333099365234,7.632454071426764e-05,0.0002898068234576806
30777,51.0,0.002665923908352852,6,lag_00__T_velocity_mean,T_velocity_mean,False,-1.0779764652252197,-0.0002619743172544986,0.0002824021484937947
30777,51.0,0.002665923908352852,7,lag_07__T3__duck_amount,T3__duck_amount,False,3.7704498767852783,7.301103323698044e-05,0.00027528444127233875
30777,51.0,0.002665923908352852,8,lag_04__T5__duck_amount,T5__duck_amount,False,3.7970333099365234,-6.774971552658826e-05,-0.0002572479265931793
30777,51.0,0.002665923908352852,9,lag_12__CT3__duck_amount,CT3__duck_amount,False,-3.7208433151245117,-6.315005157375708e-05,0.0002349714472479822
30777,51.0,0.002665923908352852,10,lag_02__T3__is_walking,T3__is_walking,False,-2.3223767280578613,9.974709246307611e-05,-0.00023165032622768367
30777,51.0,0.002665923908352852,11,lag_06__T_flashes_last_5s,T_flashes_last_5s,True,9.0607271194458,2.542801303206943e-05,0.00023039628727329273
30777,51.0,0.002665923908352852,12,lag_00__T_walking_count,T_walking_count,False,1.5941797494888306,0.00013727178156841546,0.00021883589435262203
30777,51.0,0.002665923908352852,13,lag_03__T3__is_walking,T3__is_walking,False,2.3223767280578613,8.213894034270197e-05,0.00019075756351922407
30777,51.0,0.002665923908352852,14,lag_00__T3__is_walking,T3__is_walking,False,2.3223767280578613,6.200389179866761e-05,0.00014399639536224335
30777,51.0,0.002665923908352852,15,lag_13__T_place_PALACEINTERIOR,T_place_PALACEINTERIOR,False,3.35436749458313,-4.0921815525507554e-05,-0.0001372668078180898
30777,51.0,0.002665923908352852,16,lag_13__CT_place_JUNGLE,CT_place_JUNGLE,False,-6.415591716766357,-1.9882541892002337e-05,0.0001275582710705903
30777,51.0,0.002665923908352852,17,lag_03__T5__duck_amount,T5__duck_amount,False,-3.7970333099365234,3.3187483495566994e-05,-0.00012601398030563649
30777,51.0,0.002665923908352852,18,lag_09__T3__shots_fired,T3__shots_fired,False,3.027853012084961,3.892474342137575e-05,0.00011785840161304684
30777,51.0,0.002665923908352852,19,lag_07__CT1__is_walking,CT1__is_walking,False,-2.3343825340270996,-4.918853301205672e-05,0.00011482485233776062
30777,51.0,0.002665923908352852,20,lag_08__T_shots_fired_sum,T_shots_fired_sum,False,-4.498422145843506,2.529897574277129e-05,-0.00011380547274844003
27833,5.0,0.00232771597802639,1,lag_00__CT3__duck_amount,CT3__duck_amount,False,-3.7208433151245117,0.000104247905255761,-0.00038789012138663176
27833,5.0,0.00232771597802639,2,lag_10__CT_place_CTSPAWN,CT_place_CTSPAWN,False,4.78255033493042,5.509326729224995e-05,0.00026348632394096114
27833,5.0,0.00232771597802639,3,lag_01__CT3__duck_amount,CT3__duck_amount,False,1.5497331619262695,0.00015734080807305872,0.0002438362679950956
27833,5.0,0.00232771597802639,4,lag_00__T_velocity_mean,T_velocity_mean,False,-0.6773636937141418,-0.0002619743172544986,0.00017745189119374762
27833,5.0,0.00232771597802639,5,lag_02__CT3__duck_amount,CT3__duck_amount,False,2.171110153198242,8.071406773524359e-05,0.000175239131965918
27833,5.0,0.00232771597802639,6,lag_10__smoke_inv_diff,smoke_inv_diff,True,-3.1856415271759033,-3.529350215103477e-05,0.00011243244609180844
27833,5.0,0.00232771597802639,7,lag_10__T_smoke_inv,T_smoke_inv,True,2.281003952026367,4.0623348468216136e-05,9.266201840054528e-05
27833,5.0,0.00232771597802639,8,lag_10__CT_closest_enemy_dist,CT_closest_enemy_dist,False,2.8209149837493896,3.0248967959778383e-05,8.532976696069405e-05
27833,5.0,0.00232771597802639,9,lag_01__T3__duck_amount,T3__duck_amount,False,2.2287490367889404,3.662818198790774e-05,8.163502532487939e-05
27833,5.0,0.00232771597802639,10,lag_10__T5__smoke,T5__smoke,True,1.4999849796295166,5.1457176596159115e-05,7.718499198838217e-05
27833,5.0,0.00232771597802639,11,lag_10__molly_inv_diff,molly_inv_diff,True,-2.789611339569092,-2.6893048925558105e-05,7.502115423832327e-05
27833,5.0,0.00232771597802639,12,lag_10__T_molly_inv,T_molly_inv,True,2.267718553543091,3.1175419280771166e-05,7.069707671748977e-05
27833,5.0,0.00232771597802639,13,lag_10__utility_inv_diff,utility_inv_diff,True,-3.078141927719116,-2.2172058379510418e-05,6.824874252180698e-05
27833,5.0,0.00232771597802639,14,lag_03__T_place_TSPAWN,T_place_TSPAWN,False,-0.9492049217224121,-7.094487955328077e-05,6.734122884297783e-05
27833,5.0,0.00232771597802639,15,lag_10__T_place_TSPAWN,T_place_TSPAWN,False,4.428390979766846,1.3933585250924807e-05,6.170336324100778e-05
27833,5.0,0.00232771597802639,16,lag_10__T_closest_enemy_dist,T_closest_enemy_dist,False,2.759784460067749,2.2331663785735145e-05,6.163057868332957e-05
27833,5.0,0.00232771597802639,17,lag_10__CT_velocity_mean,CT_velocity_mean,False,-1.694637656211853,3.557564195943996e-05,-6.0287822508377394e-05
27833,5.0,0.00232771597802639,18,lag_10__T2__molly,T2__molly,True,1.6050609350204468,3.517140794428997e-05,5.6452252921047625e-05
27833,5.0,0.00232771597802639,19,lag_10__centroid_distance_xy,centroid_distance_xy,False,2.58353590965271,2.135517388524022e-05,5.517185858939589e-05
27833,5.0,0.00232771597802639,20,lag_06__T_place_SIDEALLEY,T_place_SIDEALLEY,False,3.1883161067962646,1.6851257896632887e-05,5.372713697161238e-05
28377,13.5,-0.0023011192679405212,1,lag_05__T5__flash_duration,T5__flash_duration,True,3.9050376415252686,0.0001077146444004029,0.00042062974092708233
28377,13.5,-0.0023011192679405212,2,lag_14__T_place_SIDEALLEY,T_place_SIDEALLEY,False,-3.1883161067962646,0.00010478388867340982,-0.0003340841599901792
28377,13.5,-0.0023011192679405212,3,lag_09__CT_place_LADDER,CT_place_LADDER,False,10.398283004760742,-2.9258928407216445e-05,-0.00030424261799427005
28377,13.5,-0.0023011192679405212,4,lag_15__T_place_PALACEINTERIOR,T_place_PALACEINTERIOR,False,3.35436749458313,-7.702130824327469e-05,-0.0002583577727615083
28377,13.5,-0.0023011192679405212,5,lag_01__CT5__is_walking,CT5__is_walking,False,-2.396676540374756,9.088014485314488e-05,-0.00021781031115539196
28377,13.5,-0.0023011192679405212,6,lag_09__T_place_PALACEALLEY,T_place_PALACEALLEY,False,-3.4808402061462402,6.036603735992685e-05,-0.00021012452992815941
28377,13.5,-0.0023011192679405212,7,lag_09__CT3__duck_amount,CT3__duck_amount,False,-3.7208433151245117,5.562072328757495e-05,-0.0002069559964269635
28377,13.5,-0.0023011192679405212,8,lag_15__T5__duck_amount,T5__duck_amount,False,-3.7970333099365234,-4.756703128805384e-05,0.00018061360225553325
28377,13.5,-0.0023011192679405212,9,lag_00__CT4__duck_amount,CT4__duck_amount,False,3.6725916862487793,-4.7265519242500886e-05,-0.00017358695301624046
28377,13.5,-0.0023011192679405212,10,lag_10__T2__is_walking,T2__is_walking,False,2.2968344688415527,7.37584923626855e-05,0.00016941104762840248
28377,13.5,-0.0023011192679405212,11,lag_09__CT3__is_walking,CT3__is_walking,False,2.387126922607422,6.949738599359989e-05,0.00016589908115616225
28377,13.5,-0.0023011192679405212,12,lag_06__CT4__is_walking,CT4__is_walking,False,2.384641170501709,-6.56308329780586e-05,-0.00015650598637379984
28377,13.5,-0.0023011192679405212,13,lag_03__CT3__is_walking,CT3__is_walking,False,2.387126922607422,-6.468619540100917e-05,-0.0001544141585627934
28377,13.5,-0.0023011192679405212,14,lag_14__CT_place_SNIPERSNEST,CT_place_SNIPERSNEST,False,5.355666637420654,-2.6629049898474477e-05,-0.00014261631412746962
28377,13.5,-0.0023011192679405212,15,lag_09__T_place_TRAMP,T_place_TRAMP,False,2.926727294921875,-4.841360350837931e-05,-0.00014169341483349918
28377,13.5,-0.0023011192679405212,16,lag_06__CT3__is_walking,CT3__is_walking,False,-2.387126922607422,5.858462827745825e-05,-0.00013984894341206866
28377,13.5,-0.0023011192679405212,17,lag_04__T3__is_walking,T3__is_walking,False,2.3223767280578613,5.94046177866403e-05,0.00013795990188686554
28377,13.5,-0.0023011192679405212,18,lag_00__CT_walking_count,CT_walking_count,False,-0.8974476456642151,0.00014486192958429456,-0.00013000599765180046
28377,13.5,-0.0023011192679405212,19,lag_12__T1__duck_amount,T1__duck_amount,False,3.915480136871338,-3.223987732781097e-05,-0.00012623459929221245
28377,13.5,-0.0023011192679405212,20,lag_15__CT_place_CTSPAWN,CT_place_CTSPAWN,False,-2.0815834999084473,5.498683458426967e-05,-0.00011445968758281092
30681,49.5,0.0022887960076332092,1,lag_02__T_place_SCAFFOLDING,T_place_SCAFFOLDING,False,34.05547332763672,4.1062539821723476e-05,0.0013984042296637245
30681,49.5,0.0022887960076332092,2,lag_05__T_place_SCAFFOLDING,T_place_SCAFFOLDING,False,34.05546951293945,2.4746092094574124e-05,0.0008427397848911611
30681,49.5,0.0022887960076332092,3,lag_03__CT_place_SNIPERSNEST,CT_place_SNIPERSNEST,False,5.355666637420654,9.207031689584255e-05,0.0004930979244958111
30681,49.5,0.0022887960076332092,4,lag_10__CT_place_STAIRS,CT_place_STAIRS,False,7.783008575439453,-5.63991634408012e-05,-0.00043895517270736706
30681,49.5,0.0022887960076332092,5,lag_01__T3__molly,T3__molly,True,-2.220884084701538,-0.00010718694102251902,0.0002380497714047549
30681,49.5,0.0022887960076332092,6,lag_14__T_place_PALACEINTERIOR,T_place_PALACEINTERIOR,False,-3.35436749458313,-6.371627387125045e-05,0.00021372779794967892
30681,49.5,0.0022887960076332092,7,lag_09__CT3__duck_amount,CT3__duck_amount,False,-3.7208433151245117,5.562072328757495e-05,-0.0002069559964269635
30681,49.5,0.0022887960076332092,8,lag_10__T5__duck_amount,T5__duck_amount,False,-3.7970333099365234,5.22597401868552e-05,-0.00019843197425811754
30681,49.5,0.0022887960076332092,9,lag_10__T_place_PALACEINTERIOR,T_place_PALACEINTERIOR,False,3.35436749458313,-4.873858779319562e-05,-0.0001634871346253815
30681,49.5,0.0022887960076332092,10,lag_01__T_duck_amount_mean,T_duck_amount_mean,False,2.9079365730285645,5.475177022162825e-05,0.00015921467506552905
30681,49.5,0.0022887960076332092,11,lag_00__T_velocity_mean,T_velocity_mean,False,-0.5518032312393188,-0.0002619743172544986,0.00014455827476274677
30681,49.5,0.0022887960076332092,12,lag_00__T3__is_walking,T3__is_walking,False,2.3223767280578613,6.200389179866761e-05,0.00014399639536224335
30681,49.5,0.0022887960076332092,13,lag_01__T3__duck_amount,T3__duck_amount,False,3.7704498767852783,3.662818198790774e-05,0.00013810472426317548
30681,49.5,0.0022887960076332092,14,lag_15__CT4__is_walking,CT4__is_walking,False,2.384641170501709,-5.640882227453403e-05,-0.0001345147999753677
30681,49.5,0.0022887960076332092,15,lag_09__T5__duck_amount,T5__duck_amount,False,3.7970333099365234,3.4578559279907495e-05,0.00013129594139542344
30681,49.5,0.0022887960076332092,16,lag_15__T_velocity_mean,T_velocity_mean,False,1.1621983051300049,0.00011172444646945223,0.00012984596232838534
30681,49.5,0.0022887960076332092,17,lag_11__T5__duck_amount,T5__duck_amount,False,3.7970333099365234,3.0810359021415934e-05,0.00011698795949541957
30681,49.5,0.0022887960076332092,18,lag_01__molly_inv_diff,molly_inv_diff,True,0.6072261333465576,0.00018397292296867818,0.00011171316665473455
30681,49.5,0.0022887960076332092,19,lag_00__T_walking_count,T_walking_count,False,0.7970898747444153,0.00013727178156841546,0.00010941794717631102
30681,49.5,0.0022887960076332092,20,lag_02__T_place_PALACEINTERIOR,T_place_PALACEINTERIOR,False,-3.35436749458313,3.0346815037773922e-05,-0.00010179436992683536
29561,32.0,-0.0020315982401371002,1,lag_01__CT3__duck_amount,CT3__duck_amount,False,3.7208433151245117,0.00015734080807305872,0.0005854404939149294
29561,32.0,-0.0020315982401371002,2,lag_03__CT_place_UNDERPASS,CT_place_UNDERPASS,False,5.7987165451049805,-9.747624426381662e-05,-0.0005652371103672879
29561,32.0,-0.0020315982401371002,3,lag_00__T1__is_walking,T1__is_walking,False,-2.281590461730957,0.00017556345846969634,-0.0004005639122729582
29561,32.0,-0.0020315982401371002,4,lag_00__CT3__duck_amount,CT3__duck_amount,False,-3.7208433151245117,0.000104247905255761,-0.00038789012138663176
29561,32.0,-0.0020315982401371002,5,lag_14__T_place_SIDEALLEY,T_place_SIDEALLEY,False,-3.1883161067962646,0.00010478388867340982,-0.0003340841599901792
29561,32.0,-0.0020315982401371002,6,lag_01__T_place_TSPAWN,T_place_TSPAWN,False,-0.9492050409317017,-0.00034275284269824624,0.0003253427260828459
29561,32.0,-0.0020315982401371002,7,lag_03__CT_place_CATWALK,CT_place_CATWALK,False,-3.98340106010437,7.818290760042146e-05,-0.00031143387701756085
29561,32.0,-0.0020315982401371002,8,lag_00__T2__is_walking,T2__is_walking,False,2.2968344688415527,0.00013422734627965838,0.0003082979955962503
29561,32.0,-0.0020315982401371002,9,lag_01__T_place_PALACEALLEY,T_place_PALACEALLEY,False,3.4808402061462402,7.636902591912076e-05,0.00026582837592349987
29561,32.0,-0.0020315982401371002,10,lag_01__T1__is_walking,T1__is_walking,False,2.281590461730957,0.00010812062828335911,0.0002466869942076705
29561,32.0,-0.0020315982401371002,11,lag_08__CT3__is_walking,CT3__is_walking,False,-2.387126922607422,9.99609474092722e-05,-0.00023861946877001827
29561,32.0,-0.0020315982401371002,12,lag_06__CT3__duck_amount,CT3__duck_amount,False,2.6223158836364746,-9.003117156680673e-05,-0.00023609017122203785
29561,32.0,-0.0020315982401371002,13,lag_01__CT5__is_walking,CT5__is_walking,False,-2.396676540374756,9.088014485314488e-05,-0.00021781031115539196
29561,32.0,-0.0020315982401371002,14,lag_03__CT4__is_walking,CT4__is_walking,False,-2.384641170501709,8.341158536495641e-05,-0.00019890670055809287
29561,32.0,-0.0020315982401371002,15,lag_11__CT1__is_walking,CT1__is_walking,False,-2.3343825340270996,-8.448235894320533e-05,0.00019721414315042665
29561,32.0,-0.0020315982401371002,16,lag_00__CT3__is_walking,CT3__is_walking,False,2.387126922607422,8.02017530077137e-05,0.00019145176384502416
29561,32.0,-0.0020315982401371002,17,lag_03__T2__is_walking,T2__is_walking,False,-2.2968344688415527,8.31201541586779e-05,-0.00019091323512707495
29561,32.0,-0.0020315982401371002,18,lag_10__T2__is_walking,T2__is_walking,False,2.2968344688415527,7.37584923626855e-05,0.00016941104762840248
29561,32.0,-0.0020315982401371002,19,lag_08__CT_walking_count,CT_walking_count,False,-2.69234299659729,6.218955240910873e-05,-0.000167435605890184
29561,32.0,-0.0020315982401371002,20,lag_09__CT3__is_walking,CT3__is_walking,False,2.387126922607422,6.949738599359989e-05,0.00016589908115616225
29049,24.0,-0.0019922293722629547,1,lag_03__T_utility_damage_last_5s,T_utility_damage_last_5s,True,-5.139776706695557,-9.268425492336974e-05,0.00047637637453256873
29049,24.0,-0.0019922293722629547,2,lag_00__T1__is_walking,T1__is_walking,False,-2.281590461730957,0.00017556345846969634,-0.0004005639122729582
29049,24.0,-0.0019922293722629547,3,lag_14__CT1__duck_amount,CT1__duck_amount,False,3.8154516220092773,-9.594065340934321e-05,-0.00036605692166730847
29049,24.0,-0.0019922293722629547,4,lag_11__CT1__duck_amount,CT1__duck_amount,False,3.8154516220092773,6.940060120541602e-05,0.0002647946364376236
29049,24.0,-0.0019922293722629547,5,lag_06__CT4__duck_amount,CT4__duck_amount,False,-3.6725916862487793,7.044002268230543e-05,-0.00025869744168221034
29049,24.0,-0.0019922293722629547,6,lag_13__T_utility_damage_last_5s,T_utility_damage_last_5s,True,5.139776706695557,-4.8787442210596055e-05,-0.0002507565590532772
29049,24.0,-0.0019922293722629547,7,lag_08__CT3__is_walking,CT3__is_walking,False,-2.387126922607422,9.99609474092722e-05,-0.00023861946877001827
29049,24.0,-0.0019922293722629547,8,lag_13__CT1__duck_amount,CT1__duck_amount,False,-3.8154516220092773,-5.8879235439235345e-05,0.00022465087435929662
29049,24.0,-0.0019922293722629547,9,lag_05__CT4__is_walking,CT4__is_walking,False,-2.384641170501709,-8.860762318363413e-05,0.00021129738626399566
29049,24.0,-0.0019922293722629547,10,lag_03__utility_damage_diff_last_5s,utility_damage_diff_last_5s,True,3.250260591506958,6.108819070504978e-05,0.00019855253885508496
29049,24.0,-0.0019922293722629547,11,lag_11__CT1__is_walking,CT1__is_walking,False,-2.3343825340270996,-8.448235894320533e-05,0.00019721414315042665
29049,24.0,-0.0019922293722629547,12,lag_12__T5__duck_amount,T5__duck_amount,False,2.4845991134643555,7.632454071426764e-05,0.00018963588619424349
29049,24.0,-0.0019922293722629547,13,lag_05__CT3__is_walking,CT3__is_walking,False,-2.387126922607422,7.686282333452255e-05,-0.00018348131492945674
29049,24.0,-0.0019922293722629547,14,lag_06__CT1__duck_amount,CT1__duck_amount,False,-3.8154516220092773,4.4019383494742215e-05,-0.0001679538281548626
29049,24.0,-0.0019922293722629547,15,lag_09__CT3__is_walking,CT3__is_walking,False,2.387126922607422,6.949738599359989e-05,0.00016589908115616225
29049,24.0,-0.0019922293722629547,16,lag_10__CT_place_CATWALK,CT_place_CATWALK,False,3.98340106010437,-3.95925271732267e-05,-0.00015771291471404231
29049,24.0,-0.0019922293722629547,17,lag_06__CT4__is_walking,CT4__is_walking,False,2.384641170501709,-6.56308329780586e-05,-0.00015650598637379984
29049,24.0,-0.0019922293722629547,18,lag_11__T1__is_walking,T1__is_walking,False,-2.281590461730957,6.811051571276039e-05,-0.00015540030299381058
29049,24.0,-0.0019922293722629547,19,lag_08__CT4__is_walking,CT4__is_walking,False,-2.384641170501709,5.53576392121613e-05,-0.00013200810556709963
29049,24.0,-0.0019922293722629547,20,lag_15__T4__is_walking,T4__is_walking,False,2.307980537414551,-5.663993215421215e-05,-0.00013072386105240225
29305,28.0,-0.0019507147371768951,1,lag_00__CT1__is_walking,CT1__is_walking,False,-2.3343825340270996,0.000178111920831725,-0.00041578135709159636
29305,28.0,-0.0019507147371768951,2,lag_00__CT_walking_count,CT_walking_count,False,-2.69234299659729,0.00014486192958429456,-0.00039001800158984523
29305,28.0,-0.0019507147371768951,3,lag_14__CT1__duck_amount,CT1__duck_amount,False,-3.8154516220092773,-9.594065340934321e-05,0.00036605692166730847
29305,28.0,-0.0019507147371768951,4,lag_11__T_utility_damage_last_5s,T_utility_damage_last_5s,True,-5.139776706695557,-4.605229332810268e-05,0.00023669850453769334
29305,28.0,-0.0019507147371768951,5,lag_14__CT4__is_walking,CT4__is_walking,False,2.384641170501709,-9.396510722581297e-05,-0.00022407306328128124
29305,28.0,-0.0019507147371768951,6,lag_05__CT4__is_walking,CT4__is_walking,False,2.384641170501709,-8.860762318363413e-05,-0.00021129738626399566
29305,28.0,-0.0019507147371768951,7,lag_00__CT3__is_walking,CT3__is_walking,False,-2.387126922607422,8.02017530077137e-05,-0.00019145176384502416
29305,28.0,-0.0019507147371768951,8,lag_09__CT3__is_walking,CT3__is_walking,False,2.387126922607422,6.949738599359989e-05,0.00016589908115616225
29305,28.0,-0.0019507147371768951,9,lag_01__CT1__is_walking,CT1__is_walking,False,2.3343825340270996,7.003614155109972e-05,0.0001634911455875368
29305,28.0,-0.0019507147371768951,10,lag_03__CT3__is_walking,CT3__is_walking,False,-2.387126922607422,-6.468619540100917e-05,0.0001544141585627934
29305,28.0,-0.0019507147371768951,11,lag_13__CT3__is_walking,CT3__is_walking,False,-2.387126922607422,6.291138561209664e-05,-0.00015017746233317308
29305,28.0,-0.0019507147371768951,12,lag_08__CT4__is_walking,CT4__is_walking,False,-2.384641170501709,5.53576392121613e-05,-0.00013200810556709963
29305,28.0,-0.0019507147371768951,13,lag_06__T5__duck_amount,T5__duck_amount,False,-3.7970333099365234,3.083229239564389e-05,-0.00011707124124796242
29305,28.0,-0.0019507147371768951,14,lag_14__CT_duck_amount_mean,CT_duck_amount_mean,False,-2.395413875579834,-4.31748412665911e-05,0.00010342161384594914
29305,28.0,-0.0019507147371768951,15,lag_01__CT3__is_walking,CT3__is_walking,False,2.387126922607422,-4.210085535305552e-05,-0.00010050008527807963
29305,28.0,-0.0019507147371768951,16,lag_01__CT_walking_count,CT_walking_count,False,1.7948952913284302,5.53832869627513e-05,9.940720098773354e-05
29305,28.0,-0.0019507147371768951,17,lag_02__T2__is_walking,T2__is_walking,False,2.2968344688415527,4.310963413445279e-05,9.901569361915954e-05
29305,28.0,-0.0019507147371768951,18,lag_11__utility_damage_diff_last_5s,utility_damage_diff_last_5s,True,3.250260591506958,2.9307586373761296e-05,9.525729302282265e-05
29305,28.0,-0.0019507147371768951,19,lag_07__T1__is_walking,T1__is_walking,False,2.281590461730957,3.9909999031806365e-05,9.105827311866113e-05
29305,28.0,-0.0019507147371768951,20,lag_08__T1__is_walking,T1__is_walking,False,-2.281590461730957,-3.5805442166747525e-05,8.169335532571056e-05
29817,36.0,-0.0019241021946072578,1,lag_00__T_shots_fired_sum,T_shots_fired_sum,False,-5.997896671295166,-8.412567694904283e-05,0.0005045771177431164
29817,36.0,-0.0019241021946072578,2,lag_07__CT_place_LADDER,CT_place_LADDER,False,-10.398283004760742,4.3180229113204405e-05,-0.0004490002425295084
29817,36.0,-0.0019241021946072578,3,lag_00__T2__shots_fired,T2__shots_fired,False,-4.706932067871094,-8.274886204162613e-05,0.0003894932723235711
29817,36.0,-0.0019241021946072578,4,lag_11__CT4__duck_amount,CT4__duck_amount,False,3.6725916862487793,-8.07443429948762e-05,-0.0002965410027946022
29817,36.0,-0.0019241021946072578,5,lag_07__CT_place_SNIPERSNEST,CT_place_SNIPERSNEST,False,5.355666637420654,-5.2382343710632995e-05,-0.00028054237060093877
29817,36.0,-0.0019241021946072578,6,lag_00__T_velocity_mean,T_velocity_mean,False,0.9715684652328491,-0.0002619743172544986,-0.0002545259853453767
29817,36.0,-0.0019241021946072578,7,lag_02__T_place_TRAMP,T_place_TRAMP,False,2.926727294921875,-8.258190064225346e-05,-0.00024169470267620952
29817,36.0,-0.0019241021946072578,8,lag_08__CT3__is_walking,CT3__is_walking,False,2.387126922607422,9.99609474092722e-05,0.00023861946877001827
29817,36.0,-0.0019241021946072578,9,lag_11__CT_place_CATWALK,CT_place_CATWALK,False,-3.98340106010437,-5.913388304179534e-05,0.0002355539723967754
29817,36.0,-0.0019241021946072578,10,lag_11__CT_place_UNDERPASS,CT_place_UNDERPASS,False,5.7987165451049805,-3.910825034836307e-05,-0.00022677765834516056
29817,36.0,-0.0019241021946072578,11,lag_03__T_utility_damage_last_5s,T_utility_damage_last_5s,True,2.427117109298706,-9.268425492336974e-05,-0.00022495554088711352
29817,36.0,-0.0019241021946072578,12,lag_14__CT4__is_walking,CT4__is_walking,False,2.384641170501709,-9.396510722581297e-05,-0.00022407306328128124
29817,36.0,-0.0019241021946072578,13,lag_00__T_place_TRAMP,T_place_TRAMP,False,2.926727294921875,-7.261516293510795e-05,-0.00021252477938737968
29817,36.0,-0.0019241021946072578,14,lag_05__CT4__is_walking,CT4__is_walking,False,2.384641170501709,-8.860762318363413e-05,-0.00021129738626399566
29817,36.0,-0.0019241021946072578,15,lag_09__T_place_PALACEALLEY,T_place_PALACEALLEY,False,3.4808402061462402,6.036603735992685e-05,0.00021012452992815941
29817,36.0,-0.0019241021946072578,16,lag_09__CT3__duck_amount,CT3__duck_amount,False,3.7208433151245117,5.562072328757495e-05,0.0002069559964269635
29817,36.0,-0.0019241021946072578,17,lag_01__T2__duck_amount,T2__duck_amount,False,-3.8233180046081543,-5.098300243844278e-05,0.00019492423115187972
29817,36.0,-0.0019241021946072578,18,lag_10__CT4__duck_amount,CT4__duck_amount,False,-2.5221686363220215,-7.632784399902448e-05,0.00019251169421241957
29817,36.0,-0.0019241021946072578,19,lag_02__T_utility_damage_last_5s,T_utility_damage_last_5s,True,0.9994010925292969,-0.00017302355263382196,-0.00017291992753554197
29817,36.0,-0.0019241021946072578,20,lag_01__CT1__is_walking,CT1__is_walking,False,-2.3343825340270996,7.003614155109972e-05,-0.0001634911455875368
27609,1.5,-0.0018256809562444687,1,lag_03__T_place_TSPAWN,T_place_TSPAWN,False,4.428390979766846,-7.094487955328077e-05,-0.0003141716646743939
27609,1.5,-0.0018256809562444687,2,lag_03__CT_place_CTSPAWN,CT_place_CTSPAWN,False,4.78255033493042,-6.08527880103793e-05,-0.00029103152168048936
27609,1.5,-0.0018256809562444687,3,lag_03__T4__smoke,T4__smoke,True,1.5136826038360596,7.704124436713755e-05,0.00011661599137641893
27609,1.5,-0.0018256809562444687,4,lag_03__T_closest_enemy_dist,T_closest_enemy_dist,False,2.759784460067749,-4.106583946850151e-05,-0.00011333286560480729
27609,1.5,-0.0018256809562444687,5,lag_03__armor_diff,armor_diff,False,-2.209538698196411,4.3658987124217674e-05,-9.64662215750178e-05
27609,1.5,-0.0018256809562444687,6,lag_03__CT_spread_xy,CT_spread_xy,False,-1.6141477823257446,5.557378608500585e-05,-8.970430356455752e-05
27609,1.5,-0.0018256809562444687,7,lag_00__T_velocity_mean,T_velocity_mean,False,0.3416578769683838,-0.0002619743172544986,-8.950558905341383e-05
27609,1.5,-0.0018256809562444687,8,lag_02__T_velocity_mean,T_velocity_mean,False,3.3478081226348877,-2.629302252898924e-05,-8.802399439117228e-05
27609,1.5,-0.0018256809562444687,9,lag_00__T2__smoke,T2__smoke,True,-2.196101427078247,3.933726839022711e-05,-8.638863124913777e-05
27609,1.5,-0.0018256809562444687,10,lag_03__T5__smoke,T5__smoke,True,1.4999849796295166,5.354538370738737e-05,8.03172712895801e-05
27609,1.5,-0.0018256809562444687,11,lag_03__T_smoke_inv,T_smoke_inv,True,2.281003952026367,3.335777000756934e-05,7.608920521805229e-05
27609,1.5,-0.0018256809562444687,12,lag_03__CT_closest_enemy_dist,CT_closest_enemy_dist,False,2.8209149837493896,-2.6366591555415653e-05,-7.437791318907214e-05
27609,1.5,-0.0018256809562444687,13,lag_03__CT_mean_Y,CT_mean_Y,False,-1.900733232498169,3.887732236762531e-05,-7.389541861468982e-05
27609,1.5,-0.0018256809562444687,14,lag_03__CT_armor_sum,CT_armor_sum,False,-1.658173680305481,4.3110867409268394e-05,-7.148530567318819e-05
27609,1.5,-0.0018256809562444687,15,lag_03__CT_unique_places,CT_unique_places,False,-1.6410033702850342,4.3353691580705345e-05,-7.114355399823538e-05
27609,1.5,-0.0018256809562444687,16,lag_03__T1__flash,T1__flash,True,2.0511317253112793,-3.352424755576067e-05,-6.876264772880981e-05
27609,1.5,-0.0018256809562444687,17,lag_03__CT1__Y,CT1__Y,False,-1.7131892442703247,3.896373527823016e-05,-6.675225219526012e-05
27609,1.5,-0.0018256809562444687,18,lag_03__CT3__Y,CT3__Y,False,-1.6039807796478271,4.0907452785177156e-05,-6.561476801177513e-05
27609,1.5,-0.0018256809562444687,19,lag_03__CT4__Y,CT4__Y,False,-1.749888300895691,3.65605519618839e-05,-6.397688215238964e-05
27609,1.5,-0.0018256809562444687,20,lag_03__equip_diff,equip_diff,False,-1.980928659439087,3.169695628457703e-05,-6.278940912110651e-05
29753,35.0,-0.0017853714525699615,1,lag_05__CT_place_LADDER,CT_place_LADDER,False,-10.398283004760742,8.01476271590218e-05,-0.0008333977093595568
29753,35.0,-0.0017853714525699615,2,lag_09__CT_place_CATWALK,CT_place_CATWALK,False,-3.98340106010437,-0.00011844136315630749,0.00047179945155704194
29753,35.0,-0.0017853714525699615,3,lag_09__CT_place_UNDERPASS,CT_place_UNDERPASS,False,5.7987165451049805,-7.015798473730683e-05,-0.00040682626686744383
29753,35.0,-0.0017853714525699615,4,lag_01__T_utility_damage_last_5s,T_utility_damage_last_5s,True,2.427117109298706,-0.00014269865641836077,-0.00034634635046694104
29753,35.0,-0.0017853714525699615,5,lag_06__CT3__duck_amount,CT3__duck_amount,False,-3.7208433151245117,-9.003117156680673e-05,0.00033499188287718085
29753,35.0,-0.0017853714525699615,6,lag_01__T_place_TRAMP,T_place_TRAMP,False,2.926727533340454,-9.896144911181182e-05,-0.00028963319785480987
29753,35.0,-0.0017853714525699615,7,lag_01__T_place_PALACEALLEY,T_place_PALACEALLEY,False,-3.4808402061462402,7.636902591912076e-05,-0.00026582837592349987
29753,35.0,-0.0017853714525699615,8,lag_08__CT3__is_walking,CT3__is_walking,False,-2.387126922607422,9.99609474092722e-05,-0.00023861946877001827
29753,35.0,-0.0017853714525699615,9,lag_00__T_utility_damage_last_5s,T_utility_damage_last_5s,True,0.9994010925292969,-0.00023637214326299727,-0.00023623057822053095
29753,35.0,-0.0017853714525699615,10,lag_14__CT4__is_walking,CT4__is_walking,False,-2.384641170501709,-9.396510722581297e-05,0.00022407306328128124
29753,35.0,-0.0017853714525699615,11,lag_05__CT_place_SNIPERSNEST,CT_place_SNIPERSNEST,False,5.355666637420654,4.0907743823481724e-05,0.0002190882388075719
29753,35.0,-0.0017853714525699615,12,lag_01__CT5__is_walking,CT5__is_walking,False,-2.396676540374756,9.088014485314488e-05,-0.00021781031115539196
29753,35.0,-0.0017853714525699615,13,lag_00__T_place_TRAMP,T_place_TRAMP,False,2.926727294921875,-7.261516293510795e-05,-0.00021252477938737968
29753,35.0,-0.0017853714525699615,14,lag_09__CT3__duck_amount,CT3__duck_amount,False,-3.7208433151245117,5.562072328757495e-05,-0.0002069559964269635
29753,35.0,-0.0017853714525699615,15,lag_03__CT4__is_walking,CT4__is_walking,False,2.384641170501709,8.341158536495641e-05,0.00019890670055809287
29753,35.0,-0.0017853714525699615,16,lag_11__CT1__is_walking,CT1__is_walking,False,-2.3343825340270996,-8.448235894320533e-05,0.00019721414315042665
29753,35.0,-0.0017853714525699615,17,lag_03__T3__is_walking,T3__is_walking,False,-2.3223767280578613,8.213894034270197e-05,-0.00019075756351922407
29753,35.0,-0.0017853714525699615,18,lag_00__T_shots_fired_sum,T_shots_fired_sum,False,2.249211311340332,-8.412567694904283e-05,-0.00018921642416794976
29753,35.0,-0.0017853714525699615,19,lag_05__CT3__is_walking,CT3__is_walking,False,-2.387126922607422,7.686282333452255e-05,-0.00018348131492945674
29753,35.0,-0.0017853714525699615,20,lag_09__CT3__is_walking,CT3__is_walking,False,2.387126922607422,6.949738599359989e-05,0.00016589908115616225
30713,50.0,0.0017757266759872437,1,lag_06__T_place_SCAFFOLDING,T_place_SCAFFOLDING,False,34.05546951293945,-4.291216464480385e-05,-0.0014613939147953559
30713,50.0,0.0017757266759872437,2,lag_03__T_place_SCAFFOLDING,T_place_SCAFFOLDING,False,34.05547332763672,3.95409733755514e-05,0.0013465865641398844
30713,50.0,0.0017757266759872437,3,lag_04__CT_place_SNIPERSNEST,CT_place_SNIPERSNEST,False,5.355666637420654,5.945040538790636e-05,0.0003183965527171432
30713,50.0,0.0017757266759872437,4,lag_12__T5__duck_amount,T5__duck_amount,False,3.7970333099365234,7.632454071426764e-05,0.0002898068234576806
30713,50.0,0.0017757266759872437,5,lag_11__CT_place_STAIRS,CT_place_STAIRS,False,7.783008575439453,-3.4986791433766484e-05,-0.00027230249775611615
30713,50.0,0.0017757266759872437,6,lag_15__T_place_PALACEINTERIOR,T_place_PALACEINTERIOR,False,-3.35436749458313,-7.702130824327469e-05,0.0002583577727615083
30713,50.0,0.0017757266759872437,7,lag_04__T_flashes_last_5s,T_flashes_last_5s,True,9.0607271194458,2.7368681912776083e-05,0.000247980158430576
30713,50.0,0.0017757266759872437,8,lag_00__T_velocity_mean,T_velocity_mean,False,0.9450340270996094,-0.0002619743172544986,-0.0002475746440316895
30713,50.0,0.0017757266759872437,9,lag_05__T3__duck_amount,T3__duck_amount,False,3.7704498767852783,-6.397163815563545e-05,-0.00024120185520166808
30713,50.0,0.0017757266759872437,10,lag_11__CT_place_JUNGLE,CT_place_JUNGLE,False,-6.415591716766357,-3.6893427022732794e-05,0.0002366931648101686
30713,50.0,0.0017757266759872437,11,lag_10__T5__duck_amount,T5__duck_amount,False,3.7970333099365234,5.22597401868552e-05,0.00019843197425811754
30713,50.0,0.0017757266759872437,12,lag_10__CT4__is_walking,CT4__is_walking,False,-2.384641170501709,7.507375994464383e-05,-0.00017902397878835977
30713,50.0,0.0017757266759872437,13,lag_01__T_duck_amount_mean,T_duck_amount_mean,False,-2.9079365730285645,5.475177022162825e-05,-0.00015921467506552905
30713,50.0,0.0017757266759872437,14,lag_01__T3__is_walking,T3__is_walking,False,2.3223767280578613,6.758176459698007e-05,0.00015695031734111117
30713,50.0,0.0017757266759872437,15,lag_00__T3__is_walking,T3__is_walking,False,-2.3223767280578613,6.200389179866761e-05,-0.00014399639536224335
30713,50.0,0.0017757266759872437,16,lag_01__T3__duck_amount,T3__duck_amount,False,-3.7704498767852783,3.662818198790774e-05,-0.00013810472426317548
30713,50.0,0.0017757266759872437,17,lag_02__T3__duck_amount,T3__duck_amount,False,3.7704498767852783,3.2685482437955216e-05,0.00012323897323085562
30713,50.0,0.0017757266759872437,18,lag_02__T_duck_amount_mean,T_duck_amount_mean,False,2.9079365730285645,4.1796007280936465e-05,0.00012154013817880331
30713,50.0,0.0017757266759872437,19,lag_15__CT_velocity_mean,CT_velocity_mean,False,-1.650497317314148,7.249134068842977e-05,-0.00011964676333475928
30713,50.0,0.0017757266759872437,20,lag_11__T5__duck_amount,T5__duck_amount,False,-3.7970333099365234,3.0810359021415934e-05,-0.00011698795949541957
27737,3.5,0.0017379149794578552,1,lag_07__CT_place_CTSPAWN,CT_place_CTSPAWN,False,4.78255033493042,3.7244204577291384e-05,0.000178122283075342
27737,3.5,0.0017379149794578552,2,lag_06__CT_velocity_mean,CT_velocity_mean,False,3.494415283203125,3.878885036101565e-05,0.00013554435151941213
27737,3.5,0.0017379149794578552,3,lag_07__molly_inv_diff,molly_inv_diff,True,-2.789611339569092,-4.010254633612931e-05,0.00011187051800486125
27737,3.5,0.0017379149794578552,4,lag_07__smoke_inv_diff,smoke_inv_diff,True,-3.1856415271759033,-3.45235166605562e-05,0.00010997954833801699
27737,3.5,0.0017379149794578552,5,lag_07__T_molly_inv,T_molly_inv,True,2.267718553543091,4.623577478923835e-05,0.00010484972432699569
27737,3.5,0.0017379149794578552,6,lag_00__T_place_PALACEALLEY,T_place_PALACEALLEY,False,3.4808404445648193,2.82312830677256e-05,9.826859190409723e-05
27737,3.5,0.0017379149794578552,7,lag_07__T_smoke_inv,T_smoke_inv,True,2.281003952026367,4.166508369962685e-05,9.503822058035821e-05
27737,3.5,0.0017379149794578552,8,lag_07__T_place_TSPAWN,T_place_TSPAWN,False,4.428390979766846,2.051900992228184e-05,9.08661984535793e-05
27737,3.5,0.0017379149794578552,9,lag_07__utility_inv_diff,utility_inv_diff,True,-3.078141927719116,-2.6738473025034182e-05,8.23048149015443e-05
27737,3.5,0.0017379149794578552,10,lag_07__T2__molly,T2__molly,True,1.6050609350204468,4.96320026286412e-05,7.966238854606412e-05
27737,3.5,0.0017379149794578552,11,lag_07__T4__smoke,T4__smoke,True,1.5136826038360596,4.794273991137743e-05,7.257009138408876e-05
27737,3.5,0.0017379149794578552,12,lag_07__T5__smoke,T5__smoke,True,1.4999849796295166,4.746396007249132e-05,7.119522718247208e-05
27737,3.5,0.0017379149794578552,13,lag_07__T5__molly,T5__molly,True,1.579392433166504,4.4404649088392034e-05,7.013236676762027e-05
27737,3.5,0.0017379149794578552,14,lag_03__T_place_TSPAWN,T_place_TSPAWN,False,-0.9492053985595703,-7.094487955328077e-05,6.734126267213258e-05
27737,3.5,0.0017379149794578552,15,lag_07__T_utility_inv,T_utility_inv,True,1.9612067937850952,3.102949631283991e-05,6.0855258976471194e-05
27737,3.5,0.0017379149794578552,16,lag_07__T5__utility_total,T5__utility_total,True,1.5134170055389404,3.968016608268954e-05,6.005263813215183e-05
27737,3.5,0.0017379149794578552,17,lag_07__T2__utility_total,T2__utility_total,True,1.5908522605895996,3.4923930797958747e-05,5.555881425860741e-05
27737,3.5,0.0017379149794578552,18,lag_07__CT_spread_xy,CT_spread_xy,False,-1.6141477823257446,3.135784936603159e-05,-5.0616203012684644e-05
27737,3.5,0.0017379149794578552,19,lag_07__T1__smoke,T1__smoke,True,1.4850022792816162,2.7750753361033276e-05,4.1209931992916386e-05
27737,3.5,0.0017379149794578552,20,lag_07__seconds_in_round,seconds_in_round,False,-1.5259977579116821,-2.6325891667511314e-05,4.01732516596481e-05
28217,11.0,-0.0017102882266044617,1,lag_04__CT_place_LADDER,CT_place_LADDER,False,10.398283004760742,0.00011268478556303307,0.0011717282906151955
28217,11.0,-0.0017102882266044617,2,lag_05__CT_place_SHOP,CT_place_SHOP,False,-5.015803337097168,0.00022097959299571812,-0.001108390179978297
28217,11.0,-0.0017102882266044617,3,lag_06__CT_place_SHOP,CT_place_SHOP,False,-5.01580286026001,0.00015577455633319914,-0.0007813344652117943
28217,11.0,-0.0017102882266044617,4,lag_00__CT1__is_walking,CT1__is_walking,False,2.3343825340270996,0.000178111920831725,0.00041578135709159636
28217,11.0,-0.0017102882266044617,5,lag_06__CT3__duck_amount,CT3__duck_amount,False,3.7208433151245117,-9.003117156680673e-05,-0.00033499188287718085
28217,11.0,-0.0017102882266044617,6,lag_04__CT_place_SNIPERSNEST,CT_place_SNIPERSNEST,False,-5.355666637420654,5.945040538790636e-05,-0.0003183965527171432
28217,11.0,-0.0017102882266044617,7,lag_12__CT3__duck_amount,CT3__duck_amount,False,-3.7208433151245117,-6.315005157375708e-05,0.0002349714472479822
28217,11.0,-0.0017102882266044617,8,lag_02__T3__is_walking,T3__is_walking,False,-2.3223767280578613,9.974709246307611e-05,-0.00023165032622768367
28217,11.0,-0.0017102882266044617,9,lag_00__T_velocity_mean,T_velocity_mean,False,-0.8133940696716309,-0.0002619743172544986,0.00021308835606108356
28217,11.0,-0.0017102882266044617,10,lag_10__T5__duck_amount,T5__duck_amount,False,-3.7970333099365234,5.22597401868552e-05,-0.00019843197425811754
28217,11.0,-0.0017102882266044617,11,lag_04__T_place_PALACEALLEY,T_place_PALACEALLEY,False,-3.4808402061462402,4.9905011110240594e-05,-0.00017371136916070028
28217,11.0,-0.0017102882266044617,12,lag_10__T_place_PALACEINTERIOR,T_place_PALACEINTERIOR,False,3.35436749458313,-4.873858779319562e-05,-0.0001634871346253815
28217,11.0,-0.0017102882266044617,13,lag_01__T_place_TOPOFMID,T_place_TOPOFMID,False,2.0359649658203125,7.200829713838175e-05,0.0001466063702221243
28217,11.0,-0.0017102882266044617,14,lag_05__T_place_SIDEALLEY,T_place_SIDEALLEY,False,3.1883161067962646,-4.2412852053530514e-05,-0.00013522557933743837
28217,11.0,-0.0017102882266044617,15,lag_00__T5__flash_duration,T5__flash_duration,True,3.9050376415252686,-3.3593551052035764e-05,-0.00013118408137070044
28217,11.0,-0.0017102882266044617,16,lag_00__CT_walking_count,CT_walking_count,False,0.8974477052688599,0.00014486192958429456,0.0001300060062862443
28217,11.0,-0.0017102882266044617,17,lag_10__T_place_PALACEALLEY,T_place_PALACEALLEY,False,3.4808402061462402,3.4614509786479175e-05,0.00012048757738081922
28217,11.0,-0.0017102882266044617,18,lag_11__T3__duck_amount,T3__duck_amount,False,-3.7704498767852783,3.194958480889909e-05,-0.00012046430810605437
28217,11.0,-0.0017102882266044617,19,lag_04__T_place_TRAMP,T_place_TRAMP,False,2.926727294921875,-4.028692274005152e-05,-0.00011790883641171757
28217,11.0,-0.0017102882266044617,20,lag_11__T5__duck_amount,T5__duck_amount,False,3.7970333099365234,3.0810359021415934e-05,0.00011698795949541957
28665,18.0,-0.0016745403409004211,1,lag_01__T_utility_damage_last_5s,T_utility_damage_last_5s,True,5.139776706695557,-0.00014269865641836077,-0.0007334392303358431
28665,18.0,-0.0016745403409004211,2,lag_07__T5__flash_duration,T5__flash_duration,True,-3.9050376415252686,0.00014157230907585472,-0.0005528451959388621
28665,18.0,-0.0016745403409004211,3,lag_14__T5__flash_duration,T5__flash_duration,True,3.9050376415252686,-0.00010270844359183684,-0.0004010803383285976
28665,18.0,-0.0016745403409004211,4,lag_01__utility_damage_diff_last_5s,utility_damage_diff_last_5s,True,-3.250260591506958,0.00010155919153476134,-0.00033009383795074183
28665,18.0,-0.0016745403409004211,5,lag_01__CT1__duck_amount,CT1__duck_amount,False,-3.8154516220092773,-7.9115285188891e-05,0.0003018605431996807
28665,18.0,-0.0016745403409004211,6,lag_08__CT3__is_walking,CT3__is_walking,False,2.387126922607422,9.99609474092722e-05,0.00023861946877001827
28665,18.0,-0.0016745403409004211,7,lag_07__CT_place_CATWALK,CT_place_CATWALK,False,3.9834015369415283,-5.6209337344625965e-05,-0.0002239043607690479
28665,18.0,-0.0016745403409004211,8,lag_14__T5__is_walking,T5__is_walking,False,-2.3193888664245605,9.553072595736012e-05,-0.00022157290218695683
28665,18.0,-0.0016745403409004211,9,lag_00__CT3__is_walking,CT3__is_walking,False,2.387126922607422,8.02017530077137e-05,0.00019145176384502416
28665,18.0,-0.0016745403409004211,10,lag_04__T4__smoke,T4__smoke,True,-2.174323081970215,8.10169440228492e-05,-0.00017615701141956985
28665,18.0,-0.0016745403409004211,11,lag_15__T_place_SIDEALLEY,T_place_SIDEALLEY,False,-3.1883161067962646,5.320737909642048e-05,-0.0001696419437735323
28665,18.0,-0.0016745403409004211,12,lag_01__CT1__is_walking,CT1__is_walking,False,2.3343825340270996,7.003614155109972e-05,0.0001634911455875368
28665,18.0,-0.0016745403409004211,13,lag_07__T_flashed_players,T_flashed_players,False,-1.9296237230300903,7.050589192658663e-05,-0.00013604984167493728
28665,18.0,-0.0016745403409004211,14,lag_09__CT4__duck_amount,CT4__duck_amount,False,3.6725916862487793,3.688943979796022e-05,0.00013547984991236356
28665,18.0,-0.0016745403409004211,15,lag_15__CT4__is_walking,CT4__is_walking,False,2.384641170501709,-5.640882227453403e-05,-0.0001345147999753677
28665,18.0,-0.0016745403409004211,16,lag_00__CT_walking_count,CT_walking_count,False,0.8974475860595703,0.00014486192958429456,0.0001300059890173566
28665,18.0,-0.0016745403409004211,17,lag_03__T4__is_walking,T4__is_walking,False,2.307980537414551,-5.005134880775586e-05,-0.0001155175389196475
28665,18.0,-0.0016745403409004211,18,lag_04__T1__is_walking,T1__is_walking,False,2.281590461730957,5.045337456976995e-05,0.00011511393818052634
28665,18.0,-0.0016745403409004211,19,lag_08__CT_walking_count,CT_walking_count,False,1.7948954105377197,6.218955240910873e-05,0.00011162374220250425
28665,18.0,-0.0016745403409004211,20,lag_08__CT5__is_walking,CT5__is_walking,False,2.396676540374756,4.243758667143993e-05,0.0001017091684055605
29433,30.0,0.0016532279551029205,1,lag_00__CT1__is_walking,CT1__is_walking,False,2.3343825340270996,0.000178111920831725,0.00041578135709159636
29433,30.0,0.0016532279551029205,2,lag_00__T1__is_walking,T1__is_walking,False,-2.281590461730957,0.00017556345846969634,-0.0004005639122729582
29433,30.0,0.0016532279551029205,3,lag_15__T_utility_damage_last_5s,T_utility_damage_last_5s,True,-5.139776706695557,-4.806706419913098e-05,0.00024705397692993333
29433,30.0,0.0016532279551029205,4,lag_01__T1__is_walking,T1__is_walking,False,2.281590461730957,0.00010812062828335911,0.0002466869942076705
29433,30.0,0.0016532279551029205,5,lag_02__CT3__duck_amount,CT3__duck_amount,False,2.6223158836364746,8.071406773524359e-05,0.00021165778185503956
29433,30.0,0.0016532279551029205,6,lag_10__T5__duck_amount,T5__duck_amount,False,-3.7970333099365234,5.22597401868552e-05,-0.00019843197425811754
29433,30.0,0.0016532279551029205,7,lag_05__CT3__is_walking,CT3__is_walking,False,2.387126922607422,7.686282333452255e-05,0.00018348131492945674
29433,30.0,0.0016532279551029205,8,lag_01__CT3__duck_amount,CT3__duck_amount,False,1.0985276699066162,0.00015734080807305872,0.0001728432312737213
29433,30.0,0.0016532279551029205,9,lag_01__CT1__is_walking,CT1__is_walking,False,-2.3343825340270996,7.003614155109972e-05,-0.0001634911455875368
29433,30.0,0.0016532279551029205,10,lag_01__T5__smoke,T5__smoke,True,-2.166658401489258,-7.387749064946547e-05,0.00016006728579660845
29433,30.0,0.0016532279551029205,11,lag_11__T1__is_walking,T1__is_walking,False,2.281590461730957,6.811051571276039e-05,0.00015540030299381058
29433,30.0,0.0016532279551029205,12,lag_13__CT3__is_walking,CT3__is_walking,False,2.387126922607422,6.291138561209664e-05,0.00015017746233317308
29433,30.0,0.0016532279551029205,13,lag_15__T_velocity_mean,T_velocity_mean,False,-1.2247951030731201,0.00011172444646945223,-0.00013683955492934004
29433,30.0,0.0016532279551029205,14,lag_01__smoke_inv_diff,smoke_inv_diff,True,0.6405717134475708,0.0002078296965919435,0.00013312982485119002
29433,30.0,0.0016532279551029205,15,lag_00__CT_walking_count,CT_walking_count,False,0.8974477052688599,0.00014486192958429456,0.0001300060062862443
29433,30.0,0.0016532279551029205,16,lag_02__CT4__is_walking,CT4__is_walking,False,2.384641170501709,-4.8728685214882717e-05,-0.00011620042894782724
29433,30.0,0.0016532279551029205,17,lag_07__CT1__is_walking,CT1__is_walking,False,-2.3343825340270996,-4.918853301205672e-05,0.00011482485233776062
29433,30.0,0.0016532279551029205,18,lag_00__T_walking_count,T_walking_count,False,-0.7970898151397705,0.00013727178156841546,-0.00010941793899427524
29433,30.0,0.0016532279551029205,19,lag_12__T1__is_walking,T1__is_walking,False,-2.281590461730957,4.5920238335384056e-05,-0.0001047711777864245
29433,30.0,0.0016532279551029205,20,lag_01__T_walking_count,T_walking_count,False,0.7970898151397705,0.00013061748177278787,0.00010411386440029383
27929,6.5,0.0016353055834770203,1,lag_01__CT_place_SHOP,CT_place_SHOP,False,10.03160572052002,-8.906698349164799e-05,-0.0008934848611042781
27929,6.5,0.0016353055834770203,2,lag_01__CT_place_CTSPAWN,CT_place_CTSPAWN,False,-2.0815834999084473,-0.0003604583616834134,0.0007503241780842246
27929,6.5,0.0016353055834770203,3,lag_01__T_place_TSPAWN,T_place_TSPAWN,False,-1.8984100818634033,-0.00034275284269824624,0.0006506854521656918
27929,6.5,0.0016353055834770203,4,lag_00__CT_place_SNIPERSNEST,CT_place_SNIPERSNEST,False,5.355666637420654,-7.149525481509045e-05,-0.0003829047509470683
27929,6.5,0.0016353055834770203,5,lag_01__T_place_PALACEALLEY,T_place_PALACEALLEY,False,3.4808402061462402,7.636902591912076e-05,0.00026582837592349987
27929,6.5,0.0016353055834770203,6,lag_01__T1__smoke,T1__smoke,True,-2.1584019660949707,-0.00010406924411654472,0.0002246232611111676
27929,6.5,0.0016353055834770203,7,lag_13__CT_place_CTSPAWN,CT_place_CTSPAWN,False,4.78255033493042,4.623301720130257e-05,0.00022111173190093349
27929,6.5,0.0016353055834770203,8,lag_02__T_place_TSPAWN,T_place_TSPAWN,False,-0.9492050409317017,-0.00015122150944080204,0.0001435402190585102
27929,6.5,0.0016353055834770203,9,lag_06__T_place_PALACEALLEY,T_place_PALACEALLEY,False,3.4808404445648193,3.975813524448313e-05,0.00013839172515947486
27929,6.5,0.0016353055834770203,10,lag_01__smoke_inv_diff,smoke_inv_diff,True,0.6405717134475708,0.0002078296965919435,0.00013312982485119002
27929,6.5,0.0016353055834770203,11,lag_01__T1__utility_total,T1__utility_total,True,-0.7838126420974731,-0.00016368782962672412,0.00012830059021892368
27929,6.5,0.0016353055834770203,12,lag_12__T_velocity_mean,T_velocity_mean,False,3.3478081226348877,3.7153811717871577e-05,0.00012438383265593773
27929,6.5,0.0016353055834770203,13,lag_02__T3__duck_amount,T3__duck_amount,False,-3.7704498767852783,3.2685482437955216e-05,-0.00012323897323085562
27929,6.5,0.0016353055834770203,14,lag_01__CT_unique_places,CT_unique_places,False,0.7992768287658691,0.0001535684714326635,0.00012274372084512125
27929,6.5,0.0016353055834770203,15,lag_02__T_place_PALACEALLEY,T_place_PALACEALLEY,False,3.4808406829833984,3.389289486221969e-05,0.0001179757673004933
27929,6.5,0.0016353055834770203,16,lag_13__T_velocity_mean,T_velocity_mean,False,-1.7359485626220703,6.38014535070397e-05,-0.00011075604150874441
27929,6.5,0.0016353055834770203,17,lag_03__CT3__duck_amount,CT3__duck_amount,False,-3.7208433151245117,2.732969369390048e-05,-0.00010168950808535013
27929,6.5,0.0016353055834770203,18,lag_12__CT_velocity_mean,CT_velocity_mean,False,3.494415283203125,2.7525453333510086e-05,9.618536480571205e-05
27929,6.5,0.0016353055834770203,19,lag_01__T_smoke_inv,T_smoke_inv,True,-0.6557168364524841,-0.00013252459757495672,8.689860987398917e-05
27929,6.5,0.0016353055834770203,20,lag_01__T_place_PALACEINTERIOR,T_place_PALACEINTERIOR,False,3.35436749458313,2.5389401344000362e-05,8.516538257524004e-05
27641,2.0,0.0014332756400108337,1,lag_04__CT_place_CTSPAWN,CT_place_CTSPAWN,False,4.78255033493042,-5.9344205510569736e-05,-0.00028381664994075496
27641,2.0,0.0014332756400108337,2,lag_01__T2__smoke,T2__smoke,True,-2.196101427078247,-0.00010724394087446854,0.0002355185715999155
27641,2.0,0.0014332756400108337,3,lag_04__T_place_TSPAWN,T_place_TSPAWN,False,4.428390979766846,-5.0630133046070114e-05,-0.00022421002448561218
27641,2.0,0.0014332756400108337,4,lag_01__smoke_inv_diff,smoke_inv_diff,True,0.6405715942382812,0.0002078296965919435,0.00013312980007595954
27641,2.0,0.0014332756400108337,5,lag_04__T4__smoke,T4__smoke,True,1.5136826038360596,8.10169440228492e-05,0.00012263393878334666
27641,2.0,0.0014332756400108337,6,lag_00__T_velocity_mean,T_velocity_mean,False,-0.38653695583343506,-0.0002619743172544986,0.00010126275509809643
27641,2.0,0.0014332756400108337,7,lag_03__T_velocity_mean,T_velocity_mean,False,3.3478081226348877,-2.9047203497611918e-05,-9.72444638091337e-05
27641,2.0,0.0014332756400108337,8,lag_04__T_molly_inv,T_molly_inv,True,2.267718553543091,3.942218245356344e-05,8.939841457110669e-05
27641,2.0,0.0014332756400108337,9,lag_04__molly_inv_diff,molly_inv_diff,True,-2.789611339569092,-3.200637365807779e-05,8.928534289505928e-05
27641,2.0,0.0014332756400108337,10,lag_01__T_smoke_inv,T_smoke_inv,True,-0.6557168960571289,-0.00013252459757495672,8.689861777307073e-05
27641,2.0,0.0014332756400108337,11,lag_04__T5__smoke,T5__smoke,True,1.4999849796295166,5.66144117328804e-05,8.492076722988167e-05
27641,2.0,0.0014332756400108337,12,lag_04__T5__molly,T5__molly,True,1.579392433166504,4.9012942326953635e-05,7.741067023841683e-05
27641,2.0,0.0014332756400108337,13,lag_04__T2__molly,T2__molly,True,1.6050609350204468,4.4316748244455084e-05,7.113108137431082e-05
27641,2.0,0.0014332756400108337,14,lag_04__T5__utility_total,T5__utility_total,True,1.5134170055389404,4.5811837480869144e-05,6.933241389853358e-05
27641,2.0,0.0014332756400108337,15,lag_04__T1__smoke,T1__smoke,True,1.4850022792816162,-4.566662391880527e-05,-6.78150406065222e-05
27641,2.0,0.0014332756400108337,16,lag_04__T_smoke_inv,T_smoke_inv,True,2.281003952026367,2.8931173801538534e-05,6.59921217780711e-05
27641,2.0,0.0014332756400108337,17,lag_04__CT_spread_xy,CT_spread_xy,False,-1.6141477823257446,4.0231643652077764e-05,-6.493981838032094e-05
27641,2.0,0.0014332756400108337,18,lag_01__T2__utility_total,T2__utility_total,True,-0.8202637434005737,-7.890545384725556e-05,6.472328294747105e-05
27641,2.0,0.0014332756400108337,19,lag_04__smoke_inv_diff,smoke_inv_diff,True,-3.1856415271759033,-1.9644699932541698e-05,6.25809718940145e-05
27641,2.0,0.0014332756400108337,20,lag_04__CT_unique_places,CT_unique_places,False,-1.6410033702850342,3.7627767596859485e-05,-6.174729344274842e-05
30073,40.0,-0.0013733087107539177,1,lag_15__CT_place_LADDER,CT_place_LADDER,False,-10.398283004760742,-5.8330875617684796e-05,0.0006065409525881846
30073,40.0,-0.0013733087107539177,2,lag_00__CT_place_UNDERPASS,CT_place_UNDERPASS,False,-5.7987165451049805,-6.492344982689247e-05,0.0003764726826764944
30073,40.0,-0.0013733087107539177,3,lag_01__T_place_TRAMP,T_place_TRAMP,False,-2.926727294921875,-9.896144911181182e-05,0.0002896331742605618
30073,40.0,-0.0013733087107539177,4,lag_07__CT_place_SNIPERSNEST,CT_place_SNIPERSNEST,False,-5.355666637420654,-5.2382343710632995e-05,0.00028054237060093877
30073,40.0,-0.0013733087107539177,5,lag_07__T3__duck_amount,T3__duck_amount,False,3.1200170516967773,7.301103323698044e-05,0.00022779566866137912
30073,40.0,-0.0013733087107539177,6,lag_02__CT_place_CATWALK,CT_place_CATWALK,False,-3.9834015369415283,4.755643749376759e-05,-0.00018943638620413754
30073,40.0,-0.0013733087107539177,7,lag_11__CT5__is_walking,CT5__is_walking,False,-2.396676540374756,7.773292600177228e-05,-0.0001863006801631345
30073,40.0,-0.0013733087107539177,8,lag_01__T_utility_damage_last_5s,T_utility_damage_last_5s,True,-1.2849445343017578,-0.00014269865641836077,0.00018335985861697712
30073,40.0,-0.0013733087107539177,9,lag_08__T_place_PALACEALLEY,T_place_PALACEALLEY,False,-3.4808404445648193,-5.153307574801147e-05,0.00017937841429650075
30073,40.0,-0.0013733087107539177,10,lag_03__CT_place_JUNGLE,CT_place_JUNGLE,False,6.415591716766357,-2.77392755378969e-05,-0.000177963866370031
30073,40.0,-0.0013733087107539177,11,lag_06__CT4__is_walking,CT4__is_walking,False,2.384641170501709,-6.56308329780586e-05,-0.00015650598637379984
30073,40.0,-0.0013733087107539177,12,lag_08__T_shots_fired_sum,T_shots_fired_sum,False,-5.997896671295166,2.529897574277129e-05,-0.00015174064239474507
30073,40.0,-0.0013733087107539177,13,lag_13__T1__is_walking,T1__is_walking,False,-2.281590461730957,6.272642349358648e-05,-0.00014311600954146353
30073,40.0,-0.0013733087107539177,14,lag_03__T_place_TRAMP,T_place_TRAMP,False,-2.926727533340454,-4.6917859435779974e-05,0.00013731579101609447
30073,40.0,-0.0013733087107539177,15,lag_10__T_place_TRAMP,T_place_TRAMP,False,2.926727294921875,-4.669040936278179e-05,-0.00013665009549312934
30073,40.0,-0.0013733087107539177,16,lag_10__T2__duck_amount,T2__duck_amount,False,3.8233180046081543,-3.4398242860333994e-05,-0.00013151542125479886
30073,40.0,-0.0013733087107539177,17,lag_05__T3__duck_amount,T3__duck_amount,False,-2.051069498062134,-6.397163815563545e-05,0.00013121027576209164
30073,40.0,-0.0013733087107539177,18,lag_11__T_place_TRAMP,T_place_TRAMP,False,2.926727533340454,-4.4678083213511854e-05,-0.0001307605762778611
30073,40.0,-0.0013733087107539177,19,lag_10__T_place_PALACEALLEY,T_place_PALACEALLEY,False,-3.4808406829833984,3.4614509786479175e-05,-0.0001204875938863037
30073,40.0,-0.0013733087107539177,20,lag_02__CT4__is_walking,CT4__is_walking,False,-2.384641170501709,-4.8728685214882717e-05,0.00011620042894782724
28281,12.0,0.0013534948229789734,1,lag_06__CT_place_LADDER,CT_place_LADDER,False,10.398283004760742,0.00015162273484747857,0.0015766161068998807
28281,12.0,0.0013534948229789734,2,lag_12__CT_place_SHOP,CT_place_SHOP,False,10.03160572052002,-6.210955325514078e-05,-0.0006230585497332131
28281,12.0,0.0013534948229789734,3,lag_06__CT_place_SNIPERSNEST,CT_place_SNIPERSNEST,False,-5.355666637420654,-8.62921224324964e-05,0.0004621518411839394
28281,12.0,0.0013534948229789734,4,lag_06__CT3__duck_amount,CT3__duck_amount,False,-3.7208433151245117,-9.003117156680673e-05,0.00033499188287718085
28281,12.0,0.0013534948229789734,5,lag_12__T5__duck_amount,T5__duck_amount,False,-3.7970333099365234,7.632454071426764e-05,-0.0002898068234576806
28281,12.0,0.0013534948229789734,6,lag_11__CT_place_SNIPERSNEST,CT_place_SNIPERSNEST,False,5.355666637420654,-4.7663208533776924e-05,-0.0002552682557767725
28281,12.0,0.0013534948229789734,7,lag_03__CT4__is_walking,CT4__is_walking,False,2.384641170501709,8.341158536495641e-05,0.00019890670055809287
28281,12.0,0.0013534948229789734,8,lag_00__CT3__is_walking,CT3__is_walking,False,2.387126922607422,8.02017530077137e-05,0.00019145176384502416
28281,12.0,0.0013534948229789734,9,lag_01__T3__is_walking,T3__is_walking,False,2.3223767280578613,6.758176459698007e-05,0.00015695031734111117
28281,12.0,0.0013534948229789734,10,lag_03__CT3__is_walking,CT3__is_walking,False,-2.387126922607422,-6.468619540100917e-05,0.0001544141585627934
28281,12.0,0.0013534948229789734,11,lag_06__CT3__is_walking,CT3__is_walking,False,2.387126922607422,5.858462827745825e-05,0.00013984894341206866
28281,12.0,0.0013534948229789734,12,lag_06__T_place_PALACEALLEY,T_place_PALACEALLEY,False,-3.4808402061462402,3.975813524448313e-05,-0.00013839171568039675
28281,12.0,0.0013534948229789734,13,lag_03__T_place_TOPOFMID,T_place_TOPOFMID,False,2.0359649658203125,6.776942609576508e-05,0.00013797617728472655
28281,12.0,0.0013534948229789734,14,lag_04__T3__is_walking,T3__is_walking,False,-2.3223767280578613,5.94046177866403e-05,-0.00013795990188686554
28281,12.0,0.0013534948229789734,15,lag_06__T_place_TRAMP,T_place_TRAMP,False,2.926727294921875,-4.5196604332886636e-05,-0.0001322781355388436
28281,12.0,0.0013534948229789734,16,lag_00__CT_walking_count,CT_walking_count,False,0.8974475860595703,0.00014486192958429456,0.0001300059890173566
28281,12.0,0.0013534948229789734,17,lag_08__CT_place_SHOP,CT_place_SHOP,False,-5.01580286026001,2.5833653126028366e-05,-0.00012957651124049802
28281,12.0,0.0013534948229789734,18,lag_06__CT5__is_walking,CT5__is_walking,False,2.396676540374756,-5.206227797316387e-05,-0.00012477644025675125
28281,12.0,0.0013534948229789734,19,lag_06__T_A_site_active_infernos,T_A_site_active_infernos,True,2.9764554500579834,3.995728548034094e-05,0.00011893108013748353
28281,12.0,0.0013534948229789734,20,lag_06__CT_walking_count,CT_walking_count,False,2.692342758178711,-4.126468411413953e-05,-0.00011109867344323565
28793,20.0,-0.0012898705899715424,1,lag_00__T1__is_walking,T1__is_walking,False,-2.281590461730957,0.00017556345846969634,-0.0004005639122729582
28793,20.0,-0.0012898705899715424,2,lag_05__T_utility_damage_last_5s,T_utility_damage_last_5s,True,5.139776706695557,6.234661123016849e-05,0.0003204476601422236
28793,20.0,-0.0012898705899715424,3,lag_13__CT4__duck_amount,CT4__duck_amount,False,3.6725916862487793,-8.441798854619265e-05,-0.0003100328029045918
28793,20.0,-0.0012898705899715424,4,lag_11__CT4__duck_amount,CT4__duck_amount,False,-3.6725916862487793,-8.07443429948762e-05,0.0002965410027946022
28793,20.0,-0.0012898705899715424,5,lag_00__CT_walking_count,CT_walking_count,False,-1.7948954105377197,0.00014486192958429456,-0.0002600120125724886
28793,20.0,-0.0012898705899715424,6,lag_11__CT_place_CATWALK,CT_place_CATWALK,False,3.9834015369415283,-5.913388304179534e-05,-0.00023555400059400815
28793,20.0,-0.0012898705899715424,7,lag_00__CT3__is_walking,CT3__is_walking,False,-2.387126922607422,8.02017530077137e-05,-0.00019145176384502416
28793,20.0,-0.0012898705899715424,8,lag_02__CT_place_CATWALK,CT_place_CATWALK,False,3.98340106010437,4.755643749376759e-05,0.00018943636352746103
28793,20.0,-0.0012898705899715424,9,lag_12__CT5__is_walking,CT5__is_walking,False,2.396676540374756,7.673515938222408e-05,0.0001839093563132943
28793,20.0,-0.0012898705899715424,10,lag_00__CT4__duck_amount,CT4__duck_amount,False,3.6725916862487793,-4.7265519242500886e-05,-0.00017358695301624046
28793,20.0,-0.0012898705899715424,11,lag_04__T5__duck_amount,T5__duck_amount,False,2.4845991134643555,-6.774971552658826e-05,-0.00016833088313482347
28793,20.0,-0.0012898705899715424,12,lag_06__CT1__duck_amount,CT1__duck_amount,False,3.8154516220092773,4.4019383494742215e-05,0.0001679538281548626
28793,20.0,-0.0012898705899715424,13,lag_03__CT1__duck_amount,CT1__duck_amount,False,3.8154516220092773,-3.98687734559644e-05,-0.0001521173763500798
28793,20.0,-0.0012898705899715424,14,lag_03__T_place_TOPOFMID,T_place_TOPOFMID,False,-2.0359649658203125,6.776942609576508e-05,-0.00013797617728472655
28793,20.0,-0.0012898705899715424,15,lag_05__utility_damage_diff_last_5s,utility_damage_diff_last_5s,True,-3.250260591506958,-3.8188096368685365e-05,0.000124121264691808
28793,20.0,-0.0012898705899715424,16,lag_00__T_walking_count,T_walking_count,False,-0.7970898151397705,0.00013727178156841546,-0.00010941793899427524
28793,20.0,-0.0012898705899715424,17,lag_01__CT3__is_walking,CT3__is_walking,False,2.387126922607422,-4.210085535305552e-05,-0.00010050008527807963
28793,20.0,-0.0012898705899715424,18,lag_05__CT1__is_walking,CT1__is_walking,False,2.3343825340270996,-4.112259193789214e-05,-9.599586037373903e-05
28793,20.0,-0.0012898705899715424,19,lag_06__T2__is_walking,T2__is_walking,False,-2.2968344688415527,4.166935832472518e-05,-9.57076184947385e-05
28793,20.0,-0.0012898705899715424,20,lag_03__T_A_site_active_smokes,T_A_site_active_smokes,True,1.422539234161377,-6.187811959534883e-05,-8.802405286051362e-05
30457,46.0,-0.0012447605840861797,1,lag_14__CT_place_CATWALK,CT_place_CATWALK,False,-3.9834015369415283,-0.00011756701132981107,0.0004683166136247915
30457,46.0,-0.0012447605840861797,2,lag_10__T_place_PALACEINTERIOR,T_place_PALACEINTERIOR,False,-6.708734512329102,-4.873858779319562e-05,0.0003269742460103933
30457,46.0,-0.0012447605840861797,3,lag_03__CT_place_STAIRS,CT_place_STAIRS,False,7.783008575439453,-4.0499886381439865e-05,-0.00031521096301107
30457,46.0,-0.0012447605840861797,4,lag_02__CT3__duck_amount,CT3__duck_amount,False,-3.7208433151245117,8.071406773524359e-05,-0.00030032439936918814
30457,46.0,-0.0012447605840861797,5,lag_15__T_place_PALACEINTERIOR,T_place_PALACEINTERIOR,False,3.354367256164551,-7.702130824327469e-05,-0.0002583577543981974
30457,46.0,-0.0012447605840861797,6,lag_04__T5__duck_amount,T5__duck_amount,False,3.7970333099365234,-6.774971552658826e-05,-0.0002572479265931793
30457,46.0,-0.0012447605840861797,7,lag_14__CT4__is_walking,CT4__is_walking,False,-2.384641170501709,-9.396510722581297e-05,0.00022407306328128124
30457,46.0,-0.0012447605840861797,8,lag_09__CT3__duck_amount,CT3__duck_amount,False,-3.7208433151245117,5.562072328757495e-05,-0.0002069559964269635
30457,46.0,-0.0012447605840861797,9,lag_02__T_utility_damage_last_5s,T_utility_damage_last_5s,True,-1.1421726942062378,-0.00017302355263382196,0.00019762277727290722
30457,46.0,-0.0012447605840861797,10,lag_03__CT_place_JUNGLE,CT_place_JUNGLE,False,-6.415591716766357,-2.77392755378969e-05,0.000177963866370031
30457,46.0,-0.0012447605840861797,11,lag_10__T_shots_fired_sum,T_shots_fired_sum,False,-6.747633457183838,-2.6268222427461296e-05,0.0001772483365122847
30457,46.0,-0.0012447605840861797,12,lag_13__T_place_TRAMP,T_place_TRAMP,False,-2.926727294921875,-5.440889435703866e-05,0.00015923999620126583
30457,46.0,-0.0012447605840861797,13,lag_13__T_place_PALACEINTERIOR,T_place_PALACEINTERIOR,False,3.354367256164551,-4.0921815525507554e-05,-0.0001372667980615687
30457,46.0,-0.0012447605840861797,14,lag_11__T_shots_fired_sum,T_shots_fired_sum,False,6.747633457183838,-2.0276029317756183e-05,-0.000136815213803332
30457,46.0,-0.0012447605840861797,15,lag_08__CT4__is_walking,CT4__is_walking,False,2.384641170501709,5.53576392121613e-05,0.00013200810556709963
30457,46.0,-0.0012447605840861797,16,lag_00__damage_diff_last_5s,damage_diff_last_5s,False,-1.8950221538543701,6.834787200205028e-05,-0.00012952073161268812
30457,46.0,-0.0012447605840861797,17,lag_06__T4__duck_amount,T4__duck_amount,False,3.6976382732391357,-3.499706872389652e-05,-0.00012940650076466009
30457,46.0,-0.0012447605840861797,18,lag_03__T5__duck_amount,T5__duck_amount,False,-3.7970333099365234,3.3187483495566994e-05,-0.00012601398030563649
30457,46.0,-0.0012447605840861797,19,lag_11__T_kills_last_3s,T_kills_last_3s,False,3.1681017875671387,-3.891903179464862e-05,-0.0001232994541990086
30457,46.0,-0.0012447605840861797,20,lag_11__T2__duck_amount,T2__duck_amount,False,3.0300891399383545,-4.068938142154366e-05,-0.00012329245275622888
30041,39.5,0.0012224065139889717,1,lag_06__CT_place_SNIPERSNEST,CT_place_SNIPERSNEST,False,-5.355666637420654,-8.62921224324964e-05,0.0004621518411839394
30041,39.5,0.0012224065139889717,2,lag_00__T_utility_damage_last_5s,T_utility_damage_last_5s,True,-1.2849445343017578,-0.00023637214326299727,0.0003037250935469804
30041,39.5,0.0012224065139889717,3,lag_01__CT_place_CATWALK,CT_place_CATWALK,False,-3.9834015369415283,7.330401422223076e-05,-0.00029199932291681767
30041,39.5,0.0012224065139889717,4,lag_02__T_place_TRAMP,T_place_TRAMP,False,-2.926727533340454,-8.258190064225346e-05,0.00024169472236526893
30041,39.5,0.0012224065139889717,5,lag_12__T3__is_walking,T3__is_walking,False,-2.3223767280578613,-9.42826081882231e-05,0.00021895973511692687
30041,39.5,0.0012224065139889717,6,lag_03__T1__duck_amount,T1__duck_amount,False,-3.915480136871338,5.463721026899293e-05,-0.0002139309115423045
30041,39.5,0.0012224065139889717,7,lag_00__T_place_TRAMP,T_place_TRAMP,False,-2.926727294921875,-7.261516293510795e-05,0.00021252477938737968
30041,39.5,0.0012224065139889717,8,lag_05__CT4__is_walking,CT4__is_walking,False,2.384641170501709,-8.860762318363413e-05,-0.00021129738626399566
30041,39.5,0.0012224065139889717,9,lag_09__T_place_PALACEALLEY,T_place_PALACEALLEY,False,-3.4808406829833984,6.036603735992685e-05,-0.00021012455871292912
30041,39.5,0.0012224065139889717,10,lag_02__CT_place_CTSPAWN,CT_place_CTSPAWN,False,-1.0407919883728027,-0.000150381718412973,0.00015651608772195708
30041,39.5,0.0012224065139889717,11,lag_14__CT_place_LADDER,CT_place_LADDER,False,-10.398283004760742,1.4859737348160706e-05,-0.00015451575432258793
30041,39.5,0.0012224065139889717,12,lag_07__T2__shots_fired,T2__shots_fired,False,-4.706932067871094,-3.076833672821522e-05,0.00014482447082109218
30041,39.5,0.0012224065139889717,13,lag_14__CT_place_SNIPERSNEST,CT_place_SNIPERSNEST,False,5.355666637420654,-2.6629049898474477e-05,-0.00014261631412746962
30041,39.5,0.0012224065139889717,14,lag_09__T_place_TRAMP,T_place_TRAMP,False,2.926727294921875,-4.841360350837931e-05,-0.00014169341483349918
30041,39.5,0.0012224065139889717,15,lag_10__T_place_TRAMP,T_place_TRAMP,False,2.926727533340454,-4.669040936278179e-05,-0.0001366501066249904
30041,39.5,0.0012224065139889717,16,lag_15__CT4__is_walking,CT4__is_walking,False,-2.384641170501709,-5.640882227453403e-05,0.0001345147999753677
30041,39.5,0.0012224065139889717,17,lag_01__CT2__duck_amount,CT2__duck_amount,False,3.8097944259643555,3.5098433727398515e-05,0.0001337178171747222
30041,39.5,0.0012224065139889717,18,lag_06__T_place_TRAMP,T_place_TRAMP,False,-2.926727294921875,-4.5196604332886636e-05,0.0001322781355388436
30041,39.5,0.0012224065139889717,19,lag_08__T2__duck_amount,T2__duck_amount,False,-3.8233180046081543,-3.224536339985207e-05,0.00012328427845178722
30041,39.5,0.0012224065139889717,20,lag_00__utility_damage_diff_last_5s,utility_damage_diff_last_5s,True,0.8125649690628052,0.00014947549789212644,0.00012145855332036312
28985,23.0,-0.0012109801173210144,1,lag_01__T_utility_damage_last_5s,T_utility_damage_last_5s,True,-5.139776706695557,-0.00014269865641836077,0.0007334392303358431
28985,23.0,-0.0012109801173210144,2,lag_08__CT_place_CATWALK,CT_place_CATWALK,False,3.98340106010437,-0.0001303085737163201,-0.0005190713106822779
28985,23.0,-0.0012109801173210144,3,lag_01__utility_damage_diff_last_5s,utility_damage_diff_last_5s,True,3.250260591506958,0.00010155919153476134,0.00033009383795074183
28985,23.0,-0.0012109801173210144,4,lag_09__CT1__duck_amount,CT1__duck_amount,False,3.8154516220092773,7.201453991001472e-05,0.0002747679931079175
28985,23.0,-0.0012109801173210144,5,lag_11__CT1__duck_amount,CT1__duck_amount,False,-3.8154516220092773,6.940060120541602e-05,-0.0002647946364376236
28985,23.0,-0.0012109801173210144,6,lag_06__CT4__duck_amount,CT4__duck_amount,False,3.6725916862487793,7.044002268230543e-05,0.00025869744168221034
28985,23.0,-0.0012109801173210144,7,lag_08__CT3__is_walking,CT3__is_walking,False,-2.387126922607422,9.99609474092722e-05,-0.00023861946877001827
28985,23.0,-0.0012109801173210144,8,lag_11__T_utility_damage_last_5s,T_utility_damage_last_5s,True,5.139776706695557,-4.605229332810268e-05,-0.00023669850453769334
28985,23.0,-0.0012109801173210144,9,lag_03__CT4__is_walking,CT4__is_walking,False,-2.384641170501709,8.341158536495641e-05,-0.00019890670055809287
28985,23.0,-0.0012109801173210144,10,lag_11__CT1__is_walking,CT1__is_walking,False,2.3343825340270996,-8.448235894320533e-05,-0.00019721414315042665
28985,23.0,-0.0012109801173210144,11,lag_00__CT3__is_walking,CT3__is_walking,False,-2.387126922607422,8.02017530077137e-05,-0.00019145176384502416
28985,23.0,-0.0012109801173210144,12,lag_05__CT3__is_walking,CT3__is_walking,False,2.387126922607422,7.686282333452255e-05,0.00018348131492945674
28985,23.0,-0.0012109801173210144,13,lag_04__CT1__duck_amount,CT1__duck_amount,False,-3.8154516220092773,-4.3072963308077306e-05,0.00016434280771854964
28985,23.0,-0.0012109801173210144,14,lag_06__CT4__is_walking,CT4__is_walking,False,-2.384641170501709,-6.56308329780586e-05,0.00015650598637379984
28985,23.0,-0.0012109801173210144,15,lag_03__CT3__is_walking,CT3__is_walking,False,-2.387126922607422,-6.468619540100917e-05,0.0001544141585627934
28985,23.0,-0.0012109801173210144,16,lag_04__T4__is_walking,T4__is_walking,False,-2.307980537414551,-6.613738514715806e-05,0.00015264379771513098
28985,23.0,-0.0012109801173210144,17,lag_06__CT3__is_walking,CT3__is_walking,False,-2.387126922607422,5.858462827745825e-05,-0.00013984894341206866
28985,23.0,-0.0012109801173210144,18,lag_00__CT_walking_count,CT_walking_count,False,-0.8974477052688599,0.00014486192958429456,-0.0001300060062862443
28985,23.0,-0.0012109801173210144,19,lag_10__T5__duck_amount,T5__duck_amount,False,2.4845991134643555,5.22597401868552e-05,0.00012984450413813797
28985,23.0,-0.0012109801173210144,20,lag_04__T1__is_walking,T1__is_walking,False,2.281590461730957,5.045337456976995e-05,0.00011511393818052634
28825,20.5,0.0012037083506584167,1,lag_06__T_utility_damage_last_5s,T_utility_damage_last_5s,True,5.139776706695557,0.00010778720024973154,0.0005540021411234997
28825,20.5,0.0012037083506584167,2,lag_12__T5__flash_duration,T5__flash_duration,True,-3.9050376415252686,-9.931599197443575e-05,0.00038783268706559307
28825,20.5,0.0012037083506584167,3,lag_12__CT_place_CATWALK,CT_place_CATWALK,False,3.9834015369415283,-8.751499262871221e-05,-0.00034860735614263873
28825,20.5,0.0012037083506584167,4,lag_03__CT_place_CATWALK,CT_place_CATWALK,False,3.98340106010437,7.818290760042146e-05,0.00031143387701756085
28825,20.5,0.0012037083506584167,5,lag_12__CT4__duck_amount,CT4__duck_amount,False,-3.6725916862487793,-6.924681656528264e-05,0.0002543152828168513
28825,20.5,0.0012037083506584167,6,lag_01__T1__is_walking,T1__is_walking,False,-2.281590461730957,0.00010812062828335911,-0.0002466869942076705
28825,20.5,0.0012037083506584167,7,lag_14__CT4__is_walking,CT4__is_walking,False,-2.384641170501709,-9.396510722581297e-05,0.00022407306328128124
28825,20.5,0.0012037083506584167,8,lag_06__utility_damage_diff_last_5s,utility_damage_diff_last_5s,True,-3.250260591506958,-6.699931691400707e-05,0.00021776523942348275
28825,20.5,0.0012037083506584167,9,lag_00__CT3__is_walking,CT3__is_walking,False,2.387126922607422,8.02017530077137e-05,0.00019145176384502416
28825,20.5,0.0012037083506584167,10,lag_05__CT3__is_walking,CT3__is_walking,False,2.387126922607422,7.686282333452255e-05,0.00018348131492945674
28825,20.5,0.0012037083506584167,11,lag_06__CT1__duck_amount,CT1__duck_amount,False,-3.8154516220092773,4.4019383494742215e-05,-0.0001679538281548626
28825,20.5,0.0012037083506584167,12,lag_04__CT1__duck_amount,CT1__duck_amount,False,3.8154516220092773,-4.3072963308077306e-05,-0.00016434280771854964
28825,20.5,0.0012037083506584167,13,lag_04__T_place_SIDEALLEY,T_place_SIDEALLEY,False,3.1883161067962646,-5.090148260933347e-05,-0.00016229001686314786
28825,20.5,0.0012037083506584167,14,lag_03__CT3__is_walking,CT3__is_walking,False,-2.387126922607422,-6.468619540100917e-05,0.0001544141585627934
28825,20.5,0.0012037083506584167,15,lag_13__CT3__is_walking,CT3__is_walking,False,2.387126922607422,6.291138561209664e-05,0.00015017746233317308
28825,20.5,0.0012037083506584167,16,lag_09__T2__is_walking,T2__is_walking,False,2.2968344688415527,5.880818571313284e-05,0.00013507266799595886
28825,20.5,0.0012037083506584167,17,lag_07__CT1__duck_amount,CT1__duck_amount,False,3.8154516220092773,3.494480552035384e-05,0.0001333302149034328
28825,20.5,0.0012037083506584167,18,lag_00__CT_walking_count,CT_walking_count,False,0.8974476456642151,0.00014486192958429456,0.00013000599765180046
28825,20.5,0.0012037083506584167,19,lag_04__T1__is_walking,T1__is_walking,False,-2.281590461730957,5.045337456976995e-05,-0.00011511393818052634
28825,20.5,0.0012037083506584167,20,lag_07__CT1__is_walking,CT1__is_walking,False,-2.3343825340270996,-4.918853301205672e-05,0.00011482485233776062
27993,7.5,0.0011457763612270355,1,lag_03__CT_place_SHOP,CT_place_SHOP,False,10.03160572052002,9.767578012542799e-05,0.000979844914662499
27993,7.5,0.0011457763612270355,2,lag_15__CT_place_CTSPAWN,CT_place_CTSPAWN,False,4.78255033493042,5.498683458426967e-05,0.0002629773041577625
27993,7.5,0.0011457763612270355,3,lag_04__T5__duck_amount,T5__duck_amount,False,3.7970333099365234,-6.774971552658826e-05,-0.0002572479265931793
27993,7.5,0.0011457763612270355,4,lag_15__T_velocity_mean,T_velocity_mean,False,-1.7359485626220703,0.00011172444646945223,-0.00019394789225839204
27993,7.5,0.0011457763612270355,5,lag_08__T_place_PALACEALLEY,T_place_PALACEALLEY,False,3.4808404445648193,-5.153307574801147e-05,-0.00017937841429650075
27993,7.5,0.0011457763612270355,6,lag_04__T_place_PALACEALLEY,T_place_PALACEALLEY,False,3.4808406829833984,4.9905011110240594e-05,0.00017371139295726395
27993,7.5,0.0011457763612270355,7,lag_14__CT_velocity_mean,CT_velocity_mean,False,3.494415283203125,4.572719626594335e-05,0.0001597898134897413
27993,7.5,0.0011457763612270355,8,lag_01__T3__is_walking,T3__is_walking,False,2.3223767280578613,6.758176459698007e-05,0.00015695031734111117
27993,7.5,0.0011457763612270355,9,lag_02__CT_place_CTSPAWN,CT_place_CTSPAWN,False,-1.0407919883728027,-0.000150381718412973,0.00015651608772195708
27993,7.5,0.0011457763612270355,10,lag_00__T_velocity_mean,T_velocity_mean,False,-0.5681636929512024,-0.0002619743172544986,0.00014884429554968583
27993,7.5,0.0011457763612270355,11,lag_06__CT3__duck_amount,CT3__duck_amount,False,1.5497331619262695,-9.003117156680673e-05,-0.00013952429218415385
27993,7.5,0.0011457763612270355,12,lag_05__CT3__duck_amount,CT3__duck_amount,False,-3.7208433151245117,-3.7189915019553155e-05,0.00013837784669055303
27993,7.5,0.0011457763612270355,13,lag_03__T_place_TSPAWN,T_place_TSPAWN,False,-1.8984100818634033,-7.094487955328077e-05,0.00013468247460053304
27993,7.5,0.0011457763612270355,14,lag_03__CT_place_CTSPAWN,CT_place_CTSPAWN,False,-2.0815834999084473,-6.08527880103793e-05,0.00012667015944583214
27993,7.5,0.0011457763612270355,15,lag_03__T5__duck_amount,T5__duck_amount,False,-3.7970333099365234,3.3187483495566994e-05,-0.00012601398030563649
27993,7.5,0.0011457763612270355,16,lag_14__T_velocity_mean,T_velocity_mean,False,3.3478081226348877,3.7177593185333535e-05,0.00012446344844587506
27993,7.5,0.0011457763612270355,17,lag_15__CT_velocity_mean,CT_velocity_mean,False,-1.694637656211853,7.249134068842977e-05,-0.00012284655567989557
27993,7.5,0.0011457763612270355,18,lag_02__T_place_TOPOFMID,T_place_TOPOFMID,False,2.0359649658203125,5.406169293564744e-05,0.00011006771280991368
27993,7.5,0.0011457763612270355,19,lag_01__T_walking_count,T_walking_count,False,0.7970898747444153,0.00013061748177278787,0.00010411387218570243
27993,7.5,0.0011457763612270355,20,lag_05__T3__duck_amount,T3__duck_amount,False,1.5417007207870483,-6.397163815563545e-05,-9.862512065447141e-05
29913,37.5,-0.0011236267164349556,1,lag_14__CT_place_CATWALK,CT_place_CATWALK,False,-3.98340106010437,-0.00011756701132981107,0.0004683165575644719
29913,37.5,-0.0011236267164349556,2,lag_06__T_utility_damage_last_5s,T_utility_damage_last_5s,True,2.427117109298706,0.00010778720024973154,0.0002616121578895292
29913,37.5,-0.0011236267164349556,3,lag_05__T_place_PALACEALLEY,T_place_PALACEALLEY,False,-3.4808406829833984,7.384469790849835e-05,-0.0002570416287025201
29913,37.5,-0.0011236267164349556,4,lag_10__CT_place_LADDER,CT_place_LADDER,False,-10.398283004760742,2.430692984489724e-05,-0.00025275033550410664
29913,37.5,-0.0011236267164349556,5,lag_02__T_place_TRAMP,T_place_TRAMP,False,-2.926727294921875,-8.258190064225346e-05,0.00024169470267620952
29913,37.5,-0.0011236267164349556,6,lag_12__CT3__duck_amount,CT3__duck_amount,False,3.7208433151245117,-6.315005157375708e-05,-0.0002349714472479822
29913,37.5,-0.0011236267164349556,7,lag_14__CT4__is_walking,CT4__is_walking,False,-2.384641170501709,-9.396510722581297e-05,0.00022407306328128124
29913,37.5,-0.0011236267164349556,8,lag_13__CT4__duck_amount,CT4__duck_amount,False,-2.5221686363220215,-8.441798854619265e-05,0.00021291640305259874
29913,37.5,-0.0011236267164349556,9,lag_00__T_place_TRAMP,T_place_TRAMP,False,-2.926727294921875,-7.261516293510795e-05,0.00021252477938737968
29913,37.5,-0.0011236267164349556,10,lag_12__CT5__is_walking,CT5__is_walking,False,-2.396676540374756,7.673515938222408e-05,-0.0001839093563132943
29913,37.5,-0.0011236267164349556,11,lag_10__T2__is_walking,T2__is_walking,False,-2.2968344688415527,7.37584923626855e-05,-0.00016941104762840248
29913,37.5,-0.0011236267164349556,12,lag_02__CT_place_CTSPAWN,CT_place_CTSPAWN,False,1.0407919883728027,-0.000150381718412973,-0.00015651608772195708
29913,37.5,-0.0011236267164349556,13,lag_11__T1__is_walking,T1__is_walking,False,-2.281590461730957,6.811051571276039e-05,-0.00015540030299381058
29913,37.5,-0.0011236267164349556,14,lag_00__T_velocity_mean,T_velocity_mean,False,-0.5876373648643494,-0.0002619743172544986,0.0001539458974535706
29913,37.5,-0.0011236267164349556,15,lag_13__CT3__is_walking,CT3__is_walking,False,-2.387126922607422,6.291138561209664e-05,-0.00015017746233317308
29913,37.5,-0.0011236267164349556,16,lag_13__T1__is_walking,T1__is_walking,False,-2.281590461730957,6.272642349358648e-05,-0.00014311600954146353
29913,37.5,-0.0011236267164349556,17,lag_06__T_place_PALACEALLEY,T_place_PALACEALLEY,False,-3.4808402061462402,3.975813524448313e-05,-0.00013839171568039675
29913,37.5,-0.0011236267164349556,18,lag_03__T_place_TRAMP,T_place_TRAMP,False,2.926727294921875,-4.6917859435779974e-05,-0.0001373157798300051
29913,37.5,-0.0011236267164349556,19,lag_06__T_place_TRAMP,T_place_TRAMP,False,2.926727533340454,-4.5196604332886636e-05,-0.00013227814631455379
29913,37.5,-0.0011236267164349556,20,lag_08__CT4__is_walking,CT4__is_walking,False,2.384641170501709,5.53576392121613e-05,0.00013200810556709963
28249,11.5,-0.0011207237839698792,1,lag_05__CT_place_LADDER,CT_place_LADDER,False,10.398283004760742,8.01476271590218e-05,0.0008333977093595568
28249,11.5,-0.0011207237839698792,2,lag_06__CT_place_SHOP,CT_place_SHOP,False,-5.015803337097168,0.00015577455633319914,-0.000781334539490891
28249,11.5,-0.0011207237839698792,3,lag_12__T5__duck_amount,T5__duck_amount,False,3.7970333099365234,7.632454071426764e-05,0.0002898068234576806
28249,11.5,-0.0011207237839698792,4,lag_05__T_place_PALACEALLEY,T_place_PALACEALLEY,False,-3.4808402061462402,7.384469790849835e-05,-0.0002570415934906242
28249,11.5,-0.0011207237839698792,5,lag_05__CT_place_SNIPERSNEST,CT_place_SNIPERSNEST,False,-5.355666637420654,4.0907743823481724e-05,-0.0002190882388075719
28249,11.5,-0.0011207237839698792,6,lag_03__T3__is_walking,T3__is_walking,False,-2.3223767280578613,8.213894034270197e-05,-0.00019075756351922407
28249,11.5,-0.0011207237839698792,7,lag_05__CT3__is_walking,CT3__is_walking,False,2.387126922607422,7.686282333452255e-05,0.00018348131492945674
28249,11.5,-0.0011207237839698792,8,lag_11__CT_place_SHOP,CT_place_SHOP,False,10.03160572052002,-1.8280379663337953e-05,-0.00018338156120401884
28249,11.5,-0.0011207237839698792,9,lag_01__CT1__is_walking,CT1__is_walking,False,2.3343825340270996,7.003614155109972e-05,0.0001634911455875368
28249,11.5,-0.0011207237839698792,10,lag_11__CT_place_CTSPAWN,CT_place_CTSPAWN,False,-2.0815834999084473,7.579621160402894e-05,-0.00015777614343051583
28249,11.5,-0.0011207237839698792,11,lag_00__T_velocity_mean,T_velocity_mean,False,-0.5732688903808594,-0.0002619743172544986,0.00015018172616076964
28249,11.5,-0.0011207237839698792,12,lag_00__T3__is_walking,T3__is_walking,False,2.3223767280578613,6.200389179866761e-05,0.00014399639536224335
28249,11.5,-0.0011207237839698792,13,lag_05__CT3__duck_amount,CT3__duck_amount,False,-3.7208433151245117,-3.7189915019553155e-05,0.00013837784669055303
28249,11.5,-0.0011207237839698792,14,lag_01__T5__is_walking,T5__is_walking,False,-2.3193888664245605,5.816976408823393e-05,-0.000134918303188793
28249,11.5,-0.0011207237839698792,15,lag_11__T5__duck_amount,T5__duck_amount,False,-3.7970333099365234,3.0810359021415934e-05,-0.00011698795949541957
28249,11.5,-0.0011207237839698792,16,lag_02__CT4__is_walking,CT4__is_walking,False,2.384641170501709,-4.8728685214882717e-05,-0.00011620042894782724
28249,11.5,-0.0011207237839698792,17,lag_12__T_place_PALACEALLEY,T_place_PALACEALLEY,False,3.4808406829833984,-3.1829666113480926e-05,-0.00011079399673358248
28249,11.5,-0.0011207237839698792,18,lag_02__T_place_TOPOFMID,T_place_TOPOFMID,False,2.0359649658203125,5.406169293564744e-05,0.00011006771280991368
28249,11.5,-0.0011207237839698792,19,lag_00__T_walking_count,T_walking_count,False,0.7970898151397705,0.00013727178156841546,0.00010941793899427524
28249,11.5,-0.0011207237839698792,20,lag_11__T_place_PALACEINTERIOR,T_place_PALACEINTERIOR,False,3.35436749458313,-3.1671388569520786e-05,-0.00010623747632591222
29081,24.5,0.001109793782234192,1,lag_12__T_place_SIDEALLEY,T_place_SIDEALLEY,False,3.1883161067962646,0.0001614806824363768,0.0005148514607483529
29081,24.5,0.001109793782234192,2,lag_15__CT1__duck_amount,CT1__duck_amount,False,3.8154516220092773,-0.00010920469503616914,-0.00041666523080678003
29081,24.5,0.001109793782234192,3,lag_00__T1__is_walking,T1__is_walking,False,2.281590461730957,0.00017556345846969634,0.0004005639122729582
29081,24.5,0.001109793782234192,4,lag_14__CT1__duck_amount,CT1__duck_amount,False,-3.8154516220092773,-9.594065340934321e-05,0.00036605692166730847
29081,24.5,0.001109793782234192,5,lag_14__T_utility_damage_last_5s,T_utility_damage_last_5s,True,5.139776706695557,-4.816737418877892e-05,-0.0002475695478781747
29081,24.5,0.001109793782234192,6,lag_01__T1__is_walking,T1__is_walking,False,-2.281590461730957,0.00010812062828335911,-0.0002466869942076705
29081,24.5,0.001109793782234192,7,lag_08__CT3__is_walking,CT3__is_walking,False,2.387126922607422,9.99609474092722e-05,0.00023861946877001827
29081,24.5,0.001109793782234192,8,lag_11__CT_place_CATWALK,CT_place_CATWALK,False,3.98340106010437,-5.913388304179534e-05,-0.0002355539723967754
29081,24.5,0.001109793782234192,9,lag_05__CT3__is_walking,CT3__is_walking,False,2.387126922607422,7.686282333452255e-05,0.00018348131492945674
29081,24.5,0.001109793782234192,10,lag_09__CT3__is_walking,CT3__is_walking,False,-2.387126922607422,6.949738599359989e-05,-0.00016589908115616225
29081,24.5,0.001109793782234192,11,lag_06__CT4__is_walking,CT4__is_walking,False,-2.384641170501709,-6.56308329780586e-05,0.00015650598637379984
29081,24.5,0.001109793782234192,12,lag_11__T1__is_walking,T1__is_walking,False,2.281590461730957,6.811051571276039e-05,0.00015540030299381058
29081,24.5,0.001109793782234192,13,lag_03__CT3__is_walking,CT3__is_walking,False,-2.387126922607422,-6.468619540100917e-05,0.0001544141585627934
29081,24.5,0.001109793782234192,14,lag_13__CT3__is_walking,CT3__is_walking,False,2.387126922607422,6.291138561209664e-05,0.00015017746233317308
29081,24.5,0.001109793782234192,15,lag_06__CT3__is_walking,CT3__is_walking,False,-2.387126922607422,5.858462827745825e-05,-0.00013984894341206866
29081,24.5,0.001109793782234192,16,lag_09__CT4__duck_amount,CT4__duck_amount,False,3.6725916862487793,3.688943979796022e-05,0.00013547984991236356
29081,24.5,0.001109793782234192,17,lag_07__CT1__duck_amount,CT1__duck_amount,False,-3.8154516220092773,3.494480552035384e-05,-0.0001333302149034328
29081,24.5,0.001109793782234192,18,lag_02__CT4__is_walking,CT4__is_walking,False,2.384641170501709,-4.8728685214882717e-05,-0.00011620042894782724
29081,24.5,0.001109793782234192,19,lag_07__CT1__is_walking,CT1__is_walking,False,2.3343825340270996,-4.918853301205672e-05,-0.00011482485233776062
29081,24.5,0.001109793782234192,20,lag_05__T_velocity_mean,T_velocity_mean,False,1.5788493156433105,7.12866458343342e-05,0.0001125508719900456
30361,44.5,0.0011042440310120583,1,lag_09__CT_place_UNDERPASS,CT_place_UNDERPASS,False,-5.7987165451049805,-7.015798473730683e-05,0.00040682626686744383
30361,44.5,0.0011042440310120583,2,lag_00__CT3__duck_amount,CT3__duck_amount,False,3.7208433151245117,0.000104247905255761,0.00038789012138663176
30361,44.5,0.0011042440310120583,3,lag_06__CT3__duck_amount,CT3__duck_amount,False,-3.7208433151245117,-9.003117156680673e-05,0.00033499188287718085
30361,44.5,0.0011042440310120583,4,lag_00__CT_place_STAIRS,CT_place_STAIRS,False,7.783008575439453,-4.0507267840439454e-05,-0.00031526841296976305
30361,44.5,0.0011042440310120583,5,lag_00__T_utility_damage_last_5s,T_utility_damage_last_5s,True,-1.1421725749969482,-0.00023637214326299727,0.00026997777952824514
30361,44.5,0.0011042440310120583,6,lag_11__CT_place_CATWALK,CT_place_CATWALK,False,-3.9834015369415283,-5.913388304179534e-05,0.00023555400059400815
30361,44.5,0.0011042440310120583,7,lag_07__T_place_PALACEINTERIOR,T_place_PALACEINTERIOR,False,-6.708734512329102,-3.395981548237614e-05,0.000227827386158945
30361,44.5,0.0011042440310120583,8,lag_05__CT4__is_walking,CT4__is_walking,False,2.384641170501709,-8.860762318363413e-05,-0.00021129738626399566
30361,44.5,0.0011042440310120583,9,lag_09__T_place_PALACEINTERIOR,T_place_PALACEINTERIOR,False,-3.354367256164551,-5.408781362348236e-05,0.00018143039097614014
30361,44.5,0.0011042440310120583,10,lag_04__T_place_PALACEINTERIOR,T_place_PALACEINTERIOR,False,-3.35436749458313,5.167870767763816e-05,-0.00017334937719593307
30361,44.5,0.0011042440310120583,11,lag_08__T_shots_fired_sum,T_shots_fired_sum,False,6.747633457183838,2.529897574277129e-05,0.0001707082151544059
30361,44.5,0.0011042440310120583,12,lag_12__CT_place_JUNGLE,CT_place_JUNGLE,False,6.415591716766357,-2.6389609047328122e-05,-0.00016930495721274082
30361,44.5,0.0011042440310120583,13,lag_10__T_place_PALACEINTERIOR,T_place_PALACEINTERIOR,False,3.354367256164551,-4.873858779319562e-05,-0.00016348712300519666
30361,44.5,0.0011042440310120583,14,lag_10__T_place_TRAMP,T_place_TRAMP,False,-2.926727294921875,-4.669040936278179e-05,0.00013665009549312934
30361,44.5,0.0011042440310120583,15,lag_15__CT4__is_walking,CT4__is_walking,False,2.384641170501709,-5.640882227453403e-05,-0.0001345147999753677
30361,44.5,0.0011042440310120583,16,lag_13__T1__duck_amount,T1__duck_amount,False,-3.915480136871338,3.086362994508818e-05,-0.00012084593000174018
30361,44.5,0.0011042440310120583,17,lag_12__T_place_TRAMP,T_place_TRAMP,False,-2.926727533340454,-4.018013714812696e-05,0.00011759631368481877
30361,44.5,0.0011042440310120583,18,lag_00__utility_damage_diff_last_5s,utility_damage_diff_last_5s,True,0.7222800850868225,0.00014947549789212644,0.00010796317533592024
30361,44.5,0.0011042440310120583,19,lag_14__T_place_TRAMP,T_place_TRAMP,False,-2.926727294921875,-3.3469797926954925e-05,9.795697114833857e-05
30361,44.5,0.0011042440310120583,20,lag_08__T2__duck_amount,T2__duck_amount,False,3.0300891399383545,-3.224536339985207e-05,-9.770632545125744e-05
30137,41.0,0.001097776461392641,1,lag_02__CT_place_UNDERPASS,CT_place_UNDERPASS,False,-5.7987165451049805,-0.0001060709691955708,0.0006150754840296771
30137,41.0,0.001097776461392641,2,lag_00__T_shots_fired_sum,T_shots_fired_sum,False,-6.747633457183838,-8.412567694904283e-05,0.0005676492323896005
30137,41.0,0.001097776461392641,3,lag_01__CT3__duck_amount,CT3__duck_amount,False,2.21724271774292,0.00015734080807305872,0.0003488627609037759
30137,41.0,0.001097776461392641,4,lag_01__T_shots_fired_sum,T_shots_fired_sum,False,6.747633457183838,-3.885216938215308e-05,-0.00026216019800718963
30137,41.0,0.001097776461392641,5,lag_14__CT4__is_walking,CT4__is_walking,False,-2.384641170501709,-9.396510722581297e-05,0.00022407306328128124
30137,41.0,0.001097776461392641,6,lag_10__T2__shots_fired,T2__shots_fired,False,-4.706932067871094,-4.387852459331043e-05,0.0002065332344991233
30137,41.0,0.001097776461392641,7,lag_11__CT1__is_walking,CT1__is_walking,False,-2.3343825340270996,-8.448235894320533e-05,0.00019721414315042665
30137,41.0,0.001097776461392641,8,lag_00__T_velocity_mean,T_velocity_mean,False,0.7365736961364746,-0.0002619743172544986,-0.00019296339115297545
30137,41.0,0.001097776461392641,9,lag_09__T_place_PALACEINTERIOR,T_place_PALACEINTERIOR,False,3.35436749458313,-5.408781362348236e-05,-0.0001814304038716798
30137,41.0,0.001097776461392641,10,lag_00__CT_velocity_mean,CT_velocity_mean,False,-1.189534068107605,-0.00013975588080938905,0.00016624438144115412
30137,41.0,0.001097776461392641,11,lag_00__T_A_site_active_smokes,T_A_site_active_smokes,True,-1.422539234161377,-0.00011641404125839472,0.00016560354109734776
30137,41.0,0.001097776461392641,12,lag_00__kill_diff_last_3s,kill_diff_last_3s,False,2.4069459438323975,6.672720337519422e-05,0.0001606087715072032
30137,41.0,0.001097776461392641,13,lag_13__T_place_TRAMP,T_place_TRAMP,False,2.926727533340454,-5.440889435703866e-05,-0.00015924000917335712
30137,41.0,0.001097776461392641,14,lag_10__T_shots_fired_sum,T_shots_fired_sum,False,-5.997896671295166,-2.6268222427461296e-05,0.00015755408385851113
30137,41.0,0.001097776461392641,15,lag_00__CT3__duck_amount,CT3__duck_amount,False,1.5036007165908813,0.000104247905255761,0.00015674722504566054
30137,41.0,0.001097776461392641,16,lag_11__T2__duck_amount,T2__duck_amount,False,-3.8233180046081543,-4.068938142154366e-05,0.0001555684445853564
30137,41.0,0.001097776461392641,17,lag_01__T2__duck_amount,T2__duck_amount,False,3.0300891399383545,-5.098300243844278e-05,-0.00015448304201017612
30137,41.0,0.001097776461392641,18,lag_07__T3__duck_amount,T3__duck_amount,False,-2.051069498062134,7.301103323698044e-05,-0.00014975070329437123
30137,41.0,0.001097776461392641,19,lag_09__T_place_TRAMP,T_place_TRAMP,False,-2.926727294921875,-4.841360350837931e-05,0.00014169341483349918
30137,41.0,0.001097776461392641,20,lag_03__T_place_TRAMP,T_place_TRAMP,False,-2.926727294921875,-4.6917859435779974e-05,0.0001373157798300051
28921,22.0,-0.0010746046900749207,1,lag_15__T5__flash_duration,T5__flash_duration,True,-3.9050376415252686,-0.00012953125406056643,0.0005058244228604847
28921,22.0,-0.0010746046900749207,2,lag_15__CT_place_CATWALK,CT_place_CATWALK,False,3.9834015369415283,-0.0001075980908353813,-0.00042860640040563204
28921,22.0,-0.0010746046900749207,3,lag_00__T_velocity_mean,T_velocity_mean,False,1.5788493156433105,-0.0002619743172544986,-0.00041361797151338864
28921,22.0,-0.0010746046900749207,4,lag_06__CT_place_CATWALK,CT_place_CATWALK,False,3.98340106010437,-8.342065120814368e-05,-0.00033229791045711644
28921,22.0,-0.0010746046900749207,5,lag_09__CT1__duck_amount,CT1__duck_amount,False,-3.8154516220092773,7.201453991001472e-05,-0.0002747679931079175
28921,22.0,-0.0010746046900749207,6,lag_08__CT3__is_walking,CT3__is_walking,False,2.387126922607422,9.99609474092722e-05,0.00023861946877001827
28921,22.0,-0.0010746046900749207,7,lag_10__CT1__duck_amount,CT1__duck_amount,False,3.8154516220092773,5.4548039770452306e-05,0.00020812540681959882
28921,22.0,-0.0010746046900749207,8,lag_00__CT3__is_walking,CT3__is_walking,False,2.387126922607422,8.02017530077137e-05,0.00019145176384502416
28921,22.0,-0.0010746046900749207,9,lag_05__CT3__is_walking,CT3__is_walking,False,2.387126922607422,7.686282333452255e-05,0.00018348131492945674
28921,22.0,-0.0010746046900749207,10,lag_10__T2__is_walking,T2__is_walking,False,-2.2968344688415527,7.37584923626855e-05,-0.00016941104762840248
28921,22.0,-0.0010746046900749207,11,lag_02__CT4__duck_amount,CT4__duck_amount,False,-3.6725916862487793,4.293299571145326e-05,-0.00015767536311563773
28921,22.0,-0.0010746046900749207,12,lag_03__CT3__is_walking,CT3__is_walking,False,2.387126922607422,-6.468619540100917e-05,-0.0001544141585627934
28921,22.0,-0.0010746046900749207,13,lag_02__T4__is_walking,T4__is_walking,False,-2.307980537414551,-6.491447857115418e-05,0.00014982135313863776
28921,22.0,-0.0010746046900749207,14,lag_13__T1__is_walking,T1__is_walking,False,-2.281590461730957,6.272642349358648e-05,-0.00014311600954146353
28921,22.0,-0.0010746046900749207,15,lag_06__CT3__is_walking,CT3__is_walking,False,-2.387126922607422,5.858462827745825e-05,-0.00013984894341206866
28921,22.0,-0.0010746046900749207,16,lag_15__CT4__is_walking,CT4__is_walking,False,2.384641170501709,-5.640882227453403e-05,-0.0001345147999753677
28921,22.0,-0.0010746046900749207,17,lag_07__CT1__duck_amount,CT1__duck_amount,False,3.8154516220092773,3.494480552035384e-05,0.0001333302149034328
28921,22.0,-0.0010746046900749207,18,lag_00__CT_velocity_mean,CT_velocity_mean,False,0.9450238347053528,-0.00013975588080938905,-0.00013207263840511307
28921,22.0,-0.0010746046900749207,19,lag_00__CT_walking_count,CT_walking_count,False,0.8974477052688599,0.00014486192958429456,0.0001300060062862443
28921,22.0,-0.0010746046900749207,20,lag_15__T_flashed_players,T_flashed_players,False,-1.9296237230300903,-6.50541769573465e-05,0.00012553008313909327
29625,33.0,0.0010601431131362915,1,lag_01__CT_place_LADDER,CT_place_LADDER,False,-10.398283004760742,0.00010176307114306837,-0.0010581612131792262
29625,33.0,0.0010601431131362915,2,lag_05__CT4__duck_amount,CT4__duck_amount,False,3.6725916862487793,0.0001330674422206357,0.0004887023820098965
29625,33.0,0.0010601431131362915,3,lag_05__CT_place_UNDERPASS,CT_place_UNDERPASS,False,5.7987165451049805,-7.863857172196731e-05,-0.0004560027869275965
29625,33.0,0.0010601431131362915,4,lag_01__T2__is_walking,T2__is_walking,False,-2.2968344688415527,0.00016886730736587197,-0.00038786025221839576
29625,33.0,0.0010601431131362915,5,lag_00__T_velocity_mean,T_velocity_mean,False,-1.373030185699463,-0.0002619743172544986,0.0003596986454684342
29625,33.0,0.0010601431131362915,6,lag_02__CT3__duck_amount,CT3__duck_amount,False,-3.7208433151245117,8.071406773524359e-05,-0.00030032439936918814
29625,33.0,0.0010601431131362915,7,lag_05__CT_place_CATWALK,CT_place_CATWALK,False,-3.98340106010437,-7.333500252570957e-05,0.00029212272680366816
29625,33.0,0.0010601431131362915,8,lag_01__CT_place_SNIPERSNEST,CT_place_SNIPERSNEST,False,5.355666637420654,4.6198325435398147e-05,0.0002474228302390639
29625,33.0,0.0010601431131362915,9,lag_01__T1__is_walking,T1__is_walking,False,2.281590461730957,0.00010812062828335911,0.0002466869942076705
29625,33.0,0.0010601431131362915,10,lag_05__CT4__is_walking,CT4__is_walking,False,-2.384641170501709,-8.860762318363413e-05,0.00021129738626399566
29625,33.0,0.0010601431131362915,11,lag_03__CT4__is_walking,CT4__is_walking,False,2.384641170501709,8.341158536495641e-05,0.00019890670055809287
29625,33.0,0.0010601431131362915,12,lag_11__CT1__is_walking,CT1__is_walking,False,2.3343825340270996,-8.448235894320533e-05,-0.00019721414315042665
29625,33.0,0.0010601431131362915,13,lag_00__CT5__is_walking,CT5__is_walking,False,2.396676540374756,7.740574073977768e-05,0.00018551652292135568
29625,33.0,0.0010601431131362915,14,lag_05__CT3__is_walking,CT3__is_walking,False,2.387126922607422,7.686282333452255e-05,0.00018348131492945674
29625,33.0,0.0010601431131362915,15,lag_10__CT4__is_walking,CT4__is_walking,False,-2.384641170501709,7.507375994464383e-05,-0.00017902397878835977
29625,33.0,0.0010601431131362915,16,lag_13__CT3__is_walking,CT3__is_walking,False,-2.387126922607422,6.291138561209664e-05,-0.00015017746233317308
29625,33.0,0.0010601431131362915,17,lag_05__CT3__duck_amount,CT3__duck_amount,False,-3.7208433151245117,-3.7189915019553155e-05,0.00013837784669055303
29625,33.0,0.0010601431131362915,18,lag_15__CT4__is_walking,CT4__is_walking,False,2.384641170501709,-5.640882227453403e-05,-0.0001345147999753677
29625,33.0,0.0010601431131362915,19,lag_08__CT4__is_walking,CT4__is_walking,False,2.384641170501709,5.53576392121613e-05,0.00013200810556709963
29625,33.0,0.0010601431131362915,20,lag_00__CT_walking_count,CT_walking_count,False,0.8974476456642151,0.00014486192958429456,0.00013000599765180046
30329,44.0,-0.0010216752998530865,1,lag_08__CT_place_UNDERPASS,CT_place_UNDERPASS,False,-5.7987165451049805,-8.096778037725016e-05,0.0004695092076939869
30329,44.0,-0.0010216752998530865,2,lag_15__T_place_PALACEINTERIOR,T_place_PALACEINTERIOR,False,3.35436749458313,-7.702130824327469e-05,-0.0002583577727615083
30329,44.0,-0.0010216752998530865,3,lag_11__CT_place_JUNGLE,CT_place_JUNGLE,False,6.415591716766357,-3.6893427022732794e-05,-0.0002366931648101686
30329,44.0,-0.0010216752998530865,4,lag_14__CT4__is_walking,CT4__is_walking,False,2.384641170501709,-9.396510722581297e-05,-0.00022407306328128124
30329,44.0,-0.0010216752998530865,5,lag_01__T1__molly,T1__molly,True,-2.2143099308013916,-0.00010108458809554577,0.00022383260727093512
30329,44.0,-0.0010216752998530865,6,lag_00__T_velocity_mean,T_velocity_mean,False,0.7000545859336853,-0.0002619743172544986,-0.00018339632219085793
30329,44.0,-0.0010216752998530865,7,lag_09__T_place_PALACEINTERIOR,T_place_PALACEINTERIOR,False,3.354367256164551,-5.408781362348236e-05,-0.00018143039097614014
30329,44.0,-0.0010216752998530865,8,lag_10__CT4__is_walking,CT4__is_walking,False,-2.384641170501709,7.507375994464383e-05,-0.00017902397878835977
30329,44.0,-0.0010216752998530865,9,lag_06__T_place_PALACEINTERIOR,T_place_PALACEINTERIOR,False,-6.708734512329102,2.476385452609975e-05,-0.0001661341255175426
30329,44.0,-0.0010216752998530865,10,lag_00__kill_diff_last_3s,kill_diff_last_3s,False,-2.4069459438323975,6.672720337519422e-05,-0.0001606087715072032
30329,44.0,-0.0010216752998530865,11,lag_13__T_place_TRAMP,T_place_TRAMP,False,-2.926727294921875,-5.440889435703866e-05,0.00015923999620126583
30329,44.0,-0.0010216752998530865,12,lag_10__CT_place_CATWALK,CT_place_CATWALK,False,-3.9834015369415283,-3.95925271732267e-05,0.00015771293359323046
30329,44.0,-0.0010216752998530865,13,lag_09__T_place_TRAMP,T_place_TRAMP,False,-2.926727294921875,-4.841360350837931e-05,0.00014169341483349918
30329,44.0,-0.0010216752998530865,14,lag_00__CT_velocity_mean,CT_velocity_mean,False,0.9999224543571472,-0.00013975588080938905,-0.00013974504334976923
30329,44.0,-0.0010216752998530865,15,lag_05__CT3__duck_amount,CT3__duck_amount,False,-3.7208433151245117,-3.7189915019553155e-05,0.00013837784669055303
30329,44.0,-0.0010216752998530865,16,lag_06__CT3__duck_amount,CT3__duck_amount,False,1.5036007165908813,-9.003117156680673e-05,-0.0001353709340833672
30329,44.0,-0.0010216752998530865,17,lag_11__T_place_TRAMP,T_place_TRAMP,False,-2.926727533340454,-4.4678083213511854e-05,0.0001307605762778611
30329,44.0,-0.0010216752998530865,18,lag_01__T1__utility_total,T1__utility_total,True,-0.7838126420974731,-0.00016368782962672412,0.00012830059021892368
30329,44.0,-0.0010216752998530865,19,lag_12__T1__duck_amount,T1__duck_amount,False,-3.915480136871338,-3.223987732781097e-05,0.00012623459929221245
30329,44.0,-0.0010216752998530865,20,lag_11__T_kills_last_3s,T_kills_last_3s,False,-3.1681017875671387,-3.891903179464862e-05,0.0001232994541990086
30937,53.5,-0.0009841825813055038,1,lag_04__T_place_SCAFFOLDING,T_place_SCAFFOLDING,False,-34.05547332763672,2.37419535551453e-05,-0.0008085434660432406
30937,53.5,-0.0009841825813055038,2,lag_13__T_place_SCAFFOLDING,T_place_SCAFFOLDING,False,34.05546951293945,1.640833397686947e-05,0.0005587935175074069
30937,53.5,-0.0009841825813055038,3,lag_01__T_flashes_last_5s,T_flashes_last_5s,True,-9.0607271194458,3.5917022614739835e-05,-0.00032543434085512135
30937,53.5,-0.0009841825813055038,4,lag_04__CT_place_SNIPERSNEST,CT_place_SNIPERSNEST,False,-5.355666637420654,5.945040538790636e-05,-0.0003183965527171432
30937,53.5,-0.0009841825813055038,5,lag_01__CT1__duck_amount,CT1__duck_amount,False,-3.8154516220092773,-7.9115285188891e-05,0.0003018605431996807
30937,53.5,-0.0009841825813055038,6,lag_11__CT_place_SNIPERSNEST,CT_place_SNIPERSNEST,False,5.355666637420654,-4.7663208533776924e-05,-0.0002552682557767725
30937,53.5,-0.0009841825813055038,7,lag_14__T5__is_walking,T5__is_walking,False,-2.3193888664245605,9.553072595736012e-05,-0.00022157290218695683
30937,53.5,-0.0009841825813055038,8,lag_00__T_shots_fired_sum,T_shots_fired_sum,False,2.249211311340332,-8.412567694904283e-05,-0.00018921642416794976
30937,53.5,-0.0009841825813055038,9,lag_14__T_shots_fired_sum,T_shots_fired_sum,False,3.748685359954834,-4.8504214646527544e-05,-0.00018182703934154464
30937,53.5,-0.0009841825813055038,10,lag_04__T_place_PALACEINTERIOR,T_place_PALACEINTERIOR,False,3.35436749458313,5.167870767763816e-05,0.00017334937719593307
30937,53.5,-0.0009841825813055038,11,lag_10__T_place_PALACEINTERIOR,T_place_PALACEINTERIOR,False,-3.35436749458313,-4.873858779319562e-05,0.0001634871346253815
30937,53.5,-0.0009841825813055038,12,lag_15__T5__is_walking,T5__is_walking,False,2.3193888664245605,6.852603110019118e-05,0.0001589385135940466
30937,53.5,-0.0009841825813055038,13,lag_02__CT_place_CTSPAWN,CT_place_CTSPAWN,False,-1.0407919883728027,-0.000150381718412973,0.00015651608772195708
30937,53.5,-0.0009841825813055038,14,lag_01__CT_duck_amount_mean,CT_duck_amount_mean,False,-2.994267225265503,4.646148954634555e-05,-0.00013911811538563825
30937,53.5,-0.0009841825813055038,15,lag_01__T3__duck_amount,T3__duck_amount,False,3.7704498767852783,3.662818198790774e-05,0.00013810472426317548
30937,53.5,-0.0009841825813055038,16,lag_04__T3__is_walking,T3__is_walking,False,-2.3223767280578613,5.94046177866403e-05,-0.00013795990188686554
30937,53.5,-0.0009841825813055038,17,lag_09__T5__duck_amount,T5__duck_amount,False,3.7970333099365234,3.4578559279907495e-05,0.00013129594139542344
30937,53.5,-0.0009841825813055038,18,lag_11__T3__duck_amount,T3__duck_amount,False,-3.7704498767852783,3.194958480889909e-05,-0.00012046430810605437
30937,53.5,-0.0009841825813055038,19,lag_06__T_A_site_active_infernos,T_A_site_active_infernos,True,2.9764552116394043,3.995728548034094e-05,0.0001189310706109243
30937,53.5,-0.0009841825813055038,20,lag_13__T_shots_fired_sum,T_shots_fired_sum,False,-4.498422145843506,-2.267703166580759e-05,0.00010201086144746331
30521,47.0,-0.0009567374363541603,1,lag_00__T_place_SCAFFOLDING,T_place_SCAFFOLDING,False,34.05546951293945,3.3225685911020264e-05,0.0011315163335892525
30521,47.0,-0.0009567374363541603,2,lag_05__CT_place_STAIRS,CT_place_STAIRS,False,7.783008575439453,-0.00011014230403816327,-0.0008572384968476843
30521,47.0,-0.0009567374363541603,3,lag_00__T_shots_fired_sum,T_shots_fired_sum,False,-4.498422145843506,-8.412567694904283e-05,0.0003784328082216508
30521,47.0,-0.0009567374363541603,4,lag_01__T1__duck_amount,T1__duck_amount,False,2.7287509441375732,0.000136607835884206,0.00037276876114561777
30521,47.0,-0.0009567374363541603,5,lag_15__T_place_PALACEINTERIOR,T_place_PALACEINTERIOR,False,3.354367256164551,-7.702130824327469e-05,-0.0002583577543981974
30521,47.0,-0.0009567374363541603,6,lag_04__T5__duck_amount,T5__duck_amount,False,3.7970333099365234,-6.774971552658826e-05,-0.0002572479265931793
30521,47.0,-0.0009567374363541603,7,lag_14__T_place_PALACEINTERIOR,T_place_PALACEINTERIOR,False,-3.354367256164551,-6.371627387125045e-05,0.00021372778275853543
30521,47.0,-0.0009567374363541603,8,lag_09__T_place_PALACEINTERIOR,T_place_PALACEINTERIOR,False,-3.35436749458313,-5.408781362348236e-05,0.0001814304038716798
30521,47.0,-0.0009567374363541603,9,lag_10__CT4__is_walking,CT4__is_walking,False,2.384641170501709,7.507375994464383e-05,0.00017902397878835977
30521,47.0,-0.0009567374363541603,10,lag_12__T2__flash,T2__flash,True,-2.9439022541046143,5.887222505407408e-05,-0.00017331407604084283
30521,47.0,-0.0009567374363541603,11,lag_12__T_shots_fired_sum,T_shots_fired_sum,False,-6.747633457183838,-2.406948624411598e-05,0.00016241207067802313
30521,47.0,-0.0009567374363541603,12,lag_13__T_shots_fired_sum,T_shots_fired_sum,False,6.747633457183838,-2.267703166580759e-05,-0.00015301629757782063
30521,47.0,-0.0009567374363541603,13,lag_01__T_shots_fired_sum,T_shots_fired_sum,False,3.748685359954834,-3.885216938215308e-05,-0.0001456445585653627
30521,47.0,-0.0009567374363541603,14,lag_05__CT3__duck_amount,CT3__duck_amount,False,3.7208433151245117,-3.7189915019553155e-05,-0.00013837784669055303
30521,47.0,-0.0009567374363541603,15,lag_01__T5__is_walking,T5__is_walking,False,-2.3193888664245605,5.816976408823393e-05,-0.000134918303188793
30521,47.0,-0.0009567374363541603,16,lag_12__T_place_PALACEINTERIOR,T_place_PALACEINTERIOR,False,-6.708734512329102,-1.9203505871701054e-05,0.0001288312225991954
30521,47.0,-0.0009567374363541603,17,lag_13__T2__duck_amount,T2__duck_amount,False,3.0300891399383545,-3.925034252461046e-05,-0.00011893203662268273
30521,47.0,-0.0009567374363541603,18,lag_06__T5__duck_amount,T5__duck_amount,False,3.7970333099365234,3.083229239564389e-05,0.00011707124124796242
30521,47.0,-0.0009567374363541603,19,lag_15__T_place_TRAMP,T_place_TRAMP,False,-2.926727294921875,-3.674442268675193e-05,0.00010754090481346346
30521,47.0,-0.0009567374363541603,20,lag_13__T_A_site_active_infernos,T_A_site_active_infernos,True,-2.9764554500579834,-3.6102155718253925e-05,0.00010745645814643889
27705,3.0,0.000878525897860527,1,lag_05__T_velocity_mean,T_velocity_mean,False,3.3478081226348877,7.12866458343342e-05,0.0002386540119595805
27705,3.0,0.000878525897860527,2,lag_02__T_place_TSPAWN,T_place_TSPAWN,False,-0.9492053985595703,-0.00015122150944080204,0.00014354027313953632
27705,3.0,0.000878525897860527,3,lag_06__T4__smoke,T4__smoke,True,1.5136826038360596,7.988710422068834e-05,0.0001209237199296942
27705,3.0,0.000878525897860527,4,lag_06__molly_inv_diff,molly_inv_diff,True,-2.789611339569092,-3.66392960131634e-05,0.00010220939563214924
27705,3.0,0.000878525897860527,5,lag_06__T_molly_inv,T_molly_inv,True,2.267718553543091,4.3885211198357865e-05,9.951930766067315e-05
27705,3.0,0.000878525897860527,6,lag_06__T_place_TSPAWN,T_place_TSPAWN,False,4.428390979766846,-2.171327287214808e-05,-9.615486172823672e-05
27705,3.0,0.000878525897860527,7,lag_06__smoke_inv_diff,smoke_inv_diff,True,-3.1856415271759033,-2.9506260034395382e-05,9.399636727722063e-05
27705,3.0,0.000878525897860527,8,lag_06__T_smoke_inv,T_smoke_inv,True,2.281003952026367,3.844155799015425e-05,8.768534569759262e-05
27705,3.0,0.000878525897860527,9,lag_06__CT_place_CTSPAWN,CT_place_CTSPAWN,False,4.78255033493042,-1.7840489817899652e-05,-8.532304055391873e-05
27705,3.0,0.000878525897860527,10,lag_05__CT_velocity_mean,CT_velocity_mean,False,3.494415283203125,2.3282675101654604e-05,8.135933570907472e-05
27705,3.0,0.000878525897860527,11,lag_06__T2__molly,T2__molly,True,1.6050609350204468,4.985311534255743e-05,8.001728792540741e-05
27705,3.0,0.000878525897860527,12,lag_06__T5__smoke,T5__smoke,True,1.4999849796295166,5.308349136612378e-05,7.96244397154788e-05
27705,3.0,0.000878525897860527,13,lag_06__T5__molly,T5__molly,True,1.579392433166504,4.6297023800434545e-05,7.312116906853586e-05
27705,3.0,0.000878525897860527,14,lag_06__utility_inv_diff,utility_inv_diff,True,-3.078141927719116,-2.3738668460282497e-05,7.307099069581895e-05
27705,3.0,0.000878525897860527,15,lag_06__CT_velocity_mean,CT_velocity_mean,False,-1.694637656211853,3.878885036101565e-05,-6.573304646294385e-05
27705,3.0,0.000878525897860527,16,lag_06__T5__utility_total,T5__utility_total,True,1.5134170055389404,4.2328490962972865e-05,6.40606580421645e-05
27705,3.0,0.000878525897860527,17,lag_02__T_place_SIDEALLEY,T_place_SIDEALLEY,False,3.1883161067962646,1.9686349332914688e-05,6.27663046621498e-05
27705,3.0,0.000878525897860527,18,lag_06__T_utility_inv,T_utility_inv,True,1.9612067937850952,3.002105040650349e-05,5.887748801379944e-05
27705,3.0,0.000878525897860527,19,lag_06__T4__utility_total,T4__utility_total,True,1.4362598657608032,3.872171146213077e-05,5.5614440106628495e-05
27705,3.0,0.000878525897860527,20,lag_06__CT_spread_xy,CT_spread_xy,False,-1.6141477823257446,3.380326597834937e-05,-5.456346681431993e-05
30745,50.5,0.0007877303287386894,1,lag_04__T_place_SCAFFOLDING,T_place_SCAFFOLDING,False,34.05547332763672,2.37419535551453e-05,0.0008085434660432406
30745,50.5,0.0007877303287386894,2,lag_07__T_place_SCAFFOLDING,T_place_SCAFFOLDING,False,34.05546951293945,-2.2140877263154835e-05,-0.0007540179706251038
30745,50.5,0.0007877303287386894,3,lag_12__T5__duck_amount,T5__duck_amount,False,-3.7970333099365234,7.632454071426764e-05,-0.0002898068234576806
30745,50.5,0.0007877303287386894,4,lag_05__T3__duck_amount,T3__duck_amount,False,-3.7704498767852783,-6.397163815563545e-05,0.00024120185520166808
30745,50.5,0.0007877303287386894,5,lag_12__CT3__duck_amount,CT3__duck_amount,False,3.7208433151245117,-6.315005157375708e-05,-0.0002349714472479822
30745,50.5,0.0007877303287386894,6,lag_02__T3__is_walking,T3__is_walking,False,2.3223767280578613,9.974709246307611e-05,0.00023165032622768367
30745,50.5,0.0007877303287386894,7,lag_05__CT_place_SNIPERSNEST,CT_place_SNIPERSNEST,False,5.355666637420654,4.0907743823481724e-05,0.0002190882388075719
30745,50.5,0.0007877303287386894,8,lag_05__T_flashes_last_5s,T_flashes_last_5s,True,9.0607271194458,2.2418324078898877e-05,0.00020312631695420386
30745,50.5,0.0007877303287386894,9,lag_12__CT_place_STAIRS,CT_place_STAIRS,False,7.783008575439453,-2.2428510419558734e-05,-0.00017456128892975875
30745,50.5,0.0007877303287386894,10,lag_04__T_place_PALACEINTERIOR,T_place_PALACEINTERIOR,False,-3.35436749458313,5.167870767763816e-05,-0.00017334937719593307
30745,50.5,0.0007877303287386894,11,lag_12__CT_place_JUNGLE,CT_place_JUNGLE,False,-6.415591716766357,-2.6389609047328122e-05,0.00016930495721274082
30745,50.5,0.0007877303287386894,12,lag_01__T3__is_walking,T3__is_walking,False,-2.3223767280578613,6.758176459698007e-05,-0.00015695031734111117
30745,50.5,0.0007877303287386894,13,lag_00__T_velocity_mean,T_velocity_mean,False,0.5331332683563232,-0.0002619743172544986,-0.00013966722398330716
30745,50.5,0.0007877303287386894,14,lag_10__T5__duck_amount,T5__duck_amount,False,-2.4725124835968018,5.22597401868552e-05,-0.00012921286000152493
30745,50.5,0.0007877303287386894,15,lag_03__T5__duck_amount,T5__duck_amount,False,3.7970333099365234,3.3187483495566994e-05,0.00012601398030563649
30745,50.5,0.0007877303287386894,16,lag_02__T3__duck_amount,T3__duck_amount,False,-3.7704498767852783,3.2685482437955216e-05,-0.00012323897323085562
30745,50.5,0.0007877303287386894,17,lag_02__T_duck_amount_mean,T_duck_amount_mean,False,-2.9079365730285645,4.1796007280936465e-05,-0.00012154013817880331
30745,50.5,0.0007877303287386894,18,lag_11__T5__duck_amount,T5__duck_amount,False,3.7970333099365234,3.0810359021415934e-05,0.00011698795949541957
30745,50.5,0.0007877303287386894,19,lag_12__T_utility_damage_last_5s,T_utility_damage_last_5s,True,-1.1421725749969482,-9.685773693490773e-05,0.00011062825080332059
30745,50.5,0.0007877303287386894,20,lag_01__T_walking_count,T_walking_count,False,-0.7970898747444153,0.00013061748177278787,-0.00010411387218570243
29401,29.5,0.0007645450532436371,1,lag_00__CT1__is_walking,CT1__is_walking,False,-2.3343825340270996,0.000178111920831725,-0.00041578135709159636
29401,29.5,0.0007645450532436371,2,lag_01__CT3__duck_amount,CT3__duck_amount,False,2.6223158836364746,0.00015734080807305872,0.00041259730015417995
29401,29.5,0.0007645450532436371,3,lag_00__T1__is_walking,T1__is_walking,False,2.281590461730957,0.00017556345846969634,0.0004005639122729582
29401,29.5,0.0007645450532436371,4,lag_14__T_utility_damage_last_5s,T_utility_damage_last_5s,True,-5.139776706695557,-4.816737418877892e-05,0.0002475695478781747
29401,29.5,0.0007645450532436371,5,lag_01__T1__is_walking,T1__is_walking,False,-2.281590461730957,0.00010812062828335911,-0.0002466869942076705
29401,29.5,0.0007645450532436371,6,lag_03__CT4__is_walking,CT4__is_walking,False,-2.384641170501709,8.341158536495641e-05,-0.00019890670055809287
29401,29.5,0.0007645450532436371,7,lag_15__T_velocity_mean,T_velocity_mean,False,1.5788493156433105,0.00011172444646945223,0.00017639606584892234
29401,29.5,0.0007645450532436371,8,lag_11__T1__is_walking,T1__is_walking,False,-2.281590461730957,6.811051571276039e-05,-0.00015540030299381058
29401,29.5,0.0007645450532436371,9,lag_03__CT3__is_walking,CT3__is_walking,False,-2.387126922607422,-6.468619540100917e-05,0.0001544141585627934
29401,29.5,0.0007645450532436371,10,lag_13__CT3__is_walking,CT3__is_walking,False,-2.387126922607422,6.291138561209664e-05,-0.00015017746233317308
29401,29.5,0.0007645450532436371,11,lag_06__CT3__is_walking,CT3__is_walking,False,-2.387126922607422,5.858462827745825e-05,-0.00013984894341206866
29401,29.5,0.0007645450532436371,12,lag_08__CT4__is_walking,CT4__is_walking,False,2.384641170501709,5.53576392121613e-05,0.00013200810556709963
29401,29.5,0.0007645450532436371,13,lag_09__T5__duck_amount,T5__duck_amount,False,-3.7970333099365234,3.4578559279907495e-05,-0.00013129594139542344
29401,29.5,0.0007645450532436371,14,lag_00__CT_walking_count,CT_walking_count,False,-0.8974477052688599,0.00014486192958429456,-0.0001300060062862443
29401,29.5,0.0007645450532436371,15,lag_00__CT3__duck_amount,CT3__duck_amount,False,1.0985276699066162,0.000104247905255761,0.00011451920845325682
29401,29.5,0.0007645450532436371,16,lag_00__T_walking_count,T_walking_count,False,0.7970898151397705,0.00013727178156841546,0.00010941793899427524
29401,29.5,0.0007645450532436371,17,lag_01__T_walking_count,T_walking_count,False,-0.7970898151397705,0.00013061748177278787,-0.00010411386440029383
29401,29.5,0.0007645450532436371,18,lag_14__utility_damage_diff_last_5s,utility_damage_diff_last_5s,True,3.250260591506958,3.115043364232406e-05,0.00010124702687599844
29401,29.5,0.0007645450532436371,19,lag_10__T1__is_walking,T1__is_walking,False,2.281590461730957,-4.1338877053931355e-05,-9.43183875849185e-05
29401,29.5,0.0007645450532436371,20,lag_04__CT3__is_walking,CT3__is_walking,False,2.387126922607422,-3.512450712150894e-05,-8.384665659307011e-05
28153,10.0,-0.0007517188787460327,1,lag_02__CT_place_LADDER,CT_place_LADDER,False,10.398283004760742,0.00015866334433667362,0.0016498263568945348
28153,10.0,-0.0007517188787460327,2,lag_04__CT_place_SHOP,CT_place_SHOP,False,-5.01580286026001,0.00030641333432868123,-0.001536908878747606
28153,10.0,-0.0007517188787460327,3,lag_03__CT_place_SHOP,CT_place_SHOP,False,-5.015803337097168,9.767578012542799e-05,-0.000489922503906691
28153,10.0,-0.0007517188787460327,4,lag_02__T1__duck_amount,T1__duck_amount,False,-3.915480136871338,9.069255611393601e-05,-0.00035510490202620565
28153,10.0,-0.0007517188787460327,5,lag_02__CT3__duck_amount,CT3__duck_amount,False,-3.7208433151245117,8.071406773524359e-05,-0.00030032439936918814
28153,10.0,-0.0007517188787460327,6,lag_07__CT_place_SNIPERSNEST,CT_place_SNIPERSNEST,False,5.355666637420654,-5.2382343710632995e-05,-0.00028054237060093877
28153,10.0,-0.0007517188787460327,7,lag_08__CT_place_SHOP,CT_place_SHOP,False,10.03160572052002,2.5833653126028366e-05,0.00025915302248099605
28153,10.0,-0.0007517188787460327,8,lag_02__T_place_TRAMP,T_place_TRAMP,False,2.926727294921875,-8.258190064225346e-05,-0.00024169470267620952
28153,10.0,-0.0007517188787460327,9,lag_09__T_place_PALACEALLEY,T_place_PALACEALLEY,False,3.4808406829833984,6.036603735992685e-05,0.00021012455871292912
28153,10.0,-0.0007517188787460327,10,lag_00__T_velocity_mean,T_velocity_mean,False,0.7544538974761963,-0.0002619743172544986,-0.000197647544691322
28153,10.0,-0.0007517188787460327,11,lag_03__T2__is_walking,T2__is_walking,False,2.2968344688415527,8.31201541586779e-05,0.00019091323512707495
28153,10.0,-0.0007517188787460327,12,lag_02__CT5__is_walking,CT5__is_walking,False,2.396676540374756,7.761717279208824e-05,0.00018602325716101167
28153,10.0,-0.0007517188787460327,13,lag_08__T_place_PALACEALLEY,T_place_PALACEALLEY,False,3.4808402061462402,-5.153307574801147e-05,-0.00017937840201005806
28153,10.0,-0.0007517188787460327,14,lag_02__CT_place_CTSPAWN,CT_place_CTSPAWN,False,-1.0407919883728027,-0.000150381718412973,0.00015651608772195708
28153,10.0,-0.0007517188787460327,15,lag_01__CT_place_PALACEINTERIOR,CT_place_PALACEINTERIOR,False,4.075206756591797,3.7681980757042766e-05,0.00015356186258286275
28153,10.0,-0.0007517188787460327,16,lag_00__T3__is_walking,T3__is_walking,False,-2.3223767280578613,6.200389179866761e-05,-0.00014399639536224335
28153,10.0,-0.0007517188787460327,17,lag_03__T_place_TOPOFMID,T_place_TOPOFMID,False,-2.0359649658203125,6.776942609576508e-05,-0.00013797617728472655
28153,10.0,-0.0007517188787460327,18,lag_12__CT3__duck_amount,CT3__duck_amount,False,2.171110153198242,-6.315005157375708e-05,-0.00013710571814677663
28153,10.0,-0.0007517188787460327,19,lag_09__T5__duck_amount,T5__duck_amount,False,3.7970333099365234,3.4578559279907495e-05,0.00013129594139542344
28153,10.0,-0.0007517188787460327,20,lag_01__CT_unique_places,CT_unique_places,False,0.7992768883705139,0.0001535684714326635,0.00012274372999851544
29977,38.5,0.0006764661520719528,1,lag_01__T1__duck_amount,T1__duck_amount,False,-3.915480136871338,0.000136607835884206,-0.0005348852679455882
29977,38.5,0.0006764661520719528,2,lag_02__T1__duck_amount,T1__duck_amount,False,3.915480136871338,9.069255611393601e-05,0.00035510490202620565
29977,38.5,0.0006764661520719528,3,lag_04__CT_place_SNIPERSNEST,CT_place_SNIPERSNEST,False,-5.355666637420654,5.945040538790636e-05,-0.0003183965527171432
29977,38.5,0.0006764661520719528,4,lag_12__CT_place_LADDER,CT_place_LADDER,False,-10.398283004760742,3.008972453244496e-05,-0.0003128814712236548
29977,38.5,0.0006764661520719528,5,lag_00__T_kills_last_3s,T_kills_last_3s,False,-3.1681017875671387,-8.844123658491299e-05,0.00028019083971931105
29977,38.5,0.0006764661520719528,6,lag_05__T_place_PALACEALLEY,T_place_PALACEALLEY,False,-3.4808404445648193,7.384469790849835e-05,-0.00025704161109657217
29977,38.5,0.0006764661520719528,7,lag_02__T_place_TRAMP,T_place_TRAMP,False,-2.926727294921875,-8.258190064225346e-05,0.00024169470267620952
29977,38.5,0.0006764661520719528,8,lag_08__T_utility_damage_last_5s,T_utility_damage_last_5s,True,2.427117109298706,9.744329145178199e-05,0.0002365062798690004
29977,38.5,0.0006764661520719528,9,lag_14__CT4__is_walking,CT4__is_walking,False,2.384641170501709,-9.396510722581297e-05,-0.00022407306328128124
29977,38.5,0.0006764661520719528,10,lag_00__T_place_TRAMP,T_place_TRAMP,False,-2.926727533340454,-7.261516293510795e-05,0.00021252479670018365
29977,38.5,0.0006764661520719528,11,lag_03__CT4__is_walking,CT4__is_walking,False,2.384641170501709,8.341158536495641e-05,0.00019890670055809287
29977,38.5,0.0006764661520719528,12,lag_11__CT5__is_walking,CT5__is_walking,False,2.396676540374756,7.773292600177228e-05,0.0001863006801631345
29977,38.5,0.0006764661520719528,13,lag_08__T_place_PALACEALLEY,T_place_PALACEALLEY,False,-3.4808402061462402,-5.153307574801147e-05,0.00017937840201005806
29977,38.5,0.0006764661520719528,14,lag_10__CT4__is_walking,CT4__is_walking,False,2.384641170501709,7.507375994464383e-05,0.00017902397878835977
29977,38.5,0.0006764661520719528,15,lag_04__T_place_PALACEINTERIOR,T_place_PALACEINTERIOR,False,3.35436749458313,5.167870767763816e-05,0.00017334937719593307
29977,38.5,0.0006764661520719528,16,lag_05__T2__shots_fired,T2__shots_fired,False,-4.706932067871094,-3.6728470149682835e-05,0.00017287841395138837
29977,38.5,0.0006764661520719528,17,lag_01__CT1__is_walking,CT1__is_walking,False,-2.3343825340270996,7.003614155109972e-05,-0.0001634911455875368
29977,38.5,0.0006764661520719528,18,lag_00__kill_diff_last_3s,kill_diff_last_3s,False,2.4069459438323975,6.672720337519422e-05,0.0001606087715072032
29977,38.5,0.0006764661520719528,19,lag_13__CT3__is_walking,CT3__is_walking,False,2.387126922607422,6.291138561209664e-05,0.00015017746233317308
29977,38.5,0.0006764661520719528,20,lag_13__T1__is_walking,T1__is_walking,False,-2.281590461730957,6.272642349358648e-05,-0.00014311600954146353
30265,43.0,0.000673211645334959,1,lag_06__CT_place_UNDERPASS,CT_place_UNDERPASS,False,-5.7987165451049805,-9.820484410738572e-05,0.000569462054334953
30265,43.0,0.000673211645334959,2,lag_15__CT_place_PALACEINTERIOR,CT_place_PALACEINTERIOR,False,-4.075206756591797,-0.00012877311382908374,0.0005247770635436466
30265,43.0,0.000673211645334959,3,lag_08__CT_place_CATWALK,CT_place_CATWALK,False,-3.9834015369415283,-0.0001303085737163201,0.0005190713728182479
30265,43.0,0.000673211645334959,4,lag_04__T_place_PALACEINTERIOR,T_place_PALACEINTERIOR,False,-6.708734512329102,5.167870767763816e-05,-0.000346698729749538
30265,43.0,0.000673211645334959,5,lag_14__T_shots_fired_sum,T_shots_fired_sum,False,-5.997896671295166,-4.8504214646527544e-05,0.0002909232675721938
30265,43.0,0.000673211645334959,6,lag_09__T_place_PALACEINTERIOR,T_place_PALACEINTERIOR,False,3.354367256164551,-5.408781362348236e-05,-0.00018143039097614014
30265,43.0,0.000673211645334959,7,lag_01__CT1__is_walking,CT1__is_walking,False,2.3343825340270996,7.003614155109972e-05,0.0001634911455875368
30265,43.0,0.000673211645334959,8,lag_13__T_place_TRAMP,T_place_TRAMP,False,-2.926727294921875,-5.440889435703866e-05,0.00015923999620126583
30265,43.0,0.000673211645334959,9,lag_07__T_utility_damage_last_5s,T_utility_damage_last_5s,True,-1.2849445343017578,0.00012211095599923283,-0.00015690580548957667
30265,43.0,0.000673211645334959,10,lag_14__T2__shots_fired,T2__shots_fired,False,-4.706932067871094,-3.1015966669656336e-05,0.00014599004813342642
30265,43.0,0.000673211645334959,11,lag_09__T_place_TRAMP,T_place_TRAMP,False,-2.926727533340454,-4.841360350837931e-05,0.00014169342637620173
30265,43.0,0.000673211645334959,12,lag_13__T_place_PALACEINTERIOR,T_place_PALACEINTERIOR,False,3.35436749458313,-4.0921815525507554e-05,-0.0001372668078180898
30265,43.0,0.000673211645334959,13,lag_08__CT4__is_walking,CT4__is_walking,False,-2.384641170501709,5.53576392121613e-05,-0.00013200810556709963
30265,43.0,0.000673211645334959,14,lag_11__T_place_TRAMP,T_place_TRAMP,False,-2.926727294921875,-4.4678083213511854e-05,0.00013076056562577598
30265,43.0,0.000673211645334959,15,lag_06__T4__duck_amount,T4__duck_amount,False,-3.6976382732391357,-3.499706872389652e-05,0.00012940650076466009
30265,43.0,0.000673211645334959,16,lag_13__CT_place_SNIPERSNEST,CT_place_SNIPERSNEST,False,-5.355666637420654,2.367589513596613e-05,-0.00012680020169076375
30265,43.0,0.000673211645334959,17,lag_00__T_shots_fired_sum,T_shots_fired_sum,False,-1.499474048614502,-8.412567694904283e-05,0.00012614426940721693
30265,43.0,0.000673211645334959,18,lag_06__T_A_site_active_infernos,T_A_site_active_infernos,True,-2.9764552116394043,3.995728548034094e-05,-0.0001189310706109243
30265,43.0,0.000673211645334959,19,lag_02__CT4__is_walking,CT4__is_walking,False,2.384641170501709,-4.8728685214882717e-05,-0.00011620042894782724
30265,43.0,0.000673211645334959,20,lag_15__T_shots_fired_sum,T_shots_fired_sum,False,3.748685598373413,-3.053956606891006e-05,-0.0001144832315030965
31161,57.0,-0.0006625555688515306,1,lag_02__T_place_SCAFFOLDING,T_place_SCAFFOLDING,False,34.05546951293945,4.1062539821723476e-05,0.001398404073022566
31161,57.0,-0.0006625555688515306,2,lag_04__T_place_SCAFFOLDING,T_place_SCAFFOLDING,False,-34.05546951293945,2.37419535551453e-05,-0.0008085433754748753
31161,57.0,-0.0006625555688515306,3,lag_08__CT1__duck_amount,CT1__duck_amount,False,-3.8154516220092773,9.374789078719914e-05,-0.00035769054196396755
31161,57.0,-0.0006625555688515306,4,lag_11__CT4__duck_amount,CT4__duck_amount,False,3.6725916862487793,-8.07443429948762e-05,-0.0002965410027946022
31161,57.0,-0.0006625555688515306,5,lag_09__CT1__duck_amount,CT1__duck_amount,False,3.8154516220092773,7.201453991001472e-05,0.0002747679931079175
31161,57.0,-0.0006625555688515306,6,lag_11__CT_place_SNIPERSNEST,CT_place_SNIPERSNEST,False,-5.355666637420654,-4.7663208533776924e-05,0.0002552682557767725
31161,57.0,-0.0006625555688515306,7,lag_12__T3__is_walking,T3__is_walking,False,2.3223767280578613,-9.42826081882231e-05,-0.00021895973511692687
31161,57.0,-0.0006625555688515306,8,lag_07__T_bomb_zone_count,T_bomb_zone_count,False,5.821373462677002,-3.1413430406246334e-05,-0.00018286931013857324
31161,57.0,-0.0006625555688515306,9,lag_15__T5__duck_amount,T5__duck_amount,False,-3.7970333099365234,-4.756703128805384e-05,0.00018061360225553325
31161,57.0,-0.0006625555688515306,10,lag_11__T3__is_walking,T3__is_walking,False,-2.3223767280578613,-7.320667646126822e-05,0.00017001348175211053
31161,57.0,-0.0006625555688515306,11,lag_10__CT4__duck_amount,CT4__duck_amount,False,-1.9072595834732056,-7.632784399902448e-05,0.00014557701195298724
31161,57.0,-0.0006625555688515306,12,lag_11__T_place_SCAFFOLDING,T_place_SCAFFOLDING,False,-34.05547332763672,3.7612387586705154e-06,-0.00012809076622477718
31161,57.0,-0.0006625555688515306,13,lag_00__T3__has_bomb,T3__has_bomb,False,-3.15621280670166,4.003513095085509e-05,-0.00012635939302506685
31161,57.0,-0.0006625555688515306,14,lag_08__T_flashes_last_5s,T_flashes_last_5s,True,-9.0607271194458,-1.2602417882590089e-05,0.00011418706947937275
31161,57.0,-0.0006625555688515306,15,lag_09__T_kills_last_3s,T_kills_last_3s,False,3.1681017875671387,-3.548421955201775e-05,-0.00011241761939317224
31161,57.0,-0.0006625555688515306,16,lag_13__T_A_site_active_infernos,T_A_site_active_infernos,True,2.9764552116394043,-3.6102155718253925e-05,-0.00010745644953901422
31161,57.0,-0.0006625555688515306,17,lag_11__T_place_PALACEINTERIOR,T_place_PALACEINTERIOR,False,3.35436749458313,-3.1671388569520786e-05,-0.00010623747632591222
31161,57.0,-0.0006625555688515306,18,lag_12__T1__is_walking,T1__is_walking,False,2.281590461730957,4.5920238335384056e-05,0.0001047711777864245
31161,57.0,-0.0006625555688515306,19,lag_02__T_place_PALACEINTERIOR,T_place_PALACEINTERIOR,False,-3.35436749458313,3.0346815037773922e-05,-0.00010179436992683536
31161,57.0,-0.0006625555688515306,20,lag_10__T1__is_walking,T1__is_walking,False,-2.281590461730957,-4.1338877053931355e-05,9.43183875849185e-05
29881,37.0,0.0006604613736271858,1,lag_13__CT_place_CATWALK,CT_place_CATWALK,False,-3.98340106010437,-0.00012044419418089092,0.0004797775307835775
29881,37.0,0.0006604613736271858,2,lag_01__CT_place_CTSPAWN,CT_place_CTSPAWN,False,1.0407919883728027,-0.0003604583616834134,-0.0003751621749820827
29881,37.0,0.0006604613736271858,3,lag_13__CT4__duck_amount,CT4__duck_amount,False,3.6725916862487793,-8.441798854619265e-05,-0.0003100328029045918
29881,37.0,0.0006604613736271858,4,lag_09__CT_place_LADDER,CT_place_LADDER,False,-10.398283004760742,-2.9258928407216445e-05,0.00030424261799427005
29881,37.0,0.0006604613736271858,5,lag_01__T_place_TRAMP,T_place_TRAMP,False,-2.926727294921875,-9.896144911181182e-05,0.0002896331742605618
29881,37.0,0.0006604613736271858,6,lag_00__CT_walking_count,CT_walking_count,False,1.7948952913284302,0.00014486192958429456,0.0002600119953036009
29881,37.0,0.0006604613736271858,7,lag_05__T_place_PALACEALLEY,T_place_PALACEALLEY,False,-3.4808402061462402,7.384469790849835e-05,-0.0002570415934906242
29881,37.0,0.0006604613736271858,8,lag_01__CT_place_SNIPERSNEST,CT_place_SNIPERSNEST,False,-5.355666637420654,4.6198325435398147e-05,-0.0002474228302390639
29881,37.0,0.0006604613736271858,9,lag_02__T_place_TRAMP,T_place_TRAMP,False,2.926727294921875,-8.258190064225346e-05,-0.00024169470267620952
29881,37.0,0.0006604613736271858,10,lag_02__T_shots_fired_sum,T_shots_fired_sum,False,-5.997896671295166,-3.405941242817789e-05,0.0002042848364292374
29881,37.0,0.0006604613736271858,11,lag_02__T2__shots_fired,T2__shots_fired,False,-4.706932067871094,-4.0015787817537785e-05,0.00018835159489949405
29881,37.0,0.0006604613736271858,12,lag_11__CT5__is_walking,CT5__is_walking,False,-2.396676540374756,7.773292600177228e-05,-0.0001863006801631345
29881,37.0,0.0006604613736271858,13,lag_00__T_velocity_mean,T_velocity_mean,False,0.687673032283783,-0.0002619743172544986,-0.00018015267312687482
29881,37.0,0.0006604613736271858,14,lag_10__CT4__is_walking,CT4__is_walking,False,-2.384641170501709,7.507375994464383e-05,-0.00017902397878835977
29881,37.0,0.0006604613736271858,15,lag_12__CT4__duck_amount,CT4__duck_amount,False,-2.5221686363220215,-6.924681656528264e-05,0.0001746521489061001
29881,37.0,0.0006604613736271858,16,lag_04__T_place_PALACEALLEY,T_place_PALACEALLEY,False,-3.4808406829833984,4.9905011110240594e-05,-0.00017371139295726395
29881,37.0,0.0006604613736271858,17,lag_10__T2__is_walking,T2__is_walking,False,2.2968344688415527,7.37584923626855e-05,0.00016941104762840248
29881,37.0,0.0006604613736271858,18,lag_09__CT3__is_walking,CT3__is_walking,False,-2.387126922607422,6.949738599359989e-05,-0.00016589908115616225
29881,37.0,0.0006604613736271858,19,lag_01__CT1__is_walking,CT1__is_walking,False,2.3343825340270996,7.003614155109972e-05,0.0001634911455875368
29881,37.0,0.0006604613736271858,20,lag_06__CT4__is_walking,CT4__is_walking,False,-2.384641170501709,-6.56308329780586e-05,0.00015650598637379984
30297,43.5,0.0006481818854808807,1,lag_07__CT_place_UNDERPASS,CT_place_UNDERPASS,False,-5.7987165451049805,-9.23781335586682e-05,0.0005356746114725669
30297,43.5,0.0006481818854808807,2,lag_09__CT_place_CATWALK,CT_place_CATWALK,False,-3.9834015369415283,-0.00011844136315630749,0.00047179950803428496
30297,43.5,0.0006481818854808807,3,lag_00__T_kills_last_3s,T_kills_last_3s,False,-3.1681017875671387,-8.844123658491299e-05,0.00028019083971931105
30297,43.5,0.0006481818854808807,4,lag_14__T_place_PALACEINTERIOR,T_place_PALACEINTERIOR,False,3.35436749458313,-6.371627387125045e-05,-0.00021372779794967892
30297,43.5,0.0006481818854808807,5,lag_06__CT3__duck_amount,CT3__duck_amount,False,2.21724271774292,-9.003117156680673e-05,-0.00019962095952636566
30297,43.5,0.0006481818854808807,6,lag_03__CT4__is_walking,CT4__is_walking,False,2.384641170501709,8.341158536495641e-05,0.00019890670055809287
30297,43.5,0.0006481818854808807,7,lag_11__CT1__is_walking,CT1__is_walking,False,-2.3343825340270996,-8.448235894320533e-05,0.00019721414315042665
30297,43.5,0.0006481818854808807,8,lag_15__T_shots_fired_sum,T_shots_fired_sum,False,-5.997896671295166,-3.053956606891006e-05,0.00018317316166751446
30297,43.5,0.0006481818854808807,9,lag_10__T_place_PALACEINTERIOR,T_place_PALACEINTERIOR,False,3.354367256164551,-4.873858779319562e-05,-0.00016348712300519666
30297,43.5,0.0006481818854808807,10,lag_00__kill_diff_last_3s,kill_diff_last_3s,False,2.4069459438323975,6.672720337519422e-05,0.0001606087715072032
30297,43.5,0.0006481818854808807,11,lag_14__CT_place_SNIPERSNEST,CT_place_SNIPERSNEST,False,-5.355666637420654,-2.6629049898474477e-05,0.00014261631412746962
30297,43.5,0.0006481818854808807,12,lag_10__T_place_TRAMP,T_place_TRAMP,False,-2.926727533340454,-4.669040936278179e-05,0.0001366501066249904
30297,43.5,0.0006481818854808807,13,lag_00__T_velocity_mean,T_velocity_mean,False,-0.5120816230773926,-0.0002619743172544986,0.00013415223358427542
30297,43.5,0.0006481818854808807,14,lag_12__T1__duck_amount,T1__duck_amount,False,3.915480136871338,-3.223987732781097e-05,-0.00012623459929221245
30297,43.5,0.0006481818854808807,15,lag_08__T_utility_damage_last_5s,T_utility_damage_last_5s,True,-1.2849445343017578,9.744329145178199e-05,-0.00012520922475534046
30297,43.5,0.0006481818854808807,16,lag_06__T_A_site_active_infernos,T_A_site_active_infernos,True,-2.9764554500579834,3.995728548034094e-05,-0.00011893108013748353
30297,43.5,0.0006481818854808807,17,lag_12__T_place_TRAMP,T_place_TRAMP,False,-2.926727294921875,-4.018013714812696e-05,0.00011759630410512756
30297,43.5,0.0006481818854808807,18,lag_10__T_kills_last_3s,T_kills_last_3s,False,-3.1681017875671387,-3.636920882854611e-05,0.00011522135550211948
30297,43.5,0.0006481818854808807,19,lag_07__T_place_PALACEINTERIOR,T_place_PALACEINTERIOR,False,-3.354367256164551,-3.395981548237614e-05,0.0001139136930794725
30297,43.5,0.0006481818854808807,20,lag_08__T_place_PALACEINTERIOR,T_place_PALACEINTERIOR,False,3.354367256164551,-3.364949952811003e-05,-0.00011287277940341678
28761,19.5,0.0006302669644355774,1,lag_01__CT_place_CATWALK,CT_place_CATWALK,False,3.98340106010437,7.330401422223076e-05,0.00029199928796273984
28761,19.5,0.0006302669644355774,2,lag_10__CT4__duck_amount,CT4__duck_amount,False,-3.6725916862487793,-7.632784399902448e-05,0.0002803210053001111
28761,19.5,0.0006302669644355774,3,lag_12__CT4__duck_amount,CT4__duck_amount,False,3.6725916862487793,-6.924681656528264e-05,-0.0002543152828168513
28761,19.5,0.0006302669644355774,4,lag_01__T1__is_walking,T1__is_walking,False,2.281590461730957,0.00010812062828335911,0.0002466869942076705
28761,19.5,0.0006302669644355774,5,lag_10__T5__flash_duration,T5__flash_duration,True,-3.9050376415252686,5.700040128431283e-05,-0.00022258871259728686
28761,19.5,0.0006302669644355774,6,lag_00__CT3__is_walking,CT3__is_walking,False,2.387126922607422,8.02017530077137e-05,0.00019145176384502416
28761,19.5,0.0006302669644355774,7,lag_11__CT5__is_walking,CT5__is_walking,False,2.396676540374756,7.773292600177228e-05,0.0001863006801631345
28761,19.5,0.0006302669644355774,8,lag_10__CT4__is_walking,CT4__is_walking,False,2.384641170501709,7.507375994464383e-05,0.00017902397878835977
28761,19.5,0.0006302669644355774,9,lag_04__CT1__duck_amount,CT1__duck_amount,False,-3.8154516220092773,-4.3072963308077306e-05,0.00016434280771854964
28761,19.5,0.0006302669644355774,10,lag_10__CT_place_CATWALK,CT_place_CATWALK,False,3.9834015369415283,-3.95925271732267e-05,-0.00015771293359323046
28761,19.5,0.0006302669644355774,11,lag_03__CT3__is_walking,CT3__is_walking,False,2.387126922607422,-6.468619540100917e-05,-0.0001544141585627934
28761,19.5,0.0006302669644355774,12,lag_13__CT3__is_walking,CT3__is_walking,False,-2.387126922607422,6.291138561209664e-05,-0.00015017746233317308
28761,19.5,0.0006302669644355774,13,lag_01__CT_macro_B,CT_macro_B,False,-1.2252663373947144,0.00011062548583140597,-0.00013554568384715766
28761,19.5,0.0006302669644355774,14,lag_01__CT_place_BOMBSITEB,CT_place_BOMBSITEB,False,-1.2252663373947144,0.00011062548583140597,-0.00013554568384715766
28761,19.5,0.0006302669644355774,15,lag_00__CT_walking_count,CT_walking_count,False,0.8974477052688599,0.00014486192958429456,0.0001300060062862443
28761,19.5,0.0006302669644355774,16,lag_01__CT_unique_places,CT_unique_places,False,-0.7992768883705139,0.0001535684714326635,-0.00012274372999851544
28761,19.5,0.0006302669644355774,17,lag_02__T_place_TOPOFMID,T_place_TOPOFMID,False,-2.0359649658203125,5.406169293564744e-05,-0.00011006771280991368
28761,19.5,0.0006302669644355774,18,lag_07__T4__smoke,T4__smoke,True,-2.174323081970215,4.794273991137743e-05,-0.0001042430060022026
28761,19.5,0.0006302669644355774,19,lag_01__T_walking_count,T_walking_count,False,0.7970898151397705,0.00013061748177278787,0.00010411386440029383
28761,19.5,0.0006302669644355774,20,lag_01__CT3__is_walking,CT3__is_walking,False,-2.387126922607422,-4.210085535305552e-05,0.00010050008527807963
30841,52.0,-0.0006032940000295639,1,lag_07__T_place_SCAFFOLDING,T_place_SCAFFOLDING,False,34.05547332763672,-2.2140877263154835e-05,-0.0007540180550858477
30841,52.0,-0.0006032940000295639,2,lag_01__T_place_SCAFFOLDING,T_place_SCAFFOLDING,False,-34.05547332763672,2.1488804122782312e-05,-0.000731811395646223
30841,52.0,-0.0006032940000295639,3,lag_00__CT1__is_walking,CT1__is_walking,False,2.3343825340270996,0.000178111920831725,0.00041578135709159636
30841,52.0,-0.0006032940000295639,4,lag_00__T1__is_walking,T1__is_walking,False,-2.281590461730957,0.00017556345846969634,-0.0004005639122729582
30841,52.0,-0.0006032940000295639,5,lag_01__CT_place_CTSPAWN,CT_place_CTSPAWN,False,1.0407919883728027,-0.0003604583616834134,-0.0003751621749820827
30841,52.0,-0.0006032940000295639,6,lag_15__T_place_PALACEINTERIOR,T_place_PALACEINTERIOR,False,3.35436749458313,-7.702130824327469e-05,-0.0002583577727615083
30841,52.0,-0.0006032940000295639,7,lag_01__CT_place_SNIPERSNEST,CT_place_SNIPERSNEST,False,-5.355666637420654,4.6198325435398147e-05,-0.0002474228302390639
30841,52.0,-0.0006032940000295639,8,lag_05__T3__duck_amount,T3__duck_amount,False,-3.7704498767852783,-6.397163815563545e-05,0.00024120185520166808
30841,52.0,-0.0006032940000295639,9,lag_02__T3__is_walking,T3__is_walking,False,2.3223767280578613,9.974709246307611e-05,0.00023165032622768367
30841,52.0,-0.0006032940000295639,10,lag_14__CT4__is_walking,CT4__is_walking,False,-2.384641170501709,-9.396510722581297e-05,0.00022407306328128124
30841,52.0,-0.0006032940000295639,11,lag_15__T5__duck_amount,T5__duck_amount,False,-3.7970333099365234,-4.756703128805384e-05,0.00018061360225553325
30841,52.0,-0.0006032940000295639,12,lag_01__T3__is_walking,T3__is_walking,False,-2.3223767280578613,6.758176459698007e-05,-0.00015695031734111117
30841,52.0,-0.0006032940000295639,13,lag_15__CT_place_STAIRS,CT_place_STAIRS,False,7.783008575439453,-1.890710336738266e-05,-0.0001471541476450594
30841,52.0,-0.0006032940000295639,14,lag_04__T3__is_walking,T3__is_walking,False,-2.3223767280578613,5.94046177866403e-05,-0.00013795990188686554
30841,52.0,-0.0006032940000295639,15,lag_00__CT_walking_count,CT_walking_count,False,0.8974475860595703,0.00014486192958429456,0.0001300059890173566
30841,52.0,-0.0006032940000295639,16,lag_08__CT_place_SNIPERSNEST,CT_place_SNIPERSNEST,False,5.355666637420654,-2.422168108751066e-05,-0.00012972324930262367
30841,52.0,-0.0006032940000295639,17,lag_12__T5__is_walking,T5__is_walking,False,2.3193888664245605,5.405097908806056e-05,0.0001253652391161944
30841,52.0,-0.0006032940000295639,18,lag_10__T_shots_fired_sum,T_shots_fired_sum,False,-4.498422145843506,-2.6268222427461296e-05,0.00011816555349963495
30841,52.0,-0.0006032940000295639,19,lag_06__T5__duck_amount,T5__duck_amount,False,3.7970333099365234,3.083229239564389e-05,0.00011707124124796242
30841,52.0,-0.0006032940000295639,20,lag_08__T_flashes_last_5s,T_flashes_last_5s,True,9.0607271194458,-1.2602417882590089e-05,-0.00011418706947937275
27897,6.0,0.0005892626941204071,1,lag_00__CT_place_SHOP,CT_place_SHOP,False,10.03160572052002,-0.00016559797222726047,-0.0016612135655015015
27897,6.0,0.0005892626941204071,2,lag_01__T_place_TSPAWN,T_place_TSPAWN,False,-0.9492050409317017,-0.00034275284269824624,0.0003253427260828459
27897,6.0,0.0005892626941204071,3,lag_02__CT3__duck_amount,CT3__duck_amount,False,-3.7208433151245117,8.071406773524359e-05,-0.00030032439936918814
27897,6.0,0.0005892626941204071,4,lag_01__T_place_PALACEALLEY,T_place_PALACEALLEY,False,3.4808406829833984,7.636902591912076e-05,0.00026582841233908916
27897,6.0,0.0005892626941204071,5,lag_05__T_place_PALACEALLEY,T_place_PALACEALLEY,False,3.4808404445648193,7.384469790849835e-05,0.00025704161109657217
27897,6.0,0.0005892626941204071,6,lag_12__CT_place_CTSPAWN,CT_place_CTSPAWN,False,4.78255033493042,4.6174624003469944e-05,0.0002208324634930814
27897,6.0,0.0005892626941204071,7,lag_02__CT_place_CTSPAWN,CT_place_CTSPAWN,False,-1.0407919883728027,-0.000150381718412973,0.00015651608772195708
27897,6.0,0.0005892626941204071,8,lag_01__T3__duck_amount,T3__duck_amount,False,-3.7704498767852783,3.662818198790774e-05,-0.00013810472426317548
27897,6.0,0.0005892626941204071,9,lag_12__smoke_inv_diff,smoke_inv_diff,True,-3.1856415271759033,-3.2935011404333636e-05,0.0001049191400276572
27897,6.0,0.0005892626941204071,10,lag_00__T_place_PALACEALLEY,T_place_PALACEALLEY,False,3.4808402061462402,2.82312830677256e-05,9.826858517323483e-05
27897,6.0,0.0005892626941204071,11,lag_00__T5__duck_amount,T5__duck_amount,False,-3.7970333099365234,-2.51025048783049e-05,9.531504718576778e-05
27897,6.0,0.0005892626941204071,12,lag_12__T_smoke_inv,T_smoke_inv,True,2.281003952026367,4.0017865103436634e-05,9.128090845259701e-05
27897,6.0,0.0005892626941204071,13,lag_11__CT_velocity_mean,CT_velocity_mean,False,3.494415283203125,2.5979819838539697e-05,9.078427949865686e-05
27897,6.0,0.0005892626941204071,14,lag_12__T5__smoke,T5__smoke,True,1.4999849796295166,5.929936742177233e-05,8.894816043419039e-05
27897,6.0,0.0005892626941204071,15,lag_12__utility_inv_diff,utility_inv_diff,True,-3.078141927719116,-2.4873852453310974e-05,7.656524814043551e-05
27897,6.0,0.0005892626941204071,16,lag_12__CT_closest_enemy_dist,CT_closest_enemy_dist,False,2.8209149837493896,2.3605147362104617e-05,6.65881138873733e-05
27897,6.0,0.0005892626941204071,17,lag_12__T2__utility_total,T2__utility_total,True,1.5908522605895996,4.091151276952587e-05,6.50841725735405e-05
27897,6.0,0.0005892626941204071,18,lag_12__T_velocity_mean,T_velocity_mean,False,-1.7359485626220703,3.7153811717871577e-05,-6.44971060475702e-05
27897,6.0,0.0005892626941204071,19,lag_12__T_molly_inv,T_molly_inv,True,2.267718553543091,2.753159606072586e-05,6.24339111955619e-05
27897,6.0,0.0005892626941204071,20,lag_12__molly_inv_diff,molly_inv_diff,True,-2.789611339569092,-2.2261301637627184e-05,6.210037948189279e-05
31033,55.0,-0.000578730832785368,1,lag_00__T_place_SCAFFOLDING,T_place_SCAFFOLDING,False,-34.05546951293945,3.3225685911020264e-05,-0.0011315163335892525
31033,55.0,-0.000578730832785368,2,lag_07__T_place_SCAFFOLDING,T_place_SCAFFOLDING,False,-34.05547332763672,-2.2140877263154835e-05,0.0007540180550858477
31033,55.0,-0.000578730832785368,3,lag_13__T_place_SCAFFOLDING,T_place_SCAFFOLDING,False,34.05547332763672,1.640833397686947e-05,0.0005587935801002336
31033,55.0,-0.000578730832785368,4,lag_12__T5__duck_amount,T5__duck_amount,False,3.7970333099365234,7.632454071426764e-05,0.0002898068234576806
31033,55.0,-0.000578730832785368,5,lag_07__CT_place_SNIPERSNEST,CT_place_SNIPERSNEST,False,-5.355666637420654,-5.2382343710632995e-05,0.00028054237060093877
31033,55.0,-0.000578730832785368,6,lag_04__T_flashes_last_5s,T_flashes_last_5s,True,-9.0607271194458,2.7368681912776083e-05,-0.000247980158430576
31033,55.0,-0.000578730832785368,7,lag_05__CT4__duck_amount,CT4__duck_amount,False,-1.7653321027755737,0.0001330674422206357,-0.000234908227586322
31033,55.0,-0.000578730832785368,8,lag_11__T3__is_walking,T3__is_walking,False,2.3223767280578613,-7.320667646126822e-05,-0.00017001348175211053
31033,55.0,-0.000578730832785368,9,lag_04__CT1__duck_amount,CT1__duck_amount,False,-3.8154516220092773,-4.3072963308077306e-05,0.00016434280771854964
31033,55.0,-0.000578730832785368,10,lag_14__T_flashes_last_5s,T_flashes_last_5s,True,9.0607271194458,-1.596868969500065e-05,-0.00014468793978150707
31033,55.0,-0.000578730832785368,11,lag_14__CT_place_SNIPERSNEST,CT_place_SNIPERSNEST,False,5.355666637420654,-2.6629049898474477e-05,-0.00014261631412746962
31033,55.0,-0.000578730832785368,12,lag_13__T_place_PALACEINTERIOR,T_place_PALACEINTERIOR,False,-3.35436749458313,-4.0921815525507554e-05,0.0001372668078180898
31033,55.0,-0.000578730832785368,13,lag_06__CT4__duck_amount,CT4__duck_amount,False,-1.9072595834732056,7.044002268230543e-05,-0.000134347408320897
31033,55.0,-0.000578730832785368,14,lag_11__T3__duck_amount,T3__duck_amount,False,-3.7704498767852783,3.194958480889909e-05,-0.00012046430810605437
31033,55.0,-0.000578730832785368,15,lag_11__T5__duck_amount,T5__duck_amount,False,-3.7970333099365234,3.0810359021415934e-05,-0.00011698795949541957
31033,55.0,-0.000578730832785368,16,lag_07__T_place_PALACEINTERIOR,T_place_PALACEINTERIOR,False,3.35436749458313,-3.395981548237614e-05,-0.00011391370117612345
31033,55.0,-0.000578730832785368,17,lag_10__T3__is_walking,T3__is_walking,False,-2.3223767280578613,-4.658521356759593e-05,0.00010818841586099012
31033,55.0,-0.000578730832785368,18,lag_05__CT1__is_walking,CT1__is_walking,False,-2.3343825340270996,-4.112259193789214e-05,9.599586037373903e-05
31033,55.0,-0.000578730832785368,19,lag_15__T_velocity_mean,T_velocity_mean,False,0.7791112661361694,0.00011172444646945223,8.704577494717761e-05
31033,55.0,-0.000578730832785368,20,lag_05__T_kills_last_3s,T_kills_last_3s,False,3.1681017875671387,2.658587800397072e-05,8.422676762842151e-05
29465,30.5,-0.0005762949585914612,1,lag_00__T1__is_walking,T1__is_walking,False,2.281590461730957,0.00017556345846969634,0.0004005639122729582
29465,30.5,-0.0005762949585914612,2,lag_00__CT3__duck_amount,CT3__duck_amount,False,-3.7208433151245117,0.000104247905255761,-0.00038789012138663176
29465,30.5,-0.0005762949585914612,3,lag_00__CT_place_UNDERPASS,CT_place_UNDERPASS,False,5.7987165451049805,-6.492344982689247e-05,-0.0003764726826764944
29465,30.5,-0.0005762949585914612,4,lag_00__T2__is_walking,T2__is_walking,False,-2.2968344688415527,0.00013422734627965838,-0.0003082979955962503
29465,30.5,-0.0005762949585914612,5,lag_01__T1__is_walking,T1__is_walking,False,-2.281590461730957,0.00010812062828335911,-0.0002466869942076705
29465,30.5,-0.0005762949585914612,6,lag_08__CT3__is_walking,CT3__is_walking,False,-2.387126922607422,9.99609474092722e-05,-0.00023861946877001827
29465,30.5,-0.0005762949585914612,7,lag_14__CT4__is_walking,CT4__is_walking,False,2.384641170501709,-9.396510722581297e-05,-0.00022407306328128124
29465,30.5,-0.0005762949585914612,8,lag_05__CT4__is_walking,CT4__is_walking,False,-2.384641170501709,-8.860762318363413e-05,0.00021129738626399566
29465,30.5,-0.0005762949585914612,9,lag_03__CT4__is_walking,CT4__is_walking,False,2.384641170501709,8.341158536495641e-05,0.00019890670055809287
29465,30.5,-0.0005762949585914612,10,lag_00__CT3__is_walking,CT3__is_walking,False,2.387126922607422,8.02017530077137e-05,0.00019145176384502416
29465,30.5,-0.0005762949585914612,11,lag_05__CT3__is_walking,CT3__is_walking,False,-2.387126922607422,7.686282333452255e-05,-0.00018348131492945674
29465,30.5,-0.0005762949585914612,12,lag_10__CT4__is_walking,CT4__is_walking,False,2.384641170501709,7.507375994464383e-05,0.00017902397878835977
29465,30.5,-0.0005762949585914612,13,lag_00__CT4__duck_amount,CT4__duck_amount,False,3.6725916862487793,-4.7265519242500886e-05,-0.00017358695301624046
29465,30.5,-0.0005762949585914612,14,lag_00__T_A_site_active_smokes,T_A_site_active_smokes,True,1.422539234161377,-0.00011641404125839472,-0.00016560354109734776
29465,30.5,-0.0005762949585914612,15,lag_01__CT1__is_walking,CT1__is_walking,False,2.3343825340270996,7.003614155109972e-05,0.0001634911455875368
29465,30.5,-0.0005762949585914612,16,lag_13__T1__is_walking,T1__is_walking,False,-2.281590461730957,6.272642349358648e-05,-0.00014311600954146353
29465,30.5,-0.0005762949585914612,17,lag_06__CT3__is_walking,CT3__is_walking,False,2.387126922607422,5.858462827745825e-05,0.00013984894341206866
29465,30.5,-0.0005762949585914612,18,lag_11__T5__duck_amount,T5__duck_amount,False,-3.7970333099365234,3.0810359021415934e-05,-0.00011698795949541957
29465,30.5,-0.0005762949585914612,19,lag_08__CT_walking_count,CT_walking_count,False,-1.7948952913284302,6.218955240910873e-05,-0.00011162373478893189
29465,30.5,-0.0005762949585914612,20,lag_00__T_velocity_mean,T_velocity_mean,False,0.421109676361084,-0.0002619743172544986,-0.00011031991995395785
31097,56.0,-0.0005566210020333529,1,lag_02__T_place_SCAFFOLDING,T_place_SCAFFOLDING,False,-34.05546951293945,4.1062539821723476e-05,-0.001398404073022566
31097,56.0,-0.0005566210020333529,2,lag_00__T_place_SCAFFOLDING,T_place_SCAFFOLDING,False,34.05546951293945,3.3225685911020264e-05,0.0011315163335892525
31097,56.0,-0.0005566210020333529,3,lag_15__T_place_SCAFFOLDING,T_place_SCAFFOLDING,False,34.05547332763672,-3.272376852692105e-05,-0.0011144234262483177
31097,56.0,-0.0005566210020333529,4,lag_09__T_place_SCAFFOLDING,T_place_SCAFFOLDING,False,-34.05547332763672,-2.9454546165652573e-05,0.0010030885113220256
31097,56.0,-0.0005566210020333529,5,lag_15__T_place_PALACEINTERIOR,T_place_PALACEINTERIOR,False,-3.35436749458313,-7.702130824327469e-05,0.0002583577727615083
31097,56.0,-0.0005566210020333529,6,lag_06__T_flashes_last_5s,T_flashes_last_5s,True,-9.0607271194458,2.542801303206943e-05,-0.00023039628727329273
31097,56.0,-0.0005566210020333529,7,lag_12__T3__is_walking,T3__is_walking,False,-2.3223767280578613,-9.42826081882231e-05,0.00021895973511692687
31097,56.0,-0.0005566210020333529,8,lag_09__T_place_PALACEINTERIOR,T_place_PALACEINTERIOR,False,3.35436749458313,-5.408781362348236e-05,-0.0001814304038716798
31097,56.0,-0.0005566210020333529,9,lag_06__CT1__duck_amount,CT1__duck_amount,False,-3.8154516220092773,4.4019383494742215e-05,-0.0001679538281548626
31097,56.0,-0.0005566210020333529,10,lag_09__CT4__duck_amount,CT4__duck_amount,False,3.6725916862487793,3.688943979796022e-05,0.00013547984991236356
31097,56.0,-0.0005566210020333529,11,lag_07__CT1__duck_amount,CT1__duck_amount,False,3.8154516220092773,3.494480552035384e-05,0.0001333302149034328
31097,56.0,-0.0005566210020333529,12,lag_15__T_velocity_mean,T_velocity_mean,False,-1.166649580001831,0.00011172444646945223,-0.0001303432785495235
31097,56.0,-0.0005566210020333529,13,lag_06__CT_duck_amount_mean,CT_duck_amount_mean,False,-2.994267225265503,-4.122664904571138e-05,0.00012344360404509692
31097,56.0,-0.0005566210020333529,14,lag_07__CT1__is_walking,CT1__is_walking,False,-2.3343825340270996,-4.918853301205672e-05,0.00011482485233776062
31097,56.0,-0.0005566210020333529,15,lag_10__T3__is_walking,T3__is_walking,False,2.3223767280578613,-4.658521356759593e-05,-0.00010818841586099012
31097,56.0,-0.0005566210020333529,16,lag_14__T5__duck_amount,T5__duck_amount,False,3.7970333099365234,2.7711857910617255e-05,0.00010522284756684167
31097,56.0,-0.0005566210020333529,17,lag_01__T_A_site_active_smokes,T_A_site_active_smokes,True,-1.422539234161377,-7.276274118339643e-05,0.00010350785411851124
31097,56.0,-0.0005566210020333529,18,lag_10__T1__is_walking,T1__is_walking,False,2.281590461730957,-4.1338877053931355e-05,-9.43183875849185e-05
31097,56.0,-0.0005566210020333529,19,lag_00__T_velocity_mean,T_velocity_mean,False,0.3410278856754303,-0.0002619743172544986,-8.934054751456606e-05
31097,56.0,-0.0005566210020333529,20,lag_08__CT1__is_walking,CT1__is_walking,False,2.3343825340270996,-3.6352885217638686e-05,-8.486154031354769e-05
28569,16.5,0.0005463883280754089,1,lag_15__CT_place_LADDER,CT_place_LADDER,False,10.398283004760742,-5.8330875617684796e-05,-0.0006065409525881846
28569,16.5,0.0005463883280754089,2,lag_12__T_place_SIDEALLEY,T_place_SIDEALLEY,False,-3.1883161067962646,0.0001614806824363768,-0.0005148514607483529
28569,16.5,0.0005463883280754089,3,lag_01__T2__is_walking,T2__is_walking,False,2.2968344688415527,0.00016886730736587197,0.00038786025221839576
28569,16.5,0.0005463883280754089,4,lag_06__CT4__duck_amount,CT4__duck_amount,False,3.6725916862487793,7.044002268230543e-05,0.00025869744168221034
28569,16.5,0.0005463883280754089,5,lag_01__T1__is_walking,T1__is_walking,False,2.281590461730957,0.00010812062828335911,0.0002466869942076705
28569,16.5,0.0005463883280754089,6,lag_15__T1__duck_amount,T1__duck_amount,False,-3.915480136871338,5.358115959097631e-05,-0.00020979596608900093
28569,16.5,0.0005463883280754089,7,lag_01__T_walking_count,T_walking_count,False,1.594179630279541,0.00013061748177278787,0.00020822772880058765
28569,16.5,0.0005463883280754089,8,lag_11__CT1__is_walking,CT1__is_walking,False,2.3343825340270996,-8.448235894320533e-05,-0.00019721414315042665
28569,16.5,0.0005463883280754089,9,lag_05__CT3__is_walking,CT3__is_walking,False,2.387126922607422,7.686282333452255e-05,0.00018348131492945674
28569,16.5,0.0005463883280754089,10,lag_14__CT_place_PALACEINTERIOR,CT_place_PALACEINTERIOR,False,4.075206756591797,-4.240398993715644e-05,-0.00017280502629835048
28569,16.5,0.0005463883280754089,11,lag_00__T_velocity_mean,T_velocity_mean,False,0.6528628468513489,-0.0002619743172544986,-0.0001710332985647104
28569,16.5,0.0005463883280754089,12,lag_09__CT3__is_walking,CT3__is_walking,False,2.387126922607422,6.949738599359989e-05,0.00016589908115616225
28569,16.5,0.0005463883280754089,13,lag_01__T4__smoke,T4__smoke,True,-2.174323081970215,-7.346211350522935e-05,0.00015973036904473603
28569,16.5,0.0005463883280754089,14,lag_06__CT4__is_walking,CT4__is_walking,False,-2.384641170501709,-6.56308329780586e-05,0.00015650598637379984
28569,16.5,0.0005463883280754089,15,lag_01__smoke_inv_diff,smoke_inv_diff,True,0.6405714750289917,0.0002078296965919435,0.00013312977530072906
28569,16.5,0.0005463883280754089,16,lag_04__T5__flash_duration,T5__flash_duration,True,-3.9050376415252686,3.248934444854967e-05,-0.0001268721130200665
28569,16.5,0.0005463883280754089,17,lag_15__T_A_site_active_infernos,T_A_site_active_infernos,True,2.9764554500579834,-3.732579716597684e-05,-0.00011109857240243059
28569,16.5,0.0005463883280754089,18,lag_00__T_walking_count,T_walking_count,False,0.7970899343490601,0.00013727178156841546,0.0001094179553583468
28569,16.5,0.0005463883280754089,19,lag_10__T3__is_walking,T3__is_walking,False,2.3223767280578613,-4.658521356759593e-05,-0.00010818841586099012
28569,16.5,0.0005463883280754089,20,lag_15__T_place_TRAMP,T_place_TRAMP,False,2.926727294921875,-3.674442268675193e-05,-0.00010754090481346346
29369,29.0,-0.0005441531538963318,1,lag_00__T1__is_walking,T1__is_walking,False,-2.281590461730957,0.00017556345846969634,-0.0004005639122729582
29369,29.0,-0.0005441531538963318,2,lag_00__CT3__duck_amount,CT3__duck_amount,False,2.6223158836364746,0.000104247905255761,0.0002733709377880124
29369,29.0,-0.0005441531538963318,3,lag_13__T_utility_damage_last_5s,T_utility_damage_last_5s,True,-5.139776706695557,-4.8787442210596055e-05,0.0002507565590532772
29369,29.0,-0.0005441531538963318,4,lag_05__CT3__is_walking,CT3__is_walking,False,-2.387126922607422,7.686282333452255e-05,-0.00018348131492945674
29369,29.0,-0.0005441531538963318,5,lag_10__CT4__is_walking,CT4__is_walking,False,-2.384641170501709,7.507375994464383e-05,-0.00017902397878835977
29369,29.0,-0.0005441531538963318,6,lag_01__CT1__is_walking,CT1__is_walking,False,2.3343825340270996,7.003614155109972e-05,0.0001634911455875368
29369,29.0,-0.0005441531538963318,7,lag_03__CT3__is_walking,CT3__is_walking,False,2.387126922607422,-6.468619540100917e-05,-0.0001544141585627934
29369,29.0,-0.0005441531538963318,8,lag_15__CT4__is_walking,CT4__is_walking,False,-2.384641170501709,-5.640882227453403e-05,0.0001345147999753677
29369,29.0,-0.0005441531538963318,9,lag_00__CT_walking_count,CT_walking_count,False,0.8974477052688599,0.00014486192958429456,0.0001300060062862443
29369,29.0,-0.0005441531538963318,10,lag_02__CT4__is_walking,CT4__is_walking,False,-2.384641170501709,-4.8728685214882717e-05,0.00011620042894782724
29369,29.0,-0.0005441531538963318,11,lag_04__T1__is_walking,T1__is_walking,False,2.281590461730957,5.045337456976995e-05,0.00011511393818052634
29369,29.0,-0.0005441531538963318,12,lag_00__T_walking_count,T_walking_count,False,-0.7970898151397705,0.00013727178156841546,-0.00010941793899427524
29369,29.0,-0.0005441531538963318,13,lag_13__utility_damage_diff_last_5s,utility_damage_diff_last_5s,True,3.250260591506958,3.197266414645128e-05,0.00010391949028069804
29369,29.0,-0.0005441531538963318,14,lag_07__CT4__is_walking,CT4__is_walking,False,2.384641170501709,4.0804181480780244e-05,9.730333108769196e-05
29369,29.0,-0.0005441531538963318,15,lag_05__CT1__is_walking,CT1__is_walking,False,-2.3343825340270996,-4.112259193789214e-05,9.599586037373903e-05
29369,29.0,-0.0005441531538963318,16,lag_10__T1__is_walking,T1__is_walking,False,-2.281590461730957,-4.1338877053931355e-05,9.43183875849185e-05
29369,29.0,-0.0005441531538963318,17,lag_07__T1__is_walking,T1__is_walking,False,-2.281590461730957,3.9909999031806365e-05,-9.105827311866113e-05
29369,29.0,-0.0005441531538963318,18,lag_09__T1__is_walking,T1__is_walking,False,2.281590461730957,-3.4707802115008235e-05,-7.918899025324833e-05
29369,29.0,-0.0005441531538963318,19,lag_13__T_velocity_mean,T_velocity_mean,False,-1.2247951030731201,6.38014535070397e-05,-7.814370782436957e-05
29369,29.0,-0.0005441531538963318,20,lag_15__CT3__is_walking,CT3__is_walking,False,-2.387126922607422,2.9873146559111774e-05,-7.131099241425298e-05
29529,31.5,-0.0005320720374584198,1,lag_02__CT_place_UNDERPASS,CT_place_UNDERPASS,False,5.7987165451049805,-0.0001060709691955708,-0.0006150754840296771
29529,31.5,-0.0005320720374584198,2,lag_13__T_place_SIDEALLEY,T_place_SIDEALLEY,False,-3.1883161067962646,0.00016220295219682157,-0.0005171542850590308
29529,31.5,-0.0005320720374584198,3,lag_00__T1__is_walking,T1__is_walking,False,2.281590461730957,0.00017556345846969634,0.0004005639122729582
29529,31.5,-0.0005320720374584198,4,lag_00__CT3__duck_amount,CT3__duck_amount,False,3.7208433151245117,0.000104247905255761,0.00038789012138663176
29529,31.5,-0.0005320720374584198,5,lag_02__CT3__duck_amount,CT3__duck_amount,False,-3.7208433151245117,8.071406773524359e-05,-0.00030032439936918814
29529,31.5,-0.0005320720374584198,6,lag_01__T1__is_walking,T1__is_walking,False,-2.281590461730957,0.00010812062828335911,-0.0002466869942076705
29529,31.5,-0.0005320720374584198,7,lag_08__CT3__is_walking,CT3__is_walking,False,2.387126922607422,9.99609474092722e-05,0.00023861946877001827
29529,31.5,-0.0005320720374584198,8,lag_05__CT4__is_walking,CT4__is_walking,False,2.384641170501709,-8.860762318363413e-05,-0.00021129738626399566
29529,31.5,-0.0005320720374584198,9,lag_02__CT_place_CATWALK,CT_place_CATWALK,False,-3.98340106010437,4.755643749376759e-05,-0.00018943636352746103
29529,31.5,-0.0005320720374584198,10,lag_00__CT5__is_walking,CT5__is_walking,False,-2.396676540374756,7.740574073977768e-05,-0.00018551652292135568
29529,31.5,-0.0005320720374584198,11,lag_00__T5__molly,T5__molly,True,-2.2125473022460938,7.160303357522935e-05,-0.00015842509876951016
29529,31.5,-0.0005320720374584198,12,lag_02__CT4__duck_amount,CT4__duck_amount,False,3.6725916862487793,4.293299571145326e-05,0.00015767536311563773
29529,31.5,-0.0005320720374584198,13,lag_09__T2__is_walking,T2__is_walking,False,2.2968344688415527,5.880818571313284e-05,0.00013507266799595886
29529,31.5,-0.0005320720374584198,14,lag_15__CT4__is_walking,CT4__is_walking,False,-2.384641170501709,-5.640882227453403e-05,0.0001345147999753677
29529,31.5,-0.0005320720374584198,15,lag_01__T2__molly,T2__molly,True,-2.228090286254883,-5.928373138885945e-05,0.00013208950604046144
29529,31.5,-0.0005320720374584198,16,lag_04__T5__smoke,T5__smoke,True,-2.166658401489258,5.66144117328804e-05,-0.00012266409082641733
29529,31.5,-0.0005320720374584198,17,lag_02__CT4__is_walking,CT4__is_walking,False,-2.384641170501709,-4.8728685214882717e-05,0.00011620042894782724
29529,31.5,-0.0005320720374584198,18,lag_04__T1__is_walking,T1__is_walking,False,2.281590461730957,5.045337456976995e-05,0.00011511393818052634
29529,31.5,-0.0005320720374584198,19,lag_07__CT1__is_walking,CT1__is_walking,False,-2.3343825340270996,-4.918853301205672e-05,0.00011482485233776062
29529,31.5,-0.0005320720374584198,20,lag_01__molly_inv_diff,molly_inv_diff,True,0.6072261333465576,0.00018397292296867818,0.00011171316665473455
30649,49.0,0.0004949253052473068,1,lag_04__T_place_SCAFFOLDING,T_place_SCAFFOLDING,False,34.05546951293945,2.37419535551453e-05,0.0008085433754748753
30649,49.0,0.0004949253052473068,2,lag_01__T_place_SCAFFOLDING,T_place_SCAFFOLDING,False,34.05547332763672,2.1488804122782312e-05,0.000731811395646223
30649,49.0,0.0004949253052473068,3,lag_09__CT_place_STAIRS,CT_place_STAIRS,False,7.783008575439453,-6.791505438741297e-05,-0.000528583450698672
30649,49.0,0.0004949253052473068,4,lag_14__CT4__is_walking,CT4__is_walking,False,2.384641170501709,-9.396510722581297e-05,-0.00022407306328128124
30649,49.0,0.0004949253052473068,5,lag_00__T_velocity_mean,T_velocity_mean,False,-0.8181466460227966,-0.0002619743172544986,0.0002143334090058801
30649,49.0,0.0004949253052473068,6,lag_09__CT3__duck_amount,CT3__duck_amount,False,3.7208433151245117,5.562072328757495e-05,0.0002069559964269635
30649,49.0,0.0004949253052473068,7,lag_10__T5__duck_amount,T5__duck_amount,False,3.7970333099365234,5.22597401868552e-05,0.00019843197425811754
30649,49.0,0.0004949253052473068,8,lag_09__T_place_PALACEINTERIOR,T_place_PALACEINTERIOR,False,3.35436749458313,-5.408781362348236e-05,-0.0001814304038716798
30649,49.0,0.0004949253052473068,9,lag_02__CT_place_CTSPAWN,CT_place_CTSPAWN,False,-1.0407919883728027,-0.000150381718412973,0.00015651608772195708
30649,49.0,0.0004949253052473068,10,lag_13__T_place_PALACEINTERIOR,T_place_PALACEINTERIOR,False,-3.35436749458313,-4.0921815525507554e-05,0.0001372668078180898
30649,49.0,0.0004949253052473068,11,lag_08__CT4__is_walking,CT4__is_walking,False,-2.384641170501709,5.53576392121613e-05,-0.00013200810556709963
30649,49.0,0.0004949253052473068,12,lag_09__T5__duck_amount,T5__duck_amount,False,-3.7970333099365234,3.4578559279907495e-05,-0.00013129594139542344
30649,49.0,0.0004949253052473068,13,lag_11__T_kills_last_3s,T_kills_last_3s,False,-3.1681017875671387,-3.891903179464862e-05,0.0001232994541990086
30649,49.0,0.0004949253052473068,14,lag_02__T3__duck_amount,T3__duck_amount,False,-3.7704498767852783,3.2685482437955216e-05,-0.00012323897323085562
30649,49.0,0.0004949253052473068,15,lag_02__T_flashes_last_5s,T_flashes_last_5s,True,9.0607271194458,1.2672301636484917e-05,0.00011482026710349629
30649,49.0,0.0004949253052473068,16,lag_09__CT_place_JUNGLE,CT_place_JUNGLE,False,-6.415591716766357,-1.7642107195570134e-05,0.0001131845567902039
30649,49.0,0.0004949253052473068,17,lag_08__T_utility_damage_last_5s,T_utility_damage_last_5s,True,-1.1421726942062378,9.744329145178199e-05,-0.0001112970667298055
30649,49.0,0.0004949253052473068,18,lag_00__T5__duck_amount,T5__duck_amount,False,3.7970333099365234,-2.51025048783049e-05,-9.531504718576778e-05
30649,49.0,0.0004949253052473068,19,lag_01__T_unique_places,T_unique_places,False,-0.8783379793167114,0.00010503230441827327,-9.225386202572385e-05
30649,49.0,0.0004949253052473068,20,lag_15__CT_duck_amount_mean,CT_duck_amount_mean,False,-1.996178150177002,-4.609776442521252e-05,9.201935011761593e-05
27673,2.5,0.000494144856929779,1,lag_01__T_place_TSPAWN,T_place_TSPAWN,False,-0.9492053985595703,-0.00034275284269824624,0.00032534284866081453
27673,2.5,0.000494144856929779,2,lag_05__CT_place_CTSPAWN,CT_place_CTSPAWN,False,4.78255033493042,-3.600823038141243e-05,-0.00017221117427087575
27673,2.5,0.000494144856929779,3,lag_05__T_place_TSPAWN,T_place_TSPAWN,False,4.428390979766846,-3.7607402191497386e-05,-0.00016654028063729093
27673,2.5,0.000494144856929779,4,lag_05__T4__smoke,T4__smoke,True,1.5136826038360596,9.290978050557896e-05,0.00014063591847752153
27673,2.5,0.000494144856929779,5,lag_05__T_velocity_mean,T_velocity_mean,False,-1.7359485626220703,7.12866458343342e-05,-0.00012374995037026104
27673,2.5,0.000494144856929779,6,lag_05__molly_inv_diff,molly_inv_diff,True,-2.789611339569092,-3.770029798033647e-05,0.00010516917875108035
27673,2.5,0.000494144856929779,7,lag_05__T_molly_inv,T_molly_inv,True,2.267718553543091,4.535543484962545e-05,0.00010285336111251053
27673,2.5,0.000494144856929779,8,lag_05__smoke_inv_diff,smoke_inv_diff,True,-3.1856415271759033,-2.9430271752062254e-05,9.375429584944145e-05
27673,2.5,0.000494144856929779,9,lag_01__T_unique_places,T_unique_places,False,0.8783379793167114,0.00010503230441827327,9.225386202572385e-05
27673,2.5,0.000494144856929779,10,lag_05__T_smoke_inv,T_smoke_inv,True,2.281003952026367,3.890077641699463e-05,8.873282474405886e-05
27673,2.5,0.000494144856929779,11,lag_05__T5__smoke,T5__smoke,True,1.4999849796295166,5.6740267609711736e-05,8.510954915472678e-05
27673,2.5,0.000494144856929779,12,lag_02__T2__smoke,T2__smoke,True,-2.196101427078247,-3.7776047975057736e-05,8.296003286740062e-05
27673,2.5,0.000494144856929779,13,lag_05__T2__molly,T2__molly,True,1.6050609350204468,4.930351133225486e-05,7.913513999874017e-05
27673,2.5,0.000494144856929779,14,lag_05__T5__molly,T5__molly,True,1.579392433166504,4.876146704191342e-05,7.701349207609592e-05
27673,2.5,0.000494144856929779,15,lag_05__utility_inv_diff,utility_inv_diff,True,-3.078141927719116,-2.411638888588641e-05,7.423366777482626e-05
27673,2.5,0.000494144856929779,16,lag_05__T5__utility_total,T5__utility_total,True,1.5134170055389404,4.397849625092931e-05,6.655780410418696e-05
27673,2.5,0.000494144856929779,17,lag_01__T2__utility_total,T2__utility_total,True,0.8202637434005737,-7.890545384725556e-05,-6.472328294747105e-05
27673,2.5,0.000494144856929779,18,lag_05__T4__utility_total,T4__utility_total,True,1.4362598657608032,4.289989738026634e-05,6.161540085253357e-05
27673,2.5,0.000494144856929779,19,lag_05__T_utility_inv,T_utility_inv,True,1.9612067937850952,3.088153971475549e-05,6.05650854911227e-05
27673,2.5,0.000494144856929779,20,lag_05__CT_spread_xy,CT_spread_xy,False,-1.6141477823257446,3.63683830073569e-05,-5.870394477809843e-05
28345,13.0,-0.0004920139908790588,1,lag_13__T_place_SIDEALLEY,T_place_SIDEALLEY,False,-3.1883161067962646,0.00016220295219682157,-0.0005171542850590308
28345,13.0,-0.0004920139908790588,2,lag_00__CT_walking_count,CT_walking_count,False,-1.7948952913284302,0.00014486192958429456,-0.0002600119953036009
28345,13.0,-0.0004920139908790588,3,lag_08__CT3__is_walking,CT3__is_walking,False,2.387126922607422,9.99609474092722e-05,0.00023861946877001827
28345,13.0,-0.0004920139908790588,4,lag_12__T3__is_walking,T3__is_walking,False,2.3223767280578613,-9.42826081882231e-05,-0.00021895973511692687
28345,13.0,-0.0004920139908790588,5,lag_14__T_place_PALACEINTERIOR,T_place_PALACEINTERIOR,False,3.35436749458313,-6.371627387125045e-05,-0.00021372779794967892
28345,13.0,-0.0004920139908790588,6,lag_05__CT4__is_walking,CT4__is_walking,False,2.384641170501709,-8.860762318363413e-05,-0.00021129738626399566
28345,13.0,-0.0004920139908790588,7,lag_00__CT3__is_walking,CT3__is_walking,False,-2.387126922607422,8.02017530077137e-05,-0.00019145176384502416
28345,13.0,-0.0004920139908790588,8,lag_03__T3__is_walking,T3__is_walking,False,2.3223767280578613,8.213894034270197e-05,0.00019075756351922407
28345,13.0,-0.0004920139908790588,9,lag_00__CT5__is_walking,CT5__is_walking,False,-2.396676540374756,7.740574073977768e-05,-0.00018551652292135568
28345,13.0,-0.0004920139908790588,10,lag_05__CT3__is_walking,CT3__is_walking,False,-2.387126922607422,7.686282333452255e-05,-0.00018348131492945674
28345,13.0,-0.0004920139908790588,11,lag_15__T5__duck_amount,T5__duck_amount,False,3.7970333099365234,-4.756703128805384e-05,-0.00018061360225553325
28345,13.0,-0.0004920139908790588,12,lag_08__T_place_PALACEALLEY,T_place_PALACEALLEY,False,-3.4808402061462402,-5.153307574801147e-05,0.00017937840201005806
28345,13.0,-0.0004920139908790588,13,lag_08__CT_walking_count,CT_walking_count,False,2.692342758178711,6.218955240910873e-05,0.0001674355910630393
28345,13.0,-0.0004920139908790588,14,lag_05__T_place_SIDEALLEY,T_place_SIDEALLEY,False,-3.1883161067962646,-4.2412852053530514e-05,0.00013522557933743837
28345,13.0,-0.0004920139908790588,15,lag_09__T2__is_walking,T2__is_walking,False,2.2968344688415527,5.880818571313284e-05,0.00013507266799595886
28345,13.0,-0.0004920139908790588,16,lag_00__T_velocity_mean,T_velocity_mean,False,-0.5082138776779175,-0.0002619743172544986,0.0001331389836239337
28345,13.0,-0.0004920139908790588,17,lag_08__CT_place_SNIPERSNEST,CT_place_SNIPERSNEST,False,-5.355666637420654,-2.422168108751066e-05,0.00012972324930262367
28345,13.0,-0.0004920139908790588,18,lag_04__T5__flash_duration,T5__flash_duration,True,3.9050376415252686,3.248934444854967e-05,0.0001268721130200665
28345,13.0,-0.0004920139908790588,19,lag_13__CT_place_SNIPERSNEST,CT_place_SNIPERSNEST,False,5.355666637420654,2.367589513596613e-05,0.00012680020169076375
28345,13.0,-0.0004920139908790588,20,lag_08__T_place_TRAMP,T_place_TRAMP,False,2.926727294921875,-3.852414738503285e-05,-0.00011274967366536881
30489,46.5,-0.00046682730317115784,1,lag_15__CT_place_CATWALK,CT_place_CATWALK,False,-3.9834015369415283,-0.0001075980908353813,0.00042860640040563204
30489,46.5,-0.00046682730317115784,2,lag_04__CT_place_STAIRS,CT_place_STAIRS,False,7.783008575439453,-5.22503032698296e-05,-0.0004066645584183959
30489,46.5,-0.00046682730317115784,3,lag_00__T_shots_fired_sum,T_shots_fired_sum,False,3.748685359954834,-8.412567694904283e-05,-0.0003153606935751667
30489,46.5,-0.00046682730317115784,4,lag_04__T5__duck_amount,T5__duck_amount,False,-3.7970333099365234,-6.774971552658826e-05,0.0002572479265931793
30489,46.5,-0.00046682730317115784,5,lag_14__T_place_PALACEINTERIOR,T_place_PALACEINTERIOR,False,3.354367256164551,-6.371627387125045e-05,-0.00021372778275853543
30489,46.5,-0.00046682730317115784,6,lag_11__T_place_PALACEINTERIOR,T_place_PALACEINTERIOR,False,-6.708734512329102,-3.1671388569520786e-05,0.00021247493754972951
30489,46.5,-0.00046682730317115784,7,lag_03__CT4__is_walking,CT4__is_walking,False,-2.384641170501709,8.341158536495641e-05,-0.00019890670055809287
30489,46.5,-0.00046682730317115784,8,lag_00__T_velocity_mean,T_velocity_mean,False,0.7252058386802673,-0.0002619743172544986,-0.0001899853044572391
30489,46.5,-0.00046682730317115784,9,lag_04__T_place_PALACEINTERIOR,T_place_PALACEINTERIOR,False,3.35436749458313,5.167870767763816e-05,0.00017334937719593307
30489,46.5,-0.00046682730317115784,10,lag_12__T_shots_fired_sum,T_shots_fired_sum,False,6.747633457183838,-2.406948624411598e-05,-0.00016241207067802313
30489,46.5,-0.00046682730317115784,11,lag_00__CT_velocity_mean,CT_velocity_mean,False,1.1126514673233032,-0.00013975588080938905,-0.0001554995858496274
30489,46.5,-0.00046682730317115784,12,lag_12__CT3__duck_amount,CT3__duck_amount,False,2.21724271774292,-6.315005157375708e-05,-0.0001400189919770027
30489,46.5,-0.00046682730317115784,13,lag_13__T_place_PALACEINTERIOR,T_place_PALACEINTERIOR,False,-3.354367256164551,-4.0921815525507554e-05,0.0001372667980615687
30489,46.5,-0.00046682730317115784,14,lag_11__T_shots_fired_sum,T_shots_fired_sum,False,-6.747633457183838,-2.0276029317756183e-05,0.000136815213803332
30489,46.5,-0.00046682730317115784,15,lag_11__CT_place_CONNECTOR,CT_place_CONNECTOR,False,3.575894594192505,-3.80740784748923e-05,-0.0001361488913972286
30489,46.5,-0.00046682730317115784,16,lag_04__CT_place_JUNGLE,CT_place_JUNGLE,False,-6.415591716766357,-2.1116784409969114e-05,0.0001354766671453388
30489,46.5,-0.00046682730317115784,17,lag_01__T5__is_walking,T5__is_walking,False,2.3193888664245605,5.816976408823393e-05,0.000134918303188793
30489,46.5,-0.00046682730317115784,18,lag_15__CT4__is_walking,CT4__is_walking,False,-2.384641170501709,-5.640882227453403e-05,0.0001345147999753677
30489,46.5,-0.00046682730317115784,19,lag_03__T5__duck_amount,T5__duck_amount,False,3.7970333099365234,3.3187483495566994e-05,0.00012601398030563649
30489,46.5,-0.00046682730317115784,20,lag_08__T_place_PALACEINTERIOR,T_place_PALACEINTERIOR,False,-3.35436749458313,-3.364949952811003e-05,0.00011287278742608264
31065,55.5,-0.00045631779357790947,1,lag_01__T_place_SCAFFOLDING,T_place_SCAFFOLDING,False,-34.05546951293945,2.1488804122782312e-05,-0.0007318113136729407
31065,55.5,-0.00045631779357790947,2,lag_08__T_place_SCAFFOLDING,T_place_SCAFFOLDING,False,-34.05547332763672,-1.922503361129202e-05,0.0006547176193722748
31065,55.5,-0.00045631779357790947,3,lag_12__T5__duck_amount,T5__duck_amount,False,-3.7970333099365234,7.632454071426764e-05,-0.0002898068234576806
31065,55.5,-0.00045631779357790947,4,lag_15__T_flashes_last_5s,T_flashes_last_5s,True,9.0607271194458,-3.094719068030827e-05,-0.00028040404986772946
31065,55.5,-0.00045631779357790947,5,lag_00__T_kills_last_3s,T_kills_last_3s,False,-3.1681017875671387,-8.844123658491299e-05,0.00028019083971931105
31065,55.5,-0.00045631779357790947,6,lag_05__T3__duck_amount,T3__duck_amount,False,3.7704498767852783,-6.397163815563545e-05,-0.00024120185520166808
31065,55.5,-0.00045631779357790947,7,lag_12__T3__is_walking,T3__is_walking,False,2.3223767280578613,-9.42826081882231e-05,-0.00021895973511692687
31065,55.5,-0.00045631779357790947,8,lag_14__T_place_PALACEINTERIOR,T_place_PALACEINTERIOR,False,-3.35436749458313,-6.371627387125045e-05,0.00021372779794967892
31065,55.5,-0.00045631779357790947,9,lag_05__T_flashes_last_5s,T_flashes_last_5s,True,-9.0607271194458,2.2418324078898877e-05,-0.00020312631695420386
31065,55.5,-0.00045631779357790947,10,lag_11__T3__is_walking,T3__is_walking,False,-2.3223767280578613,-7.320667646126822e-05,0.00017001348175211053
31065,55.5,-0.00045631779357790947,11,lag_14__T_place_SCAFFOLDING,T_place_SCAFFOLDING,False,34.05547332763672,4.990170054952614e-06,0.0001699426032068102
31065,55.5,-0.00045631779357790947,12,lag_06__CT1__duck_amount,CT1__duck_amount,False,3.8154516220092773,4.4019383494742215e-05,0.0001679538281548626
31065,55.5,-0.00045631779357790947,13,lag_00__T_A_site_active_smokes,T_A_site_active_smokes,True,-1.422539234161377,-0.00011641404125839472,0.00016560354109734776
31065,55.5,-0.00045631779357790947,14,lag_00__kill_diff_last_3s,kill_diff_last_3s,False,2.4069459438323975,6.672720337519422e-05,0.0001606087715072032
31065,55.5,-0.00045631779357790947,15,lag_08__CT_place_SNIPERSNEST,CT_place_SNIPERSNEST,False,-5.355666637420654,-2.422168108751066e-05,0.00012972324930262367
31065,55.5,-0.00045631779357790947,16,lag_06__CT4__duck_amount,CT4__duck_amount,False,-1.7653321027755737,7.044002268230543e-05,-0.00012435003336131335
31065,55.5,-0.00045631779357790947,17,lag_07__CT1__is_walking,CT1__is_walking,False,2.3343825340270996,-4.918853301205672e-05,-0.00011482485233776062
31065,55.5,-0.00045631779357790947,18,lag_08__T_place_PALACEINTERIOR,T_place_PALACEINTERIOR,False,3.35436749458313,-3.364949952811003e-05,-0.00011287278742608264
31065,55.5,-0.00045631779357790947,19,lag_01__T_unique_places,T_unique_places,False,-0.8783379793167114,0.00010503230441827327,-9.225386202572385e-05
31065,55.5,-0.00045631779357790947,20,lag_07__T1__is_walking,T1__is_walking,False,-2.281590461730957,3.9909999031806365e-05,-9.105827311866113e-05
28889,21.5,-0.00044990330934524536,1,lag_08__T_utility_damage_last_5s,T_utility_damage_last_5s,True,5.139776706695557,9.744329145178199e-05,0.0005008367596276153
28889,21.5,-0.00044990330934524536,2,lag_14__CT_place_CATWALK,CT_place_CATWALK,False,3.9834015369415283,-0.00011756701132981107,-0.0004683166136247915
28889,21.5,-0.00044990330934524536,3,lag_14__T5__flash_duration,T5__flash_duration,True,-3.9050376415252686,-0.00010270844359183684,0.0004010803383285976
28889,21.5,-0.00044990330934524536,4,lag_08__CT1__duck_amount,CT1__duck_amount,False,-3.8154516220092773,9.374789078719914e-05,-0.00035769054196396755
28889,21.5,-0.00044990330934524536,5,lag_01__CT1__duck_amount,CT1__duck_amount,False,-3.8154516220092773,-7.9115285188891e-05,0.0003018605431996807
28889,21.5,-0.00044990330934524536,6,lag_05__CT_place_CATWALK,CT_place_CATWALK,False,3.98340106010437,-7.333500252570957e-05,-0.00029212272680366816
28889,21.5,-0.00044990330934524536,7,lag_09__CT1__duck_amount,CT1__duck_amount,False,3.8154516220092773,7.201453991001472e-05,0.0002747679931079175
28889,21.5,-0.00044990330934524536,8,lag_00__CT_walking_count,CT_walking_count,False,-1.7948952913284302,0.00014486192958429456,-0.0002600119953036009
28889,21.5,-0.00044990330934524536,9,lag_01__T1__is_walking,T1__is_walking,False,2.281590461730957,0.00010812062828335911,0.0002466869942076705
28889,21.5,-0.00044990330934524536,10,lag_14__CT4__is_walking,CT4__is_walking,False,2.384641170501709,-9.396510722581297e-05,-0.00022407306328128124
28889,21.5,-0.00044990330934524536,11,lag_03__CT4__is_walking,CT4__is_walking,False,-2.384641170501709,8.341158536495641e-05,-0.00019890670055809287
28889,21.5,-0.00044990330934524536,12,lag_08__utility_damage_diff_last_5s,utility_damage_diff_last_5s,True,-3.250260591506958,-6.104163912823424e-05,0.00019840123409948889
28889,21.5,-0.00044990330934524536,13,lag_00__CT3__is_walking,CT3__is_walking,False,-2.387126922607422,8.02017530077137e-05,-0.00019145176384502416
28889,21.5,-0.00044990330934524536,14,lag_05__CT3__is_walking,CT3__is_walking,False,-2.387126922607422,7.686282333452255e-05,-0.00018348131492945674
28889,21.5,-0.00044990330934524536,15,lag_06__CT1__duck_amount,CT1__duck_amount,False,3.8154516220092773,4.4019383494742215e-05,0.0001679538281548626
28889,21.5,-0.00044990330934524536,16,lag_01__CT1__is_walking,CT1__is_walking,False,2.3343825340270996,7.003614155109972e-05,0.0001634911455875368
28889,21.5,-0.00044990330934524536,17,lag_11__T1__is_walking,T1__is_walking,False,2.281590461730957,6.811051571276039e-05,0.00015540030299381058
28889,21.5,-0.00044990330934524536,18,lag_03__CT3__is_walking,CT3__is_walking,False,-2.387126922607422,-6.468619540100917e-05,0.0001544141585627934
28889,21.5,-0.00044990330934524536,19,lag_09__T2__is_walking,T2__is_walking,False,-2.2968344688415527,5.880818571313284e-05,-0.00013507266799595886
28889,21.5,-0.00044990330934524536,20,lag_10__T4__is_walking,T4__is_walking,False,2.307980537414551,4.9343329010298476e-05,0.00011388344300701167
28313,12.5,0.0004385709762573242,1,lag_13__CT_place_SHOP,CT_place_SHOP,False,10.03160572052002,-5.8660651120590046e-05,-0.0005884605233507402
28313,12.5,0.0004385709762573242,2,lag_12__T_place_SIDEALLEY,T_place_SIDEALLEY,False,-3.1883161067962646,0.0001614806824363768,-0.0005148514607483529
28313,12.5,0.0004385709762573242,3,lag_07__CT_place_LADDER,CT_place_LADDER,False,10.398283004760742,4.3180229113204405e-05,0.0004490002425295084
28313,12.5,0.0004385709762573242,4,lag_07__CT_place_SNIPERSNEST,CT_place_SNIPERSNEST,False,-5.355666637420654,-5.2382343710632995e-05,0.00028054237060093877
28313,12.5,0.0004385709762573242,5,lag_02__T3__is_walking,T3__is_walking,False,2.3223767280578613,9.974709246307611e-05,0.00023165032622768367
28313,12.5,0.0004385709762573242,6,lag_09__CT3__duck_amount,CT3__duck_amount,False,3.7208433151245117,5.562072328757495e-05,0.0002069559964269635
28313,12.5,0.0004385709762573242,7,lag_11__T3__is_walking,T3__is_walking,False,2.3223767280578613,-7.320667646126822e-05,-0.00017001348175211053
28313,12.5,0.0004385709762573242,8,lag_04__T_place_SIDEALLEY,T_place_SIDEALLEY,False,-3.1883161067962646,-5.090148260933347e-05,0.00016229001686314786
28313,12.5,0.0004385709762573242,9,lag_13__T_place_PALACEINTERIOR,T_place_PALACEINTERIOR,False,3.35436749458313,-4.0921815525507554e-05,-0.0001372668078180898
28313,12.5,0.0004385709762573242,10,lag_08__CT_place_SHOP,CT_place_SHOP,False,-5.015803337097168,2.5833653126028366e-05,-0.00012957652355894377
28313,12.5,0.0004385709762573242,11,lag_03__T5__is_walking,T5__is_walking,False,-2.3193888664245605,-5.3614228818332776e-05,0.00012435224540317986
28313,12.5,0.0004385709762573242,12,lag_07__T_place_TRAMP,T_place_TRAMP,False,2.926727294921875,-3.8193098589545116e-05,-0.00011178078411966386
28313,12.5,0.0004385709762573242,13,lag_09__CT_place_SHOP,CT_place_SHOP,False,-5.01580286026001,-2.158076131308917e-05,0.00010824484432078122
28313,12.5,0.0004385709762573242,14,lag_04__T_place_TOPOFMID,T_place_TOPOFMID,False,2.0359649658203125,5.2884592150803655e-05,0.00010767117685073213
28313,12.5,0.0004385709762573242,15,lag_14__T5__duck_amount,T5__duck_amount,False,3.7970333099365234,2.7711857910617255e-05,0.00010522284756684167
28313,12.5,0.0004385709762573242,16,lag_01__CT3__is_walking,CT3__is_walking,False,2.387126922607422,-4.210085535305552e-05,-0.00010050008527807963
28313,12.5,0.0004385709762573242,17,lag_07__CT3__is_walking,CT3__is_walking,False,2.387126922607422,-4.144991544308141e-05,-9.894620909398077e-05
28313,12.5,0.0004385709762573242,18,lag_13__CT_place_CTSPAWN,CT_place_CTSPAWN,False,-2.0815834999084473,4.623301720130257e-05,-9.623788575721486e-05
28313,12.5,0.0004385709762573242,19,lag_07__T1__is_walking,T1__is_walking,False,2.281590461730957,3.9909999031806365e-05,9.105827311866113e-05
28313,12.5,0.0004385709762573242,20,lag_04__CT3__is_walking,CT3__is_walking,False,-2.387126922607422,-3.512450712150894e-05,8.384665659307011e-05
29945,38.0,-0.0004137512296438217,1,lag_11__CT_place_LADDER,CT_place_LADDER,False,-10.398283004760742,8.007736323634163e-05,-0.0008326670852065038
29945,38.0,-0.0004137512296438217,2,lag_01__T1__duck_amount,T1__duck_amount,False,3.915480136871338,0.000136607835884206,0.0005348852679455882
29945,38.0,-0.0004137512296438217,3,lag_03__CT_place_SNIPERSNEST,CT_place_SNIPERSNEST,False,-5.355666637420654,9.207031689584255e-05,-0.0004930979244958111
29945,38.0,-0.0004137512296438217,4,lag_15__CT_place_CATWALK,CT_place_CATWALK,False,-3.98340106010437,-0.0001075980908353813,0.0004286063490988642
29945,38.0,-0.0004137512296438217,5,lag_00__CT1__is_walking,CT1__is_walking,False,-2.3343825340270996,0.000178111920831725,-0.00041578135709159636
29945,38.0,-0.0004137512296438217,6,lag_07__T_utility_damage_last_5s,T_utility_damage_last_5s,True,2.427117109298706,0.00012211095599923283,0.00029637759053855947
29945,38.0,-0.0004137512296438217,7,lag_01__T_place_TRAMP,T_place_TRAMP,False,-2.926727294921875,-9.896144911181182e-05,0.0002896331742605618
29945,38.0,-0.0004137512296438217,8,lag_00__CT_walking_count,CT_walking_count,False,-1.7948952913284302,0.00014486192958429456,-0.0002600119953036009
29945,38.0,-0.0004137512296438217,9,lag_11__CT_place_SNIPERSNEST,CT_place_SNIPERSNEST,False,5.355666637420654,-4.7663208533776924e-05,-0.0002552682557767725
29945,38.0,-0.0004137512296438217,10,lag_12__CT3__duck_amount,CT3__duck_amount,False,-3.7208433151245117,-6.315005157375708e-05,0.0002349714472479822
29945,38.0,-0.0004137512296438217,11,lag_00__T_velocity_mean,T_velocity_mean,False,-0.7631001472473145,-0.0002619743172544986,0.00019991264007192255
29945,38.0,-0.0004137512296438217,12,lag_04__T_place_PALACEALLEY,T_place_PALACEALLEY,False,-3.4808404445648193,4.9905011110240594e-05,-0.00017371138105898212
29945,38.0,-0.0004137512296438217,13,lag_11__T1__is_walking,T1__is_walking,False,2.281590461730957,6.811051571276039e-05,0.00015540030299381058
29945,38.0,-0.0004137512296438217,14,lag_00__CT_velocity_mean,CT_velocity_mean,False,1.0638947486877441,-0.00013975588080938905,-0.0001486855476913393
29945,38.0,-0.0004137512296438217,15,lag_15__CT_place_UNDERPASS,CT_place_UNDERPASS,False,5.7987165451049805,-2.485872209945228e-05,-0.00014414868312826075
29945,38.0,-0.0004137512296438217,16,lag_13__T1__is_walking,T1__is_walking,False,2.281590461730957,6.272642349358648e-05,0.00014311600954146353
29945,38.0,-0.0004137512296438217,17,lag_06__T_place_PALACEALLEY,T_place_PALACEALLEY,False,-3.4808406829833984,3.975813524448313e-05,-0.00013839173463855298
29945,38.0,-0.0004137512296438217,18,lag_03__T_place_TRAMP,T_place_TRAMP,False,-2.926727294921875,-4.6917859435779974e-05,0.0001373157798300051
29945,38.0,-0.0004137512296438217,19,lag_15__CT4__is_walking,CT4__is_walking,False,-2.384641170501709,-5.640882227453403e-05,0.0001345147999753677
29945,38.0,-0.0004137512296438217,20,lag_06__T_place_TRAMP,T_place_TRAMP,False,2.926727294921875,-4.5196604332886636e-05,-0.0001322781355388436
29017,23.5,0.0003882944583892822,1,lag_02__T_utility_damage_last_5s,T_utility_damage_last_5s,True,-5.139776706695557,-0.00017302355263382196,0.0008893024255370308
29017,23.5,0.0003882944583892822,2,lag_12__T_utility_damage_last_5s,T_utility_damage_last_5s,True,5.139776706695557,-9.685773693490773e-05,-0.0004978271401612847
29017,23.5,0.0003882944583892822,3,lag_05__CT4__duck_amount,CT4__duck_amount,False,-3.6725916862487793,0.0001330674422206357,-0.0004887023820098965
29017,23.5,0.0003882944583892822,4,lag_09__CT_place_CATWALK,CT_place_CATWALK,False,3.98340106010437,-0.00011844136315630749,-0.00047179945155704194
29017,23.5,0.0003882944583892822,5,lag_02__utility_damage_diff_last_5s,utility_damage_diff_last_5s,True,3.250260591506958,0.00011453499610070139,0.00037226858417451283
29017,23.5,0.0003882944583892822,6,lag_00__CT_walking_count,CT_walking_count,False,1.7948952913284302,0.00014486192958429456,0.0002600119953036009
29017,23.5,0.0003882944583892822,7,lag_08__CT3__is_walking,CT3__is_walking,False,2.387126922607422,9.99609474092722e-05,0.00023861946877001827
29017,23.5,0.0003882944583892822,8,lag_13__CT1__duck_amount,CT1__duck_amount,False,3.8154516220092773,-5.8879235439235345e-05,-0.00022465087435929662
29017,23.5,0.0003882944583892822,9,lag_05__T4__is_walking,T4__is_walking,False,-2.307980537414551,-9.220055653713644e-05,0.00021279709002650082
29017,23.5,0.0003882944583892822,10,lag_05__CT4__is_walking,CT4__is_walking,False,2.384641170501709,-8.860762318363413e-05,-0.00021129738626399566
29017,23.5,0.0003882944583892822,11,lag_10__CT1__duck_amount,CT1__duck_amount,False,3.8154516220092773,5.4548039770452306e-05,0.00020812540681959882
29017,23.5,0.0003882944583892822,12,lag_12__utility_damage_diff_last_5s,utility_damage_diff_last_5s,True,-3.250260591506958,6.213995948201045e-05,-0.0002019710614622177
29017,23.5,0.0003882944583892822,13,lag_00__CT3__is_walking,CT3__is_walking,False,2.387126922607422,8.02017530077137e-05,0.00019145176384502416
29017,23.5,0.0003882944583892822,14,lag_09__CT3__is_walking,CT3__is_walking,False,-2.387126922607422,6.949738599359989e-05,-0.00016589908115616225
29017,23.5,0.0003882944583892822,15,lag_03__CT3__is_walking,CT3__is_walking,False,2.387126922607422,-6.468619540100917e-05,-0.0001544141585627934
29017,23.5,0.0003882944583892822,16,lag_06__CT3__is_walking,CT3__is_walking,False,2.387126922607422,5.858462827745825e-05,0.00013984894341206866
29017,23.5,0.0003882944583892822,17,lag_15__T_A_site_active_infernos,T_A_site_active_infernos,True,-2.9764554500579834,-3.732579716597684e-05,0.00011109857240243059
29017,23.5,0.0003882944583892822,18,lag_12__CT1__duck_amount,CT1__duck_amount,False,-3.8154516220092773,-2.6515479476074688e-05,0.00010116852917534287
29017,23.5,0.0003882944583892822,19,lag_01__CT3__is_walking,CT3__is_walking,False,-2.387126922607422,-4.210085535305552e-05,0.00010050008527807963
29017,23.5,0.0003882944583892822,20,lag_12__T5__duck_amount,T5__duck_amount,False,1.312434196472168,7.632454071426764e-05,0.00010017093726343712
30425,45.5,0.00038356101140379906,1,lag_01__CT3__duck_amount,CT3__duck_amount,False,-3.7208433151245117,0.00015734080807305872,-0.0005854404939149294
30425,45.5,0.00038356101140379906,2,lag_13__CT_place_CATWALK,CT_place_CATWALK,False,-3.9834015369415283,-0.00012044419418089092,0.00047977758821584476
30425,45.5,0.00038356101140379906,3,lag_09__T_place_PALACEINTERIOR,T_place_PALACEINTERIOR,False,-6.708734512329102,-5.408781362348236e-05,0.0003628607819522803
30425,45.5,0.00038356101140379906,4,lag_14__CT_place_JUNGLE,CT_place_JUNGLE,False,6.415591716766357,4.862285277340561e-05,0.00031194437149861115
30425,45.5,0.00038356101140379906,5,lag_02__CT3__duck_amount,CT3__duck_amount,False,3.7208433151245117,8.071406773524359e-05,0.00030032439936918814
30425,45.5,0.00038356101140379906,6,lag_11__CT_place_UNDERPASS,CT_place_UNDERPASS,False,-5.7987165451049805,-3.910825034836307e-05,0.00022677765834516056
30425,45.5,0.00038356101140379906,7,lag_14__T_place_PALACEINTERIOR,T_place_PALACEINTERIOR,False,3.354367256164551,-6.371627387125045e-05,-0.00021372778275853543
30425,45.5,0.00038356101140379906,8,lag_15__T1__duck_amount,T1__duck_amount,False,-3.915480136871338,5.358115959097631e-05,-0.00020979596608900093
30425,45.5,0.00038356101140379906,9,lag_09__T_shots_fired_sum,T_shots_fired_sum,False,-6.747633457183838,3.0193288694135845e-05,-0.00020373324497496154
30425,45.5,0.00038356101140379906,10,lag_02__T_utility_damage_last_5s,T_utility_damage_last_5s,True,-1.1421725749969482,-0.00017302355263382196,0.00019762275664689244
30425,45.5,0.00038356101140379906,11,lag_10__T_shots_fired_sum,T_shots_fired_sum,False,6.747633457183838,-2.6268222427461296e-05,-0.0001772483365122847
30425,45.5,0.00038356101140379906,12,lag_00__T_damage_last_5s,T_damage_last_5s,False,-2.3978044986724854,-7.203687709989026e-05,0.0001727303479804338
30425,45.5,0.00038356101140379906,13,lag_02__CT_place_STAIRS,CT_place_STAIRS,False,7.783008575439453,-2.1950876543996856e-05,-0.00017084386038034027
30425,45.5,0.00038356101140379906,14,lag_01__T_utility_damage_last_5s,T_utility_damage_last_5s,True,-1.1421726942062378,-0.00014269865641836077,0.00016298650886096937
30425,45.5,0.00038356101140379906,15,lag_02__CT_place_CTSPAWN,CT_place_CTSPAWN,False,1.0407919883728027,-0.000150381718412973,-0.00015651608772195708
30425,45.5,0.00038356101140379906,16,lag_00__damage_diff_last_5s,damage_diff_last_5s,False,2.25597882270813,6.834787200205028e-05,0.00015419135181379134
30425,45.5,0.00038356101140379906,17,lag_03__T5__duck_amount,T5__duck_amount,False,3.7970333099365234,3.3187483495566994e-05,0.00012601398030563649
30425,45.5,0.00038356101140379906,18,lag_12__T_utility_damage_last_5s,T_utility_damage_last_5s,True,-1.2849445343017578,-9.685773693490773e-05,0.00012445681967934719
30425,45.5,0.00038356101140379906,19,lag_01__T_duck_amount_mean,T_duck_amount_mean,False,2.2173829078674316,5.475177022162825e-05,0.0001214056394649235
30425,45.5,0.00038356101140379906,20,lag_12__T_place_TRAMP,T_place_TRAMP,False,-2.926727294921875,-4.018013714812696e-05,0.00011759630410512756
31193,57.5,-0.0003581367200240493,1,lag_03__T_place_SCAFFOLDING,T_place_SCAFFOLDING,False,34.05546951293945,3.95409733755514e-05,0.0013465864133030414
31193,57.5,-0.0003581367200240493,2,lag_05__T_place_SCAFFOLDING,T_place_SCAFFOLDING,False,-34.05546951293945,2.4746092094574124e-05,-0.0008427397848911611
31193,57.5,-0.0003581367200240493,3,lag_01__T3__has_bomb,T3__has_bomb,False,-3.15621280670166,-0.0001867056271294132,0.0005892826914291188
31193,57.5,-0.0003581367200240493,4,lag_12__T_place_SCAFFOLDING,T_place_SCAFFOLDING,False,-34.05547332763672,1.329323640675284e-05,-0.0004527074578881407
31193,57.5,-0.0003581367200240493,5,lag_00__CT_place_STAIRS,CT_place_STAIRS,False,-7.783008575439453,-4.0507267840439454e-05,0.00031526841296976305
31193,57.5,-0.0003581367200240493,6,lag_08__T_bomb_zone_count,T_bomb_zone_count,False,5.821373462677002,-5.0319209549343213e-05,-0.00029292691113342977
31193,57.5,-0.0003581367200240493,7,lag_09__CT1__duck_amount,CT1__duck_amount,False,-3.8154516220092773,7.201453991001472e-05,-0.0002747679931079175
31193,57.5,-0.0003581367200240493,8,lag_12__CT4__duck_amount,CT4__duck_amount,False,3.6725916862487793,-6.924681656528264e-05,-0.0002543152828168513
31193,57.5,-0.0003581367200240493,9,lag_12__T3__is_walking,T3__is_walking,False,-2.3223767280578613,-9.42826081882231e-05,0.00021895973511692687
31193,57.5,-0.0003581367200240493,10,lag_01__T_bomb_zone_count,T_bomb_zone_count,False,-5.821373462677002,3.713584737852216e-05,-0.0002161816364433522
31193,57.5,-0.0003581367200240493,11,lag_10__CT1__duck_amount,CT1__duck_amount,False,3.8154516220092773,5.4548039770452306e-05,0.00020812540681959882
31193,57.5,-0.0003581367200240493,12,lag_11__CT1__is_walking,CT1__is_walking,False,2.3343825340270996,-8.448235894320533e-05,-0.00019721414315042665
31193,57.5,-0.0003581367200240493,13,lag_00__T_damage_last_5s,T_damage_last_5s,False,-2.3978044986724854,-7.203687709989026e-05,0.0001727303479804338
31193,57.5,-0.0003581367200240493,14,lag_11__T1__is_walking,T1__is_walking,False,-2.281590461730957,6.811051571276039e-05,-0.00015540030299381058
31193,57.5,-0.0003581367200240493,15,lag_00__damage_diff_last_5s,damage_diff_last_5s,False,2.255979061126709,6.834787200205028e-05,0.00015419136810919387
31193,57.5,-0.0003581367200240493,16,lag_11__CT4__duck_amount,CT4__duck_amount,False,-1.9072595834732056,-8.07443429948762e-05,0.00015400042198822524
31193,57.5,-0.0003581367200240493,17,lag_01__T_duck_amount_mean,T_duck_amount_mean,False,-2.798992872238159,5.475177022162825e-05,-0.00015324981459275897
31193,57.5,-0.0003581367200240493,18,lag_13__T1__is_walking,T1__is_walking,False,2.281590461730957,6.272642349358648e-05,0.00014311600954146353
31193,57.5,-0.0003581367200240493,19,lag_01__T3__duck_amount,T3__duck_amount,False,-3.7704498767852783,3.662818198790774e-05,-0.00013810472426317548
31193,57.5,-0.0003581367200240493,20,lag_10__CT4__duck_amount,CT4__duck_amount,False,-1.7653321027755737,-7.632784399902448e-05,0.00013474399334712384
30585,48.0,-0.000356446485966444,1,lag_02__T_place_SCAFFOLDING,T_place_SCAFFOLDING,False,34.05546951293945,4.1062539821723476e-05,0.001398404073022566
30585,48.0,-0.000356446485966444,2,lag_07__CT_place_STAIRS,CT_place_STAIRS,False,7.783008575439453,-9.453714301344007e-05,-0.0007357833947711501
30585,48.0,-0.000356446485966444,3,lag_14__T_place_PALACEINTERIOR,T_place_PALACEINTERIOR,False,-6.708734512329102,-6.371627387125045e-05,0.00042745556551707087
30585,48.0,-0.000356446485966444,4,lag_00__CT_place_SNIPERSNEST,CT_place_SNIPERSNEST,False,5.355666637420654,-7.149525481509045e-05,-0.0003829047509470683
30585,48.0,-0.000356446485966444,5,lag_06__CT3__duck_amount,CT3__duck_amount,False,-3.7208433151245117,-9.003117156680673e-05,0.00033499188287718085
30585,48.0,-0.000356446485966444,6,lag_14__T_shots_fired_sum,T_shots_fired_sum,False,-6.747633457183838,-4.8504214646527544e-05,0.0003272886615633356
30585,48.0,-0.000356446485966444,7,lag_02__T1__duck_amount,T1__duck_amount,False,-2.7287509441375732,9.069255611393601e-05,-0.0002474773981221527
30585,48.0,-0.000356446485966444,8,lag_15__T_shots_fired_sum,T_shots_fired_sum,False,6.747633457183838,-3.053956606891006e-05,-0.00020606979777445383
30585,48.0,-0.000356446485966444,9,lag_00__T_flashes_last_5s,T_flashes_last_5s,True,9.0607271194458,-2.2731535864295438e-05,-0.00020596424347227651
30585,48.0,-0.000356446485966444,10,lag_11__CT1__is_walking,CT1__is_walking,False,2.3343825340270996,-8.448235894320533e-05,-0.00019721414315042665
30585,48.0,-0.000356446485966444,11,lag_01__CT1__is_walking,CT1__is_walking,False,-2.3343825340270996,7.003614155109972e-05,-0.0001634911455875368
30585,48.0,-0.000356446485966444,12,lag_06__CT4__is_walking,CT4__is_walking,False,-2.384641170501709,-6.56308329780586e-05,0.00015650598637379984
30585,48.0,-0.000356446485966444,13,lag_02__T_shots_fired_sum,T_shots_fired_sum,False,-4.498422145843506,-3.405941242817789e-05,0.00015321361514133297
30585,48.0,-0.000356446485966444,14,lag_03__T1__duck_amount,T1__duck_amount,False,2.7287509441375732,5.463721026899293e-05,0.00014909133910655757
30585,48.0,-0.000356446485966444,15,lag_07__T_utility_damage_last_5s,T_utility_damage_last_5s,True,-1.1421725749969482,0.00012211095599923283,-0.0001394717850489828
30585,48.0,-0.000356446485966444,16,lag_01__T3__duck_amount,T3__duck_amount,False,3.7704498767852783,3.662818198790774e-05,0.00013810472426317548
30585,48.0,-0.000356446485966444,17,lag_03__T5__is_walking,T5__is_walking,False,-2.3193888664245605,-5.3614228818332776e-05,0.00012435224540317986
30585,48.0,-0.000356446485966444,18,lag_06__T_utility_damage_last_5s,T_utility_damage_last_5s,True,-1.1421726942062378,0.00010778720024973154,-0.00012311159691018314
30585,48.0,-0.000356446485966444,19,lag_06__T5__duck_amount,T5__duck_amount,False,3.7970333099365234,3.083229239564389e-05,0.00011707124124796242
30585,48.0,-0.000356446485966444,20,lag_07__CT_place_JUNGLE,CT_place_JUNGLE,False,-6.415591716766357,-1.7858374121715315e-05,0.00011457203709019145
30201,42.0,0.0003257822245359421,1,lag_01__CT3__duck_amount,CT3__duck_amount,False,-3.7208433151245117,0.00015734080807305872,-0.0005854404939149294
30201,42.0,0.0003257822245359421,2,lag_04__CT_place_UNDERPASS,CT_place_UNDERPASS,False,-5.7987165451049805,-9.6086849225685e-05,0.0005571804023719873
30201,42.0,0.0003257822245359421,3,lag_06__CT_place_CATWALK,CT_place_CATWALK,False,-3.9834015369415283,-8.342065120814368e-05,0.0003322979502351827
30201,42.0,0.0003257822245359421,4,lag_00__T_velocity_mean,T_velocity_mean,False,1.1621983051300049,-0.0002619743172544986,-0.00030446610750076847
30201,42.0,0.0003257822245359421,5,lag_11__CT_place_SNIPERSNEST,CT_place_SNIPERSNEST,False,-5.355666637420654,-4.7663208533776924e-05,0.0002552682557767725
30201,42.0,0.0003257822245359421,6,lag_02__T_shots_fired_sum,T_shots_fired_sum,False,-6.747633457183838,-3.405941242817789e-05,0.00022982043083239617
30201,42.0,0.0003257822245359421,7,lag_02__T_place_PALACEINTERIOR,T_place_PALACEINTERIOR,False,-6.708734512329102,3.0346815037773922e-05,-0.00020358872538318168
30201,42.0,0.0003257822245359421,8,lag_11__CT1__is_walking,CT1__is_walking,False,2.3343825340270996,-8.448235894320533e-05,-0.00019721414315042665
30201,42.0,0.0003257822245359421,9,lag_10__CT4__is_walking,CT4__is_walking,False,2.384641170501709,7.507375994464383e-05,0.00017902397878835977
30201,42.0,0.0003257822245359421,10,lag_04__T_place_PALACEINTERIOR,T_place_PALACEINTERIOR,False,-3.354367256164551,5.167870767763816e-05,-0.000173349364874769
30201,42.0,0.0003257822245359421,11,lag_06__CT4__is_walking,CT4__is_walking,False,-2.384641170501709,-6.56308329780586e-05,0.00015650598637379984
30201,42.0,0.0003257822245359421,12,lag_12__T2__shots_fired,T2__shots_fired,False,-4.706932067871094,-3.202780499123037e-05,0.0001507527023767441
30201,42.0,0.0003257822245359421,13,lag_13__T2__duck_amount,T2__duck_amount,False,-3.8233180046081543,-3.925034252461046e-05,0.00015006654126138025
30201,42.0,0.0003257822245359421,14,lag_12__T_shots_fired_sum,T_shots_fired_sum,False,-5.997896671295166,-2.406948624411598e-05,0.00014436629142336802
30201,42.0,0.0003257822245359421,15,lag_09__T_place_TRAMP,T_place_TRAMP,False,-2.926727294921875,-4.841360350837931e-05,0.00014169341483349918
30201,42.0,0.0003257822245359421,16,lag_11__T_place_TRAMP,T_place_TRAMP,False,-2.926727294921875,-4.4678083213511854e-05,0.00013076056562577598
30201,42.0,0.0003257822245359421,17,lag_00__CT_walking_count,CT_walking_count,False,0.8974475860595703,0.00014486192958429456,0.0001300059890173566
30201,42.0,0.0003257822245359421,18,lag_02__CT3__duck_amount,CT3__duck_amount,False,1.5036007165908813,8.071406773524359e-05,0.0001213617300856772
30201,42.0,0.0003257822245359421,19,lag_12__T_place_TRAMP,T_place_TRAMP,False,2.926727294921875,-4.018013714812696e-05,-0.00011759630410512756
30201,42.0,0.0003257822245359421,20,lag_15__T_utility_damage_last_5s,T_utility_damage_last_5s,True,2.427117109298706,-4.806706419913098e-05,-0.00011666439391147011
30169,41.5,0.00025481823831796646,1,lag_03__CT_place_UNDERPASS,CT_place_UNDERPASS,False,-5.7987165451049805,-9.747624426381662e-05,0.0005652371103672879
30169,41.5,0.00025481823831796646,2,lag_00__CT3__duck_amount,CT3__duck_amount,False,-3.7208433151245117,0.000104247905255761,-0.00038789012138663176
30169,41.5,0.00025481823831796646,3,lag_05__CT_place_CATWALK,CT_place_CATWALK,False,-3.9834015369415283,-7.333500252570957e-05,0.00029212276177252236
30169,41.5,0.00025481823831796646,4,lag_01__T_shots_fired_sum,T_shots_fired_sum,False,-6.747633457183838,-3.885216938215308e-05,0.00026216019800718963
30169,41.5,0.00025481823831796646,5,lag_01__CT3__duck_amount,CT3__duck_amount,False,1.5036007165908813,0.00015734080807305872,0.00023657775176763943
30169,41.5,0.00025481823831796646,6,lag_02__T_shots_fired_sum,T_shots_fired_sum,False,6.747633457183838,-3.405941242817789e-05,-0.00022982043083239617
30169,41.5,0.00025481823831796646,7,lag_05__CT4__is_walking,CT4__is_walking,False,-2.384641170501709,-8.860762318363413e-05,0.00021129738626399566
30169,41.5,0.00025481823831796646,8,lag_02__CT3__duck_amount,CT3__duck_amount,False,2.21724271774292,8.071406773524359e-05,0.00017896267890537762
30169,41.5,0.00025481823831796646,9,lag_04__T_place_PALACEINTERIOR,T_place_PALACEINTERIOR,False,3.354367256164551,5.167870767763816e-05,0.000173349364874769
30169,41.5,0.00025481823831796646,10,lag_01__T_place_PALACEINTERIOR,T_place_PALACEINTERIOR,False,-6.708734512329102,2.5389401344000362e-05,-0.0001703307530438701
30169,41.5,0.00025481823831796646,11,lag_06__CT_place_JUNGLE,CT_place_JUNGLE,False,6.415591716766357,-2.6253592295688577e-05,-0.0001684323292675807
30169,41.5,0.00025481823831796646,12,lag_10__T_place_PALACEINTERIOR,T_place_PALACEINTERIOR,False,3.35436749458313,-4.873858779319562e-05,-0.0001634871346253815
30169,41.5,0.00025481823831796646,13,lag_13__T_place_TRAMP,T_place_TRAMP,False,2.926727294921875,-5.440889435703866e-05,-0.00015923999620126583
30169,41.5,0.00025481823831796646,14,lag_13__T2__duck_amount,T2__duck_amount,False,3.8233180046081543,-3.925034252461046e-05,-0.00015006654126138025
30169,41.5,0.00025481823831796646,15,lag_10__T_place_TRAMP,T_place_TRAMP,False,-2.926727294921875,-4.669040936278179e-05,0.00013665009549312934
30169,41.5,0.00025481823831796646,16,lag_15__CT4__is_walking,CT4__is_walking,False,-2.384641170501709,-5.640882227453403e-05,0.0001345147999753677
30169,41.5,0.00025481823831796646,17,lag_06__T_place_TRAMP,T_place_TRAMP,False,-2.926727533340454,-4.5196604332886636e-05,0.00013227814631455379
30169,41.5,0.00025481823831796646,18,lag_11__T_place_TRAMP,T_place_TRAMP,False,2.926727294921875,-4.4678083213511854e-05,-0.00013076056562577598
30169,41.5,0.00025481823831796646,19,lag_15__T4__is_walking,T4__is_walking,False,-2.307980537414551,-5.663993215421215e-05,0.00013072386105240225
30169,41.5,0.00025481823831796646,20,lag_01__T2__utility_total,T2__utility_total,True,-1.6405274868011475,-7.890545384725556e-05,0.0001294465658949421
30905,53.0,0.0002525392919778824,1,lag_03__T_place_SCAFFOLDING,T_place_SCAFFOLDING,False,-34.05547332763672,3.95409733755514e-05,-0.0013465865641398844
30905,53.0,0.0002525392919778824,2,lag_09__T_place_SCAFFOLDING,T_place_SCAFFOLDING,False,34.05547332763672,-2.9454546165652573e-05,-0.0010030885113220256
30905,53.0,0.0002525392919778824,3,lag_00__CT1__duck_amount,CT1__duck_amount,False,-3.8154516220092773,-0.00013567294809035957,0.0005176535698541429
30905,53.0,0.0002525392919778824,4,lag_03__CT_place_SNIPERSNEST,CT_place_SNIPERSNEST,False,-5.355666637420654,9.207031689584255e-05,-0.0004930979244958111
30905,53.0,0.0002525392919778824,5,lag_12__T_place_SCAFFOLDING,T_place_SCAFFOLDING,False,34.05546951293945,1.329323640675284e-05,0.00045270740717846814
30905,53.0,0.0002525392919778824,6,lag_10__T_flashes_last_5s,T_flashes_last_5s,True,9.0607271194458,4.567104406305589e-05,0.0004138128675155346
30905,53.0,0.0002525392919778824,7,lag_01__CT_place_CTSPAWN,CT_place_CTSPAWN,False,-1.0407919883728027,-0.0003604583616834134,0.0003751621749820827
30905,53.0,0.0002525392919778824,8,lag_01__CT1__duck_amount,CT1__duck_amount,False,3.8154516220092773,-7.9115285188891e-05,-0.0003018605431996807
30905,53.0,0.0002525392919778824,9,lag_07__T3__duck_amount,T3__duck_amount,False,-3.7704498767852783,7.301103323698044e-05,-0.00027528444127233875
30905,53.0,0.0002525392919778824,10,lag_00__CT_velocity_mean,CT_velocity_mean,False,1.7395005226135254,-0.00013975588080938905,-0.00024310542770624582
30905,53.0,0.0002525392919778824,11,lag_14__T5__is_walking,T5__is_walking,False,2.3193888664245605,9.553072595736012e-05,0.00022157290218695683
30905,53.0,0.0002525392919778824,12,lag_00__T_flashes_last_5s,T_flashes_last_5s,True,-9.0607271194458,-2.2731535864295438e-05,0.00020596424347227651
30905,53.0,0.0002525392919778824,13,lag_11__CT1__is_walking,CT1__is_walking,False,-2.3343825340270996,-8.448235894320533e-05,0.00019721414315042665
30905,53.0,0.0002525392919778824,14,lag_13__T5__is_walking,T5__is_walking,False,-2.3193888664245605,8.33846497698687e-05,-0.00019340142830694476
30905,53.0,0.0002525392919778824,15,lag_03__T3__is_walking,T3__is_walking,False,-2.3223767280578613,8.213894034270197e-05,-0.00019075756351922407
30905,53.0,0.0002525392919778824,16,lag_09__T_place_PALACEINTERIOR,T_place_PALACEINTERIOR,False,-3.35436749458313,-5.408781362348236e-05,0.0001814304038716798
30905,53.0,0.0002525392919778824,17,lag_01__CT1__is_walking,CT1__is_walking,False,-2.3343825340270996,7.003614155109972e-05,-0.0001634911455875368
30905,53.0,0.0002525392919778824,18,lag_04__T3__is_walking,T3__is_walking,False,2.3223767280578613,5.94046177866403e-05,0.00013795990188686554
30905,53.0,0.0002525392919778824,19,lag_00__T_shots_fired_sum,T_shots_fired_sum,False,-1.499474048614502,-8.412567694904283e-05,0.00012614426940721693
30905,53.0,0.0002525392919778824,20,lag_01__CT_unique_places,CT_unique_places,False,-0.7992768287658691,0.0001535684714326635,-0.00012274372084512125
29113,25.0,-0.00022917985916137695,1,lag_13__T_place_SIDEALLEY,T_place_SIDEALLEY,False,3.1883161067962646,0.00016220295219682157,0.0005171542850590308
29113,25.0,-0.00022917985916137695,2,lag_15__CT1__duck_amount,CT1__duck_amount,False,-3.8154516220092773,-0.00010920469503616914,0.00041666523080678003
29113,25.0,-0.00022917985916137695,3,lag_08__CT1__duck_amount,CT1__duck_amount,False,-3.8154516220092773,9.374789078719914e-05,-0.00035769054196396755
29113,25.0,-0.00022917985916137695,4,lag_12__CT_place_CATWALK,CT_place_CATWALK,False,3.98340106010437,-8.751499262871221e-05,-0.00034860731441223834
29113,25.0,-0.00022917985916137695,5,lag_05__T_utility_damage_last_5s,T_utility_damage_last_5s,True,-5.139776706695557,6.234661123016849e-05,-0.0003204476601422236
29113,25.0,-0.00022917985916137695,6,lag_10__CT4__duck_amount,CT4__duck_amount,False,3.6725916862487793,-7.632784399902448e-05,-0.0002803210053001111
29113,25.0,-0.00022917985916137695,7,lag_15__T_utility_damage_last_5s,T_utility_damage_last_5s,True,5.139776706695557,-4.806706419913098e-05,-0.00024705397692993333
29113,25.0,-0.00022917985916137695,8,lag_01__T1__is_walking,T1__is_walking,False,2.281590461730957,0.00010812062828335911,0.0002466869942076705
29113,25.0,-0.00022917985916137695,9,lag_13__CT1__duck_amount,CT1__duck_amount,False,3.8154516220092773,-5.8879235439235345e-05,-0.00022465087435929662
29113,25.0,-0.00022917985916137695,10,lag_03__CT4__is_walking,CT4__is_walking,False,2.384641170501709,8.341158536495641e-05,0.00019890670055809287
29113,25.0,-0.00022917985916137695,11,lag_10__CT4__is_walking,CT4__is_walking,False,-2.384641170501709,7.507375994464383e-05,-0.00017902397878835977
29113,25.0,-0.00022917985916137695,12,lag_09__CT3__is_walking,CT3__is_walking,False,2.387126922607422,6.949738599359989e-05,0.00016589908115616225
29113,25.0,-0.00022917985916137695,13,lag_03__CT3__is_walking,CT3__is_walking,False,2.387126922607422,-6.468619540100917e-05,-0.0001544141585627934
29113,25.0,-0.00022917985916137695,14,lag_13__T1__is_walking,T1__is_walking,False,-2.281590461730957,6.272642349358648e-05,-0.00014311600954146353
29113,25.0,-0.00022917985916137695,15,lag_06__CT3__is_walking,CT3__is_walking,False,2.387126922607422,5.858462827745825e-05,0.00013984894341206866
29113,25.0,-0.00022917985916137695,16,lag_08__CT4__is_walking,CT4__is_walking,False,2.384641170501709,5.53576392121613e-05,0.00013200810556709963
29113,25.0,-0.00022917985916137695,17,lag_05__utility_damage_diff_last_5s,utility_damage_diff_last_5s,True,3.250260591506958,-3.8188096368685365e-05,-0.000124121264691808
29113,25.0,-0.00022917985916137695,18,lag_02__CT4__is_walking,CT4__is_walking,False,-2.384641170501709,-4.8728685214882717e-05,0.00011620042894782724
29113,25.0,-0.00022917985916137695,19,lag_08__CT_walking_count,CT_walking_count,False,1.7948952913284302,6.218955240910873e-05,0.00011162373478893189
29113,25.0,-0.00022917985916137695,20,lag_12__T1__is_walking,T1__is_walking,False,2.281590461730957,4.5920238335384056e-05,0.0001047711777864245
31257,58.5,-0.0001683004666119814,1,lag_05__T_place_SCAFFOLDING,T_place_SCAFFOLDING,False,34.05546951293945,2.4746092094574124e-05,0.0008427397848911611
31257,58.5,-0.0001683004666119814,2,lag_07__T_place_SCAFFOLDING,T_place_SCAFFOLDING,False,-34.05546951293945,-2.2140877263154835e-05,0.0007540179706251038
31257,58.5,-0.0001683004666119814,3,lag_00__T_kills_last_3s,T_kills_last_3s,False,3.1681017875671387,-8.844123658491299e-05,-0.00028019083971931105
31257,58.5,-0.0001683004666119814,4,lag_11__CT1__duck_amount,CT1__duck_amount,False,-3.8154516220092773,6.940060120541602e-05,-0.0002647946364376236
31257,58.5,-0.0001683004666119814,5,lag_00__CT_velocity_mean,CT_velocity_mean,False,-1.8468010425567627,-0.00013975588080938905,0.00025810130638221837
31257,58.5,-0.0001683004666119814,6,lag_14__T_place_PALACEINTERIOR,T_place_PALACEINTERIOR,False,3.35436749458313,-6.371627387125045e-05,-0.00021372779794967892
31257,58.5,-0.0001683004666119814,7,lag_00__T_damage_last_5s,T_damage_last_5s,False,2.3978044986724854,-7.203687709989026e-05,-0.0001727303479804338
31257,58.5,-0.0001683004666119814,8,lag_02__CT_place_STAIRS,CT_place_STAIRS,False,-7.783008575439453,-2.1950876543996856e-05,0.00017084386038034027
31257,58.5,-0.0001683004666119814,9,lag_14__T_place_SCAFFOLDING,T_place_SCAFFOLDING,False,-34.05547332763672,4.990170054952614e-06,-0.0001699426032068102
31257,58.5,-0.0001683004666119814,10,lag_13__CT4__duck_amount,CT4__duck_amount,False,-1.9072595834732056,-8.441798854619265e-05,0.00016100701767225722
31257,58.5,-0.0001683004666119814,11,lag_00__kill_diff_last_3s,kill_diff_last_3s,False,-2.4069459438323975,6.672720337519422e-05,-0.0001606087715072032
31257,58.5,-0.0001683004666119814,12,lag_00__damage_diff_last_5s,damage_diff_last_5s,False,-2.255979061126709,6.834787200205028e-05,-0.00015419136810919387
31257,58.5,-0.0001683004666119814,13,lag_13__T1__is_walking,T1__is_walking,False,-2.281590461730957,6.272642349358648e-05,-0.00014311600954146353
31257,58.5,-0.0001683004666119814,14,lag_14__CT_place_SNIPERSNEST,CT_place_SNIPERSNEST,False,-5.355666637420654,-2.6629049898474477e-05,0.00014261631412746962
31257,58.5,-0.0001683004666119814,15,lag_00__T_shots_fired_sum,T_shots_fired_sum,False,1.4994741678237915,-8.412567694904283e-05,-0.0001261442794357791
31257,58.5,-0.0001683004666119814,16,lag_12__CT4__duck_amount,CT4__duck_amount,False,-1.7653321027755737,-6.924681656528264e-05,0.00012224362829770484
31257,58.5,-0.0001683004666119814,17,lag_11__T3__duck_amount,T3__duck_amount,False,3.7704498767852783,3.194958480889909e-05,0.00012046430810605437
31257,58.5,-0.0001683004666119814,18,lag_15__T_velocity_mean,T_velocity_mean,False,-1.0779764652252197,0.00011172444646945223,-0.0001204363238843844
31257,58.5,-0.0001683004666119814,19,lag_12__CT1__duck_amount,CT1__duck_amount,False,3.8154516220092773,-2.6515479476074688e-05,-0.00010116852917534287
31257,58.5,-0.0001683004666119814,20,lag_02__damage_diff_last_5s,damage_diff_last_5s,False,2.255979061126709,4.429309774423018e-05,9.992430106342196e-05
30553,47.5,-0.00015700049698352814,1,lag_01__T_place_SCAFFOLDING,T_place_SCAFFOLDING,False,34.05546951293945,2.1488804122782312e-05,0.0007318113136729407
30553,47.5,-0.00015700049698352814,2,lag_06__CT_place_STAIRS,CT_place_STAIRS,False,7.783008575439453,-8.398618956562132e-05,-0.0006536652336077142
30553,47.5,-0.00015700049698352814,3,lag_00__CT1__is_walking,CT1__is_walking,False,-2.3343825340270996,0.000178111920831725,-0.00041578135709159636
30553,47.5,-0.00015700049698352814,4,lag_01__T1__duck_amount,T1__duck_amount,False,-2.7287509441375732,0.000136607835884206,-0.00037276876114561777
30553,47.5,-0.00015700049698352814,5,lag_06__CT3__duck_amount,CT3__duck_amount,False,3.7208433151245117,-9.003117156680673e-05,-0.00033499188287718085
30553,47.5,-0.00015700049698352814,6,lag_14__T_shots_fired_sum,T_shots_fired_sum,False,6.747633457183838,-4.8504214646527544e-05,-0.0003272886615633356
30553,47.5,-0.00015700049698352814,7,lag_13__T_place_PALACEINTERIOR,T_place_PALACEINTERIOR,False,-6.708734512329102,-4.0921815525507554e-05,0.0002745335961231374
30553,47.5,-0.00015700049698352814,8,lag_15__T_place_PALACEINTERIOR,T_place_PALACEINTERIOR,False,-3.354367256164551,-7.702130824327469e-05,0.0002583577543981974
30553,47.5,-0.00015700049698352814,9,lag_02__T1__duck_amount,T1__duck_amount,False,2.7287509441375732,9.069255611393601e-05,0.0002474773981221527
30553,47.5,-0.00015700049698352814,10,lag_12__CT3__duck_amount,CT3__duck_amount,False,-3.7208433151245117,-6.315005157375708e-05,0.0002349714472479822
30553,47.5,-0.00015700049698352814,11,lag_05__CT4__is_walking,CT4__is_walking,False,-2.384641170501709,-8.860762318363413e-05,0.00021129738626399566
30553,47.5,-0.00015700049698352814,12,lag_00__T_velocity_mean,T_velocity_mean,False,0.7791112661361694,-0.0002619743172544986,-0.00020410714201131094
30553,47.5,-0.00015700049698352814,13,lag_01__T_shots_fired_sum,T_shots_fired_sum,False,-4.498422145843506,-3.885216938215308e-05,0.0001747734591627404
30553,47.5,-0.00015700049698352814,14,lag_06__CT_place_JUNGLE,CT_place_JUNGLE,False,-6.415591716766357,-2.6253592295688577e-05,0.0001684323292675807
30553,47.5,-0.00015700049698352814,15,lag_04__T5__duck_amount,T5__duck_amount,False,-2.4725124835968018,-6.774971552658826e-05,0.00016751201739962154
30553,47.5,-0.00015700049698352814,16,lag_10__T_place_PALACEINTERIOR,T_place_PALACEINTERIOR,False,-3.35436749458313,-4.873858779319562e-05,0.0001634871346253815
30553,47.5,-0.00015700049698352814,17,lag_13__T_shots_fired_sum,T_shots_fired_sum,False,-6.747633457183838,-2.267703166580759e-05,0.00015301629757782063
30553,47.5,-0.00015700049698352814,18,lag_15__CT_place_UNDERPASS,CT_place_UNDERPASS,False,-5.7987165451049805,-2.485872209945228e-05,0.00014414868312826075
30553,47.5,-0.00015700049698352814,19,lag_05__CT3__duck_amount,CT3__duck_amount,False,-3.7208433151245117,-3.7189915019553155e-05,0.00013837784669055303
30553,47.5,-0.00015700049698352814,20,lag_00__CT_walking_count,CT_walking_count,False,-0.8974475860595703,0.00014486192958429456,-0.0001300059890173566
30393,45.0,0.0001369807869195938,1,lag_10__CT_place_UNDERPASS,CT_place_UNDERPASS,False,-5.7987165451049805,-0.00010960432700812817,0.0006355644244371295
30393,45.0,0.0001369807869195938,2,lag_01__CT3__duck_amount,CT3__duck_amount,False,3.7208433151245117,0.00015734080807305872,0.0005854404939149294
30393,45.0,0.0001369807869195938,3,lag_00__CT3__duck_amount,CT3__duck_amount,False,-3.7208433151245117,0.000104247905255761,-0.00038789012138663176
30393,45.0,0.0001369807869195938,4,lag_01__CT_place_CTSPAWN,CT_place_CTSPAWN,False,1.0407919883728027,-0.0003604583616834134,-0.0003751621749820827
30393,45.0,0.0001369807869195938,5,lag_12__CT_place_CATWALK,CT_place_CATWALK,False,-3.9834015369415283,-8.751499262871221e-05,0.00034860735614263873
30393,45.0,0.0001369807869195938,6,lag_00__T_utility_damage_last_5s,T_utility_damage_last_5s,True,-1.1421726942062378,-0.00023637214326299727,0.0002699778077060004
30393,45.0,0.0001369807869195938,7,lag_08__T_place_PALACEINTERIOR,T_place_PALACEINTERIOR,False,-6.708734512329102,-3.364949952811003e-05,0.00022574555880683356
30393,45.0,0.0001369807869195938,8,lag_15__T1__duck_amount,T1__duck_amount,False,3.915480136871338,5.358115959097631e-05,0.00020979596608900093
30393,45.0,0.0001369807869195938,9,lag_09__T_shots_fired_sum,T_shots_fired_sum,False,6.747633457183838,3.0193288694135845e-05,0.00020373324497496154
30393,45.0,0.0001369807869195938,10,lag_08__T_shots_fired_sum,T_shots_fired_sum,False,-6.747633457183838,2.529897574277129e-05,-0.0001707082151544059
30393,45.0,0.0001369807869195938,11,lag_10__T_place_PALACEINTERIOR,T_place_PALACEINTERIOR,False,-3.354367256164551,-4.873858779319562e-05,0.00016348712300519666
30393,45.0,0.0001369807869195938,12,lag_01__T_utility_damage_last_5s,T_utility_damage_last_5s,True,-1.1421725749969482,-0.00014269865641836077,0.00016298649184996392
30393,45.0,0.0001369807869195938,13,lag_13__T_place_TRAMP,T_place_TRAMP,False,-2.926727533340454,-5.440889435703866e-05,0.00015924000917335712
30393,45.0,0.0001369807869195938,14,lag_06__CT4__is_walking,CT4__is_walking,False,2.384641170501709,-6.56308329780586e-05,-0.00015650598637379984
30393,45.0,0.0001369807869195938,15,lag_13__T_place_PALACEINTERIOR,T_place_PALACEINTERIOR,False,3.354367256164551,-4.0921815525507554e-05,-0.0001372667980615687
30393,45.0,0.0001369807869195938,16,lag_11__T_place_TRAMP,T_place_TRAMP,False,-2.926727294921875,-4.4678083213511854e-05,0.00013076056562577598
30393,45.0,0.0001369807869195938,17,lag_00__CT_walking_count,CT_walking_count,False,-0.8974475860595703,0.00014486192958429456,-0.0001300059890173566
30393,45.0,0.0001369807869195938,18,lag_13__CT_place_JUNGLE,CT_place_JUNGLE,False,6.415591716766357,-1.9882541892002337e-05,-0.0001275582710705903
30393,45.0,0.0001369807869195938,19,lag_09__CT3__duck_amount,CT3__duck_amount,False,2.21724271774292,5.562072328757495e-05,0.0001233246436649696
30393,45.0,0.0001369807869195938,20,lag_09__T_kills_last_3s,T_kills_last_3s,False,3.1681017875671387,-3.548421955201775e-05,-0.00011241761939317224
28409,14.0,0.00013308972120285034,1,lag_06__T5__flash_duration,T5__flash_duration,True,3.9050376415252686,0.00013127511192578822,0.0005126342534656457
28409,14.0,0.00013308972120285034,2,lag_12__CT_place_SHOP,CT_place_SHOP,False,-5.01580286026001,-6.210955325514078e-05,0.00031152927486660653
28409,14.0,0.00013308972120285034,3,lag_00__T2__is_walking,T2__is_walking,False,-2.2968344688415527,0.00013422734627965838,-0.0003082979955962503
28409,14.0,0.00013308972120285034,4,lag_00__CT_walking_count,CT_walking_count,False,1.7948954105377197,0.00014486192958429456,0.0002600120125724886
28409,14.0,0.00013308972120285034,5,lag_10__CT_place_LADDER,CT_place_LADDER,False,10.398283004760742,2.430692984489724e-05,0.00025275033550410664
28409,14.0,0.00013308972120285034,6,lag_12__CT3__duck_amount,CT3__duck_amount,False,3.7208433151245117,-6.315005157375708e-05,-0.0002349714472479822
28409,14.0,0.00013308972120285034,7,lag_00__CT3__is_walking,CT3__is_walking,False,2.387126922607422,8.02017530077137e-05,0.00019145176384502416
28409,14.0,0.00013308972120285034,8,lag_02__CT5__is_walking,CT5__is_walking,False,-2.396676540374756,7.761717279208824e-05,-0.00018602325716101167
28409,14.0,0.00013308972120285034,9,lag_00__CT5__is_walking,CT5__is_walking,False,2.396676540374756,7.740574073977768e-05,0.00018551652292135568
28409,14.0,0.00013308972120285034,10,lag_15__T_place_SIDEALLEY,T_place_SIDEALLEY,False,-3.1883161067962646,5.320737909642048e-05,-0.0001696419437735323
28409,14.0,0.00013308972120285034,11,lag_10__T_place_TRAMP,T_place_TRAMP,False,2.926727294921875,-4.669040936278179e-05,-0.00013665009549312934
28409,14.0,0.00013308972120285034,12,lag_12__T5__is_walking,T5__is_walking,False,2.3193888664245605,5.405097908806056e-05,0.0001253652391161944
28409,14.0,0.00013308972120285034,13,lag_13__T1__duck_amount,T1__duck_amount,False,3.915480136871338,3.086362994508818e-05,0.00012084593000174018
28409,14.0,0.00013308972120285034,14,lag_10__T_place_PALACEALLEY,T_place_PALACEALLEY,False,-3.4808402061462402,3.4614509786479175e-05,-0.00012048757738081922
28409,14.0,0.00013308972120285034,15,lag_06__T_flashed_players,T_flashed_players,False,1.9296237230300903,6.127791129983962e-05,0.00011824331134190416
28409,14.0,0.00013308972120285034,16,lag_00__T_walking_count,T_walking_count,False,-0.7970898151397705,0.00013727178156841546,-0.00010941793899427524
28409,14.0,0.00013308972120285034,17,lag_07__CT3__is_walking,CT3__is_walking,False,-2.387126922607422,-4.144991544308141e-05,9.894620909398077e-05
28409,14.0,0.00013308972120285034,18,lag_07__CT4__is_walking,CT4__is_walking,False,2.384641170501709,4.0804181480780244e-05,9.730333108769196e-05
28409,14.0,0.00013308972120285034,19,lag_10__T1__is_walking,T1__is_walking,False,2.281590461730957,-4.1338877053931355e-05,-9.43183875849185e-05
28409,14.0,0.00013308972120285034,20,lag_00__T_velocity_mean,T_velocity_mean,False,0.35667988657951355,-0.0002619743172544986,-9.344096976508006e-05
31481,62.0,-0.00011811405420303345,1,lag_02__T_place_SCAFFOLDING,T_place_SCAFFOLDING,False,-34.05546951293945,4.1062539821723476e-05,-0.001398404073022566
31481,62.0,-0.00011811405420303345,2,lag_09__CT_place_STAIRS,CT_place_STAIRS,False,-7.783008575439453,-6.791505438741297e-05,0.000528583450698672
31481,62.0,-0.00011811405420303345,3,lag_12__T_place_SCAFFOLDING,T_place_SCAFFOLDING,False,34.05546951293945,1.329323640675284e-05,0.00045270740717846814
31481,62.0,-0.00011811405420303345,4,lag_00__CT_velocity_mean,CT_velocity_mean,False,-2.7288265228271484,-0.00013975588080938905,0.00038136955427373054
31481,62.0,-0.00011811405420303345,5,lag_07__T3__duck_amount,T3__duck_amount,False,3.7704498767852783,7.301103323698044e-05,0.00027528444127233875
31481,62.0,-0.00011811405420303345,6,lag_00__CT_duck_amount_mean,CT_duck_amount_mean,False,5.988534450531006,-3.964887582696974e-05,-0.00023743865881463433
31481,62.0,-0.00011811405420303345,7,lag_00__CT4__duck_amount,CT4__duck_amount,False,3.6725916862487793,-4.7265519242500886e-05,-0.00017358695301624046
31481,62.0,-0.00011811405420303345,8,lag_14__T_place_SCAFFOLDING,T_place_SCAFFOLDING,False,-34.05546951293945,4.990170054952614e-06,-0.00016994258417082214
31481,62.0,-0.00011811405420303345,9,lag_15__T_velocity_mean,T_velocity_mean,False,1.2928194999694824,0.00011172444646945223,0.00014443954301900444
31481,62.0,-0.00011811405420303345,10,lag_07__T_duck_amount_mean,T_duck_amount_mean,False,2.9079365730285645,4.089231515536085e-05,0.00011891225879608405
31481,62.0,-0.00011811405420303345,11,lag_13__T_kills_last_3s,T_kills_last_3s,False,-3.1681017875671387,-2.9342572815949097e-05,9.296025739002726e-05
31481,62.0,-0.00011811405420303345,12,lag_01__T_kills_last_3s,T_kills_last_3s,False,-3.1681017875671387,2.2606785933021456e-05,-7.162059892555292e-05
31481,62.0,-0.00011811405420303345,13,lag_10__T4__duck_amount,T4__duck_amount,False,-3.420579671859741,-2.0366866010590456e-05,6.966648785531682e-05
31481,62.0,-0.00011811405420303345,14,lag_07__T5__duck_amount,T5__duck_amount,False,3.7970333099365234,1.7576385289430618e-05,6.673812041224636e-05
31481,62.0,-0.00011811405420303345,15,lag_12__T_place_PALACEINTERIOR,T_place_PALACEINTERIOR,False,-3.35436749458313,-1.9203505871701054e-05,6.441561587807029e-05
31481,62.0,-0.00011811405420303345,16,lag_13__T_A_site_active_smokes,T_A_site_active_smokes,True,-1.422539234161377,-4.0263588743982837e-05,5.727653469645398e-05
31481,62.0,-0.00011811405420303345,17,lag_10__bomb_planted,bomb_planted,False,2.6487250328063965,-2.149437386833597e-05,-5.693268612956114e-05
31481,62.0,-0.00011811405420303345,18,lag_03__T5__duck_amount,T5__duck_amount,False,1.6951453685760498,3.3187483495566994e-05,5.625760894220448e-05
31481,62.0,-0.00011811405420303345,19,lag_14__T_place_BOMBSITEA,T_place_BOMBSITEA,False,1.6668972969055176,-3.318739254609682e-05,-5.5319974926431106e-05
31481,62.0,-0.00011811405420303345,20,lag_14__T_macro_A,T_macro_A,False,1.6668972969055176,-3.318739254609682e-05,-5.5319974926431106e-05
31289,59.0,-0.00011686026118695736,1,lag_06__T_place_SCAFFOLDING,T_place_SCAFFOLDING,False,34.05546951293945,-4.291216464480385e-05,-0.0014613939147953559
31289,59.0,-0.00011686026118695736,2,lag_15__T_place_SCAFFOLDING,T_place_SCAFFOLDING,False,-34.05547332763672,-3.272376852692105e-05,0.0011144234262483177
31289,59.0,-0.00011686026118695736,3,lag_08__T_place_SCAFFOLDING,T_place_SCAFFOLDING,False,-34.05546951293945,-1.922503361129202e-05,0.0006547175460345916
31289,59.0,-0.00011686026118695736,4,lag_03__CT_place_STAIRS,CT_place_STAIRS,False,-7.783008575439453,-4.0499886381439865e-05,0.00031521096301107
31289,59.0,-0.00011686026118695736,5,lag_15__T_place_PALACEINTERIOR,T_place_PALACEINTERIOR,False,3.35436749458313,-7.702130824327469e-05,-0.0002583577727615083
31289,59.0,-0.00011686026118695736,6,lag_00__T_shots_fired_sum,T_shots_fired_sum,False,-2.998948335647583,-8.412567694904283e-05,0.0002522885588715582
31289,59.0,-0.00011686026118695736,7,lag_13__CT1__duck_amount,CT1__duck_amount,False,3.8154516220092773,-5.8879235439235345e-05,-0.00022465087435929662
31289,59.0,-0.00011686026118695736,8,lag_00__CT_velocity_mean,CT_velocity_mean,False,1.1867947578430176,-0.00013975588080938905,-0.0001658615467223165
31289,59.0,-0.00011686026118695736,9,lag_01__T_duck_amount_mean,T_duck_amount_mean,False,2.9079365730285645,5.475177022162825e-05,0.00015921467506552905
31289,59.0,-0.00011686026118695736,10,lag_13__CT4__duck_amount,CT4__duck_amount,False,-1.7653321027755737,-8.441798854619265e-05,0.00014902578523233456
31289,59.0,-0.00011686026118695736,11,lag_01__T3__duck_amount,T3__duck_amount,False,3.7704498767852783,3.662818198790774e-05,0.00013810472426317548
31289,59.0,-0.00011686026118695736,12,lag_01__T_closest_enemy_dist,T_closest_enemy_dist,False,0.5998095273971558,-0.00021664118685293943,-0.0001299434479010205
31289,59.0,-0.00011686026118695736,13,lag_01__CT_unique_places,CT_unique_places,False,-0.7992768287658691,0.0001535684714326635,-0.00012274372084512125
31289,59.0,-0.00011686026118695736,14,lag_15__T_A_site_active_infernos,T_A_site_active_infernos,True,-2.9764552116394043,-3.732579716597684e-05,0.00011109856350326706
31289,59.0,-0.00011686026118695736,15,lag_12__CT1__duck_amount,CT1__duck_amount,False,-3.8154516220092773,-2.6515479476074688e-05,0.00010116852917534287
31289,59.0,-0.00011686026118695736,16,lag_13__T_kills_last_3s,T_kills_last_3s,False,3.1681017875671387,-2.9342572815949097e-05,-9.296025739002726e-05
31289,59.0,-0.00011686026118695736,17,lag_15__CT_duck_amount_mean,CT_duck_amount_mean,False,1.996178150177002,-4.609776442521252e-05,-9.201935011761593e-05
31289,59.0,-0.00011686026118695736,18,lag_01__CT_spread_xy,CT_spread_xy,False,-0.5346941947937012,0.0001618102251086384,-8.651898802385094e-05
31289,59.0,-0.00011686026118695736,19,lag_06__T_place_PALACEINTERIOR,T_place_PALACEINTERIOR,False,-3.35436749458313,2.476385452609975e-05,-8.306706866293432e-05
31289,59.0,-0.00011686026118695736,20,lag_01__CT1__hp,CT1__hp,False,-2.4090940952301025,-2.9951428587082773e-05,7.21558097528472e-05
31225,58.0,-0.00011489260941743851,1,lag_06__T_place_SCAFFOLDING,T_place_SCAFFOLDING,False,-34.05546951293945,-4.291216464480385e-05,0.0014613939147953559
31225,58.0,-0.00011489260941743851,2,lag_04__T_place_SCAFFOLDING,T_place_SCAFFOLDING,False,34.05546951293945,2.37419535551453e-05,0.0008085433754748753
31225,58.0,-0.00011489260941743851,3,lag_13__T_place_SCAFFOLDING,T_place_SCAFFOLDING,False,-34.05547332763672,1.640833397686947e-05,-0.0005587935801002336
31225,58.0,-0.00011489260941743851,4,lag_10__T_flashes_last_5s,T_flashes_last_5s,True,-9.0607271194458,4.567104406305589e-05,-0.0004138128675155346
31225,58.0,-0.00011489260941743851,5,lag_00__T_velocity_mean,T_velocity_mean,False,-1.2128989696502686,-0.0002619743172544986,0.0003177483794728139
31225,58.0,-0.00011489260941743851,6,lag_13__CT4__duck_amount,CT4__duck_amount,False,3.6725916862487793,-8.441798854619265e-05,-0.0003100328029045918
31225,58.0,-0.00011489260941743851,7,lag_11__CT1__duck_amount,CT1__duck_amount,False,3.8154516220092773,6.940060120541602e-05,0.0002647946364376236
31225,58.0,-0.00011489260941743851,8,lag_10__CT1__duck_amount,CT1__duck_amount,False,-3.8154516220092773,5.4548039770452306e-05,-0.00020812540681959882
31225,58.0,-0.00011489260941743851,9,lag_09__T_bomb_zone_count,T_bomb_zone_count,False,5.821373462677002,-3.445455513428897e-05,-0.00020057283292709144
31225,58.0,-0.00011489260941743851,10,lag_11__CT1__is_walking,CT1__is_walking,False,-2.3343825340270996,-8.448235894320533e-05,0.00019721414315042665
31225,58.0,-0.00011489260941743851,11,lag_02__T3__has_bomb,T3__has_bomb,False,-3.15621280670166,-6.243865209398791e-05,0.00019706967337223408
31225,58.0,-0.00011489260941743851,12,lag_04__T_place_PALACEINTERIOR,T_place_PALACEINTERIOR,False,-3.35436749458313,5.167870767763816e-05,-0.00017334937719593307
31225,58.0,-0.00011489260941743851,13,lag_11__CT4__duck_amount,CT4__duck_amount,False,-1.7653321027755737,-8.07443429948762e-05,0.00014254058080637698
31225,58.0,-0.00011489260941743851,14,lag_13__T_place_PALACEINTERIOR,T_place_PALACEINTERIOR,False,3.35436749458313,-4.0921815525507554e-05,-0.0001372668078180898
31225,58.0,-0.00011489260941743851,15,lag_12__CT4__duck_amount,CT4__duck_amount,False,-1.9072595834732056,-6.924681656528264e-05,0.00013207165451914644
31225,58.0,-0.00011489260941743851,16,lag_13__CT_place_SNIPERSNEST,CT_place_SNIPERSNEST,False,-5.355666637420654,2.367589513596613e-05,-0.00012680020169076375
31225,58.0,-0.00011489260941743851,17,lag_00__T_shots_fired_sum,T_shots_fired_sum,False,1.499474048614502,-8.412567694904283e-05,-0.00012614426940721693
31225,58.0,-0.00011489260941743851,18,lag_11__T_kills_last_3s,T_kills_last_3s,False,3.1681017875671387,-3.891903179464862e-05,-0.0001232994541990086
31225,58.0,-0.00011489260941743851,19,lag_02__T3__duck_amount,T3__duck_amount,False,-3.7704498767852783,3.2685482437955216e-05,-0.00012323897323085562
31225,58.0,-0.00011489260941743851,20,lag_02__T_duck_amount_mean,T_duck_amount_mean,False,-2.798992872238159,4.1796007280936465e-05,-0.00011698672646735537
32601,79.5,-0.00011345639359205961,1,lag_00__CT_velocity_mean,CT_velocity_mean,False,-14.126656532287598,-0.00013975588080938905,0.001974283326561563
32601,79.5,-0.00011345639359205961,2,lag_01__CT_velocity_mean,CT_velocity_mean,False,13.935868263244629,-2.48084088525502e-05,-0.00034572671758985145
32601,79.5,-0.00011345639359205961,3,lag_05__T4__is_walking,T4__is_walking,False,2.307980537414551,-9.220055653713644e-05,-0.00021279709002650082
32601,79.5,-0.00011345639359205961,4,lag_00__T_place_TRAMP,T_place_TRAMP,False,2.926727294921875,-7.261516293510795e-05,-0.00021252477938737968
32601,79.5,-0.00011345639359205961,5,lag_05__T_velocity_mean,T_velocity_mean,False,2.9211161136627197,7.12866458343342e-05,0.000208236569835641
32601,79.5,-0.00011345639359205961,6,lag_11__T3__duck_amount,T3__duck_amount,False,-3.7704498767852783,3.194958480889909e-05,-0.00012046430810605437
32601,79.5,-0.00011345639359205961,7,lag_12__T_place_PALACEALLEY,T_place_PALACEALLEY,False,-3.4808404445648193,-3.1829666113480926e-05,0.00011079398914479871
32601,79.5,-0.00011345639359205961,8,lag_01__T_unique_places,T_unique_places,False,-0.8783379793167114,0.00010503230441827327,-9.225386202572385e-05
32601,79.5,-0.00011345639359205961,9,lag_00__T_velocity_mean,T_velocity_mean,False,-0.34776294231414795,-0.0002619743172544986,9.110495937916449e-05
32601,79.5,-0.00011345639359205961,10,lag_08__T4__duck_amount,T4__duck_amount,False,-3.6976382732391357,2.4594690330559388e-05,-9.094226828474088e-05
32601,79.5,-0.00011345639359205961,11,lag_01__T_place_PALACEINTERIOR,T_place_PALACEINTERIOR,False,3.354367256164551,2.5389401344000362e-05,8.516537652193505e-05
32601,79.5,-0.00011345639359205961,12,lag_04__CT4__is_walking,CT4__is_walking,False,2.384641170501709,-3.328629827592522e-05,-7.937587728237133e-05
32601,79.5,-0.00011345639359205961,13,lag_01__T_macro_OTHER,T_macro_OTHER,False,0.5903127789497375,-9.551502444082871e-05,-5.63837395091177e-05
32601,79.5,-0.00011345639359205961,14,lag_00__T_place_PALACEINTERIOR,T_place_PALACEINTERIOR,False,-3.354367256164551,1.6149177099578083e-05,-5.417027087682713e-05
32601,79.5,-0.00011345639359205961,15,lag_03__CT_place_CONNECTOR,CT_place_CONNECTOR,False,3.575894594192505,-1.4791645298828371e-05,-5.289336446329335e-05
32601,79.5,-0.00011345639359205961,16,lag_09__T_A_site_active_smokes,T_A_site_active_smokes,True,-1.422539234161377,-3.629212369560264e-05,5.162696984803254e-05
32601,79.5,-0.00011345639359205961,17,lag_10__T5__is_walking,T5__is_walking,False,-2.3193888664245605,1.822004014684353e-05,-4.22593582623974e-05
32601,79.5,-0.00011345639359205961,18,lag_12__CT_velocity_mean,CT_velocity_mean,False,1.5323410034179688,2.7525453333510086e-05,4.217838078060532e-05
32601,79.5,-0.00011345639359205961,19,lag_12__T_duck_amount_mean,T_duck_amount_mean,False,1.4539684057235718,2.3493767002946697e-05,3.4159194953715466e-05
32601,79.5,-0.00011345639359205961,20,lag_03__T_velocity_mean,T_velocity_mean,False,1.1102981567382812,-2.9047203497611918e-05,-3.225105650180027e-05
29849,36.5,-0.00010166782885789871,1,lag_00__CT1__is_walking,CT1__is_walking,False,2.3343825340270996,0.000178111920831725,0.00041578135709159636
29849,36.5,-0.00010166782885789871,2,lag_00__CT_place_SNIPERSNEST,CT_place_SNIPERSNEST,False,-5.355666637420654,-7.149525481509045e-05,0.0003829047509470683
29849,36.5,-0.00010166782885789871,3,lag_12__CT_place_CATWALK,CT_place_CATWALK,False,-3.98340106010437,-8.751499262871221e-05,0.00034860731441223834
29849,36.5,-0.00010166782885789871,4,lag_01__T_place_TRAMP,T_place_TRAMP,False,2.926727294921875,-9.896144911181182e-05,-0.0002896331742605618
29849,36.5,-0.00010166782885789871,5,lag_01__T_place_PALACEALLEY,T_place_PALACEALLEY,False,-3.4808404445648193,7.636902591912076e-05,-0.0002658283941312945
29849,36.5,-0.00010166782885789871,6,lag_12__CT4__duck_amount,CT4__duck_amount,False,3.6725916862487793,-6.924681656528264e-05,-0.0002543152828168513
29849,36.5,-0.00010166782885789871,7,lag_01__T2__shots_fired,T2__shots_fired,False,-4.706932067871094,-5.3287021728465334e-05,0.00025081839137505724
29849,36.5,-0.00010166782885789871,8,lag_08__CT3__is_walking,CT3__is_walking,False,-2.387126922607422,9.99609474092722e-05,-0.00023861946877001827
29849,36.5,-0.00010166782885789871,9,lag_12__CT3__duck_amount,CT3__duck_amount,False,-3.7208433151245117,-6.315005157375708e-05,0.0002349714472479822
29849,36.5,-0.00010166782885789871,10,lag_01__T_shots_fired_sum,T_shots_fired_sum,False,-5.997896671295166,-3.885216938215308e-05,0.00023303129740981192
29849,36.5,-0.00010166782885789871,11,lag_05__T4__is_walking,T4__is_walking,False,-2.307980537414551,-9.220055653713644e-05,0.00021279709002650082
29849,36.5,-0.00010166782885789871,12,lag_00__T_place_TRAMP,T_place_TRAMP,False,-2.926727294921875,-7.261516293510795e-05,0.00021252477938737968
29849,36.5,-0.00010166782885789871,13,lag_05__CT4__is_walking,CT4__is_walking,False,-2.384641170501709,-8.860762318363413e-05,0.00021129738626399566
29849,36.5,-0.00010166782885789871,14,lag_09__CT3__duck_amount,CT3__duck_amount,False,-3.7208433151245117,5.562072328757495e-05,-0.0002069559964269635
29849,36.5,-0.00010166782885789871,15,lag_11__CT4__duck_amount,CT4__duck_amount,False,-2.5221686363220215,-8.07443429948762e-05,0.0002036508494621045
29849,36.5,-0.00010166782885789871,16,lag_10__CT4__is_walking,CT4__is_walking,False,2.384641170501709,7.507375994464383e-05,0.00017902397878835977
29849,36.5,-0.00010166782885789871,17,lag_04__T_place_PALACEALLEY,T_place_PALACEALLEY,False,-3.4808402061462402,4.9905011110240594e-05,-0.00017371136916070028
29849,36.5,-0.00010166782885789871,18,lag_09__CT3__is_walking,CT3__is_walking,False,2.387126922607422,6.949738599359989e-05,0.00016589908115616225
29849,36.5,-0.00010166782885789871,19,lag_02__T2__duck_amount,T2__duck_amount,False,-3.8233180046081543,-4.144993727095425e-05,0.00015847629145791797
29849,36.5,-0.00010166782885789871,20,lag_06__CT4__is_walking,CT4__is_walking,False,2.384641170501709,-6.56308329780586e-05,-0.00015650598637379984
32569,79.0,9.88116953521967e-05,1,lag_00__CT_velocity_mean,CT_velocity_mean,False,13.935868263244629,-0.00013975588080938905,-0.001947619543973364
32569,79.0,9.88116953521967e-05,2,lag_15__CT_duck_amount_mean,CT_duck_amount_mean,False,-5.988534450531006,-4.609776442521252e-05,0.0002760580503528478
32569,79.0,9.88116953521967e-05,3,lag_03__CT4__is_walking,CT4__is_walking,False,2.384641170501709,8.341158536495641e-05,0.00019890670055809287
32569,79.0,9.88116953521967e-05,4,lag_04__T4__is_walking,T4__is_walking,False,2.307980537414551,-6.613738514715806e-05,-0.00015264379771513098
32569,79.0,9.88116953521967e-05,5,lag_15__T_flashed_players,T_flashed_players,False,-1.9296237230300903,-6.50541769573465e-05,0.00012553008313909327
32569,79.0,9.88116953521967e-05,6,lag_11__T3__duck_amount,T3__duck_amount,False,3.7704498767852783,3.194958480889909e-05,0.00012046430810605437
32569,79.0,9.88116953521967e-05,7,lag_03__T_velocity_mean,T_velocity_mean,False,-3.680788516998291,-2.9047203497611918e-05,0.00010691661308492254
32569,79.0,9.88116953521967e-05,8,lag_02__T_place_PALACEINTERIOR,T_place_PALACEINTERIOR,False,3.35436749458313,3.0346815037773922e-05,0.00010179436992683536
32569,79.0,9.88116953521967e-05,9,lag_08__T4__duck_amount,T4__duck_amount,False,3.6976382732391357,2.4594690330559388e-05,9.094226828474088e-05
32569,79.0,9.88116953521967e-05,10,lag_07__T4__duck_amount,T4__duck_amount,False,-3.6976382732391357,1.77305810211692e-05,-6.556127499064267e-05
32569,79.0,9.88116953521967e-05,11,lag_15__CT_velocity_mean,CT_velocity_mean,False,0.8615458011627197,7.249134068842977e-05,6.245461019077289e-05
32569,79.0,9.88116953521967e-05,12,lag_07__T_duck_amount_mean,T_duck_amount_mean,False,-1.4539684057235718,4.089231515536085e-05,-5.9456134272785864e-05
32569,79.0,9.88116953521967e-05,13,lag_00__T_place_PALACEINTERIOR,T_place_PALACEINTERIOR,False,3.354367256164551,1.6149177099578083e-05,5.417027087682713e-05
32569,79.0,9.88116953521967e-05,14,lag_02__CT_place_CONNECTOR,CT_place_CONNECTOR,False,3.575894594192505,1.505354703112971e-05,5.382989745203936e-05
32569,79.0,9.88116953521967e-05,15,lag_08__T_A_site_active_smokes,T_A_site_active_smokes,True,-1.422539234161377,-3.535008727340028e-05,5.028688607744067e-05
32569,79.0,9.88116953521967e-05,16,lag_00__T_velocity_mean,T_velocity_mean,False,0.18059110641479492,-0.0002619743172544986,-4.73102318052504e-05
32569,79.0,9.88116953521967e-05,17,lag_02__CT_place_MIDDLE,CT_place_MIDDLE,False,-2.6229028701782227,-1.75401582964696e-05,4.6006131539190476e-05
32569,79.0,9.88116953521967e-05,18,lag_15__CT4__duck_amount,CT4__duck_amount,False,-3.6725916862487793,-1.2084477020835038e-05,4.438134983938318e-05
32569,79.0,9.88116953521967e-05,19,lag_11__CT_velocity_mean,CT_velocity_mean,False,1.5323410034179688,2.5979819838539697e-05,3.980994320000597e-05
32569,79.0,9.88116953521967e-05,20,lag_10__T3__duck_amount,T3__duck_amount,False,-3.7704498767852783,-1.0504526471777353e-05,3.960679054120062e-05
31769,66.5,-7.974624168127775e-05,1,lag_00__T_shots_fired_sum,T_shots_fired_sum,False,-6.747633457183838,-8.412567694904283e-05,0.0005676492323896005
31769,66.5,-7.974624168127775e-05,2,lag_07__T3__duck_amount,T3__duck_amount,False,-3.7704498767852783,7.301103323698044e-05,-0.00027528444127233875
31769,66.5,-7.974624168127775e-05,3,lag_00__T_velocity_mean,T_velocity_mean,False,1.0069332122802734,-0.0002619743172544986,-0.00026379064080800374
31769,66.5,-7.974624168127775e-05,4,lag_06__CT4__duck_amount,CT4__duck_amount,False,-3.6725916862487793,7.044002268230543e-05,-0.00025869744168221034
31769,66.5,-7.974624168127775e-05,5,lag_06__CT_duck_amount_mean,CT_duck_amount_mean,False,-5.988534450531006,-4.122664904571138e-05,0.00024688720809019384
31769,66.5,-7.974624168127775e-05,6,lag_05__T3__duck_amount,T3__duck_amount,False,-3.7704498767852783,-6.397163815563545e-05,0.00024120185520166808
31769,66.5,-7.974624168127775e-05,7,lag_02__T3__is_walking,T3__is_walking,False,2.3223767280578613,9.974709246307611e-05,0.00023165032622768367
31769,66.5,-7.974624168127775e-05,8,lag_01__T_shots_fired_sum,T_shots_fired_sum,False,3.748685359954834,-3.885216938215308e-05,-0.0001456445585653627
31769,66.5,-7.974624168127775e-05,9,lag_00__T3__is_walking,T3__is_walking,False,-2.3223767280578613,6.200389179866761e-05,-0.00014399639536224335
31769,66.5,-7.974624168127775e-05,10,lag_09__CT_duck_amount_mean,CT_duck_amount_mean,False,5.988534450531006,2.346003384445794e-05,0.00014049122088815973
31769,66.5,-7.974624168127775e-05,11,lag_09__CT4__duck_amount,CT4__duck_amount,False,3.6725916862487793,3.688943979796022e-05,0.00013547984991236356
31769,66.5,-7.974624168127775e-05,12,lag_12__T5__duck_amount,T5__duck_amount,False,1.6951453685760498,7.632454071426764e-05,0.00012938119170048494
31769,66.5,-7.974624168127775e-05,13,lag_11__T_place_SCAFFOLDING,T_place_SCAFFOLDING,False,-34.05546951293945,3.7612387586705154e-06,-0.00012809075187678997
31769,66.5,-7.974624168127775e-05,14,lag_10__T_kills_last_3s,T_kills_last_3s,False,-3.1681017875671387,-3.636920882854611e-05,0.00011522135550211948
31769,66.5,-7.974624168127775e-05,15,lag_00__CT_velocity_mean,CT_velocity_mean,False,0.7938603758811951,-0.00013975588080938905,-0.00011094665607094909
31769,66.5,-7.974624168127775e-05,16,lag_00__T_walking_count,T_walking_count,False,-0.7970898747444153,0.00013727178156841546,-0.00010941794717631102
31769,66.5,-7.974624168127775e-05,17,lag_02__T_shots_fired_sum,T_shots_fired_sum,False,2.998948335647583,-3.405941242817789e-05,-0.0001021424182146187
31769,66.5,-7.974624168127775e-05,18,lag_14__T5__duck_amount,T5__duck_amount,False,-3.4955148696899414,2.7711857910617255e-05,-9.686721139329744e-05
31769,66.5,-7.974624168127775e-05,19,lag_04__CT_duck_amount_mean,CT_duck_amount_mean,False,5.650177955627441,-1.680820423644036e-05,-9.49693450504191e-05
31769,66.5,-7.974624168127775e-05,20,lag_03__CT_duck_amount_mean,CT_duck_amount_mean,False,-5.988534450531006,1.5735349734313786e-05,-9.423168397509202e-05
32505,78.0,7.539638318121433e-05,1,lag_13__CT4__duck_amount,CT4__duck_amount,False,-3.6725916862487793,-8.441798854619265e-05,0.0003100328029045918
32505,78.0,7.539638318121433e-05,2,lag_00__T_velocity_mean,T_velocity_mean,False,1.1102981567382812,-0.0002619743172544986,-0.0002908696015604395
32505,78.0,7.539638318121433e-05,3,lag_09__T_place_PALACEALLEY,T_place_PALACEALLEY,False,-3.4808404445648193,6.036603735992685e-05,-0.00021012454432054427
32505,78.0,7.539638318121433e-05,4,lag_02__T4__is_walking,T4__is_walking,False,2.307980537414551,-6.491447857115418e-05,-0.00014982135313863776
32505,78.0,7.539638318121433e-05,5,lag_15__T_velocity_mean,T_velocity_mean,False,1.2724034786224365,0.00011172444646945223,0.00014215857433489722
32505,78.0,7.539638318121433e-05,6,lag_06__T4__duck_amount,T4__duck_amount,False,3.6976382732391357,-3.499706872389652e-05,-0.00012940650076466009
32505,78.0,7.539638318121433e-05,7,lag_13__T_flashed_players,T_flashed_players,False,-1.9296237230300903,-6.601271161343902e-05,0.0001273796943508359
32505,78.0,7.539638318121433e-05,8,lag_07__T5__is_walking,T5__is_walking,False,-2.3193888664245605,-4.36340706073679e-05,0.00010120437756351228
32505,78.0,7.539638318121433e-05,9,lag_14__T_flashed_players,T_flashed_players,False,1.9296237230300903,-5.228402733337134e-05,-0.00010088849947802701
32505,78.0,7.539638318121433e-05,10,lag_02__T_velocity_mean,T_velocity_mean,False,2.9211161136627197,-2.629302252898924e-05,-7.680497178632738e-05
32505,78.0,7.539638318121433e-05,11,lag_13__CT_duck_amount_mean,CT_duck_amount_mean,False,-5.988534450531006,1.2038168279104866e-05,-7.209098546070904e-05
32505,78.0,7.539638318121433e-05,12,lag_00__CT_place_MIDDLE,CT_place_MIDDLE,False,-2.6229028701782227,-2.661398502823431e-05,6.980589771743602e-05
32505,78.0,7.539638318121433e-05,13,lag_08__T3__duck_amount,T3__duck_amount,False,-3.7704498767852783,1.4568713595508598e-05,-5.49306043811054e-05
32505,78.0,7.539638318121433e-05,14,lag_00__T_place_PALACEINTERIOR,T_place_PALACEINTERIOR,False,3.35436749458313,1.6149177099578083e-05,5.417027472709099e-05
32505,78.0,7.539638318121433e-05,15,lag_06__T_A_site_active_smokes,T_A_site_active_smokes,True,-1.422539234161377,-3.590059350244701e-05,5.1070002786909874e-05
32505,78.0,7.539638318121433e-05,16,lag_01__CT_walking_count,CT_walking_count,False,0.8974475860595703,5.53832869627513e-05,4.9703597192765625e-05
32505,78.0,7.539638318121433e-05,17,lag_06__CT_velocity_mean,CT_velocity_mean,False,-1.198225975036621,3.878885036101565e-05,-4.6477808044377567e-05
32505,78.0,7.539638318121433e-05,18,lag_14__T_velocity_mean,T_velocity_mean,False,-0.9772343635559082,3.7177593185333535e-05,-3.633122161500989e-05
32505,78.0,7.539638318121433e-05,19,lag_01__T_velocity_mean,T_velocity_mean,False,-3.680788516998291,-8.947704372985754e-06,3.293460750958136e-05
32505,78.0,7.539638318121433e-05,20,lag_13__T5__flash_duration,T5__flash_duration,True,-0.25112780928611755,-0.00012945968774147332,3.251092777338104e-05
31641,64.5,-7.355510024353862e-05,1,lag_07__T_place_SCAFFOLDING,T_place_SCAFFOLDING,False,-34.05546951293945,-2.2140877263154835e-05,0.0007540179706251038
31641,64.5,-7.355510024353862e-05,2,lag_14__CT_place_STAIRS,CT_place_STAIRS,False,-7.783008575439453,-6.291725003393367e-05,0.000489685496557174
31641,64.5,-7.355510024353862e-05,3,lag_05__CT4__duck_amount,CT4__duck_amount,False,3.6725916862487793,0.0001330674422206357,0.0004887023820098965
31641,64.5,-7.355510024353862e-05,4,lag_12__T5__duck_amount,T5__duck_amount,False,3.7970333099365234,7.632454071426764e-05,0.0002898068234576806
31641,64.5,-7.355510024353862e-05,5,lag_15__T_bomb_zone_count,T_bomb_zone_count,False,-5.821373462677002,4.1488572605885565e-05,-0.00024152047557225026
31641,64.5,-7.355510024353862e-05,6,lag_00__CT_duck_amount_mean,CT_duck_amount_mean,False,5.650177955627441,-3.964887582696974e-05,-0.00022402320416295418
31641,64.5,-7.355510024353862e-05,7,lag_10__T5__duck_amount,T5__duck_amount,False,-3.4955148696899414,5.22597401868552e-05,-0.00018267469890928534
31641,64.5,-7.355510024353862e-05,8,lag_02__CT_duck_amount_mean,CT_duck_amount_mean,False,-5.988534450531006,2.9184064260334708e-05,-0.00017476977422952508
31641,64.5,-7.355510024353862e-05,9,lag_00__CT4__duck_amount,CT4__duck_amount,False,3.465087413787842,-4.7265519242500886e-05,-0.00016377915583333687
31641,64.5,-7.355510024353862e-05,10,lag_02__CT4__duck_amount,CT4__duck_amount,False,-3.6725916862487793,4.293299571145326e-05,-0.00015767536311563773
31641,64.5,-7.355510024353862e-05,11,lag_01__T3__duck_amount,T3__duck_amount,False,-3.7704498767852783,3.662818198790774e-05,-0.00013810472426317548
31641,64.5,-7.355510024353862e-05,12,lag_03__T5__duck_amount,T5__duck_amount,False,3.7970333099365234,3.3187483495566994e-05,0.00012601398030563649
31641,64.5,-7.355510024353862e-05,13,lag_02__T3__duck_amount,T3__duck_amount,False,3.7704498767852783,3.2685482437955216e-05,0.00012323897323085562
31641,64.5,-7.355510024353862e-05,14,lag_11__T3__duck_amount,T3__duck_amount,False,-3.7704498767852783,3.194958480889909e-05,-0.00012046430810605437
31641,64.5,-7.355510024353862e-05,15,lag_05__CT_duck_amount_mean,CT_duck_amount_mean,False,5.988534450531006,-1.9572551536839455e-05,-0.00011721089916315666
31641,64.5,-7.355510024353862e-05,16,lag_02__damage_diff_last_5s,damage_diff_last_5s,False,2.255979061126709,4.429309774423018e-05,9.992430106342196e-05
31641,64.5,-7.355510024353862e-05,17,lag_01__T_duck_amount_mean,T_duck_amount_mean,False,-1.6949734687805176,5.475177022162825e-05,-9.280279789442708e-05
31641,64.5,-7.355510024353862e-05,18,lag_12__T_kills_last_3s,T_kills_last_3s,False,3.1681017875671387,-2.8035010473104194e-05,-8.881776679430485e-05
31641,64.5,-7.355510024353862e-05,19,lag_14__T_A_site_active_infernos,T_A_site_active_infernos,True,-2.9764554500579834,-2.8697426387225278e-05,8.541661117289446e-05
31641,64.5,-7.355510024353862e-05,20,lag_13__T_velocity_mean,T_velocity_mean,False,-1.2128989696502686,6.38014535070397e-05,-7.738471722087796e-05
32633,80.0,-7.236923556774855e-05,1,lag_01__CT_velocity_mean,CT_velocity_mean,False,-14.126656532287598,-2.48084088525502e-05,0.00035045987097253976
32633,80.0,-7.236923556774855e-05,2,lag_01__T_place_TRAMP,T_place_TRAMP,False,2.926727294921875,-9.896144911181182e-05,-0.0002896331742605618
32633,80.0,-7.236923556774855e-05,3,lag_05__T_velocity_mean,T_velocity_mean,False,-3.680788516998291,7.12866458343342e-05,-0.00026239106740234136
32633,80.0,-7.236923556774855e-05,4,lag_05__CT4__is_walking,CT4__is_walking,False,2.384641170501709,-8.860762318363413e-05,-0.00021129738626399566
32633,80.0,-7.236923556774855e-05,5,lag_00__T_velocity_mean,T_velocity_mean,False,-0.8058199882507324,-0.0002619743172544986,0.0002111041412520137
32633,80.0,-7.236923556774855e-05,6,lag_02__CT_velocity_mean,CT_velocity_mean,False,13.935868263244629,-1.4675579222966917e-05,-0.00020451693873807693
32633,80.0,-7.236923556774855e-05,7,lag_04__T_place_PALACEINTERIOR,T_place_PALACEINTERIOR,False,3.35436749458313,5.167870767763816e-05,0.00017334937719593307
32633,80.0,-7.236923556774855e-05,8,lag_00__T_walking_count,T_walking_count,False,0.7970898747444153,0.00013727178156841546,0.00010941794717631102
32633,80.0,-7.236923556774855e-05,9,lag_00__T_place_PALACEINTERIOR,T_place_PALACEINTERIOR,False,-6.70873498916626,1.6149177099578083e-05,-0.00010834054945418198
32633,80.0,-7.236923556774855e-05,10,lag_02__T_place_PALACEINTERIOR,T_place_PALACEINTERIOR,False,3.354367256164551,3.0346815037773922e-05,0.00010179436269159084
32633,80.0,-7.236923556774855e-05,11,lag_00__T_place_PALACEALLEY,T_place_PALACEALLEY,False,3.4808404445648193,2.82312830677256e-05,9.826859190409723e-05
32633,80.0,-7.236923556774855e-05,12,lag_01__T_unique_places,T_unique_places,False,0.8783379793167114,0.00010503230441827327,9.225386202572385e-05
32633,80.0,-7.236923556774855e-05,13,lag_01__T_place_PALACEINTERIOR,T_place_PALACEINTERIOR,False,-3.354367256164551,2.5389401344000362e-05,-8.516537652193505e-05
32633,80.0,-7.236923556774855e-05,14,lag_00__T5__is_walking,T5__is_walking,False,2.3193888664245605,3.3077027183026075e-05,7.671848858273322e-05
32633,80.0,-7.236923556774855e-05,15,lag_10__T4__duck_amount,T4__duck_amount,False,3.6976382732391357,-2.0366866010590456e-05,-7.530930326669254e-05
32633,80.0,-7.236923556774855e-05,16,lag_10__T_A_site_active_smokes,T_A_site_active_smokes,True,-1.422539234161377,-5.0873470172518864e-05,7.236950729834664e-05
32633,80.0,-7.236923556774855e-05,17,lag_13__T_place_PALACEALLEY,T_place_PALACEALLEY,False,-3.4808404445648193,1.9635172066045925e-05,-6.834690106348202e-05
32633,80.0,-7.236923556774855e-05,18,lag_13__CT_velocity_mean,CT_velocity_mean,False,1.5323410034179688,3.219757491024211e-05,4.933766424558561e-05
32633,80.0,-7.236923556774855e-05,19,lag_10__CT_velocity_mean,CT_velocity_mean,False,-1.198225975036621,3.557564195943996e-05,-4.262765827440368e-05
32633,80.0,-7.236923556774855e-05,20,lag_02__T_unique_places,T_unique_places,False,-0.8783379793167114,4.769713632413186e-05,-4.1894206338131696e-05
30969,54.0,-6.818724796175957e-05,1,lag_05__T_place_SCAFFOLDING,T_place_SCAFFOLDING,False,-34.05547332763672,2.4746092094574124e-05,-0.0008427398792900109
30969,54.0,-6.818724796175957e-05,2,lag_05__CT4__duck_amount,CT4__duck_amount,False,3.6725916862487793,0.0001330674422206357,0.0004887023820098965
30969,54.0,-6.818724796175957e-05,3,lag_05__CT_place_SNIPERSNEST,CT_place_SNIPERSNEST,False,-5.355666637420654,4.0907743823481724e-05,-0.0002190882388075719
30969,54.0,-6.818724796175957e-05,4,lag_14__T_shots_fired_sum,T_shots_fired_sum,False,-4.498422145843506,-4.8504214646527544e-05,0.00021819243333268644
30969,54.0,-6.818724796175957e-05,5,lag_01__T_bomb_zone_count,T_bomb_zone_count,False,5.821373462677002,3.713584737852216e-05,0.0002161816364433522
30969,54.0,-6.818724796175957e-05,6,lag_10__T5__duck_amount,T5__duck_amount,False,3.7970333099365234,5.22597401868552e-05,0.00019843197425811754
30969,54.0,-6.818724796175957e-05,7,lag_14__T_place_SCAFFOLDING,T_place_SCAFFOLDING,False,34.05546951293945,4.990170054952614e-06,0.00016994258417082214
30969,54.0,-6.818724796175957e-05,8,lag_15__T5__is_walking,T5__is_walking,False,-2.3193888664245605,6.852603110019118e-05,-0.0001589385135940466
30969,54.0,-6.818724796175957e-05,9,lag_03__CT1__duck_amount,CT1__duck_amount,False,3.8154516220092773,-3.98687734559644e-05,-0.0001521173763500798
30969,54.0,-6.818724796175957e-05,10,lag_15__T1__duck_amount,T1__duck_amount,False,2.7287509441375732,5.358115959097631e-05,0.0001462096398218626
30969,54.0,-6.818724796175957e-05,11,lag_09__T5__duck_amount,T5__duck_amount,False,-3.7970333099365234,3.4578559279907495e-05,-0.00013129594139542344
30969,54.0,-6.818724796175957e-05,12,lag_11__T_place_SCAFFOLDING,T_place_SCAFFOLDING,False,34.05547332763672,3.7612387586705154e-06,0.00012809076622477718
30969,54.0,-6.818724796175957e-05,13,lag_00__T_shots_fired_sum,T_shots_fired_sum,False,-1.4994741678237915,-8.412567694904283e-05,0.0001261442794357791
30969,54.0,-6.818724796175957e-05,14,lag_02__T3__duck_amount,T3__duck_amount,False,3.7704498767852783,3.2685482437955216e-05,0.00012323897323085562
30969,54.0,-6.818724796175957e-05,15,lag_04__T1__is_walking,T1__is_walking,False,-2.281590461730957,5.045337456976995e-05,-0.00011511393818052634
30969,54.0,-6.818724796175957e-05,16,lag_02__T_flashes_last_5s,T_flashes_last_5s,True,-9.0607271194458,1.2672301636484917e-05,-0.00011482026710349629
30969,54.0,-6.818724796175957e-05,17,lag_15__T_shots_fired_sum,T_shots_fired_sum,False,3.748685359954834,-3.053956606891006e-05,-0.00011448322422189655
30969,54.0,-6.818724796175957e-05,18,lag_11__T_place_PALACEINTERIOR,T_place_PALACEINTERIOR,False,-3.35436749458313,-3.1671388569520786e-05,0.00010623747632591222
30969,54.0,-6.818724796175957e-05,19,lag_01__T_shots_fired_sum,T_shots_fired_sum,False,2.249211311340332,-3.885216938215308e-05,-8.738673884444922e-05
30969,54.0,-6.818724796175957e-05,20,lag_02__CT_duck_amount_mean,CT_duck_amount_mean,False,-2.994267225265503,2.9184064260334708e-05,-8.738488711476254e-05
31737,66.0,6.811530329287052e-05,1,lag_05__CT4__duck_amount,CT4__duck_amount,False,-3.6725916862487793,0.0001330674422206357,-0.0004887023820098965
31737,66.0,6.811530329287052e-05,2,lag_00__CT_velocity_mean,CT_velocity_mean,False,-2.5946500301361084,-0.00013975588080938905,0.0003626176003537797
31737,66.0,6.811530329287052e-05,3,lag_00__T_shots_fired_sum,T_shots_fired_sum,False,3.748685359954834,-8.412567694904283e-05,-0.0003153606935751667
31737,66.0,6.811530329287052e-05,4,lag_07__T3__duck_amount,T3__duck_amount,False,3.7704498767852783,7.301103323698044e-05,0.00027528444127233875
31737,66.0,6.811530329287052e-05,5,lag_05__T3__duck_amount,T3__duck_amount,False,3.7704498767852783,-6.397163815563545e-05,-0.00024120185520166808
31737,66.0,6.811530329287052e-05,6,lag_15__T5__duck_amount,T5__duck_amount,False,3.7970333099365234,-4.756703128805384e-05,-0.00018061360225553325
31737,66.0,6.811530329287052e-05,7,lag_02__CT_duck_amount_mean,CT_duck_amount_mean,False,-5.988534450531006,2.9184064260334708e-05,-0.00017476977422952508
31737,66.0,6.811530329287052e-05,8,lag_02__CT4__duck_amount,CT4__duck_amount,False,-3.6725916862487793,4.293299571145326e-05,-0.00015767536311563773
31737,66.0,6.811530329287052e-05,9,lag_01__T3__is_walking,T3__is_walking,False,2.3223767280578613,6.758176459698007e-05,0.00015695031734111117
31737,66.0,6.811530329287052e-05,10,lag_14__T_shots_fired_sum,T_shots_fired_sum,False,-2.998948335647583,-4.8504214646527544e-05,0.0001454616337860969
31737,66.0,6.811530329287052e-05,11,lag_15__CT_velocity_mean,CT_velocity_mean,False,-1.8468010425567627,7.249134068842977e-05,-0.00013387708355972958
31737,66.0,6.811530329287052e-05,12,lag_02__T3__duck_amount,T3__duck_amount,False,-3.7704498767852783,3.2685482437955216e-05,-0.00012323897323085562
31737,66.0,6.811530329287052e-05,13,lag_05__CT_duck_amount_mean,CT_duck_amount_mean,False,-5.988534450531006,-1.9572551536839455e-05,0.00011721089916315666
31737,66.0,6.811530329287052e-05,14,lag_06__T5__duck_amount,T5__duck_amount,False,3.7970333099365234,3.083229239564389e-05,0.00011707124124796242
31737,66.0,6.811530329287052e-05,15,lag_01__T_shots_fired_sum,T_shots_fired_sum,False,2.998948335647583,-3.885216938215308e-05,-0.00011651564870490596
31737,66.0,6.811530329287052e-05,16,lag_00__T_velocity_mean,T_velocity_mean,False,-0.4327723979949951,-0.0002619743172544986,0.00011337525349133099
31737,66.0,6.811530329287052e-05,17,lag_05__T_velocity_mean,T_velocity_mean,False,-1.5866739749908447,7.12866458343342e-05,-0.00011310866570972758
31737,66.0,6.811530329287052e-05,18,lag_09__T_kills_last_3s,T_kills_last_3s,False,-3.1681017875671387,-3.548421955201775e-05,0.00011241761939317224
31737,66.0,6.811530329287052e-05,19,lag_06__T4__duck_amount,T4__duck_amount,False,-3.204620599746704,-3.499706872389652e-05,0.00011215232736334988
31737,66.0,6.811530329287052e-05,20,lag_07__T_duck_amount_mean,T_duck_amount_mean,False,2.7140748500823975,4.089231515536085e-05,0.00011098480412480814
32825,83.0,5.8317731600254774e-05,1,lag_01__T_place_TSPAWN,T_place_TSPAWN,False,-0.9492049813270569,-0.00034275284269824624,0.0003253427056531845
32825,83.0,5.8317731600254774e-05,2,lag_00__CT_place_STAIRS,CT_place_STAIRS,False,7.783008575439453,-4.0507267840439454e-05,-0.00031526841296976305
32825,83.0,5.8317731600254774e-05,3,lag_07__CT_velocity_mean,CT_velocity_mean,False,-14.126656532287598,2.181018135161139e-05,-0.0003081049408611182
32825,83.0,5.8317731600254774e-05,4,lag_00__T_velocity_mean,T_velocity_mean,False,-0.9696465730667114,-0.0002619743172544986,0.000254022498957316
32825,83.0,5.8317731600254774e-05,5,lag_08__CT_velocity_mean,CT_velocity_mean,False,13.935868263244629,-1.5317164070438594e-05,-0.00021345798065213611
32825,83.0,5.8317731600254774e-05,6,lag_05__T4__is_walking,T4__is_walking,False,-2.307980537414551,-9.220055653713644e-05,0.00021279709002650082
32825,83.0,5.8317731600254774e-05,7,lag_06__T_place_PALACEINTERIOR,T_place_PALACEINTERIOR,False,-6.70873498916626,2.476385452609975e-05,-0.00016613413732586863
32825,83.0,5.8317731600254774e-05,8,lag_10__T_place_PALACEINTERIOR,T_place_PALACEINTERIOR,False,3.35436749458313,-4.873858779319562e-05,-0.0001634871346253815
32825,83.0,5.8317731600254774e-05,9,lag_04__T4__is_walking,T4__is_walking,False,2.307980537414551,-6.613738514715806e-05,-0.00015264379771513098
32825,83.0,5.8317731600254774e-05,10,lag_00__T3__is_walking,T3__is_walking,False,2.3223767280578613,6.200389179866761e-05,0.00014399639536224335
32825,83.0,5.8317731600254774e-05,11,lag_06__T_place_PALACEALLEY,T_place_PALACEALLEY,False,3.4808404445648193,3.975813524448313e-05,0.00013839172515947486
32825,83.0,5.8317731600254774e-05,12,lag_00__CT_walking_count,CT_walking_count,False,-0.8974475860595703,0.00014486192958429456,-0.0001300059890173566
32825,83.0,5.8317731600254774e-05,13,lag_07__T_place_PALACEINTERIOR,T_place_PALACEINTERIOR,False,-3.354367256164551,-3.395981548237614e-05,0.0001139136930794725
32825,83.0,5.8317731600254774e-05,14,lag_00__CT_velocity_mean,CT_velocity_mean,False,-0.815029501914978,-0.00013975588080938905,0.0001139051659257654
32825,83.0,5.8317731600254774e-05,15,lag_08__T_place_PALACEINTERIOR,T_place_PALACEINTERIOR,False,3.354367256164551,-3.364949952811003e-05,-0.00011287277940341678
32825,83.0,5.8317731600254774e-05,16,lag_07__T_place_TRAMP,T_place_TRAMP,False,2.926727294921875,-3.8193098589545116e-05,-0.00011178078411966386
32825,83.0,5.8317731600254774e-05,17,lag_00__T_walking_count,T_walking_count,False,0.7970898151397705,0.00013727178156841546,0.00010941793899427524
32825,83.0,5.8317731600254774e-05,18,lag_12__T_velocity_mean,T_velocity_mean,False,2.9211161136627197,3.7153811717871577e-05,0.00010853059809306544
32825,83.0,5.8317731600254774e-05,19,lag_01__T_unique_places,T_unique_places,False,0.8783379793167114,0.00010503230441827327,9.225386202572385e-05
32825,83.0,5.8317731600254774e-05,20,lag_15__T4__duck_amount,T4__duck_amount,False,-3.6976382732391357,-1.9496175809763372e-05,7.208980585598004e-05
31449,61.5,-5.644536577165127e-05,1,lag_01__T_place_SCAFFOLDING,T_place_SCAFFOLDING,False,-34.05546951293945,2.1488804122782312e-05,-0.0007318113136729407
31449,61.5,-5.644536577165127e-05,2,lag_13__T_place_SCAFFOLDING,T_place_SCAFFOLDING,False,-34.05546951293945,1.640833397686947e-05,-0.0005587935175074069
31449,61.5,-5.644536577165127e-05,3,lag_00__T_kills_last_3s,T_kills_last_3s,False,-3.1681017875671387,-8.844123658491299e-05,0.00028019083971931105
31449,61.5,-5.644536577165127e-05,4,lag_05__T3__duck_amount,T3__duck_amount,False,-3.7704498767852783,-6.397163815563545e-05,0.00024120185520166808
31449,61.5,-5.644536577165127e-05,5,lag_04__T5__duck_amount,T5__duck_amount,False,-3.4955148696899414,-6.774971552658826e-05,0.00023682013804045277
31449,61.5,-5.644536577165127e-05,6,lag_09__T_bomb_zone_count,T_bomb_zone_count,False,-5.821373462677002,-3.445455513428897e-05,0.00020057283292709144
31449,61.5,-5.644536577165127e-05,7,lag_08__CT_place_STAIRS,CT_place_STAIRS,False,-7.783008575439453,-2.557648804213386e-05,0.00019906202576155246
31449,61.5,-5.644536577165127e-05,8,lag_00__kill_diff_last_3s,kill_diff_last_3s,False,2.4069459438323975,6.672720337519422e-05,0.0001606087715072032
31449,61.5,-5.644536577165127e-05,9,lag_11__T_place_SCAFFOLDING,T_place_SCAFFOLDING,False,34.05546951293945,3.7612387586705154e-06,0.00012809075187678997
31449,61.5,-5.644536577165127e-05,10,lag_06__T5__duck_amount,T5__duck_amount,False,3.7970333099365234,3.083229239564389e-05,0.00011707124124796242
31449,61.5,-5.644536577165127e-05,11,lag_11__T_place_PALACEINTERIOR,T_place_PALACEINTERIOR,False,-3.35436749458313,-3.1671388569520786e-05,0.00010623747632591222
31449,61.5,-5.644536577165127e-05,12,lag_00__CT_velocity_mean,CT_velocity_mean,False,0.7407321333885193,-0.00013975588080938905,-0.00010352167174553038
31449,61.5,-5.644536577165127e-05,13,lag_01__T_unique_places,T_unique_places,False,-0.8783379793167114,0.00010503230441827327,-9.225386202572385e-05
31449,61.5,-5.644536577165127e-05,14,lag_12__T_kills_last_3s,T_kills_last_3s,False,-3.1681017875671387,-2.8035010473104194e-05,8.881776679430485e-05
31449,61.5,-5.644536577165127e-05,15,lag_10__T4__duck_amount,T4__duck_amount,False,3.6976382732391357,-2.0366866010590456e-05,-7.530930326669254e-05
31449,61.5,-5.644536577165127e-05,16,lag_00__T_velocity_mean,T_velocity_mean,False,-0.2798756957054138,-0.0002619743172544986,7.332024429855359e-05
31449,61.5,-5.644536577165127e-05,17,lag_06__CT_velocity_mean,CT_velocity_mean,False,-1.8468010425567627,3.878885036101565e-05,-7.163528928630196e-05
31449,61.5,-5.644536577165127e-05,18,lag_06__T_kills_last_3s,T_kills_last_3s,False,3.1681017875671387,1.9835699276882224e-05,6.284151433673477e-05
31449,61.5,-5.644536577165127e-05,19,lag_01__T_macro_OTHER,T_macro_OTHER,False,-0.5903127193450928,-9.551502444082871e-05,5.6383733815978596e-05
31449,61.5,-5.644536577165127e-05,20,lag_13__T_place_BOMBSITEA,T_place_BOMBSITEA,False,1.6668972969055176,-3.181569627486169e-05,-5.30334981197339e-05
31993,70.0,-5.2863266319036484e-05,1,lag_13__CT4__duck_amount,CT4__duck_amount,False,-3.6725916862487793,-8.441798854619265e-05,0.0003100328029045918
31993,70.0,-5.2863266319036484e-05,2,lag_10__CT4__duck_amount,CT4__duck_amount,False,-3.6725916862487793,-7.632784399902448e-05,0.0002803210053001111
31993,70.0,-5.2863266319036484e-05,3,lag_11__CT4__duck_amount,CT4__duck_amount,False,3.465087413787842,-8.07443429948762e-05,-0.00027978620664611403
31993,70.0,-5.2863266319036484e-05,4,lag_00__CT_duck_amount_mean,CT_duck_amount_mean,False,5.988534450531006,-3.964887582696974e-05,-0.00023743865881463433
31993,70.0,-5.2863266319036484e-05,5,lag_00__T_velocity_mean,T_velocity_mean,False,0.7959911227226257,-0.0002619743172544986,-0.00020852923091590168
31993,70.0,-5.2863266319036484e-05,6,lag_03__T3__is_walking,T3__is_walking,False,-2.3223767280578613,8.213894034270197e-05,-0.00019075756351922407
31993,70.0,-5.2863266319036484e-05,7,lag_00__CT4__duck_amount,CT4__duck_amount,False,3.6725916862487793,-4.7265519242500886e-05,-0.00017358695301624046
31993,70.0,-5.2863266319036484e-05,8,lag_04__T_place_PALACEINTERIOR,T_place_PALACEINTERIOR,False,-3.35436749458313,5.167870767763816e-05,-0.00017334937719593307
31993,70.0,-5.2863266319036484e-05,9,lag_01__T3__is_walking,T3__is_walking,False,2.3223767280578613,6.758176459698007e-05,0.00015695031734111117
31993,70.0,-5.2863266319036484e-05,10,lag_00__T3__is_walking,T3__is_walking,False,-2.3223767280578613,6.200389179866761e-05,-0.00014399639536224335
31993,70.0,-5.2863266319036484e-05,11,lag_00__CT_velocity_mean,CT_velocity_mean,False,-0.9874501824378967,-0.00013975588080938905,0.00013800197000200017
31993,70.0,-5.2863266319036484e-05,12,lag_04__T3__is_walking,T3__is_walking,False,2.3223767280578613,5.94046177866403e-05,0.00013795990188686554
31993,70.0,-5.2863266319036484e-05,13,lag_03__T_place_TRAMP,T_place_TRAMP,False,-2.926727294921875,-4.6917859435779974e-05,0.0001373157798300051
31993,70.0,-5.2863266319036484e-05,14,lag_00__T_shots_fired_sum,T_shots_fired_sum,False,-1.499474048614502,-8.412567694904283e-05,0.00012614426940721693
31993,70.0,-5.2863266319036484e-05,15,lag_11__T3__duck_amount,T3__duck_amount,False,3.7704498767852783,3.194958480889909e-05,0.00012046430810605437
31993,70.0,-5.2863266319036484e-05,16,lag_11__CT_duck_amount_mean,CT_duck_amount_mean,False,5.650177955627441,2.106249849020969e-05,0.00011900686465981906
31993,70.0,-5.2863266319036484e-05,17,lag_04__T_place_TRAMP,T_place_TRAMP,False,2.926727294921875,-4.028692274005152e-05,-0.00011790883641171757
31993,70.0,-5.2863266319036484e-05,18,lag_00__T_walking_count,T_walking_count,False,-0.7970898747444153,0.00013727178156841546,-0.00010941794717631102
31993,70.0,-5.2863266319036484e-05,19,lag_10__CT_duck_amount_mean,CT_duck_amount_mean,False,-5.988534450531006,1.775678902049549e-05,-0.00010633714278004795
31993,70.0,-5.2863266319036484e-05,20,lag_14__T5__duck_amount,T5__duck_amount,False,3.7970333099365234,2.7711857910617255e-05,0.00010522284756684167
33081,87.0,-5.2860239520668983e-05,1,lag_15__CT_velocity_mean,CT_velocity_mean,False,-14.126656532287598,7.249134068842977e-05,-0.0010240602714704922
33081,87.0,-5.2860239520668983e-05,2,lag_00__CT_velocity_mean,CT_velocity_mean,False,3.637050151824951,-0.00013975588080938905,-0.0005082991475162182
33081,87.0,-5.2860239520668983e-05,3,lag_14__T_place_PALACEINTERIOR,T_place_PALACEINTERIOR,False,-6.70873498916626,-6.371627387125045e-05,0.00042745559589935783
33081,87.0,-5.2860239520668983e-05,4,lag_00__CT_place_STAIRS,CT_place_STAIRS,False,-7.783008575439453,-4.0507267840439454e-05,0.00031526841296976305
33081,87.0,-5.2860239520668983e-05,5,lag_00__T_velocity_mean,T_velocity_mean,False,1.1957427263259888,-0.0002619743172544986,-0.0003132538843412837
33081,87.0,-5.2860239520668983e-05,6,lag_15__T_place_PALACEINTERIOR,T_place_PALACEINTERIOR,False,-3.354367256164551,-7.702130824327469e-05,0.0002583577543981974
33081,87.0,-5.2860239520668983e-05,7,lag_14__T5__is_walking,T5__is_walking,False,2.3193888664245605,9.553072595736012e-05,0.00022157290218695683
33081,87.0,-5.2860239520668983e-05,8,lag_08__CT_place_STAIRS,CT_place_STAIRS,False,7.783008575439453,-2.557648804213386e-05,-0.00019906202576155246
33081,87.0,-5.2860239520668983e-05,9,lag_11__CT_place_CONNECTOR,CT_place_CONNECTOR,False,-3.575894594192505,-3.80740784748923e-05,0.0001361488913972286
33081,87.0,-5.2860239520668983e-05,10,lag_08__CT4__is_walking,CT4__is_walking,False,-2.384641170501709,5.53576392121613e-05,-0.00013200810556709963
33081,87.0,-5.2860239520668983e-05,11,lag_13__T4__is_walking,T4__is_walking,False,-2.307980537414551,-4.963249739375897e-05,0.00011455083800807411
33081,87.0,-5.2860239520668983e-05,12,lag_15__T_place_TRAMP,T_place_TRAMP,False,2.926727294921875,-3.674442268675193e-05,-0.00010754090481346346
33081,87.0,-5.2860239520668983e-05,13,lag_04__T5__is_walking,T5__is_walking,False,2.3193888664245605,-4.1987656004494056e-05,-9.738570186408786e-05
33081,87.0,-5.2860239520668983e-05,14,lag_06__CT_velocity_mean,CT_velocity_mean,False,1.6906535625457764,3.878885036101565e-05,6.557850804990613e-05
33081,87.0,-5.2860239520668983e-05,15,lag_06__T5__is_walking,T5__is_walking,False,-2.3193888664245605,-2.6353263820055872e-05,6.112346669818677e-05
33081,87.0,-5.2860239520668983e-05,16,lag_08__CT_walking_count,CT_walking_count,False,-0.8974475860595703,6.218955240910873e-05,-5.5811863687679764e-05
33081,87.0,-5.2860239520668983e-05,17,lag_07__T3__is_walking,T3__is_walking,False,-2.3223767280578613,-2.3111153495847248e-05,5.3672805037328734e-05
33081,87.0,-5.2860239520668983e-05,18,lag_13__T4__duck_amount,T4__duck_amount,False,2.848778486251831,-1.726739719742909e-05,-4.9190989649601155e-05
33081,87.0,-5.2860239520668983e-05,19,lag_05__T_velocity_mean,T_velocity_mean,False,0.6493879556655884,7.12866458343342e-05,4.6292689204615114e-05
33081,87.0,-5.2860239520668983e-05,20,lag_09__T_place_SIDEALLEY,T_place_SIDEALLEY,False,3.1883161067962646,-1.4403240129468031e-05,-4.592208249483724e-05
31961,69.5,4.913459997624159e-05,1,lag_15__CT_duck_amount_mean,CT_duck_amount_mean,False,5.988534450531006,-4.609776442521252e-05,-0.0002760580503528478
31961,69.5,4.913459997624159e-05,2,lag_10__CT4__duck_amount,CT4__duck_amount,False,3.465087413787842,-7.632784399902448e-05,-0.0002644826515625816
31961,69.5,4.913459997624159e-05,3,lag_12__CT4__duck_amount,CT4__duck_amount,False,-3.6725916862487793,-6.924681656528264e-05,0.0002543152828168513
31961,69.5,4.913459997624159e-05,4,lag_02__T_place_TRAMP,T_place_TRAMP,False,-2.926727294921875,-8.258190064225346e-05,0.00024169470267620952
31961,69.5,4.913459997624159e-05,5,lag_02__T3__is_walking,T3__is_walking,False,-2.3223767280578613,9.974709246307611e-05,-0.00023165032622768367
31961,69.5,4.913459997624159e-05,6,lag_12__T5__duck_amount,T5__duck_amount,False,-2.7430810928344727,7.632454071426764e-05,-0.00020936440455258248
31961,69.5,4.913459997624159e-05,7,lag_15__CT_velocity_mean,CT_velocity_mean,False,-2.7288265228271484,7.249134068842977e-05,-0.000197816293145886
31961,69.5,4.913459997624159e-05,8,lag_03__T3__is_walking,T3__is_walking,False,2.3223767280578613,8.213894034270197e-05,0.00019075756351922407
31961,69.5,4.913459997624159e-05,9,lag_00__T3__is_walking,T3__is_walking,False,2.3223767280578613,6.200389179866761e-05,0.00014399639536224335
31961,69.5,4.913459997624159e-05,10,lag_09__CT_duck_amount_mean,CT_duck_amount_mean,False,-5.988534450531006,2.346003384445794e-05,-0.00014049122088815973
31961,69.5,4.913459997624159e-05,11,lag_03__T_place_TRAMP,T_place_TRAMP,False,2.926727294921875,-4.6917859435779974e-05,-0.0001373157798300051
31961,69.5,4.913459997624159e-05,12,lag_09__CT4__duck_amount,CT4__duck_amount,False,-3.6725916862487793,3.688943979796022e-05,-0.00013547984991236356
31961,69.5,4.913459997624159e-05,13,lag_12__CT_duck_amount_mean,CT_duck_amount_mean,False,-5.988534450531006,2.106617648678366e-05,-0.00012615552363207019
31961,69.5,4.913459997624159e-05,14,lag_00__T_shots_fired_sum,T_shots_fired_sum,False,1.499474048614502,-8.412567694904283e-05,-0.00012614426940721693
31961,69.5,4.913459997624159e-05,15,lag_11__T3__duck_amount,T3__duck_amount,False,-3.7704498767852783,3.194958480889909e-05,-0.00012046430810605437
31961,69.5,4.913459997624159e-05,16,lag_02__T_place_PALACEALLEY,T_place_PALACEALLEY,False,3.4808404445648193,3.389289486221969e-05,0.00011797575921979747
31961,69.5,4.913459997624159e-05,17,lag_00__T_walking_count,T_walking_count,False,0.7970898747444153,0.00013727178156841546,0.00010941794717631102
31961,69.5,4.913459997624159e-05,18,lag_10__CT_duck_amount_mean,CT_duck_amount_mean,False,5.650177955627441,1.775678902049549e-05,0.000100329017886331
31961,69.5,4.913459997624159e-05,19,lag_00__CT_velocity_mean,CT_velocity_mean,False,-0.694654643535614,-0.00013975588080938905,9.708207156565191e-05
31961,69.5,4.913459997624159e-05,20,lag_00__T_velocity_mean,T_velocity_mean,False,-0.3674424886703491,-0.0002619743172544986,9.626049509970855e-05
31865,68.0,-4.2664119973778725e-05,1,lag_00__CT_velocity_mean,CT_velocity_mean,False,1.9943374395370483,-0.00013975588080938905,-0.0002787203854936419
31865,68.0,-4.2664119973778725e-05,2,lag_07__T3__duck_amount,T3__duck_amount,False,3.7704498767852783,7.301103323698044e-05,0.00027528444127233875
31865,68.0,-4.2664119973778725e-05,3,lag_06__CT4__duck_amount,CT4__duck_amount,False,-3.6725916862487793,7.044002268230543e-05,-0.00025869744168221034
31865,68.0,-4.2664119973778725e-05,4,lag_12__CT4__duck_amount,CT4__duck_amount,False,3.6725916862487793,-6.924681656528264e-05,-0.0002543152828168513
31865,68.0,-4.2664119973778725e-05,5,lag_06__CT_duck_amount_mean,CT_duck_amount_mean,False,-5.988534450531006,-4.122664904571138e-05,0.00024688720809019384
31865,68.0,-4.2664119973778725e-05,6,lag_00__T_place_TRAMP,T_place_TRAMP,False,2.926727294921875,-7.261516293510795e-05,-0.00021252477938737968
31865,68.0,-4.2664119973778725e-05,7,lag_10__T5__duck_amount,T5__duck_amount,False,3.7970333099365234,5.22597401868552e-05,0.00019843197425811754
31865,68.0,-4.2664119973778725e-05,8,lag_03__T3__is_walking,T3__is_walking,False,-2.3223767280578613,8.213894034270197e-05,-0.00019075756351922407
31865,68.0,-4.2664119973778725e-05,9,lag_14__T_place_SCAFFOLDING,T_place_SCAFFOLDING,False,-34.05546951293945,4.990170054952614e-06,-0.00016994258417082214
31865,68.0,-4.2664119973778725e-05,10,lag_00__T3__is_walking,T3__is_walking,False,2.3223767280578613,6.200389179866761e-05,0.00014399639536224335
31865,68.0,-4.2664119973778725e-05,11,lag_09__CT_duck_amount_mean,CT_duck_amount_mean,False,-5.988534450531006,2.346003384445794e-05,-0.00014049122088815973
31865,68.0,-4.2664119973778725e-05,12,lag_09__CT4__duck_amount,CT4__duck_amount,False,-3.6725916862487793,3.688943979796022e-05,-0.00013547984991236356
31865,68.0,-4.2664119973778725e-05,13,lag_15__T_velocity_mean,T_velocity_mean,False,-1.1343555450439453,0.00011172444646945223,-0.00012673524536958858
31865,68.0,-4.2664119973778725e-05,14,lag_12__CT_duck_amount_mean,CT_duck_amount_mean,False,5.988534450531006,2.106617648678366e-05,0.00012615552363207019
31865,68.0,-4.2664119973778725e-05,15,lag_07__CT_duck_amount_mean,CT_duck_amount_mean,False,5.650177955627441,-2.1874266167287715e-05,-0.0001235934964939362
31865,68.0,-4.2664119973778725e-05,16,lag_11__T3__duck_amount,T3__duck_amount,False,3.7704498767852783,3.194958480889909e-05,0.00012046430810605437
31865,68.0,-4.2664119973778725e-05,17,lag_00__T_walking_count,T_walking_count,False,0.7970898747444153,0.00013727178156841546,0.00010941794717631102
31865,68.0,-4.2664119973778725e-05,18,lag_02__T_place_PALACEINTERIOR,T_place_PALACEINTERIOR,False,3.35436749458313,3.0346815037773922e-05,0.00010179436992683536
31865,68.0,-4.2664119973778725e-05,19,lag_09__T5__duck_amount,T5__duck_amount,False,-2.7430810928344727,3.4578559279907495e-05,-9.485179217817025e-05
31865,68.0,-4.2664119973778725e-05,20,lag_13__T_kills_last_3s,T_kills_last_3s,False,-3.1681017875671387,-2.9342572815949097e-05,9.296025739002726e-05
31705,65.5,4.0897983126342297e-05,1,lag_09__T_place_SCAFFOLDING,T_place_SCAFFOLDING,False,-34.05546951293945,-2.9454546165652573e-05,0.0010030883989618489
31705,65.5,4.0897983126342297e-05,2,lag_01__CT_duck_amount_mean,CT_duck_amount_mean,False,-5.988534450531006,4.646148954634555e-05,-0.0002782362307712765
31705,65.5,4.0897983126342297e-05,3,lag_12__T5__duck_amount,T5__duck_amount,False,-3.4955148696899414,7.632454071426764e-05,-0.0002667935669889779
31705,65.5,4.0897983126342297e-05,4,lag_00__T_shots_fired_sum,T_shots_fired_sum,False,2.998948335647583,-8.412567694904283e-05,-0.0002522885588715582
31705,65.5,4.0897983126342297e-05,5,lag_05__T3__duck_amount,T3__duck_amount,False,-3.7704498767852783,-6.397163815563545e-05,0.00024120185520166808
31705,65.5,4.0897983126342297e-05,6,lag_04__T5__duck_amount,T5__duck_amount,False,-2.7430810928344727,-6.774971552658826e-05,0.00018584296370589837
31705,65.5,4.0897983126342297e-05,7,lag_02__CT_duck_amount_mean,CT_duck_amount_mean,False,5.650177955627441,2.9184064260334708e-05,0.00016489515653935784
31705,65.5,4.0897983126342297e-05,8,lag_02__CT4__duck_amount,CT4__duck_amount,False,3.465087413787842,4.293299571145326e-05,0.00014876658307596408
31705,65.5,4.0897983126342297e-05,9,lag_00__T3__is_walking,T3__is_walking,False,2.3223767280578613,6.200389179866761e-05,0.00014399639536224335
31705,65.5,4.0897983126342297e-05,10,lag_01__T3__duck_amount,T3__duck_amount,False,-3.7704498767852783,3.662818198790774e-05,-0.00013810472426317548
31705,65.5,4.0897983126342297e-05,11,lag_15__T_velocity_mean,T_velocity_mean,False,-1.2128989696502686,0.00011172444646945223,-0.0001355104660075452
31705,65.5,4.0897983126342297e-05,12,lag_07__CT_duck_amount_mean,CT_duck_amount_mean,False,5.988534450531006,-2.1874266167287715e-05,-0.0001309947965228873
31705,65.5,4.0897983126342297e-05,13,lag_02__T3__duck_amount,T3__duck_amount,False,3.7704498767852783,3.2685482437955216e-05,0.00012323897323085562
31705,65.5,4.0897983126342297e-05,14,lag_00__CT_velocity_mean,CT_velocity_mean,False,0.8445874452590942,-0.00013975588080938905,-0.00011803606233273638
31705,65.5,4.0897983126342297e-05,15,lag_06__T4__duck_amount,T4__duck_amount,False,3.204620599746704,-3.499706872389652e-05,-0.00011215232736334988
31705,65.5,4.0897983126342297e-05,16,lag_00__T_walking_count,T_walking_count,False,0.7970898747444153,0.00013727178156841546,0.00010941794717631102
31705,65.5,4.0897983126342297e-05,17,lag_14__T5__duck_amount,T5__duck_amount,False,3.7970333099365234,2.7711857910617255e-05,0.00010522284756684167
31705,65.5,4.0897983126342297e-05,18,lag_04__CT_duck_amount_mean,CT_duck_amount_mean,False,-5.988534450531006,-1.680820423644036e-05,0.0001006565101214843
31705,65.5,4.0897983126342297e-05,19,lag_10__T5__duck_amount,T5__duck_amount,False,1.6951453685760498,5.22597401868552e-05,8.858785654073525e-05
31705,65.5,4.0897983126342297e-05,20,lag_14__CT_velocity_mean,CT_velocity_mean,False,-1.8468010425567627,4.572719626594335e-05,-8.444903373714188e-05
32025,70.5,-4.0535524021834135e-05,1,lag_00__T_velocity_mean,T_velocity_mean,False,1.2724034786224365,-0.0002619743172544986,-0.0003333370325843618
32025,70.5,-4.0535524021834135e-05,2,lag_11__CT4__duck_amount,CT4__duck_amount,False,-3.6725916862487793,-8.07443429948762e-05,0.0002965410027946022
32025,70.5,-4.0535524021834135e-05,3,lag_01__CT_duck_amount_mean,CT_duck_amount_mean,False,5.988534450531006,4.646148954634555e-05,0.0002782362307712765
32025,70.5,-4.0535524021834135e-05,4,lag_14__CT_duck_amount_mean,CT_duck_amount_mean,False,-5.988534450531006,-4.31748412665911e-05,0.00025855402432118854
32025,70.5,-4.0535524021834135e-05,5,lag_12__CT4__duck_amount,CT4__duck_amount,False,3.465087413787842,-6.924681656528264e-05,-0.00023994627252523631
32025,70.5,-4.0535524021834135e-05,6,lag_02__T3__is_walking,T3__is_walking,False,2.3223767280578613,9.974709246307611e-05,0.00023165032622768367
32025,70.5,-4.0535524021834135e-05,7,lag_15__T5__duck_amount,T5__duck_amount,False,3.7970333099365234,-4.756703128805384e-05,-0.00018061360225553325
32025,70.5,-4.0535524021834135e-05,8,lag_04__T_place_PALACEALLEY,T_place_PALACEALLEY,False,3.4808404445648193,4.9905011110240594e-05,0.00017371138105898212
32025,70.5,-4.0535524021834135e-05,9,lag_08__T_shots_fired_sum,T_shots_fired_sum,False,-6.747633457183838,2.529897574277129e-05,-0.0001707082151544059
32025,70.5,-4.0535524021834135e-05,10,lag_01__T3__is_walking,T3__is_walking,False,-2.3223767280578613,6.758176459698007e-05,-0.00015695031734111117
32025,70.5,-4.0535524021834135e-05,11,lag_04__T3__is_walking,T3__is_walking,False,-2.3223767280578613,5.94046177866403e-05,-0.00013795990188686554
32025,70.5,-4.0535524021834135e-05,12,lag_11__CT_duck_amount_mean,CT_duck_amount_mean,False,-5.988534450531006,2.106249849020969e-05,-0.00012613349782287803
32025,70.5,-4.0535524021834135e-05,13,lag_11__T3__duck_amount,T3__duck_amount,False,-3.7704498767852783,3.194958480889909e-05,-0.00012046430810605437
32025,70.5,-4.0535524021834135e-05,14,lag_12__CT_duck_amount_mean,CT_duck_amount_mean,False,5.650177955627441,2.106617648678366e-05,0.00011902764599498218
32025,70.5,-4.0535524021834135e-05,15,lag_04__T_place_TRAMP,T_place_TRAMP,False,-2.926727294921875,-4.028692274005152e-05,0.00011790883641171757
32025,70.5,-4.0535524021834135e-05,16,lag_09__T3__shots_fired,T3__shots_fired,False,3.027853012084961,3.892474342137575e-05,0.00011785840161304684
32025,70.5,-4.0535524021834135e-05,17,lag_07__T_place_PALACEINTERIOR,T_place_PALACEINTERIOR,False,3.35436749458313,-3.395981548237614e-05,-0.00011391370117612345
32025,70.5,-4.0535524021834135e-05,18,lag_09__T_shots_fired_sum,T_shots_fired_sum,False,3.748685359954834,3.0193288694135845e-05,0.00011318513929659685
32025,70.5,-4.0535524021834135e-05,19,lag_10__T3__is_walking,T3__is_walking,False,2.3223767280578613,-4.658521356759593e-05,-0.00010818841586099012
32025,70.5,-4.0535524021834135e-05,20,lag_01__T_walking_count,T_walking_count,False,-0.7970898747444153,0.00013061748177278787,-0.00010411387218570243
31321,59.5,-4.013208672404289e-05,1,lag_09__T_place_SCAFFOLDING,T_place_SCAFFOLDING,False,-34.05546951293945,-2.9454546165652573e-05,0.0010030883989618489
31321,59.5,-4.013208672404289e-05,2,lag_07__T_place_SCAFFOLDING,T_place_SCAFFOLDING,False,34.05546951293945,-2.2140877263154835e-05,-0.0007540179706251038
31321,59.5,-4.013208672404289e-05,3,lag_04__CT_place_STAIRS,CT_place_STAIRS,False,-7.783008575439453,-5.22503032698296e-05,0.0004066645584183959
31321,59.5,-4.013208672404289e-05,4,lag_14__CT1__duck_amount,CT1__duck_amount,False,3.8154516220092773,-9.594065340934321e-05,-0.00036605692166730847
31321,59.5,-4.013208672404289e-05,5,lag_05__T3__duck_amount,T3__duck_amount,False,-3.7704498767852783,-6.397163815563545e-05,0.00024120185520166808
31321,59.5,-4.013208672404289e-05,6,lag_13__CT1__duck_amount,CT1__duck_amount,False,-3.8154516220092773,-5.8879235439235345e-05,0.00022465087435929662
31321,59.5,-4.013208672404289e-05,7,lag_00__CT_velocity_mean,CT_velocity_mean,False,-1.1354761123657227,-0.00013975588080938905,0.0001586894642216924
31321,59.5,-4.013208672404289e-05,8,lag_01__T3__duck_amount,T3__duck_amount,False,-3.7704498767852783,3.662818198790774e-05,-0.00013810472426317548
31321,59.5,-4.013208672404289e-05,9,lag_06__T4__duck_amount,T4__duck_amount,False,3.6976382732391357,-3.499706872389652e-05,-0.00012940650076466009
31321,59.5,-4.013208672404289e-05,10,lag_02__T3__duck_amount,T3__duck_amount,False,3.7704498767852783,3.2685482437955216e-05,0.00012323897323085562
31321,59.5,-4.013208672404289e-05,11,lag_02__T_duck_amount_mean,T_duck_amount_mean,False,2.9079365730285645,4.1796007280936465e-05,0.00012154013817880331
31321,59.5,-4.013208672404289e-05,12,lag_01__T_shots_fired_sum,T_shots_fired_sum,False,-2.998948335647583,-3.885216938215308e-05,0.00011651564870490596
31321,59.5,-4.013208672404289e-05,13,lag_07__T_place_PALACEINTERIOR,T_place_PALACEINTERIOR,False,-3.35436749458313,-3.395981548237614e-05,0.00011391370117612345
31321,59.5,-4.013208672404289e-05,14,lag_13__T_flashes_last_5s,T_flashes_last_5s,True,-9.0607271194458,-1.2120555766159669e-05,0.00010982104833319808
31321,59.5,-4.013208672404289e-05,15,lag_02__damage_diff_last_5s,damage_diff_last_5s,False,-2.255979061126709,4.429309774423018e-05,-9.992430106342196e-05
31321,59.5,-4.013208672404289e-05,16,lag_14__CT_duck_amount_mean,CT_duck_amount_mean,False,2.0347492694854736,-4.31748412665911e-05,-8.784997672734753e-05
31321,59.5,-4.013208672404289e-05,17,lag_00__T5__duck_amount,T5__duck_amount,False,-3.4955148696899414,-2.51025048783049e-05,8.774617906857907e-05
31321,59.5,-4.013208672404289e-05,18,lag_01__T_duck_amount_mean,T_duck_amount_mean,False,-1.5694262981414795,5.475177022162825e-05,-8.592886805562291e-05
31321,59.5,-4.013208672404289e-05,19,lag_05__T_bomb_zone_count,T_bomb_zone_count,False,-5.821373462677002,-1.2709682778222486e-05,7.39878100441873e-05
31321,59.5,-4.013208672404289e-05,20,lag_04__T_A_site_active_infernos,T_A_site_active_infernos,True,-2.9764554500579834,-2.4760169253568165e-05,7.369754071914108e-05
31929,69.0,3.959162859246135e-05,1,lag_11__CT4__duck_amount,CT4__duck_amount,False,-3.6725916862487793,-8.07443429948762e-05,0.0002965410027946022
31929,69.0,3.959162859246135e-05,2,lag_12__T5__duck_amount,T5__duck_amount,False,3.7970333099365234,7.632454071426764e-05,0.0002898068234576806
31929,69.0,3.959162859246135e-05,3,lag_01__T_place_TRAMP,T_place_TRAMP,False,-2.926727294921875,-9.896144911181182e-05,0.0002896331742605618
31929,69.0,3.959162859246135e-05,4,lag_01__T_place_PALACEALLEY,T_place_PALACEALLEY,False,3.4808404445648193,7.636902591912076e-05,0.0002658283941312945
31929,69.0,3.959162859246135e-05,5,lag_14__CT_duck_amount_mean,CT_duck_amount_mean,False,5.988534450531006,-4.31748412665911e-05,-0.00025855402432118854
31929,69.0,3.959162859246135e-05,6,lag_02__T_place_TRAMP,T_place_TRAMP,False,2.926727294921875,-8.258190064225346e-05,-0.00024169470267620952
31929,69.0,3.959162859246135e-05,7,lag_02__T3__is_walking,T3__is_walking,False,2.3223767280578613,9.974709246307611e-05,0.00023165032622768367
31929,69.0,3.959162859246135e-05,8,lag_00__CT_velocity_mean,CT_velocity_mean,False,1.3179359436035156,-0.00013975588080938905,-0.00018418929864866262
31929,69.0,3.959162859246135e-05,9,lag_04__T_place_PALACEINTERIOR,T_place_PALACEINTERIOR,False,3.35436749458313,5.167870767763816e-05,0.00017334937719593307
31929,69.0,3.959162859246135e-05,10,lag_01__T3__is_walking,T3__is_walking,False,-2.3223767280578613,6.758176459698007e-05,-0.00015695031734111117
31929,69.0,3.959162859246135e-05,11,lag_09__CT_duck_amount_mean,CT_duck_amount_mean,False,5.650177955627441,2.346003384445794e-05,0.00013255336606622994
31929,69.0,3.959162859246135e-05,12,lag_09__CT4__duck_amount,CT4__duck_amount,False,3.465087413787842,3.688943979796022e-05,0.00012782513354559627
31929,69.0,3.959162859246135e-05,13,lag_11__CT_duck_amount_mean,CT_duck_amount_mean,False,-5.988534450531006,2.106249849020969e-05,-0.00012613349782287803
31929,69.0,3.959162859246135e-05,14,lag_14__CT_velocity_mean,CT_velocity_mean,False,-2.7288265228271484,4.572719626594335e-05,-0.00012478158598502875
31929,69.0,3.959162859246135e-05,15,lag_11__T3__duck_amount,T3__duck_amount,False,3.7704498767852783,3.194958480889909e-05,0.00012046430810605437
31929,69.0,3.959162859246135e-05,16,lag_05__T3__shots_fired,T3__shots_fired,False,-5.450135707855225,1.9701599740074016e-05,-0.00010737639224524861
31929,69.0,3.959162859246135e-05,17,lag_01__T_walking_count,T_walking_count,False,-0.7970898747444153,0.00013061748177278787,-0.00010411387218570243
31929,69.0,3.959162859246135e-05,18,lag_02__T_place_PALACEINTERIOR,T_place_PALACEINTERIOR,False,-3.35436749458313,3.0346815037773922e-05,-0.00010179436992683536
31929,69.0,3.959162859246135e-05,19,lag_06__CT_velocity_mean,CT_velocity_mean,False,-2.5946500301361084,3.878885036101565e-05,-0.00010064349175815425
31929,69.0,3.959162859246135e-05,20,lag_04__T5__is_walking,T5__is_walking,False,2.3193888664245605,-4.1987656004494056e-05,-9.738570186408786e-05
31801,67.0,3.665557596832514e-05,1,lag_05__CT4__duck_amount,CT4__duck_amount,False,3.465087413787842,0.0001330674422206357,0.00046109031922366567
31801,67.0,3.665557596832514e-05,2,lag_12__T_place_SCAFFOLDING,T_place_SCAFFOLDING,False,-34.05546951293945,1.329323640675284e-05,-0.00045270740717846814
31801,67.0,3.665557596832514e-05,3,lag_10__CT4__duck_amount,CT4__duck_amount,False,3.6725916862487793,-7.632784399902448e-05,-0.0002803210053001111
31801,67.0,3.665557596832514e-05,4,lag_07__T3__duck_amount,T3__duck_amount,False,3.7704498767852783,7.301103323698044e-05,0.00027528444127233875
31801,67.0,3.665557596832514e-05,5,lag_01__T_shots_fired_sum,T_shots_fired_sum,False,-6.747633457183838,-3.885216938215308e-05,0.00026216019800718963
31801,67.0,3.665557596832514e-05,6,lag_05__T3__duck_amount,T3__duck_amount,False,3.7704498767852783,-6.397163815563545e-05,-0.00024120185520166808
31801,67.0,3.665557596832514e-05,7,lag_03__T3__is_walking,T3__is_walking,False,2.3223767280578613,8.213894034270197e-05,0.00019075756351922407
31801,67.0,3.665557596832514e-05,8,lag_15__T5__duck_amount,T5__duck_amount,False,-3.4955148696899414,-4.756703128805384e-05,0.00016627126517439889
31801,67.0,3.665557596832514e-05,9,lag_01__T3__is_walking,T3__is_walking,False,-2.3223767280578613,6.758176459698007e-05,-0.00015695031734111117
31801,67.0,3.665557596832514e-05,10,lag_07__CT_duck_amount_mean,CT_duck_amount_mean,False,-5.988534450531006,-2.1874266167287715e-05,0.0001309947965228873
31801,67.0,3.665557596832514e-05,11,lag_12__T5__duck_amount,T5__duck_amount,False,-1.6951453685760498,7.632454071426764e-05,-0.00012938119170048494
31801,67.0,3.665557596832514e-05,12,lag_02__T_shots_fired_sum,T_shots_fired_sum,False,3.748685359954834,-3.405941242817789e-05,-0.0001276780207381742
31801,67.0,3.665557596832514e-05,13,lag_11__T_kills_last_3s,T_kills_last_3s,False,-3.1681017875671387,-3.891903179464862e-05,0.0001232994541990086
31801,67.0,3.665557596832514e-05,14,lag_00__CT_velocity_mean,CT_velocity_mean,False,-0.7938603758811951,-0.00013975588080938905,0.00011094665607094909
31801,67.0,3.665557596832514e-05,15,lag_05__CT_duck_amount_mean,CT_duck_amount_mean,False,5.650177955627441,-1.9572551536839455e-05,-0.00011058839922883229
31801,67.0,3.665557596832514e-05,16,lag_00__T_walking_count,T_walking_count,False,0.7970898747444153,0.00013727178156841546,0.00010941794717631102
31801,67.0,3.665557596832514e-05,17,lag_10__CT_duck_amount_mean,CT_duck_amount_mean,False,5.988534450531006,1.775678902049549e-05,0.00010633714278004795
31801,67.0,3.665557596832514e-05,18,lag_01__T_walking_count,T_walking_count,False,-0.7970898747444153,0.00013061748177278787,-0.00010411387218570243
31801,67.0,3.665557596832514e-05,19,lag_04__CT_duck_amount_mean,CT_duck_amount_mean,False,-5.988534450531006,-1.680820423644036e-05,0.0001006565101214843
31801,67.0,3.665557596832514e-05,20,lag_10__CT_velocity_mean,CT_velocity_mean,False,-2.7288265228271484,3.557564195943996e-05,-9.707975534552216e-05
32217,73.5,3.6386772990226746e-05,1,lag_14__T_shots_fired_sum,T_shots_fired_sum,False,-6.747633457183838,-4.8504214646527544e-05,0.0003272886615633356
32217,73.5,3.6386772990226746e-05,2,lag_00__CT_velocity_mean,CT_velocity_mean,False,1.5323410034179688,-0.00013975588080938905,-0.00021415366663302127
32217,73.5,3.6386772990226746e-05,3,lag_13__T5__is_walking,T5__is_walking,False,2.3193888664245605,8.33846497698687e-05,0.00019340142830694476
32217,73.5,3.6386772990226746e-05,4,lag_15__CT_velocity_mean,CT_velocity_mean,False,-2.5946500301361084,7.249134068842977e-05,-0.0001880896593018412
32217,73.5,3.6386772990226746e-05,5,lag_09__T_place_PALACEINTERIOR,T_place_PALACEINTERIOR,False,3.35436749458313,-5.408781362348236e-05,-0.0001814304038716798
32217,73.5,3.6386772990226746e-05,6,lag_11__T3__is_walking,T3__is_walking,False,2.3223767280578613,-7.320667646126822e-05,-0.00017001348175211053
32217,73.5,3.6386772990226746e-05,7,lag_13__T_place_PALACEINTERIOR,T_place_PALACEINTERIOR,False,3.35436749458313,-4.0921815525507554e-05,-0.0001372668078180898
32217,73.5,3.6386772990226746e-05,8,lag_10__T_place_TRAMP,T_place_TRAMP,False,-2.926727294921875,-4.669040936278179e-05,0.00013665009549312934
32217,73.5,3.6386772990226746e-05,9,lag_07__CT_duck_amount_mean,CT_duck_amount_mean,False,5.988534450531006,-2.1874266167287715e-05,-0.0001309947965228873
32217,73.5,3.6386772990226746e-05,10,lag_11__T_place_TRAMP,T_place_TRAMP,False,2.926727294921875,-4.4678083213511854e-05,-0.00013076056562577598
32217,73.5,3.6386772990226746e-05,11,lag_14__T3__shots_fired,T3__shots_fired,False,-5.450135707855225,-2.2223890482564457e-05,0.00012112321908648842
32217,73.5,3.6386772990226746e-05,12,lag_10__T_place_PALACEALLEY,T_place_PALACEALLEY,False,3.4808404445648193,3.4614509786479175e-05,0.00012048758563356146
32217,73.5,3.6386772990226746e-05,13,lag_00__T_velocity_mean,T_velocity_mean,False,-0.45336925983428955,-0.0002619743172544986,0.00011877110230926538
32217,73.5,3.6386772990226746e-05,14,lag_15__T_shots_fired_sum,T_shots_fired_sum,False,3.748685359954834,-3.053956606891006e-05,-0.00011448322422189655
32217,73.5,3.6386772990226746e-05,15,lag_10__T3__is_walking,T3__is_walking,False,-2.3223767280578613,-4.658521356759593e-05,0.00010818841586099012
32217,73.5,3.6386772990226746e-05,16,lag_11__T_place_PALACEINTERIOR,T_place_PALACEINTERIOR,False,-3.35436749458313,-3.1671388569520786e-05,0.00010623747632591222
32217,73.5,3.6386772990226746e-05,17,lag_04__CT_duck_amount_mean,CT_duck_amount_mean,False,-5.988534450531006,-1.680820423644036e-05,0.0001006565101214843
32217,73.5,3.6386772990226746e-05,18,lag_00__T_place_PALACEALLEY,T_place_PALACEALLEY,False,-3.4808404445648193,2.82312830677256e-05,-9.826859190409723e-05
32217,73.5,3.6386772990226746e-05,19,lag_05__T_flashed_players,T_flashed_players,False,1.9296237230300903,4.887054456048645e-05,9.43017621413138e-05
32217,73.5,3.6386772990226746e-05,20,lag_05__T_velocity_mean,T_velocity_mean,False,-0.9772343635559082,7.12866458343342e-05,-6.966375997195101e-05
31513,62.5,3.3715623430907726e-05,1,lag_03__T_place_SCAFFOLDING,T_place_SCAFFOLDING,False,-34.05546951293945,3.95409733755514e-05,-0.0013465864133030414
31513,62.5,3.3715623430907726e-05,2,lag_15__T_place_SCAFFOLDING,T_place_SCAFFOLDING,False,-34.05546951293945,-3.272376852692105e-05,0.0011144233014170474
31513,62.5,3.3715623430907726e-05,3,lag_13__T_place_SCAFFOLDING,T_place_SCAFFOLDING,False,34.05546951293945,1.640833397686947e-05,0.0005587935175074069
31513,62.5,3.3715623430907726e-05,4,lag_10__CT_place_STAIRS,CT_place_STAIRS,False,-7.783008575439453,-5.63991634408012e-05,0.00043895517270736706
31513,62.5,3.3715623430907726e-05,5,lag_01__CT_duck_amount_mean,CT_duck_amount_mean,False,5.988534450531006,4.646148954634555e-05,0.0002782362307712765
31513,62.5,3.3715623430907726e-05,6,lag_07__T3__duck_amount,T3__duck_amount,False,-3.7704498767852783,7.301103323698044e-05,-0.00027528444127233875
31513,62.5,3.3715623430907726e-05,7,lag_00__T_velocity_mean,T_velocity_mean,False,0.5681968927383423,-0.0002619743172544986,-0.0001488529930412548
31513,62.5,3.3715623430907726e-05,8,lag_13__T_place_PALACEINTERIOR,T_place_PALACEINTERIOR,False,-3.35436749458313,-4.0921815525507554e-05,0.0001372668078180898
31513,62.5,3.3715623430907726e-05,9,lag_11__T3__duck_amount,T3__duck_amount,False,-3.7704498767852783,3.194958480889909e-05,-0.00012046430810605437
31513,62.5,3.3715623430907726e-05,10,lag_04__T5__duck_amount,T5__duck_amount,False,1.6951453685760498,-6.774971552658826e-05,-0.00011484561649724098
31513,62.5,3.3715623430907726e-05,11,lag_06__T5__duck_amount,T5__duck_amount,False,-3.4955148696899414,3.083229239564389e-05,-0.00010777473653560132
31513,62.5,3.3715623430907726e-05,12,lag_05__T_velocity_mean,T_velocity_mean,False,1.353337049484253,7.12866458343342e-05,9.647485894106675e-05
31513,62.5,3.3715623430907726e-05,13,lag_14__T_A_site_active_smokes,T_A_site_active_smokes,True,-1.422539234161377,-5.9645288274623454e-05,8.48477627035174e-05
31513,62.5,3.3715623430907726e-05,14,lag_11__T3__has_bomb,T3__has_bomb,False,-3.15621280670166,2.4258089979412034e-05,-7.656369425914147e-05
31513,62.5,3.3715623430907726e-05,15,lag_01__CT_velocity_mean,CT_velocity_mean,False,-2.7288265228271484,-2.48084088525502e-05,6.769784406597881e-05
31513,62.5,3.3715623430907726e-05,16,lag_07__T_duck_amount_mean,T_duck_amount_mean,False,-1.5694262981414795,4.089231515536085e-05,-6.41774747967127e-05
31513,62.5,3.3715623430907726e-05,17,lag_11__bomb_planted,bomb_planted,False,2.6487250328063965,-2.2894191715749912e-05,-6.0640418703375616e-05
31513,62.5,3.3715623430907726e-05,18,lag_00__CT_velocity_mean,CT_velocity_mean,False,0.4278860092163086,-0.00013975588080938905,-5.979958610403957e-05
31513,62.5,3.3715623430907726e-05,19,lag_03__T5__duck_amount,T5__duck_amount,False,-1.6951453685760498,3.3187483495566994e-05,-5.625760894220448e-05
31513,62.5,3.3715623430907726e-05,20,lag_08__T3__duck_amount,T3__duck_amount,False,3.7704498767852783,1.4568713595508598e-05,5.49306043811054e-05
32697,81.0,-3.297609509900212e-05,1,lag_00__T_velocity_mean,T_velocity_mean,False,-0.7956617474555969,-0.0002619743172544986,0.0002084429430552013
32697,81.0,-3.297609509900212e-05,2,lag_02__T_place_PALACEINTERIOR,T_place_PALACEINTERIOR,False,-6.70873498916626,3.0346815037773922e-05,-0.00020358873985367072
32697,81.0,-3.297609509900212e-05,3,lag_13__T5__is_walking,T5__is_walking,False,-2.3193888664245605,8.33846497698687e-05,-0.00019340142830694476
32697,81.0,-3.297609509900212e-05,4,lag_04__T_place_PALACEINTERIOR,T_place_PALACEINTERIOR,False,3.354367256164551,5.167870767763816e-05,0.000173349364874769
32697,81.0,-3.297609509900212e-05,5,lag_02__T_place_TSPAWN,T_place_TSPAWN,False,0.9492049813270569,-0.00015122150944080204,-0.00014354021004500585
32697,81.0,-3.297609509900212e-05,6,lag_03__T_place_TRAMP,T_place_TRAMP,False,2.926727294921875,-4.6917859435779974e-05,-0.0001373157798300051
32697,81.0,-3.297609509900212e-05,7,lag_04__CT_velocity_mean,CT_velocity_mean,False,13.935868263244629,8.876762876752764e-06,0.00012370539805448694
32697,81.0,-3.297609509900212e-05,8,lag_02__T_place_PALACEALLEY,T_place_PALACEALLEY,False,3.4808404445648193,3.389289486221969e-05,0.00011797575921979747
32697,81.0,-3.297609509900212e-05,9,lag_15__CT_velocity_mean,CT_velocity_mean,False,1.5323410034179688,7.249134068842977e-05,0.0001110814537296223
32697,81.0,-3.297609509900212e-05,10,lag_00__T_walking_count,T_walking_count,False,0.7970898747444153,0.00013727178156841546,0.00010941794717631102
32697,81.0,-3.297609509900212e-05,11,lag_01__T_walking_count,T_walking_count,False,-0.7970898747444153,0.00013061748177278787,-0.00010411387218570243
32697,81.0,-3.297609509900212e-05,12,lag_03__CT_velocity_mean,CT_velocity_mean,False,-14.126656532287598,6.89240232532029e-06,-9.736660033214011e-05
32697,81.0,-3.297609509900212e-05,13,lag_07__CT4__is_walking,CT4__is_walking,False,2.384641170501709,4.0804181480780244e-05,9.730333108769196e-05
32697,81.0,-3.297609509900212e-05,14,lag_06__T_place_PALACEINTERIOR,T_place_PALACEINTERIOR,False,3.35436749458313,2.476385452609975e-05,8.306706866293432e-05
32697,81.0,-3.297609509900212e-05,15,lag_08__T4__is_walking,T4__is_walking,False,2.307980537414551,3.39664111379534e-05,7.839381583221727e-05
32697,81.0,-3.297609509900212e-05,16,lag_15__T3__duck_amount,T3__duck_amount,False,3.7704498767852783,2.0354733351268806e-05,7.674650185628866e-05
32697,81.0,-3.297609509900212e-05,17,lag_06__CT_place_CONNECTOR,CT_place_CONNECTOR,False,3.575894594192505,-2.1408979591797106e-05,-7.655625438948493e-05
32697,81.0,-3.297609509900212e-05,18,lag_15__T_place_PALACEALLEY,T_place_PALACEALLEY,False,-3.4808404445648193,2.1247689801384695e-05,-7.395981801422728e-05
32697,81.0,-3.297609509900212e-05,19,lag_01__T_duck_amount_mean,T_duck_amount_mean,False,1.1201837062835693,5.475177022162825e-05,6.13320408924499e-05
32697,81.0,-3.297609509900212e-05,20,lag_01__T4__is_walking,T4__is_walking,False,-2.307980537414551,-2.5464001737418585e-05,5.87704204146524e-05
31417,61.0,3.1782896257936954e-05,1,lag_00__T_place_SCAFFOLDING,T_place_SCAFFOLDING,False,-34.05546951293945,3.3225685911020264e-05,-0.0011315163335892525
31417,61.0,3.1782896257936954e-05,2,lag_07__CT_place_STAIRS,CT_place_STAIRS,False,-7.783008575439453,-9.453714301344007e-05,0.0007357833947711501
31417,61.0,3.1782896257936954e-05,3,lag_12__T_place_SCAFFOLDING,T_place_SCAFFOLDING,False,-34.05546951293945,1.329323640675284e-05,-0.00045270740717846814
31417,61.0,3.1782896257936954e-05,4,lag_08__T_bomb_zone_count,T_bomb_zone_count,False,-5.821373462677002,-5.0319209549343213e-05,0.00029292691113342977
31417,61.0,3.1782896257936954e-05,5,lag_00__T_velocity_mean,T_velocity_mean,False,1.038928508758545,-0.0002619743172544986,-0.0002721725867582542
31417,61.0,3.1782896257936954e-05,6,lag_15__T_bomb_zone_count,T_bomb_zone_count,False,5.821373462677002,4.1488572605885565e-05,0.00024152047557225026
31417,61.0,3.1782896257936954e-05,7,lag_05__T3__duck_amount,T3__duck_amount,False,3.7704498767852783,-6.397163815563545e-05,-0.00024120185520166808
31417,61.0,3.1782896257936954e-05,8,lag_10__T_place_PALACEINTERIOR,T_place_PALACEINTERIOR,False,-3.35436749458313,-4.873858779319562e-05,0.0001634871346253815
31417,61.0,3.1782896257936954e-05,9,lag_11__T_kills_last_3s,T_kills_last_3s,False,-3.1681017875671387,-3.891903179464862e-05,0.0001232994541990086
31417,61.0,3.1782896257936954e-05,10,lag_03__T5__duck_amount,T5__duck_amount,False,-3.4955148696899414,3.3187483495566994e-05,-0.00011600734204634394
31417,61.0,3.1782896257936954e-05,11,lag_05__T_kills_last_3s,T_kills_last_3s,False,3.1681017875671387,2.658587800397072e-05,8.422676762842151e-05
31417,61.0,3.1782896257936954e-05,12,lag_08__T4__duck_amount,T4__duck_amount,False,-3.420579671859741,2.4594690330559388e-05,-8.412809778039678e-05
31417,61.0,3.1782896257936954e-05,13,lag_13__T_velocity_mean,T_velocity_mean,False,1.2928194999694824,6.38014535070397e-05,8.248376322029724e-05
31417,61.0,3.1782896257936954e-05,14,lag_14__T_shots_fired_sum,T_shots_fired_sum,False,-1.4994741678237915,-4.8504214646527544e-05,7.273081689304845e-05
31417,61.0,3.1782896257936954e-05,15,lag_15__T4__duck_amount,T4__duck_amount,False,-3.6976382732391357,-1.9496175809763372e-05,7.208980585598004e-05
31417,61.0,3.1782896257936954e-05,16,lag_15__T_shots_fired_sum,T_shots_fired_sum,False,2.249211311340332,-3.053956606891006e-05,-6.868993744561791e-05
31417,61.0,3.1782896257936954e-05,17,lag_11__T_A_site_active_smokes,T_A_site_active_smokes,True,-1.422539234161377,-4.7794314014026895e-05,6.798928685478219e-05
31417,61.0,3.1782896257936954e-05,18,lag_06__T4__duck_amount,T4__duck_amount,False,-1.928572416305542,-3.499706872389652e-05,6.749438139245622e-05
31417,61.0,3.1782896257936954e-05,19,lag_11__kill_diff_last_3s,kill_diff_last_3s,False,2.4069459438323975,2.5643503249739297e-05,6.17225261326129e-05
31417,61.0,3.1782896257936954e-05,20,lag_08__T3__duck_amount,T3__duck_amount,False,-3.7704498767852783,1.4568713595508598e-05,-5.49306043811054e-05
31897,68.5,-3.1636503990739584e-05,1,lag_15__T_place_SCAFFOLDING,T_place_SCAFFOLDING,False,-34.05546951293945,-3.272376852692105e-05,0.0011144233014170474
31897,68.5,-3.1636503990739584e-05,2,lag_13__CT4__duck_amount,CT4__duck_amount,False,3.6725916862487793,-8.441798854619265e-05,-0.0003100328029045918
31897,68.5,-3.1636503990739584e-05,3,lag_01__T_place_TRAMP,T_place_TRAMP,False,2.926727294921875,-9.896144911181182e-05,-0.0002896331742605618
31897,68.5,-3.1636503990739584e-05,4,lag_10__CT4__duck_amount,CT4__duck_amount,False,-3.6725916862487793,-7.632784399902448e-05,0.0002803210053001111
31897,68.5,-3.1636503990739584e-05,5,lag_07__T3__duck_amount,T3__duck_amount,False,-3.7704498767852783,7.301103323698044e-05,-0.00027528444127233875
31897,68.5,-3.1636503990739584e-05,6,lag_00__T_place_TRAMP,T_place_TRAMP,False,-2.926727294921875,-7.261516293510795e-05,0.00021252477938737968
31897,68.5,-3.1636503990739584e-05,7,lag_01__T3__is_walking,T3__is_walking,False,2.3223767280578613,6.758176459698007e-05,0.00015695031734111117
31897,68.5,-3.1636503990739584e-05,8,lag_00__CT_velocity_mean,CT_velocity_mean,False,-1.0562374591827393,-0.00013975588080938905,0.00014761539645195484
31897,68.5,-3.1636503990739584e-05,9,lag_00__T3__is_walking,T3__is_walking,False,-2.3223767280578613,6.200389179866761e-05,-0.00014399639536224335
31897,68.5,-3.1636503990739584e-05,10,lag_10__T5__duck_amount,T5__duck_amount,False,-2.7430810928344727,5.22597401868552e-05,-0.00014335270522300436
31897,68.5,-3.1636503990739584e-05,11,lag_04__T3__is_walking,T3__is_walking,False,-2.3223767280578613,5.94046177866403e-05,-0.00013795990188686554
31897,68.5,-3.1636503990739584e-05,12,lag_07__CT_duck_amount_mean,CT_duck_amount_mean,False,-5.988534450531006,-2.1874266167287715e-05,0.0001309947965228873
31897,68.5,-3.1636503990739584e-05,13,lag_03__T5__is_walking,T5__is_walking,False,2.3193888664245605,-5.3614228818332776e-05,-0.00012435224540317986
31897,68.5,-3.1636503990739584e-05,14,lag_11__T3__duck_amount,T3__duck_amount,False,-3.7704498767852783,3.194958480889909e-05,-0.00012046430810605437
31897,68.5,-3.1636503990739584e-05,15,lag_11__T5__duck_amount,T5__duck_amount,False,3.7970333099365234,3.0810359021415934e-05,0.00011698795949541957
31897,68.5,-3.1636503990739584e-05,16,lag_15__T_velocity_mean,T_velocity_mean,False,1.038928508758545,0.00011172444646945223,0.00011607371256238189
31897,68.5,-3.1636503990739584e-05,17,lag_00__T_velocity_mean,T_velocity_mean,False,0.4287075996398926,-0.0002619743172544986,-0.00011231038071747579
31897,68.5,-3.1636503990739584e-05,18,lag_04__T_shots_fired_sum,T_shots_fired_sum,False,-6.747633457183838,1.6363039321731776e-05,-0.00011041179158853207
31897,68.5,-3.1636503990739584e-05,19,lag_00__T_walking_count,T_walking_count,False,-0.7970898747444153,0.00013727178156841546,-0.00010941794717631102
31897,68.5,-3.1636503990739584e-05,20,lag_10__CT_duck_amount_mean,CT_duck_amount_mean,False,-5.988534450531006,1.775678902049549e-05,-0.00010633714278004795
32441,77.0,-2.9549235478043556e-05,1,lag_00__T_velocity_mean,T_velocity_mean,False,2.9211161136627197,-0.0002619743172544986,-0.0007652573994979053
32441,77.0,-2.9549235478043556e-05,2,lag_11__CT4__duck_amount,CT4__duck_amount,False,-3.6725916862487793,-8.07443429948762e-05,0.0002965410027946022
32441,77.0,-2.9549235478043556e-05,3,lag_07__T3__duck_amount,T3__duck_amount,False,3.7704498767852783,7.301103323698044e-05,0.00027528444127233875
32441,77.0,-2.9549235478043556e-05,4,lag_14__CT_duck_amount_mean,CT_duck_amount_mean,False,5.988534450531006,-4.31748412665911e-05,-0.00025855402432118854
32441,77.0,-2.9549235478043556e-05,5,lag_00__CT_velocity_mean,CT_velocity_mean,False,0.9788218140602112,-0.00013975588080938905,-0.00013679610477942885
32441,77.0,-2.9549235478043556e-05,6,lag_11__CT_duck_amount_mean,CT_duck_amount_mean,False,-5.988534450531006,2.106249849020969e-05,-0.00012613349782287803
32441,77.0,-2.9549235478043556e-05,7,lag_00__T_walking_count,T_walking_count,False,0.7970898747444153,0.00013727178156841546,0.00010941794717631102
32441,77.0,-2.9549235478043556e-05,8,lag_04__T_A_site_active_smokes,T_A_site_active_smokes,True,-1.422539234161377,-6.598840991500765e-05,9.3871102104022e-05
32441,77.0,-2.9549235478043556e-05,9,lag_03__T4__duck_amount,T4__duck_amount,False,-3.6976382732391357,2.2225418433663435e-05,-8.218155783906852e-05
32441,77.0,-2.9549235478043556e-05,10,lag_05__T5__is_walking,T5__is_walking,False,-2.3193888664245605,-3.521929829730652e-05,8.168724835405823e-05
32441,77.0,-2.9549235478043556e-05,11,lag_13__T_velocity_mean,T_velocity_mean,False,1.2724034786224365,6.38014535070397e-05,8.118119138352496e-05
32441,77.0,-2.9549235478043556e-05,12,lag_14__T_shots_fired_sum,T_shots_fired_sum,False,-1.499474048614502,-4.8504214646527544e-05,7.273081111089548e-05
32441,77.0,-2.9549235478043556e-05,13,lag_07__T_place_PALACEALLEY,T_place_PALACEALLEY,False,-3.4808404445648193,-2.0479041268117726e-05,7.128427511197619e-05
32441,77.0,-2.9549235478043556e-05,14,lag_12__T_flashed_players,T_flashed_players,False,1.9296237230300903,-3.6079502024222165e-05,-6.961986302105126e-05
32441,77.0,-2.9549235478043556e-05,15,lag_07__T_duck_amount_mean,T_duck_amount_mean,False,1.4539684057235718,4.089231515536085e-05,5.9456134272785864e-05
32441,77.0,-2.9549235478043556e-05,16,lag_15__T3__is_walking,T3__is_walking,False,2.3223767280578613,2.542637230362743e-05,5.90496153168793e-05
32441,77.0,-2.9549235478043556e-05,17,lag_15__CT_velocity_mean,CT_velocity_mean,False,-0.694654643535614,7.249134068842977e-05,-5.0356446425339936e-05
32441,77.0,-2.9549235478043556e-05,18,lag_03__T_duck_amount_mean,T_duck_amount_mean,False,-1.4539684057235718,3.4174856409663334e-05,-4.968916148979019e-05
32441,77.0,-2.9549235478043556e-05,19,lag_15__T_shots_fired_sum,T_shots_fired_sum,False,1.499474048614502,-3.053956606891006e-05,-4.579328677627864e-05
32441,77.0,-2.9549235478043556e-05,20,lag_14__CT_velocity_mean,CT_velocity_mean,False,-0.9874501824378967,4.572719626594335e-05,-4.515332829517927e-05
32921,84.5,2.8139445930719376e-05,1,lag_10__CT_velocity_mean,CT_velocity_mean,False,-14.126656532287598,3.557564195943996e-05,-0.0005025648748766473
32921,84.5,2.8139445930719376e-05,2,lag_09__T_place_PALACEINTERIOR,T_place_PALACEINTERIOR,False,-6.70873498916626,-5.408781362348236e-05,0.0003628608077433596
32921,84.5,2.8139445930719376e-05,3,lag_11__CT_velocity_mean,CT_velocity_mean,False,13.935868263244629,2.5979819838539697e-05,0.00036205134677271857
32921,84.5,2.8139445930719376e-05,4,lag_15__T_velocity_mean,T_velocity_mean,False,2.9211161136627197,0.00011172444646945223,0.00032636008087196487
32921,84.5,2.8139445930719376e-05,5,lag_03__CT_place_STAIRS,CT_place_STAIRS,False,7.783008575439453,-4.0499886381439865e-05,-0.00031521096301107
32921,84.5,2.8139445930719376e-05,6,lag_02__T3__is_walking,T3__is_walking,False,-2.3223767280578613,9.974709246307611e-05,-0.00023165032622768367
32921,84.5,2.8139445930719376e-05,7,lag_14__CT4__is_walking,CT4__is_walking,False,2.384641170501709,-9.396510722581297e-05,-0.00022407306328128124
32921,84.5,2.8139445930719376e-05,8,lag_09__T_place_PALACEALLEY,T_place_PALACEALLEY,False,3.4808404445648193,6.036603735992685e-05,0.00021012454432054427
32921,84.5,2.8139445930719376e-05,9,lag_03__CT4__is_walking,CT4__is_walking,False,-2.384641170501709,8.341158536495641e-05,-0.00019890670055809287
32921,84.5,2.8139445930719376e-05,10,lag_03__T3__is_walking,T3__is_walking,False,2.3223767280578613,8.213894034270197e-05,0.00019075756351922407
32921,84.5,2.8139445930719376e-05,11,lag_00__T_velocity_mean,T_velocity_mean,False,0.6493879556655884,-0.0002619743172544986,-0.00017012296631878712
32921,84.5,2.8139445930719376e-05,12,lag_10__T_place_PALACEINTERIOR,T_place_PALACEINTERIOR,False,-3.354367256164551,-4.873858779319562e-05,0.00016348712300519666
32921,84.5,2.8139445930719376e-05,13,lag_04__T_place_SIDEALLEY,T_place_SIDEALLEY,False,3.1883161067962646,-5.090148260933347e-05,-0.00016229001686314786
32921,84.5,2.8139445930719376e-05,14,lag_02__T4__is_walking,T4__is_walking,False,-2.307980537414551,-6.491447857115418e-05,0.00014982135313863776
32921,84.5,2.8139445930719376e-05,15,lag_00__T3__is_walking,T3__is_walking,False,2.3223767280578613,6.200389179866761e-05,0.00014399639536224335
32921,84.5,2.8139445930719376e-05,16,lag_13__T_place_PALACEINTERIOR,T_place_PALACEINTERIOR,False,3.35436749458313,-4.0921815525507554e-05,-0.0001372668078180898
32921,84.5,2.8139445930719376e-05,17,lag_14__T_velocity_mean,T_velocity_mean,False,-3.680788516998291,3.7177593185333535e-05,-0.0001368428580862096
32921,84.5,2.8139445930719376e-05,18,lag_10__T_place_TRAMP,T_place_TRAMP,False,2.926727294921875,-4.669040936278179e-05,-0.00013665009549312934
32921,84.5,2.8139445930719376e-05,19,lag_01__T5__is_walking,T5__is_walking,False,-2.3193888664245605,5.816976408823393e-05,-0.000134918303188793
32921,84.5,2.8139445930719376e-05,20,lag_15__T4__is_walking,T4__is_walking,False,2.307980537414551,-5.663993215421215e-05,-0.00013072386105240225
32857,83.5,2.584687899798155e-05,1,lag_07__T_place_PALACEINTERIOR,T_place_PALACEINTERIOR,False,-6.70873498916626,-3.395981548237614e-05,0.0002278274023522469
32857,83.5,2.584687899798155e-05,2,lag_00__T_walking_count,T_walking_count,False,-1.594179630279541,0.00013727178156841546,-0.00021883587798855048
32857,83.5,2.584687899798155e-05,3,lag_08__CT_velocity_mean,CT_velocity_mean,False,-14.126656532287598,-1.5317164070438594e-05,0.00021638031587178225
32857,83.5,2.584687899798155e-05,4,lag_05__T4__is_walking,T4__is_walking,False,2.307980537414551,-9.220055653713644e-05,-0.00021279709002650082
32857,83.5,2.584687899798155e-05,5,lag_13__T_velocity_mean,T_velocity_mean,False,2.9211161136627197,6.38014535070397e-05,0.0001863714539145165
32857,83.5,2.584687899798155e-05,6,lag_09__T_place_PALACEINTERIOR,T_place_PALACEINTERIOR,False,3.354367256164551,-5.408781362348236e-05,-0.00018143039097614014
32857,83.5,2.584687899798155e-05,7,lag_09__CT_velocity_mean,CT_velocity_mean,False,13.935868263244629,1.2372204764687922e-05,0.0001724174157265784
32857,83.5,2.584687899798155e-05,8,lag_01__T3__is_walking,T3__is_walking,False,2.3223767280578613,6.758176459698007e-05,0.00015695031734111117
32857,83.5,2.584687899798155e-05,9,lag_00__T3__is_walking,T3__is_walking,False,-2.3223767280578613,6.200389179866761e-05,-0.00014399639536224335
32857,83.5,2.584687899798155e-05,10,lag_02__T_place_TSPAWN,T_place_TSPAWN,False,-0.9492049813270569,-0.00015122150944080204,0.00014354021004500585
32857,83.5,2.584687899798155e-05,11,lag_00__CT_velocity_mean,CT_velocity_mean,False,-0.9940208196640015,-0.00013975588080938905,0.0001389202551950134
32857,83.5,2.584687899798155e-05,12,lag_12__T_velocity_mean,T_velocity_mean,False,-3.680788516998291,3.7153811717871577e-05,-0.00013675532353385825
32857,83.5,2.584687899798155e-05,13,lag_11__CT_place_CONNECTOR,CT_place_CONNECTOR,False,3.575894594192505,-3.80740784748923e-05,-0.0001361488913972286
32857,83.5,2.584687899798155e-05,14,lag_13__T4__is_walking,T4__is_walking,False,2.307980537414551,-4.963249739375897e-05,-0.00011455083800807411
32857,83.5,2.584687899798155e-05,15,lag_08__T_place_PALACEINTERIOR,T_place_PALACEINTERIOR,False,-3.354367256164551,-3.364949952811003e-05,0.00011287277940341678
32857,83.5,2.584687899798155e-05,16,lag_08__T_place_TRAMP,T_place_TRAMP,False,2.926727294921875,-3.852414738503285e-05,-0.00011274967366536881
32857,83.5,2.584687899798155e-05,17,lag_01__CT_place_STAIRS,CT_place_STAIRS,False,7.783008575439453,1.3838161066814791e-05,0.00010770252625133189
32857,83.5,2.584687899798155e-05,18,lag_11__T_place_PALACEINTERIOR,T_place_PALACEINTERIOR,False,3.35436749458313,-3.1671388569520786e-05,-0.00010623747632591222
32857,83.5,2.584687899798155e-05,19,lag_01__T_walking_count,T_walking_count,False,0.7970898151397705,0.00013061748177278787,0.00010411386440029383
32857,83.5,2.584687899798155e-05,20,lag_07__T5__is_walking,T5__is_walking,False,2.3193888664245605,-4.36340706073679e-05,-0.00010120437756351228
33049,86.5,2.5403336621820927e-05,1,lag_15__CT_velocity_mean,CT_velocity_mean,False,13.935868263244629,7.249134068842977e-05,0.0010102297740599425
33049,86.5,2.5403336621820927e-05,2,lag_07__CT_place_STAIRS,CT_place_STAIRS,False,7.783008575439453,-9.453714301344007e-05,-0.0007357833947711501
33049,86.5,2.5403336621820927e-05,3,lag_14__CT_velocity_mean,CT_velocity_mean,False,-14.126656532287598,4.572719626594335e-05,-0.0006459723958334856
33049,86.5,2.5403336621820927e-05,4,lag_13__T_place_PALACEINTERIOR,T_place_PALACEINTERIOR,False,-6.70873498916626,-4.0921815525507554e-05,0.0002745336156361796
33049,86.5,2.5403336621820927e-05,5,lag_15__T_place_PALACEINTERIOR,T_place_PALACEINTERIOR,False,3.354367256164551,-7.702130824327469e-05,-0.0002583577543981974
33049,86.5,2.5403336621820927e-05,6,lag_14__T_place_PALACEINTERIOR,T_place_PALACEINTERIOR,False,-3.354367256164551,-6.371627387125045e-05,0.00021372778275853543
33049,86.5,2.5403336621820927e-05,7,lag_13__T5__is_walking,T5__is_walking,False,2.3193888664245605,8.33846497698687e-05,0.00019340142830694476
33049,86.5,2.5403336621820927e-05,8,lag_04__T3__is_walking,T3__is_walking,False,2.3223767280578613,5.94046177866403e-05,0.00013795990188686554
33049,86.5,2.5403336621820927e-05,9,lag_03__T5__is_walking,T5__is_walking,False,2.3193888664245605,-5.3614228818332776e-05,-0.00012435224540317986
33049,86.5,2.5403336621820927e-05,10,lag_11__T4__is_walking,T4__is_walking,False,2.307980537414551,4.252095823176205e-05,9.813754403112385e-05
33049,86.5,2.5403336621820927e-05,11,lag_14__T_place_TRAMP,T_place_TRAMP,False,2.926727294921875,-3.3469797926954925e-05,-9.795697114833857e-05
33049,86.5,2.5403336621820927e-05,12,lag_07__CT4__is_walking,CT4__is_walking,False,-2.384641170501709,4.0804181480780244e-05,-9.730333108769196e-05
33049,86.5,2.5403336621820927e-05,13,lag_05__T5__is_walking,T5__is_walking,False,-2.3193888664245605,-3.521929829730652e-05,8.168724835405823e-05
33049,86.5,2.5403336621820927e-05,14,lag_13__T_place_PALACEALLEY,T_place_PALACEALLEY,False,3.4808404445648193,1.9635172066045925e-05,6.834690106348202e-05
33049,86.5,2.5403336621820927e-05,15,lag_01__CT_velocity_mean,CT_velocity_mean,False,2.7336883544921875,-2.48084088525502e-05,-6.781845837369738e-05
33049,86.5,2.5403336621820927e-05,16,lag_10__CT_place_CONNECTOR,CT_place_CONNECTOR,False,-3.575894594192505,-1.8108827134710737e-05,6.475525705817867e-05
33049,86.5,2.5403336621820927e-05,17,lag_00__T_velocity_mean,T_velocity_mean,False,-0.21114027500152588,-0.0002619743172544986,5.531332938845182e-05
33049,86.5,2.5403336621820927e-05,18,lag_07__T3__is_walking,T3__is_walking,False,2.3223767280578613,-2.3111153495847248e-05,-5.3672805037328734e-05
33049,86.5,2.5403336621820927e-05,19,lag_13__T_velocity_mean,T_velocity_mean,False,-0.8058199882507324,6.38014535070397e-05,-5.141248651542238e-05
33049,86.5,2.5403336621820927e-05,20,lag_15__T_macro_A,T_macro_A,False,-1.6668975353240967,-2.6675095796235837e-05,4.446465143727969e-05
32953,85.0,2.419319935142994e-05,1,lag_15__T_velocity_mean,T_velocity_mean,False,-3.680788516998291,0.00011172444646945223,-0.00041123405963275003
32953,85.0,2.419319935142994e-05,2,lag_04__CT_place_STAIRS,CT_place_STAIRS,False,7.783008575439453,-5.22503032698296e-05,-0.0004066645584183959
32953,85.0,2.419319935142994e-05,3,lag_12__CT_velocity_mean,CT_velocity_mean,False,13.935868263244629,2.7525453333510086e-05,0.0003835910915418843
32953,85.0,2.419319935142994e-05,4,lag_11__CT_velocity_mean,CT_velocity_mean,False,-14.126656532287598,2.5979819838539697e-05,-0.00036700799162976173
32953,85.0,2.419319935142994e-05,5,lag_10__T_place_PALACEINTERIOR,T_place_PALACEINTERIOR,False,-6.70873498916626,-4.873858779319562e-05,0.000326974269250763
32953,85.0,2.419319935142994e-05,6,lag_00__CT_velocity_mean,CT_velocity_mean,False,1.5883643627166748,-0.00013975588080938905,-0.0002219832605577128
32953,85.0,2.419319935142994e-05,7,lag_14__T_place_PALACEINTERIOR,T_place_PALACEINTERIOR,False,3.35436749458313,-6.371627387125045e-05,-0.00021372779794967892
32953,85.0,2.419319935142994e-05,8,lag_03__T3__is_walking,T3__is_walking,False,-2.3223767280578613,8.213894034270197e-05,-0.00019075756351922407
32953,85.0,2.419319935142994e-05,9,lag_01__T3__is_walking,T3__is_walking,False,2.3223767280578613,6.758176459698007e-05,0.00015695031734111117
32953,85.0,2.419319935142994e-05,10,lag_04__T3__is_walking,T3__is_walking,False,2.3223767280578613,5.94046177866403e-05,0.00013795990188686554
32953,85.0,2.419319935142994e-05,11,lag_05__T_place_SIDEALLEY,T_place_SIDEALLEY,False,3.1883161067962646,-4.2412852053530514e-05,-0.00013522557933743837
32953,85.0,2.419319935142994e-05,12,lag_15__CT4__is_walking,CT4__is_walking,False,2.384641170501709,-5.640882227453403e-05,-0.0001345147999753677
32953,85.0,2.419319935142994e-05,13,lag_11__T_place_TRAMP,T_place_TRAMP,False,2.926727294921875,-4.4678083213511854e-05,-0.00013076056562577598
32953,85.0,2.419319935142994e-05,14,lag_10__T_place_PALACEALLEY,T_place_PALACEALLEY,False,3.4808404445648193,3.4614509786479175e-05,0.00012048758563356146
32953,85.0,2.419319935142994e-05,15,lag_03__T4__is_walking,T4__is_walking,False,-2.307980537414551,-5.005134880775586e-05,0.0001155175389196475
32953,85.0,2.419319935142994e-05,16,lag_00__T_walking_count,T_walking_count,False,0.7970898747444153,0.00013727178156841546,0.00010941794717631102
32953,85.0,2.419319935142994e-05,17,lag_11__T_place_PALACEINTERIOR,T_place_PALACEINTERIOR,False,-3.354367256164551,-3.1671388569520786e-05,0.00010623746877486476
32953,85.0,2.419319935142994e-05,18,lag_01__T_walking_count,T_walking_count,False,0.7970898747444153,0.00013061748177278787,0.00010411387218570243
32953,85.0,2.419319935142994e-05,19,lag_09__T4__is_walking,T4__is_walking,False,-2.307980537414551,3.8402024074457586e-05,-8.863112416117314e-05
32953,85.0,2.419319935142994e-05,20,lag_04__CT4__is_walking,CT4__is_walking,False,-2.384641170501709,-3.328629827592522e-05,7.937587728237133e-05
32345,75.5,-2.4130218662321568e-05,1,lag_11__CT4__duck_amount,CT4__duck_amount,False,3.6725916862487793,-8.07443429948762e-05,-0.0002965410027946022
32345,75.5,-2.4130218662321568e-05,2,lag_15__T_place_PALACEINTERIOR,T_place_PALACEINTERIOR,False,-3.35436749458313,-7.702130824327469e-05,0.0002583577727615083
32345,75.5,-2.4130218662321568e-05,3,lag_12__T3__is_walking,T3__is_walking,False,2.3223767280578613,-9.42826081882231e-05,-0.00021895973511692687
32345,75.5,-2.4130218662321568e-05,4,lag_04__T_place_PALACEALLEY,T_place_PALACEALLEY,False,-3.4808404445648193,4.9905011110240594e-05,-0.00017371138105898212
32345,75.5,-2.4130218662321568e-05,5,lag_11__T3__is_walking,T3__is_walking,False,-2.3223767280578613,-7.320667646126822e-05,0.00017001348175211053
32345,75.5,-2.4130218662321568e-05,6,lag_15__CT_velocity_mean,CT_velocity_mean,False,1.9943374395370483,7.249134068842977e-05,0.00014457219477717088
32345,75.5,-2.4130218662321568e-05,7,lag_13__T_place_PALACEINTERIOR,T_place_PALACEINTERIOR,False,3.35436749458313,-4.0921815525507554e-05,-0.0001372668078180898
32345,75.5,-2.4130218662321568e-05,8,lag_08__T_flashed_players,T_flashed_players,False,-1.9296237230300903,7.064284000080079e-05,-0.0001363140999277642
32345,75.5,-2.4130218662321568e-05,9,lag_11__CT_duck_amount_mean,CT_duck_amount_mean,False,5.988534450531006,2.106249849020969e-05,0.00012613349782287803
32345,75.5,-2.4130218662321568e-05,10,lag_00__T_velocity_mean,T_velocity_mean,False,0.4332292675971985,-0.0002619743172544986,-0.00011349494159344255
32345,75.5,-2.4130218662321568e-05,11,lag_15__T_place_TRAMP,T_place_TRAMP,False,2.926727294921875,-3.674442268675193e-05,-0.00010754090481346346
32345,75.5,-2.4130218662321568e-05,12,lag_01__T_A_site_active_smokes,T_A_site_active_smokes,True,-1.422539234161377,-7.276274118339643e-05,0.00010350785411851124
32345,75.5,-2.4130218662321568e-05,13,lag_14__T_place_TRAMP,T_place_TRAMP,False,-2.926727294921875,-3.3469797926954925e-05,9.795697114833857e-05
32345,75.5,-2.4130218662321568e-05,14,lag_09__T_flashed_players,T_flashed_players,False,1.9296237230300903,4.168571831542067e-05,8.043775097298566e-05
32345,75.5,-2.4130218662321568e-05,15,lag_01__T_duck_amount_mean,T_duck_amount_mean,False,1.4539684057235718,5.475177022162825e-05,7.960734405968416e-05
32345,75.5,-2.4130218662321568e-05,16,lag_15__T3__is_walking,T3__is_walking,False,2.3223767280578613,2.542637230362743e-05,5.90496153168793e-05
32345,75.5,-2.4130218662321568e-05,17,lag_08__CT_duck_amount_mean,CT_duck_amount_mean,False,-5.988534450531006,9.528026566840708e-06,-5.705891534110025e-05
32345,75.5,-2.4130218662321568e-05,18,lag_13__T_place_BOMBSITEA,T_place_BOMBSITEA,False,-1.6668972969055176,-3.181569627486169e-05,5.30334981197339e-05
32345,75.5,-2.4130218662321568e-05,19,lag_13__T_macro_A,T_macro_A,False,-1.6668972969055176,-3.181569627486169e-05,5.30334981197339e-05
32345,75.5,-2.4130218662321568e-05,20,lag_03__T_duck_amount_mean,T_duck_amount_mean,False,-1.4539684057235718,3.4174856409663334e-05,-4.968916148979019e-05
31353,60.0,-2.232985571026802e-05,1,lag_05__CT_place_STAIRS,CT_place_STAIRS,False,-7.783008575439453,-0.00011014230403816327,0.0008572384968476843
31353,60.0,-2.232985571026802e-05,2,lag_08__T_place_SCAFFOLDING,T_place_SCAFFOLDING,False,34.05546951293945,-1.922503361129202e-05,-0.0006547175460345916
31353,60.0,-2.232985571026802e-05,3,lag_15__CT1__duck_amount,CT1__duck_amount,False,3.8154516220092773,-0.00010920469503616914,-0.00041666523080678003
31353,60.0,-2.232985571026802e-05,4,lag_14__CT1__duck_amount,CT1__duck_amount,False,-3.8154516220092773,-9.594065340934321e-05,0.00036605692166730847
31353,60.0,-2.232985571026802e-05,5,lag_00__T_velocity_mean,T_velocity_mean,False,1.353337049484253,-0.0002619743172544986,-0.00035453954955385475
31353,60.0,-2.232985571026802e-05,6,lag_00__CT_velocity_mean,CT_velocity_mean,False,1.6336253881454468,-0.00013975588080938905,-0.000228308755032847
31353,60.0,-2.232985571026802e-05,7,lag_14__T_flashes_last_5s,T_flashes_last_5s,True,-9.0607271194458,-1.596868969500065e-05,0.00014468793978150707
31353,60.0,-2.232985571026802e-05,8,lag_14__CT_duck_amount_mean,CT_duck_amount_mean,False,-2.994267225265503,-4.31748412665911e-05,0.00012927701216059427
31353,60.0,-2.232985571026802e-05,9,lag_03__T5__duck_amount,T5__duck_amount,False,3.7970333099365234,3.3187483495566994e-05,0.00012601398030563649
31353,60.0,-2.232985571026802e-05,10,lag_02__T3__duck_amount,T3__duck_amount,False,-3.7704498767852783,3.2685482437955216e-05,-0.00012323897323085562
31353,60.0,-2.232985571026802e-05,11,lag_06__T4__duck_amount,T4__duck_amount,False,-3.420579671859741,-3.499706872389652e-05,0.00011971026185163876
31353,60.0,-2.232985571026802e-05,12,lag_06__T_bomb_zone_count,T_bomb_zone_count,False,-5.821373462677002,-1.954631989065092e-05,0.00011378642790443091
31353,60.0,-2.232985571026802e-05,13,lag_08__T_place_PALACEINTERIOR,T_place_PALACEINTERIOR,False,-3.35436749458313,-3.364949952811003e-05,0.00011287278742608264
31353,60.0,-2.232985571026802e-05,14,lag_09__T_kills_last_3s,T_kills_last_3s,False,-3.1681017875671387,-3.548421955201775e-05,0.00011241761939317224
31353,60.0,-2.232985571026802e-05,15,lag_02__T_shots_fired_sum,T_shots_fired_sum,False,-2.998948335647583,-3.405941242817789e-05,0.0001021424182146187
31353,60.0,-2.232985571026802e-05,16,lag_03__T_duck_amount_mean,T_duck_amount_mean,False,2.9079365730285645,3.4174856409663334e-05,9.937831483165967e-05
31353,60.0,-2.232985571026802e-05,17,lag_15__CT_duck_amount_mean,CT_duck_amount_mean,False,2.0347492694854736,-4.609776442521252e-05,-9.379739248911462e-05
31353,60.0,-2.232985571026802e-05,18,lag_03__T_kills_last_3s,T_kills_last_3s,False,3.1681017875671387,2.5368042770423926e-05,8.036854164805967e-05
31353,60.0,-2.232985571026802e-05,19,lag_14__CT_velocity_mean,CT_velocity_mean,False,1.7395005226135254,4.572719626594335e-05,7.95424818022597e-05
31353,60.0,-2.232985571026802e-05,20,lag_15__CT_velocity_mean,CT_velocity_mean,False,-1.037200689315796,7.249134068842977e-05,-7.518806853146556e-05
31609,64.0,2.125196624547243e-05,1,lag_06__T_place_SCAFFOLDING,T_place_SCAFFOLDING,False,-34.05546951293945,-4.291216464480385e-05,0.0014613939147953559
31609,64.0,2.125196624547243e-05,2,lag_01__CT_duck_amount_mean,CT_duck_amount_mean,False,-5.988534450531006,4.646148954634555e-05,-0.0002782362307712765
31609,64.0,2.125196624547243e-05,3,lag_01__T3__duck_amount,T3__duck_amount,False,3.7704498767852783,3.662818198790774e-05,0.00013810472426317548
31609,64.0,2.125196624547243e-05,4,lag_11__T_kills_last_3s,T_kills_last_3s,False,3.1681017875671387,-3.891903179464862e-05,-0.0001232994541990086
31609,64.0,2.125196624547243e-05,5,lag_02__T3__duck_amount,T3__duck_amount,False,-3.7704498767852783,3.2685482437955216e-05,-0.00012323897323085562
31609,64.0,2.125196624547243e-05,6,lag_09__T5__duck_amount,T5__duck_amount,False,-3.4955148696899414,3.4578559279907495e-05,-0.00012086986813537176
31609,64.0,2.125196624547243e-05,7,lag_11__T3__duck_amount,T3__duck_amount,False,3.7704498767852783,3.194958480889909e-05,0.00012046430810605437
31609,64.0,2.125196624547243e-05,8,lag_11__T5__duck_amount,T5__duck_amount,False,3.7970333099365234,3.0810359021415934e-05,0.00011698795949541957
31609,64.0,2.125196624547243e-05,9,lag_13__T_A_site_active_infernos,T_A_site_active_infernos,True,-2.9764554500579834,-3.6102155718253925e-05,0.00010745645814643889
31609,64.0,2.125196624547243e-05,10,lag_14__T_bomb_zone_count,T_bomb_zone_count,False,-5.821373462677002,1.7948905224329792e-05,-0.00010448728055701805
31609,64.0,2.125196624547243e-05,11,lag_04__CT_duck_amount_mean,CT_duck_amount_mean,False,5.988534450531006,-1.680820423644036e-05,-0.0001006565101214843
31609,64.0,2.125196624547243e-05,12,lag_03__T_duck_amount_mean,T_duck_amount_mean,False,2.7140748500823975,3.4174856409663334e-05,9.275311828664447e-05
31609,64.0,2.125196624547243e-05,13,lag_05__T_kills_last_3s,T_kills_last_3s,False,-3.1681017875671387,2.658587800397072e-05,-8.422676762842151e-05
31609,64.0,2.125196624547243e-05,14,lag_10__T_shots_fired_sum,T_shots_fired_sum,False,-2.998948335647583,-2.6268222427461296e-05,7.877704192925557e-05
31609,64.0,2.125196624547243e-05,15,lag_15__T4__duck_amount,T4__duck_amount,False,3.6976382732391357,-1.9496175809763372e-05,-7.208980585598004e-05
31609,64.0,2.125196624547243e-05,16,lag_11__damage_diff_last_5s,damage_diff_last_5s,False,-2.255979061126709,3.175100209773518e-05,-7.162959590228078e-05
31609,64.0,2.125196624547243e-05,17,lag_03__T4__duck_amount,T4__duck_amount,False,3.204620599746704,2.2225418433663435e-05,7.122403375050797e-05
31609,64.0,2.125196624547243e-05,18,lag_04__CT4__duck_amount,CT4__duck_amount,False,3.6725916862487793,1.8706597984419204e-05,6.870169623557614e-05
31609,64.0,2.125196624547243e-05,19,lag_14__bomb_planted,bomb_planted,False,2.6487250328063965,-2.427091749268584e-05,-6.428698673205564e-05
31609,64.0,2.125196624547243e-05,20,lag_00__T_shots_fired_sum,T_shots_fired_sum,False,0.7497370839118958,-8.412567694904283e-05,-6.307213971788956e-05
31673,65.0,2.0783219952136278e-05,1,lag_08__T_place_SCAFFOLDING,T_place_SCAFFOLDING,False,-34.05546951293945,-1.922503361129202e-05,0.0006547175460345916
31673,65.0,2.0783219952136278e-05,2,lag_00__T_velocity_mean,T_velocity_mean,False,1.1979676485061646,-0.0002619743172544986,-0.0003138367568103796
31673,65.0,2.0783219952136278e-05,3,lag_01__CT_duck_amount_mean,CT_duck_amount_mean,False,5.650177955627441,4.646148954634555e-05,0.0002625156840203764
31673,65.0,2.0783219952136278e-05,4,lag_06__CT4__duck_amount,CT4__duck_amount,False,3.6725916862487793,7.044002268230543e-05,0.00025869744168221034
31673,65.0,2.0783219952136278e-05,5,lag_04__T5__duck_amount,T5__duck_amount,False,3.7970333099365234,-6.774971552658826e-05,-0.0002572479265931793
31673,65.0,2.0783219952136278e-05,6,lag_06__CT_duck_amount_mean,CT_duck_amount_mean,False,5.988534450531006,-4.122664904571138e-05,-0.00024688720809019384
31673,65.0,2.0783219952136278e-05,7,lag_05__T3__duck_amount,T3__duck_amount,False,3.7704498767852783,-6.397163815563545e-05,-0.00024120185520166808
31673,65.0,2.0783219952136278e-05,8,lag_00__CT_duck_amount_mean,CT_duck_amount_mean,False,-5.988534450531006,-3.964887582696974e-05,0.00023743865881463433
31673,65.0,2.0783219952136278e-05,9,lag_00__CT4__duck_amount,CT4__duck_amount,False,-3.6725916862487793,-4.7265519242500886e-05,0.00017358695301624046
31673,65.0,2.0783219952136278e-05,10,lag_15__CT_place_STAIRS,CT_place_STAIRS,False,-7.783008575439453,-1.890710336738266e-05,0.0001471541476450594
31673,65.0,2.0783219952136278e-05,11,lag_01__T3__duck_amount,T3__duck_amount,False,3.7704498767852783,3.662818198790774e-05,0.00013810472426317548
31673,65.0,2.0783219952136278e-05,12,lag_02__T3__duck_amount,T3__duck_amount,False,-3.7704498767852783,3.2685482437955216e-05,-0.00012323897323085562
31673,65.0,2.0783219952136278e-05,13,lag_15__T_A_site_active_infernos,T_A_site_active_infernos,True,-2.9764554500579834,-3.732579716597684e-05,0.00011109857240243059
31673,65.0,2.0783219952136278e-05,14,lag_11__T5__duck_amount,T5__duck_amount,False,-3.4955148696899414,3.0810359021415934e-05,-0.00010769806809984503
31673,65.0,2.0783219952136278e-05,15,lag_06__CT_velocity_mean,CT_velocity_mean,False,-2.7288265228271484,3.878885036101565e-05,-0.00010584804365511291
31673,65.0,2.0783219952136278e-05,16,lag_00__CT_velocity_mean,CT_velocity_mean,False,0.6869465112686157,-0.00013975588080938905,-9.60048147512823e-05
31673,65.0,2.0783219952136278e-05,17,lag_03__CT_duck_amount_mean,CT_duck_amount_mean,False,-5.988534450531006,1.5735349734313786e-05,-9.423168397509202e-05
31673,65.0,2.0783219952136278e-05,18,lag_13__T_kills_last_3s,T_kills_last_3s,False,3.1681017875671387,-2.9342572815949097e-05,-9.296025739002726e-05
31673,65.0,2.0783219952136278e-05,19,lag_03__T5__duck_amount,T5__duck_amount,False,-2.7430810928344727,3.3187483495566994e-05,-9.103595849544593e-05
31673,65.0,2.0783219952136278e-05,20,lag_14__T_shots_fired_sum,T_shots_fired_sum,False,1.499474048614502,-4.8504214646527544e-05,-7.273081111089548e-05
33177,88.5,-1.9891071133315563e-05,1,lag_12__T_place_SIDEALLEY,T_place_SIDEALLEY,False,3.1883161067962646,0.0001614806824363768,0.0005148514607483529
33177,88.5,-1.9891071133315563e-05,2,lag_03__CT_place_STAIRS,CT_place_STAIRS,False,-7.783008575439453,-4.0499886381439865e-05,0.00031521096301107
33177,88.5,-1.9891071133315563e-05,3,lag_11__CT_place_STAIRS,CT_place_STAIRS,False,7.783008575439453,-3.4986791433766484e-05,-0.00027230249775611615
33177,88.5,-1.9891071133315563e-05,4,lag_11__T3__is_walking,T3__is_walking,False,2.3223767280578613,-7.320667646126822e-05,-0.00017001348175211053
33177,88.5,-1.9891071133315563e-05,5,lag_15__T4__is_walking,T4__is_walking,False,2.307980537414551,-5.663993215421215e-05,-0.00013072386105240225
33177,88.5,-1.9891071133315563e-05,6,lag_10__T4__is_walking,T4__is_walking,False,-2.307980537414551,4.9343329010298476e-05,-0.00011388344300701167
33177,88.5,-1.9891071133315563e-05,7,lag_06__CT_velocity_mean,CT_velocity_mean,False,-2.8971996307373047,3.878885036101565e-05,-0.0001123790429426591
33177,88.5,-1.9891071133315563e-05,8,lag_00__T_walking_count,T_walking_count,False,-0.7970898747444153,0.00013727178156841546,-0.00010941794717631102
33177,88.5,-1.9891071133315563e-05,9,lag_10__T3__is_walking,T3__is_walking,False,-2.3223767280578613,-4.658521356759593e-05,0.00010818841586099012
33177,88.5,-1.9891071133315563e-05,10,lag_07__T5__is_walking,T5__is_walking,False,2.3193888664245605,-4.36340706073679e-05,-0.00010120437756351228
33177,88.5,-1.9891071133315563e-05,11,lag_02__T1__flash,T1__flash,True,-1.3911173343658447,-6.877996202092618e-05,9.568099742433486e-05
33177,88.5,-1.9891071133315563e-05,12,lag_15__T_velocity_mean,T_velocity_mean,False,-0.7956617474555969,0.00011172444646945223,-8.889486831139366e-05
33177,88.5,-1.9891071133315563e-05,13,lag_00__T5__is_walking,T5__is_walking,False,-2.3193888664245605,3.3077027183026075e-05,-7.671848858273322e-05
33177,88.5,-1.9891071133315563e-05,14,lag_05__CT_velocity_mean,CT_velocity_mean,False,2.7336883544921875,2.3282675101654604e-05,6.36475777868184e-05
33177,88.5,-1.9891071133315563e-05,15,lag_11__CT4__is_walking,CT4__is_walking,False,-2.384641170501709,2.573448909970466e-05,-6.136752220898319e-05
33177,88.5,-1.9891071133315563e-05,16,lag_14__CT_place_CONNECTOR,CT_place_CONNECTOR,False,-3.575894594192505,-1.6956661056610756e-05,6.063523260788897e-05
33177,88.5,-1.9891071133315563e-05,17,lag_02__CT_velocity_mean,CT_velocity_mean,False,-3.9596922397613525,-1.4675579222966917e-05,5.811077716318504e-05
33177,88.5,-1.9891071133315563e-05,18,lag_15__T4__duck_amount,T4__duck_amount,False,-2.848778486251831,-1.9496175809763372e-05,5.5540286211037265e-05
33177,88.5,-1.9891071133315563e-05,19,lag_02__T1__utility_total,T1__utility_total,True,-0.7838127017021179,-6.577058229595423e-05,5.155181780191337e-05
33177,88.5,-1.9891071133315563e-05,20,lag_05__T_velocity_mean,T_velocity_mean,False,-0.6857357621192932,7.12866458343342e-05,-4.88838024101353e-05
32473,77.5,1.9172322936356068e-05,1,lag_00__T_velocity_mean,T_velocity_mean,False,-3.680788516998291,-0.0002619743172544986,0.0009642720586988257
32473,77.5,1.9172322936356068e-05,2,lag_15__CT_duck_amount_mean,CT_duck_amount_mean,False,5.988534450531006,-4.609776442521252e-05,-0.0002760580503528478
32473,77.5,1.9172322936356068e-05,3,lag_07__T3__duck_amount,T3__duck_amount,False,-3.7704498767852783,7.301103323698044e-05,-0.00027528444127233875
32473,77.5,1.9172322936356068e-05,4,lag_12__CT4__duck_amount,CT4__duck_amount,False,-3.6725916862487793,-6.924681656528264e-05,0.0002543152828168513
32473,77.5,1.9172322936356068e-05,5,lag_08__T_place_PALACEALLEY,T_place_PALACEALLEY,False,-3.4808404445648193,-5.153307574801147e-05,0.00017937841429650075
32473,77.5,1.9172322936356068e-05,6,lag_00__CT_walking_count,CT_walking_count,False,0.8974475860595703,0.00014486192958429456,0.0001300059890173566
32473,77.5,1.9172322936356068e-05,7,lag_13__T_flashed_players,T_flashed_players,False,1.9296237230300903,-6.601271161343902e-05,-0.0001273796943508359
32473,77.5,1.9172322936356068e-05,8,lag_12__CT_duck_amount_mean,CT_duck_amount_mean,False,-5.988534450531006,2.106617648678366e-05,-0.00012615552363207019
32473,77.5,1.9172322936356068e-05,9,lag_01__T_walking_count,T_walking_count,False,0.7970898747444153,0.00013061748177278787,0.00010411387218570243
32473,77.5,1.9172322936356068e-05,10,lag_15__T_velocity_mean,T_velocity_mean,False,0.7959911227226257,0.00011172444646945223,8.893166758078318e-05
32473,77.5,1.9172322936356068e-05,11,lag_15__CT_velocity_mean,CT_velocity_mean,False,-0.9874501824378967,7.249134068842977e-05,-7.15815875879577e-05
32473,77.5,1.9172322936356068e-05,12,lag_12__T_flashed_players,T_flashed_players,False,-1.9296237230300903,-3.6079502024222165e-05,6.961986302105126e-05
32473,77.5,1.9172322936356068e-05,13,lag_13__T_velocity_mean,T_velocity_mean,False,-0.9772343635559082,6.38014535070397e-05,-6.23489728118938e-05
32473,77.5,1.9172322936356068e-05,14,lag_06__T5__is_walking,T5__is_walking,False,-2.3193888664245605,-2.6353263820055872e-05,6.112346669818677e-05
32473,77.5,1.9172322936356068e-05,15,lag_07__T_duck_amount_mean,T_duck_amount_mean,False,-1.4539684057235718,4.089231515536085e-05,-5.9456134272785864e-05
32473,77.5,1.9172322936356068e-05,16,lag_15__T3__is_walking,T3__is_walking,False,-2.3223767280578613,2.542637230362743e-05,-5.90496153168793e-05
32473,77.5,1.9172322936356068e-05,17,lag_01__T4__is_walking,T4__is_walking,False,2.307980537414551,-2.5464001737418585e-05,-5.87704204146524e-05
32473,77.5,1.9172322936356068e-05,18,lag_08__T3__duck_amount,T3__duck_amount,False,3.7704498767852783,1.4568713595508598e-05,5.49306043811054e-05
32473,77.5,1.9172322936356068e-05,19,lag_00__CT_velocity_mean,CT_velocity_mean,False,-0.34671321511268616,-0.00013975588080938905,4.8455210766328635e-05
32473,77.5,1.9172322936356068e-05,20,lag_14__T_velocity_mean,T_velocity_mean,False,1.2724034786224365,3.7177593185333535e-05,4.730489889582818e-05
32057,71.0,1.902499934658408e-05,1,lag_13__CT4__duck_amount,CT4__duck_amount,False,3.465087413787842,-8.441798854619265e-05,-0.0002925157096086983
32057,71.0,1.902499934658408e-05,2,lag_15__CT_duck_amount_mean,CT_duck_amount_mean,False,-5.988534450531006,-4.609776442521252e-05,0.0002760580503528478
32057,71.0,1.902499934658408e-05,3,lag_05__T_place_PALACEALLEY,T_place_PALACEALLEY,False,3.4808404445648193,7.384469790849835e-05,0.00025704161109657217
32057,71.0,1.902499934658408e-05,4,lag_00__T_velocity_mean,T_velocity_mean,False,-0.9772343635559082,-0.0002619743172544986,0.0002560103051901935
32057,71.0,1.902499934658408e-05,5,lag_12__CT4__duck_amount,CT4__duck_amount,False,-3.6725916862487793,-6.924681656528264e-05,0.0002543152828168513
32057,71.0,1.902499934658408e-05,6,lag_02__T3__is_walking,T3__is_walking,False,-2.3223767280578613,9.974709246307611e-05,-0.00023165032622768367
32057,71.0,1.902499934658408e-05,7,lag_09__T3__shots_fired,T3__shots_fired,False,-5.450135707855225,3.892474342137575e-05,-0.00021214513403994273
32057,71.0,1.902499934658408e-05,8,lag_09__T_shots_fired_sum,T_shots_fired_sum,False,-6.747633457183838,3.0193288694135845e-05,-0.00020373324497496154
32057,71.0,1.902499934658408e-05,9,lag_03__T3__is_walking,T3__is_walking,False,2.3223767280578613,8.213894034270197e-05,0.00019075756351922407
32057,71.0,1.902499934658408e-05,10,lag_15__T_velocity_mean,T_velocity_mean,False,-1.5866739749908447,0.00011172444646945223,-0.00017727027158333762
32057,71.0,1.902499934658408e-05,11,lag_02__CT_duck_amount_mean,CT_duck_amount_mean,False,5.988534450531006,2.9184064260334708e-05,0.00017476977422952508
32057,71.0,1.902499934658408e-05,12,lag_04__T_place_PALACEINTERIOR,T_place_PALACEINTERIOR,False,3.35436749458313,5.167870767763816e-05,0.00017334937719593307
32057,71.0,1.902499934658408e-05,13,lag_11__T3__is_walking,T3__is_walking,False,2.3223767280578613,-7.320667646126822e-05,-0.00017001348175211053
32057,71.0,1.902499934658408e-05,14,lag_02__CT4__duck_amount,CT4__duck_amount,False,3.6725916862487793,4.293299571145326e-05,0.00015767536311563773
32057,71.0,1.902499934658408e-05,15,lag_06__T_place_TRAMP,T_place_TRAMP,False,2.926727294921875,-4.5196604332886636e-05,-0.0001322781355388436
32057,71.0,1.902499934658408e-05,16,lag_15__T5__duck_amount,T5__duck_amount,False,-2.7430810928344727,-4.756703128805384e-05,0.00013048022416852628
32057,71.0,1.902499934658408e-05,17,lag_12__CT_duck_amount_mean,CT_duck_amount_mean,False,-5.988534450531006,2.106617648678366e-05,-0.00012615552363207019
32057,71.0,1.902499934658408e-05,18,lag_08__T_place_PALACEINTERIOR,T_place_PALACEINTERIOR,False,3.35436749458313,-3.364949952811003e-05,-0.00011287278742608264
32057,71.0,1.902499934658408e-05,19,lag_10__T_shots_fired_sum,T_shots_fired_sum,False,3.748685359954834,-2.6268222427461296e-05,-9.847130084586139e-05
32057,71.0,1.902499934658408e-05,20,lag_10__CT_velocity_mean,CT_velocity_mean,False,-2.5946500301361084,3.557564195943996e-05,-9.23063404821723e-05
30009,39.0,1.8361955881118774e-05,1,lag_13__CT_place_LADDER,CT_place_LADDER,False,-10.398283004760742,-6.153458525659516e-05,0.0006398540320786544
30009,39.0,1.8361955881118774e-05,2,lag_01__CT_place_CTSPAWN,CT_place_CTSPAWN,False,-1.0407919883728027,-0.0003604583616834134,0.0003751621749820827
30009,39.0,1.8361955881118774e-05,3,lag_02__T1__duck_amount,T1__duck_amount,False,-3.915480136871338,9.069255611393601e-05,-0.00035510490202620565
30009,39.0,1.8361955881118774e-05,4,lag_01__T_place_TRAMP,T_place_TRAMP,False,-2.926727533340454,-9.896144911181182e-05,0.00028963319785480987
30009,39.0,1.8361955881118774e-05,5,lag_14__CT4__is_walking,CT4__is_walking,False,-2.384641170501709,-9.396510722581297e-05,0.00022407306328128124
30009,39.0,1.8361955881118774e-05,6,lag_05__CT_place_SNIPERSNEST,CT_place_SNIPERSNEST,False,-5.355666637420654,4.0907743823481724e-05,-0.0002190882388075719
30009,39.0,1.8361955881118774e-05,7,lag_03__T1__duck_amount,T1__duck_amount,False,3.915480136871338,5.463721026899293e-05,0.0002139309115423045
30009,39.0,1.8361955881118774e-05,8,lag_09__T_place_PALACEALLEY,T_place_PALACEALLEY,False,-3.4808402061462402,6.036603735992685e-05,-0.00021012452992815941
30009,39.0,1.8361955881118774e-05,9,lag_05__T3__duck_amount,T3__duck_amount,False,3.1200170516967773,-6.397163815563545e-05,-0.00019959260187055877
30009,39.0,1.8361955881118774e-05,10,lag_12__CT5__is_walking,CT5__is_walking,False,2.396676540374756,7.673515938222408e-05,0.0001839093563132943
30009,39.0,1.8361955881118774e-05,11,lag_08__T_place_PALACEALLEY,T_place_PALACEALLEY,False,-3.4808406829833984,-5.153307574801147e-05,0.00017937842658294345
30009,39.0,1.8361955881118774e-05,12,lag_10__CT4__is_walking,CT4__is_walking,False,-2.384641170501709,7.507375994464383e-05,-0.00017902397878835977
30009,39.0,1.8361955881118774e-05,13,lag_11__T3__is_walking,T3__is_walking,False,-2.3223767280578613,-7.320667646126822e-05,0.00017001348175211053
30009,39.0,1.8361955881118774e-05,14,lag_11__T1__is_walking,T1__is_walking,False,-2.281590461730957,6.811051571276039e-05,-0.00015540030299381058
30009,39.0,1.8361955881118774e-05,15,lag_13__CT3__is_walking,CT3__is_walking,False,-2.387126922607422,6.291138561209664e-05,-0.00015017746233317308
30009,39.0,1.8361955881118774e-05,16,lag_13__T1__is_walking,T1__is_walking,False,2.281590461730957,6.272642349358648e-05,0.00014311600954146353
30009,39.0,1.8361955881118774e-05,17,lag_09__T_place_TRAMP,T_place_TRAMP,False,2.926727533340454,-4.841360350837931e-05,-0.00014169342637620173
30009,39.0,1.8361955881118774e-05,18,lag_06__T_place_PALACEALLEY,T_place_PALACEALLEY,False,-3.4808404445648193,3.975813524448313e-05,-0.00013839172515947486
30009,39.0,1.8361955881118774e-05,19,lag_03__T_place_TRAMP,T_place_TRAMP,False,-2.926727294921875,-4.6917859435779974e-05,0.0001373157798300051
30009,39.0,1.8361955881118774e-05,20,lag_15__CT4__is_walking,CT4__is_walking,False,2.384641170501709,-5.640882227453403e-05,-0.0001345147999753677
31833,67.5,1.821666955947876e-05,1,lag_13__T_place_SCAFFOLDING,T_place_SCAFFOLDING,False,-34.05546951293945,1.640833397686947e-05,-0.0005587935175074069
31833,67.5,1.821666955947876e-05,2,lag_05__CT4__duck_amount,CT4__duck_amount,False,-3.6725916862487793,0.0001330674422206357,-0.0004887023820098965
31833,67.5,1.821666955947876e-05,3,lag_11__CT4__duck_amount,CT4__duck_amount,False,3.6725916862487793,-8.07443429948762e-05,-0.0002965410027946022
31833,67.5,1.821666955947876e-05,4,lag_00__T_velocity_mean,T_velocity_mean,False,-1.0761783123016357,-0.0002619743172544986,0.0002819310786093196
31833,67.5,1.821666955947876e-05,5,lag_07__T3__duck_amount,T3__duck_amount,False,-3.7704498767852783,7.301103323698044e-05,-0.00027528444127233875
31833,67.5,1.821666955947876e-05,6,lag_06__CT4__duck_amount,CT4__duck_amount,False,3.465087413787842,7.044002268230543e-05,0.00024408083602338662
31833,67.5,1.821666955947876e-05,7,lag_05__T3__duck_amount,T3__duck_amount,False,-3.7704498767852783,-6.397163815563545e-05,0.00024120185520166808
31833,67.5,1.821666955947876e-05,8,lag_06__CT_duck_amount_mean,CT_duck_amount_mean,False,5.650177955627441,-4.122664904571138e-05,-0.00023293790362246755
31833,67.5,1.821666955947876e-05,9,lag_02__T3__is_walking,T3__is_walking,False,-2.3223767280578613,9.974709246307611e-05,-0.00023165032622768367
31833,67.5,1.821666955947876e-05,10,lag_02__T_shots_fired_sum,T_shots_fired_sum,False,-6.747633457183838,-3.405941242817789e-05,0.00022982043083239617
31833,67.5,1.821666955947876e-05,11,lag_15__T_velocity_mean,T_velocity_mean,False,1.353337049484253,0.00011172444646945223,0.00015120083274022984
31833,67.5,1.821666955947876e-05,12,lag_04__T3__is_walking,T3__is_walking,False,2.3223767280578613,5.94046177866403e-05,0.00013795990188686554
31833,67.5,1.821666955947876e-05,13,lag_01__T5__is_walking,T5__is_walking,False,2.3193888664245605,5.816976408823393e-05,0.000134918303188793
31833,67.5,1.821666955947876e-05,14,lag_09__T5__duck_amount,T5__duck_amount,False,3.7970333099365234,3.4578559279907495e-05,0.00013129594139542344
31833,67.5,1.821666955947876e-05,15,lag_11__CT_duck_amount_mean,CT_duck_amount_mean,False,5.988534450531006,2.106249849020969e-05,0.00012613349782287803
31833,67.5,1.821666955947876e-05,16,lag_15__CT_velocity_mean,CT_velocity_mean,False,1.6336253881454468,7.249134068842977e-05,0.0001184236945693199
31833,67.5,1.821666955947876e-05,17,lag_05__CT_duck_amount_mean,CT_duck_amount_mean,False,-5.988534450531006,-1.9572551536839455e-05,0.00011721089916315666
31833,67.5,1.821666955947876e-05,18,lag_01__T_walking_count,T_walking_count,False,0.7970898747444153,0.00013061748177278787,0.00010411387218570243
31833,67.5,1.821666955947876e-05,19,lag_01__T_unique_places,T_unique_places,False,0.8783379793167114,0.00010503230441827327,9.225386202572385e-05
31833,67.5,1.821666955947876e-05,20,lag_12__T_kills_last_3s,T_kills_last_3s,False,-3.1681017875671387,-2.8035010473104194e-05,8.881776679430485e-05
32761,82.0,-1.7091340851038694e-05,1,lag_06__CT_velocity_mean,CT_velocity_mean,False,13.935868263244629,3.878885036101565e-05,0.0005405563087138229
32761,82.0,-1.7091340851038694e-05,2,lag_04__T_place_PALACEINTERIOR,T_place_PALACEINTERIOR,False,-6.70873498916626,5.167870767763816e-05,-0.00034669875439186613
32761,82.0,-1.7091340851038694e-05,3,lag_05__CT_velocity_mean,CT_velocity_mean,False,-14.126656532287598,2.3282675101654604e-05,-0.0003289063543139188
32761,82.0,-1.7091340851038694e-05,4,lag_00__T_velocity_mean,T_velocity_mean,False,0.7367790937423706,-0.0002619743172544986,-0.00019301720005054576
32761,82.0,-1.7091340851038694e-05,5,lag_04__T_place_PALACEALLEY,T_place_PALACEALLEY,False,3.4808404445648193,4.9905011110240594e-05,0.00017371138105898212
32761,82.0,-1.7091340851038694e-05,6,lag_15__T5__is_walking,T5__is_walking,False,-2.3193888664245605,6.852603110019118e-05,-0.0001589385135940466
32761,82.0,-1.7091340851038694e-05,7,lag_02__T4__is_walking,T4__is_walking,False,2.307980537414551,-6.491447857115418e-05,-0.00014982135313863776
32761,82.0,-1.7091340851038694e-05,8,lag_03__T4__is_walking,T4__is_walking,False,-2.307980537414551,-5.005134880775586e-05,0.0001155175389196475
32761,82.0,-1.7091340851038694e-05,9,lag_10__T4__is_walking,T4__is_walking,False,2.307980537414551,4.9343329010298476e-05,0.00011388344300701167
32761,82.0,-1.7091340851038694e-05,10,lag_08__T_place_PALACEINTERIOR,T_place_PALACEINTERIOR,False,3.35436749458313,-3.364949952811003e-05,-0.00011287278742608264
32761,82.0,-1.7091340851038694e-05,11,lag_04__T5__is_walking,T5__is_walking,False,2.3193888664245605,-4.1987656004494056e-05,-9.738570186408786e-05
32761,82.0,-1.7091340851038694e-05,12,lag_01__CT_macro_OTHER,CT_macro_OTHER,False,-0.730858325958252,-0.00013224779104348272,9.665439917371649e-05
32761,82.0,-1.7091340851038694e-05,13,lag_05__T_place_TRAMP,T_place_TRAMP,False,2.926727294921875,-2.9476081181201153e-05,-8.626845134035444e-05
32761,82.0,-1.7091340851038694e-05,14,lag_14__T_A_site_active_smokes,T_A_site_active_smokes,True,-1.422539234161377,-5.9645288274623454e-05,8.48477627035174e-05
32761,82.0,-1.7091340851038694e-05,15,lag_06__T_place_PALACEINTERIOR,T_place_PALACEINTERIOR,False,3.354367256164551,2.476385452609975e-05,8.30670627587713e-05
32761,82.0,-1.7091340851038694e-05,16,lag_01__CT_place_CONNECTOR,CT_place_CONNECTOR,False,-3.575894594192505,1.943824827321805e-05,-6.950912692077222e-05
32761,82.0,-1.7091340851038694e-05,17,lag_01__CT_macro_A,CT_macro_A,False,1.300473690032959,4.9291131290374324e-05,6.410181939509214e-05
32761,82.0,-1.7091340851038694e-05,18,lag_01__CT_place_BOMBSITEA,CT_place_BOMBSITEA,False,1.300473690032959,4.9291131290374324e-05,6.410181939509214e-05
32761,82.0,-1.7091340851038694e-05,19,lag_13__T4__duck_amount,T4__duck_amount,False,-3.6976382732391357,-1.726739719742909e-05,6.3848588756436e-05
32761,82.0,-1.7091340851038694e-05,20,lag_03__T4__duck_amount,T4__duck_amount,False,2.848778486251831,2.2225418433663435e-05,6.331529388176526e-05
31545,63.0,-1.6355421394109726e-05,1,lag_04__T_place_SCAFFOLDING,T_place_SCAFFOLDING,False,-34.05546951293945,2.37419535551453e-05,-0.0008085433754748753
31545,63.0,-1.6355421394109726e-05,2,lag_11__CT_place_STAIRS,CT_place_STAIRS,False,-7.783008575439453,-3.4986791433766484e-05,0.00027230249775611615
31545,63.0,-1.6355421394109726e-05,3,lag_14__T_place_PALACEINTERIOR,T_place_PALACEINTERIOR,False,-3.35436749458313,-6.371627387125045e-05,0.00021372779794967892
31545,63.0,-1.6355421394109726e-05,4,lag_00__T_velocity_mean,T_velocity_mean,False,0.7175485491752625,-0.0002619743172544986,-0.0001879792912671454
31545,63.0,-1.6355421394109726e-05,5,lag_02__CT_duck_amount_mean,CT_duck_amount_mean,False,5.988534450531006,2.9184064260334708e-05,0.00017476977422952508
31545,63.0,-1.6355421394109726e-05,6,lag_14__T_place_SCAFFOLDING,T_place_SCAFFOLDING,False,34.05546951293945,4.990170054952614e-06,0.00016994258417082214
31545,63.0,-1.6355421394109726e-05,7,lag_02__CT4__duck_amount,CT4__duck_amount,False,3.6725916862487793,4.293299571145326e-05,0.00015767536311563773
31545,63.0,-1.6355421394109726e-05,8,lag_01__T_duck_amount_mean,T_duck_amount_mean,False,2.7140748500823975,5.475177022162825e-05,0.00014860040255601156
31545,63.0,-1.6355421394109726e-05,9,lag_01__T3__duck_amount,T3__duck_amount,False,3.7704498767852783,3.662818198790774e-05,0.00013810472426317548
31545,63.0,-1.6355421394109726e-05,10,lag_09__T5__duck_amount,T5__duck_amount,False,3.7970333099365234,3.4578559279907495e-05,0.00013129594139542344
31545,63.0,-1.6355421394109726e-05,11,lag_04__T5__duck_amount,T5__duck_amount,False,-1.6951453685760498,-6.774971552658826e-05,0.00011484561649724098
31545,63.0,-1.6355421394109726e-05,12,lag_09__T_kills_last_3s,T_kills_last_3s,False,3.1681017875671387,-3.548421955201775e-05,-0.00011241761939317224
31545,63.0,-1.6355421394109726e-05,13,lag_00__T5__duck_amount,T5__duck_amount,False,3.7970333099365234,-2.51025048783049e-05,-9.531504718576778e-05
31545,63.0,-1.6355421394109726e-05,14,lag_15__T_A_site_active_smokes,T_A_site_active_smokes,True,-1.422539234161377,-6.31555521977134e-05,8.98412508563741e-05
31545,63.0,-1.6355421394109726e-05,15,lag_05__T_velocity_mean,T_velocity_mean,False,-1.1343555450439453,7.12866458343342e-05,-8.086440198976086e-05
31545,63.0,-1.6355421394109726e-05,16,lag_03__T_kills_last_3s,T_kills_last_3s,False,-3.1681017875671387,2.5368042770423926e-05,-8.036854164805967e-05
31545,63.0,-1.6355421394109726e-05,17,lag_08__T_shots_fired_sum,T_shots_fired_sum,False,-2.998948335647583,2.529897574277129e-05,-7.587032119737254e-05
31545,63.0,-1.6355421394109726e-05,18,lag_11__damage_diff_last_5s,damage_diff_last_5s,False,2.255979061126709,3.175100209773518e-05,7.162959590228078e-05
31545,63.0,-1.6355421394109726e-05,19,lag_09__T3__shots_fired,T3__shots_fired,False,1.8167120218276978,3.892474342137575e-05,7.071504932017192e-05
31545,63.0,-1.6355421394109726e-05,20,lag_11__T_A_site_active_infernos,T_A_site_active_infernos,True,-2.9764554500579834,2.2857380827190354e-05,-6.803397573714159e-05
32729,81.5,-1.5325669664889574e-05,1,lag_05__CT_velocity_mean,CT_velocity_mean,False,13.935868263244629,2.3282675101654604e-05,0.0003244642930325843
32729,81.5,-1.5325669664889574e-05,2,lag_14__T5__is_walking,T5__is_walking,False,-2.3193888664245605,9.553072595736012e-05,-0.00022157290218695683
32729,81.5,-1.5325669664889574e-05,3,lag_00__T_velocity_mean,T_velocity_mean,False,-0.7109584808349609,-0.0002619743172544986,0.00018625286261303442
32729,81.5,-1.5325669664889574e-05,4,lag_04__T_place_PALACEINTERIOR,T_place_PALACEINTERIOR,False,-3.354367256164551,5.167870767763816e-05,-0.000173349364874769
32729,81.5,-1.5325669664889574e-05,5,lag_02__T4__is_walking,T4__is_walking,False,-2.307980537414551,-6.491447857115418e-05,0.00014982135313863776
32729,81.5,-1.5325669664889574e-05,6,lag_08__CT4__is_walking,CT4__is_walking,False,2.384641170501709,5.53576392121613e-05,0.00013200810556709963
32729,81.5,-1.5325669664889574e-05,7,lag_04__CT_velocity_mean,CT_velocity_mean,False,-14.126656532287598,8.876762876752764e-06,-0.00012539898027844748
32729,81.5,-1.5325669664889574e-05,8,lag_03__T5__is_walking,T5__is_walking,False,2.3193888664245605,-5.3614228818332776e-05,-0.00012435224540317986
32729,81.5,-1.5325669664889574e-05,9,lag_15__T_velocity_mean,T_velocity_mean,False,-1.0588154792785645,0.00011172444646945223,-0.00011829557333568538
32729,81.5,-1.5325669664889574e-05,10,lag_04__T_place_TRAMP,T_place_TRAMP,False,2.926727294921875,-4.028692274005152e-05,-0.00011790883641171757
32729,81.5,-1.5325669664889574e-05,11,lag_07__T_place_PALACEINTERIOR,T_place_PALACEINTERIOR,False,3.35436749458313,-3.395981548237614e-05,-0.00011391370117612345
32729,81.5,-1.5325669664889574e-05,12,lag_01__T_walking_count,T_walking_count,False,0.7970898747444153,0.00013061748177278787,0.00010411387218570243
32729,81.5,-1.5325669664889574e-05,13,lag_09__T4__is_walking,T4__is_walking,False,2.307980537414551,3.8402024074457586e-05,8.863112416117314e-05
32729,81.5,-1.5325669664889574e-05,14,lag_15__T3__duck_amount,T3__duck_amount,False,-3.7704498767852783,2.0354733351268806e-05,-7.674650185628866e-05
32729,81.5,-1.5325669664889574e-05,15,lag_07__CT_place_CONNECTOR,CT_place_CONNECTOR,False,3.575894594192505,-1.888946644612588e-05,-6.754674095188224e-05
32729,81.5,-1.5325669664889574e-05,16,lag_03__T_place_TSPAWN,T_place_TSPAWN,False,0.9492049813270569,-7.094487955328077e-05,-6.734123307162217e-05
32729,81.5,-1.5325669664889574e-05,17,lag_13__T4__duck_amount,T4__duck_amount,False,3.6976382732391357,-1.726739719742909e-05,-6.3848588756436e-05
32729,81.5,-1.5325669664889574e-05,18,lag_01__T_duck_amount_mean,T_duck_amount_mean,False,-1.1201837062835693,5.475177022162825e-05,-6.13320408924499e-05
32729,81.5,-1.5325669664889574e-05,19,lag_01__T4__is_walking,T4__is_walking,False,2.307980537414551,-2.5464001737418585e-05,-5.87704204146524e-05
32729,81.5,-1.5325669664889574e-05,20,lag_13__T_A_site_active_smokes,T_A_site_active_smokes,True,-1.422539234161377,-4.0263588743982837e-05,5.727653469645398e-05
32793,82.5,-1.4894758351147175e-05,1,lag_06__CT_velocity_mean,CT_velocity_mean,False,-14.126656532287598,3.878885036101565e-05,-0.0005479567663323678
32793,82.5,-1.4894758351147175e-05,2,lag_07__CT_velocity_mean,CT_velocity_mean,False,13.935868263244629,2.181018135161139e-05,0.000303943814113531
32793,82.5,-1.4894758351147175e-05,3,lag_05__T_place_PALACEALLEY,T_place_PALACEALLEY,False,3.4808404445648193,7.384469790849835e-05,0.00025704161109657217
32793,82.5,-1.4894758351147175e-05,4,lag_09__T_place_PALACEINTERIOR,T_place_PALACEINTERIOR,False,3.35436749458313,-5.408781362348236e-05,-0.0001814304038716798
32793,82.5,-1.4894758351147175e-05,5,lag_10__CT4__is_walking,CT4__is_walking,False,2.384641170501709,7.507375994464383e-05,0.00017902397878835977
32793,82.5,-1.4894758351147175e-05,6,lag_04__T4__is_walking,T4__is_walking,False,-2.307980537414551,-6.613738514715806e-05,0.00015264379771513098
32793,82.5,-1.4894758351147175e-05,7,lag_06__T_place_TRAMP,T_place_TRAMP,False,2.926727294921875,-4.5196604332886636e-05,-0.0001322781355388436
32793,82.5,-1.4894758351147175e-05,8,lag_03__T4__is_walking,T4__is_walking,False,2.307980537414551,-5.005134880775586e-05,-0.0001155175389196475
32793,82.5,-1.4894758351147175e-05,9,lag_07__T_place_PALACEINTERIOR,T_place_PALACEINTERIOR,False,3.354367256164551,-3.395981548237614e-05,-0.0001139136930794725
32793,82.5,-1.4894758351147175e-05,10,lag_00__T_velocity_mean,T_velocity_mean,False,-0.375160276889801,-0.0002619743172544986,9.828235739921427e-05
32793,82.5,-1.4894758351147175e-05,11,lag_11__T4__is_walking,T4__is_walking,False,2.307980537414551,4.252095823176205e-05,9.813754403112385e-05
32793,82.5,-1.4894758351147175e-05,12,lag_05__T_place_PALACEINTERIOR,T_place_PALACEINTERIOR,False,-6.70873498916626,1.357395012746565e-05,-9.106403416132662e-05
32793,82.5,-1.4894758351147175e-05,13,lag_15__T_A_site_active_smokes,T_A_site_active_smokes,True,-1.422539234161377,-6.31555521977134e-05,8.98412508563741e-05
32793,82.5,-1.4894758351147175e-05,14,lag_15__CT_velocity_mean,CT_velocity_mean,False,-1.198225975036621,7.249134068842977e-05,-8.686100737810565e-05
32793,82.5,-1.4894758351147175e-05,15,lag_06__T_place_PALACEINTERIOR,T_place_PALACEINTERIOR,False,-3.354367256164551,2.476385452609975e-05,-8.30670627587713e-05
32793,82.5,-1.4894758351147175e-05,16,lag_05__T5__is_walking,T5__is_walking,False,2.3193888664245605,-3.521929829730652e-05,-8.168724835405823e-05
32793,82.5,-1.4894758351147175e-05,17,lag_15__T4__duck_amount,T4__duck_amount,False,3.6976382732391357,-1.9496175809763372e-05,-7.208980585598004e-05
32793,82.5,-1.4894758351147175e-05,18,lag_03__T4__duck_amount,T4__duck_amount,False,-2.848778486251831,2.2225418433663435e-05,-6.331529388176526e-05
32793,82.5,-1.4894758351147175e-05,19,lag_05__T_velocity_mean,T_velocity_mean,False,-0.8058199882507324,7.12866458343342e-05,-5.7444204108657304e-05
32793,82.5,-1.4894758351147175e-05,20,lag_02__CT_place_CONNECTOR,CT_place_CONNECTOR,False,-3.575894594192505,1.505354703112971e-05,-5.382989745203936e-05
32985,85.5,1.4503486454486847e-05,1,lag_05__CT_place_STAIRS,CT_place_STAIRS,False,7.783008575439453,-0.00011014230403816327,-0.0008572384968476843
32985,85.5,1.4503486454486847e-05,2,lag_13__CT_velocity_mean,CT_velocity_mean,False,13.935868263244629,3.219757491024211e-05,0.00044870116234508456
32985,85.5,1.4503486454486847e-05,3,lag_00__CT_velocity_mean,CT_velocity_mean,False,-2.8971996307373047,-0.00013975588080938905,0.00040490068627432874
32985,85.5,1.4503486454486847e-05,4,lag_12__CT_velocity_mean,CT_velocity_mean,False,-14.126656532287598,2.7525453333510086e-05,-0.0003888426251380077
32985,85.5,1.4503486454486847e-05,5,lag_15__T_place_PALACEINTERIOR,T_place_PALACEINTERIOR,False,3.35436749458313,-7.702130824327469e-05,-0.0002583577727615083
32985,85.5,1.4503486454486847e-05,6,lag_02__T3__is_walking,T3__is_walking,False,2.3223767280578613,9.974709246307611e-05,0.00023165032622768367
32985,85.5,1.4503486454486847e-05,7,lag_11__T_place_PALACEINTERIOR,T_place_PALACEINTERIOR,False,-6.70873498916626,-3.1671388569520786e-05,0.00021247495265182444
32985,85.5,1.4503486454486847e-05,8,lag_05__CT4__is_walking,CT4__is_walking,False,-2.384641170501709,-8.860762318363413e-05,0.00021129738626399566
32985,85.5,1.4503486454486847e-05,9,lag_00__T_velocity_mean,T_velocity_mean,False,0.6163212060928345,-0.0002619743172544986,-0.00016146032717563943
32985,85.5,1.4503486454486847e-05,10,lag_04__T4__is_walking,T4__is_walking,False,-2.307980537414551,-6.613738514715806e-05,0.00015264379771513098
32985,85.5,1.4503486454486847e-05,11,lag_04__T3__is_walking,T3__is_walking,False,-2.3223767280578613,5.94046177866403e-05,-0.00013795990188686554
32985,85.5,1.4503486454486847e-05,12,lag_13__T_place_PALACEINTERIOR,T_place_PALACEINTERIOR,False,3.354367256164551,-4.0921815525507554e-05,-0.0001372667980615687
32985,85.5,1.4503486454486847e-05,13,lag_01__T5__is_walking,T5__is_walking,False,2.3193888664245605,5.816976408823393e-05,0.000134918303188793
32985,85.5,1.4503486454486847e-05,14,lag_03__T5__is_walking,T5__is_walking,False,-2.3193888664245605,-5.3614228818332776e-05,0.00012435224540317986
32985,85.5,1.4503486454486847e-05,15,lag_15__T_velocity_mean,T_velocity_mean,False,1.1102981567382812,0.00011172444646945223,0.0001240474469776376
32985,85.5,1.4503486454486847e-05,16,lag_12__T_place_TRAMP,T_place_TRAMP,False,2.926727294921875,-4.018013714812696e-05,-0.00011759630410512756
32985,85.5,1.4503486454486847e-05,17,lag_10__T4__is_walking,T4__is_walking,False,-2.307980537414551,4.9343329010298476e-05,-0.00011388344300701167
32985,85.5,1.4503486454486847e-05,18,lag_01__T_walking_count,T_walking_count,False,0.7970898747444153,0.00013061748177278787,0.00010411387218570243
32985,85.5,1.4503486454486847e-05,19,lag_09__T4__is_walking,T4__is_walking,False,2.307980537414551,3.8402024074457586e-05,8.863112416117314e-05
32985,85.5,1.4503486454486847e-05,20,lag_05__T_velocity_mean,T_velocity_mean,False,-0.9696465730667114,7.12866458343342e-05,-6.912285183868251e-05
33145,88.0,-1.4325138181447983e-05,1,lag_10__CT_place_STAIRS,CT_place_STAIRS,False,7.783008575439453,-5.63991634408012e-05,-0.00043895517270736706
33145,88.0,-1.4325138181447983e-05,2,lag_01__T1__flash,T1__flash,True,-1.3911173343658447,-0.0001599352399352938,0.0002224886846499477
33145,88.0,-1.4325138181447983e-05,3,lag_10__CT4__is_walking,CT4__is_walking,False,-2.384641170501709,7.507375994464383e-05,-0.00017902397878835977
33145,88.0,-1.4325138181447983e-05,4,lag_02__CT_place_STAIRS,CT_place_STAIRS,False,-7.783008575439453,-2.1950876543996856e-05,0.00017084386038034027
33145,88.0,-1.4325138181447983e-05,5,lag_00__T_velocity_mean,T_velocity_mean,False,0.5966011881828308,-0.0002619743172544986,-0.00015629418894741974
33145,88.0,-1.4325138181447983e-05,6,lag_15__T4__is_walking,T4__is_walking,False,-2.307980537414551,-5.663993215421215e-05,0.00013072386105240225
33145,88.0,-1.4325138181447983e-05,7,lag_01__T1__utility_total,T1__utility_total,True,-0.7838127017021179,-0.00016368782962672412,0.00012830059997547862
33145,88.0,-1.4325138181447983e-05,8,lag_10__T3__is_walking,T3__is_walking,False,2.3223767280578613,-4.658521356759593e-05,-0.00010818841586099012
33145,88.0,-1.4325138181447983e-05,9,lag_01__CT_velocity_mean,CT_velocity_mean,False,-3.9596922397613525,-2.48084088525502e-05,9.823366401426987e-05
33145,88.0,-1.4325138181447983e-05,10,lag_09__T4__is_walking,T4__is_walking,False,-2.307980537414551,3.8402024074457586e-05,-8.863112416117314e-05
33145,88.0,-1.4325138181447983e-05,11,lag_08__T5__is_walking,T5__is_walking,False,-2.3193888664245605,-3.06922520394437e-05,7.118726766578223e-05
33145,88.0,-1.4325138181447983e-05,12,lag_05__CT_velocity_mean,CT_velocity_mean,False,-2.8971996307373047,2.3282675101654604e-05,-6.745455770709036e-05
33145,88.0,-1.4325138181447983e-05,13,lag_14__T4__is_walking,T4__is_walking,False,2.307980537414551,-2.8185497285448946e-05,-6.505157917216682e-05
33145,88.0,-1.4325138181447983e-05,14,lag_06__CT_velocity_mean,CT_velocity_mean,False,1.5883643627166748,3.878885036101565e-05,6.161082758418708e-05
33145,88.0,-1.4325138181447983e-05,15,lag_09__T3__is_walking,T3__is_walking,False,-2.3223767280578613,-2.6352074200985953e-05,6.119944386042374e-05
33145,88.0,-1.4325138181447983e-05,16,lag_06__T5__is_walking,T5__is_walking,False,2.3193888664245605,-2.6353263820055872e-05,-6.112346669818677e-05
33145,88.0,-1.4325138181447983e-05,17,lag_15__T4__duck_amount,T4__duck_amount,False,2.848778486251831,-1.9496175809763372e-05,-5.5540286211037265e-05
33145,88.0,-1.4325138181447983e-05,18,lag_01__flash_inv_diff,flash_inv_diff,True,0.4184093475341797,0.00013093382585793734,5.4783936647373466e-05
33145,88.0,-1.4325138181447983e-05,19,lag_07__T3__is_walking,T3__is_walking,False,2.3223767280578613,-2.3111153495847248e-05,-5.3672805037328734e-05
33145,88.0,-1.4325138181447983e-05,20,lag_02__CT_velocity_mean,CT_velocity_mean,False,3.637050151824951,-1.4675579222966917e-05,-5.3375817641010924e-05
31129,56.5,-1.3953540474176407e-05,1,lag_03__T_place_SCAFFOLDING,T_place_SCAFFOLDING,False,-34.05546951293945,3.95409733755514e-05,-0.0013465864133030414
31129,56.5,-1.3953540474176407e-05,2,lag_01__T_place_SCAFFOLDING,T_place_SCAFFOLDING,False,34.05546951293945,2.1488804122782312e-05,0.0007318113136729407
31129,56.5,-1.3953540474176407e-05,3,lag_07__T_flashes_last_5s,T_flashes_last_5s,True,-9.0607271194458,-7.175327482400462e-05,0.0006501368431069063
31129,56.5,-1.3953540474176407e-05,4,lag_08__CT1__duck_amount,CT1__duck_amount,False,3.8154516220092773,9.374789078719914e-05,0.00035769054196396755
31129,56.5,-1.3953540474176407e-05,5,lag_10__CT4__duck_amount,CT4__duck_amount,False,3.6725916862487793,-7.632784399902448e-05,-0.0002803210053001111
31129,56.5,-1.3953540474176407e-05,6,lag_07__T3__duck_amount,T3__duck_amount,False,3.7704498767852783,7.301103323698044e-05,0.00027528444127233875
31129,56.5,-1.3953540474176407e-05,7,lag_15__T5__duck_amount,T5__duck_amount,False,3.7970333099365234,-4.756703128805384e-05,-0.00018061360225553325
31129,56.5,-1.3953540474176407e-05,8,lag_11__T3__is_walking,T3__is_walking,False,2.3223767280578613,-7.320667646126822e-05,-0.00017001348175211053
31129,56.5,-1.3953540474176407e-05,9,lag_10__T_place_PALACEINTERIOR,T_place_PALACEINTERIOR,False,3.35436749458313,-4.873858779319562e-05,-0.0001634871346253815
31129,56.5,-1.3953540474176407e-05,10,lag_11__T1__is_walking,T1__is_walking,False,2.281590461730957,6.811051571276039e-05,0.00015540030299381058
31129,56.5,-1.3953540474176407e-05,11,lag_07__CT1__duck_amount,CT1__duck_amount,False,-3.8154516220092773,3.494480552035384e-05,-0.0001333302149034328
31129,56.5,-1.3953540474176407e-05,12,lag_06__T4__duck_amount,T4__duck_amount,False,-3.6976382732391357,-3.499706872389652e-05,0.00012940650076466009
31129,56.5,-1.3953540474176407e-05,13,lag_06__T_bomb_zone_count,T_bomb_zone_count,False,5.821373462677002,-1.954631989065092e-05,-0.00011378642790443091
31129,56.5,-1.3953540474176407e-05,14,lag_10__T3__is_walking,T3__is_walking,False,-2.3223767280578613,-4.658521356759593e-05,0.00010818841586099012
31129,56.5,-1.3953540474176407e-05,15,lag_14__T5__duck_amount,T5__duck_amount,False,-3.7970333099365234,2.7711857910617255e-05,-0.00010522284756684167
31129,56.5,-1.3953540474176407e-05,16,lag_02__T_A_site_active_smokes,T_A_site_active_smokes,True,-1.422539234161377,-6.938008300494403e-05,9.869589014390584e-05
31129,56.5,-1.3953540474176407e-05,17,lag_15__T_velocity_mean,T_velocity_mean,False,-0.8181466460227966,0.00011172444646945223,-9.140698115773583e-05
31129,56.5,-1.3953540474176407e-05,18,lag_01__T_place_PALACEINTERIOR,T_place_PALACEINTERIOR,False,-3.35436749458313,2.5389401344000362e-05,-8.516538257524004e-05
31129,56.5,-1.3953540474176407e-05,19,lag_08__CT1__is_walking,CT1__is_walking,False,-2.3343825340270996,-3.6352885217638686e-05,8.486154031354769e-05
31129,56.5,-1.3953540474176407e-05,20,lag_13__T3__is_walking,T3__is_walking,False,-2.3223767280578613,-3.5207787732360885e-05,8.176574687603598e-05
30233,42.5,1.3497192412614822e-05,1,lag_05__CT_place_UNDERPASS,CT_place_UNDERPASS,False,-5.7987165451049805,-7.863857172196731e-05,0.0004560027869275965
30233,42.5,1.3497192412614822e-05,2,lag_00__CT1__is_walking,CT1__is_walking,False,2.3343825340270996,0.000178111920831725,0.00041578135709159636
30233,42.5,1.3497192412614822e-05,3,lag_02__CT3__duck_amount,CT3__duck_amount,False,-3.7208433151245117,8.071406773524359e-05,-0.00030032439936918814
30233,42.5,1.3497192412614822e-05,4,lag_00__T_velocity_mean,T_velocity_mean,False,-0.9050142765045166,-0.0002619743172544986,0.00023709049719284475
30233,42.5,1.3497192412614822e-05,5,lag_00__CT_velocity_mean,CT_velocity_mean,False,-1.650497317314148,-0.00013975588080938905,0.00023066670635477245
30233,42.5,1.3497192412614822e-05,6,lag_07__CT_place_CATWALK,CT_place_CATWALK,False,-3.9834015369415283,-5.6209337344625965e-05,0.0002239043607690479
30233,42.5,1.3497192412614822e-05,7,lag_08__CT_place_JUNGLE,CT_place_JUNGLE,False,6.415591716766357,-3.466938142082654e-05,-0.0002224245962688682
30233,42.5,1.3497192412614822e-05,8,lag_14__T_shots_fired_sum,T_shots_fired_sum,False,3.748685598373413,-4.8504214646527544e-05,-0.00018182705090585057
30233,42.5,1.3497192412614822e-05,9,lag_14__CT_place_PALACEINTERIOR,CT_place_PALACEINTERIOR,False,-4.075206756591797,-4.240398993715644e-05,0.00017280502629835048
30233,42.5,1.3497192412614822e-05,10,lag_13__T2__shots_fired,T2__shots_fired,False,-4.706932067871094,-3.636841574916616e-05,0.00017118366234741833
30233,42.5,1.3497192412614822e-05,11,lag_13__T_place_TRAMP,T_place_TRAMP,False,2.926727294921875,-5.440889435703866e-05,-0.00015923999620126583
30233,42.5,1.3497192412614822e-05,12,lag_06__T_utility_damage_last_5s,T_utility_damage_last_5s,True,-1.2849445343017578,0.00010778720024973154,-0.0001385005738285816
30233,42.5,1.3497192412614822e-05,13,lag_10__T_place_TRAMP,T_place_TRAMP,False,-2.926727294921875,-4.669040936278179e-05,0.00013665009549312934
30233,42.5,1.3497192412614822e-05,14,lag_13__T_shots_fired_sum,T_shots_fired_sum,False,-5.997896671295166,-2.267703166580759e-05,0.00013601449274320242
30233,42.5,1.3497192412614822e-05,15,lag_06__T_place_TRAMP,T_place_TRAMP,False,-2.926727294921875,-4.5196604332886636e-05,0.0001322781355388436
30233,42.5,1.3497192412614822e-05,16,lag_00__CT_walking_count,CT_walking_count,False,0.8974475860595703,0.00014486192958429456,0.0001300059890173566
30233,42.5,1.3497192412614822e-05,17,lag_00__T_shots_fired_sum,T_shots_fired_sum,False,1.499474048614502,-8.412567694904283e-05,-0.00012614426940721693
30233,42.5,1.3497192412614822e-05,18,lag_12__T_place_TRAMP,T_place_TRAMP,False,-2.926727294921875,-4.018013714812696e-05,0.00011759630410512756
30233,42.5,1.3497192412614822e-05,19,lag_06__T4__duck_amount,T4__duck_amount,False,3.335639715194702,-3.499706872389652e-05,-0.0001167376123508276
30233,42.5,1.3497192412614822e-05,20,lag_15__T2__duck_amount,T2__duck_amount,False,3.8233180046081543,-2.984512502735015e-05,-0.00011410740386684926
33209,89.0,-1.2246542610228062e-05,1,lag_13__T_place_SIDEALLEY,T_place_SIDEALLEY,False,3.1883161067962646,0.00016220295219682157,0.0005171542850590308
33209,89.0,-1.2246542610228062e-05,2,lag_04__CT_place_STAIRS,CT_place_STAIRS,False,-7.783008575439453,-5.22503032698296e-05,0.0004066645584183959
33209,89.0,-1.2246542610228062e-05,3,lag_12__T3__is_walking,T3__is_walking,False,2.3223767280578613,-9.42826081882231e-05,-0.00021895973511692687
33209,89.0,-1.2246542610228062e-05,4,lag_12__CT_place_STAIRS,CT_place_STAIRS,False,7.783008575439453,-2.2428510419558734e-05,-0.00017456128892975875
33209,89.0,-1.2246542610228062e-05,5,lag_11__T3__is_walking,T3__is_walking,False,-2.3223767280578613,-7.320667646126822e-05,0.00017001348175211053
33209,89.0,-1.2246542610228062e-05,6,lag_00__T3__is_walking,T3__is_walking,False,-2.3223767280578613,6.200389179866761e-05,-0.00014399639536224335
33209,89.0,-1.2246542610228062e-05,7,lag_01__T5__is_walking,T5__is_walking,False,-2.3193888664245605,5.816976408823393e-05,-0.000134918303188793
33209,89.0,-1.2246542610228062e-05,8,lag_00__T_walking_count,T_walking_count,False,-0.7970898747444153,0.00013727178156841546,-0.00010941794717631102
33209,89.0,-1.2246542610228062e-05,9,lag_06__CT_velocity_mean,CT_velocity_mean,False,2.7336883544921875,3.878885036101565e-05,0.00010603662851604856
33209,89.0,-1.2246542610228062e-05,10,lag_01__T_walking_count,T_walking_count,False,-0.7970898747444153,0.00013061748177278787,-0.00010411387218570243
33209,89.0,-1.2246542610228062e-05,11,lag_11__T4__is_walking,T4__is_walking,False,-2.307980537414551,4.252095823176205e-05,-9.813754403112385e-05
33209,89.0,-1.2246542610228062e-05,12,lag_15__T_velocity_mean,T_velocity_mean,False,-0.7109584808349609,0.00011172444646945223,-7.943144273404867e-05
33209,89.0,-1.2246542610228062e-05,13,lag_08__T5__is_walking,T5__is_walking,False,2.3193888664245605,-3.06922520394437e-05,-7.118726766578223e-05
33209,89.0,-1.2246542610228062e-05,14,lag_07__CT_velocity_mean,CT_velocity_mean,False,-2.8971996307373047,2.181018135161139e-05,-6.318844935820217e-05
33209,89.0,-1.2246542610228062e-05,15,lag_09__T3__is_walking,T3__is_walking,False,2.3223767280578613,-2.6352074200985953e-05,-6.119944386042374e-05
33209,89.0,-1.2246542610228062e-05,16,lag_10__CT_velocity_mean,CT_velocity_mean,False,1.6906535625457764,3.557564195943996e-05,6.014608581858018e-05
33209,89.0,-1.2246542610228062e-05,17,lag_15__CT_place_CONNECTOR,CT_place_CONNECTOR,False,-3.575894594192505,-1.595145477040205e-05,5.704072088298694e-05
33209,89.0,-1.2246542610228062e-05,18,lag_12__CT4__is_walking,CT4__is_walking,False,-2.384641170501709,2.363703606533818e-05,-5.6365849350039146e-05
33209,89.0,-1.2246542610228062e-05,19,lag_00__T_velocity_mean,T_velocity_mean,False,0.19992505013942719,-0.0002619743172544986,-5.237522851234784e-05
33209,89.0,-1.2246542610228062e-05,20,lag_03__T1__flash,T1__flash,True,-1.3911173343658447,-3.352424755576067e-05,4.6636161896390464e-05
31001,54.5,1.2174248695373535e-05,1,lag_06__T_place_SCAFFOLDING,T_place_SCAFFOLDING,False,-34.05547332763672,-4.291216464480385e-05,0.001461394078492273
31001,54.5,1.2174248695373535e-05,2,lag_15__T_place_SCAFFOLDING,T_place_SCAFFOLDING,False,34.05546951293945,-3.272376852692105e-05,-0.0011144233014170474
31001,54.5,1.2174248695373535e-05,3,lag_06__CT_place_SNIPERSNEST,CT_place_SNIPERSNEST,False,-5.355666637420654,-8.62921224324964e-05,0.0004621518411839394
31001,54.5,1.2174248695373535e-05,4,lag_12__T_place_SCAFFOLDING,T_place_SCAFFOLDING,False,34.05547332763672,1.329323640675284e-05,0.0004527074578881407
31001,54.5,1.2174248695373535e-05,5,lag_00__T_velocity_mean,T_velocity_mean,False,1.2928194999694824,-0.0002619743172544986,-0.00033868550583780743
31001,54.5,1.2174248695373535e-05,6,lag_06__CT4__duck_amount,CT4__duck_amount,False,3.6725916862487793,7.044002268230543e-05,0.00025869744168221034
31001,54.5,1.2174248695373535e-05,7,lag_05__CT4__duck_amount,CT4__duck_amount,False,-1.9072595834732056,0.0001330674422206357,-0.0002537941544235745
31001,54.5,1.2174248695373535e-05,8,lag_10__T5__duck_amount,T5__duck_amount,False,-3.7970333099365234,5.22597401868552e-05,-0.00019843197425811754
31001,54.5,1.2174248695373535e-05,9,lag_04__CT1__duck_amount,CT1__duck_amount,False,3.8154516220092773,-4.3072963308077306e-05,-0.00016434280771854964
31001,54.5,1.2174248695373535e-05,10,lag_03__CT1__duck_amount,CT1__duck_amount,False,-3.8154516220092773,-3.98687734559644e-05,0.0001521173763500798
31001,54.5,1.2174248695373535e-05,11,lag_15__T1__duck_amount,T1__duck_amount,False,-2.7287509441375732,5.358115959097631e-05,-0.0001462096398218626
31001,54.5,1.2174248695373535e-05,12,lag_15__T_shots_fired_sum,T_shots_fired_sum,False,-4.498422145843506,-3.053956606891006e-05,0.00013737986032883592
31001,54.5,1.2174248695373535e-05,13,lag_13__CT_place_SNIPERSNEST,CT_place_SNIPERSNEST,False,5.355666637420654,2.367589513596613e-05,0.00012680020169076375
31001,54.5,1.2174248695373535e-05,14,lag_11__T3__duck_amount,T3__duck_amount,False,3.7704498767852783,3.194958480889909e-05,0.00012046430810605437
31001,54.5,1.2174248695373535e-05,15,lag_06__T_A_site_active_infernos,T_A_site_active_infernos,True,-2.9764552116394043,3.995728548034094e-05,-0.0001189310706109243
31001,54.5,1.2174248695373535e-05,16,lag_11__T5__duck_amount,T5__duck_amount,False,3.7970333099365234,3.0810359021415934e-05,0.00011698795949541957
31001,54.5,1.2174248695373535e-05,17,lag_13__T_flashes_last_5s,T_flashes_last_5s,True,9.0607271194458,-1.2120555766159669e-05,-0.00010982104833319808
31001,54.5,1.2174248695373535e-05,18,lag_10__T3__is_walking,T3__is_walking,False,2.3223767280578613,-4.658521356759593e-05,-0.00010818841586099012
31001,54.5,1.2174248695373535e-05,19,lag_02__T_bomb_zone_count,T_bomb_zone_count,False,5.821373462677002,1.7357871911372058e-05,0.00010104665491340783
31001,54.5,1.2174248695373535e-05,20,lag_05__CT1__is_walking,CT1__is_walking,False,2.3343825340270996,-4.112259193789214e-05,-9.599586037373903e-05
32249,74.0,9.963870979845524e-06,1,lag_05__CT4__duck_amount,CT4__duck_amount,False,-3.6725916862487793,0.0001330674422206357,-0.0004887023820098965
32249,74.0,9.963870979845524e-06,2,lag_01__T_place_TSPAWN,T_place_TSPAWN,False,0.9492050409317017,-0.00034275284269824624,-0.0003253427260828459
32249,74.0,9.963870979845524e-06,3,lag_00__T_velocity_mean,T_velocity_mean,False,-1.0588154792785645,-0.0002619743172544986,0.00027738246228249663
32249,74.0,9.963870979845524e-06,4,lag_01__T_place_PALACEALLEY,T_place_PALACEALLEY,False,-3.4808404445648193,7.636902591912076e-05,-0.0002658283941312945
32249,74.0,9.963870979845524e-06,5,lag_14__T5__is_walking,T5__is_walking,False,2.3193888664245605,9.553072595736012e-05,0.00022157290218695683
32249,74.0,9.963870979845524e-06,6,lag_12__T3__is_walking,T3__is_walking,False,2.3223767280578613,-9.42826081882231e-05,-0.00021895973511692687
32249,74.0,9.963870979845524e-06,7,lag_14__T_place_PALACEINTERIOR,T_place_PALACEINTERIOR,False,3.35436749458313,-6.371627387125045e-05,-0.00021372779794967892
32249,74.0,9.963870979845524e-06,8,lag_15__T_shots_fired_sum,T_shots_fired_sum,False,-6.747633457183838,-3.053956606891006e-05,0.00020606979777445383
32249,74.0,9.963870979845524e-06,9,lag_11__T3__is_walking,T3__is_walking,False,-2.3223767280578613,-7.320667646126822e-05,0.00017001348175211053
32249,74.0,9.963870979845524e-06,10,lag_10__T_place_PALACEINTERIOR,T_place_PALACEINTERIOR,False,3.35436749458313,-4.873858779319562e-05,-0.0001634871346253815
32249,74.0,9.963870979845524e-06,11,lag_01__T3__duck_amount,T3__duck_amount,False,3.7704498767852783,3.662818198790774e-05,0.00013810472426317548
32249,74.0,9.963870979845524e-06,12,lag_11__T_place_TRAMP,T_place_TRAMP,False,-2.926727294921875,-4.4678083213511854e-05,0.00013076056562577598
32249,74.0,9.963870979845524e-06,13,lag_06__T_flashed_players,T_flashed_players,False,1.9296237230300903,6.127791129983962e-05,0.00011824331134190416
32249,74.0,9.963870979845524e-06,14,lag_12__T_place_TRAMP,T_place_TRAMP,False,2.926727294921875,-4.018013714812696e-05,-0.00011759630410512756
32249,74.0,9.963870979845524e-06,15,lag_05__CT_duck_amount_mean,CT_duck_amount_mean,False,-5.988534450531006,-1.9572551536839455e-05,0.00011721089916315666
32249,74.0,9.963870979845524e-06,16,lag_15__T_velocity_mean,T_velocity_mean,False,1.0069332122802734,0.00011172444646945223,0.00011249905577372099
32249,74.0,9.963870979845524e-06,17,lag_00__CT_velocity_mean,CT_velocity_mean,False,0.7567154765129089,-0.00013975588080938905,-0.00010575543794215814
32249,74.0,9.963870979845524e-06,18,lag_05__T_flashed_players,T_flashed_players,False,-1.9296237230300903,4.887054456048645e-05,-9.43017621413138e-05
32249,74.0,9.963870979845524e-06,19,lag_01__T_duck_amount_mean,T_duck_amount_mean,False,1.4539684057235718,5.475177022162825e-05,7.960734405968416e-05
32249,74.0,9.963870979845524e-06,20,lag_13__T_velocity_mean,T_velocity_mean,False,-1.0761783123016357,6.38014535070397e-05,-6.866174055759726e-05
31577,63.5,-9.129522368311882e-06,1,lag_15__T_place_SCAFFOLDING,T_place_SCAFFOLDING,False,34.05546951293945,-3.272376852692105e-05,-0.0011144233014170474
31577,63.5,-9.129522368311882e-06,2,lag_05__T_place_SCAFFOLDING,T_place_SCAFFOLDING,False,-34.05546951293945,2.4746092094574124e-05,-0.0008427397848911611
31577,63.5,-9.129522368311882e-06,3,lag_00__T_velocity_mean,T_velocity_mean,False,-1.5866739749908447,-0.0002619743172544986,0.00041566783130370794
31577,63.5,-9.129522368311882e-06,4,lag_15__T_place_PALACEINTERIOR,T_place_PALACEINTERIOR,False,-3.35436749458313,-7.702130824327469e-05,0.0002583577727615083
31577,63.5,-9.129522368311882e-06,5,lag_00__CT_duck_amount_mean,CT_duck_amount_mean,False,-5.988534450531006,-3.964887582696974e-05,0.00023743865881463433
31577,63.5,-9.129522368311882e-06,6,lag_10__T5__duck_amount,T5__duck_amount,False,3.7970333099365234,5.22597401868552e-05,0.00019843197425811754
31577,63.5,-9.129522368311882e-06,7,lag_12__CT_place_STAIRS,CT_place_STAIRS,False,-7.783008575439453,-2.2428510419558734e-05,0.00017456128892975875
31577,63.5,-9.129522368311882e-06,8,lag_00__CT4__duck_amount,CT4__duck_amount,False,-3.6725916862487793,-4.7265519242500886e-05,0.00017358695301624046
31577,63.5,-9.129522368311882e-06,9,lag_00__T_damage_last_5s,T_damage_last_5s,False,-2.3978044986724854,-7.203687709989026e-05,0.0001727303479804338
31577,63.5,-9.129522368311882e-06,10,lag_00__damage_diff_last_5s,damage_diff_last_5s,False,2.255979061126709,6.834787200205028e-05,0.00015419136810919387
31577,63.5,-9.129522368311882e-06,11,lag_01__T3__duck_amount,T3__duck_amount,False,-3.7704498767852783,3.662818198790774e-05,-0.00013810472426317548
31577,63.5,-9.129522368311882e-06,12,lag_02__T3__duck_amount,T3__duck_amount,False,3.7704498767852783,3.2685482437955216e-05,0.00012323897323085562
31577,63.5,-9.129522368311882e-06,13,lag_10__T_kills_last_3s,T_kills_last_3s,False,3.1681017875671387,-3.636920882854611e-05,-0.00011522135550211948
31577,63.5,-9.129522368311882e-06,14,lag_02__T_duck_amount_mean,T_duck_amount_mean,False,2.7140748500823975,4.1796007280936465e-05,0.00011343749219505043
31577,63.5,-9.129522368311882e-06,15,lag_09__T3__shots_fired,T3__shots_fired,False,-2.4222826957702637,3.892474342137575e-05,-9.428673242689589e-05
31577,63.5,-9.129522368311882e-06,16,lag_03__CT_duck_amount_mean,CT_duck_amount_mean,False,5.988534450531006,1.5735349734313786e-05,9.423168397509202e-05
31577,63.5,-9.129522368311882e-06,17,lag_09__T_shots_fired_sum,T_shots_fired_sum,False,-2.998948335647583,3.0193288694135845e-05,-9.054811287700568e-05
31577,63.5,-9.129522368311882e-06,18,lag_05__T_velocity_mean,T_velocity_mean,False,1.038928508758545,7.12866458343342e-05,7.406172865106336e-05
31577,63.5,-9.129522368311882e-06,19,lag_01__T_duck_amount_mean,T_duck_amount_mean,False,-1.2601064443588257,5.475177022162825e-05,-6.89930584963274e-05
31577,63.5,-9.129522368311882e-06,20,lag_00__T5__duck_amount,T5__duck_amount,False,-2.7430810928344727,-2.51025048783049e-05,6.885820651446328e-05
32121,72.0,8.159549906849861e-06,1,lag_01__CT_duck_amount_mean,CT_duck_amount_mean,False,-5.988534450531006,4.646148954634555e-05,-0.0002782362307712765
32121,72.0,8.159549906849861e-06,2,lag_15__CT_duck_amount_mean,CT_duck_amount_mean,False,5.650177955627441,-4.609776442521252e-05,-0.00026046057235904266
32121,72.0,8.159549906849861e-06,3,lag_14__CT_duck_amount_mean,CT_duck_amount_mean,False,-5.988534450531006,-4.31748412665911e-05,0.00025855402432118854
32121,72.0,8.159549906849861e-06,4,lag_11__T3__is_walking,T3__is_walking,False,-2.3223767280578613,-7.320667646126822e-05,0.00017001348175211053
32121,72.0,8.159549906849861e-06,5,lag_10__T_place_PALACEINTERIOR,T_place_PALACEINTERIOR,False,3.35436749458313,-4.873858779319562e-05,-0.0001634871346253815
32121,72.0,8.159549906849861e-06,6,lag_04__T3__is_walking,T3__is_walking,False,-2.3223767280578613,5.94046177866403e-05,-0.00013795990188686554
32121,72.0,8.159549906849861e-06,7,lag_11__T_shots_fired_sum,T_shots_fired_sum,False,-6.747633457183838,-2.0276029317756183e-05,0.000136815213803332
32121,72.0,8.159549906849861e-06,8,lag_08__T_place_PALACEINTERIOR,T_place_PALACEINTERIOR,False,-3.35436749458313,-3.364949952811003e-05,0.00011287278742608264
32121,72.0,8.159549906849861e-06,9,lag_08__T_place_TRAMP,T_place_TRAMP,False,2.926727294921875,-3.852414738503285e-05,-0.00011274967366536881
32121,72.0,8.159549906849861e-06,10,lag_07__T_place_TRAMP,T_place_TRAMP,False,-2.926727294921875,-3.8193098589545116e-05,0.00011178078411966386
32121,72.0,8.159549906849861e-06,11,lag_04__CT_duck_amount_mean,CT_duck_amount_mean,False,5.988534450531006,-1.680820423644036e-05,-0.0001006565101214843
32121,72.0,8.159549906849861e-06,12,lag_12__T_shots_fired_sum,T_shots_fired_sum,False,3.748685359954834,-2.406948624411598e-05,-9.022893070495183e-05
32121,72.0,8.159549906849861e-06,13,lag_06__T_place_PALACEINTERIOR,T_place_PALACEINTERIOR,False,3.35436749458313,2.476385452609975e-05,8.306706866293432e-05
32121,72.0,8.159549906849861e-06,14,lag_13__T3__is_walking,T3__is_walking,False,2.3223767280578613,-3.5207787732360885e-05,-8.176574687603598e-05
32121,72.0,8.159549906849861e-06,15,lag_15__T3__duck_amount,T3__duck_amount,False,3.7704498767852783,2.0354733351268806e-05,7.674650185628866e-05
32121,72.0,8.159549906849861e-06,16,lag_11__T3__shots_fired,T3__shots_fired,False,-5.450135707855225,-1.3434510947263334e-05,7.321990783125181e-05
32121,72.0,8.159549906849861e-06,17,lag_12__CT_velocity_mean,CT_velocity_mean,False,-2.5946500301361084,2.7525453333510086e-05,-7.141891832130199e-05
32121,72.0,8.159549906849861e-06,18,lag_07__T_place_PALACEALLEY,T_place_PALACEALLEY,False,3.4808404445648193,-2.0479041268117726e-05,-7.128427511197619e-05
32121,72.0,8.159549906849861e-06,19,lag_04__CT4__duck_amount,CT4__duck_amount,False,3.6725916862487793,1.8706597984419204e-05,6.870169623557614e-05
32121,72.0,8.159549906849861e-06,20,lag_13__T_shots_fired_sum,T_shots_fired_sum,False,2.998948335647583,-2.267703166580759e-05,-6.800724637160121e-05
32537,78.5,-7.899128831923008e-06,1,lag_14__CT_duck_amount_mean,CT_duck_amount_mean,False,-5.988534450531006,-4.31748412665911e-05,0.00025855402432118854
32537,78.5,-7.899128831923008e-06,2,lag_00__T_velocity_mean,T_velocity_mean,False,0.6357196569442749,-0.0002619743172544986,-0.0001665422230932405
32537,78.5,-7.899128831923008e-06,3,lag_06__T4__duck_amount,T4__duck_amount,False,-3.6976382732391357,-3.499706872389652e-05,0.00012940650076466009
32537,78.5,-7.899128831923008e-06,4,lag_15__T_flashed_players,T_flashed_players,False,1.9296237230300903,-6.50541769573465e-05,-0.00012553008313909327
32537,78.5,-7.899128831923008e-06,5,lag_10__T_place_PALACEALLEY,T_place_PALACEALLEY,False,-3.4808404445648193,3.4614509786479175e-05,-0.00012048758563356146
32537,78.5,-7.899128831923008e-06,6,lag_02__CT4__is_walking,CT4__is_walking,False,2.384641170501709,-4.8728685214882717e-05,-0.00011620042894782724
32537,78.5,-7.899128831923008e-06,7,lag_03__T4__is_walking,T4__is_walking,False,2.307980537414551,-5.005134880775586e-05,-0.0001155175389196475
32537,78.5,-7.899128831923008e-06,8,lag_15__T_velocity_mean,T_velocity_mean,False,-0.9772343635559082,0.00011172444646945223,-0.00010918096833921129
32537,78.5,-7.899128831923008e-06,9,lag_14__T_flashed_players,T_flashed_players,False,-1.9296237230300903,-5.228402733337134e-05,0.00010088849947802701
32537,78.5,-7.899128831923008e-06,10,lag_02__T_velocity_mean,T_velocity_mean,False,-3.680788516998291,-2.629302252898924e-05,9.677905540188096e-05
32537,78.5,-7.899128831923008e-06,11,lag_01__CT_macro_OTHER,CT_macro_OTHER,False,0.730858325958252,-0.00013224779104348272,-9.665439917371649e-05
32537,78.5,-7.899128831923008e-06,12,lag_01__T_place_PALACEINTERIOR,T_place_PALACEINTERIOR,False,3.35436749458313,2.5389401344000362e-05,8.516538257524004e-05
32537,78.5,-7.899128831923008e-06,13,lag_03__T_velocity_mean,T_velocity_mean,False,2.9211161136627197,-2.9047203497611918e-05,-8.485025419371428e-05
32537,78.5,-7.899128831923008e-06,14,lag_08__T5__is_walking,T5__is_walking,False,-2.3193888664245605,-3.06922520394437e-05,7.118726766578223e-05
32537,78.5,-7.899128831923008e-06,15,lag_01__CT_place_CONNECTOR,CT_place_CONNECTOR,False,3.575894594192505,1.943824827321805e-05,6.950912692077222e-05
32537,78.5,-7.899128831923008e-06,16,lag_07__T4__duck_amount,T4__duck_amount,False,3.6976382732391357,1.77305810211692e-05,6.556127499064267e-05
32537,78.5,-7.899128831923008e-06,17,lag_07__T_duck_amount_mean,T_duck_amount_mean,False,1.4539684057235718,4.089231515536085e-05,5.9456134272785864e-05
32537,78.5,-7.899128831923008e-06,18,lag_01__T_macro_OTHER,T_macro_OTHER,False,0.5903127193450928,-9.551502444082871e-05,-5.6383733815978596e-05
32537,78.5,-7.899128831923008e-06,19,lag_10__CT_velocity_mean,CT_velocity_mean,False,1.5323410034179688,3.557564195943996e-05,5.4514014897366625e-05
32537,78.5,-7.899128831923008e-06,20,lag_07__T_A_site_active_smokes,T_A_site_active_smokes,True,-1.422539234161377,-3.6441786505747586e-05,5.183987106735857e-05
32889,84.0,6.474205292761326e-06,1,lag_10__CT_velocity_mean,CT_velocity_mean,False,13.935868263244629,3.557564195943996e-05,0.0004957774597271133
32889,84.0,6.474205292761326e-06,2,lag_00__CT_velocity_mean,CT_velocity_mean,False,1.6906535625457764,-0.00013975588080938905,-0.0002362787777771165
32889,84.0,6.474205292761326e-06,3,lag_13__T_velocity_mean,T_velocity_mean,False,-3.680788516998291,6.38014535070397e-05,-0.00023483965743651206
32889,84.0,6.474205292761326e-06,4,lag_02__T3__is_walking,T3__is_walking,False,2.3223767280578613,9.974709246307611e-05,0.00023165032622768367
32889,84.0,6.474205292761326e-06,5,lag_08__T_place_PALACEINTERIOR,T_place_PALACEINTERIOR,False,-6.70873498916626,-3.364949952811003e-05,0.0002257455748521653
32889,84.0,6.474205292761326e-06,6,lag_01__T_walking_count,T_walking_count,False,-1.594179630279541,0.00013061748177278787,-0.00020822772880058765
32889,84.0,6.474205292761326e-06,7,lag_09__T_place_PALACEINTERIOR,T_place_PALACEINTERIOR,False,-3.354367256164551,-5.408781362348236e-05,0.00018143039097614014
32889,84.0,6.474205292761326e-06,8,lag_08__T_place_PALACEALLEY,T_place_PALACEALLEY,False,3.4808404445648193,-5.153307574801147e-05,-0.00017937841429650075
32889,84.0,6.474205292761326e-06,9,lag_09__CT_velocity_mean,CT_velocity_mean,False,-14.126656532287598,1.2372204764687922e-05,-0.00017477788725787837
32889,84.0,6.474205292761326e-06,10,lag_02__CT_place_STAIRS,CT_place_STAIRS,False,7.783008575439453,-2.1950876543996856e-05,-0.00017084386038034027
32889,84.0,6.474205292761326e-06,11,lag_10__T_place_PALACEINTERIOR,T_place_PALACEINTERIOR,False,3.354367256164551,-4.873858779319562e-05,-0.00016348712300519666
32889,84.0,6.474205292761326e-06,12,lag_01__T3__is_walking,T3__is_walking,False,-2.3223767280578613,6.758176459698007e-05,-0.00015695031734111117
32889,84.0,6.474205292761326e-06,13,lag_09__T_place_TRAMP,T_place_TRAMP,False,2.926727294921875,-4.841360350837931e-05,-0.00014169341483349918
32889,84.0,6.474205292761326e-06,14,lag_02__CT4__is_walking,CT4__is_walking,False,-2.384641170501709,-4.8728685214882717e-05,0.00011620042894782724
32889,84.0,6.474205292761326e-06,15,lag_00__T_walking_count,T_walking_count,False,-0.7970898747444153,0.00013727178156841546,-0.00010941794717631102
32889,84.0,6.474205292761326e-06,16,lag_14__T_velocity_mean,T_velocity_mean,False,2.9211161136627197,3.7177593185333535e-05,0.00010860006652087511
32889,84.0,6.474205292761326e-06,17,lag_06__T4__duck_amount,T4__duck_amount,False,-2.848778486251831,-3.499706872389652e-05,9.969889646251322e-05
32889,84.0,6.474205292761326e-06,18,lag_00__T5__is_walking,T5__is_walking,False,-2.3193888664245605,3.3077027183026075e-05,-7.671848858273322e-05
32889,84.0,6.474205292761326e-06,19,lag_08__T5__is_walking,T5__is_walking,False,2.3193888664245605,-3.06922520394437e-05,-7.118726766578223e-05
32889,84.0,6.474205292761326e-06,20,lag_03__T_place_TSPAWN,T_place_TSPAWN,False,-0.9492049813270569,-7.094487955328077e-05,6.734123307162217e-05
32313,75.0,-5.388283170759678e-06,1,lag_10__CT4__duck_amount,CT4__duck_amount,False,3.6725916862487793,-7.632784399902448e-05,-0.0002803210053001111
32313,75.0,-5.388283170759678e-06,2,lag_14__T_place_PALACEINTERIOR,T_place_PALACEINTERIOR,False,-3.35436749458313,-6.371627387125045e-05,0.00021372779794967892
32313,75.0,-5.388283170759678e-06,3,lag_11__T3__is_walking,T3__is_walking,False,2.3223767280578613,-7.320667646126822e-05,-0.00017001348175211053
32313,75.0,-5.388283170759678e-06,4,lag_00__CT_velocity_mean,CT_velocity_mean,False,-1.198225975036621,-0.00013975588080938905,0.000167459126549932
32313,75.0,-5.388283170759678e-06,5,lag_00__T_A_site_active_smokes,T_A_site_active_smokes,True,-1.422539234161377,-0.00011641404125839472,0.00016560354109734776
32313,75.0,-5.388283170759678e-06,6,lag_13__T_place_TRAMP,T_place_TRAMP,False,-2.926727294921875,-5.440889435703866e-05,0.00015923999620126583
32313,75.0,-5.388283170759678e-06,7,lag_08__T_flashed_players,T_flashed_players,False,1.9296237230300903,7.064284000080079e-05,0.0001363140999277642
32313,75.0,-5.388283170759678e-06,8,lag_07__T_flashed_players,T_flashed_players,False,-1.9296237230300903,7.050589192658663e-05,-0.00013604984167493728
32313,75.0,-5.388283170759678e-06,9,lag_01__T5__is_walking,T5__is_walking,False,-2.3193888664245605,5.816976408823393e-05,-0.000134918303188793
32313,75.0,-5.388283170759678e-06,10,lag_07__CT_duck_amount_mean,CT_duck_amount_mean,False,-5.988534450531006,-2.1874266167287715e-05,0.0001309947965228873
32313,75.0,-5.388283170759678e-06,11,lag_02__T3__duck_amount,T3__duck_amount,False,-3.7704498767852783,3.2685482437955216e-05,-0.00012323897323085562
32313,75.0,-5.388283170759678e-06,12,lag_15__T_velocity_mean,T_velocity_mean,False,-1.0761783123016357,0.00011172444646945223,-0.00012023542624432955
32313,75.0,-5.388283170759678e-06,13,lag_10__T3__is_walking,T3__is_walking,False,-2.3223767280578613,-4.658521356759593e-05,0.00010818841586099012
32313,75.0,-5.388283170759678e-06,14,lag_10__CT_duck_amount_mean,CT_duck_amount_mean,False,5.988534450531006,1.775678902049549e-05,0.00010633714278004795
32313,75.0,-5.388283170759678e-06,15,lag_01__T_walking_count,T_walking_count,False,-0.7970898747444153,0.00013061748177278787,-0.00010411387218570243
32313,75.0,-5.388283170759678e-06,16,lag_14__T_place_TRAMP,T_place_TRAMP,False,2.926727294921875,-3.3469797926954925e-05,-9.795697114833857e-05
32313,75.0,-5.388283170759678e-06,17,lag_14__CT_velocity_mean,CT_velocity_mean,False,1.9943374395370483,4.572719626594335e-05,9.119545951822954e-05
32313,75.0,-5.388283170759678e-06,18,lag_13__T3__is_walking,T3__is_walking,False,-2.3223767280578613,-3.5207787732360885e-05,8.176574687603598e-05
32313,75.0,-5.388283170759678e-06,19,lag_13__T_place_PALACEALLEY,T_place_PALACEALLEY,False,3.4808404445648193,1.9635172066045925e-05,6.834690106348202e-05
32313,75.0,-5.388283170759678e-06,20,lag_03__T_place_TSPAWN,T_place_TSPAWN,False,0.9492050409317017,-7.094487955328077e-05,-6.734123730026652e-05
32281,74.5,-4.855683073401451e-06,1,lag_06__CT4__duck_amount,CT4__duck_amount,False,-3.6725916862487793,7.044002268230543e-05,-0.00025869744168221034
32281,74.5,-4.855683073401451e-06,2,lag_15__T_place_PALACEINTERIOR,T_place_PALACEINTERIOR,False,3.35436749458313,-7.702130824327469e-05,-0.0002583577727615083
32281,74.5,-4.855683073401451e-06,3,lag_06__CT_duck_amount_mean,CT_duck_amount_mean,False,-5.988534450531006,-4.122664904571138e-05,0.00024688720809019384
32281,74.5,-4.855683073401451e-06,4,lag_12__T3__is_walking,T3__is_walking,False,-2.3223767280578613,-9.42826081882231e-05,0.00021895973511692687
32281,74.5,-4.855683073401451e-06,5,lag_13__T_place_TRAMP,T_place_TRAMP,False,2.926727294921875,-5.440889435703866e-05,-0.00015923999620126583
32281,74.5,-4.855683073401451e-06,6,lag_15__T5__is_walking,T5__is_walking,False,2.3193888664245605,6.852603110019118e-05,0.0001589385135940466
32281,74.5,-4.855683073401451e-06,7,lag_02__T_place_TSPAWN,T_place_TSPAWN,False,0.9492050409317017,-0.00015122150944080204,-0.0001435402190585102
32281,74.5,-4.855683073401451e-06,8,lag_09__CT_duck_amount_mean,CT_duck_amount_mean,False,5.988534450531006,2.346003384445794e-05,0.00014049122088815973
32281,74.5,-4.855683073401451e-06,9,lag_01__T3__duck_amount,T3__duck_amount,False,-3.7704498767852783,3.662818198790774e-05,-0.00013810472426317548
32281,74.5,-4.855683073401451e-06,10,lag_13__T_place_PALACEINTERIOR,T_place_PALACEINTERIOR,False,-3.35436749458313,-4.0921815525507554e-05,0.0001372668078180898
32281,74.5,-4.855683073401451e-06,11,lag_07__T_flashed_players,T_flashed_players,False,1.9296237230300903,7.050589192658663e-05,0.00013604984167493728
32281,74.5,-4.855683073401451e-06,12,lag_09__CT4__duck_amount,CT4__duck_amount,False,3.6725916862487793,3.688943979796022e-05,0.00013547984991236356
32281,74.5,-4.855683073401451e-06,13,lag_02__T3__duck_amount,T3__duck_amount,False,3.7704498767852783,3.2685482437955216e-05,0.00012323897323085562
32281,74.5,-4.855683073401451e-06,14,lag_06__T_flashed_players,T_flashed_players,False,-1.9296237230300903,6.127791129983962e-05,-0.00011824331134190416
32281,74.5,-4.855683073401451e-06,15,lag_02__T_place_PALACEALLEY,T_place_PALACEALLEY,False,-3.4808404445648193,3.389289486221969e-05,-0.00011797575921979747
32281,74.5,-4.855683073401451e-06,16,lag_12__T_place_TRAMP,T_place_TRAMP,False,-2.926727294921875,-4.018013714812696e-05,0.00011759630410512756
32281,74.5,-4.855683073401451e-06,17,lag_12__T_place_PALACEALLEY,T_place_PALACEALLEY,False,3.4808404445648193,-3.1829666113480926e-05,-0.00011079398914479871
32281,74.5,-4.855683073401451e-06,18,lag_00__T_walking_count,T_walking_count,False,-0.7970898747444153,0.00013727178156841546,-0.00010941794717631102
32281,74.5,-4.855683073401451e-06,19,lag_10__T3__is_walking,T3__is_walking,False,2.3223767280578613,-4.658521356759593e-05,-0.00010818841586099012
32281,74.5,-4.855683073401451e-06,20,lag_11__T_place_PALACEINTERIOR,T_place_PALACEINTERIOR,False,3.35436749458313,-3.1671388569520786e-05,-0.00010623747632591222
32665,80.5,-4.761619493365288e-06,1,lag_01__T_place_TSPAWN,T_place_TSPAWN,False,0.9492049813270569,-0.00034275284269824624,-0.0003253427056531845
32665,80.5,-4.761619493365288e-06,2,lag_01__T_place_PALACEALLEY,T_place_PALACEALLEY,False,3.4808404445648193,7.636902591912076e-05,0.0002658283941312945
32665,80.5,-4.761619493365288e-06,3,lag_02__T_place_TRAMP,T_place_TRAMP,False,2.926727294921875,-8.258190064225346e-05,-0.00024169470267620952
32665,80.5,-4.761619493365288e-06,4,lag_02__CT_velocity_mean,CT_velocity_mean,False,-14.126656532287598,-1.4675579222966917e-05,0.00020731686709522974
32665,80.5,-4.761619493365288e-06,5,lag_01__T_place_PALACEINTERIOR,T_place_PALACEINTERIOR,False,-6.70873498916626,2.5389401344000362e-05,-0.0001703307651504801
32665,80.5,-4.761619493365288e-06,6,lag_06__CT4__is_walking,CT4__is_walking,False,2.384641170501709,-6.56308329780586e-05,-0.00015650598637379984
32665,80.5,-4.761619493365288e-06,7,lag_01__T5__is_walking,T5__is_walking,False,2.3193888664245605,5.816976408823393e-05,0.000134918303188793
32665,80.5,-4.761619493365288e-06,8,lag_12__T5__is_walking,T5__is_walking,False,-2.3193888664245605,5.405097908806056e-05,-0.0001253652391161944
32665,80.5,-4.761619493365288e-06,9,lag_00__T_walking_count,T_walking_count,False,-0.7970898747444153,0.00013727178156841546,-0.00010941794717631102
32665,80.5,-4.761619493365288e-06,10,lag_01__T_walking_count,T_walking_count,False,0.7970898747444153,0.00013061748177278787,0.00010411387218570243
32665,80.5,-4.761619493365288e-06,11,lag_02__T_place_PALACEINTERIOR,T_place_PALACEINTERIOR,False,-3.354367256164551,3.0346815037773922e-05,-0.00010179436269159084
32665,80.5,-4.761619493365288e-06,12,lag_03__CT_velocity_mean,CT_velocity_mean,False,13.935868263244629,6.89240232532029e-06,9.605161082294452e-05
32665,80.5,-4.761619493365288e-06,13,lag_05__T_velocity_mean,T_velocity_mean,False,1.1102981567382812,7.12866458343342e-05,7.914943146991593e-05
32665,80.5,-4.761619493365288e-06,14,lag_10__T4__duck_amount,T4__duck_amount,False,-3.6976382732391357,-2.0366866010590456e-05,7.530930326669254e-05
32665,80.5,-4.761619493365288e-06,15,lag_14__CT_velocity_mean,CT_velocity_mean,False,1.5323410034179688,4.572719626594335e-05,7.006965780964602e-05
32665,80.5,-4.761619493365288e-06,16,lag_11__T_A_site_active_smokes,T_A_site_active_smokes,True,-1.422539234161377,-4.7794314014026895e-05,6.798928685478219e-05
32665,80.5,-4.761619493365288e-06,17,lag_13__T_velocity_mean,T_velocity_mean,False,-1.0588154792785645,6.38014535070397e-05,-6.755396657372528e-05
32665,80.5,-4.761619493365288e-06,18,lag_05__CT_place_CONNECTOR,CT_place_CONNECTOR,False,3.575894594192505,-1.4475535863311961e-05,-5.176299044165698e-05
32665,80.5,-4.761619493365288e-06,19,lag_05__T_place_PALACEINTERIOR,T_place_PALACEINTERIOR,False,3.35436749458313,1.357395012746565e-05,4.553201708066331e-05
32665,80.5,-4.761619493365288e-06,20,lag_02__T_unique_places,T_unique_places,False,0.8783379793167114,4.769713632413186e-05,4.1894206338131696e-05
32377,76.0,-2.9641669243574142e-06,1,lag_05__T_place_PALACEALLEY,T_place_PALACEALLEY,False,-3.4808404445648193,7.384469790849835e-05,-0.00025704161109657217
32377,76.0,-2.9641669243574142e-06,2,lag_12__CT4__duck_amount,CT4__duck_amount,False,3.6725916862487793,-6.924681656528264e-05,-0.0002543152828168513
32377,76.0,-2.9641669243574142e-06,3,lag_05__T3__duck_amount,T3__duck_amount,False,3.7704498767852783,-6.397163815563545e-05,-0.00024120185520166808
32377,76.0,-2.9641669243574142e-06,4,lag_12__T3__is_walking,T3__is_walking,False,-2.3223767280578613,-9.42826081882231e-05,0.00021895973511692687
32377,76.0,-2.9641669243574142e-06,5,lag_14__T_place_PALACEINTERIOR,T_place_PALACEINTERIOR,False,3.35436749458313,-6.371627387125045e-05,-0.00021372779794967892
32377,76.0,-2.9641669243574142e-06,6,lag_09__CT_duck_amount_mean,CT_duck_amount_mean,False,-5.988534450531006,2.346003384445794e-05,-0.00014049122088815973
32377,76.0,-2.9641669243574142e-06,7,lag_09__CT4__duck_amount,CT4__duck_amount,False,-3.6725916862487793,3.688943979796022e-05,-0.00013547984991236356
32377,76.0,-2.9641669243574142e-06,8,lag_12__CT_duck_amount_mean,CT_duck_amount_mean,False,5.988534450531006,2.106617648678366e-05,0.00012615552363207019
32377,76.0,-2.9641669243574142e-06,9,lag_03__T5__is_walking,T5__is_walking,False,-2.3193888664245605,-5.3614228818332776e-05,0.00012435224540317986
32377,76.0,-2.9641669243574142e-06,10,lag_15__T_place_TRAMP,T_place_TRAMP,False,-2.926727294921875,-3.674442268675193e-05,0.00010754090481346346
32377,76.0,-2.9641669243574142e-06,11,lag_02__T_A_site_active_smokes,T_A_site_active_smokes,True,-1.422539234161377,-6.938008300494403e-05,9.869589014390584e-05
32377,76.0,-2.9641669243574142e-06,12,lag_13__T3__is_walking,T3__is_walking,False,2.3223767280578613,-3.5207787732360885e-05,-8.176574687603598e-05
32377,76.0,-2.9641669243574142e-06,13,lag_09__T_flashed_players,T_flashed_players,False,-1.9296237230300903,4.168571831542067e-05,-8.043775097298566e-05
32377,76.0,-2.9641669243574142e-06,14,lag_01__T_duck_amount_mean,T_duck_amount_mean,False,-1.4539684057235718,5.475177022162825e-05,-7.960734405968416e-05
32377,76.0,-2.9641669243574142e-06,15,lag_15__CT_velocity_mean,CT_velocity_mean,False,-1.0562374591827393,7.249134068842977e-05,-7.656806950149739e-05
32377,76.0,-2.9641669243574142e-06,16,lag_15__T_place_PALACEALLEY,T_place_PALACEALLEY,False,3.4808404445648193,2.1247689801384695e-05,7.395981801422728e-05
32377,76.0,-2.9641669243574142e-06,17,lag_02__T4__duck_amount,T4__duck_amount,False,3.6976382732391357,1.9369001165614463e-05,7.161956002438947e-05
32377,76.0,-2.9641669243574142e-06,18,lag_10__T_flashed_players,T_flashed_players,False,1.9296237230300903,3.452067539910786e-05,6.661191418513976e-05
32377,76.0,-2.9641669243574142e-06,19,lag_02__T_duck_amount_mean,T_duck_amount_mean,False,1.4539684057235718,4.1796007280936465e-05,6.077007407187399e-05
32377,76.0,-2.9641669243574142e-06,20,lag_14__CT_velocity_mean,CT_velocity_mean,False,1.3179359436035156,4.572719626594335e-05,6.02655155590992e-05
32185,73.0,2.943095751106739e-06,1,lag_06__CT4__duck_amount,CT4__duck_amount,False,3.6725916862487793,7.044002268230543e-05,0.00025869744168221034
32185,73.0,2.943095751106739e-06,2,lag_06__CT_duck_amount_mean,CT_duck_amount_mean,False,5.988534450531006,-4.122664904571138e-05,-0.00024688720809019384
32185,73.0,2.943095751106739e-06,3,lag_09__T_place_PALACEALLEY,T_place_PALACEALLEY,False,3.4808404445648193,6.036603735992685e-05,0.00021012454432054427
32185,73.0,2.943095751106739e-06,4,lag_14__T_shots_fired_sum,T_shots_fired_sum,False,3.748685359954834,-4.8504214646527544e-05,-0.00018182703934154464
32185,73.0,2.943095751106739e-06,5,lag_10__T_place_PALACEINTERIOR,T_place_PALACEINTERIOR,False,-3.35436749458313,-4.873858779319562e-05,0.0001634871346253815
32185,73.0,2.943095751106739e-06,6,lag_13__T_shots_fired_sum,T_shots_fired_sum,False,-6.747633457183838,-2.267703166580759e-05,0.00015301629757782063
32185,73.0,2.943095751106739e-06,7,lag_09__T_place_TRAMP,T_place_TRAMP,False,-2.926727294921875,-4.841360350837931e-05,0.00014169341483349918
32185,73.0,2.943095751106739e-06,8,lag_10__T_place_TRAMP,T_place_TRAMP,False,2.926727294921875,-4.669040936278179e-05,-0.00013665009549312934
32185,73.0,2.943095751106739e-06,9,lag_12__T5__is_walking,T5__is_walking,False,2.3193888664245605,5.405097908806056e-05,0.0001253652391161944
32185,73.0,2.943095751106739e-06,10,lag_14__CT_velocity_mean,CT_velocity_mean,False,-2.5946500301361084,4.572719626594335e-05,-0.00011864607116946965
32185,73.0,2.943095751106739e-06,11,lag_08__T_place_PALACEINTERIOR,T_place_PALACEINTERIOR,False,3.35436749458313,-3.364949952811003e-05,-0.00011287278742608264
32185,73.0,2.943095751106739e-06,12,lag_10__T3__is_walking,T3__is_walking,False,2.3223767280578613,-4.658521356759593e-05,-0.00010818841586099012
32185,73.0,2.943095751106739e-06,13,lag_03__CT_duck_amount_mean,CT_duck_amount_mean,False,-5.988534450531006,1.5735349734313786e-05,-9.423168397509202e-05
32185,73.0,2.943095751106739e-06,14,lag_15__T_shots_fired_sum,T_shots_fired_sum,False,2.998948335647583,-3.053956606891006e-05,-9.158658083375723e-05
32185,73.0,2.943095751106739e-06,15,lag_05__T_velocity_mean,T_velocity_mean,False,1.2724034786224365,7.12866458343342e-05,9.070537613893245e-05
32185,73.0,2.943095751106739e-06,16,lag_13__T3__is_walking,T3__is_walking,False,-2.3223767280578613,-3.5207787732360885e-05,8.176574687603598e-05
32185,73.0,2.943095751106739e-06,17,lag_10__CT_velocity_mean,CT_velocity_mean,False,1.9943374395370483,3.557564195943996e-05,7.094983469527628e-05
32185,73.0,2.943095751106739e-06,18,lag_14__T3__shots_fired,T3__shots_fired,False,3.027853012084961,-2.2223890482564457e-05,-6.729067373787909e-05
32185,73.0,2.943095751106739e-06,19,lag_12__T_place_PALACEINTERIOR,T_place_PALACEINTERIOR,False,3.35436749458313,-1.9203505871701054e-05,-6.441561587807029e-05
32185,73.0,2.943095751106739e-06,20,lag_13__T_velocity_mean,T_velocity_mean,False,1.0069332122802734,6.38014535070397e-05,6.4243802527994e-05
32153,72.5,2.6605557650327682e-06,1,lag_05__CT4__duck_amount,CT4__duck_amount,False,3.6725916862487793,0.0001330674422206357,0.0004887023820098965
32153,72.5,2.6605557650327682e-06,2,lag_15__CT_duck_amount_mean,CT_duck_amount_mean,False,-5.988534450531006,-4.609776442521252e-05,0.0002760580503528478
32153,72.5,2.6605557650327682e-06,3,lag_12__T3__is_walking,T3__is_walking,False,-2.3223767280578613,-9.42826081882231e-05,0.00021895973511692687
32153,72.5,2.6605557650327682e-06,4,lag_09__T_place_PALACEINTERIOR,T_place_PALACEINTERIOR,False,-3.35436749458313,-5.408781362348236e-05,0.0001814304038716798
32153,72.5,2.6605557650327682e-06,5,lag_08__T_place_PALACEALLEY,T_place_PALACEALLEY,False,3.4808404445648193,-5.153307574801147e-05,-0.00017937841429650075
32153,72.5,2.6605557650327682e-06,6,lag_02__CT_duck_amount_mean,CT_duck_amount_mean,False,-5.988534450531006,2.9184064260334708e-05,-0.00017476977422952508
32153,72.5,2.6605557650327682e-06,7,lag_12__T_shots_fired_sum,T_shots_fired_sum,False,-6.747633457183838,-2.406948624411598e-05,0.00016241207067802313
32153,72.5,2.6605557650327682e-06,8,lag_02__CT4__duck_amount,CT4__duck_amount,False,-3.6725916862487793,4.293299571145326e-05,-0.00015767536311563773
32153,72.5,2.6605557650327682e-06,9,lag_14__T_shots_fired_sum,T_shots_fired_sum,False,2.998948335647583,-4.8504214646527544e-05,-0.0001454616337860969
32153,72.5,2.6605557650327682e-06,10,lag_09__T_place_TRAMP,T_place_TRAMP,False,2.926727294921875,-4.841360350837931e-05,-0.00014169341483349918
32153,72.5,2.6605557650327682e-06,11,lag_15__T_velocity_mean,T_velocity_mean,False,1.1979676485061646,0.00011172444646945223,0.00013384227241766255
32153,72.5,2.6605557650327682e-06,12,lag_12__T3__shots_fired,T3__shots_fired,False,-5.450135707855225,-2.1798134184791707e-05,0.00011880278948515292
32153,72.5,2.6605557650327682e-06,13,lag_05__CT_duck_amount_mean,CT_duck_amount_mean,False,5.988534450531006,-1.9572551536839455e-05,-0.00011721089916315666
32153,72.5,2.6605557650327682e-06,14,lag_07__T_place_PALACEINTERIOR,T_place_PALACEINTERIOR,False,3.35436749458313,-3.395981548237614e-05,-0.00011391370117612345
32153,72.5,2.6605557650327682e-06,15,lag_08__T_place_TRAMP,T_place_TRAMP,False,-2.926727294921875,-3.852414738503285e-05,0.00011274967366536881
32153,72.5,2.6605557650327682e-06,16,lag_11__T_place_PALACEINTERIOR,T_place_PALACEINTERIOR,False,3.35436749458313,-3.1671388569520786e-05,-0.00010623747632591222
32153,72.5,2.6605557650327682e-06,17,lag_13__T_shots_fired_sum,T_shots_fired_sum,False,3.748685359954834,-2.267703166580759e-05,-8.50090566128451e-05
32153,72.5,2.6605557650327682e-06,18,lag_13__CT_velocity_mean,CT_velocity_mean,False,-2.5946500301361084,3.219757491024211e-05,-8.35414387111693e-05
32153,72.5,2.6605557650327682e-06,19,lag_15__T3__duck_amount,T3__duck_amount,False,-3.7704498767852783,2.0354733351268806e-05,-7.674650185628866e-05
32153,72.5,2.6605557650327682e-06,20,lag_00__T_velocity_mean,T_velocity_mean,False,0.24901676177978516,-0.0002619743172544986,-6.523599615218534e-05
33017,86.0,2.6224879547953606e-06,1,lag_06__CT_place_STAIRS,CT_place_STAIRS,False,7.783008575439453,-8.398618956562132e-05,-0.0006536652336077142
33017,86.0,2.6224879547953606e-06,2,lag_14__CT_velocity_mean,CT_velocity_mean,False,13.935868263244629,4.572719626594335e-05,0.0006372481832097182
33017,86.0,2.6224879547953606e-06,3,lag_13__CT_velocity_mean,CT_velocity_mean,False,-14.126656532287598,3.219757491024211e-05,-0.00045484408192959097
33017,86.0,2.6224879547953606e-06,4,lag_00__CT_velocity_mean,CT_velocity_mean,False,2.7336883544921875,-0.00013975588080938905,-0.00038204902384042505
33017,86.0,2.6224879547953606e-06,5,lag_14__T_place_PALACEINTERIOR,T_place_PALACEINTERIOR,False,3.354367256164551,-6.371627387125045e-05,-0.00021372778275853543
33017,86.0,2.6224879547953606e-06,6,lag_05__T4__is_walking,T4__is_walking,False,-2.307980537414551,-9.220055653713644e-05,0.00021279709002650082
33017,86.0,2.6224879547953606e-06,7,lag_03__T3__is_walking,T3__is_walking,False,2.3223767280578613,8.213894034270197e-05,0.00019075756351922407
33017,86.0,2.6224879547953606e-06,8,lag_00__T_velocity_mean,T_velocity_mean,False,-0.6857357621192932,-0.0002619743172544986,0.0001796451580981951
33017,86.0,2.6224879547953606e-06,9,lag_13__T_place_TRAMP,T_place_TRAMP,False,2.926727294921875,-5.440889435703866e-05,-0.00015923999620126583
33017,86.0,2.6224879547953606e-06,10,lag_06__CT4__is_walking,CT4__is_walking,False,-2.384641170501709,-6.56308329780586e-05,0.00015650598637379984
33017,86.0,2.6224879547953606e-06,11,lag_13__T_place_PALACEINTERIOR,T_place_PALACEINTERIOR,False,-3.354367256164551,-4.0921815525507554e-05,0.0001372667980615687
33017,86.0,2.6224879547953606e-06,12,lag_12__T_place_PALACEINTERIOR,T_place_PALACEINTERIOR,False,-6.70873498916626,-1.9203505871701054e-05,0.00012883123175614058
33017,86.0,2.6224879547953606e-06,13,lag_12__T5__is_walking,T5__is_walking,False,2.3193888664245605,5.405097908806056e-05,0.0001253652391161944
33017,86.0,2.6224879547953606e-06,14,lag_10__T4__is_walking,T4__is_walking,False,2.307980537414551,4.9343329010298476e-05,0.00011388344300701167
33017,86.0,2.6224879547953606e-06,15,lag_12__T_place_PALACEALLEY,T_place_PALACEALLEY,False,3.4808404445648193,-3.1829666113480926e-05,-0.00011079398914479871
33017,86.0,2.6224879547953606e-06,16,lag_11__T4__is_walking,T4__is_walking,False,-2.307980537414551,4.252095823176205e-05,-9.813754403112385e-05
33017,86.0,2.6224879547953606e-06,17,lag_04__T5__is_walking,T5__is_walking,False,-2.3193888664245605,-4.1987656004494056e-05,9.738570186408786e-05
33017,86.0,2.6224879547953606e-06,18,lag_01__CT_velocity_mean,CT_velocity_mean,False,-2.8971996307373047,-2.48084088525502e-05,7.187491296678852e-05
33017,86.0,2.6224879547953606e-06,19,lag_15__T_velocity_mean,T_velocity_mean,False,0.6357196569442749,0.00011172444646945223,7.102542678184918e-05
33017,86.0,2.6224879547953606e-06,20,lag_10__T4__duck_amount,T4__duck_amount,False,-2.848778486251831,-2.0366866010590456e-05,5.802068972334375e-05
32089,71.5,2.2744061425328255e-06,1,lag_13__CT4__duck_amount,CT4__duck_amount,False,-3.6725916862487793,-8.441798854619265e-05,0.0003100328029045918
32089,71.5,2.2744061425328255e-06,2,lag_14__CT_duck_amount_mean,CT_duck_amount_mean,False,5.650177955627441,-4.31748412665911e-05,-0.000243945536362207
32089,71.5,2.2744061425328255e-06,3,lag_00__CT_duck_amount_mean,CT_duck_amount_mean,False,-5.988534450531006,-3.964887582696974e-05,0.00023743865881463433
32089,71.5,2.2744061425328255e-06,4,lag_12__T3__is_walking,T3__is_walking,False,2.3223767280578613,-9.42826081882231e-05,-0.00021895973511692687
32089,71.5,2.2744061425328255e-06,5,lag_03__T3__is_walking,T3__is_walking,False,-2.3223767280578613,8.213894034270197e-05,-0.00019075756351922407
32089,71.5,2.2744061425328255e-06,6,lag_09__T_place_PALACEINTERIOR,T_place_PALACEINTERIOR,False,3.35436749458313,-5.408781362348236e-05,-0.0001814304038716798
32089,71.5,2.2744061425328255e-06,7,lag_10__T_shots_fired_sum,T_shots_fired_sum,False,-6.747633457183838,-2.6268222427461296e-05,0.0001772483365122847
32089,71.5,2.2744061425328255e-06,8,lag_00__CT4__duck_amount,CT4__duck_amount,False,-3.6725916862487793,-4.7265519242500886e-05,0.00017358695301624046
32089,71.5,2.2744061425328255e-06,9,lag_06__T_place_PALACEALLEY,T_place_PALACEALLEY,False,3.4808404445648193,3.975813524448313e-05,0.00013839172515947486
32089,71.5,2.2744061425328255e-06,10,lag_04__T3__is_walking,T3__is_walking,False,2.3223767280578613,5.94046177866403e-05,0.00013795990188686554
32089,71.5,2.2744061425328255e-06,11,lag_06__T_place_TRAMP,T_place_TRAMP,False,-2.926727294921875,-4.5196604332886636e-05,0.0001322781355388436
32089,71.5,2.2744061425328255e-06,12,lag_00__CT_velocity_mean,CT_velocity_mean,False,0.8615458011627197,-0.00013975588080938905,-0.00012040609229912666
32089,71.5,2.2744061425328255e-06,13,lag_07__T_place_PALACEINTERIOR,T_place_PALACEINTERIOR,False,-3.35436749458313,-3.395981548237614e-05,0.00011391370117612345
32089,71.5,2.2744061425328255e-06,14,lag_07__T_place_TRAMP,T_place_TRAMP,False,2.926727294921875,-3.8193098589545116e-05,-0.00011178078411966386
32089,71.5,2.2744061425328255e-06,15,lag_10__T3__is_walking,T3__is_walking,False,-2.3223767280578613,-4.658521356759593e-05,0.00010818841586099012
32089,71.5,2.2744061425328255e-06,16,lag_03__CT_duck_amount_mean,CT_duck_amount_mean,False,5.988534450531006,1.5735349734313786e-05,9.423168397509202e-05
32089,71.5,2.2744061425328255e-06,17,lag_15__T3__duck_amount,T3__duck_amount,False,-3.7704498767852783,2.0354733351268806e-05,-7.674650185628866e-05
32089,71.5,2.2744061425328255e-06,18,lag_13__T_velocity_mean,T_velocity_mean,False,1.1979676485061646,6.38014535070397e-05,7.643207722910373e-05
32089,71.5,2.2744061425328255e-06,19,lag_11__T_shots_fired_sum,T_shots_fired_sum,False,3.748685359954834,-2.0276029317756183e-05,-7.60084542614876e-05
32089,71.5,2.2744061425328255e-06,20,lag_12__T_shots_fired_sum,T_shots_fired_sum,False,2.998948335647583,-2.406948624411598e-05,-7.218314571168401e-05
32409,76.5,-1.9725412130355835e-06,1,lag_13__CT4__duck_amount,CT4__duck_amount,False,3.6725916862487793,-8.441798854619265e-05,-0.0003100328029045918
32409,76.5,-1.9725412130355835e-06,2,lag_10__CT4__duck_amount,CT4__duck_amount,False,-3.6725916862487793,-7.632784399902448e-05,0.0002803210053001111
32409,76.5,-1.9725412130355835e-06,3,lag_15__T_place_PALACEINTERIOR,T_place_PALACEINTERIOR,False,3.35436749458313,-7.702130824327469e-05,-0.0002583577727615083
32409,76.5,-1.9725412130355835e-06,4,lag_05__T3__duck_amount,T3__duck_amount,False,-3.7704498767852783,-6.397163815563545e-05,0.00024120185520166808
32409,76.5,-1.9725412130355835e-06,5,lag_06__T_place_PALACEALLEY,T_place_PALACEALLEY,False,-3.4808404445648193,3.975813524448313e-05,-0.00013839172515947486
32409,76.5,-1.9725412130355835e-06,6,lag_10__CT_duck_amount_mean,CT_duck_amount_mean,False,-5.988534450531006,1.775678902049549e-05,-0.00010633714278004795
32409,76.5,-1.9725412130355835e-06,7,lag_04__T5__is_walking,T5__is_walking,False,-2.3193888664245605,-4.1987656004494056e-05,9.738570186408786e-05
32409,76.5,-1.9725412130355835e-06,8,lag_15__CT_velocity_mean,CT_velocity_mean,False,1.3179359436035156,7.249134068842977e-05,9.553894349328962e-05
32409,76.5,-1.9725412130355835e-06,9,lag_03__T_A_site_active_smokes,T_A_site_active_smokes,True,-1.422539234161377,-6.187811959534883e-05,8.802405286051362e-05
32409,76.5,-1.9725412130355835e-06,10,lag_03__T4__duck_amount,T4__duck_amount,False,3.6976382732391357,2.2225418433663435e-05,8.218155783906852e-05
32409,76.5,-1.9725412130355835e-06,11,lag_13__T3__is_walking,T3__is_walking,False,-2.3223767280578613,-3.5207787732360885e-05,8.176574687603598e-05
32409,76.5,-1.9725412130355835e-06,12,lag_00__CT_velocity_mean,CT_velocity_mean,False,0.5674093961715698,-0.00013975588080938905,-7.929879994148133e-05
32409,76.5,-1.9725412130355835e-06,13,lag_05__T_velocity_mean,T_velocity_mean,False,-1.0588154792785645,7.12866458343342e-05,-7.547940407524184e-05
32409,76.5,-1.9725412130355835e-06,14,lag_14__T_shots_fired_sum,T_shots_fired_sum,False,1.499474048614502,-4.8504214646527544e-05,-7.273081111089548e-05
32409,76.5,-1.9725412130355835e-06,15,lag_13__CT_duck_amount_mean,CT_duck_amount_mean,False,5.988534450531006,1.2038168279104866e-05,7.209098546070904e-05
32409,76.5,-1.9725412130355835e-06,16,lag_02__T4__duck_amount,T4__duck_amount,False,-3.6976382732391357,1.9369001165614463e-05,-7.161956002438947e-05
32409,76.5,-1.9725412130355835e-06,17,lag_10__T_flashed_players,T_flashed_players,False,-1.9296237230300903,3.452067539910786e-05,-6.661191418513976e-05
32409,76.5,-1.9725412130355835e-06,18,lag_02__T_duck_amount_mean,T_duck_amount_mean,False,-1.4539684057235718,4.1796007280936465e-05,-6.077007407187399e-05
32409,76.5,-1.9725412130355835e-06,19,lag_06__CT_velocity_mean,CT_velocity_mean,False,1.5323410034179688,3.878885036101565e-05,5.943774588362816e-05
32409,76.5,-1.9725412130355835e-06,20,lag_13__T_velocity_mean,T_velocity_mean,False,0.7959911227226257,6.38014535070397e-05,5.0785390608403935e-05
31385,60.5,5.608890205621719e-07,1,lag_09__T_place_SCAFFOLDING,T_place_SCAFFOLDING,False,34.05546951293945,-2.9454546165652573e-05,-0.0010030883989618489
31385,60.5,5.608890205621719e-07,2,lag_06__CT_place_STAIRS,CT_place_STAIRS,False,-7.783008575439453,-8.398618956562132e-05,0.0006536652336077142
31385,60.5,5.608890205621719e-07,3,lag_15__CT1__duck_amount,CT1__duck_amount,False,-3.8154516220092773,-0.00010920469503616914,0.00041666523080678003
31385,60.5,5.608890205621719e-07,4,lag_00__T_velocity_mean,T_velocity_mean,False,-1.1343555450439453,-0.0002619743172544986,0.0002971720194367422
31385,60.5,5.608890205621719e-07,5,lag_15__T_flashes_last_5s,T_flashes_last_5s,True,-9.0607271194458,-3.094719068030827e-05,0.00028040404986772946
31385,60.5,5.608890205621719e-07,6,lag_07__T3__duck_amount,T3__duck_amount,False,-3.7704498767852783,7.301103323698044e-05,-0.00027528444127233875
31385,60.5,5.608890205621719e-07,7,lag_04__T5__duck_amount,T5__duck_amount,False,3.7970333099365234,-6.774971552658826e-05,-0.0002572479265931793
31385,60.5,5.608890205621719e-07,8,lag_07__T_bomb_zone_count,T_bomb_zone_count,False,-5.821373462677002,-3.1413430406246334e-05,0.00018286931013857324
31385,60.5,5.608890205621719e-07,9,lag_09__T_place_PALACEINTERIOR,T_place_PALACEINTERIOR,False,-3.35436749458313,-5.408781362348236e-05,0.0001814304038716798
31385,60.5,5.608890205621719e-07,10,lag_15__CT_duck_amount_mean,CT_duck_amount_mean,False,-2.994267225265503,-4.609776442521252e-05,0.0001380290251764239
31385,60.5,5.608890205621719e-07,11,lag_11__T_place_SCAFFOLDING,T_place_SCAFFOLDING,False,-34.05546951293945,3.7612387586705154e-06,-0.00012809075187678997
31385,60.5,5.608890205621719e-07,12,lag_15__CT_velocity_mean,CT_velocity_mean,False,1.7395005226135254,7.249134068842977e-05,0.0001260987250124787
31385,60.5,5.608890205621719e-07,13,lag_06__T_A_site_active_infernos,T_A_site_active_infernos,True,-2.9764554500579834,3.995728548034094e-05,-0.00011893108013748353
31385,60.5,5.608890205621719e-07,14,lag_10__T_kills_last_3s,T_kills_last_3s,False,-3.1681017875671387,-3.636920882854611e-05,0.00011522135550211948
31385,60.5,5.608890205621719e-07,15,lag_07__T_duck_amount_mean,T_duck_amount_mean,False,-2.798992872238159,4.089231515536085e-05,-0.00011445729864917147
31385,60.5,5.608890205621719e-07,16,lag_14__T_shots_fired_sum,T_shots_fired_sum,False,2.249211311340332,-4.8504214646527544e-05,-0.00010909622823064916
31385,60.5,5.608890205621719e-07,17,lag_14__T_bomb_zone_count,T_bomb_zone_count,False,5.821373462677002,1.7948905224329792e-05,0.00010448728055701805
31385,60.5,5.608890205621719e-07,18,lag_00__CT_velocity_mean,CT_velocity_mean,False,0.6942035555839539,-0.00013975588080938905,-9.701902937164514e-05
31385,60.5,5.608890205621719e-07,19,lag_08__T4__duck_amount,T4__duck_amount,False,3.6976382732391357,2.4594690330559388e-05,9.094226828474088e-05
31385,60.5,5.608890205621719e-07,20,lag_05__T_velocity_mean,T_velocity_mean,False,-1.2128989696502686,7.12866458343342e-05,-8.646349928228755e-05
33113,87.5,-3.112945705652237e-07,1,lag_00__CT_velocity_mean,CT_velocity_mean,False,-3.9596922397613525,-0.00013975588080938905,0.0005533902767019504
33113,87.5,-3.112945705652237e-07,2,lag_09__CT_place_STAIRS,CT_place_STAIRS,False,7.783008575439453,-6.791505438741297e-05,-0.000528583450698672
33113,87.5,-3.112945705652237e-07,3,lag_15__T_place_PALACEINTERIOR,T_place_PALACEINTERIOR,False,-6.70873498916626,-7.702130824327469e-05,0.0005167155455230166
33113,87.5,-3.112945705652237e-07,4,lag_15__T5__is_walking,T5__is_walking,False,2.3193888664245605,6.852603110019118e-05,0.0001589385135940466
33113,87.5,-3.112945705652237e-07,5,lag_00__T_velocity_mean,T_velocity_mean,False,-0.5904752016067505,-0.0002619743172544986,0.00015468933779664087
33113,87.5,-3.112945705652237e-07,6,lag_13__T4__is_walking,T4__is_walking,False,2.307980537414551,-4.963249739375897e-05,-0.00011455083800807411
33113,87.5,-3.112945705652237e-07,7,lag_01__CT_place_STAIRS,CT_place_STAIRS,False,-7.783008575439453,1.3838161066814791e-05,-0.00010770252625133189
33113,87.5,-3.112945705652237e-07,8,lag_07__T5__is_walking,T5__is_walking,False,-2.3193888664245605,-4.36340706073679e-05,0.00010120437756351228
33113,87.5,-3.112945705652237e-07,9,lag_01__CT_macro_OTHER,CT_macro_OTHER,False,-0.730858325958252,-0.00013224779104348272,9.665439917371649e-05
33113,87.5,-3.112945705652237e-07,10,lag_01__CT_velocity_mean,CT_velocity_mean,False,3.637050151824951,-2.48084088525502e-05,-9.022942718370317e-05
33113,87.5,-3.112945705652237e-07,11,lag_15__T_velocity_mean,T_velocity_mean,False,-0.8058199882507324,0.00011172444646945223,-9.002979214133358e-05
33113,87.5,-3.112945705652237e-07,12,lag_05__T5__is_walking,T5__is_walking,False,2.3193888664245605,-3.521929829730652e-05,-8.168724835405823e-05
33113,87.5,-3.112945705652237e-07,13,lag_08__T4__is_walking,T4__is_walking,False,-2.307980537414551,3.39664111379534e-05,-7.839381583221727e-05
33113,87.5,-3.112945705652237e-07,14,lag_15__T_place_PALACEALLEY,T_place_PALACEALLEY,False,3.4808404445648193,2.1247689801384695e-05,7.395981801422728e-05
33113,87.5,-3.112945705652237e-07,15,lag_14__T4__is_walking,T4__is_walking,False,-2.307980537414551,-2.8185497285448946e-05,6.505157917216682e-05
33113,87.5,-3.112945705652237e-07,16,lag_01__CT_macro_A,CT_macro_A,False,1.300473690032959,4.9291131290374324e-05,6.410181939509214e-05
33113,87.5,-3.112945705652237e-07,17,lag_01__CT_place_BOMBSITEA,CT_place_BOMBSITEA,False,1.300473690032959,4.9291131290374324e-05,6.410181939509214e-05
33113,87.5,-3.112945705652237e-07,18,lag_10__T_place_SIDEALLEY,T_place_SIDEALLEY,False,3.1883161067962646,2.0003160898340866e-05,6.377640007901742e-05
33113,87.5,-3.112945705652237e-07,19,lag_09__T3__is_walking,T3__is_walking,False,2.3223767280578613,-2.6352074200985953e-05,-6.119944386042374e-05
33113,87.5,-3.112945705652237e-07,20,lag_13__T_velocity_mean,T_velocity_mean,False,-0.7956617474555969,6.38014535070397e-05,-5.076437598761823e-05
