tick,seconds_in_round,lstm_delta_from_prev,rank,feature,base_feature,is_utility,feature_delta_scaled,coefficient,ridge_delta_contribution
25492,93.5,0.2662242650985718,1,lag_04__T_place_QUAD,T_place_QUAD,False,-24.086301803588867,-0.0024532179813832045,0.05908894868958692
25492,93.5,0.2662242650985718,2,lag_05__T_place_QUAD,T_place_QUAD,False,-24.086305618286133,-0.0020376797765493393,0.04908017785016838
25492,93.5,0.2662242650985718,3,lag_08__T_place_QUAD,T_place_QUAD,False,24.086301803588867,0.001938259112648666,0.04668549396081212
25492,93.5,0.2662242650985718,4,lag_06__T_place_QUAD,T_place_QUAD,False,24.086305618286133,0.0013494625454768538,0.03250356729078585
25492,93.5,0.2662242650985718,5,lag_03__T_place_ARCH,T_place_ARCH,False,9.303513526916504,0.001056593144312501,0.009830028610558594
25492,93.5,0.2662242650985718,6,lag_11__CT_place_LIBRARY,CT_place_LIBRARY,False,6.411735534667969,0.0009371645865030587,0.006008851481114075
25492,93.5,0.2662242650985718,7,lag_00__CT3__is_scoped,CT3__is_scoped,False,4.548114776611328,0.0006683309911750257,0.0030396460566304295
25492,93.5,0.2662242650985718,8,lag_06__CT3__is_scoped,CT3__is_scoped,False,4.548114776611328,0.0006244489923119545,0.002840065689174054
25492,93.5,0.2662242650985718,9,lag_00__CT3__duck_amount,CT3__duck_amount,False,3.417881488800049,0.0007183473207987845,0.002455226010287276
25492,93.5,0.2662242650985718,10,lag_00__damage_diff_last_5s,damage_diff_last_5s,False,2.07550048828125,0.0008297653403133154,0.0017221783689791437
25492,93.5,0.2662242650985718,11,lag_00__CT_shots_fired_sum,CT_shots_fired_sum,False,3.4737050533294678,0.0004820862668566406,0.0016746255013206507
25492,93.5,0.2662242650985718,12,lag_00__CT3__is_walking,CT3__is_walking,False,-2.387126922607422,-0.0005153218517079949,0.0012301386660200642
25492,93.5,0.2662242650985718,13,lag_08__CT_place_RUINS,CT_place_RUINS,False,3.493913412094116,0.00032386439852416515,0.0011315541657033745
25492,93.5,0.2662242650985718,14,lag_00__kill_diff_last_3s,kill_diff_last_3s,False,2.4069459438323975,0.0004698316042777151,0.0011308592742005144
25492,93.5,0.2662242650985718,15,lag_00__CT_kills_last_3s,CT_kills_last_3s,False,2.8871407508850098,0.00038100979872979224,0.0011000289163992788
25492,93.5,0.2662242650985718,16,lag_00__T1__has_bomb,T1__has_bomb,False,-2.857499837875366,-0.00037714719655923545,0.0010776980530231642
25492,93.5,0.2662242650985718,17,lag_02__T_A_site_active_infernos,T_A_site_active_infernos,True,2.9764554500579834,0.00035849318373948336,0.0010670389905500233
25492,93.5,0.2662242650985718,18,lag_04__T5__duck_amount,T5__duck_amount,False,-3.7970333099365234,-0.0002606372581794858,0.0009896483511180332
25492,93.5,0.2662242650985718,19,lag_00__T1__alive,T1__alive,False,-2.4213626384735107,-0.0004027681134175509,0.0009752476617977193
25492,93.5,0.2662242650985718,20,lag_07__damage_diff_last_5s,damage_diff_last_5s,False,2.0078210830688477,0.00046367954928427935,0.0009309855748408369
25364,91.5,-0.09365177154541016,1,lag_04__T_place_QUAD,T_place_QUAD,False,24.086301803588867,-0.0024532179813832045,-0.05908894868958692
25364,91.5,-0.09365177154541016,2,lag_00__T_place_QUAD,T_place_QUAD,False,-24.086301803588867,0.0015502204187214375,-0.03733907686741045
25364,91.5,-0.09365177154541016,3,lag_02__T_place_QUAD,T_place_QUAD,False,24.086305618286133,-0.0002553816884756088,-0.006151201397937456
25364,91.5,-0.09365177154541016,4,lag_07__CT_place_LIBRARY,CT_place_LIBRARY,False,6.411735534667969,0.0005490881740115583,0.0035206081569758574
25364,91.5,-0.09365177154541016,5,lag_01__T_place_QUAD,T_place_QUAD,False,-24.086305618286133,-0.0001442325592506677,0.0034740295022191447
25364,91.5,-0.09365177154541016,6,lag_00__CT3__is_scoped,CT3__is_scoped,False,-4.548114776611328,0.0006683309911750257,-0.0030396460566304295
25364,91.5,-0.09365177154541016,7,lag_02__CT3__is_scoped,CT3__is_scoped,False,4.548114776611328,0.00037722685374319553,0.001715671027644028
25364,91.5,-0.09365177154541016,8,lag_12__CT_place_TOPOFMID,CT_place_TOPOFMID,False,-3.6288270950317383,0.00045443105045706034,-0.0016490517087223155
25364,91.5,-0.09365177154541016,9,lag_15__CT4__is_walking,CT4__is_walking,False,2.384641170501709,-0.0005655502900481224,-0.0013486345056379356
25364,91.5,-0.09365177154541016,10,lag_07__T5__duck_amount,T5__duck_amount,False,3.7970333099365234,-0.00035408823168836534,-0.0013444848103772444
25364,91.5,-0.09365177154541016,11,lag_00__T5__duck_amount,T5__duck_amount,False,-3.7970333099365234,-0.00027037132531404495,0.0010266089282691127
25364,91.5,-0.09365177154541016,12,lag_14__T1__is_walking,T1__is_walking,False,-2.281590461730957,-0.0004045722307637334,0.0009230681427917498
25364,91.5,-0.09365177154541016,13,lag_04__CT_place_RUINS,CT_place_RUINS,False,3.493913412094116,-0.00021982958423905075,-0.0007680655327478927
25364,91.5,-0.09365177154541016,14,lag_13__T2__shots_fired,T2__shots_fired,False,2.353466033935547,0.00031120426137931645,0.0007324086587722212
25364,91.5,-0.09365177154541016,15,lag_12__CT1__is_walking,CT1__is_walking,False,-2.3343825340270996,-0.000309669878333807,0.000722887955296736
25364,91.5,-0.09365177154541016,16,lag_13__CT4__is_walking,CT4__is_walking,False,-2.384641170501709,-0.00029896822525188327,0.0007129319386074695
25364,91.5,-0.09365177154541016,17,lag_00__CT_scoped_count,CT_scoped_count,False,-2.141930103302002,0.0003147498646285385,-0.0006741722100580966
25364,91.5,-0.09365177154541016,18,lag_13__CT4__duck_amount,CT4__duck_amount,False,3.619617462158203,0.0001660532725509256,0.0006010493249738458
25364,91.5,-0.09365177154541016,19,lag_12__T_shots_fired_sum,T_shots_fired_sum,False,-2.998948335647583,0.00018541210738476366,-0.0005560413308504479
25364,91.5,-0.09365177154541016,20,lag_13__CT4__shots_fired,CT4__shots_fired,False,2.1549742221832275,0.0002520701091270894,0.0005432045873517907
20276,12.0,0.06820398569107056,1,lag_15__T_place_LOWERMID,T_place_LOWERMID,False,6.652692794799805,0.0005954690277576447,0.0039614725104897275
20276,12.0,0.06820398569107056,2,lag_14__CT_place_LIBRARY,CT_place_LIBRARY,False,-6.411735534667969,0.0005110358470119536,-0.0032766266997756865
20276,12.0,0.06820398569107056,3,lag_00__CT3__is_scoped,CT3__is_scoped,False,-4.548114776611328,0.0006683309911750257,-0.0030396460566304295
20276,12.0,0.06820398569107056,4,lag_14__T_place_LOWERMID,T_place_LOWERMID,False,6.6526923179626465,0.00040560399065725505,0.0026983585527805137
20276,12.0,0.06820398569107056,5,lag_02__CT_place_BALCONY,CT_place_BALCONY,False,6.417822360992432,0.0004181297845207155,0.002683482680893995
20276,12.0,0.06820398569107056,6,lag_15__CT_place_RUINS,CT_place_RUINS,False,3.493913412094116,0.0005673986743204296,0.0019824418382125703
20276,12.0,0.06820398569107056,7,lag_11__T_place_LOWERMID,T_place_LOWERMID,False,-6.652692794799805,-0.0002834196202456951,0.0018855036655134327
20276,12.0,0.06820398569107056,8,lag_05__T_place_TRAMP,T_place_TRAMP,False,-5.85345458984375,-0.00029574910877272487,0.0017311539781879048
20276,12.0,0.06820398569107056,9,lag_12__CT_place_TOPOFMID,CT_place_TOPOFMID,False,3.6288270950317383,0.00045443105045706034,0.0016490517087223155
20276,12.0,0.06820398569107056,10,lag_01__T1__duck_amount,T1__duck_amount,False,-3.915480136871338,-0.000410286127589643,0.0016064671830111066
20276,12.0,0.06820398569107056,11,lag_01__CT3__is_scoped,CT3__is_scoped,False,4.548114776611328,0.0003468819195404649,0.0015776587840012901
20276,12.0,0.06820398569107056,12,lag_00__T4__flash_duration,T4__flash_duration,True,-4.6710429191589355,-0.00033644630457274616,0.0015715551286517165
20276,12.0,0.06820398569107056,13,lag_12__CT_place_ARCH,CT_place_ARCH,False,-4.080447673797607,-0.000347116612829268,0.0014163911753556913
20276,12.0,0.06820398569107056,14,lag_11__T_place_TRAMP,T_place_TRAMP,False,2.926727294921875,0.00048038430395536125,0.0014059538544382022
20276,12.0,0.06820398569107056,15,lag_08__T_place_LOWERMID,T_place_LOWERMID,False,-3.3263463973999023,-0.00041877172770909965,0.0013929798277980965
20276,12.0,0.06820398569107056,16,lag_00__damage_diff_last_5s,damage_diff_last_5s,False,1.6468645334243774,0.0008297653403133154,0.001366511110026808
20276,12.0,0.06820398569107056,17,lag_14__CT_place_RUINS,CT_place_RUINS,False,3.493913412094116,0.0003368560574017465,0.0011769458969011076
20276,12.0,0.06820398569107056,18,lag_04__T_A_site_active_infernos,T_A_site_active_infernos,True,2.9764554500579834,0.00039335404289886355,0.0011708007847886642
20276,12.0,0.06820398569107056,19,lag_08__CT_place_RUINS,CT_place_RUINS,False,-3.493913412094116,0.00032386439852416515,-0.0011315541657033745
20276,12.0,0.06820398569107056,20,lag_00__kill_diff_last_3s,kill_diff_last_3s,False,2.4069459438323975,0.0004698316042777151,0.0011308592742005144
25556,94.5,0.06634789705276489,1,lag_08__T_place_QUAD,T_place_QUAD,False,24.086305618286133,0.001938259112648666,0.046685501354683856
25556,94.5,0.06634789705276489,2,lag_06__T_place_QUAD,T_place_QUAD,False,-24.086301803588867,0.0013494625454768538,-0.03250356214299477
25556,94.5,0.06634789705276489,3,lag_10__T_place_QUAD,T_place_QUAD,False,24.086301803588867,0.0009695150656625628,0.023352032474674767
25556,94.5,0.06634789705276489,4,lag_05__T_place_ARCH,T_place_ARCH,False,9.303513526916504,0.00045901851262897253,0.00427048494134874
25556,94.5,0.06634789705276489,5,lag_13__CT_place_LIBRARY,CT_place_LIBRARY,False,6.411735534667969,0.0005532740033231676,0.0035474465875151573
25556,94.5,0.06634789705276489,6,lag_06__CT3__is_scoped,CT3__is_scoped,False,-4.548114776611328,0.0006244489923119545,-0.002840065689174054
25556,94.5,0.06634789705276489,7,lag_08__CT3__is_scoped,CT3__is_scoped,False,4.548114776611328,0.0004639232938643545,0.00210997638803867
25556,94.5,0.06634789705276489,8,lag_02__CT3__is_scoped,CT3__is_scoped,False,4.548114776611328,0.00037722685374319553,0.001715671027644028
25556,94.5,0.06634789705276489,9,lag_00__CT_shots_fired_sum,CT_shots_fired_sum,False,2.778964042663574,0.0004820862668566406,0.0013397004010565206
25556,94.5,0.06634789705276489,10,lag_07__T_place_QUAD,T_place_QUAD,False,-24.086305618286133,4.991420792066492e-05,-0.0012022488666718137
25556,94.5,0.06634789705276489,11,lag_01__CT3__duck_amount,CT3__duck_amount,False,-3.417881488800049,0.00034891071845777333,-0.001192535485860749
25556,94.5,0.06634789705276489,12,lag_04__T_A_site_active_infernos,T_A_site_active_infernos,True,2.9764554500579834,0.00039335404289886355,0.0011708007847886642
25556,94.5,0.06634789705276489,13,lag_00__kill_diff_last_3s,kill_diff_last_3s,False,2.4069459438323975,0.0004698316042777151,0.0011308592742005144
25556,94.5,0.06634789705276489,14,lag_00__CT_kills_last_3s,CT_kills_last_3s,False,2.8871402740478516,0.00038100979872979224,0.0011000287347196491
25556,94.5,0.06634789705276489,15,lag_13__T5__duck_amount,T5__duck_amount,False,3.7970333099365234,-0.00026552274357527494,-0.001008198701901053
25556,94.5,0.06634789705276489,16,lag_02__CT3__duck_amount,CT3__duck_amount,False,3.417881488800049,0.0002561902510933578,0.0008756279168230241
25556,94.5,0.06634789705276489,17,lag_00__damage_diff_last_5s,damage_diff_last_5s,False,0.9249515533447266,0.0008297653403133154,0.0007674927404344167
25556,94.5,0.06634789705276489,18,lag_11__T_place_MIDDLE,T_place_MIDDLE,False,-1.6254756450653076,-0.0004282974696252495,0.0006961871057189414
25556,94.5,0.06634789705276489,19,lag_06__T5__duck_amount,T5__duck_amount,False,-3.7970333099365234,-0.00017637024575378746,0.0006696836980088217
25556,94.5,0.06634789705276489,20,lag_01__T_shots_fired_sum,T_shots_fired_sum,False,2.249211311340332,0.000275840749964118,0.0006204241349478945
25300,90.5,0.059294044971466064,1,lag_00__T_place_QUAD,T_place_QUAD,False,24.086305618286133,0.0015502204187214375,0.03733908278103204
25300,90.5,0.059294044971466064,2,lag_02__T_place_QUAD,T_place_QUAD,False,24.086301803588867,-0.0002553816884756088,-0.006151200423733627
25300,90.5,0.059294044971466064,3,lag_00__CT3__is_scoped,CT3__is_scoped,False,4.548114776611328,0.0006683309911750257,0.0030396460566304295
25300,90.5,0.059294044971466064,4,lag_05__CT_place_LIBRARY,CT_place_LIBRARY,False,6.411735534667969,0.0003891380038112402,0.0024950499669262882
25300,90.5,0.059294044971466064,5,lag_12__CT_place_TOPOFMID,CT_place_TOPOFMID,False,3.6288270950317383,0.00045443105045706034,0.0016490517087223155
25300,90.5,0.059294044971466064,6,lag_13__CT1__is_walking,CT1__is_walking,False,-2.3343825340270996,-0.000511849473696202,0.0011948524714473774
25300,90.5,0.059294044971466064,7,lag_10__T3__is_walking,T3__is_walking,False,-2.3223767280578613,-0.000508095312397927,0.0011799887291482347
25300,90.5,0.059294044971466064,8,lag_12__T1__is_walking,T1__is_walking,False,-2.281590461730957,-0.00046226225094869733,0.0010546931425828299
25300,90.5,0.059294044971466064,9,lag_11__CT4__duck_amount,CT4__duck_amount,False,3.619617462158203,0.00027850220794789493,0.0010080714551378156
25300,90.5,0.059294044971466064,10,lag_01__damage_diff_last_5s,damage_diff_last_5s,False,2.0078210830688477,0.0004488878767006099,0.000901286542773494
25300,90.5,0.059294044971466064,11,lag_11__T2__shots_fired,T2__shots_fired,False,2.353466033935547,0.00033081177389249206,0.0007785542734819462
25300,90.5,0.059294044971466064,12,lag_04__T_kills_last_3s,T_kills_last_3s,False,-3.1681017875671387,-0.00023697252618148923,0.0007507530837998766
25300,90.5,0.059294044971466064,13,lag_10__T_kills_last_3s,T_kills_last_3s,False,3.1681017875671387,-0.00023161244462244213,-0.0007337717998311538
25300,90.5,0.059294044971466064,14,lag_12__CT1__is_walking,CT1__is_walking,False,2.3343825340270996,-0.000309669878333807,-0.000722887955296736
25300,90.5,0.059294044971466064,15,lag_13__CT4__is_walking,CT4__is_walking,False,2.384641170501709,-0.00029896822525188327,-0.0007129319386074695
25300,90.5,0.059294044971466064,16,lag_00__CT_scoped_count,CT_scoped_count,False,2.141930103302002,0.0003147498646285385,0.0006741722100580966
25300,90.5,0.059294044971466064,17,lag_00__damage_diff_last_5s,damage_diff_last_5s,False,-0.7670328617095947,0.0008297653403133154,-0.000636457283527958
25300,90.5,0.059294044971466064,18,lag_05__T5__duck_amount,T5__duck_amount,False,3.7970333099365234,-0.00016404292546212673,-0.0006228764522391295
25300,90.5,0.059294044971466064,19,lag_03__T_place_TOPOFMID,T_place_TOPOFMID,False,2.0359649658203125,-0.0002840519300661981,-0.0005783197780884208
25300,90.5,0.059294044971466064,20,lag_00__T_place_TOPOFMID,T_place_TOPOFMID,False,-2.0359649658203125,-0.0002694912545848638,0.0005486747529297453
20308,12.5,0.05761617422103882,1,lag_15__T_place_LOWERMID,T_place_LOWERMID,False,6.6526923179626465,0.0005954690277576447,0.0039614722265479685
20308,12.5,0.05761617422103882,2,lag_00__CT_place_BALCONY,CT_place_BALCONY,False,-6.417822360992432,-0.0005651189130730927,0.0036268327969402325
20308,12.5,0.05761617422103882,3,lag_15__CT_place_LIBRARY,CT_place_LIBRARY,False,-6.411735534667969,0.0004869953263550997,-0.003122485239208217
20308,12.5,0.05761617422103882,4,lag_03__CT_place_BALCONY,CT_place_BALCONY,False,6.417822360992432,0.0003528437518980354,0.0022644885208676774
20308,12.5,0.05761617422103882,5,lag_06__T_place_TRAMP,T_place_TRAMP,False,-5.85345458984375,-0.00036285584792494774,0.002123960228487931
20308,12.5,0.05761617422103882,6,lag_15__CT_place_RUINS,CT_place_RUINS,False,3.493913412094116,0.0005673986743204296,0.0019824418382125703
20308,12.5,0.05761617422103882,7,lag_12__T_place_LOWERMID,T_place_LOWERMID,False,-6.652692794799805,-0.0002845686103682965,0.0018931475438233591
20308,12.5,0.05761617422103882,8,lag_00__utility_damage_diff_last_5s,utility_damage_diff_last_5s,True,4.7851057052612305,0.0003955017891712487,0.0018925178678043664
20308,12.5,0.05761617422103882,9,lag_00__CT_utility_damage_last_5s,CT_utility_damage_last_5s,True,5.8336615562438965,0.0003217506455257535,0.0018769843715002454
20308,12.5,0.05761617422103882,10,lag_02__CT3__is_scoped,CT3__is_scoped,False,4.548114776611328,0.00037722685374319553,0.001715671027644028
20308,12.5,0.05761617422103882,11,lag_01__CT3__is_scoped,CT3__is_scoped,False,-4.548114776611328,0.0003468819195404649,-0.0015776587840012901
20308,12.5,0.05761617422103882,12,lag_11__T_place_TRAMP,T_place_TRAMP,False,2.926727533340454,0.00048038430395536125,0.0014059539689707454
20308,12.5,0.05761617422103882,13,lag_14__T_place_LOWERMID,T_place_LOWERMID,False,3.3263463973999023,0.00040560399065725505,0.001349179373093784
20308,12.5,0.05761617422103882,14,lag_14__CT_place_RUINS,CT_place_RUINS,False,3.493913173675537,0.0003368560574017465,0.001176945816588365
20308,12.5,0.05761617422103882,15,lag_00__CT_place_APARTMENTS,CT_place_APARTMENTS,False,3.8415112495422363,0.0003010166110470891,0.0011563586976364726
20308,12.5,0.05761617422103882,16,lag_10__T_place_TRAMP,T_place_TRAMP,False,2.926727294921875,0.00036444750730879605,0.001066638467206893
20308,12.5,0.05761617422103882,17,lag_05__CT_place_BANANA,CT_place_BANANA,False,2.9603395462036133,0.0003532057162374258,0.0010456088497228233
20308,12.5,0.05761617422103882,18,lag_11__CT_place_RUINS,CT_place_RUINS,False,-3.493913173675537,0.00029458990320563316,-0.001029271543641963
20308,12.5,0.05761617422103882,19,lag_13__CT_place_ARCH,CT_place_ARCH,False,-4.080447673797607,-0.0002489209291525185,0.0010157088263199332
20308,12.5,0.05761617422103882,20,lag_00__damage_diff_last_5s,damage_diff_last_5s,False,1.1956689357757568,0.0008297653403133154,0.0009921246413960305
25236,89.5,0.05045056343078613,1,lag_00__T_place_QUAD,T_place_QUAD,False,24.086301803588867,0.0015502204187214375,0.03733907686741045
25236,89.5,0.05045056343078613,2,lag_08__T3__is_walking,T3__is_walking,False,-2.3223767280578613,-0.0005422991816885769,0.001259422999198373
25236,89.5,0.05045056343078613,3,lag_09__T2__shots_fired,T2__shots_fired,False,2.353466033935547,0.00048232031986117363,0.0011351244902702007
25236,89.5,0.05045056343078613,4,lag_00__CT_place_RUINS,CT_place_RUINS,False,3.493913412094116,-0.00031822131131775677,-0.0011118377076272876
25236,89.5,0.05045056343078613,5,lag_02__T_kills_last_3s,T_kills_last_3s,False,-3.1681017875671387,-0.0002797060878947377,0.0008861373570527298
25236,89.5,0.05045056343078613,6,lag_09__T_shots_fired_sum,T_shots_fired_sum,False,2.998948335647583,0.00026701524620875716,0.0008007649282102819
25236,89.5,0.05045056343078613,7,lag_10__T2__is_walking,T2__is_walking,False,-2.2968344688415527,-0.00034644853440113366,0.0007957349354921622
25236,89.5,0.05045056343078613,8,lag_08__CT_kills_last_3s,CT_kills_last_3s,False,2.8871407508850098,0.00027314541512168944,0.0007886092589152321
25236,89.5,0.05045056343078613,9,lag_03__T5__duck_amount,T5__duck_amount,False,3.7970333099365234,-0.00020453710749279708,-0.0007766342102682178
25236,89.5,0.05045056343078613,10,lag_10__T_walking_count,T_walking_count,False,-1.594179630279541,-0.0004313217359595001,0.0006876043255634456
25236,89.5,0.05045056343078613,11,lag_10__T1__is_walking,T1__is_walking,False,-2.281590461730957,-0.00028323993319645524,0.0006462375299623457
25236,89.5,0.05045056343078613,12,lag_09__CT4__shots_fired,CT4__shots_fired,False,2.1549742221832275,0.0002869080926757306,0.0006182795438519559
25236,89.5,0.05045056343078613,13,lag_03__CT_place_LIBRARY,CT_place_LIBRARY,False,6.411735534667969,-9.244997636415064e-05,-0.0005927647986332385
25236,89.5,0.05045056343078613,14,lag_03__T_place_TOPOFMID,T_place_TOPOFMID,False,2.0359649658203125,-0.0002840519300661981,-0.0005783197780884208
25236,89.5,0.05045056343078613,15,lag_08__T_shots_fired_sum,T_shots_fired_sum,False,-2.998948335647583,-0.0001874749141279608,0.0005622275816997216
25236,89.5,0.05045056343078613,16,lag_00__T_place_TOPOFMID,T_place_TOPOFMID,False,-2.0359649658203125,-0.0002694912545848638,0.0005486747529297453
25236,89.5,0.05045056343078613,17,lag_09__CT4__is_walking,CT4__is_walking,False,-2.384641170501709,-0.0002161425945814699,0.0005154225297380327
25236,89.5,0.05045056343078613,18,lag_01__T_place_TOPOFMID,T_place_TOPOFMID,False,2.0359649658203125,-0.0002368874556850642,-0.0004822945606171025
25236,89.5,0.05045056343078613,19,lag_09__damage_diff_last_5s,damage_diff_last_5s,False,-2.0078213214874268,0.00023734428395982832,-0.00047654491386770956
25236,89.5,0.05045056343078613,20,lag_08__CT4__duck_amount,CT4__duck_amount,False,-3.619617462158203,-0.00012607115786522627,0.0004563293644834765
25524,94.0,0.050085246562957764,1,lag_05__T_place_QUAD,T_place_QUAD,False,-24.086301803588867,-0.0020376797765493393,0.04908017007703691
25524,94.0,0.050085246562957764,2,lag_06__T_place_QUAD,T_place_QUAD,False,-24.086305618286133,0.0013494625454768538,-0.03250356729078585
25524,94.0,0.050085246562957764,3,lag_09__T_place_QUAD,T_place_QUAD,False,24.086301803588867,0.000695821363478899,0.01675976336213747
25524,94.0,0.050085246562957764,4,lag_12__CT_place_LIBRARY,CT_place_LIBRARY,False,6.411735534667969,0.0007258421974256635,0.00465390820979561
25524,94.0,0.050085246562957764,5,lag_04__T_place_ARCH,T_place_ARCH,False,9.303513526916504,0.00046369078336283565,0.004313953475322652
25524,94.0,0.050085246562957764,6,lag_00__CT3__duck_amount,CT3__duck_amount,False,-3.417881488800049,0.0007183473207987845,-0.002455226010287276
25524,94.0,0.050085246562957764,7,lag_01__CT3__is_scoped,CT3__is_scoped,False,4.548114776611328,0.0003468819195404649,0.0015776587840012901
25524,94.0,0.050085246562957764,8,lag_05__CT3__is_scoped,CT3__is_scoped,False,-4.548114776611328,0.0003418294945731759,-0.0015546797753498431
25524,94.0,0.050085246562957764,9,lag_00__CT_shots_fired_sum,CT_shots_fired_sum,False,-2.778964042663574,0.0004820862668566406,-0.0013397004010565206
25524,94.0,0.050085246562957764,10,lag_07__T_place_QUAD,T_place_QUAD,False,24.086305618286133,4.991420792066492e-05,0.0012022488666718137
25524,94.0,0.050085246562957764,11,lag_01__CT3__duck_amount,CT3__duck_amount,False,3.417881488800049,0.00034891071845777333,0.001192535485860749
25524,94.0,0.050085246562957764,12,lag_00__CT_place_RUINS,CT_place_RUINS,False,-3.493913412094116,-0.00031822131131775677,0.0011118377076272876
25524,94.0,0.050085246562957764,13,lag_01__damage_diff_last_5s,damage_diff_last_5s,False,2.07550048828125,0.0004488878767006099,0.0009316670072756494
25524,94.0,0.050085246562957764,14,lag_07__CT3__is_scoped,CT3__is_scoped,False,4.548114776611328,0.0001922546944115311,0.0008743964165259799
25524,94.0,0.050085246562957764,15,lag_03__T_A_site_active_infernos,T_A_site_active_infernos,True,2.9764554500579834,0.00026351926499046385,0.0007843533524761401
25524,94.0,0.050085246562957764,16,lag_08__damage_diff_last_5s,damage_diff_last_5s,False,2.0078210830688477,0.00034802977461367846,0.0006987815190050428
25524,94.0,0.050085246562957764,17,lag_05__T5__duck_amount,T5__duck_amount,False,-3.7970333099365234,-0.00016404292546212673,0.0006228764522391295
25524,94.0,0.050085246562957764,18,lag_02__T_velocity_mean,T_velocity_mean,False,-2.085019826889038,0.00026599332340992987,-0.0005546013531298119
25524,94.0,0.050085246562957764,19,lag_01__T1__has_bomb,T1__has_bomb,False,-2.857499837875366,-0.00019309924391563982,0.0005517810581827966
25524,94.0,0.050085246562957764,20,lag_01__CT_damage_last_5s,CT_damage_last_5s,False,2.005476474761963,0.0002698911994230002,0.0005412604511881164
24948,85.0,-0.040446460247039795,1,lag_10__CT_place_LIBRARY,CT_place_LIBRARY,False,-6.411735534667969,0.0004436760500539094,-0.0028447334960117754
24948,85.0,-0.040446460247039795,2,lag_00__T2__duck_amount,T2__duck_amount,False,3.8233180046081543,-0.00044543834519572556,-0.0017030524451296797
24948,85.0,-0.040446460247039795,3,lag_00__damage_diff_last_5s,damage_diff_last_5s,False,-2.0078213214874268,0.0008297653403133154,-0.0016660205421123453
24948,85.0,-0.040446460247039795,4,lag_15__CT4__is_walking,CT4__is_walking,False,2.384641170501709,-0.0005655502900481224,-0.0013486345056379356
24948,85.0,-0.040446460247039795,5,lag_00__CT_shots_fired_sum,CT_shots_fired_sum,False,2.778964042663574,0.0004820862668566406,0.0013397004010565206
24948,85.0,-0.040446460247039795,6,lag_08__T3__is_walking,T3__is_walking,False,2.3223767280578613,-0.0005422991816885769,-0.001259422999198373
24948,85.0,-0.040446460247039795,7,lag_13__CT1__is_walking,CT1__is_walking,False,2.3343825340270996,-0.000511849473696202,-0.0011948524714473774
24948,85.0,-0.040446460247039795,8,lag_12__T1__is_walking,T1__is_walking,False,2.281590461730957,-0.00046226225094869733,-0.0010546931425828299
24948,85.0,-0.040446460247039795,9,lag_00__CT4__is_walking,CT4__is_walking,False,-2.384641170501709,0.00041614967631176114,-0.0009923676512239854
24948,85.0,-0.040446460247039795,10,lag_01__CT_place_TOPOFMID,CT_place_TOPOFMID,False,3.6288270950317383,-0.000253960577538237,-0.000921579024840663
24948,85.0,-0.040446460247039795,11,lag_00__T_damage_last_5s,T_damage_last_5s,False,2.1340460777282715,-0.0004317753773648292,-0.000921428550525058
24948,85.0,-0.040446460247039795,12,lag_01__T2__is_walking,T2__is_walking,False,-2.2968344688415527,0.00036613643169403076,-0.0008409547766135006
24948,85.0,-0.040446460247039795,13,lag_13__CT4__is_walking,CT4__is_walking,False,2.384641170501709,-0.00029896822525188327,-0.0007129319386074695
24948,85.0,-0.040446460247039795,14,lag_13__CT_walking_count,CT_walking_count,False,1.7948951721191406,-0.0003645693650469184,-0.0006543637932252544
24948,85.0,-0.040446460247039795,15,lag_13__CT4__duck_amount,CT4__duck_amount,False,-3.3120858669281006,0.0001660532725509256,-0.0005499826971730806
24948,85.0,-0.040446460247039795,16,lag_14__CT3__flash,CT3__flash,True,-1.845685601234436,0.00029432110022753477,-0.0005432242168294382
24948,85.0,-0.040446460247039795,17,lag_01__T_walking_count,T_walking_count,False,-1.594179630279541,0.0003355855878908187,-0.0005349837084309278
24948,85.0,-0.040446460247039795,18,lag_06__T3__is_walking,T3__is_walking,False,2.3223767280578613,-0.00022661335242446512,-0.0005262815759377523
24948,85.0,-0.040446460247039795,19,lag_09__CT4__is_walking,CT4__is_walking,False,2.384641170501709,-0.0002161425945814699,-0.0005154225297380327
24948,85.0,-0.040446460247039795,20,lag_10__CT4__duck_amount,CT4__duck_amount,False,3.6725916862487793,-0.00013840629253536463,-0.0005083097992898966
21204,26.5,0.03980451822280884,1,lag_10__T_utility_damage_last_5s,T_utility_damage_last_5s,True,8.42352294921875,0.0004093332390766591,0.003448027933240283
21204,26.5,0.03980451822280884,2,lag_03__CT_place_BALCONY,CT_place_BALCONY,False,6.417822360992432,0.0003528437518980354,0.0022644885208676774
21204,26.5,0.03980451822280884,3,lag_02__CT_place_LIBRARY,CT_place_LIBRARY,False,6.411735534667969,0.0003227477427572012,0.0020693731709702234
21204,26.5,0.03980451822280884,4,lag_15__CT_place_RUINS,CT_place_RUINS,False,-3.493913412094116,0.0005673986743204296,-0.0019824418382125703
21204,26.5,0.03980451822280884,5,lag_00__utility_damage_diff_last_5s,utility_damage_diff_last_5s,True,4.514250755310059,0.0003955017891712487,0.0017853942504927889
21204,26.5,0.03980451822280884,6,lag_00__T_utility_damage_last_5s,T_utility_damage_last_5s,True,-8.42352294921875,-0.0002080784470308572,0.0017527535738022237
21204,26.5,0.03980451822280884,7,lag_00__T2__duck_amount,T2__duck_amount,False,-3.8233180046081543,-0.00044543834519572556,0.0017030524451296797
21204,26.5,0.03980451822280884,8,lag_00__CT_shots_fired_sum,CT_shots_fired_sum,False,3.473705291748047,0.0004820862668566406,0.0016746256162589734
21204,26.5,0.03980451822280884,9,lag_15__T5__duck_amount,T5__duck_amount,False,3.3547582626342773,0.0004413787683006376,0.0014807190699079043
21204,26.5,0.03980451822280884,10,lag_01__T_shots_fired_sum,T_shots_fired_sum,False,3.748684883117676,0.000275840749964118,0.0010340400495383317
21204,26.5,0.03980451822280884,11,lag_01__T3__is_walking,T3__is_walking,False,2.3223767280578613,0.0004288530326448381,0.0009959583027714103
21204,26.5,0.03980451822280884,12,lag_00__damage_diff_last_5s,damage_diff_last_5s,False,1.1279895305633545,0.0008297653403133154,0.0009359666166977587
21204,26.5,0.03980451822280884,13,lag_14__T1__is_walking,T1__is_walking,False,-2.281590461730957,-0.0004045722307637334,0.0009230681427917498
21204,26.5,0.03980451822280884,14,lag_14__CT_place_BANANA,CT_place_BANANA,False,2.9603395462036133,0.00028780329739674926,0.0008519954828113963
21204,26.5,0.03980451822280884,15,lag_04__T_shots_fired_sum,T_shots_fired_sum,False,3.748685359954834,0.00022539634665008634,0.0008449399848744835
21204,26.5,0.03980451822280884,16,lag_05__CT_shots_fired_sum,CT_shots_fired_sum,False,-5.557928085327148,-0.00014810638094786555,0.0008231646142863036
21204,26.5,0.03980451822280884,17,lag_02__T5__duck_amount,T5__duck_amount,False,-3.7970333099365234,-0.00019456569862086326,0.0007387724386344885
21204,26.5,0.03980451822280884,18,lag_05__CT5__shots_fired,CT5__shots_fired,False,-4.2304582595825195,-0.0001716845144983381,0.0007263041724019093
21204,26.5,0.03980451822280884,19,lag_03__T5__duck_amount,T5__duck_amount,False,3.4749693870544434,-0.00020453710749279708,-0.0007107601870541339
21204,26.5,0.03980451822280884,20,lag_04__T_place_MIDDLE,T_place_MIDDLE,False,-1.6254756450653076,-0.00042545393807813525,0.0006915650144431323
25332,91.0,-0.03611963987350464,1,lag_00__T_place_QUAD,T_place_QUAD,False,-24.086305618286133,0.0015502204187214375,-0.03733908278103204
25332,91.0,-0.03611963987350464,2,lag_03__T_place_QUAD,T_place_QUAD,False,24.086301803588867,0.0004056743928231299,0.009771195859525572
25332,91.0,-0.03611963987350464,3,lag_01__T_place_QUAD,T_place_QUAD,False,24.086305618286133,-0.0001442325592506677,-0.0034740295022191447
25332,91.0,-0.03611963987350464,4,lag_06__CT_place_LIBRARY,CT_place_LIBRARY,False,6.411735534667969,0.00036129826912656426,0.002316548950772823
25332,91.0,-0.03611963987350464,5,lag_01__CT3__is_scoped,CT3__is_scoped,False,4.548114776611328,0.0003468819195404649,0.0015776587840012901
25332,91.0,-0.03611963987350464,6,lag_11__CT_place_TOPOFMID,CT_place_TOPOFMID,False,-3.6288270950317383,0.0004315034893807024,-0.0015658515538654327
25332,91.0,-0.03611963987350464,7,lag_03__CT_place_RUINS,CT_place_RUINS,False,3.493913412094116,-0.0003810621565207839,-0.0013313981795094743
25332,91.0,-0.03611963987350464,8,lag_13__CT1__is_walking,CT1__is_walking,False,2.3343825340270996,-0.000511849473696202,-0.0011948524714473774
25332,91.0,-0.03611963987350464,9,lag_10__CT_shots_fired_sum,CT_shots_fired_sum,False,-3.4737050533294678,0.0003189623821526766,-0.0011079812387057575
25332,91.0,-0.03611963987350464,10,lag_11__CT4__duck_amount,CT4__duck_amount,False,-3.619617462158203,0.00027850220794789493,-0.0010080714551378156
25332,91.0,-0.03611963987350464,11,lag_11__T_place_MIDDLE,T_place_MIDDLE,False,-1.6254754066467285,-0.0004282974696252495,0.0006961870036048673
25332,91.0,-0.03611963987350464,12,lag_04__T_place_MIDDLE,T_place_MIDDLE,False,-1.6254756450653076,-0.00042545393807813525,0.0006915650144431323
25332,91.0,-0.03611963987350464,13,lag_06__T5__duck_amount,T5__duck_amount,False,3.7970333099365234,-0.00017637024575378746,-0.0006696836980088217
25332,91.0,-0.03611963987350464,14,lag_06__T_place_TOPOFMID,T_place_TOPOFMID,False,2.0359649658203125,-0.0002889528404921293,-0.0005882978600162403
25332,91.0,-0.03611963987350464,15,lag_11__T3__is_walking,T3__is_walking,False,-2.3223767280578613,-0.00025103052030317485,0.0005829874383843497
25332,91.0,-0.03611963987350464,16,lag_03__T_place_TOPOFMID,T_place_TOPOFMID,False,-2.0359649658203125,-0.0002840519300661981,0.0005783197780884208
25332,91.0,-0.03611963987350464,17,lag_13__T1__is_walking,T1__is_walking,False,-2.281590461730957,-0.00024934482644312084,0.0005689027776945854
25332,91.0,-0.03611963987350464,18,lag_05__CT_kills_last_3s,CT_kills_last_3s,False,-2.8871407508850098,0.00019618053920567036,-0.0005664008292712852
25332,91.0,-0.03611963987350464,19,lag_12__T_shots_fired_sum,T_shots_fired_sum,False,2.998948335647583,0.00018541210738476366,0.0005560413308504479
25332,91.0,-0.03611963987350464,20,lag_12__CT4__is_walking,CT4__is_walking,False,-2.384641170501709,0.00022991163132246584,-0.0005482567416287623
20884,21.5,-0.03603959083557129,1,lag_06__T_place_BALCONY,T_place_BALCONY,False,-13.751577377319336,0.00045012598275206983,-0.006189942281356997
20884,21.5,-0.03603959083557129,2,lag_01__CT5__flash_duration,CT5__flash_duration,True,-6.908468246459961,0.0004147173895034939,-0.002865061916639655
20884,21.5,-0.03603959083557129,3,lag_00__utility_damage_diff_last_5s,utility_damage_diff_last_5s,True,-4.514250755310059,0.0003955017891712487,-0.0017853942504927889
20884,21.5,-0.03603959083557129,4,lag_00__T_utility_damage_last_5s,T_utility_damage_last_5s,True,8.42352294921875,-0.0002080784470308572,-0.0017527535738022237
20884,21.5,-0.03603959083557129,5,lag_12__CT_place_TOPOFMID,CT_place_TOPOFMID,False,3.6288270950317383,0.00045443105045706034,0.0016490517087223155
20884,21.5,-0.03603959083557129,6,lag_06__T3__flash_duration,T3__flash_duration,True,-4.344386577606201,0.00037426629569381475,-0.0016259574714626024
20884,21.5,-0.03603959083557129,7,lag_12__T3__shots_fired,T3__shots_fired,False,-5.450135707855225,0.0002621749008540064,-0.0014288887888478236
20884,21.5,-0.03603959083557129,8,lag_12__CT_place_ARCH,CT_place_ARCH,False,-4.080447673797607,-0.000347116612829268,0.0014163911753556913
20884,21.5,-0.03603959083557129,9,lag_12__T_shots_fired_sum,T_shots_fired_sum,False,-6.747633457183838,0.00018541210738476366,-0.0012510929391563938
20884,21.5,-0.03603959083557129,10,lag_14__CT_place_RUINS,CT_place_RUINS,False,3.493913412094116,0.0003368560574017465,0.0011769458969011076
20884,21.5,-0.03603959083557129,11,lag_15__CT3__duck_amount,CT3__duck_amount,False,-3.7208433151245117,0.000294158176984638,-0.0010945164864225032
20884,21.5,-0.03603959083557129,12,lag_08__T_place_BALCONY,T_place_BALCONY,False,13.751577377319336,7.85715674282983e-05,0.0010804829891475076
20884,21.5,-0.03603959083557129,13,lag_12__T1__is_walking,T1__is_walking,False,2.281590461730957,-0.00046226225094869733,-0.0010546931425828299
20884,21.5,-0.03603959083557129,14,lag_11__CT_place_RUINS,CT_place_RUINS,False,-3.493913412094116,0.00029458990320563316,-0.0010292716138776692
20884,21.5,-0.03603959083557129,15,lag_08__CT_utility_damage_last_5s,CT_utility_damage_last_5s,True,-5.8336615562438965,0.00017263265908695757,-0.001007080506667743
20884,21.5,-0.03603959083557129,16,lag_01__CT_flash_duration_sum,CT_flash_duration_sum,True,-3.185965061187744,0.000308453367324546,-0.0009827216513017129
20884,21.5,-0.03603959083557129,17,lag_09__T_place_TRAMP,T_place_TRAMP,False,-2.926727294921875,0.00032117438968271017,-0.0009399898527142625
20884,21.5,-0.03603959083557129,18,lag_00__damage_diff_last_5s,damage_diff_last_5s,False,-1.127989411354065,0.0008297653403133154,-0.000935966517782022
20884,21.5,-0.03603959083557129,19,lag_04__T5__duck_amount,T5__duck_amount,False,-3.3547582626342773,-0.0002606372581794858,0.0008743749954279734
20884,21.5,-0.03603959083557129,20,lag_03__T2__is_walking,T2__is_walking,False,2.2968344688415527,0.0003802203282248229,0.0008733031556210219
25268,90.0,0.030771076679229736,1,lag_01__T_place_QUAD,T_place_QUAD,False,24.086301803588867,-0.0001442325592506677,-0.0034740289520155954
25268,90.0,0.030771076679229736,2,lag_04__CT_place_LIBRARY,CT_place_LIBRARY,False,6.411735534667969,0.0004978576907888055,0.003192131847238322
25268,90.0,0.030771076679229736,3,lag_00__damage_diff_last_5s,damage_diff_last_5s,False,2.0078210830688477,0.0008297653403133154,0.0016660203442808719
25268,90.0,0.030771076679229736,4,lag_11__CT_place_TOPOFMID,CT_place_TOPOFMID,False,3.6288270950317383,0.0004315034893807024,0.0015658515538654327
25268,90.0,0.030771076679229736,5,lag_15__CT4__is_walking,CT4__is_walking,False,-2.384641170501709,-0.0005655502900481224,0.0013486345056379356
25268,90.0,0.030771076679229736,6,lag_03__T_kills_last_3s,T_kills_last_3s,False,-3.1681017875671387,-0.0003586255188565701,0.0011361621473566924
25268,90.0,0.030771076679229736,7,lag_09__CT_kills_last_3s,CT_kills_last_3s,False,2.8871407508850098,0.00034981704084202647,0.0010099710339690204
25268,90.0,0.030771076679229736,8,lag_04__T5__duck_amount,T5__duck_amount,False,3.7970333099365234,-0.0002606372581794858,-0.0009896483511180332
25268,90.0,0.030771076679229736,9,lag_10__T2__shots_fired,T2__shots_fired,False,2.353466033935547,0.0004156192298978567,0.000978145740615055
25268,90.0,0.030771076679229736,10,lag_00__T_damage_last_5s,T_damage_last_5s,False,-2.1340458393096924,-0.0004317753773648292,0.000921428447581786
25268,90.0,0.030771076679229736,11,lag_10__CT_shots_fired_sum,CT_shots_fired_sum,False,2.778964042663574,0.0003189623821526766,0.000886384990964606
25268,90.0,0.030771076679229736,12,lag_09__T_shots_fired_sum,T_shots_fired_sum,False,-2.998948335647583,0.00026701524620875716,-0.0008007649282102819
25268,90.0,0.030771076679229736,13,lag_10__CT4__shots_fired,CT4__shots_fired,False,2.1549742221832275,0.00034653337206691504,0.0007467704839304312
25268,90.0,0.030771076679229736,14,lag_12__CT1__is_walking,CT1__is_walking,False,-2.3343825340270996,-0.000309669878333807,0.000722887955296736
25268,90.0,0.030771076679229736,15,lag_04__T_place_MIDDLE,T_place_MIDDLE,False,-1.6254756450653076,-0.00042545393807813525,0.0006915650144431323
25268,90.0,0.030771076679229736,16,lag_09__T2__molly,T2__molly,True,-2.228090286254883,-0.00029268767684698105,0.0006521345696892666
25268,90.0,0.030771076679229736,17,lag_09__CT4__alive,CT4__alive,False,-2.4528117179870605,-0.0002576146798674017,0.0006318803055042482
25268,90.0,0.030771076679229736,18,lag_09__T_place_MIDDLE,T_place_MIDDLE,False,-1.6254754066467285,-0.0003812710347119719,0.0006197466901910614
25268,90.0,0.030771076679229736,19,lag_09__T3__is_walking,T3__is_walking,False,-2.3223767280578613,-0.00026113848434761167,0.0006064619388491954
25268,90.0,0.030771076679229736,20,lag_08__CT_shots_fired_sum,CT_shots_fired_sum,False,-3.4737050533294678,-0.0001744178298395127,0.0006058760969042745
20948,22.5,-0.030765831470489502,1,lag_10__T_place_BALCONY,T_place_BALCONY,False,13.751577377319336,-0.00022889123647473752,-0.003147615549372651
20948,22.5,-0.030765831470489502,2,lag_00__CT_shots_fired_sum,CT_shots_fired_sum,False,-3.4737050533294678,0.0004820862668566406,-0.0016746255013206507
20948,22.5,-0.030765831470489502,3,lag_11__T_place_TRAMP,T_place_TRAMP,False,-2.926727294921875,0.00048038430395536125,-0.0014059538544382022
20948,22.5,-0.030765831470489502,4,lag_03__CT5__flash_duration,CT5__flash_duration,True,-6.908468246459961,0.00019944489758927375,-0.0013778587419139565
20948,22.5,-0.030765831470489502,5,lag_15__CT4__is_walking,CT4__is_walking,False,2.384641170501709,-0.0005655502900481224,-0.0013486345056379356
20948,22.5,-0.030765831470489502,6,lag_10__CT_utility_damage_last_5s,CT_utility_damage_last_5s,True,-5.8336615562438965,0.00022136977349873632,-0.001291396337373997
20948,22.5,-0.030765831470489502,7,lag_07__T5__duck_amount,T5__duck_amount,False,3.3547582626342773,-0.00035408823168836534,-0.001187880420958104
20948,22.5,-0.030765831470489502,8,lag_08__T_place_BALCONY,T_place_BALCONY,False,-13.751577377319336,7.85715674282983e-05,-0.0010804829891475076
20948,22.5,-0.030765831470489502,9,lag_08__T3__flash_duration,T3__flash_duration,True,-4.344386577606201,0.00024616732844151556,-0.0010694460375264975
20948,22.5,-0.030765831470489502,10,lag_13__T5__duck_amount,T5__duck_amount,False,3.7970333099365234,-0.00026552274357527494,-0.001008198701901053
20948,22.5,-0.030765831470489502,11,lag_00__CT4__is_walking,CT4__is_walking,False,-2.384641170501709,0.00041614967631176114,-0.0009923676512239854
20948,22.5,-0.030765831470489502,12,lag_11__T_A_site_active_infernos,T_A_site_active_infernos,True,-2.9764554500579834,0.00031032683909870684,-0.0009236740115346129
20948,22.5,-0.030765831470489502,13,lag_14__T1__is_walking,T1__is_walking,False,2.281590461730957,-0.0004045722307637334,-0.0009230681427917498
20948,22.5,-0.030765831470489502,14,lag_07__CT_place_RUINS,CT_place_RUINS,False,-3.493913412094116,0.00024391416809521616,-0.0008522149833076545
20948,22.5,-0.030765831470489502,15,lag_03__CT_flash_duration_sum,CT_flash_duration_sum,True,-3.185965061187744,0.0002568039344623685,-0.0008181683627726533
20948,22.5,-0.030765831470489502,16,lag_11__T_place_MIDDLE,T_place_MIDDLE,False,1.6254756450653076,-0.0004282974696252495,-0.0006961871057189414
20948,22.5,-0.030765831470489502,17,lag_04__T5__is_walking,T5__is_walking,False,-2.3193888664245605,-0.0002868361189030111,0.0006652845006720753
20948,22.5,-0.030765831470489502,18,lag_14__CT5__is_walking,CT5__is_walking,False,2.396676540374756,-0.00026758454623632133,-0.0006413136045314155
20948,22.5,-0.030765831470489502,19,lag_12__CT_place_RUINS,CT_place_RUINS,False,3.493913412094116,0.00018222448125015944,0.0006366765590518249
20948,22.5,-0.030765831470489502,20,lag_09__T3__is_walking,T3__is_walking,False,2.3223767280578613,-0.00026113848434761167,-0.0006064619388491954
20500,15.5,0.02992081642150879,1,lag_04__CT5__flash_duration,CT5__flash_duration,True,7.546695709228516,0.0003001573495566845,0.0022651961819928346
20500,15.5,0.02992081642150879,2,lag_08__CT3__is_scoped,CT3__is_scoped,False,4.548114776611328,0.0004639232938643545,0.00210997638803867
20500,15.5,0.02992081642150879,3,lag_15__CT_place_RUINS,CT_place_RUINS,False,-3.493913412094116,0.0005673986743204296,-0.0019824418382125703
20500,15.5,0.02992081642150879,4,lag_15__T_place_LOWERMID,T_place_LOWERMID,False,-3.3263463973999023,0.0005954690277576447,-0.0019807362552448637
20500,15.5,0.02992081642150879,5,lag_00__CT_place_TOPOFMID,CT_place_TOPOFMID,False,3.6288270950317383,0.0004589855088852346,0.00166557905086967
20500,15.5,0.02992081642150879,6,lag_04__CT_flashed_players,CT_flashed_players,False,4.379879951477051,0.0003391584032215178,0.0014854730906448954
20500,15.5,0.02992081642150879,7,lag_04__CT_flash_duration_sum,CT_flash_duration_sum,True,4.195886611938477,0.0003355603839736432,0.001407973322611944
20500,15.5,0.02992081642150879,8,lag_10__CT1__duck_amount,CT1__duck_amount,False,-3.8154516220092773,-0.0003316364891361445,0.0012653429803919647
20500,15.5,0.02992081642150879,9,lag_01__T_shots_fired_sum,T_shots_fired_sum,False,3.748685359954834,0.000275840749964118,0.001034040181069451
20500,15.5,0.02992081642150879,10,lag_11__T_A_site_active_infernos,T_A_site_active_infernos,True,2.9764554500579834,0.00031032683909870684,0.0009236740115346129
20500,15.5,0.02992081642150879,11,lag_09__CT_place_BALCONY,CT_place_BALCONY,False,6.417822360992432,0.0001424741349183023,0.0009143736889417331
20500,15.5,0.02992081642150879,12,lag_07__CT3__is_scoped,CT3__is_scoped,False,-4.548114776611328,0.0001922546944115311,-0.0008743964165259799
20500,15.5,0.02992081642150879,13,lag_03__T2__is_walking,T2__is_walking,False,2.2968344688415527,0.0003802203282248229,0.0008733031556210219
20500,15.5,0.02992081642150879,14,lag_00__T3__shots_fired,T3__shots_fired,False,-5.450135707855225,0.00015198590699583292,-0.0008283438188087522
20500,15.5,0.02992081642150879,15,lag_02__T3__shots_fired,T3__shots_fired,False,2.4222826957702637,0.0003372668579686433,0.0008169556739142519
20500,15.5,0.02992081642150879,16,lag_06__CT_utility_damage_last_5s,CT_utility_damage_last_5s,True,5.8336615562438965,0.00013308608322404325,0.0007763791673751769
20500,15.5,0.02992081642150879,17,lag_07__damage_diff_last_5s,damage_diff_last_5s,False,1.6468645334243774,0.00046367954928427935,0.0007636174045904803
20500,15.5,0.02992081642150879,18,lag_08__T1__duck_amount,T1__duck_amount,False,-3.915480136871338,-0.0001930168509716168,0.0007557536460608208
20500,15.5,0.02992081642150879,19,lag_06__utility_damage_diff_last_5s,utility_damage_diff_last_5s,True,4.7851057052612305,0.000151630854816176,0.0007255696684745211
20500,15.5,0.02992081642150879,20,lag_01__T3__shots_fired,T3__shots_fired,False,3.027853012084961,0.00023638915445189923,0.0007157516133314001
24212,73.5,0.02792602777481079,1,lag_09__CT_place_LIBRARY,CT_place_LIBRARY,False,6.411735534667969,0.0007052535656839609,0.0045218993480471426
24212,73.5,0.02792602777481079,2,lag_00__CT3__is_scoped,CT3__is_scoped,False,4.548114776611328,0.0006683309911750257,0.0030396460566304295
24212,73.5,0.02792602777481079,3,lag_00__CT3__duck_amount,CT3__duck_amount,False,3.7208433151245117,0.0007183473207987845,0.0026728578265317604
24212,73.5,0.02792602777481079,4,lag_01__T5__duck_amount,T5__duck_amount,False,3.7970333099365234,-0.00038160450640134513,-0.0014489650220277928
24212,73.5,0.02792602777481079,5,lag_01__CT3__duck_amount,CT3__duck_amount,False,-3.7208433151245117,0.00034891071845777333,-0.0012982421143488965
24212,73.5,0.02792602777481079,6,lag_08__T3__is_walking,T3__is_walking,False,-2.3223767280578613,-0.0005422991816885769,0.001259422999198373
24212,73.5,0.02792602777481079,7,lag_00__CT3__is_walking,CT3__is_walking,False,-2.387126922607422,-0.0005153218517079949,0.0012301386660200642
24212,73.5,0.02792602777481079,8,lag_13__CT1__is_walking,CT1__is_walking,False,2.3343825340270996,-0.000511849473696202,-0.0011948524714473774
24212,73.5,0.02792602777481079,9,lag_05__CT_place_PIT,CT_place_PIT,False,-4.305429458618164,-0.00025964624364860356,0.0011178885862242471
24212,73.5,0.02792602777481079,10,lag_03__CT1__duck_amount,CT1__duck_amount,False,3.645623207092285,-0.000267673545749858,-0.0009758368903103609
24212,73.5,0.02792602777481079,11,lag_02__CT3__duck_amount,CT3__duck_amount,False,3.7208433151245117,0.0002561902510933578,0.0009532437831807905
24212,73.5,0.02792602777481079,12,lag_15__CT5__duck_amount,CT5__duck_amount,False,3.7749595642089844,0.00022589717991650105,0.0008527527198536333
24212,73.5,0.02792602777481079,13,lag_06__CT1__duck_amount,CT1__duck_amount,False,-3.697669506072998,0.00021340268722269684,-0.0007890926090573999
24212,73.5,0.02792602777481079,14,lag_04__T5__duck_amount,T5__duck_amount,False,-2.8989014625549316,-0.0002606372581794858,0.0007555617289328187
24212,73.5,0.02792602777481079,15,lag_15__CT_walking_count,CT_walking_count,False,-1.7948954105377197,-0.0004166544822510332,0.0007478512179723493
24212,73.5,0.02792602777481079,16,lag_12__CT1__is_walking,CT1__is_walking,False,-2.3343825340270996,-0.000309669878333807,0.000722887955296736
24212,73.5,0.02792602777481079,17,lag_11__T5__duck_amount,T5__duck_amount,False,3.7970333099365234,0.00017955948715098202,0.0006817933538273979
24212,73.5,0.02792602777481079,18,lag_00__CT_scoped_count,CT_scoped_count,False,2.141930103302002,0.0003147498646285385,0.0006741722100580966
24212,73.5,0.02792602777481079,19,lag_13__CT_walking_count,CT_walking_count,False,1.7948954105377197,-0.0003645693650469184,-0.0006543638801453644
24212,73.5,0.02792602777481079,20,lag_10__T1__is_walking,T1__is_walking,False,-2.281590461730957,-0.00028323993319645524,0.0006462375299623457
21108,25.0,-0.027070343494415283,1,lag_15__T_place_BALCONY,T_place_BALCONY,False,13.751577377319336,-0.00030329846777021885,-0.004170832347964559
21108,25.0,-0.027070343494415283,2,lag_00__CT_place_BALCONY,CT_place_BALCONY,False,6.417822360992432,-0.0005651189130730927,-0.0036268327969402325
21108,25.0,-0.027070343494415283,3,lag_13__T3__flash_duration,T3__flash_duration,True,-4.344386577606201,0.00038207764737308025,-0.001659893002850965
21108,25.0,-0.027070343494415283,4,lag_00__CT_place_APARTMENTS,CT_place_APARTMENTS,False,-3.8415112495422363,0.0003010166110470891,-0.0011563586976364726
21108,25.0,-0.027070343494415283,5,lag_07__T_utility_damage_last_5s,T_utility_damage_last_5s,True,8.42352294921875,-0.00013372582907322794,-0.0011264425901016395
21108,25.0,-0.027070343494415283,6,lag_06__CT5__duck_amount,CT5__duck_amount,False,-3.5474624633789062,-0.00030271144350990653,0.0010738574830866376
21108,25.0,-0.027070343494415283,7,lag_01__T_shots_fired_sum,T_shots_fired_sum,False,3.748685359954834,0.000275840749964118,0.001034040181069451
21108,25.0,-0.027070343494415283,8,lag_13__T_place_BALCONY,T_place_BALCONY,False,-13.751577377319336,7.428474054904655e-05,-0.0010215323576143048
21108,25.0,-0.027070343494415283,9,lag_00__CT4__is_walking,CT4__is_walking,False,-2.384641170501709,0.00041614967631176114,-0.0009923676512239854
21108,25.0,-0.027070343494415283,10,lag_09__T2__is_walking,T2__is_walking,False,-2.2968344688415527,-0.0004139369120821357,0.0009507445675960846
21108,25.0,-0.027070343494415283,11,lag_00__T5__duck_amount,T5__duck_amount,False,3.4749693870544434,-0.00027037132531404495,-0.0009395320786036443
21108,25.0,-0.027070343494415283,12,lag_08__CT5__flash_duration,CT5__flash_duration,True,-6.908468246459961,0.00013585665146820247,-0.0009385613627384548
21108,25.0,-0.027070343494415283,13,lag_14__T1__is_walking,T1__is_walking,False,-2.281590461730957,-0.0004045722307637334,0.0009230681427917498
21108,25.0,-0.027070343494415283,14,lag_03__T2__is_walking,T2__is_walking,False,-2.2968344688415527,0.0003802203282248229,-0.0008733031556210219
21108,25.0,-0.027070343494415283,15,lag_15__CT_utility_damage_last_5s,CT_utility_damage_last_5s,True,-5.8336615562438965,0.00014431933232117444,-0.0008419101407848226
21108,25.0,-0.027070343494415283,16,lag_10__T2__is_walking,T2__is_walking,False,2.2968344688415527,-0.00034644853440113366,-0.0007957349354921622
21108,25.0,-0.027070343494415283,17,lag_03__CT_shots_fired_sum,CT_shots_fired_sum,False,4.168446063995361,-0.0001893786684377119,-0.0007894147650538627
21108,25.0,-0.027070343494415283,18,lag_02__T2__duck_amount,T2__duck_amount,False,3.73744535446167,-0.0001887143444037065,-0.0007053095498119125
21108,25.0,-0.027070343494415283,19,lag_12__CT_place_RUINS,CT_place_RUINS,False,-3.493913412094116,0.00018222448125015944,-0.0006366765590518249
21108,25.0,-0.027070343494415283,20,lag_11__T5__duck_amount,T5__duck_amount,False,-3.3547582626342773,0.00017955948715098202,-0.0006023786731541303
24116,72.0,0.026616156101226807,1,lag_06__CT_place_LIBRARY,CT_place_LIBRARY,False,6.411735534667969,0.00036129826912656426,0.002316548950772823
24116,72.0,0.026616156101226807,2,lag_00__CT_place_PIT,CT_place_PIT,False,4.305429458618164,0.00043534341966733336,0.0018743403836513073
24116,72.0,0.026616156101226807,3,lag_15__CT4__is_walking,CT4__is_walking,False,-2.384641170501709,-0.0005655502900481224,0.0013486345056379356
24116,72.0,0.026616156101226807,4,lag_10__CT1__duck_amount,CT1__duck_amount,False,-3.8154516220092773,-0.0003316364891361445,0.0012653429803919647
24116,72.0,0.026616156101226807,5,lag_00__CT3__is_walking,CT3__is_walking,False,-2.387126922607422,-0.0005153218517079949,0.0012301386660200642
24116,72.0,0.026616156101226807,6,lag_01__T5__duck_amount,T5__duck_amount,False,-2.8989014625549316,-0.00038160450640134513,0.0011062338617244122
24116,72.0,0.026616156101226807,7,lag_14__CT1__flash_duration,CT1__flash_duration,True,-5.189005374908447,-0.00020760511688422412,0.0010772640673707354
24116,72.0,0.026616156101226807,8,lag_01__T3__is_walking,T3__is_walking,False,2.3223767280578613,0.0004288530326448381,0.0009959583027714103
24116,72.0,0.026616156101226807,9,lag_00__CT4__is_walking,CT4__is_walking,False,2.384641170501709,0.00041614967631176114,0.0009923676512239854
24116,72.0,0.026616156101226807,10,lag_03__CT1__duck_amount,CT1__duck_amount,False,-3.697669506072998,-0.000267673545749858,0.0009897683077016856
24116,72.0,0.026616156101226807,11,lag_12__CT3__flash_duration,CT3__flash_duration,True,-7.249464988708496,-0.00013512604346033186,0.0009795915211283784
24116,72.0,0.026616156101226807,12,lag_12__CT1__duck_amount,CT1__duck_amount,False,2.167389392852783,0.00036668599932454526,0.0007947513454436422
24116,72.0,0.026616156101226807,13,lag_12__CT5__duck_amount,CT5__duck_amount,False,3.7749595642089844,-0.00020855051116086543,-0.0007872697467273815
24116,72.0,0.026616156101226807,14,lag_00__T5__is_walking,T5__is_walking,False,2.3193888664245605,0.0003229015856049955,0.0007489343426030637
24116,72.0,0.026616156101226807,15,lag_15__CT_walking_count,CT_walking_count,False,-1.7948954105377197,-0.0004166544822510332,0.0007478512179723493
24116,72.0,0.026616156101226807,16,lag_12__CT1__is_walking,CT1__is_walking,False,-2.3343825340270996,-0.000309669878333807,0.000722887955296736
24116,72.0,0.026616156101226807,17,lag_13__CT4__is_walking,CT4__is_walking,False,2.384641170501709,-0.00029896822525188327,-0.0007129319386074695
24116,72.0,0.026616156101226807,18,lag_14__CT5__is_walking,CT5__is_walking,False,2.396676540374756,-0.00026758454623632133,-0.0006413136045314155
24116,72.0,0.026616156101226807,19,lag_15__CT5__duck_amount,CT5__duck_amount,False,2.736701488494873,0.00022589717991650105,0.0006182131485242826
24116,72.0,0.026616156101226807,20,lag_00__CT1__duck_amount,CT1__duck_amount,False,3.645623207092285,0.0001692525256657973,0.0006170309354262132
23028,55.0,0.026543498039245605,1,lag_00__CT_flashes_last_5s,CT_flashes_last_5s,True,-10.995440483093262,-0.0007488409173674881,0.008233835738219175
23028,55.0,0.026543498039245605,2,lag_05__CT3__is_scoped,CT3__is_scoped,False,4.548114776611328,0.0003418294945731759,0.0015546797753498431
23028,55.0,0.026543498039245605,3,lag_03__CT_place_RUINS,CT_place_RUINS,False,-3.493913412094116,-0.0003810621565207839,0.0013313981795094743
23028,55.0,0.026543498039245605,4,lag_10__CT_flashes_last_5s,CT_flashes_last_5s,True,10.995440483093262,0.00010599138477118686,0.0011654219629722226
23028,55.0,0.026543498039245605,5,lag_11__CT_place_RUINS,CT_place_RUINS,False,3.493913173675537,0.00029458990320563316,0.001029271543641963
23028,55.0,0.026543498039245605,6,lag_09__T5__duck_amount,T5__duck_amount,False,-3.7970333099365234,-0.00022067248937673867,0.0008379007927500903
23028,55.0,0.026543498039245605,7,lag_10__T2__is_walking,T2__is_walking,False,2.2968344688415527,-0.00034644853440113366,-0.0007957349354921622
23028,55.0,0.026543498039245605,8,lag_04__CT_place_RUINS,CT_place_RUINS,False,-3.493913412094116,-0.00021982958423905075,0.0007680655327478927
23028,55.0,0.026543498039245605,9,lag_15__CT_walking_count,CT_walking_count,False,1.7948952913284302,-0.0004166544822510332,-0.0007478511683032645
23028,55.0,0.026543498039245605,10,lag_03__T5__duck_amount,T5__duck_amount,False,-3.0903120040893555,-0.00020453710749279708,0.0006320834785667057
23028,55.0,0.026543498039245605,11,lag_05__T5__duck_amount,T5__duck_amount,False,3.7970333099365234,-0.00016404292546212673,-0.0006228764522391295
23028,55.0,0.026543498039245605,12,lag_11__T2__is_walking,T2__is_walking,False,-2.2968344688415527,-0.0002626851201057434,0.0006033442383106546
23028,55.0,0.026543498039245605,13,lag_08__CT_B_site_active_infernos,CT_B_site_active_infernos,True,-3.435478687286377,-0.00016430765390396118,0.0005644754431450849
23028,55.0,0.026543498039245605,14,lag_08__T5__is_walking,T5__is_walking,False,-2.3193888664245605,0.00022376292326953262,-0.0005189932329499672
23028,55.0,0.026543498039245605,15,lag_05__T1__is_walking,T1__is_walking,False,-2.281590461730957,0.00022142103989608586,-0.0005051921326534592
23028,55.0,0.026543498039245605,16,lag_15__CT1__is_walking,CT1__is_walking,False,2.3343825340270996,-0.00021444071899168193,-0.0005005866689983957
23028,55.0,0.026543498039245605,17,lag_03__T_walking_count,T_walking_count,False,1.594179630279541,0.0002763132506515831,0.00044049295576507885
23028,55.0,0.026543498039245605,18,lag_08__T2__is_walking,T2__is_walking,False,-2.2968344688415527,-0.0001912346197059378,0.000439234266176404
23028,55.0,0.026543498039245605,19,lag_01__T5__duck_amount,T5__duck_amount,False,-1.1268301010131836,-0.00038160450640134513,0.0004300034444953138
23028,55.0,0.026543498039245605,20,lag_11__CT5__is_walking,CT5__is_walking,False,2.396676540374756,0.00017497409135103226,0.0004193562999144085
23380,60.5,-0.026277899742126465,1,lag_05__CT_place_LIBRARY,CT_place_LIBRARY,False,6.411735534667969,0.0003891380038112402,0.0024950499669262882
23380,60.5,-0.026277899742126465,2,lag_11__CT_flashes_last_5s,CT_flashes_last_5s,True,-10.995440483093262,0.00018137641018256545,-0.001994313523199509
23380,60.5,-0.026277899742126465,3,lag_15__CT_place_RUINS,CT_place_RUINS,False,-3.493913412094116,0.0005673986743204296,-0.0019824418382125703
23380,60.5,-0.026277899742126465,4,lag_02__CT3__flash_duration,CT3__flash_duration,True,7.249464988708496,-0.000230997204198502,-0.0016746061443265875
23380,60.5,-0.026277899742126465,5,lag_01__CT3__is_scoped,CT3__is_scoped,False,-4.548114776611328,0.0003468819195404649,-0.0015776587840012901
23380,60.5,-0.026277899742126465,6,lag_01__CT3__duck_amount,CT3__duck_amount,False,-3.7208433151245117,0.00034891071845777333,-0.0012982421143488965
23380,60.5,-0.026277899742126465,7,lag_10__T3__is_walking,T3__is_walking,False,2.3223767280578613,-0.000508095312397927,-0.0011799887291482347
23380,60.5,-0.026277899742126465,8,lag_14__CT_place_RUINS,CT_place_RUINS,False,-3.493913412094116,0.0003368560574017465,-0.0011769458969011076
23380,60.5,-0.026277899742126465,9,lag_00__CT_place_RUINS,CT_place_RUINS,False,3.493913412094116,-0.00031822131131775677,-0.0011118377076272876
23380,60.5,-0.026277899742126465,10,lag_01__T3__is_walking,T3__is_walking,False,-2.3223767280578613,0.0004288530326448381,-0.0009959583027714103
23380,60.5,-0.026277899742126465,11,lag_00__CT_flashed_players,CT_flashed_players,False,2.1899399757385254,-0.000364628154784441,-0.000798513772442222
23380,60.5,-0.026277899742126465,12,lag_07__CT4__is_walking,CT4__is_walking,False,-2.384641170501709,0.0002773735031951219,-0.000661436275325375
23380,60.5,-0.026277899742126465,13,lag_00__CT1__flash_duration,CT1__flash_duration,True,5.189005374908447,-0.00012667082773987204,-0.000657295605986298
23380,60.5,-0.026277899742126465,14,lag_00__CT_flash_duration_sum,CT_flash_duration_sum,True,2.3312058448791504,-0.0002749572740867734,-0.0006409820044431247
23380,60.5,-0.026277899742126465,15,lag_01__T5__flash_duration,T5__flash_duration,True,2.83266282081604,0.0002237837907159701,0.0006339040238624062
23380,60.5,-0.026277899742126465,16,lag_05__T3__is_walking,T3__is_walking,False,2.3223767280578613,-0.0002565539034549147,-0.0005958148148760972
23380,60.5,-0.026277899742126465,17,lag_11__T3__is_walking,T3__is_walking,False,-2.3223767280578613,-0.00025103052030317485,0.0005829874383843497
23380,60.5,-0.026277899742126465,18,lag_14__T3__duck_amount,T3__duck_amount,False,-3.7704498767852783,0.0001484979729866609,-0.0005599041639504192
23380,60.5,-0.026277899742126465,19,lag_14__T5__duck_amount,T5__duck_amount,False,-3.0903120040893555,0.00018079204892273992,-0.0005587038390298532
23380,60.5,-0.026277899742126465,20,lag_00__T_place_TOPOFMID,T_place_TOPOFMID,False,-2.0359649658203125,-0.0002694912545848638,0.0005486747529297453
25012,86.0,-0.024565517902374268,1,lag_12__CT_place_LIBRARY,CT_place_LIBRARY,False,-6.411735534667969,0.0007258421974256635,-0.00465390820979561
25012,86.0,-0.024565517902374268,2,lag_00__CT_shots_fired_sum,CT_shots_fired_sum,False,-3.4737050533294678,0.0004820862668566406,-0.0016746255013206507
25012,86.0,-0.024565517902374268,3,lag_15__CT4__is_walking,CT4__is_walking,False,2.384641170501709,-0.0005655502900481224,-0.0013486345056379356
25012,86.0,-0.024565517902374268,4,lag_08__T3__is_walking,T3__is_walking,False,2.3223767280578613,-0.0005422991816885769,-0.001259422999198373
25012,86.0,-0.024565517902374268,5,lag_10__T3__is_walking,T3__is_walking,False,2.3223767280578613,-0.000508095312397927,-0.0011799887291482347
25012,86.0,-0.024565517902374268,6,lag_11__CT4__duck_amount,CT4__duck_amount,False,-3.6725916862487793,0.00027850220794789493,-0.0010228248935113676
25012,86.0,-0.024565517902374268,7,lag_01__T3__is_walking,T3__is_walking,False,-2.3223767280578613,0.0004288530326448381,-0.0009959583027714103
25012,86.0,-0.024565517902374268,8,lag_14__T1__is_walking,T1__is_walking,False,2.281590461730957,-0.0004045722307637334,-0.0009230681427917498
25012,86.0,-0.024565517902374268,9,lag_01__CT_place_TOPOFMID,CT_place_TOPOFMID,False,-3.6288270950317383,-0.000253960577538237,0.000921579024840663
25012,86.0,-0.024565517902374268,10,lag_03__T2__is_walking,T2__is_walking,False,-2.2968344688415527,0.0003802203282248229,-0.0008733031556210219
25012,86.0,-0.024565517902374268,11,lag_01__T_shots_fired_sum,T_shots_fired_sum,False,-2.998948335647583,0.000275840749964118,-0.0008272321580086728
25012,86.0,-0.024565517902374268,12,lag_10__T2__is_walking,T2__is_walking,False,2.2968344688415527,-0.00034644853440113366,-0.0007957349354921622
25012,86.0,-0.024565517902374268,13,lag_01__T_kills_last_3s,T_kills_last_3s,False,3.1681017875671387,-0.0002417570649413392,-0.0007659109895976415
25012,86.0,-0.024565517902374268,14,lag_15__CT_walking_count,CT_walking_count,False,1.7948951721191406,-0.0004166544822510332,-0.0007478511186341796
25012,86.0,-0.024565517902374268,15,lag_02__T2__duck_amount,T2__duck_amount,False,3.8233180046081543,-0.0001887143444037065,-0.0007215149506865151
25012,86.0,-0.024565517902374268,16,lag_10__T_walking_count,T_walking_count,False,1.594179630279541,-0.0004313217359595001,-0.0006876043255634456
25012,86.0,-0.024565517902374268,17,lag_07__CT4__is_walking,CT4__is_walking,False,-2.384641170501709,0.0002773735031951219,-0.000661436275325375
25012,86.0,-0.024565517902374268,18,lag_09__T3__is_walking,T3__is_walking,False,-2.3223767280578613,-0.00026113848434761167,0.0006064619388491954
25012,86.0,-0.024565517902374268,19,lag_12__CT4__is_walking,CT4__is_walking,False,-2.384641170501709,0.00022991163132246584,-0.0005482567416287623
25012,86.0,-0.024565517902374268,20,lag_03__T1__is_walking,T1__is_walking,False,-2.281590461730957,0.00023259989393409342,-0.0005306976993996598
21268,27.5,-0.024288058280944824,1,lag_00__CT_shots_fired_sum,CT_shots_fired_sum,False,-11.81059741973877,0.0004820862668566406,-0.005693726819428535
21268,27.5,-0.024288058280944824,2,lag_01__T_shots_fired_sum,T_shots_fired_sum,False,-19.493162155151367,0.000275840749964118,-0.005377008468049116
21268,27.5,-0.024288058280944824,3,lag_04__CT_place_LIBRARY,CT_place_LIBRARY,False,6.411735534667969,0.0004978576907888055,0.003192131847238322
21268,27.5,-0.024288058280944824,4,lag_00__CT5__shots_fired,CT5__shots_fired,False,-8.989723205566406,0.00022445274225901812,-0.0020177680256389108
21268,27.5,-0.024288058280944824,5,lag_01__T2__shots_fired,T2__shots_fired,False,-15.297529220581055,0.00012678152415901423,-0.001939444070452323
21268,27.5,-0.024288058280944824,6,lag_10__CT_shots_fired_sum,CT_shots_fired_sum,False,-3.4737050533294678,0.0003189623821526766,-0.0011079812387057575
21268,27.5,-0.024288058280944824,7,lag_06__T_place_TRAMP,T_place_TRAMP,False,2.926727294921875,-0.00036285584792494774,-0.0010619801142439655
21268,27.5,-0.024288058280944824,8,lag_05__CT_place_BANANA,CT_place_BANANA,False,-2.9603395462036133,0.0003532057162374258,-0.0010456088497228233
21268,27.5,-0.024288058280944824,9,lag_04__T5__duck_amount,T5__duck_amount,False,-3.7970333099365234,-0.0002606372581794858,0.0009896483511180332
21268,27.5,-0.024288058280944824,10,lag_13__CT5__flash_duration,CT5__flash_duration,True,-6.908468246459961,0.00013696371752303094,-0.000946209493424971
21268,27.5,-0.024288058280944824,11,lag_04__T_shots_fired_sum,T_shots_fired_sum,False,3.748685836791992,0.00022539634665008634,0.0008449400923518369
21268,27.5,-0.024288058280944824,12,lag_01__T2__is_walking,T2__is_walking,False,2.2968344688415527,0.00036613643169403076,0.0008409547766135006
21268,27.5,-0.024288058280944824,13,lag_07__T5__duck_amount,T5__duck_amount,False,-2.3521690368652344,-0.00035408823168836534,0.0008328753748957363
21268,27.5,-0.024288058280944824,14,lag_06__T_shots_fired_sum,T_shots_fired_sum,False,3.748685359954834,-0.0002169088984373957,-0.0008131232120161952
21268,27.5,-0.024288058280944824,15,lag_10__T2__is_walking,T2__is_walking,False,2.2968344688415527,-0.00034644853440113366,-0.0007957349354921622
21268,27.5,-0.024288058280944824,16,lag_03__CT_shots_fired_sum,CT_shots_fired_sum,False,4.168446063995361,-0.0001893786684377119,-0.0007894147650538627
21268,27.5,-0.024288058280944824,17,lag_08__CT_shots_fired_sum,CT_shots_fired_sum,False,4.168446063995361,-0.0001744178298395127,-0.0007270513162851294
21268,27.5,-0.024288058280944824,18,lag_02__T2__duck_amount,T2__duck_amount,False,-3.8233180046081543,-0.0001887143444037065,0.0007215149506865151
21268,27.5,-0.024288058280944824,19,lag_13__CT4__is_walking,CT4__is_walking,False,2.384641170501709,-0.00029896822525188327,-0.0007129319386074695
21268,27.5,-0.024288058280944824,20,lag_12__utility_damage_diff_last_5s,utility_damage_diff_last_5s,True,-4.514250755310059,0.00014980552077759057,-0.0006762596853198549
20020,8.0,0.023019611835479736,1,lag_11__CT_place_LIBRARY,CT_place_LIBRARY,False,6.411735534667969,0.0009371645865030587,0.006008851481114075
20020,8.0,0.023019611835479736,2,lag_06__CT_place_LIBRARY,CT_place_LIBRARY,False,-6.411735534667969,0.00036129826912656426,-0.002316548950772823
20020,8.0,0.023019611835479736,3,lag_06__T_place_LOWERMID,T_place_LOWERMID,False,6.6526923179626465,0.00024727918207645416,0.0016450723149921131
20020,8.0,0.023019611835479736,4,lag_03__T_place_LOWERMID,T_place_LOWERMID,False,-6.652692794799805,-0.00021848789765499532,0.0014535328624803445
20020,8.0,0.023019611835479736,5,lag_00__CT_place_RUINS,CT_place_RUINS,False,-3.493913412094116,-0.00031822131131775677,0.0011118377076272876
20020,8.0,0.023019611835479736,6,lag_07__CT_place_RUINS,CT_place_RUINS,False,3.493913412094116,0.00024391416809521616,0.0008522149833076545
20020,8.0,0.023019611835479736,7,lag_04__CT_place_ARCH,CT_place_ARCH,False,-4.080447673797607,-0.00019423846970312297,0.0007925799118621152
20020,8.0,0.023019611835479736,8,lag_00__T_place_LOWERMID,T_place_LOWERMID,False,-3.3263463973999023,0.00023166749451775104,-0.0007706063357837828
20020,8.0,0.023019611835479736,9,lag_05__T_place_LOWERMID,T_place_LOWERMID,False,3.3263463973999023,0.00021162100892979652,0.0007039247806677612
20020,8.0,0.023019611835479736,10,lag_04__CT_place_TOPOFMID,CT_place_TOPOFMID,False,3.6288270950317383,0.00017353723524138331,0.0006297366212408284
20020,8.0,0.023019611835479736,11,lag_00__T_place_TRAMP,T_place_TRAMP,False,2.926727294921875,0.00017770074191503227,0.0005200816116905926
20020,8.0,0.023019611835479736,12,lag_02__T_bomb_carrier_alive,T_bomb_carrier_alive,False,-2.123861789703369,-0.0002385410771239549,0.0005066282789782522
20020,8.0,0.023019611835479736,13,lag_02__T_place_TRAMP,T_place_TRAMP,False,2.926727533340454,-0.00013826522626914084,-0.0004046646446254423
20020,8.0,0.023019611835479736,14,lag_00__T5__molly,T5__molly,True,-2.2125473022460938,-0.0001787976361811161,0.000395598227580507
20020,8.0,0.023019611835479736,15,lag_15__CT_velocity_mean,CT_velocity_mean,False,3.392946720123291,0.00011154202366014943,0.0003784561433336185
20020,8.0,0.023019611835479736,16,lag_05__CT_place_RUINS,CT_place_RUINS,False,3.493913173675537,0.00010501671204110608,0.0003669192736565109
20020,8.0,0.023019611835479736,17,lag_15__T_velocity_mean,T_velocity_mean,False,3.5335803031921387,0.00010197738447459415,0.0003603452771504777
20020,8.0,0.023019611835479736,18,lag_02__T_place_LOWERMID,T_place_LOWERMID,False,-3.326345920562744,-0.00010183262929785997,0.0003387305510451147
20020,8.0,0.023019611835479736,19,lag_03__T_macro_MID,T_macro_MID,False,-1.0278692245483398,-0.0003262894751969725,0.0003353829098489969
20020,8.0,0.023019611835479736,20,lag_01__CT_place_RUINS,CT_place_RUINS,False,-3.493913412094116,-9.568219684297219e-05,0.00033430531084828984
25428,92.5,-0.02291768789291382,1,lag_04__T_place_QUAD,T_place_QUAD,False,24.086305618286133,-0.0024532179813832045,-0.05908895804787084
25428,92.5,-0.02291768789291382,2,lag_06__T_place_QUAD,T_place_QUAD,False,24.086301803588867,0.0013494625454768538,0.03250356214299477
25428,92.5,-0.02291768789291382,3,lag_03__T_place_QUAD,T_place_QUAD,False,-24.086305618286133,0.0004056743928231299,-0.00977119740705057
25428,92.5,-0.02291768789291382,4,lag_02__T_place_QUAD,T_place_QUAD,False,-24.086301803588867,-0.0002553816884756088,0.006151200423733627
25428,92.5,-0.02291768789291382,5,lag_09__CT_place_LIBRARY,CT_place_LIBRARY,False,6.411735534667969,0.0007052535656839609,0.0045218993480471426
25428,92.5,-0.02291768789291382,6,lag_02__CT3__is_scoped,CT3__is_scoped,False,-4.548114776611328,0.00037722685374319553,-0.001715671027644028
25428,92.5,-0.02291768789291382,7,lag_15__CT4__is_walking,CT4__is_walking,False,-2.384641170501709,-0.0005655502900481224,0.0013486345056379356
25428,92.5,-0.02291768789291382,8,lag_01__T_place_ARCH,T_place_ARCH,False,9.303513526916504,9.620519995223731e-05,0.0008950463791153468
25428,92.5,-0.02291768789291382,9,lag_14__T2__duck_amount,T2__duck_amount,False,-3.8233180046081543,0.0002314798184670508,-0.0008850209576485024
25428,92.5,-0.02291768789291382,10,lag_09__T5__duck_amount,T5__duck_amount,False,3.7970333099365234,-0.00022067248937673867,-0.0008379007927500903
25428,92.5,-0.02291768789291382,11,lag_08__CT_kills_last_3s,CT_kills_last_3s,False,-2.8871407508850098,0.00027314541512168944,-0.0007886092589152321
25428,92.5,-0.02291768789291382,12,lag_15__T2__shots_fired,T2__shots_fired,False,2.353466033935547,0.00033066037576645613,0.0007781979631347191
25428,92.5,-0.02291768789291382,13,lag_04__CT3__is_scoped,CT3__is_scoped,False,4.548114776611328,-0.00016543063975404948,-0.0007523975371696578
25428,92.5,-0.02291768789291382,14,lag_02__T5__duck_amount,T5__duck_amount,False,-3.7970333099365234,-0.00019456569862086326,0.0007387724386344885
25428,92.5,-0.02291768789291382,15,lag_15__T2__duck_amount,T2__duck_amount,False,3.8233180046081543,-0.000188537931535393,-0.0007208404681908476
25428,92.5,-0.02291768789291382,16,lag_09__T_place_MIDDLE,T_place_MIDDLE,False,-1.6254756450653076,-0.0003812710347119719,0.0006197467810931598
25428,92.5,-0.02291768789291382,17,lag_05__damage_diff_last_5s,damage_diff_last_5s,False,2.0078210830688477,0.00029482506215572357,0.0005919559756133452
25428,92.5,-0.02291768789291382,18,lag_06__T_place_TOPOFMID,T_place_TOPOFMID,False,-2.0359649658203125,-0.0002889528404921293,0.0005882978600162403
25428,92.5,-0.02291768789291382,19,lag_06__CT5__duck_amount,CT5__duck_amount,False,1.796270489692688,-0.00030271144350990653,-0.0005437516328691203
25428,92.5,-0.02291768789291382,20,lag_01__T_place_TOPOFMID,T_place_TOPOFMID,False,-2.0359649658203125,-0.0002368874556850642,0.0004822945606171025
23316,59.5,-0.02247464656829834,1,lag_09__CT_flashes_last_5s,CT_flashes_last_5s,True,-10.995440483093262,0.0002594178367871791,-0.0028524133846462296
23316,59.5,-0.02247464656829834,2,lag_15__CT_place_RUINS,CT_place_RUINS,False,-3.493913173675537,0.0005673986743204296,-0.0019824417029341845
23316,59.5,-0.02247464656829834,3,lag_00__CT3__flash_duration,CT3__flash_duration,True,7.249464988708496,-0.00023545121075585485,-0.001706895308923595
23316,59.5,-0.02247464656829834,4,lag_00__CT_flashed_players,CT_flashed_players,False,4.379879951477051,-0.000364628154784441,-0.001597027544884444
23316,59.5,-0.02247464656829834,5,lag_08__T3__is_walking,T3__is_walking,False,2.3223767280578613,-0.0005422991816885769,-0.001259422999198373
23316,59.5,-0.02247464656829834,6,lag_00__CT_flash_duration_sum,CT_flash_duration_sum,True,4.56625509262085,-0.0002749572740867734,-0.0012555250530518758
23316,59.5,-0.02247464656829834,7,lag_14__T1__is_walking,T1__is_walking,False,-2.281590461730957,-0.0004045722307637334,0.0009230681427917498
23316,59.5,-0.02247464656829834,8,lag_14__CT3__is_scoped,CT3__is_scoped,False,4.548114776611328,-0.00015907805936876684,-0.0007235052724497426
23316,59.5,-0.02247464656829834,9,lag_14__T5__duck_amount,T5__duck_amount,False,3.7970333099365234,0.00018079204892273992,0.000686473431931317
23316,59.5,-0.02247464656829834,10,lag_12__CT_place_RUINS,CT_place_RUINS,False,-3.493913412094116,0.00018222448125015944,-0.0006366765590518249
23316,59.5,-0.02247464656829834,11,lag_09__T3__is_walking,T3__is_walking,False,-2.3223767280578613,-0.00026113848434761167,0.0006064619388491954
23316,59.5,-0.02247464656829834,12,lag_05__T3__is_walking,T3__is_walking,False,-2.3223767280578613,-0.0002565539034549147,0.0005958148148760972
23316,59.5,-0.02247464656829834,13,lag_03__CT_place_LIBRARY,CT_place_LIBRARY,False,6.411735534667969,-9.244997636415064e-05,-0.0005927647986332385
23316,59.5,-0.02247464656829834,14,lag_12__CT4__is_walking,CT4__is_walking,False,-2.384641170501709,0.00022991163132246584,-0.0005482567416287623
23316,59.5,-0.02247464656829834,15,lag_13__CT_place_RUINS,CT_place_RUINS,False,-3.493913412094116,0.00015553059347439557,-0.0005434104265311483
23316,59.5,-0.02247464656829834,16,lag_05__T1__is_walking,T1__is_walking,False,-2.281590461730957,0.00022142103989608586,-0.0005051921326534592
23316,59.5,-0.02247464656829834,17,lag_12__T_walking_count,T_walking_count,False,1.594179630279541,-0.00031240619136951864,-0.0004980315866544988
23316,59.5,-0.02247464656829834,18,lag_12__T3__duck_amount,T3__duck_amount,False,-3.7704498767852783,-0.00013047325774095953,0.0004919428785731747
23316,59.5,-0.02247464656829834,19,lag_12__T5__is_walking,T5__is_walking,False,2.3193888664245605,-0.00019659775716718286,-0.0004559866491376033
23316,59.5,-0.02247464656829834,20,lag_12__T3__is_walking,T3__is_walking,False,2.3223767280578613,-0.00019371029338799417,-0.00044986827734953827
22708,50.0,-0.02239680290222168,1,lag_00__CT_flashes_last_5s,CT_flashes_last_5s,True,10.995440483093262,-0.0007488409173674881,-0.008233835738219175
22708,50.0,-0.02239680290222168,2,lag_14__CT_place_LIBRARY,CT_place_LIBRARY,False,-6.411735534667969,0.0005110358470119536,-0.0032766266997756865
22708,50.0,-0.02239680290222168,3,lag_08__T3__is_walking,T3__is_walking,False,-2.3223767280578613,-0.0005422991816885769,0.001259422999198373
22708,50.0,-0.02239680290222168,4,lag_10__CT_place_PIT,CT_place_PIT,False,4.305429458618164,-0.00024490978103131056,-0.0010544417859559285
22708,50.0,-0.02239680290222168,5,lag_00__CT4__is_walking,CT4__is_walking,False,2.384641170501709,0.00041614967631176114,0.0009923676512239854
22708,50.0,-0.02239680290222168,6,lag_01__T2__is_walking,T2__is_walking,False,-2.2968344688415527,0.00036613643169403076,-0.0008409547766135006
22708,50.0,-0.02239680290222168,7,lag_07__CT4__is_walking,CT4__is_walking,False,-2.384641170501709,0.0002773735031951219,-0.000661436275325375
22708,50.0,-0.02239680290222168,8,lag_09__T3__is_walking,T3__is_walking,False,2.3223767280578613,-0.00026113848434761167,-0.0006064619388491954
22708,50.0,-0.02239680290222168,9,lag_11__T2__is_walking,T2__is_walking,False,2.2968344688415527,-0.0002626851201057434,-0.0006033442383106546
22708,50.0,-0.02239680290222168,10,lag_13__T1__is_walking,T1__is_walking,False,2.281590461730957,-0.00024934482644312084,-0.0005689027776945854
22708,50.0,-0.02239680290222168,11,lag_14__T3__duck_amount,T3__duck_amount,False,-3.7704498767852783,0.0001484979729866609,-0.0005599041639504192
22708,50.0,-0.02239680290222168,12,lag_08__T3__duck_amount,T3__duck_amount,False,2.854759454727173,-0.00019314790552016348,-0.0005513908094444374
22708,50.0,-0.02239680290222168,13,lag_12__CT4__is_walking,CT4__is_walking,False,-2.384641170501709,0.00022991163132246584,-0.0005482567416287623
22708,50.0,-0.02239680290222168,14,lag_09__CT4__is_walking,CT4__is_walking,False,-2.384641170501709,-0.0002161425945814699,0.0005154225297380327
22708,50.0,-0.02239680290222168,15,lag_14__T_duck_amount_mean,T_duck_amount_mean,False,-2.9079365730285645,0.00017440585361327976,-0.0005071611602723222
22708,50.0,-0.02239680290222168,16,lag_12__T3__is_walking,T3__is_walking,False,-2.3223767280578613,-0.00019371029338799417,0.00044986827734953827
22708,50.0,-0.02239680290222168,17,lag_08__T2__is_walking,T2__is_walking,False,-2.2968344688415527,-0.0001912346197059378,0.000439234266176404
22708,50.0,-0.02239680290222168,18,lag_00__T2__is_walking,T2__is_walking,False,2.2968344688415527,-0.000178659480297938,-0.00041035125253362226
22708,50.0,-0.02239680290222168,19,lag_09__CT_B_site_active_infernos,CT_B_site_active_infernos,True,3.435478687286377,-0.00011470303434180096,-0.00039405982984833457
22708,50.0,-0.02239680290222168,20,lag_14__T3__is_walking,T3__is_walking,False,2.3223767280578613,-0.000164218814461492,-0.0003813779530146208
23348,60.0,0.022194206714630127,1,lag_04__CT_place_LIBRARY,CT_place_LIBRARY,False,6.411735534667969,0.0004978576907888055,0.003192131847238322
23348,60.0,0.022194206714630127,2,lag_00__CT3__is_scoped,CT3__is_scoped,False,-4.548114776611328,0.0006683309911750257,-0.0030396460566304295
23348,60.0,0.022194206714630127,3,lag_00__CT3__duck_amount,CT3__duck_amount,False,-3.7208433151245117,0.0007183473207987845,-0.0026728578265317604
23348,60.0,0.022194206714630127,4,lag_15__T5__duck_amount,T5__duck_amount,False,3.7970333099365234,0.0004413787683006376,0.0016759298855362759
23348,60.0,0.022194206714630127,5,lag_01__CT_flashed_players,CT_flashed_players,False,4.379879951477051,0.00038129594759084284,0.0016700304764325768
23348,60.0,0.022194206714630127,6,lag_01__CT_flash_duration_sum,CT_flash_duration_sum,True,4.56625509262085,0.000308453367324546,0.0014084767593817576
23348,60.0,0.022194206714630127,7,lag_10__T3__is_walking,T3__is_walking,False,-2.3223767280578613,-0.000508095312397927,0.0011799887291482347
23348,60.0,0.022194206714630127,8,lag_14__CT_place_RUINS,CT_place_RUINS,False,-3.493913412094116,0.0003368560574017465,-0.0011769458969011076
23348,60.0,0.022194206714630127,9,lag_10__CT_flashes_last_5s,CT_flashes_last_5s,True,-10.995440483093262,0.00010599138477118686,-0.0011654219629722226
23348,60.0,0.022194206714630127,10,lag_01__CT3__flash_duration,CT3__flash_duration,True,7.249464988708496,0.00014876617933623493,0.0010784752086019644
23348,60.0,0.022194206714630127,11,lag_15__T1__is_walking,T1__is_walking,False,-2.281590461730957,-0.0004290357755962759,0.0009788839333418065
23348,60.0,0.022194206714630127,12,lag_13__T3__is_walking,T3__is_walking,False,2.3223767280578613,-0.0003833354276139289,-0.0008902492761306974
23348,60.0,0.022194206714630127,13,lag_13__T5__duck_amount,T5__duck_amount,False,-3.0903120040893555,-0.00026552274357527494,0.000820548121829412
23348,60.0,0.022194206714630127,14,lag_13__CT4__is_walking,CT4__is_walking,False,-2.384641170501709,-0.00029896822525188327,0.0007129319386074695
23348,60.0,0.022194206714630127,15,lag_00__T5__flash_duration,T5__flash_duration,True,2.83266282081604,0.00025089652626775205,0.0007107052618305562
23348,60.0,0.022194206714630127,16,lag_00__CT_scoped_count,CT_scoped_count,False,-2.141930103302002,0.0003147498646285385,-0.0006741722100580966
23348,60.0,0.022194206714630127,17,lag_07__CT4__is_walking,CT4__is_walking,False,2.384641170501709,0.0002773735031951219,0.000661436275325375
23348,60.0,0.022194206714630127,18,lag_13__CT3__duck_amount,CT3__duck_amount,False,3.7208433151245117,0.00016955335740931332,0.0006308814764733606
23348,60.0,0.022194206714630127,19,lag_09__T3__is_walking,T3__is_walking,False,2.3223767280578613,-0.00026113848434761167,-0.0006064619388491954
23348,60.0,0.022194206714630127,20,lag_13__CT_place_RUINS,CT_place_RUINS,False,-3.493913412094116,0.00015553059347439557,-0.0005434104265311483
20628,17.5,-0.0220605731010437,1,lag_00__utility_damage_diff_last_5s,utility_damage_diff_last_5s,True,-4.7851057052612305,0.0003955017891712487,-0.0018925178678043664
20628,17.5,-0.0220605731010437,2,lag_00__CT_utility_damage_last_5s,CT_utility_damage_last_5s,True,-5.8336615562438965,0.0003217506455257535,-0.0018769843715002454
20628,17.5,-0.0220605731010437,3,lag_12__CT_place_TOPOFMID,CT_place_TOPOFMID,False,-3.6288270950317383,0.00045443105045706034,-0.0016490517087223155
20628,17.5,-0.0220605731010437,4,lag_06__T3__flash_duration,T3__flash_duration,True,4.344386577606201,0.00037426629569381475,0.0016259574714626024
20628,17.5,-0.0220605731010437,5,lag_04__T3__shots_fired,T3__shots_fired,False,-5.450135707855225,0.00028319520060904324,-0.0015434522751325702
20628,17.5,-0.0220605731010437,6,lag_04__T_shots_fired_sum,T_shots_fired_sum,False,-6.747633457183838,0.00022539634665008634,-0.0015208919297831289
20628,17.5,-0.0220605731010437,7,lag_07__CT3__duck_amount,CT3__duck_amount,False,-3.7208433151245117,0.0004050003772135824,-0.0015069429461780637
20628,17.5,-0.0220605731010437,8,lag_12__CT_place_ARCH,CT_place_ARCH,False,4.080447673797607,-0.000347116612829268,-0.0014163911753556913
20628,17.5,-0.0220605731010437,9,lag_00__T_place_BALCONY,T_place_BALCONY,False,13.751577377319336,-0.00010241788550047204,-0.0014084074772811733
20628,17.5,-0.0220605731010437,10,lag_03__CT_place_RUINS,CT_place_RUINS,False,-3.493913412094116,-0.0003810621565207839,0.0013313981795094743
20628,17.5,-0.0220605731010437,11,lag_10__CT_utility_damage_last_5s,CT_utility_damage_last_5s,True,5.8336615562438965,0.00022136977349873632,0.001291396337373997
20628,17.5,-0.0220605731010437,12,lag_10__CT_place_BALCONY,CT_place_BALCONY,False,-6.417822360992432,0.00017964703147299588,-0.001152942735673304
20628,17.5,-0.0220605731010437,13,lag_08__CT3__duck_amount,CT3__duck_amount,False,3.7208433151245117,0.0002951358037535101,0.001098154082450148
20628,17.5,-0.0220605731010437,14,lag_12__T1__is_walking,T1__is_walking,False,2.281590461730957,-0.00046226225094869733,-0.0010546931425828299
20628,17.5,-0.0220605731010437,15,lag_11__CT3__is_scoped,CT3__is_scoped,False,-4.548114776611328,0.00023004694958217442,-0.0010462799307090487
20628,17.5,-0.0220605731010437,16,lag_08__CT5__flash_duration,CT5__flash_duration,True,7.546695709228516,0.00013585665146820247,0.0010252688087052375
20628,17.5,-0.0220605731010437,17,lag_00__damage_diff_last_5s,damage_diff_last_5s,False,-1.1956688165664673,0.0008297653403133154,-0.0009921245424802938
20628,17.5,-0.0220605731010437,18,lag_13__CT_place_BALCONY,CT_place_BALCONY,False,6.417822360992432,-0.00014407903654500842,-0.0009246736624888008
20628,17.5,-0.0220605731010437,19,lag_01__T_utility_damage_last_5s,T_utility_damage_last_5s,True,-3.8548331260681152,0.0002344258246012032,-0.0009036724342785518
20628,17.5,-0.0220605731010437,20,lag_07__CT5__duck_amount,CT5__duck_amount,False,3.7749595642089844,-0.00021388694585766643,-0.0008074145719248471
21972,38.5,-0.02181762456893921,1,lag_00__T3__flash_duration,T3__flash_duration,True,-8.012818336486816,0.0004666921158786863,-0.003739519143606568
21972,38.5,-0.02181762456893921,2,lag_15__T3__flash_duration,T3__flash_duration,True,8.012818336486816,-0.00022638609516434371,-0.0018139906544585027
21972,38.5,-0.02181762456893921,3,lag_01__T1__duck_amount,T1__duck_amount,False,3.915480136871338,-0.000410286127589643,-0.0016064671830111066
21972,38.5,-0.02181762456893921,4,lag_15__CT4__is_walking,CT4__is_walking,False,-2.384641170501709,-0.0005655502900481224,0.0013486345056379356
21972,38.5,-0.02181762456893921,5,lag_13__CT1__is_walking,CT1__is_walking,False,2.3343825340270996,-0.000511849473696202,-0.0011948524714473774
21972,38.5,-0.02181762456893921,6,lag_06__CT5__duck_amount,CT5__duck_amount,False,3.7749595642089844,-0.00030271144350990653,-0.0011427234588732293
21972,38.5,-0.02181762456893921,7,lag_08__CT_place_RUINS,CT_place_RUINS,False,3.493913412094116,0.00032386439852416515,0.0011315541657033745
21972,38.5,-0.02181762456893921,8,lag_11__CT3__is_scoped,CT3__is_scoped,False,-4.548114776611328,0.00023004694958217442,-0.0010462799307090487
21972,38.5,-0.02181762456893921,9,lag_01__T_duck_amount_mean,T_duck_amount_mean,False,2.9079365730285645,-0.00031267176382243633,-0.0009092296573726122
21972,38.5,-0.02181762456893921,10,lag_13__T3__is_walking,T3__is_walking,False,-2.3223767280578613,-0.0003833354276139289,0.0008902492761306974
21972,38.5,-0.02181762456893921,11,lag_01__CT3__duck_amount,CT3__duck_amount,False,-2.341085910797119,0.00034891071845777333,-0.0008168299671075935
21972,38.5,-0.02181762456893921,12,lag_04__CT_place_ARCH,CT_place_ARCH,False,4.080447673797607,-0.00019423846970312297,-0.0007925799118621152
21972,38.5,-0.02181762456893921,13,lag_04__CT3__is_scoped,CT3__is_scoped,False,4.548114776611328,-0.00016543063975404948,-0.0007523975371696578
21972,38.5,-0.02181762456893921,14,lag_15__CT_walking_count,CT_walking_count,False,-1.7948954105377197,-0.0004166544822510332,0.0007478512179723493
21972,38.5,-0.02181762456893921,15,lag_12__CT1__is_walking,CT1__is_walking,False,-2.3343825340270996,-0.000309669878333807,0.000722887955296736
21972,38.5,-0.02181762456893921,16,lag_01__T3__duck_amount,T3__duck_amount,False,3.7704498767852783,-0.0001800697937142104,-0.000678944131522495
21972,38.5,-0.02181762456893921,17,lag_07__CT4__is_walking,CT4__is_walking,False,2.384641170501709,0.0002773735031951219,0.000661436275325375
21972,38.5,-0.02181762456893921,18,lag_13__T5__duck_amount,T5__duck_amount,False,2.3720791339874268,-0.00026552274357527494,-0.0006298409596340038
21972,38.5,-0.02181762456893921,19,lag_04__CT_place_TOPOFMID,CT_place_TOPOFMID,False,-3.6288270950317383,0.00017353723524138331,-0.0006297366212408284
21972,38.5,-0.02181762456893921,20,lag_11__bomb_events_last_5s,bomb_events_last_5s,False,-2.0894012451171875,0.00029330982943065464,-0.0006128419228175197
21492,31.0,0.02181023359298706,1,lag_11__CT_place_LIBRARY,CT_place_LIBRARY,False,6.411735534667969,0.0009371645865030587,0.006008851481114075
21492,31.0,0.02181023359298706,2,lag_00__T3__flash_duration,T3__flash_duration,True,8.012818336486816,0.0004666921158786863,0.003739519143606568
21492,31.0,0.02181023359298706,3,lag_08__T_shots_fired_sum,T_shots_fired_sum,False,-19.493162155151367,-0.0001874749141279608,0.003654478901119418
21492,31.0,0.02181023359298706,4,lag_08__T2__shots_fired,T2__shots_fired,False,-15.297529220581055,0.00019707366300281137,-0.0030147401183924505
21492,31.0,0.02181023359298706,5,lag_06__CT_place_LIBRARY,CT_place_LIBRARY,False,-6.411735534667969,0.00036129826912656426,-0.002316548950772823
21492,31.0,0.02181023359298706,6,lag_14__CT_shots_fired_sum,CT_shots_fired_sum,False,-5.557928085327148,0.0002790622238535434,-0.0015510077715094606
21492,31.0,0.02181023359298706,7,lag_09__T2__shots_fired,T2__shots_fired,False,2.9418325424194336,0.00048232031986117363,0.0014189056128377509
21492,31.0,0.02181023359298706,8,lag_10__CT_shots_fired_sum,CT_shots_fired_sum,False,4.168446063995361,0.0003189623821526766,0.001329577486446909
21492,31.0,0.02181023359298706,9,lag_10__T2__shots_fired,T2__shots_fired,False,2.9418325424194336,0.0004156192298978567,0.0012226821757688189
21492,31.0,0.02181023359298706,10,lag_10__T3__is_walking,T3__is_walking,False,2.3223767280578613,-0.000508095312397927,-0.0011799887291482347
21492,31.0,0.02181023359298706,11,lag_06__T_place_TRAMP,T_place_TRAMP,False,-2.926727294921875,-0.00036285584792494774,0.0010619801142439655
21492,31.0,0.02181023359298706,12,lag_15__T5__duck_amount,T5__duck_amount,False,2.3521690368652344,0.0004413787683006376,0.0010381974723264742
21492,31.0,0.02181023359298706,13,lag_05__T_flashed_players,T_flashed_players,False,3.8592474460601807,0.0002616027486510575,0.001009589739613917
21492,31.0,0.02181023359298706,14,lag_09__T_shots_fired_sum,T_shots_fired_sum,False,3.748684883117676,0.00026701524620875716,0.0010009560170247123
21492,31.0,0.02181023359298706,15,lag_00__CT4__is_walking,CT4__is_walking,False,-2.384641170501709,0.00041614967631176114,-0.0009923676512239854
21492,31.0,0.02181023359298706,16,lag_11__T2__shots_fired,T2__shots_fired,False,2.9418325424194336,0.00033081177389249206,0.0009731928418524327
21492,31.0,0.02181023359298706,17,lag_09__T_utility_damage_last_5s,T_utility_damage_last_5s,True,-8.42352294921875,0.0001108631186070852,-0.0009338580238087424
21492,31.0,0.02181023359298706,18,lag_13__T2__shots_fired,T2__shots_fired,False,2.9418327808380127,0.00031120426137931645,0.0009155108976621543
21492,31.0,0.02181023359298706,19,lag_06__CT_place_PIT,CT_place_PIT,False,4.305429458618164,0.00020526758453343064,0.0008837651053496265
21492,31.0,0.02181023359298706,20,lag_14__T2__duck_amount,T2__duck_amount,False,3.73744535446167,0.0002314798184670508,0.0008651431721813096
22196,42.0,-0.021445751190185547,1,lag_07__T3__flash_duration,T3__flash_duration,True,-8.012818336486816,0.0004104573163203895,-0.0032889199105571865
22196,42.0,-0.021445751190185547,2,lag_15__CT_place_RUINS,CT_place_RUINS,False,3.493913412094116,0.0005673986743204296,0.0019824418382125703
22196,42.0,-0.021445751190185547,3,lag_11__CT_place_TOPOFMID,CT_place_TOPOFMID,False,-3.6288270950317383,0.0004315034893807024,-0.0015658515538654327
22196,42.0,-0.021445751190185547,4,lag_05__CT3__is_scoped,CT3__is_scoped,False,-4.548114776611328,0.0003418294945731759,-0.0015546797753498431
22196,42.0,-0.021445751190185547,5,lag_08__CT_place_RUINS,CT_place_RUINS,False,-3.493913412094116,0.00032386439852416515,-0.0011315541657033745
22196,42.0,-0.021445751190185547,6,lag_12__T1__is_walking,T1__is_walking,False,2.281590461730957,-0.00046226225094869733,-0.0010546931425828299
22196,42.0,-0.021445751190185547,7,lag_11__CT3__is_scoped,CT3__is_scoped,False,4.548114776611328,0.00023004694958217442,0.0010462799307090487
22196,42.0,-0.021445751190185547,8,lag_00__T5__duck_amount,T5__duck_amount,False,3.7970333099365234,-0.00027037132531404495,-0.0010266089282691127
22196,42.0,-0.021445751190185547,9,lag_01__T2__is_walking,T2__is_walking,False,-2.2968344688415527,0.00036613643169403076,-0.0008409547766135006
22196,42.0,-0.021445751190185547,10,lag_08__T1__duck_amount,T1__duck_amount,False,3.915480136871338,-0.0001930168509716168,-0.0007557536460608208
22196,42.0,-0.021445751190185547,11,lag_08__T3__duck_amount,T3__duck_amount,False,3.7704498767852783,-0.00019314790552016348,-0.000728254496569835
22196,42.0,-0.021445751190185547,12,lag_12__CT1__is_walking,CT1__is_walking,False,-2.3343825340270996,-0.000309669878333807,0.000722887955296736
22196,42.0,-0.021445751190185547,13,lag_01__CT1__duck_amount,CT1__duck_amount,False,1.5201579332351685,0.00045662434422411025,0.0006941411193805876
22196,42.0,-0.021445751190185547,14,lag_08__CT3__duck_amount,CT3__duck_amount,False,-2.341085910797119,0.0002951358037535101,-0.000690938271939126
22196,42.0,-0.021445751190185547,15,lag_10__T1__is_walking,T1__is_walking,False,-2.281590461730957,-0.00028323993319645524,0.0006462375299623457
22196,42.0,-0.021445751190185547,16,lag_01__CT_active_infernos,CT_active_infernos,True,-2.304276466369629,0.00027651007985696197,-0.0006371556697283842
22196,42.0,-0.021445751190185547,17,lag_08__T_duck_amount_mean,T_duck_amount_mean,False,2.9079365730285645,-0.00020384615345392376,-0.0005927716848998579
22196,42.0,-0.021445751190185547,18,lag_03__CT_place_LIBRARY,CT_place_LIBRARY,False,6.411735534667969,-9.244997636415064e-05,-0.0005927647986332385
22196,42.0,-0.021445751190185547,19,lag_15__T2__is_walking,T2__is_walking,False,2.2968344688415527,-0.0002563920570537448,-0.000588890114178231
22196,42.0,-0.021445751190185547,20,lag_13__T1__is_walking,T1__is_walking,False,-2.281590461730957,-0.00024934482644312084,0.0005689027776945854
22868,52.5,0.021208107471466064,1,lag_00__CT3__is_scoped,CT3__is_scoped,False,4.548114776611328,0.0006683309911750257,0.0030396460566304295
22868,52.5,0.021208107471466064,2,lag_05__CT_flashes_last_5s,CT_flashes_last_5s,True,10.995440483093262,0.00018601446936372668,0.0020453110268830316
22868,52.5,0.021208107471466064,3,lag_15__CT_place_RUINS,CT_place_RUINS,False,3.493913412094116,0.0005673986743204296,0.0019824418382125703
22868,52.5,0.021208107471466064,4,lag_15__CT4__is_walking,CT4__is_walking,False,2.384641170501709,-0.0005655502900481224,-0.0013486345056379356
22868,52.5,0.021208107471466064,5,lag_00__CT3__is_walking,CT3__is_walking,False,-2.387126922607422,-0.0005153218517079949,0.0012301386660200642
22868,52.5,0.021208107471466064,6,lag_15__CT_place_PIT,CT_place_PIT,False,4.305429458618164,0.0002542486763559282,0.0010946497409974887
22868,52.5,0.021208107471466064,7,lag_12__T1__is_walking,T1__is_walking,False,-2.281590461730957,-0.00046226225094869733,0.0010546931425828299
22868,52.5,0.021208107471466064,8,lag_00__T5__duck_amount,T5__duck_amount,False,3.7970333099365234,-0.00027037132531404495,-0.0010266089282691127
22868,52.5,0.021208107471466064,9,lag_04__T5__duck_amount,T5__duck_amount,False,-3.7970333099365234,-0.0002606372581794858,0.0009896483511180332
22868,52.5,0.021208107471466064,10,lag_13__T3__is_walking,T3__is_walking,False,-2.3223767280578613,-0.0003833354276139289,0.0008902492761306974
22868,52.5,0.021208107471466064,11,lag_03__T2__is_walking,T2__is_walking,False,-2.2968344688415527,0.0003802203282248229,-0.0008733031556210219
22868,52.5,0.021208107471466064,12,lag_03__CT_B_site_active_infernos,CT_B_site_active_infernos,True,-3.435478687286377,-0.00023001119552645832,0.0007901985600684072
22868,52.5,0.021208107471466064,13,lag_15__CT_walking_count,CT_walking_count,False,1.7948954105377197,-0.0004166544822510332,-0.0007478512179723493
22868,52.5,0.021208107471466064,14,lag_10__T3__duck_amount,T3__duck_amount,False,3.7704498767852783,0.0001918724738061428,0.0007234455452208577
22868,52.5,0.021208107471466064,15,lag_12__CT1__is_walking,CT1__is_walking,False,-2.3343825340270996,-0.000309669878333807,0.000722887955296736
22868,52.5,0.021208107471466064,16,lag_13__CT4__is_walking,CT4__is_walking,False,2.384641170501709,-0.00029896822525188327,-0.0007129319386074695
22868,52.5,0.021208107471466064,17,lag_01__T3__duck_amount,T3__duck_amount,False,-3.7704498767852783,-0.0001800697937142104,0.000678944131522495
22868,52.5,0.021208107471466064,18,lag_00__CT_scoped_count,CT_scoped_count,False,2.141930103302002,0.0003147498646285385,0.0006741722100580966
22868,52.5,0.021208107471466064,19,lag_04__T5__is_walking,T5__is_walking,False,2.3193888664245605,-0.0002868361189030111,-0.0006652845006720753
22868,52.5,0.021208107471466064,20,lag_00__T_place_TOPOFMID,T_place_TOPOFMID,False,2.0359649658203125,-0.0002694912545848638,-0.0005486747529297453
21044,24.0,-0.020135462284088135,1,lag_00__CT_shots_fired_sum,CT_shots_fired_sum,False,-5.557928085327148,0.0004820862668566406,-0.002679400802113041
21044,24.0,-0.020135462284088135,2,lag_15__CT_place_RUINS,CT_place_RUINS,False,3.493913412094116,0.0005673986743204296,0.0019824418382125703
21044,24.0,-0.020135462284088135,3,lag_15__T5__duck_amount,T5__duck_amount,False,-3.7970333099365234,0.0004413787683006376,-0.0016759298855362759
21044,24.0,-0.020135462284088135,4,lag_00__T2__duck_amount,T2__duck_amount,False,3.73744535446167,-0.00044543834519572556,-0.0016648014739508582
21044,24.0,-0.020135462284088135,5,lag_13__CT_utility_damage_last_5s,CT_utility_damage_last_5s,True,-5.8336615562438965,0.00021458943956531584,-0.001251842163968106
21044,24.0,-0.020135462284088135,6,lag_05__T_utility_damage_last_5s,T_utility_damage_last_5s,True,8.42352294921875,-0.00014423878747038543,-0.0012149987364242776
21044,24.0,-0.020135462284088135,7,lag_06__CT5__duck_amount,CT5__duck_amount,False,3.7749595642089844,-0.00030271144350990653,-0.0011427234588732293
21044,24.0,-0.020135462284088135,8,lag_12__T1__is_walking,T1__is_walking,False,-2.281590461730957,-0.00046226225094869733,0.0010546931425828299
21044,24.0,-0.020135462284088135,9,lag_06__CT5__flash_duration,CT5__flash_duration,True,-6.908468246459961,0.00015177836758084595,-0.0010485560329318022
21044,24.0,-0.020135462284088135,10,lag_13__T_place_BALCONY,T_place_BALCONY,False,13.751577377319336,7.428474054904655e-05,0.0010215323576143048
21044,24.0,-0.020135462284088135,11,lag_00__CT4__is_walking,CT4__is_walking,False,-2.384641170501709,0.00041614967631176114,-0.0009923676512239854
21044,24.0,-0.020135462284088135,12,lag_00__CT5__shots_fired,CT5__shots_fired,False,-4.2304582595825195,0.00022445274225901812,-0.0009495379573756096
21044,24.0,-0.020135462284088135,13,lag_01__T5__duck_amount,T5__duck_amount,False,2.3521690368652344,-0.00038160450640134513,-0.0008975983042854851
21044,24.0,-0.020135462284088135,14,lag_03__T2__is_walking,T2__is_walking,False,2.2968344688415527,0.0003802203282248229,0.0008733031556210219
21044,24.0,-0.020135462284088135,15,lag_01__T2__is_walking,T2__is_walking,False,-2.2968344688415527,0.00036613643169403076,-0.0008409547766135006
21044,24.0,-0.020135462284088135,16,lag_11__T_place_BALCONY,T_place_BALCONY,False,-13.751577377319336,6.046047565178014e-05,-0.0008314269091949864
21044,24.0,-0.020135462284088135,17,lag_13__utility_damage_diff_last_5s,utility_damage_diff_last_5s,True,-4.7851057052612305,0.00015898802666924894,-0.0007607745134832478
21044,24.0,-0.020135462284088135,18,lag_00__T5__is_walking,T5__is_walking,False,2.3193888664245605,0.0003229015856049955,0.0007489343426030637
21044,24.0,-0.020135462284088135,19,lag_09__T5__duck_amount,T5__duck_amount,False,-3.3547582626342773,-0.00022067248937673867,0.0007403028570726888
21044,24.0,-0.020135462284088135,20,lag_06__CT_flash_duration_sum,CT_flash_duration_sum,True,-3.185965061187744,0.00020991858036722988,-0.0006687932627441259
24308,75.0,0.020093441009521484,1,lag_12__CT_place_LIBRARY,CT_place_LIBRARY,False,6.411735534667969,0.0007258421974256635,0.00465390820979561
24308,75.0,0.020093441009521484,2,lag_03__CT3__is_scoped,CT3__is_scoped,False,4.548114776611328,0.0006030839867889881,0.002742895191852668
24308,75.0,0.020093441009521484,3,lag_05__CT3__duck_amount,CT3__duck_amount,False,3.7208433151245117,0.00039905583253130317,0.001484824226835546
24308,75.0,0.020093441009521484,4,lag_08__T3__is_walking,T3__is_walking,False,-2.3223767280578613,-0.0005422991816885769,0.001259422999198373
24308,75.0,0.020093441009521484,5,lag_10__T3__is_walking,T3__is_walking,False,2.3223767280578613,-0.000508095312397927,-0.0011799887291482347
24308,75.0,0.020093441009521484,6,lag_07__T5__duck_amount,T5__duck_amount,False,-2.8989014625549316,-0.00035408823168836534,0.0010264668927148918
24308,75.0,0.020093441009521484,7,lag_04__T5__duck_amount,T5__duck_amount,False,3.7970333099365234,-0.0002606372581794858,-0.0009896483511180332
24308,75.0,0.020093441009521484,8,lag_09__CT1__duck_amount,CT1__duck_amount,False,-3.697669506072998,-0.00026122666895389557,0.0009659298879638456
24308,75.0,0.020093441009521484,9,lag_02__CT3__duck_amount,CT3__duck_amount,False,-3.7208433151245117,0.0002561902510933578,-0.0009532437831807905
24308,75.0,0.020093441009521484,10,lag_06__CT_place_PIT,CT_place_PIT,False,4.305429458618164,0.00020526758453343064,0.0008837651053496265
24308,75.0,0.020093441009521484,11,lag_06__CT1__duck_amount,CT1__duck_amount,False,3.645623207092285,0.00021340268722269684,0.0007779857889949199
24308,75.0,0.020093441009521484,12,lag_12__CT1__is_walking,CT1__is_walking,False,2.3343825340270996,-0.000309669878333807,-0.000722887955296736
24308,75.0,0.020093441009521484,13,lag_08__CT_place_PIT,CT_place_PIT,False,-4.305429458618164,0.0001649229961913079,-0.0007100643262056283
24308,75.0,0.020093441009521484,14,lag_14__T5__duck_amount,T5__duck_amount,False,3.7970333099365234,0.00018079204892273992,0.000686473431931317
24308,75.0,0.020093441009521484,15,lag_04__T5__is_walking,T5__is_walking,False,-2.3193888664245605,-0.0002868361189030111,0.0006652845006720753
24308,75.0,0.020093441009521484,16,lag_07__CT4__is_walking,CT4__is_walking,False,-2.384641170501709,0.0002773735031951219,-0.000661436275325375
24308,75.0,0.020093441009521484,17,lag_00__CT1__duck_amount,CT1__duck_amount,False,3.8154516220092773,0.0001692525256657973,0.0006457748235807331
24308,75.0,0.020093441009521484,18,lag_11__T3__is_walking,T3__is_walking,False,-2.3223767280578613,-0.00025103052030317485,0.0005829874383843497
24308,75.0,0.020093441009521484,19,lag_08__CT5__duck_amount,CT5__duck_amount,False,3.7749595642089844,0.00015243812231346965,0.0005754477477772912
24308,75.0,0.020093441009521484,20,lag_13__T1__is_walking,T1__is_walking,False,-2.281590461730957,-0.00024934482644312084,0.0005689027776945854
21428,30.0,0.019900083541870117,1,lag_09__CT_place_LIBRARY,CT_place_LIBRARY,False,6.411735534667969,0.0007052535656839609,0.0045218993480471426
21428,30.0,0.019900083541870117,2,lag_06__T_shots_fired_sum,T_shots_fired_sum,False,-19.493162155151367,-0.0002169088984373957,0.004228240330135413
21428,30.0,0.019900083541870117,3,lag_04__CT_place_LIBRARY,CT_place_LIBRARY,False,-6.411735534667969,0.0004978576907888055,-0.003192131847238322
21428,30.0,0.019900083541870117,4,lag_05__CT_shots_fired_sum,CT_shots_fired_sum,False,-11.81059741973877,-0.00014810638094786555,0.001749224840669708
21428,30.0,0.019900083541870117,5,lag_05__CT5__shots_fired,CT5__shots_fired,False,-8.989723205566406,-0.0001716845144983381,0.0015433962640221122
21428,30.0,0.019900083541870117,6,lag_09__T2__shots_fired,T2__shots_fired,False,2.9418325424194336,0.00048232031986117363,0.0014189056128377509
21428,30.0,0.019900083541870117,7,lag_11__T_place_TRAMP,T_place_TRAMP,False,2.926727294921875,0.00048038430395536125,0.0014059538544382022
21428,30.0,0.019900083541870117,8,lag_15__CT4__is_walking,CT4__is_walking,False,-2.384641170501709,-0.0005655502900481224,0.0013486345056379356
21428,30.0,0.019900083541870117,9,lag_08__T3__is_walking,T3__is_walking,False,2.3223767280578613,-0.0005422991816885769,-0.001259422999198373
21428,30.0,0.019900083541870117,10,lag_00__CT3__is_walking,CT3__is_walking,False,-2.387126922607422,-0.0005153218517079949,0.0012301386660200642
21428,30.0,0.019900083541870117,11,lag_10__T2__shots_fired,T2__shots_fired,False,2.9418323040008545,0.0004156192298978567,0.0012226820766774726
21428,30.0,0.019900083541870117,12,lag_10__T3__is_walking,T3__is_walking,False,2.3223767280578613,-0.000508095312397927,-0.0011799887291482347
21428,30.0,0.019900083541870117,13,lag_10__CT_place_BALCONY,CT_place_BALCONY,False,6.417822360992432,0.00017964703147299588,0.001152942735673304
21428,30.0,0.019900083541870117,14,lag_07__T_utility_damage_last_5s,T_utility_damage_last_5s,True,-8.42352294921875,-0.00013372582907322794,0.0011264425901016395
21428,30.0,0.019900083541870117,15,lag_03__T_flashed_players,T_flashed_players,False,3.8592474460601807,0.00027336293715052307,0.0010549752170456658
21428,30.0,0.019900083541870117,16,lag_09__T_shots_fired_sum,T_shots_fired_sum,False,3.748685836791992,0.00026701524620875716,0.0010009562716702947
21428,30.0,0.019900083541870117,17,lag_01__T3__is_walking,T3__is_walking,False,-2.3223767280578613,0.0004288530326448381,-0.0009959583027714103
21428,30.0,0.019900083541870117,18,lag_11__T2__shots_fired,T2__shots_fired,False,2.9418327808380127,0.00033081177389249206,0.0009731929207241058
21428,30.0,0.019900083541870117,19,lag_03__T2__is_walking,T2__is_walking,False,-2.2968344688415527,0.0003802203282248229,-0.0008733031556210219
21428,30.0,0.019900083541870117,20,lag_09__T5__duck_amount,T5__duck_amount,False,-3.7970333099365234,-0.00022067248937673867,0.0008379007927500903
23412,61.0,0.01969015598297119,1,lag_12__CT_flashes_last_5s,CT_flashes_last_5s,True,-10.995440483093262,-0.00028382695745676756,0.003120802418213331
23412,61.0,0.01969015598297119,2,lag_06__CT_place_LIBRARY,CT_place_LIBRARY,False,6.411735534667969,0.00036129826912656426,0.002316548950772823
23412,61.0,0.01969015598297119,3,lag_15__CT_place_RUINS,CT_place_RUINS,False,-3.493913412094116,0.0005673986743204296,-0.0019824418382125703
23412,61.0,0.01969015598297119,4,lag_02__CT3__is_scoped,CT3__is_scoped,False,-4.548114776611328,0.00037722685374319553,-0.001715671027644028
23412,61.0,0.01969015598297119,5,lag_03__CT3__flash_duration,CT3__flash_duration,True,7.249464988708496,0.0002015525969909504,0.0014611484952691683
23412,61.0,0.01969015598297119,6,lag_15__T5__duck_amount,T5__duck_amount,False,-3.0903120040893555,0.0004413787683006376,-0.0013639981060296347
23412,61.0,0.01969015598297119,7,lag_15__CT4__is_walking,CT4__is_walking,False,-2.384641170501709,-0.0005655502900481224,0.0013486345056379356
23412,61.0,0.01969015598297119,8,lag_08__T3__is_walking,T3__is_walking,False,-2.3223767280578613,-0.0005422991816885769,0.001259422999198373
23412,61.0,0.01969015598297119,9,lag_00__CT_place_LIBRARY,CT_place_LIBRARY,False,-6.411735534667969,-0.00019607823924161494,0.0012572018141205898
23412,61.0,0.01969015598297119,10,lag_03__CT_flash_duration_sum,CT_flash_duration_sum,True,4.56625509262085,0.0002568039344623685,0.001172632273543861
23412,61.0,0.01969015598297119,11,lag_15__CT3__duck_amount,CT3__duck_amount,False,3.7208433151245117,0.000294158176984638,0.0010945164864225032
23412,61.0,0.01969015598297119,12,lag_03__T_flashed_players,T_flashed_players,False,3.8592474460601807,0.00027336293715052307,0.0010549752170456658
23412,61.0,0.01969015598297119,13,lag_00__CT4__is_walking,CT4__is_walking,False,2.384641170501709,0.00041614967631176114,0.0009923676512239854
23412,61.0,0.01969015598297119,14,lag_02__CT3__duck_amount,CT3__duck_amount,False,-3.7208433151245117,0.0002561902510933578,-0.0009532437831807905
23412,61.0,0.01969015598297119,15,lag_02__T5__flash_duration,T5__flash_duration,True,2.83266282081604,0.00033558637369424105,0.0009506030439361546
23412,61.0,0.01969015598297119,16,lag_03__CT_flashed_players,CT_flashed_players,False,4.379879951477051,0.00020656165725085884,0.0009047152613369108
23412,61.0,0.01969015598297119,17,lag_01__CT_flashed_players,CT_flashed_players,False,2.1899399757385254,0.00038129594759084284,0.0008350152382162884
23412,61.0,0.01969015598297119,18,lag_01__CT_flash_duration_sum,CT_flash_duration_sum,True,2.3312058448791504,0.000308453367324546,0.0007190682927796371
23412,61.0,0.01969015598297119,19,lag_10__T1__is_walking,T1__is_walking,False,2.281590461730957,-0.00028323993319645524,-0.0006462375299623457
23412,61.0,0.01969015598297119,20,lag_11__T3__is_walking,T3__is_walking,False,2.3223767280578613,-0.00025103052030317485,-0.0005829874383843497
20212,11.0,-0.019443988800048828,1,lag_12__CT_place_LIBRARY,CT_place_LIBRARY,False,-6.411735534667969,0.0007258421974256635,-0.00465390820979561
20212,11.0,-0.019443988800048828,2,lag_00__CT_place_BALCONY,CT_place_BALCONY,False,6.417822360992432,-0.0005651189130730927,-0.0036268327969402325
20212,11.0,-0.019443988800048828,3,lag_12__T_place_LOWERMID,T_place_LOWERMID,False,6.6526923179626465,-0.0002845686103682965,-0.0018931474081304717
20212,11.0,-0.019443988800048828,4,lag_01__CT1__duck_amount,CT1__duck_amount,False,-3.8154516220092773,0.00045662434422411025,-0.001742228094818804
20212,11.0,-0.019443988800048828,5,lag_09__T_place_LOWERMID,T_place_LOWERMID,False,-6.652692794799805,-0.00024689597194083035,0.0016425230535958568
20212,11.0,-0.019443988800048828,6,lag_08__T_place_LOWERMID,T_place_LOWERMID,False,-3.326345920562744,-0.00041877172770909965,0.001392979628112176
20212,11.0,-0.019443988800048828,7,lag_08__CT_place_RUINS,CT_place_RUINS,False,-3.493913173675537,0.00032386439852416515,-0.0011315540884880848
20212,11.0,-0.019443988800048828,8,lag_02__T_A_site_active_infernos,T_A_site_active_infernos,True,2.9764554500579834,0.00035849318373948336,0.0010670389905500233
20212,11.0,-0.019443988800048828,9,lag_06__T_place_TRAMP,T_place_TRAMP,False,2.926727294921875,-0.00036285584792494774,-0.0010619801142439655
20212,11.0,-0.019443988800048828,10,lag_11__CT_place_RUINS,CT_place_RUINS,False,3.493913173675537,0.00029458990320563316,0.001029271543641963
20212,11.0,-0.019443988800048828,11,lag_11__T_place_LOWERMID,T_place_LOWERMID,False,3.3263463973999023,-0.0002834196202456951,-0.0009427518327567164
20212,11.0,-0.019443988800048828,12,lag_09__T_place_TRAMP,T_place_TRAMP,False,2.926727294921875,0.00032117438968271017,0.0009399898527142625
20212,11.0,-0.019443988800048828,13,lag_07__CT_place_RUINS,CT_place_RUINS,False,-3.493913412094116,0.00024391416809521616,-0.0008522149833076545
20212,11.0,-0.019443988800048828,14,lag_13__T_place_LOWERMID,T_place_LOWERMID,False,6.652692794799805,-0.00012436616816557944,-0.0008273699108720112
20212,11.0,-0.019443988800048828,15,lag_06__T_place_LOWERMID,T_place_LOWERMID,False,-3.3263463973999023,0.00024727918207645416,-0.0008225362164520078
20212,11.0,-0.019443988800048828,16,lag_04__T_place_MIDDLE,T_place_MIDDLE,False,1.6254756450653076,-0.00042545393807813525,-0.0006915650144431323
20212,11.0,-0.019443988800048828,17,lag_02__active_infernos_total,active_infernos_total,True,2.8735578060150146,0.00023946423607412726,0.0006881143248322306
20212,11.0,-0.019443988800048828,18,lag_12__CT_place_RUINS,CT_place_RUINS,False,3.493913412094116,0.00018222448125015944,0.0006366765590518249
20212,11.0,-0.019443988800048828,19,lag_03__T_place_TRAMP,T_place_TRAMP,False,-5.85345458984375,0.00010332593228667974,-0.0006048136525933501
20212,11.0,-0.019443988800048828,20,lag_08__T_place_TRAMP,T_place_TRAMP,False,2.926727533340454,0.0002030563191510737,0.0005942905200782139
21524,31.5,-0.018712401390075684,1,lag_09__T2__shots_fired,T2__shots_fired,False,-15.297529220581055,0.00048232031986117363,-0.007378309186756304
21524,31.5,-0.018712401390075684,2,lag_09__T_shots_fired_sum,T_shots_fired_sum,False,-19.493162155151367,0.00026701524620875716,-0.00520497149224497
21524,31.5,-0.018712401390075684,3,lag_12__CT_place_LIBRARY,CT_place_LIBRARY,False,6.411735534667969,0.0007258421974256635,0.00465390820979561
21524,31.5,-0.018712401390075684,4,lag_07__CT_place_LIBRARY,CT_place_LIBRARY,False,-6.411735534667969,0.0005490881740115583,-0.0035206081569758574
21524,31.5,-0.018712401390075684,5,lag_10__T_utility_damage_last_5s,T_utility_damage_last_5s,True,-8.42352294921875,0.0004093332390766591,-0.003448027933240283
21524,31.5,-0.018712401390075684,6,lag_08__CT_shots_fired_sum,CT_shots_fired_sum,False,-11.81059741973877,-0.0001744178298395127,0.0020599787710589845
21524,31.5,-0.018712401390075684,7,lag_07__CT_place_PIT,CT_place_PIT,False,4.305429458618164,0.00033412224729545414,0.0014385397662855515
21524,31.5,-0.018712401390075684,8,lag_15__CT4__is_walking,CT4__is_walking,False,-2.384641170501709,-0.0005655502900481224,0.0013486345056379356
21524,31.5,-0.018712401390075684,9,lag_01__T3__flash_duration,T3__flash_duration,True,8.012818336486816,0.0001670791389187798,0.0013387747879728268
21524,31.5,-0.018712401390075684,10,lag_08__T3__is_walking,T3__is_walking,False,2.3223767280578613,-0.0005422991816885769,-0.001259422999198373
21524,31.5,-0.018712401390075684,11,lag_10__T2__shots_fired,T2__shots_fired,False,2.9418325424194336,0.0004156192298978567,0.0012226821757688189
21524,31.5,-0.018712401390075684,12,lag_10__T3__is_walking,T3__is_walking,False,-2.3223767280578613,-0.000508095312397927,0.0011799887291482347
21524,31.5,-0.018712401390075684,13,lag_10__CT_shots_fired_sum,CT_shots_fired_sum,False,3.473705291748047,0.0003189623821526766,0.0011079813147523154
21524,31.5,-0.018712401390075684,14,lag_15__T5__duck_amount,T5__duck_amount,False,-2.3521690368652344,0.0004413787683006376,-0.0010381974723264742
21524,31.5,-0.018712401390075684,15,lag_11__T2__shots_fired,T2__shots_fired,False,2.9418325424194336,0.00033081177389249206,0.0009731928418524327
21524,31.5,-0.018712401390075684,16,lag_09__T2__is_walking,T2__is_walking,False,2.2968344688415527,-0.0004139369120821357,-0.0009507445675960846
21524,31.5,-0.018712401390075684,17,lag_13__CT_place_BALCONY,CT_place_BALCONY,False,6.417822360992432,-0.00014407903654500842,-0.0009246736624888008
21524,31.5,-0.018712401390075684,18,lag_13__T5__duck_amount,T5__duck_amount,False,3.4749693870544434,-0.00026552274357527494,-0.0009226834054907873
21524,31.5,-0.018712401390075684,19,lag_13__T2__shots_fired,T2__shots_fired,False,2.9418323040008545,0.00031120426137931645,0.0009155107492683986
21524,31.5,-0.018712401390075684,20,lag_13__T3__is_walking,T3__is_walking,False,2.3223767280578613,-0.0003833354276139289,-0.0008902492761306974
24436,77.0,-0.018576622009277344,1,lag_00__CT_place_PIT,CT_place_PIT,False,-4.305429458618164,0.00043534341966733336,-0.0018743403836513073
24436,77.0,-0.018576622009277344,2,lag_01__CT3__is_scoped,CT3__is_scoped,False,-4.548114776611328,0.0003468819195404649,-0.0015776587840012901
24436,77.0,-0.018576622009277344,3,lag_07__CT3__duck_amount,CT3__duck_amount,False,3.7208433151245117,0.0004050003772135824,0.0015069429461780637
24436,77.0,-0.018576622009277344,4,lag_10__CT1__duck_amount,CT1__duck_amount,False,3.645623207092285,-0.0003316364891361445,-0.001209021681113337
24436,77.0,-0.018576622009277344,5,lag_08__CT3__duck_amount,CT3__duck_amount,False,-3.7208433151245117,0.0002951358037535101,-0.001098154082450148
24436,77.0,-0.018576622009277344,6,lag_10__CT_place_PIT,CT_place_PIT,False,4.305429458618164,-0.00024490978103131056,-0.0010544417859559285
24436,77.0,-0.018576622009277344,7,lag_03__CT1__duck_amount,CT1__duck_amount,False,-3.8154516220092773,-0.000267673545749858,0.0010212954643002703
24436,77.0,-0.018576622009277344,8,lag_01__T3__is_walking,T3__is_walking,False,-2.3223767280578613,0.0004288530326448381,-0.0009959583027714103
24436,77.0,-0.018576622009277344,9,lag_00__CT4__is_walking,CT4__is_walking,False,-2.384641170501709,0.00041614967631176114,-0.0009923676512239854
24436,77.0,-0.018576622009277344,10,lag_15__T1__is_walking,T1__is_walking,False,2.281590461730957,-0.0004290357755962759,-0.0009788839333418065
24436,77.0,-0.018576622009277344,11,lag_09__CT1__duck_amount,CT1__duck_amount,False,-3.645623207092285,-0.00026122666895389557,0.0009523340066497354
24436,77.0,-0.018576622009277344,12,lag_07__CT3__is_scoped,CT3__is_scoped,False,4.548114776611328,0.0001922546944115311,0.0008743964165259799
24436,77.0,-0.018576622009277344,13,lag_12__CT5__duck_amount,CT5__duck_amount,False,3.7749595642089844,-0.00020855051116086543,-0.0007872697467273815
24436,77.0,-0.018576622009277344,14,lag_12__CT1__is_walking,CT1__is_walking,False,2.3343825340270996,-0.000309669878333807,-0.000722887955296736
24436,77.0,-0.018576622009277344,15,lag_06__CT3__duck_amount,CT3__duck_amount,False,-3.7208433151245117,0.00018562973127700388,-0.0006906991447103994
24436,77.0,-0.018576622009277344,16,lag_11__T3__is_walking,T3__is_walking,False,2.3223767280578613,-0.00025103052030317485,-0.0005829874383843497
24436,77.0,-0.018576622009277344,17,lag_08__T5__duck_amount,T5__duck_amount,False,3.7970333099365234,-0.00014133533113636076,-0.0005366549601956705
24436,77.0,-0.018576622009277344,18,lag_11__T5__duck_amount,T5__duck_amount,False,-2.8989014625549316,0.00017955948715098202,-0.0005205252599175952
24436,77.0,-0.018576622009277344,19,lag_08__T5__is_walking,T5__is_walking,False,-2.3193888664245605,0.00022376292326953262,-0.0005189932329499672
24436,77.0,-0.018576622009277344,20,lag_12__CT5__is_walking,CT5__is_walking,False,-2.396676540374756,-0.00021539586305152625,0.0005162342118693666
20756,19.5,0.018509268760681152,1,lag_02__T_place_BALCONY,T_place_BALCONY,False,-13.751577377319336,-0.0002976224641315639,0.00409277834473365
20756,19.5,0.018509268760681152,2,lag_04__T_place_BALCONY,T_place_BALCONY,False,13.751577377319336,0.00017873871547635645,0.002457939276195781
20756,19.5,0.018509268760681152,3,lag_12__CT5__flash_duration,CT5__flash_duration,True,7.546695709228516,0.00021799186652060598,0.0016451182837177725
20756,19.5,0.018509268760681152,4,lag_15__CT4__is_walking,CT4__is_walking,False,2.384641170501709,-0.0005655502900481224,-0.0013486345056379356
20756,19.5,0.018509268760681152,5,lag_07__T5__duck_amount,T5__duck_amount,False,3.7970333099365234,-0.00035408823168836534,-0.0013444848103772444
20756,19.5,0.018509268760681152,6,lag_01__T5__duck_amount,T5__duck_amount,False,3.3547582626342773,-0.00038160450640134513,-0.0012801908709083876
20756,19.5,0.018509268760681152,7,lag_08__T_shots_fired_sum,T_shots_fired_sum,False,-6.747633457183838,-0.0001874749141279608,0.0012650120029524953
20756,19.5,0.018509268760681152,8,lag_10__T3__flash_duration,T3__flash_duration,True,4.344386577606201,0.0002820858499035239,0.0012254899800535068
20756,19.5,0.018509268760681152,9,lag_09__CT_kills_last_3s,CT_kills_last_3s,False,-2.8871407508850098,0.00034981704084202647,-0.0010099710339690204
20756,19.5,0.018509268760681152,10,lag_09__T_shots_fired_sum,T_shots_fired_sum,False,3.748685359954834,0.00026701524620875716,0.0010009561443475035
20756,19.5,0.018509268760681152,11,lag_00__CT4__is_walking,CT4__is_walking,False,2.384641170501709,0.00041614967631176114,0.0009923676512239854
20756,19.5,0.018509268760681152,12,lag_15__T1__is_walking,T1__is_walking,False,-2.281590461730957,-0.0004290357755962759,0.0009788839333418065
20756,19.5,0.018509268760681152,13,lag_05__T_A_site_active_infernos,T_A_site_active_infernos,True,-2.9764554500579834,0.0003286625724285841,-0.0009782495049351358
20756,19.5,0.018509268760681152,14,lag_00__T5__duck_amount,T5__duck_amount,False,-3.3547582626342773,-0.00027037132531404495,0.0009070304375766725
20756,19.5,0.018509268760681152,15,lag_05__T_place_TRAMP,T_place_TRAMP,False,-2.926727294921875,-0.00029574910877272487,0.0008655769890939524
20756,19.5,0.018509268760681152,16,lag_12__CT_flashed_players,CT_flashed_players,False,4.379879951477051,0.00019561327644623816,0.0008567626677496165
20756,19.5,0.018509268760681152,17,lag_07__CT_place_RUINS,CT_place_RUINS,False,-3.493913412094116,0.00024391416809521616,-0.0008522149833076545
20756,19.5,0.018509268760681152,18,lag_12__CT_flash_duration_sum,CT_flash_duration_sum,True,4.195886611938477,0.00018224063387606293,0.000764661035831754
20756,19.5,0.018509268760681152,19,lag_08__T1__duck_amount,T1__duck_amount,False,-3.915480136871338,-0.0001930168509716168,0.0007557536460608208
20756,19.5,0.018509268760681152,20,lag_00__T5__is_walking,T5__is_walking,False,2.3193888664245605,0.0003229015856049955,0.0007489343426030637
20340,13.0,0.01824575662612915,1,lag_03__CT3__is_scoped,CT3__is_scoped,False,4.548114776611328,0.0006030839867889881,0.002742895191852668
20340,13.0,0.01824575662612915,2,lag_15__CT_place_RUINS,CT_place_RUINS,False,3.493913173675537,0.0005673986743204296,0.0019824417029341845
20340,13.0,0.01824575662612915,3,lag_15__T_place_LOWERMID,T_place_LOWERMID,False,3.3263463973999023,0.0005954690277576447,0.0019807362552448637
20340,13.0,0.01824575662612915,4,lag_02__CT3__is_scoped,CT3__is_scoped,False,-4.548114776611328,0.00037722685374319553,-0.001715671027644028
20340,13.0,0.01824575662612915,5,lag_11__T_place_TRAMP,T_place_TRAMP,False,2.926727294921875,0.00048038430395536125,0.0014059538544382022
20340,13.0,0.01824575662612915,6,lag_10__T_place_TRAMP,T_place_TRAMP,False,2.926727294921875,0.00036444750730879605,0.001066638467206893
20340,13.0,0.01824575662612915,7,lag_11__CT_place_RUINS,CT_place_RUINS,False,-3.493913412094116,0.00029458990320563316,-0.0010292716138776692
20340,13.0,0.01824575662612915,8,lag_01__CT_place_BALCONY,CT_place_BALCONY,False,-6.417822360992432,-0.00015915892436169088,0.0010214537037199628
20340,13.0,0.01824575662612915,9,lag_00__CT4__is_walking,CT4__is_walking,False,-2.384641170501709,0.00041614967631176114,-0.0009923676512239854
20340,13.0,0.01824575662612915,10,lag_12__T_place_LOWERMID,T_place_LOWERMID,False,-3.326345920562744,-0.0002845686103682965,0.0009465736362187921
20340,13.0,0.01824575662612915,11,lag_11__T_place_LOWERMID,T_place_LOWERMID,False,-3.3263461589813232,-0.0002834196202456951,0.0009427517651842132
20340,13.0,0.01824575662612915,12,lag_01__CT_flashed_players,CT_flashed_players,False,-2.1899399757385254,0.00038129594759084284,-0.0008350152382162884
20340,13.0,0.01824575662612915,13,lag_13__T_place_LOWERMID,T_place_LOWERMID,False,-6.652692794799805,-0.00012436616816557944,0.0008273699108720112
20340,13.0,0.01824575662612915,14,lag_06__CT1__duck_amount,CT1__duck_amount,False,3.8154516220092773,0.00021340268722269684,0.0008142276291049771
20340,13.0,0.01824575662612915,15,lag_06__T_A_site_active_infernos,T_A_site_active_infernos,True,2.9764554500579834,0.0002735312737058848,0.0008141536503831828
20340,13.0,0.01824575662612915,16,lag_03__T1__duck_amount,T1__duck_amount,False,-3.915480136871338,0.00020384133676998317,-0.0007981367051961702
20340,13.0,0.01824575662612915,17,lag_02__T4__flash_duration,T4__flash_duration,True,-4.6710429191589355,0.00015771598555147648,-0.0007366981375483972
20340,13.0,0.01824575662612915,18,lag_04__T1__duck_amount,T1__duck_amount,False,3.915480136871338,0.00018482528685126454,0.0007236797394576736
20340,13.0,0.01824575662612915,19,lag_12__CT_place_RUINS,CT_place_RUINS,False,-3.493913173675537,0.00018222448125015944,-0.000636676515606123
20340,13.0,0.01824575662612915,20,lag_04__T_active_infernos,T_active_infernos,True,2.082643508911133,0.0002944204898085445,0.0006131729219902016
21396,29.5,0.016428053379058838,1,lag_08__CT_place_LIBRARY,CT_place_LIBRARY,False,6.411735534667969,0.0006526836077682674,0.004184834680823091
21396,29.5,0.016428053379058838,2,lag_05__T_shots_fired_sum,T_shots_fired_sum,False,-19.493162155151367,-0.0001706383773125708,0.003326281558845845
21396,29.5,0.016428053379058838,3,lag_03__CT_place_BALCONY,CT_place_BALCONY,False,-6.417822360992432,0.0003528437518980354,-0.0022644885208676774
21396,29.5,0.016428053379058838,4,lag_04__CT_shots_fired_sum,CT_shots_fired_sum,False,-11.81059741973877,-0.00016180954116862267,0.0019110673494152491
21396,29.5,0.016428053379058838,5,lag_09__T2__shots_fired,T2__shots_fired,False,2.9418323040008545,0.00048232031986117363,0.0014189054978436255
21396,29.5,0.016428053379058838,6,lag_08__T3__is_walking,T3__is_walking,False,-2.3223767280578613,-0.0005422991816885769,0.001259422999198373
21396,29.5,0.016428053379058838,7,lag_00__CT3__is_walking,CT3__is_walking,False,2.387126922607422,-0.0005153218517079949,-0.0012301386660200642
21396,29.5,0.016428053379058838,8,lag_10__T2__shots_fired,T2__shots_fired,False,2.9418327808380127,0.0004156192298978567,0.0012226822748601651
21396,29.5,0.016428053379058838,9,lag_10__T_place_TRAMP,T_place_TRAMP,False,2.926727294921875,0.00036444750730879605,0.001066638467206893
21396,29.5,0.016428053379058838,10,lag_09__T_shots_fired_sum,T_shots_fired_sum,False,3.748684883117676,0.00026701524620875716,0.0010009560170247123
21396,29.5,0.016428053379058838,11,lag_14__CT_shots_fired_sum,CT_shots_fired_sum,False,-3.4737050533294678,0.0002790622238535434,-0.0009693798571934129
21396,29.5,0.016428053379058838,12,lag_09__CT_place_BALCONY,CT_place_BALCONY,False,6.417822360992432,0.0001424741349183023,0.0009143736889417331
21396,29.5,0.016428053379058838,13,lag_06__T_shots_fired_sum,T_shots_fired_sum,False,3.748684883117676,-0.0002169088984373957,-0.0008131231085859725
21396,29.5,0.016428053379058838,14,lag_15__CT5__duck_amount,CT5__duck_amount,False,-3.5474624633789062,0.00022589717991650105,-0.0008013617663369388
21396,29.5,0.016428053379058838,15,lag_09__T5__duck_amount,T5__duck_amount,False,3.4749693870544434,-0.00022067248937673867,-0.0007668301451492637
21396,29.5,0.016428053379058838,16,lag_03__T_place_LOWERMID,T_place_LOWERMID,False,3.3263463973999023,-0.00021848789765499532,-0.0007267664312401723
21396,29.5,0.016428053379058838,17,lag_13__CT4__is_walking,CT4__is_walking,False,2.384641170501709,-0.00029896822525188327,-0.0007129319386074695
21396,29.5,0.016428053379058838,18,lag_08__T_shots_fired_sum,T_shots_fired_sum,False,3.748685836791992,-0.0001874749141279608,-0.0007027845553452816
21396,29.5,0.016428053379058838,19,lag_06__utility_damage_diff_last_5s,utility_damage_diff_last_5s,True,4.514250755310059,0.000151630854816176,0.0006844997008822323
21396,29.5,0.016428053379058838,20,lag_04__CT5__shots_fired,CT5__shots_fired,False,-8.989723205566406,-7.535297481808811e-05,0.0006774023863306278
21908,37.5,0.016416966915130615,1,lag_13__T3__flash_duration,T3__flash_duration,True,8.012818336486816,0.00038207764737308025,0.0030615187788327614
21908,37.5,0.016416966915130615,2,lag_09__CT3__is_scoped,CT3__is_scoped,False,-4.548114776611328,0.0004836305452045053,-0.0021996072290652036
21908,37.5,0.016416966915130615,3,lag_02__CT3__is_scoped,CT3__is_scoped,False,4.548114776611328,0.00037722685374319553,0.001715671027644028
21908,37.5,0.016416966915130615,4,lag_10__CT3__is_scoped,CT3__is_scoped,False,4.548114776611328,0.0003579595359042287,0.0016280410546749557
21908,37.5,0.016416966915130615,5,lag_00__damage_diff_last_5s,damage_diff_last_5s,False,1.7145439386367798,0.0008297653403133154,0.0014226691347250797
21908,37.5,0.016416966915130615,6,lag_11__T_place_TRAMP,T_place_TRAMP,False,-2.926727294921875,0.00048038430395536125,-0.0014059538544382022
21908,37.5,0.016416966915130615,7,lag_01__CT3__duck_amount,CT3__duck_amount,False,3.7208433151245117,0.00034891071845777333,0.0012982421143488965
21908,37.5,0.016416966915130615,8,lag_13__CT1__is_walking,CT1__is_walking,False,-2.3343825340270996,-0.000511849473696202,0.0011948524714473774
21908,37.5,0.016416966915130615,9,lag_00__CT3__duck_amount,CT3__duck_amount,False,-1.3797574043273926,0.0007183473207987845,-0.0009911450347508677
21908,37.5,0.016416966915130615,10,lag_09__T2__is_walking,T2__is_walking,False,-2.2968344688415527,-0.0004139369120821357,0.0009507445675960846
21908,37.5,0.016416966915130615,11,lag_00__T_damage_last_5s,T_damage_last_5s,False,-1.8223313093185425,-0.0004317753773648292,0.0007868377887647569
21908,37.5,0.016416966915130615,12,lag_04__CT_place_RUINS,CT_place_RUINS,False,3.493913412094116,-0.00021982958423905075,-0.0007680655327478927
21908,37.5,0.016416966915130615,13,lag_13__CT4__is_walking,CT4__is_walking,False,-2.384641170501709,-0.00029896822525188327,0.0007129319386074695
21908,37.5,0.016416966915130615,14,lag_11__T_place_MIDDLE,T_place_MIDDLE,False,1.6254756450653076,-0.0004282974696252495,-0.0006961871057189414
21908,37.5,0.016416966915130615,15,lag_13__CT_walking_count,CT_walking_count,False,-1.7948954105377197,-0.0003645693650469184,0.0006543638801453644
21908,37.5,0.016416966915130615,16,lag_13__T_flash_duration_sum,T_flash_duration_sum,True,3.3388726711273193,0.00018897205882240087,0.0006309536428087785
21908,37.5,0.016416966915130615,17,lag_02__CT_place_ARCH,CT_place_ARCH,False,4.080447673797607,0.00015097077994141728,0.0006160283678233666
21908,37.5,0.016416966915130615,18,lag_11__T2__is_walking,T2__is_walking,False,2.2968344688415527,-0.0002626851201057434,-0.0006033442383106546
21908,37.5,0.016416966915130615,19,lag_11__T3__is_walking,T3__is_walking,False,-2.3223767280578613,-0.00025103052030317485,0.0005829874383843497
21908,37.5,0.016416966915130615,20,lag_03__T1__is_walking,T1__is_walking,False,2.281590461730957,0.00023259989393409342,0.0005306976993996598
23860,68.0,-0.015898942947387695,1,lag_14__CT_place_LIBRARY,CT_place_LIBRARY,False,-6.411735534667969,0.0005110358470119536,-0.0032766266997756865
23860,68.0,-0.015898942947387695,2,lag_15__CT_place_RUINS,CT_place_RUINS,False,3.493913412094116,0.0005673986743204296,0.0019824418382125703
23860,68.0,-0.015898942947387695,3,lag_04__CT3__flash_duration,CT3__flash_duration,True,-7.249464988708496,0.00027081131702288985,-0.001963237161303477
23860,68.0,-0.015898942947387695,4,lag_13__CT1__is_walking,CT1__is_walking,False,-2.3343825340270996,-0.000511849473696202,0.0011948524714473774
23860,68.0,-0.015898942947387695,5,lag_15__CT1__flash_duration,CT1__flash_duration,True,5.189005374908447,-0.00022876258299220353,-0.0011870502727244839
23860,68.0,-0.015898942947387695,6,lag_04__CT_flash_duration_sum,CT_flash_duration_sum,True,-3.242980718612671,0.0003355603839736432,-0.0010882158551567891
23860,68.0,-0.015898942947387695,7,lag_15__CT_place_ARCH,CT_place_ARCH,False,-4.080447673797607,0.00025739159900695086,-0.0010502729514229592
23860,68.0,-0.015898942947387695,8,lag_00__T5__duck_amount,T5__duck_amount,False,3.7970333099365234,-0.00027037132531404495,-0.0010266089282691127
23860,68.0,-0.015898942947387695,9,lag_06__CT5__duck_amount,CT5__duck_amount,False,-2.736701488494873,-0.00030271144350990653,0.0008284308580379929
23860,68.0,-0.015898942947387695,10,lag_04__CT_flashed_players,CT_flashed_players,False,-2.1899399757385254,0.0003391584032215178,-0.0007427365453224477
23860,68.0,-0.015898942947387695,11,lag_04__T5__is_walking,T5__is_walking,False,-2.3193888664245605,-0.0002868361189030111,0.0006652845006720753
23860,68.0,-0.015898942947387695,12,lag_07__CT4__is_walking,CT4__is_walking,False,-2.384641170501709,0.0002773735031951219,-0.000661436275325375
23860,68.0,-0.015898942947387695,13,lag_11__T2__is_walking,T2__is_walking,False,-2.2968344688415527,-0.0002626851201057434,0.0006033442383106546
23860,68.0,-0.015898942947387695,14,lag_08__T_place_TOPOFMID,T_place_TOPOFMID,False,2.0359649658203125,-0.0002882838307414204,-0.0005869357796020047
23860,68.0,-0.015898942947387695,15,lag_07__CT5__duck_amount,CT5__duck_amount,False,2.736701488494873,-0.00021388694585766643,-0.000585344723098298
23860,68.0,-0.015898942947387695,16,lag_06__T3__is_walking,T3__is_walking,False,2.3223767280578613,-0.00022661335242446512,-0.0005262815759377523
23860,68.0,-0.015898942947387695,17,lag_06__CT5__is_walking,CT5__is_walking,False,2.396676540374756,0.00021903045126236975,0.0005249451441682179
23860,68.0,-0.015898942947387695,18,lag_07__T5__is_walking,T5__is_walking,False,-2.3193888664245605,0.0002202083560405299,-0.0005107488092940607
23860,68.0,-0.015898942947387695,19,lag_06__CT_flash_duration_sum,CT_flash_duration_sum,True,-2.3312060832977295,0.00020991858036722988,-0.0004893634715493096
23860,68.0,-0.015898942947387695,20,lag_12__T5__is_walking,T5__is_walking,False,2.3193888664245605,-0.00019659775716718286,-0.0004559866491376033
20852,21.0,0.015615582466125488,1,lag_07__T_place_BALCONY,T_place_BALCONY,False,13.751577377319336,0.00029814636218361557,0.004099982769334265
20852,21.0,0.015615582466125488,2,lag_13__T3__flash_duration,T3__flash_duration,True,4.344386577606201,0.00038207764737308025,0.001659893002850965
20852,21.0,0.015615582466125488,3,lag_11__CT_place_TOPOFMID,CT_place_TOPOFMID,False,3.6288270950317383,0.0004315034893807024,0.0015658515538654327
20852,21.0,0.015615582466125488,4,lag_11__T_shots_fired_sum,T_shots_fired_sum,False,-6.747633457183838,0.0001624748983886093,-0.0010963210603195245
20852,21.0,0.015615582466125488,5,lag_15__CT3__duck_amount,CT3__duck_amount,False,3.7208433151245117,0.000294158176984638,0.0010945164864225032
20852,21.0,0.015615582466125488,6,lag_00__CT4__is_walking,CT4__is_walking,False,2.384641170501709,0.00041614967631176114,0.0009923676512239854
20852,21.0,0.015615582466125488,7,lag_00__CT5__flash_duration,CT5__flash_duration,True,-6.908468246459961,-0.00013941703946329653,0.0009631581901476394
20852,21.0,0.015615582466125488,8,lag_05__T_place_BALCONY,T_place_BALCONY,False,-13.751577377319336,-6.769876927137375e-05,0.0009309648639845847
20852,21.0,0.015615582466125488,9,lag_15__CT5__flash_duration,CT5__flash_duration,True,7.546695709228516,0.00011917306255782023,0.0008993628398607234
20852,21.0,0.015615582466125488,10,lag_00__CT_flash_duration_sum,CT_flash_duration_sum,True,-3.185965061187744,-0.0002749572740867734,0.0008760042685598823
20852,21.0,0.015615582466125488,11,lag_04__T5__duck_amount,T5__duck_amount,False,3.3547582626342773,-0.0002606372581794858,-0.0008743749954279734
20852,21.0,0.015615582466125488,12,lag_01__T2__is_walking,T2__is_walking,False,-2.2968344688415527,0.00036613643169403076,-0.0008409547766135006
20852,21.0,0.015615582466125488,13,lag_09__T5__duck_amount,T5__duck_amount,False,-3.7970333099365234,-0.00022067248937673867,0.0008379007927500903
20852,21.0,0.015615582466125488,14,lag_00__CT_flashed_players,CT_flashed_players,False,-2.1899399757385254,-0.000364628154784441,0.000798513772442222
20852,21.0,0.015615582466125488,15,lag_12__T3__shots_fired,T3__shots_fired,False,3.027853012084961,0.0002621749008540064,0.0007938270632438793
20852,21.0,0.015615582466125488,16,lag_04__CT_place_RUINS,CT_place_RUINS,False,-3.493913412094116,-0.00021982958423905075,0.0007680655327478927
20852,21.0,0.015615582466125488,17,lag_11__T1__duck_amount,T1__duck_amount,False,-3.915480136871338,-0.0001886025711428374,0.0007384696210726432
20852,21.0,0.015615582466125488,18,lag_05__T3__flash_duration,T3__flash_duration,True,-4.344386577606201,0.00016206869622692466,-0.0007040890685383883
20852,21.0,0.015615582466125488,19,lag_12__T_shots_fired_sum,T_shots_fired_sum,False,3.748685359954834,0.00018541210738476366,0.0006950516525116371
20852,21.0,0.015615582466125488,20,lag_03__T5__duck_amount,T5__duck_amount,False,-3.3547582626342773,-0.00020453710749279708,0.0006861725513767764
22900,53.0,0.015463531017303467,1,lag_06__CT_flashes_last_5s,CT_flashes_last_5s,True,10.995440483093262,0.0003345788863953203,0.003678842232259366
22900,53.0,0.015463531017303467,2,lag_01__CT3__is_scoped,CT3__is_scoped,False,4.548114776611328,0.0003468819195404649,0.0015776587840012901
22900,53.0,0.015463531017303467,3,lag_01__T5__duck_amount,T5__duck_amount,False,3.7970333099365234,-0.00038160450640134513,-0.0014489650220277928
22900,53.0,0.015463531017303467,4,lag_15__CT4__is_walking,CT4__is_walking,False,-2.384641170501709,-0.0005655502900481224,0.0013486345056379356
22900,53.0,0.015463531017303467,5,lag_13__CT1__is_walking,CT1__is_walking,False,-2.3343825340270996,-0.000511849473696202,0.0011948524714473774
22900,53.0,0.015463531017303467,6,lag_00__CT_place_RUINS,CT_place_RUINS,False,-3.493913412094116,-0.00031822131131775677,0.0011118377076272876
22900,53.0,0.015463531017303467,7,lag_03__T2__is_walking,T2__is_walking,False,2.2968344688415527,0.0003802203282248229,0.0008733031556210219
22900,53.0,0.015463531017303467,8,lag_07__CT_place_RUINS,CT_place_RUINS,False,3.493913173675537,0.00024391416809521616,0.0008522149251539851
22900,53.0,0.015463531017303467,9,lag_13__CT4__is_walking,CT4__is_walking,False,-2.384641170501709,-0.00029896822525188327,0.0007129319386074695
22900,53.0,0.015463531017303467,10,lag_01__T_duck_amount_mean,T_duck_amount_mean,False,2.248447895050049,-0.00031267176382243633,-0.000703026169208143
22900,53.0,0.015463531017303467,11,lag_04__T5__is_walking,T5__is_walking,False,-2.3193888664245605,-0.0002868361189030111,0.0006652845006720753
22900,53.0,0.015463531017303467,12,lag_13__CT_walking_count,CT_walking_count,False,-1.7948952913284302,-0.0003645693650469184,0.0006543638366853094
22900,53.0,0.015463531017303467,13,lag_04__CT_B_site_active_infernos,CT_B_site_active_infernos,True,-3.435478687286377,-0.0001882804644992575,0.0006468335230195785
22900,53.0,0.015463531017303467,14,lag_14__CT5__is_walking,CT5__is_walking,False,-2.396676540374756,-0.00026758454623632133,0.0006413136045314155
22900,53.0,0.015463531017303467,15,lag_05__T5__duck_amount,T5__duck_amount,False,-3.7970333099365234,-0.00016404292546212673,0.0006228764522391295
22900,53.0,0.015463531017303467,16,lag_13__T1__is_walking,T1__is_walking,False,-2.281590461730957,-0.00024934482644312084,0.0005689027776945854
22900,53.0,0.015463531017303467,17,lag_04__T2__is_walking,T2__is_walking,False,-2.2968344688415527,0.00022318522678688169,-0.0005126195218203289
22900,53.0,0.015463531017303467,18,lag_01__T_place_TOPOFMID,T_place_TOPOFMID,False,2.0359649658203125,-0.0002368874556850642,-0.0004822945606171025
22900,53.0,0.015463531017303467,19,lag_14__CT4__is_walking,CT4__is_walking,False,2.384641170501709,-0.00018618193280417472,-0.00044397710216841774
22900,53.0,0.015463531017303467,20,lag_14__T3__duck_amount,T3__duck_amount,False,2.854759454727173,0.0001484979729866609,0.0004239259923914905
24180,73.0,-0.014980852603912354,1,lag_08__CT_place_LIBRARY,CT_place_LIBRARY,False,6.411735534667969,0.0006526836077682674,0.004184834680823091
24180,73.0,-0.014980852603912354,2,lag_00__CT3__duck_amount,CT3__duck_amount,False,-3.7208433151245117,0.0007183473207987845,-0.0026728578265317604
24180,73.0,-0.014980852603912354,3,lag_01__CT1__duck_amount,CT1__duck_amount,False,-3.645623207092285,0.00045662434422411025,-0.0016646803062267124
24180,73.0,-0.014980852603912354,4,lag_14__CT3__flash_duration,CT3__flash_duration,True,-7.249464988708496,0.00019575387705117464,-0.001419110878086438
24180,73.0,-0.014980852603912354,5,lag_12__CT1__duck_amount,CT1__duck_amount,False,-3.8154516220092773,0.00036668599932454526,-0.001399072690890929
24180,73.0,-0.014980852603912354,6,lag_15__CT4__is_walking,CT4__is_walking,False,2.384641170501709,-0.0005655502900481224,-0.0013486345056379356
24180,73.0,-0.014980852603912354,7,lag_01__CT3__duck_amount,CT3__duck_amount,False,3.7208433151245117,0.00034891071845777333,0.0012982421143488965
24180,73.0,-0.014980852603912354,8,lag_00__CT3__is_walking,CT3__is_walking,False,2.387126922607422,-0.0005153218517079949,-0.0012301386660200642
24180,73.0,-0.014980852603912354,9,lag_00__T5__duck_amount,T5__duck_amount,False,3.7970333099365234,-0.00027037132531404495,-0.0010266089282691127
24180,73.0,-0.014980852603912354,10,lag_00__CT4__is_walking,CT4__is_walking,False,2.384641170501709,0.00041614967631176114,0.0009923676512239854
24180,73.0,-0.014980852603912354,11,lag_00__CT_duck_amount_mean,CT_duck_amount_mean,False,-1.859053373336792,0.0004052779113408178,-0.0007534332682170367
24180,73.0,-0.014980852603912354,12,lag_00__T5__is_walking,T5__is_walking,False,-2.3193888664245605,0.0003229015856049955,-0.0007489343426030637
24180,73.0,-0.014980852603912354,13,lag_15__T5__duck_amount,T5__duck_amount,False,-1.68379807472229,0.0004413787683006376,-0.0007431927202879093
24180,73.0,-0.014980852603912354,14,lag_12__CT1__is_walking,CT1__is_walking,False,2.3343825340270996,-0.000309669878333807,-0.000722887955296736
24180,73.0,-0.014980852603912354,15,lag_14__CT5__is_walking,CT5__is_walking,False,-2.396676540374756,-0.00026758454623632133,0.0006413136045314155
24180,73.0,-0.014980852603912354,16,lag_03__T5__duck_amount,T5__duck_amount,False,-2.8989014625549316,-0.00020453710749279708,0.0005929329200576247
24180,73.0,-0.014980852603912354,17,lag_02__CT_place_PIT,CT_place_PIT,False,4.305429458618164,-0.0001236035895999521,-0.0005321665358545835
24180,73.0,-0.014980852603912354,18,lag_06__T3__is_walking,T3__is_walking,False,2.3223767280578613,-0.00022661335242446512,-0.0005262815759377523
24180,73.0,-0.014980852603912354,19,lag_12__CT5__is_walking,CT5__is_walking,False,2.396676540374756,-0.00021539586305152625,-0.0005162342118693666
24180,73.0,-0.014980852603912354,20,lag_15__T5__is_walking,T5__is_walking,False,2.3193888664245605,-0.00021321502572391182,-0.0004945285568184674
24052,71.0,-0.0148087739944458,1,lag_04__CT_place_LIBRARY,CT_place_LIBRARY,False,6.411735534667969,0.0004978576907888055,0.003192131847238322
24052,71.0,-0.0148087739944458,2,lag_00__CT_place_PIT,CT_place_PIT,False,-4.305429458618164,0.00043534341966733336,-0.0018743403836513073
24052,71.0,-0.0148087739944458,3,lag_01__CT1__duck_amount,CT1__duck_amount,False,-3.697669506072998,0.00045662434422411025,-0.0016884459133680724
24052,71.0,-0.0148087739944458,4,lag_00__CT3__is_walking,CT3__is_walking,False,2.387126922607422,-0.0005153218517079949,-0.0012301386660200642
24052,71.0,-0.0148087739944458,5,lag_12__CT1__flash_duration,CT1__flash_duration,True,-5.189005374908447,0.00022403149341698736,-0.0011625006234895138
24052,71.0,-0.0148087739944458,6,lag_10__CT3__flash_duration,CT3__flash_duration,True,-7.249464988708496,0.00013891805429011583,-0.0010070815708757008
24052,71.0,-0.0148087739944458,7,lag_15__T1__is_walking,T1__is_walking,False,-2.281590461730957,-0.0004290357755962759,0.0009788839333418065
24052,71.0,-0.0148087739944458,8,lag_14__T1__is_walking,T1__is_walking,False,2.281590461730957,-0.0004045722307637334,-0.0009230681427917498
24052,71.0,-0.0148087739944458,9,lag_10__CT1__duck_amount,CT1__duck_amount,False,2.167389392852783,-0.0003316364891361445,-0.0007187854088366169
24052,71.0,-0.0148087739944458,10,lag_13__CT4__is_walking,CT4__is_walking,False,-2.384641170501709,-0.00029896822525188327,0.0007129319386074695
24052,71.0,-0.0148087739944458,11,lag_14__T2__duck_amount,T2__duck_amount,False,-3.034114122390747,0.0002314798184670508,-0.0007023361862593253
24052,71.0,-0.0148087739944458,12,lag_06__T5__duck_amount,T5__duck_amount,False,3.7970333099365234,-0.00017637024575378746,-0.0006696836980088217
24052,71.0,-0.0148087739944458,13,lag_13__CT_walking_count,CT_walking_count,False,-1.7948954105377197,-0.0003645693650469184,0.0006543638801453644
24052,71.0,-0.0148087739944458,14,lag_08__CT1__duck_amount,CT1__duck_amount,False,-3.8154516220092773,0.00016703804431017488,-0.0006373255771005143
24052,71.0,-0.0148087739944458,15,lag_03__CT1__duck_amount,CT1__duck_amount,False,2.1918230056762695,-0.000267673545749858,-0.0005866930355854783
24052,71.0,-0.0148087739944458,16,lag_12__CT5__duck_amount,CT5__duck_amount,False,-2.736701488494873,-0.00020855051116086543,0.000570740494320307
24052,71.0,-0.0148087739944458,17,lag_03__T1__is_walking,T1__is_walking,False,2.281590461730957,0.00023259989393409342,0.0005306976993996598
24052,71.0,-0.0148087739944458,18,lag_12__CT5__is_walking,CT5__is_walking,False,2.396676540374756,-0.00021539586305152625,-0.0005162342118693666
24052,71.0,-0.0148087739944458,19,lag_05__T1__is_walking,T1__is_walking,False,-2.281590461730957,0.00022142103989608586,-0.0005051921326534592
24052,71.0,-0.0148087739944458,20,lag_00__CT_duck_amount_mean,CT_duck_amount_mean,False,1.160733938217163,0.0004052779113408178,0.0004704198261030537
22932,53.5,0.014584660530090332,1,lag_00__CT3__duck_amount,CT3__duck_amount,False,3.7208433151245117,0.0007183473207987845,0.0026728578265317604
22932,53.5,0.014584660530090332,2,lag_02__CT3__is_scoped,CT3__is_scoped,False,4.548114776611328,0.00037722685374319553,0.001715671027644028
22932,53.5,0.014584660530090332,3,lag_07__CT_flashes_last_5s,CT_flashes_last_5s,True,10.995440483093262,0.00014614964311476797,0.001606979702493752
22932,53.5,0.014584660530090332,4,lag_15__CT4__is_walking,CT4__is_walking,False,2.384641170501709,-0.0005655502900481224,-0.0013486345056379356
22932,53.5,0.014584660530090332,5,lag_03__CT_place_RUINS,CT_place_RUINS,False,-3.493913173675537,-0.0003810621565207839,0.0013313980886571763
22932,53.5,0.014584660530090332,6,lag_08__CT_place_RUINS,CT_place_RUINS,False,3.493913173675537,0.00032386439852416515,0.0011315540884880848
22932,53.5,0.014584660530090332,7,lag_00__CT_place_RUINS,CT_place_RUINS,False,-3.493913412094116,-0.00031822131131775677,0.0011118377076272876
22932,53.5,0.014584660530090332,8,lag_00__CT4__is_walking,CT4__is_walking,False,-2.384641170501709,0.00041614967631176114,-0.0009923676512239854
22932,53.5,0.014584660530090332,9,lag_14__T1__is_walking,T1__is_walking,False,-2.281590461730957,-0.0004045722307637334,0.0009230681427917498
22932,53.5,0.014584660530090332,10,lag_00__T5__duck_amount,T5__duck_amount,False,-3.0903120040893555,-0.00027037132531404495,0.0008355317521795413
22932,53.5,0.014584660530090332,11,lag_00__T5__is_walking,T5__is_walking,False,2.3193888664245605,0.0003229015856049955,0.0007489343426030637
22932,53.5,0.014584660530090332,12,lag_02__T5__duck_amount,T5__duck_amount,False,3.7970333099365234,-0.00019456569862086326,-0.0007387724386344885
22932,53.5,0.014584660530090332,13,lag_12__CT1__is_walking,CT1__is_walking,False,2.3343825340270996,-0.000309669878333807,-0.000722887955296736
22932,53.5,0.014584660530090332,14,lag_06__T5__duck_amount,T5__duck_amount,False,-3.7970333099365234,-0.00017637024575378746,0.0006696836980088217
22932,53.5,0.014584660530090332,15,lag_07__CT4__is_walking,CT4__is_walking,False,2.384641170501709,0.0002773735031951219,0.000661436275325375
22932,53.5,0.014584660530090332,16,lag_00__T3__duck_amount,T3__duck_amount,False,-3.7704498767852783,0.00016285540186800063,-0.00061403812990702
22932,53.5,0.014584660530090332,17,lag_15__T2__is_walking,T2__is_walking,False,-2.2968344688415527,-0.0002563920570537448,0.000588890114178231
22932,53.5,0.014584660530090332,18,lag_12__CT5__is_walking,CT5__is_walking,False,2.396676540374756,-0.00021539586305152625,-0.0005162342118693666
22932,53.5,0.014584660530090332,19,lag_04__T2__is_walking,T2__is_walking,False,2.2968344688415527,0.00022318522678688169,0.0005126195218203289
22932,53.5,0.014584660530090332,20,lag_05__T1__is_walking,T1__is_walking,False,2.281590461730957,0.00022142103989608586,0.0005051921326534592
23892,68.5,-0.014354407787322998,1,lag_15__CT_place_LIBRARY,CT_place_LIBRARY,False,-6.411735534667969,0.0004869953263550997,-0.003122485239208217
23892,68.5,-0.014354407787322998,2,lag_05__CT3__flash_duration,CT3__flash_duration,True,-7.249464988708496,0.00028422856121324003,-0.002060505003306373
23892,68.5,-0.014354407787322998,3,lag_01__T5__duck_amount,T5__duck_amount,False,3.7970333099365234,-0.00038160450640134513,-0.0014489650220277928
23892,68.5,-0.014354407787322998,4,lag_15__CT4__is_walking,CT4__is_walking,False,2.384641170501709,-0.0005655502900481224,-0.0013486345056379356
23892,68.5,-0.014354407787322998,5,lag_11__CT_place_RUINS,CT_place_RUINS,False,-3.493913412094116,0.00029458990320563316,-0.0010292716138776692
23892,68.5,-0.014354407787322998,6,lag_03__CT1__duck_amount,CT1__duck_amount,False,-3.8154516220092773,-0.000267673545749858,0.0010212954643002703
23892,68.5,-0.014354407787322998,7,lag_05__CT_flash_duration_sum,CT_flash_duration_sum,True,-3.242980718612671,0.00026119608082808554,-0.0008470538539026781
23892,68.5,-0.014354407787322998,8,lag_05__CT_flashed_players,CT_flashed_players,False,-2.1899399757385254,0.00029526924481615424,-0.0006466219228290215
23892,68.5,-0.014354407787322998,9,lag_10__T1__is_walking,T1__is_walking,False,-2.281590461730957,-0.00028323993319645524,0.0006462375299623457
23892,68.5,-0.014354407787322998,10,lag_09__T_place_MIDDLE,T_place_MIDDLE,False,-1.6254756450653076,-0.0003812710347119719,0.0006197467810931598
23892,68.5,-0.014354407787322998,11,lag_07__CT5__duck_amount,CT5__duck_amount,False,-2.736701488494873,-0.00021388694585766643,0.000585344723098298
23892,68.5,-0.014354407787322998,12,lag_12__CT4__is_walking,CT4__is_walking,False,-2.384641170501709,0.00022991163132246584,-0.0005482567416287623
23892,68.5,-0.014354407787322998,13,lag_08__T5__is_walking,T5__is_walking,False,-2.3193888664245605,0.00022376292326953262,-0.0005189932329499672
23892,68.5,-0.014354407787322998,14,lag_15__CT2__is_walking,CT2__is_walking,False,-2.360051155090332,-0.00021865716553293169,0.0005160420960847734
23892,68.5,-0.014354407787322998,15,lag_09__CT4__is_walking,CT4__is_walking,False,2.384641170501709,-0.0002161425945814699,-0.0005154225297380327
23892,68.5,-0.014354407787322998,16,lag_15__CT1__is_walking,CT1__is_walking,False,2.3343825340270996,-0.00021444071899168193,-0.0005005866689983957
23892,68.5,-0.014354407787322998,17,lag_11__T2__duck_amount,T2__duck_amount,False,3.8233180046081543,0.0001307188649661839,0.000499779789967153
23892,68.5,-0.014354407787322998,18,lag_01__T_duck_amount_mean,T_duck_amount_mean,False,1.4539684057235718,-0.00031267176382243633,-0.0004546148659596849
23892,68.5,-0.014354407787322998,19,lag_07__T3__is_walking,T3__is_walking,False,2.3223767280578613,0.00019229709869250655,0.000446586306876523
23892,68.5,-0.014354407787322998,20,lag_08__T2__is_walking,T2__is_walking,False,2.2968344688415527,-0.0001912346197059378,-0.000439234266176404
23828,67.5,-0.014342844486236572,1,lag_13__CT_place_LIBRARY,CT_place_LIBRARY,False,-6.411735534667969,0.0005532740033231676,-0.0035474465875151573
23828,67.5,-0.014342844486236572,2,lag_01__CT1__duck_amount,CT1__duck_amount,False,-3.8154516220092773,0.00045662434422411025,-0.001742228094818804
23828,67.5,-0.014342844486236572,3,lag_03__CT3__flash_duration,CT3__flash_duration,True,-7.249464988708496,0.0002015525969909504,-0.0014611484952691683
23828,67.5,-0.014342844486236572,4,lag_13__CT1__is_walking,CT1__is_walking,False,2.3343825340270996,-0.000511849473696202,-0.0011948524714473774
23828,67.5,-0.014342844486236572,5,lag_14__CT_place_RUINS,CT_place_RUINS,False,3.493913412094116,0.0003368560574017465,0.0011769458969011076
23828,67.5,-0.014342844486236572,6,lag_15__CT3__duck_amount,CT3__duck_amount,False,-3.7208433151245117,0.000294158176984638,-0.0010945164864225032
23828,67.5,-0.014342844486236572,7,lag_14__CT1__flash_duration,CT1__flash_duration,True,5.189005374908447,-0.00020760511688422412,-0.0010772640673707354
23828,67.5,-0.014342844486236572,8,lag_03__CT_flash_duration_sum,CT_flash_duration_sum,True,-3.242980718612671,0.0002568039344623685,-0.000832810207925333
23828,67.5,-0.014342844486236572,9,lag_06__CT5__duck_amount,CT5__duck_amount,False,2.736701488494873,-0.00030271144350990653,-0.0008284308580379929
23828,67.5,-0.014342844486236572,10,lag_10__T2__is_walking,T2__is_walking,False,-2.2968344688415527,-0.00034644853440113366,0.0007957349354921622
23828,67.5,-0.014342844486236572,11,lag_12__CT1__is_walking,CT1__is_walking,False,-2.3343825340270996,-0.000309669878333807,0.000722887955296736
23828,67.5,-0.014342844486236572,12,lag_13__CT4__is_walking,CT4__is_walking,False,2.384641170501709,-0.00029896822525188327,-0.0007129319386074695
23828,67.5,-0.014342844486236572,13,lag_04__T5__is_walking,T5__is_walking,False,2.3193888664245605,-0.0002868361189030111,-0.0006652845006720753
23828,67.5,-0.014342844486236572,14,lag_07__CT4__is_walking,CT4__is_walking,False,2.384641170501709,0.0002773735031951219,0.000661436275325375
23828,67.5,-0.014342844486236572,15,lag_05__CT_flashed_players,CT_flashed_players,False,-2.1899399757385254,0.00029526924481615424,-0.0006466219228290215
23828,67.5,-0.014342844486236572,16,lag_05__CT_flash_duration_sum,CT_flash_duration_sum,True,-2.3312060832977295,0.00026119608082808554,-0.0006089018925599585
23828,67.5,-0.014342844486236572,17,lag_14__CT_place_ARCH,CT_place_ARCH,False,-4.080447673797607,0.00014773794100619853,-0.0006028369377103909
23828,67.5,-0.014342844486236572,18,lag_05__T3__is_walking,T3__is_walking,False,2.3223767280578613,-0.0002565539034549147,-0.0005958148148760972
23828,67.5,-0.014342844486236572,19,lag_03__CT1__duck_amount,CT1__duck_amount,False,2.167389392852783,-0.000267673545749858,-0.0005801528038055365
23828,67.5,-0.014342844486236572,20,lag_06__CT5__is_walking,CT5__is_walking,False,-2.396676540374756,0.00021903045126236975,-0.0005249451441682179
20532,16.0,0.014306604862213135,1,lag_09__CT3__is_scoped,CT3__is_scoped,False,4.548114776611328,0.0004836305452045053,0.0021996072290652036
20532,16.0,0.014306604862213135,2,lag_08__CT3__is_scoped,CT3__is_scoped,False,-4.548114776611328,0.0004639232938643545,-0.00210997638803867
20532,16.0,0.014306604862213135,3,lag_05__CT5__flash_duration,CT5__flash_duration,True,7.546695709228516,0.00025224857381545007,0.0019036432296720696
20532,16.0,0.014306604862213135,4,lag_01__T_shots_fired_sum,T_shots_fired_sum,False,-6.747633457183838,0.000275840749964118,-0.0018612722733125642
20532,16.0,0.014306604862213135,5,lag_01__T1__duck_amount,T1__duck_amount,False,-3.915480136871338,-0.000410286127589643,0.0016064671830111066
20532,16.0,0.014306604862213135,6,lag_05__CT3__duck_amount,CT3__duck_amount,False,3.7208433151245117,0.00039905583253130317,0.001484824226835546
20532,16.0,0.014306604862213135,7,lag_12__CT1__duck_amount,CT1__duck_amount,False,3.8154516220092773,0.00036668599932454526,0.001399072690890929
20532,16.0,0.014306604862213135,8,lag_03__CT_place_RUINS,CT_place_RUINS,False,3.493913412094116,-0.0003810621565207839,-0.0013313981795094743
20532,16.0,0.014306604862213135,9,lag_05__CT_flashed_players,CT_flashed_players,False,4.379879951477051,0.00029526924481615424,0.001293243845658043
20532,16.0,0.014306604862213135,10,lag_01__T3__shots_fired,T3__shots_fired,False,-5.450135707855225,0.00023638915445189923,-0.0012883529716279998
20532,16.0,0.014306604862213135,11,lag_10__CT_place_BALCONY,CT_place_BALCONY,False,6.417822360992432,0.00017964703147299588,0.001152942735673304
20532,16.0,0.014306604862213135,12,lag_00__CT_place_RUINS,CT_place_RUINS,False,-3.493913412094116,-0.00031822131131775677,0.0011118377076272876
20532,16.0,0.014306604862213135,13,lag_05__CT_flash_duration_sum,CT_flash_duration_sum,True,4.195886611938477,0.00026119608082808554,0.0010959491386373643
20532,16.0,0.014306604862213135,14,lag_00__T5__duck_amount,T5__duck_amount,False,3.7970333099365234,-0.00027037132531404495,-0.0010266089282691127
20532,16.0,0.014306604862213135,15,lag_02__T3__shots_fired,T3__shots_fired,False,3.027853012084961,0.0003372668579686433,0.0010211944717767873
20532,16.0,0.014306604862213135,16,lag_01__CT_place_TOPOFMID,CT_place_TOPOFMID,False,3.6288270950317383,-0.000253960577538237,-0.000921579024840663
20532,16.0,0.014306604862213135,17,lag_03__T3__flash_duration,T3__flash_duration,True,4.344386577606201,0.00018784582789521664,0.0008160748933673037
20532,16.0,0.014306604862213135,18,lag_08__CT_kills_last_3s,CT_kills_last_3s,False,2.8871407508850098,0.00027314541512168944,0.0007886092589152321
20532,16.0,0.014306604862213135,19,lag_13__T_place_TRAMP,T_place_TRAMP,False,-5.85345458984375,0.00012679163774009794,-0.0007421690938835823
20532,16.0,0.014306604862213135,20,lag_12__T_A_site_active_infernos,T_A_site_active_infernos,True,2.9764554500579834,0.0002387066779192537,0.0007104997924579984
19924,6.5,-0.014282822608947754,1,lag_08__CT_place_LIBRARY,CT_place_LIBRARY,False,6.411735534667969,0.0006526836077682674,0.004184834680823091
19924,6.5,-0.014282822608947754,2,lag_00__T_place_LOWERMID,T_place_LOWERMID,False,-6.652692794799805,0.00023166749451775104,-0.0015412126715675656
19924,6.5,-0.014282822608947754,3,lag_03__T_place_LOWERMID,T_place_LOWERMID,False,6.6526923179626465,-0.00021848789765499532,-0.0014535327582971963
19924,6.5,-0.014282822608947754,4,lag_03__CT_place_RUINS,CT_place_RUINS,False,3.493913412094116,-0.0003810621565207839,-0.0013313981795094743
19924,6.5,-0.014282822608947754,5,lag_01__CT_place_TOPOFMID,CT_place_TOPOFMID,False,3.6288270950317383,-0.000253960577538237,-0.000921579024840663
19924,6.5,-0.014282822608947754,6,lag_13__CT_place_CTSPAWN,CT_place_CTSPAWN,False,4.78255033493042,-0.0001709667849354446,-0.0008176572545549876
19924,6.5,-0.014282822608947754,7,lag_04__CT_place_RUINS,CT_place_RUINS,False,3.493913412094116,-0.00021982958423905075,-0.0007680655327478927
19924,6.5,-0.014282822608947754,8,lag_13__T_closest_enemy_dist,T_closest_enemy_dist,False,4.026003360748291,-0.00018344893760513514,-0.0007385660393239776
19924,6.5,-0.014282822608947754,9,lag_04__T_macro_MID,T_macro_MID,False,2.0557379722595215,-0.00035815092269331217,-0.0007362644515804262
19924,6.5,-0.014282822608947754,10,lag_13__CT_closest_enemy_dist,CT_closest_enemy_dist,False,4.124736785888672,-0.00017653578834142536,-0.0007281636601977337
19924,6.5,-0.014282822608947754,11,lag_03__T_macro_MID,T_macro_MID,False,2.0557377338409424,-0.0003262894751969725,-0.0006707655863175746
19924,6.5,-0.014282822608947754,12,lag_03__CT_place_LIBRARY,CT_place_LIBRARY,False,-6.411735534667969,-9.244997636415064e-05,0.0005927647986332385
19924,6.5,-0.014282822608947754,13,lag_00__T_place_TRAMP,T_place_TRAMP,False,2.926727294921875,0.00017770074191503227,0.0005200816116905926
19924,6.5,-0.014282822608947754,14,lag_13__centroid_distance_xy,centroid_distance_xy,False,3.842611789703369,-0.0001343921321677044,-0.0005164167915109943
19924,6.5,-0.014282822608947754,15,lag_01__CT_place_ARCH,CT_place_ARCH,False,-4.080447673797607,0.00010898150503635406,-0.0004446933287125532
19924,6.5,-0.014282822608947754,16,lag_13__CT_walking_count,CT_walking_count,False,-1.0355465412139893,-0.0003645693650469184,0.00037752854500691657
19924,6.5,-0.014282822608947754,17,lag_13__T_place_TSPAWN,T_place_TSPAWN,False,4.428390979766846,-8.519578113919124e-05,-0.00037728022871098485
19924,6.5,-0.014282822608947754,18,lag_13__T_velocity_mean,T_velocity_mean,False,-1.7359485626220703,0.00019928059191443026,-0.0003459408570923306
19924,6.5,-0.014282822608947754,19,lag_02__T_place_LOWERMID,T_place_LOWERMID,False,3.3263463973999023,-0.00010183262929785997,-0.00033873059960269625
19924,6.5,-0.014282822608947754,20,lag_12__CT_velocity_mean,CT_velocity_mean,False,3.392946720123291,9.780261461855844e-05,0.0003318390604895201
24404,76.5,-0.014130115509033203,1,lag_15__CT_place_LIBRARY,CT_place_LIBRARY,False,6.411735534667969,0.0004869953263550997,0.003122485239208217
24404,76.5,-0.014130115509033203,2,lag_00__CT3__is_scoped,CT3__is_scoped,False,-4.548114776611328,0.0006683309911750257,-0.0030396460566304295
24404,76.5,-0.014130115509033203,3,lag_06__CT3__is_scoped,CT3__is_scoped,False,4.548114776611328,0.0006244489923119545,0.002840065689174054
24404,76.5,-0.014130115509033203,4,lag_07__CT3__duck_amount,CT3__duck_amount,False,-3.7208433151245117,0.0004050003772135824,-0.0015069429461780637
24404,76.5,-0.014130115509033203,5,lag_05__CT3__duck_amount,CT3__duck_amount,False,-3.7208433151245117,0.00039905583253130317,-0.001484824226835546
24404,76.5,-0.014130115509033203,6,lag_12__CT1__duck_amount,CT1__duck_amount,False,-3.697669506072998,0.00036668599932454526,-0.001355883638006275
24404,76.5,-0.014130115509033203,7,lag_07__T5__duck_amount,T5__duck_amount,False,3.7970333099365234,-0.00035408823168836534,-0.0013444848103772444
24404,76.5,-0.014130115509033203,8,lag_00__CT3__is_walking,CT3__is_walking,False,-2.387126922607422,-0.0005153218517079949,0.0012301386660200642
24404,76.5,-0.014130115509033203,9,lag_10__T3__is_walking,T3__is_walking,False,2.3223767280578613,-0.000508095312397927,-0.0011799887291482347
24404,76.5,-0.014130115509033203,10,lag_08__CT3__duck_amount,CT3__duck_amount,False,3.7208433151245117,0.0002951358037535101,0.001098154082450148
24404,76.5,-0.014130115509033203,11,lag_03__CT1__duck_amount,CT1__duck_amount,False,3.8154516220092773,-0.000267673545749858,-0.0010212954643002703
24404,76.5,-0.014130115509033203,12,lag_09__CT1__duck_amount,CT1__duck_amount,False,3.645623207092285,-0.00026122666895389557,-0.0009523340066497354
24404,76.5,-0.014130115509033203,13,lag_14__T1__is_walking,T1__is_walking,False,2.281590461730957,-0.0004045722307637334,-0.0009230681427917498
24404,76.5,-0.014130115509033203,14,lag_13__T3__is_walking,T3__is_walking,False,2.3223767280578613,-0.0003833354276139289,-0.0008902492761306974
24404,76.5,-0.014130115509033203,15,lag_03__T2__is_walking,T2__is_walking,False,-2.2968344688415527,0.0003802203282248229,-0.0008733031556210219
24404,76.5,-0.014130115509033203,16,lag_06__CT3__duck_amount,CT3__duck_amount,False,3.7208433151245117,0.00018562973127700388,0.0006906991447103994
24404,76.5,-0.014130115509033203,17,lag_00__CT_scoped_count,CT_scoped_count,False,-2.141930103302002,0.0003147498646285385,-0.0006741722100580966
24404,76.5,-0.014130115509033203,18,lag_07__CT4__is_walking,CT4__is_walking,False,2.384641170501709,0.0002773735031951219,0.000661436275325375
24404,76.5,-0.014130115509033203,19,lag_08__CT1__duck_amount,CT1__duck_amount,False,-3.645623207092285,0.00016703804431017488,-0.000608957770804483
24404,76.5,-0.014130115509033203,20,lag_09__CT_place_PIT,CT_place_PIT,False,4.305429458618164,-0.00014022049435880035,-0.0006037094471143811
20372,13.5,-0.014074385166168213,1,lag_03__CT3__is_scoped,CT3__is_scoped,False,-4.548114776611328,0.0006030839867889881,-0.002742895191852668
20372,13.5,-0.014074385166168213,2,lag_14__T_place_LOWERMID,T_place_LOWERMID,False,-6.652692794799805,0.00040560399065725505,-0.002698358746187568
20372,13.5,-0.014074385166168213,3,lag_02__CT_place_BALCONY,CT_place_BALCONY,False,-6.417822360992432,0.0004181297845207155,-0.002683482680893995
20372,13.5,-0.014074385166168213,4,lag_00__CT3__duck_amount,CT3__duck_amount,False,3.7208433151245117,0.0007183473207987845,0.0026728578265317604
20372,13.5,-0.014074385166168213,5,lag_00__CT_flashed_players,CT_flashed_players,False,4.379879951477051,-0.000364628154784441,-0.001597027544884444
20372,13.5,-0.014074385166168213,6,lag_11__T_place_TRAMP,T_place_TRAMP,False,2.926727294921875,0.00048038430395536125,0.0014059538544382022
20372,13.5,-0.014074385166168213,7,lag_08__T_place_TRAMP,T_place_TRAMP,False,-5.85345458984375,0.0002030563191510737,-0.0011885809433316297
20372,13.5,-0.014074385166168213,8,lag_00__CT_flash_duration_sum,CT_flash_duration_sum,True,4.195886611938477,-0.0002749572740867734,-0.0011536895451957907
20372,13.5,-0.014074385166168213,9,lag_00__CT5__flash_duration,CT5__flash_duration,True,7.546695709228516,-0.00013941703946329653,-0.0010521379735110026
20372,13.5,-0.014074385166168213,10,lag_15__CT_place_ARCH,CT_place_ARCH,False,-4.080447673797607,0.00025739159900695086,-0.0010502729514229592
20372,13.5,-0.014074385166168213,11,lag_11__CT_place_RUINS,CT_place_RUINS,False,-3.493913412094116,0.00029458990320563316,-0.0010292716138776692
20372,13.5,-0.014074385166168213,12,lag_12__T_place_LOWERMID,T_place_LOWERMID,False,-3.3263461589813232,-0.0002845686103682965,0.0009465737040652358
20372,13.5,-0.014074385166168213,13,lag_11__T_place_LOWERMID,T_place_LOWERMID,False,-3.3263463973999023,-0.0002834196202456951,0.0009427518327567164
20372,13.5,-0.014074385166168213,14,lag_09__T_place_TRAMP,T_place_TRAMP,False,-2.926727294921875,0.00032117438968271017,-0.0009399898527142625
20372,13.5,-0.014074385166168213,15,lag_06__CT1__duck_amount,CT1__duck_amount,False,-3.8154516220092773,0.00021340268722269684,-0.0008142276291049771
20372,13.5,-0.014074385166168213,16,lag_04__CT_place_ARCH,CT_place_ARCH,False,4.080447673797607,-0.00019423846970312297,-0.0007925799118621152
20372,13.5,-0.014074385166168213,17,lag_04__CT3__is_scoped,CT3__is_scoped,False,4.548114776611328,-0.00016543063975404948,-0.0007523975371696578
20372,13.5,-0.014074385166168213,18,lag_04__CT_flashed_players,CT_flashed_players,False,2.1899399757385254,0.0003391584032215178,0.0007427365453224477
20372,13.5,-0.014074385166168213,19,lag_04__T1__duck_amount,T1__duck_amount,False,-3.915480136871338,0.00018482528685126454,-0.0007236797394576736
20372,13.5,-0.014074385166168213,20,lag_15__CT_place_TOPOFMID,CT_place_TOPOFMID,False,3.6288270950317383,0.00019570483709685504,0.0007101790154858401
24020,70.5,-0.013893365859985352,1,lag_15__CT_place_RUINS,CT_place_RUINS,False,-3.493913412094116,0.0005673986743204296,-0.0019824418382125703
24020,70.5,-0.013893365859985352,2,lag_13__CT1__is_walking,CT1__is_walking,False,2.3343825340270996,-0.000511849473696202,-0.0011948524714473774
24020,70.5,-0.013893365859985352,3,lag_11__CT1__flash_duration,CT1__flash_duration,True,-5.189005374908447,0.00023000413784757257,-0.0011934927075422375
24020,70.5,-0.013893365859985352,4,lag_01__T3__is_walking,T3__is_walking,False,2.3223767280578613,0.0004288530326448381,0.0009959583027714103
24020,70.5,-0.013893365859985352,5,lag_14__T1__is_walking,T1__is_walking,False,-2.281590461730957,-0.0004045722307637334,0.0009230681427917498
24020,70.5,-0.013893365859985352,6,lag_09__CT3__flash_duration,CT3__flash_duration,True,-7.249464988708496,0.0001172818592749536,-0.000850230732624413
24020,70.5,-0.013893365859985352,7,lag_15__CT_walking_count,CT_walking_count,False,1.7948951721191406,-0.0004166544822510332,-0.0007478511186341796
24020,70.5,-0.013893365859985352,8,lag_01__CT1__duck_amount,CT1__duck_amount,False,1.6236286163330078,0.00045662434422411025,0.0007413883521965592
24020,70.5,-0.013893365859985352,9,lag_15__T2__duck_amount,T2__duck_amount,False,3.8233180046081543,-0.000188537931535393,-0.0007208404681908476
24020,70.5,-0.013893365859985352,10,lag_13__CT4__is_walking,CT4__is_walking,False,2.384641170501709,-0.00029896822525188327,-0.0007129319386074695
24020,70.5,-0.013893365859985352,11,lag_13__CT_walking_count,CT_walking_count,False,1.7948954105377197,-0.0003645693650469184,-0.0006543638801453644
24020,70.5,-0.013893365859985352,12,lag_00__CT1__duck_amount,CT1__duck_amount,False,-3.697669506072998,0.0001692525256657973,-0.0006258399029802561
24020,70.5,-0.013893365859985352,13,lag_05__T5__duck_amount,T5__duck_amount,False,3.7970333099365234,-0.00016404292546212673,-0.0006228764522391295
24020,70.5,-0.013893365859985352,14,lag_03__CT_place_LIBRARY,CT_place_LIBRARY,False,6.411735534667969,-9.244997636415064e-05,-0.0005927647986332385
24020,70.5,-0.013893365859985352,15,lag_11__T3__is_walking,T3__is_walking,False,2.3223767280578613,-0.00025103052030317485,-0.0005829874383843497
24020,70.5,-0.013893365859985352,16,lag_12__CT5__duck_amount,CT5__duck_amount,False,2.736701488494873,-0.00020855051116086543,-0.000570740494320307
24020,70.5,-0.013893365859985352,17,lag_13__T1__is_walking,T1__is_walking,False,2.281590461730957,-0.00024934482644312084,-0.0005689027776945854
24020,70.5,-0.013893365859985352,18,lag_09__CT1__duck_amount,CT1__duck_amount,False,2.167389392852783,-0.00026122666895389557,-0.0005661799114209387
24020,70.5,-0.013893365859985352,19,lag_12__CT4__is_walking,CT4__is_walking,False,-2.384641170501709,0.00022991163132246584,-0.0005482567416287623
24020,70.5,-0.013893365859985352,20,lag_12__CT5__is_walking,CT5__is_walking,False,-2.396676540374756,-0.00021539586305152625,0.0005162342118693666
20468,15.0,-0.013786077499389648,1,lag_06__CT3__is_scoped,CT3__is_scoped,False,-4.548114776611328,0.0006244489923119545,-0.002840065689174054
20468,15.0,-0.013786077499389648,2,lag_11__T_place_TRAMP,T_place_TRAMP,False,-5.85345458984375,0.00048038430395536125,-0.0028119077088764044
20468,15.0,-0.013786077499389648,3,lag_15__CT_place_RUINS,CT_place_RUINS,False,-3.493913412094116,0.0005673986743204296,-0.0019824418382125703
20468,15.0,-0.013786077499389648,4,lag_15__T_place_LOWERMID,T_place_LOWERMID,False,-3.3263461589813232,0.0005954690277576447,-0.0019807361132739842
20468,15.0,-0.013786077499389648,5,lag_03__CT5__flash_duration,CT5__flash_duration,True,7.546695709228516,0.00019944489758927375,0.001505149952864493
20468,15.0,-0.013786077499389648,6,lag_14__T_place_LOWERMID,T_place_LOWERMID,False,-3.3263463973999023,0.00040560399065725505,-0.001349179373093784
20468,15.0,-0.013786077499389648,7,lag_10__CT1__duck_amount,CT1__duck_amount,False,3.8154516220092773,-0.0003316364891361445,-0.0012653429803919647
20468,15.0,-0.013786077499389648,8,lag_14__CT_place_RUINS,CT_place_RUINS,False,-3.493913412094116,0.0003368560574017465,-0.0011769458969011076
20468,15.0,-0.013786077499389648,9,lag_00__kill_diff_last_3s,kill_diff_last_3s,False,-2.4069459438323975,0.0004698316042777151,-0.0011308592742005144
20468,15.0,-0.013786077499389648,10,lag_00__CT_kills_last_3s,CT_kills_last_3s,False,-2.8871407508850098,0.00038100979872979224,-0.0011000289163992788
20468,15.0,-0.013786077499389648,11,lag_03__CT_flash_duration_sum,CT_flash_duration_sum,True,4.195886611938477,0.0002568039344623685,0.001077520190503778
20468,15.0,-0.013786077499389648,12,lag_01__T1__duck_amount,T1__duck_amount,False,2.479429006576538,-0.000410286127589643,-0.0010172753257417233
20468,15.0,-0.013786077499389648,13,lag_09__CT1__duck_amount,CT1__duck_amount,False,-3.8154516220092773,-0.00026122666895389557,0.0009966977177722214
20468,15.0,-0.013786077499389648,14,lag_00__CT4__is_walking,CT4__is_walking,False,2.384641170501709,0.00041614967631176114,0.0009923676512239854
20468,15.0,-0.013786077499389648,15,lag_02__CT3__duck_amount,CT3__duck_amount,False,-3.7208433151245117,0.0002561902510933578,-0.0009532437831807905
20468,15.0,-0.013786077499389648,16,lag_03__CT_flashed_players,CT_flashed_players,False,4.379879951477051,0.00020656165725085884,0.0009047152613369108
20468,15.0,-0.013786077499389648,17,lag_07__CT3__is_scoped,CT3__is_scoped,False,4.548114776611328,0.0001922546944115311,0.0008743964165259799
20468,15.0,-0.013786077499389648,18,lag_01__CT_flashed_players,CT_flashed_players,False,-2.1899399757385254,0.00038129594759084284,-0.0008350152382162884
20468,15.0,-0.013786077499389648,19,lag_01__T_shots_fired_sum,T_shots_fired_sum,False,2.998948335647583,0.000275840749964118,0.0008272321580086728
20468,15.0,-0.013786077499389648,20,lag_01__CT_place_BANANA,CT_place_BANANA,False,-2.9603395462036133,0.0002702846541069448,-0.0008001343502847535
23540,63.0,-0.013757765293121338,1,lag_04__CT_place_LIBRARY,CT_place_LIBRARY,False,-6.411735534667969,0.0004978576907888055,-0.003192131847238322
23540,63.0,-0.013757765293121338,2,lag_10__CT_place_LIBRARY,CT_place_LIBRARY,False,6.411735534667969,0.0004436760500539094,0.0028447334960117754
23540,63.0,-0.013757765293121338,3,lag_06__CT3__is_scoped,CT3__is_scoped,False,-4.548114776611328,0.0006244489923119545,-0.002840065689174054
23540,63.0,-0.013757765293121338,4,lag_00__T2__duck_amount,T2__duck_amount,False,3.8233180046081543,-0.00044543834519572556,-0.0017030524451296797
23540,63.0,-0.013757765293121338,5,lag_13__CT1__is_walking,CT1__is_walking,False,-2.3343825340270996,-0.000511849473696202,0.0011948524714473774
23540,63.0,-0.013757765293121338,6,lag_10__T3__is_walking,T3__is_walking,False,2.3223767280578613,-0.000508095312397927,-0.0011799887291482347
23540,63.0,-0.013757765293121338,7,lag_00__CT_place_RUINS,CT_place_RUINS,False,-3.493913412094116,-0.00031822131131775677,0.0011118377076272876
23540,63.0,-0.013757765293121338,8,lag_12__T1__is_walking,T1__is_walking,False,-2.281590461730957,-0.00046226225094869733,0.0010546931425828299
23540,63.0,-0.013757765293121338,9,lag_14__T1__is_walking,T1__is_walking,False,2.281590461730957,-0.0004045722307637334,-0.0009230681427917498
23540,63.0,-0.013757765293121338,10,lag_01__T2__is_walking,T2__is_walking,False,-2.2968344688415527,0.00036613643169403076,-0.0008409547766135006
23540,63.0,-0.013757765293121338,11,lag_13__CT4__is_walking,CT4__is_walking,False,2.384641170501709,-0.00029896822525188327,-0.0007129319386074695
23540,63.0,-0.013757765293121338,12,lag_06__CT3__duck_amount,CT3__duck_amount,False,-3.7208433151245117,0.00018562973127700388,-0.0006906991447103994
23540,63.0,-0.013757765293121338,13,lag_05__CT_flashed_players,CT_flashed_players,False,2.1899399757385254,0.00029526924481615424,0.0006466219228290215
23540,63.0,-0.013757765293121338,14,lag_01__T5__flash_duration,T5__flash_duration,True,-2.83266282081604,0.0002237837907159701,-0.0006339040238624062
23540,63.0,-0.013757765293121338,15,lag_05__CT_flash_duration_sum,CT_flash_duration_sum,True,2.3312058448791504,0.00026119608082808554,0.00060890183028596
23540,63.0,-0.013757765293121338,16,lag_05__CT_place_ARCH,CT_place_ARCH,False,-4.080447673797607,0.00014233117690309882,-0.0005807749197031253
23540,63.0,-0.013757765293121338,17,lag_06__CT_scoped_count,CT_scoped_count,False,-2.141930103302002,0.0002681809419300407,-0.0005744248326518403
23540,63.0,-0.013757765293121338,18,lag_12__CT4__is_walking,CT4__is_walking,False,-2.384641170501709,0.00022991163132246584,-0.0005482567416287623
23540,63.0,-0.013757765293121338,19,lag_06__T3__is_walking,T3__is_walking,False,-2.3223767280578613,-0.00022661335242446512,0.0005262815759377523
23540,63.0,-0.013757765293121338,20,lag_05__T_flashed_players,T_flashed_players,False,-1.9296236038208008,0.0002616027486510575,-0.0005047948386214807
24148,72.5,0.013595879077911377,1,lag_07__CT_place_LIBRARY,CT_place_LIBRARY,False,6.411735534667969,0.0005490881740115583,0.0035206081569758574
24148,72.5,0.013595879077911377,2,lag_00__CT3__duck_amount,CT3__duck_amount,False,3.7208433151245117,0.0007183473207987845,0.0026728578265317604
24148,72.5,0.013595879077911377,3,lag_01__CT1__duck_amount,CT1__duck_amount,False,3.645623207092285,0.00045662434422411025,0.0016646803062267124
24148,72.5,0.013595879077911377,4,lag_13__CT1__is_walking,CT1__is_walking,False,-2.3343825340270996,-0.000511849473696202,0.0011948524714473774
24148,72.5,0.013595879077911377,5,lag_15__CT1__flash_duration,CT1__flash_duration,True,-5.189005374908447,-0.00022876258299220353,0.0011870502727244839
24148,72.5,0.013595879077911377,6,lag_00__CT4__is_walking,CT4__is_walking,False,-2.384641170501709,0.00041614967631176114,-0.0009923676512239854
24148,72.5,0.013595879077911377,7,lag_13__CT3__flash_duration,CT3__flash_duration,True,-7.249464988708496,-0.00011884870036737993,0.0008615894922668274
24148,72.5,0.013595879077911377,8,lag_09__T5__duck_amount,T5__duck_amount,False,3.7970333099365234,-0.00022067248937673867,-0.0008379007927500903
24148,72.5,0.013595879077911377,9,lag_12__CT5__duck_amount,CT5__duck_amount,False,-3.2454657554626465,-0.00020855051116086543,0.0006768435422568192
24148,72.5,0.013595879077911377,10,lag_13__CT_walking_count,CT_walking_count,False,-1.7948954105377197,-0.0003645693650469184,0.0006543638801453644
24148,72.5,0.013595879077911377,11,lag_15__CT5__duck_amount,CT5__duck_amount,False,-2.736701488494873,0.00022589717991650105,-0.0006182131485242826
24148,72.5,0.013595879077911377,12,lag_00__CT1__duck_amount,CT1__duck_amount,False,-3.645623207092285,0.0001692525256657973,-0.0006170309354262132
24148,72.5,0.013595879077911377,13,lag_12__CT1__duck_amount,CT1__duck_amount,False,1.6480623483657837,0.00036668599932454526,0.0006043213891596642
24148,72.5,0.013595879077911377,14,lag_05__T3__is_walking,T3__is_walking,False,2.3223767280578613,-0.0002565539034549147,-0.0005958148148760972
24148,72.5,0.013595879077911377,15,lag_02__T5__duck_amount,T5__duck_amount,False,-2.8989014625549316,-0.00019456569862086326,0.0005640267882950425
24148,72.5,0.013595879077911377,16,lag_06__T3__is_walking,T3__is_walking,False,-2.3223767280578613,-0.00022661335242446512,0.0005262815759377523
24148,72.5,0.013595879077911377,17,lag_13__CT5__duck_amount,CT5__duck_amount,False,3.7749595642089844,-0.00013645509898196906,-0.0005151124809870677
24148,72.5,0.013595879077911377,18,lag_03__CT5__duck_amount,CT5__duck_amount,False,3.7749595642089844,0.0001310320949414745,0.0004946408600176588
24148,72.5,0.013595879077911377,19,lag_04__CT1__duck_amount,CT1__duck_amount,False,-3.697669506072998,-0.000127846171380952,0.00047273288938352864
24148,72.5,0.013595879077911377,20,lag_06__CT1__duck_amount,CT1__duck_amount,False,2.1918230056762695,0.00021340268722269684,0.00046774091932784423
21716,34.5,-0.013563930988311768,1,lag_15__T2__shots_fired,T2__shots_fired,False,-15.297529220581055,0.00033066037576645613,-0.005058286760375674
21716,34.5,-0.013563930988311768,2,lag_13__CT_place_LIBRARY,CT_place_LIBRARY,False,-6.411735534667969,0.0005532740033231676,-0.0035474465875151573
21716,34.5,-0.013563930988311768,3,lag_14__CT_shots_fired_sum,CT_shots_fired_sum,False,-11.81059741973877,0.0002790622238535434,-0.0032958915809912226
21716,34.5,-0.013563930988311768,4,lag_07__T3__flash_duration,T3__flash_duration,True,8.012818336486816,0.0004104573163203895,0.0032889199105571865
21716,34.5,-0.013563930988311768,5,lag_15__T_shots_fired_sum,T_shots_fired_sum,False,-19.493162155151367,0.00015644842642359436,-0.0030496745451933926
21716,34.5,-0.013563930988311768,6,lag_03__CT3__is_scoped,CT3__is_scoped,False,-4.548114776611328,0.0006030839867889881,-0.002742895191852668
21716,34.5,-0.013563930988311768,7,lag_11__T_place_TRAMP,T_place_TRAMP,False,2.926727294921875,0.00048038430395536125,0.0014059538544382022
21716,34.5,-0.013563930988311768,8,lag_00__CT3__is_walking,CT3__is_walking,False,-2.387126922607422,-0.0005153218517079949,0.0012301386660200642
21716,34.5,-0.013563930988311768,9,lag_10__T3__is_walking,T3__is_walking,False,-2.3223767280578613,-0.000508095312397927,0.0011799887291482347
21716,34.5,-0.013563930988311768,10,lag_00__CT_place_RUINS,CT_place_RUINS,False,3.493913412094116,-0.00031822131131775677,-0.0011118377076272876
21716,34.5,-0.013563930988311768,11,lag_04__T5__duck_amount,T5__duck_amount,False,-3.6478610038757324,-0.0002606372581794858,0.0009507684902700375
21716,34.5,-0.013563930988311768,12,lag_11__T_place_LOWERMID,T_place_LOWERMID,False,-3.3263463973999023,-0.0002834196202456951,0.0009427518327567164
21716,34.5,-0.013563930988311768,13,lag_13__CT_place_BALCONY,CT_place_BALCONY,False,-6.417822360992432,-0.00014407903654500842,0.0009246736624888008
21716,34.5,-0.013563930988311768,14,lag_03__T2__is_walking,T2__is_walking,False,-2.2968344688415527,0.0003802203282248229,-0.0008733031556210219
21716,34.5,-0.013563930988311768,15,lag_05__T_place_TRAMP,T_place_TRAMP,False,-2.926727294921875,-0.00029574910877272487,0.0008655769890939524
21716,34.5,-0.013563930988311768,16,lag_04__CT3__is_scoped,CT3__is_scoped,False,4.548114776611328,-0.00016543063975404948,-0.0007523975371696578
21716,34.5,-0.013563930988311768,17,lag_10__T3__duck_amount,T3__duck_amount,False,3.7704498767852783,0.0001918724738061428,0.0007234455452208577
21716,34.5,-0.013563930988311768,18,lag_04__T_place_MIDDLE,T_place_MIDDLE,False,-1.6254756450653076,-0.00042545393807813525,0.0006915650144431323
21716,34.5,-0.013563930988311768,19,lag_04__damage_diff_last_5s,damage_diff_last_5s,False,-1.7145439386367798,0.00039713026490062475,-0.0006808972885345849
21716,34.5,-0.013563930988311768,20,lag_07__CT4__is_walking,CT4__is_walking,False,-2.384641170501709,0.0002773735031951219,-0.000661436275325375
24660,80.5,-0.01323479413986206,1,lag_08__CT3__is_scoped,CT3__is_scoped,False,-4.548114776611328,0.0004639232938643545,-0.00210997638803867
24660,80.5,-0.01323479413986206,2,lag_01__CT_place_LIBRARY,CT_place_LIBRARY,False,-6.411735534667969,0.00026709443773142993,-0.0017125388975147704
24660,80.5,-0.01323479413986206,3,lag_15__T5__duck_amount,T5__duck_amount,False,3.7970333099365234,0.0004413787683006376,0.0016759298855362759
24660,80.5,-0.01323479413986206,4,lag_07__CT_place_PIT,CT_place_PIT,False,-4.305429458618164,0.00033412224729545414,-0.0014385397662855515
24660,80.5,-0.01323479413986206,5,lag_15__CT4__is_walking,CT4__is_walking,False,2.384641170501709,-0.0005655502900481224,-0.0013486345056379356
24660,80.5,-0.01323479413986206,6,lag_10__CT1__duck_amount,CT1__duck_amount,False,-3.8154516220092773,-0.0003316364891361445,0.0012653429803919647
24660,80.5,-0.01323479413986206,7,lag_08__T3__is_walking,T3__is_walking,False,-2.3223767280578613,-0.0005422991816885769,0.001259422999198373
24660,80.5,-0.01323479413986206,8,lag_15__CT_walking_count,CT_walking_count,False,2.692342758178711,-0.0004166544822510332,-0.0011217766779512695
24660,80.5,-0.01323479413986206,9,lag_15__CT3__duck_amount,CT3__duck_amount,False,-3.7208433151245117,0.000294158176984638,-0.0010945164864225032
24660,80.5,-0.01323479413986206,10,lag_12__T1__is_walking,T1__is_walking,False,-2.281590461730957,-0.00046226225094869733,0.0010546931425828299
24660,80.5,-0.01323479413986206,11,lag_00__CT4__is_walking,CT4__is_walking,False,2.384641170501709,0.00041614967631176114,0.0009923676512239854
24660,80.5,-0.01323479413986206,12,lag_07__CT5__duck_amount,CT5__duck_amount,False,-3.7749595642089844,-0.00021388694585766643,0.0008074145719248471
24660,80.5,-0.01323479413986206,13,lag_14__CT3__is_scoped,CT3__is_scoped,False,4.548114776611328,-0.00015907805936876684,-0.0007235052724497426
24660,80.5,-0.01323479413986206,14,lag_12__CT1__is_walking,CT1__is_walking,False,-2.3343825340270996,-0.000309669878333807,0.000722887955296736
24660,80.5,-0.01323479413986206,15,lag_04__T_place_MIDDLE,T_place_MIDDLE,False,1.6254754066467285,-0.00042545393807813525,-0.000691564913007009
24660,80.5,-0.01323479413986206,16,lag_07__CT4__is_walking,CT4__is_walking,False,-2.384641170501709,0.0002773735031951219,-0.000661436275325375
24660,80.5,-0.01323479413986206,17,lag_09__T2__molly,T2__molly,True,2.228090286254883,-0.00029268767684698105,-0.0006521345696892666
24660,80.5,-0.01323479413986206,18,lag_13__CT3__duck_amount,CT3__duck_amount,False,-3.7208433151245117,0.00016955335740931332,-0.0006308814764733606
24660,80.5,-0.01323479413986206,19,lag_09__T_place_MIDDLE,T_place_MIDDLE,False,1.6254756450653076,-0.0003812710347119719,-0.0006197467810931598
24660,80.5,-0.01323479413986206,20,lag_11__T2__is_walking,T2__is_walking,False,-2.2968344688415527,-0.0002626851201057434,0.0006033442383106546
24372,76.0,0.013202786445617676,1,lag_14__CT_place_LIBRARY,CT_place_LIBRARY,False,6.411735534667969,0.0005110358470119536,0.0032766266997756865
24372,76.0,0.013202786445617676,2,lag_01__CT1__duck_amount,CT1__duck_amount,False,-3.8154516220092773,0.00045662434422411025,-0.001742228094818804
24372,76.0,0.013202786445617676,3,lag_05__CT3__is_scoped,CT3__is_scoped,False,4.548114776611328,0.0003418294945731759,0.0015546797753498431
24372,76.0,0.013202786445617676,4,lag_07__CT3__duck_amount,CT3__duck_amount,False,3.7208433151245117,0.0004050003772135824,0.0015069429461780637
24372,76.0,0.013202786445617676,5,lag_05__CT3__duck_amount,CT3__duck_amount,False,3.7208433151245117,0.00039905583253130317,0.001484824226835546
24372,76.0,0.013202786445617676,6,lag_13__CT1__is_walking,CT1__is_walking,False,-2.3343825340270996,-0.000511849473696202,0.0011948524714473774
24372,76.0,0.013202786445617676,7,lag_10__T3__is_walking,T3__is_walking,False,-2.3223767280578613,-0.000508095312397927,0.0011799887291482347
24372,76.0,0.013202786445617676,8,lag_10__CT_place_PIT,CT_place_PIT,False,-4.305429458618164,-0.00024490978103131056,0.0010544417859559285
24372,76.0,0.013202786445617676,9,lag_00__CT4__is_walking,CT4__is_walking,False,2.384641170501709,0.00041614967631176114,0.0009923676512239854
24372,76.0,0.013202786445617676,10,lag_15__T1__is_walking,T1__is_walking,False,-2.281590461730957,-0.0004290357755962759,0.0009788839333418065
24372,76.0,0.013202786445617676,11,lag_13__T3__is_walking,T3__is_walking,False,-2.3223767280578613,-0.0003833354276139289,0.0008902492761306974
24372,76.0,0.013202786445617676,12,lag_08__CT_place_PIT,CT_place_PIT,False,4.305429458618164,0.0001649229961913079,0.0007100643262056283
24372,76.0,0.013202786445617676,13,lag_06__CT3__duck_amount,CT3__duck_amount,False,-3.7208433151245117,0.00018562973127700388,-0.0006906991447103994
24372,76.0,0.013202786445617676,14,lag_06__T5__duck_amount,T5__duck_amount,False,3.7970333099365234,-0.00017637024575378746,-0.0006696836980088217
24372,76.0,0.013202786445617676,15,lag_07__CT4__is_walking,CT4__is_walking,False,-2.384641170501709,0.0002773735031951219,-0.000661436275325375
24372,76.0,0.013202786445617676,16,lag_09__T5__duck_amount,T5__duck_amount,False,-2.8989014625549316,-0.00022067248937673867,0.0006397078021998653
24372,76.0,0.013202786445617676,17,lag_08__CT1__duck_amount,CT1__duck_amount,False,3.645623207092285,0.00016703804431017488,0.000608957770804483
24372,76.0,0.013202786445617676,18,lag_09__T3__is_walking,T3__is_walking,False,2.3223767280578613,-0.00026113848434761167,-0.0006064619388491954
24372,76.0,0.013202786445617676,19,lag_12__CT1__duck_amount,CT1__duck_amount,False,1.6236286163330078,0.00036668599932454526,0.0005953618817119977
24372,76.0,0.013202786445617676,20,lag_13__T1__is_walking,T1__is_walking,False,2.281590461730957,-0.00024934482644312084,-0.0005689027776945854
20596,17.0,0.013012528419494629,1,lag_10__CT3__is_scoped,CT3__is_scoped,False,-4.548114776611328,0.0003579595359042287,-0.0016280410546749557
20596,17.0,0.013012528419494629,2,lag_10__T_utility_damage_last_5s,T_utility_damage_last_5s,True,3.8548331260681152,0.0004093332390766591,0.001577911329593465
20596,17.0,0.013012528419494629,3,lag_11__CT_place_TOPOFMID,CT_place_TOPOFMID,False,-3.6288270950317383,0.0004315034893807024,-0.0015658515538654327
20596,17.0,0.013012528419494629,4,lag_07__CT3__duck_amount,CT3__duck_amount,False,3.7208433151245117,0.0004050003772135824,0.0015069429461780637
20596,17.0,0.013012528419494629,5,lag_01__T5__duck_amount,T5__duck_amount,False,-3.7970333099365234,-0.00038160450640134513,0.0014489650220277928
20596,17.0,0.013012528419494629,6,lag_00__damage_diff_last_5s,damage_diff_last_5s,False,-1.646864414215088,0.0008297653403133154,-0.0013665110111110712
20596,17.0,0.013012528419494629,7,lag_06__CT5__duck_amount,CT5__duck_amount,False,3.7749595642089844,-0.00030271144350990653,-0.0011427234588732293
20596,17.0,0.013012528419494629,8,lag_03__T3__shots_fired,T3__shots_fired,False,-5.450135707855225,0.00020402210066094995,-0.0011119481360038763
20596,17.0,0.013012528419494629,9,lag_11__CT3__is_scoped,CT3__is_scoped,False,4.548114776611328,0.00023004694958217442,0.0010462799307090487
20596,17.0,0.013012528419494629,10,lag_05__CT_place_BANANA,CT_place_BANANA,False,-2.9603395462036133,0.0003532057162374258,-0.0010456088497228233
20596,17.0,0.013012528419494629,11,lag_00__utility_damage_diff_last_5s,utility_damage_diff_last_5s,True,2.437695264816284,0.0003955017891712487,0.0009641128386891212
20596,17.0,0.013012528419494629,12,lag_09__CT_place_BALCONY,CT_place_BALCONY,False,-6.417822360992432,0.0001424741349183023,-0.0009143736889417331
20596,17.0,0.013012528419494629,13,lag_07__CT5__flash_duration,CT5__flash_duration,True,7.546695709228516,0.00012084587069693953,0.0009119870138665775
20596,17.0,0.013012528419494629,14,lag_00__CT_damage_last_5s,CT_damage_last_5s,False,-2.179865598678589,0.0004092393792234361,-0.0008920868443937496
20596,17.0,0.013012528419494629,15,lag_04__T3__shots_fired,T3__shots_fired,False,3.027853012084961,0.00028319520060904324,0.0008574734411720963
20596,17.0,0.013012528419494629,16,lag_14__CT_place_BANANA,CT_place_BANANA,False,2.9603395462036133,0.00028780329739674926,0.0008519954828113963
20596,17.0,0.013012528419494629,17,lag_04__T_shots_fired_sum,T_shots_fired_sum,False,3.748685359954834,0.00022539634665008634,0.0008449399848744835
20596,17.0,0.013012528419494629,18,lag_09__CT_utility_damage_last_5s,CT_utility_damage_last_5s,True,5.8336615562438965,0.000142050048452802,0.0008286719067216938
20596,17.0,0.013012528419494629,19,lag_00__T_utility_damage_last_5s,T_utility_damage_last_5s,True,-3.8548331260681152,-0.0002080784470308572,0.000802107690435358
20596,17.0,0.013012528419494629,20,lag_03__T1__duck_amount,T1__duck_amount,False,-3.915480136871338,0.00020384133676998317,-0.0007981367051961702
23924,69.0,-0.012565851211547852,1,lag_06__CT3__flash_duration,CT3__flash_duration,True,-7.249464988708496,0.0002668091328814626,-0.0019342234674918357
23924,69.0,-0.012565851211547852,2,lag_08__T3__is_walking,T3__is_walking,False,2.3223767280578613,-0.0005422991816885769,-0.001259422999198373
23924,69.0,-0.012565851211547852,3,lag_00__CT_place_LIBRARY,CT_place_LIBRARY,False,6.411735534667969,-0.00019607823924161494,-0.0012572018141205898
23924,69.0,-0.012565851211547852,4,lag_06__CT5__duck_amount,CT5__duck_amount,False,3.7749595642089844,-0.00030271144350990653,-0.0011427234588732293
23924,69.0,-0.012565851211547852,5,lag_09__T2__is_walking,T2__is_walking,False,2.2968344688415527,-0.0004139369120821357,-0.0009507445675960846
23924,69.0,-0.012565851211547852,6,lag_02__T5__duck_amount,T5__duck_amount,False,3.7970333099365234,-0.00019456569862086326,-0.0007387724386344885
23924,69.0,-0.012565851211547852,7,lag_13__CT4__is_walking,CT4__is_walking,False,-2.384641170501709,-0.00029896822525188327,0.0007129319386074695
23924,69.0,-0.012565851211547852,8,lag_06__CT_flash_duration_sum,CT_flash_duration_sum,True,-3.242980718612671,0.00020991858036722988,-0.0006807619086094709
23924,69.0,-0.012565851211547852,9,lag_07__CT4__is_walking,CT4__is_walking,False,2.384641170501709,0.0002773735031951219,0.000661436275325375
23924,69.0,-0.012565851211547852,10,lag_10__T1__is_walking,T1__is_walking,False,2.281590461730957,-0.00028323993319645524,-0.0006462375299623457
23924,69.0,-0.012565851211547852,11,lag_12__CT_place_RUINS,CT_place_RUINS,False,-3.493913412094116,0.00018222448125015944,-0.0006366765590518249
23924,69.0,-0.012565851211547852,12,lag_07__T5__duck_amount,T5__duck_amount,False,-1.68379807472229,-0.00035408823168836534,0.0005962130827986897
23924,69.0,-0.012565851211547852,13,lag_06__CT5__is_walking,CT5__is_walking,False,-2.396676540374756,0.00021903045126236975,-0.0005249451441682179
23924,69.0,-0.012565851211547852,14,lag_12__CT5__is_walking,CT5__is_walking,False,2.396676540374756,-0.00021539586305152625,-0.0005162342118693666
23924,69.0,-0.012565851211547852,15,lag_09__CT4__is_walking,CT4__is_walking,False,-2.384641170501709,-0.0002161425945814699,0.0005154225297380327
23924,69.0,-0.012565851211547852,16,lag_07__T5__is_walking,T5__is_walking,False,2.3193888664245605,0.0002202083560405299,0.0005107488092940607
23924,69.0,-0.012565851211547852,17,lag_15__CT1__is_walking,CT1__is_walking,False,-2.3343825340270996,-0.00021444071899168193,0.0005005866689983957
23924,69.0,-0.012565851211547852,18,lag_04__CT1__duck_amount,CT1__duck_amount,False,-3.8154516220092773,-0.000127846171380952,0.00048779088196312936
23924,69.0,-0.012565851211547852,19,lag_06__CT1__duck_amount,CT1__duck_amount,False,2.167389392852783,0.00021340268722269684,0.0004625267206927533
23924,69.0,-0.012565851211547852,20,lag_08__CT5__duck_amount,CT5__duck_amount,False,-2.736701488494873,0.00015243812231346965,-0.0004171776362386359
23444,61.5,0.012265145778656006,1,lag_07__CT_place_LIBRARY,CT_place_LIBRARY,False,6.411735534667969,0.0005490881740115583,0.0035206081569758574
23444,61.5,0.012265145778656006,2,lag_03__CT3__is_scoped,CT3__is_scoped,False,-4.548114776611328,0.0006030839867889881,-0.002742895191852668
23444,61.5,0.012265145778656006,3,lag_13__CT_flashes_last_5s,CT_flashes_last_5s,True,-10.995440483093262,-0.00018745857232715935,0.002061189575068914
23444,61.5,0.012265145778656006,4,lag_04__CT3__flash_duration,CT3__flash_duration,True,7.249464988708496,0.00027081131702288985,0.001963237161303477
23444,61.5,0.012265145778656006,5,lag_01__CT_place_LIBRARY,CT_place_LIBRARY,False,-6.411735534667969,0.00026709443773142993,-0.0017125388975147704
23444,61.5,0.012265145778656006,6,lag_04__CT_flash_duration_sum,CT_flash_duration_sum,True,4.56625509262085,0.0003355603839736432,0.001532254312201456
23444,61.5,0.012265145778656006,7,lag_04__CT_flashed_players,CT_flashed_players,False,4.379879951477051,0.0003391584032215178,0.0014854730906448954
23444,61.5,0.012265145778656006,8,lag_13__T3__is_walking,T3__is_walking,False,-2.3223767280578613,-0.0003833354276139289,0.0008902492761306974
23444,61.5,0.012265145778656006,9,lag_04__T_flashed_players,T_flashed_players,False,3.8592474460601807,0.00017666464555077255,0.000681792582150946
23444,61.5,0.012265145778656006,10,lag_03__T5__flash_duration,T5__flash_duration,True,2.83266282081604,0.00023481110110878944,0.0006651406760257439
23444,61.5,0.012265145778656006,11,lag_02__CT_place_ARCH,CT_place_ARCH,False,-4.080447673797607,0.00015097077994141728,-0.0006160283678233666
23444,61.5,0.012265145778656006,12,lag_09__T3__is_walking,T3__is_walking,False,-2.3223767280578613,-0.00026113848434761167,0.0006064619388491954
23444,61.5,0.012265145778656006,13,lag_03__CT_scoped_count,CT_scoped_count,False,-2.141930103302002,0.00026116406661458313,-0.000559395176182545
23444,61.5,0.012265145778656006,14,lag_03__T_flashed_players,T_flashed_players,False,1.9296236038208008,0.00027336293715052307,0.0005274875759354314
23444,61.5,0.012265145778656006,15,lag_09__CT4__is_walking,CT4__is_walking,False,-2.384641170501709,-0.0002161425945814699,0.0005154225297380327
23444,61.5,0.012265145778656006,16,lag_00__damage_diff_last_5s,damage_diff_last_5s,False,0.6091142892837524,0.0008297653403133154,0.0005054219255372361
23444,61.5,0.012265145778656006,17,lag_15__T5__duck_amount,T5__duck_amount,False,1.1268301010131836,0.0004413787683006376,0.000497358882069282
23444,61.5,0.012265145778656006,18,lag_15__T5__is_walking,T5__is_walking,False,-2.3193888664245605,-0.00021321502572391182,0.0004945285568184674
23444,61.5,0.012265145778656006,19,lag_12__T3__is_walking,T3__is_walking,False,2.3223767280578613,-0.00019371029338799417,-0.00044986827734953827
23444,61.5,0.012265145778656006,20,lag_07__T3__is_walking,T3__is_walking,False,2.3223767280578613,0.00019229709869250655,0.000446586306876523
23476,62.0,0.012068212032318115,1,lag_08__CT_place_LIBRARY,CT_place_LIBRARY,False,6.411735534667969,0.0006526836077682674,0.004184834680823091
23476,62.0,0.012068212032318115,2,lag_02__CT_place_LIBRARY,CT_place_LIBRARY,False,-6.411735534667969,0.0003227477427572012,-0.0020693731709702234
23476,62.0,0.012068212032318115,3,lag_05__CT3__flash_duration,CT3__flash_duration,True,7.249464988708496,0.00028422856121324003,0.002060505003306373
23476,62.0,0.012068212032318115,4,lag_03__CT_place_RUINS,CT_place_RUINS,False,3.493913412094116,-0.0003810621565207839,-0.0013313981795094743
23476,62.0,0.012068212032318115,5,lag_05__CT_flashed_players,CT_flashed_players,False,4.379879951477051,0.00029526924481615424,0.001293243845658043
23476,62.0,0.012068212032318115,6,lag_08__T3__is_walking,T3__is_walking,False,2.3223767280578613,-0.0005422991816885769,-0.001259422999198373
23476,62.0,0.012068212032318115,7,lag_14__CT_flashes_last_5s,CT_flashes_last_5s,True,-10.995440483093262,-0.00011170722427777946,0.0012282701360778747
23476,62.0,0.012068212032318115,8,lag_05__CT_flash_duration_sum,CT_flash_duration_sum,True,4.56625509262085,0.00026119608082808554,0.0011926879342538527
23476,62.0,0.012068212032318115,9,lag_10__T3__is_walking,T3__is_walking,False,-2.3223767280578613,-0.000508095312397927,0.0011799887291482347
23476,62.0,0.012068212032318115,10,lag_12__T1__is_walking,T1__is_walking,False,2.281590461730957,-0.00046226225094869733,-0.0010546931425828299
23476,62.0,0.012068212032318115,11,lag_05__T_flashed_players,T_flashed_players,False,3.8592474460601807,0.0002616027486510575,0.001009589739613917
23476,62.0,0.012068212032318115,12,lag_13__T3__is_walking,T3__is_walking,False,2.3223767280578613,-0.0003833354276139289,-0.0008902492761306974
23476,62.0,0.012068212032318115,13,lag_00__CT_flashed_players,CT_flashed_players,False,-2.1899399757385254,-0.000364628154784441,0.000798513772442222
23476,62.0,0.012068212032318115,14,lag_04__CT3__is_scoped,CT3__is_scoped,False,-4.548114776611328,-0.00016543063975404948,0.0007523975371696578
23476,62.0,0.012068212032318115,15,lag_00__T5__is_walking,T5__is_walking,False,2.3193888664245605,0.0003229015856049955,0.0007489343426030637
23476,62.0,0.012068212032318115,16,lag_10__T_walking_count,T_walking_count,False,-1.594179630279541,-0.0004313217359595001,0.0006876043255634456
23476,62.0,0.012068212032318115,17,lag_10__T1__is_walking,T1__is_walking,False,-2.281590461730957,-0.00028323993319645524,0.0006462375299623457
23476,62.0,0.012068212032318115,18,lag_03__CT_flash_duration_sum,CT_flash_duration_sum,True,2.3312058448791504,0.0002568039344623685,0.0005986628330066357
23476,62.0,0.012068212032318115,19,lag_04__T5__flash_duration,T5__flash_duration,True,2.83266282081604,0.00020544067956507206,0.0005819441748871612
23476,62.0,0.012068212032318115,20,lag_03__T_place_TOPOFMID,T_place_TOPOFMID,False,-2.0359649658203125,-0.0002840519300661981,0.0005783197780884208
19956,7.0,0.011770009994506836,1,lag_09__CT_place_LIBRARY,CT_place_LIBRARY,False,6.411735534667969,0.0007052535656839609,0.0045218993480471426
19956,7.0,0.011770009994506836,2,lag_04__CT_place_LIBRARY,CT_place_LIBRARY,False,-6.411735534667969,0.0004978576907888055,-0.003192131847238322
19956,7.0,0.011770009994506836,3,lag_05__T_place_LOWERMID,T_place_LOWERMID,False,6.652692794799805,0.00021162100892979652,0.0014078495613355224
19956,7.0,0.011770009994506836,4,lag_03__CT_place_RUINS,CT_place_RUINS,False,3.493913173675537,-0.0003810621565207839,-0.0013313980886571763
19956,7.0,0.011770009994506836,5,lag_00__CT_place_RUINS,CT_place_RUINS,False,-3.493913173675537,-0.00031822131131775677,0.0011118376317574147
19956,7.0,0.011770009994506836,6,lag_14__CT_place_CTSPAWN,CT_place_CTSPAWN,False,4.78255033493042,-0.00021527767239604145,-0.0010295763042207293
19956,7.0,0.011770009994506836,7,lag_14__CT3__flash,CT3__flash,True,3.01554012298584,0.00029432110022753477,0.0008875370867774679
19956,7.0,0.011770009994506836,8,lag_00__T_bomb_carrier_alive,T_bomb_carrier_alive,False,-2.123861789703369,-0.00040689620072953403,0.0008641912931049295
19956,7.0,0.011770009994506836,9,lag_00__T_place_LOWERMID,T_place_LOWERMID,False,-3.326345920562744,0.00023166749451775104,-0.0007706062253161131
19956,7.0,0.011770009994506836,10,lag_04__CT_place_RUINS,CT_place_RUINS,False,3.493913412094116,-0.00021982958423905075,-0.0007680655327478927
19956,7.0,0.011770009994506836,11,lag_04__T_macro_MID,T_macro_MID,False,2.0557377338409424,-0.00035815092269331217,-0.0007362643661905921
19956,7.0,0.011770009994506836,12,lag_03__T_place_LOWERMID,T_place_LOWERMID,False,3.3263463973999023,-0.00021848789765499532,-0.0007267664312401723
19956,7.0,0.011770009994506836,13,lag_13__T_velocity_mean,T_velocity_mean,False,3.5335803031921387,0.00019928059191443026,0.0007041739743973013
19956,7.0,0.011770009994506836,14,lag_02__CT_place_ARCH,CT_place_ARCH,False,-4.080447673797607,0.00015097077994141728,-0.0006160283678233666
19956,7.0,0.011770009994506836,15,lag_14__CT3__utility_total,CT3__utility_total,True,2.9974148273468018,0.00017714167188387364,0.0005309670738457249
19956,7.0,0.011770009994506836,16,lag_00__T_place_TRAMP,T_place_TRAMP,False,2.926727533340454,0.00017770074191503227,0.000520081654057751
19956,7.0,0.011770009994506836,17,lag_00__T4__has_bomb,T4__has_bomb,False,-2.718200445175171,-0.00016199966194108129,0.00044034755320647434
19956,7.0,0.011770009994506836,18,lag_13__CT_velocity_mean,CT_velocity_mean,False,3.392946720123291,0.00012876468827016652,0.0004368917267339595
19956,7.0,0.011770009994506836,19,lag_14__T_place_TSPAWN,T_place_TSPAWN,False,4.428390979766846,-9.734888590173796e-05,-0.00043109892821760823
19956,7.0,0.011770009994506836,20,lag_02__CT_place_TOPOFMID,CT_place_TOPOFMID,False,3.6288270950317383,-0.00011216428538318723,-0.0004070247978933822
22036,39.5,0.01159811019897461,1,lag_00__CT3__is_scoped,CT3__is_scoped,False,-4.548114776611328,0.0006683309911750257,-0.0030396460566304295
22036,39.5,0.01159811019897461,2,lag_06__CT3__is_scoped,CT3__is_scoped,False,4.548114776611328,0.0006244489923119545,0.002840065689174054
22036,39.5,0.01159811019897461,3,lag_00__T2__duck_amount,T2__duck_amount,False,-3.8233180046081543,-0.00044543834519572556,0.0017030524451296797
22036,39.5,0.01159811019897461,4,lag_05__CT3__duck_amount,CT3__duck_amount,False,3.7208433151245117,0.00039905583253130317,0.001484824226835546
22036,39.5,0.01159811019897461,5,lag_03__CT_place_RUINS,CT_place_RUINS,False,-3.493913412094116,-0.0003810621565207839,0.0013313981795094743
22036,39.5,0.01159811019897461,6,lag_08__CT_place_RUINS,CT_place_RUINS,False,3.493913412094116,0.00032386439852416515,0.0011315541657033745
22036,39.5,0.01159811019897461,7,lag_15__T5__duck_amount,T5__duck_amount,False,2.3720791339874268,0.0004413787683006376,0.0010469853664710135
22036,39.5,0.01159811019897461,8,lag_06__CT_place_ARCH,CT_place_ARCH,False,4.080447673797607,0.0002451586478855461,0.0010003570344759433
22036,39.5,0.01159811019897461,9,lag_00__CT4__is_walking,CT4__is_walking,False,2.384641170501709,0.00041614967631176114,0.0009923676512239854
22036,39.5,0.01159811019897461,10,lag_03__T1__duck_amount,T1__duck_amount,False,3.915480136871338,0.00020384133676998317,0.0007981367051961702
22036,39.5,0.01159811019897461,11,lag_10__T2__is_walking,T2__is_walking,False,2.2968344688415527,-0.00034644853440113366,-0.0007957349354921622
22036,39.5,0.01159811019897461,12,lag_00__T5__is_walking,T5__is_walking,False,2.3193888664245605,0.0003229015856049955,0.0007489343426030637
22036,39.5,0.01159811019897461,13,lag_02__T3__flash_duration,T3__flash_duration,True,-8.012818336486816,9.031850640894845e-05,-0.0007237057842777242
22036,39.5,0.01159811019897461,14,lag_14__CT3__is_scoped,CT3__is_scoped,False,4.548114776611328,-0.00015907805936876684,-0.0007235052724497426
22036,39.5,0.01159811019897461,15,lag_04__damage_diff_last_5s,damage_diff_last_5s,False,1.7145439386367798,0.00039713026490062475,0.0006808972885345849
22036,39.5,0.01159811019897461,16,lag_00__CT_scoped_count,CT_scoped_count,False,-2.141930103302002,0.0003147498646285385,-0.0006741722100580966
22036,39.5,0.01159811019897461,17,lag_14__T5__duck_amount,T5__duck_amount,False,-3.6478610038757324,0.00018079204892273992,-0.0006595042650760566
22036,39.5,0.01159811019897461,18,lag_02__T_flash_duration_sum,T_flash_duration_sum,True,-3.3388726711273193,0.00019622592662926763,-0.0006551733837890962
22036,39.5,0.01159811019897461,19,lag_15__T2__is_walking,T2__is_walking,False,2.2968344688415527,-0.0002563920570537448,-0.000588890114178231
22036,39.5,0.01159811019897461,20,lag_08__CT5__duck_amount,CT5__duck_amount,False,3.7749595642089844,0.00015243812231346965,0.0005754477477772912
20404,14.0,0.01141291856765747,1,lag_15__T_place_LOWERMID,T_place_LOWERMID,False,-6.652692794799805,0.0005954690277576447,-0.0039614725104897275
20404,14.0,0.01141291856765747,2,lag_01__CT5__flash_duration,CT5__flash_duration,True,7.546695709228516,0.0004147173895034939,0.0031297459439084685
20404,14.0,0.01141291856765747,3,lag_00__CT3__duck_amount,CT3__duck_amount,False,-3.7208433151245117,0.0007183473207987845,-0.0026728578265317604
20404,14.0,0.01141291856765747,4,lag_03__CT_place_BALCONY,CT_place_BALCONY,False,-6.417822360992432,0.0003528437518980354,-0.0022644885208676774
20404,14.0,0.01141291856765747,5,lag_09__T_place_TRAMP,T_place_TRAMP,False,-5.85345458984375,0.00032117438968271017,-0.001879979705428525
20404,14.0,0.01141291856765747,6,lag_01__CT_flashed_players,CT_flashed_players,False,4.379879951477051,0.00038129594759084284,0.0016700304764325768
20404,14.0,0.01141291856765747,7,lag_05__CT3__is_scoped,CT3__is_scoped,False,4.548114776611328,0.0003418294945731759,0.0015546797753498431
20404,14.0,0.01141291856765747,8,lag_14__T_place_LOWERMID,T_place_LOWERMID,False,-3.326345920562744,0.00040560399065725505,-0.0013491791796867297
20404,14.0,0.01141291856765747,9,lag_01__CT3__duck_amount,CT3__duck_amount,False,3.7208433151245117,0.00034891071845777333,0.0012982421143488965
20404,14.0,0.01141291856765747,10,lag_01__CT_flash_duration_sum,CT_flash_duration_sum,True,4.195886611938477,0.000308453367324546,0.0012942353543644036
20404,14.0,0.01141291856765747,11,lag_14__CT_place_RUINS,CT_place_RUINS,False,-3.493913173675537,0.0003368560574017465,-0.001176945816588365
20404,14.0,0.01141291856765747,12,lag_10__T_place_TRAMP,T_place_TRAMP,False,-2.926727294921875,0.00036444750730879605,-0.001066638467206893
20404,14.0,0.01141291856765747,13,lag_12__T_place_LOWERMID,T_place_LOWERMID,False,-3.3263463973999023,-0.0002845686103682965,0.0009465737719116796
20404,14.0,0.01141291856765747,14,lag_04__CT3__is_scoped,CT3__is_scoped,False,-4.548114776611328,-0.00016543063975404948,0.0007523975371696578
20404,14.0,0.01141291856765747,15,lag_04__damage_diff_last_5s,damage_diff_last_5s,False,1.6468645334243774,0.00039713026490062475,0.0006540197484142668
20404,14.0,0.01141291856765747,16,lag_09__T2__molly,T2__molly,True,-2.228090286254883,-0.00029268767684698105,0.0006521345696892666
20404,14.0,0.01141291856765747,17,lag_05__CT_flashed_players,CT_flashed_players,False,2.1899399757385254,0.00029526924481615424,0.0006466219228290215
20404,14.0,0.01141291856765747,18,lag_08__CT1__duck_amount,CT1__duck_amount,False,3.8154516220092773,0.00016703804431017488,0.0006373255771005143
20404,14.0,0.01141291856765747,19,lag_12__CT_place_RUINS,CT_place_RUINS,False,-3.493913412094116,0.00018222448125015944,-0.0006366765590518249
20404,14.0,0.01141291856765747,20,lag_09__T_place_MIDDLE,T_place_MIDDLE,False,1.6254756450653076,-0.0003812710347119719,-0.0006197467810931598
21300,28.0,0.01112586259841919,1,lag_00__CT_place_BALCONY,CT_place_BALCONY,False,-6.417822360992432,-0.0005651189130730927,0.0036268327969402325
21300,28.0,0.01112586259841919,2,lag_05__CT_place_LIBRARY,CT_place_LIBRARY,False,6.411735534667969,0.0003891380038112402,0.0024950499669262882
21300,28.0,0.01112586259841919,3,lag_00__CT_place_PIT,CT_place_PIT,False,4.305429458618164,0.00043534341966733336,0.0018743403836513073
21300,28.0,0.01112586259841919,4,lag_02__T_shots_fired_sum,T_shots_fired_sum,False,-19.493162155151367,8.483327110297978e-05,-0.0016536687097623015
21300,28.0,0.01112586259841919,5,lag_15__CT4__is_walking,CT4__is_walking,False,-2.384641170501709,-0.0005655502900481224,0.0013486345056379356
21300,28.0,0.01112586259841919,6,lag_00__CT_place_LIBRARY,CT_place_LIBRARY,False,-6.411735534667969,-0.00019607823924161494,0.0012572018141205898
21300,28.0,0.01112586259841919,7,lag_00__T1__has_bomb,T1__has_bomb,False,2.857499837875366,-0.00037714719655923545,-0.0010776980530231642
21300,28.0,0.01112586259841919,8,lag_01__T3__is_walking,T3__is_walking,False,2.3223767280578613,0.0004288530326448381,0.0009959583027714103
21300,28.0,0.01112586259841919,9,lag_08__CT_shots_fired_sum,CT_shots_fired_sum,False,-5.557928085327148,-0.0001744178298395127,0.0009694017550468392
21300,28.0,0.01112586259841919,10,lag_09__T2__is_walking,T2__is_walking,False,-2.2968344688415527,-0.0004139369120821357,0.0009507445675960846
21300,28.0,0.01112586259841919,11,lag_00__T_bomb_carrier_alive,T_bomb_carrier_alive,False,2.123861789703369,-0.00040689620072953403,-0.0008641912931049295
21300,28.0,0.01112586259841919,12,lag_04__T_shots_fired_sum,T_shots_fired_sum,False,3.748684883117676,0.00022539634665008634,0.0008449398773971301
21300,28.0,0.01112586259841919,13,lag_06__T_shots_fired_sum,T_shots_fired_sum,False,3.748684883117676,-0.0002169088984373957,-0.0008131231085859725
21300,28.0,0.01112586259841919,14,lag_00__T_place_LOWERMID,T_place_LOWERMID,False,3.3263463973999023,0.00023166749451775104,0.0007706063357837828
21300,28.0,0.01112586259841919,15,lag_12__CT5__duck_amount,CT5__duck_amount,False,-3.5474624633789062,-0.00020855051116086543,0.0007398251100616537
21300,28.0,0.01112586259841919,16,lag_13__utility_damage_diff_last_5s,utility_damage_diff_last_5s,True,-4.514250755310059,0.00015898802666924894,-0.0007177118194769128
21300,28.0,0.01112586259841919,17,lag_04__CT_shots_fired_sum,CT_shots_fired_sum,False,4.168446063995361,-0.00016180954116862267,-0.0006744943450012406
21300,28.0,0.01112586259841919,18,lag_03__T2__duck_amount,T2__duck_amount,False,-3.8233180046081543,-0.00017324090003967285,0.0006623550522562027
21300,28.0,0.01112586259841919,19,lag_07__CT4__is_walking,CT4__is_walking,False,2.384641170501709,0.0002773735031951219,0.000661436275325375
21300,28.0,0.01112586259841919,20,lag_03__CT_shots_fired_sum,CT_shots_fired_sum,False,3.473705291748047,-0.0001893786684377119,-0.0006578456826962786
19796,4.5,0.011066615581512451,1,lag_04__CT_place_LIBRARY,CT_place_LIBRARY,False,6.411735534667969,0.0004978576907888055,0.003192131847238322
19796,4.5,0.011066615581512451,2,lag_00__T_place_LOWERMID,T_place_LOWERMID,False,6.652692794799805,0.00023166749451775104,0.0015412126715675656
19796,4.5,0.011066615581512451,3,lag_00__CT_place_RUINS,CT_place_RUINS,False,3.493913412094116,-0.00031822131131775677,-0.0011118377076272876
19796,4.5,0.011066615581512451,4,lag_00__T_place_TSPAWN,T_place_TSPAWN,False,-1.8984103202819824,-0.0003094920830335468,0.0005875429644764535
19796,4.5,0.011066615581512451,5,lag_08__T_velocity_mean,T_velocity_mean,False,3.5335803031921387,0.0001482843654230237,0.000523974712930142
19796,4.5,0.011066615581512451,6,lag_09__T2__molly,T2__molly,True,1.6050609350204468,-0.00029268767684698105,-0.0004697815562689778
19796,4.5,0.011066615581512451,7,lag_09__T_velocity_mean,T_velocity_mean,False,-1.7359485626220703,0.00023827108088880777,-0.0004136263403833329
19796,4.5,0.011066615581512451,8,lag_09__T_place_TSPAWN,T_place_TSPAWN,False,4.428390979766846,8.973898366093636e-05,0.0003973993057775349
19796,4.5,0.011066615581512451,9,lag_00__T3__smoke,T3__smoke,True,-2.173264503479004,-0.00014401011867448688,0.00031297207905706115
19796,4.5,0.011066615581512451,10,lag_09__T_molly_inv,T_molly_inv,True,2.267718553543091,-0.00013609800953418016,-0.0003086319813209448
19796,4.5,0.011066615581512451,11,lag_09__CT_molly_inv,CT_molly_inv,True,2.9876954555511475,9.913634858094156e-05,0.00029618921813521354
19796,4.5,0.011066615581512451,12,lag_09__CT_utility_inv,CT_utility_inv,True,2.8554892539978027,0.00010316138650523499,0.00029457623059321245
19796,4.5,0.011066615581512451,13,lag_09__CT1__X,CT1__X,False,1.7887383699417114,0.00016279032570309937,0.00029118930184044226
19796,4.5,0.011066615581512451,14,lag_09__CT_mean_X,CT_mean_X,False,2.121032476425171,0.00012997865269426256,0.00027568894360651894
19796,4.5,0.011066615581512451,15,lag_09__CT1__molly,CT1__molly,True,1.985326886177063,0.00013801411841996014,0.0002740031399711719
19796,4.5,0.011066615581512451,16,lag_09__CT3__molly,CT3__molly,True,1.958473563194275,0.0001361829345114529,0.0002667106769988978
19796,4.5,0.011066615581512451,17,lag_09__T_walking_count,T_walking_count,False,-0.9998118877410889,-0.00026046272250823677,0.0002604137262771436
19796,4.5,0.011066615581512451,18,lag_09__CT2__X,CT2__X,False,1.8969999551773071,0.00013113483146298677,0.0002487627694074696
19796,4.5,0.011066615581512451,19,lag_09__CT4__has_defuser,CT4__has_defuser,False,1.568546175956726,-0.00015854035154916346,-0.00024867786215727536
19796,4.5,0.011066615581512451,20,lag_09__CT2__utility_total,CT2__utility_total,True,1.98095703125,0.00012217827315907925,0.0002420299092804612
22452,46.0,0.010982692241668701,1,lag_11__CT_place_LIBRARY,CT_place_LIBRARY,False,6.411735534667969,0.0009371645865030587,0.006008851481114075
22452,46.0,0.010982692241668701,2,lag_06__CT_place_LIBRARY,CT_place_LIBRARY,False,-6.411735534667969,0.00036129826912656426,-0.002316548950772823
22452,46.0,0.010982692241668701,3,lag_15__T3__flash_duration,T3__flash_duration,True,-8.012818336486816,-0.00022638609516434371,0.0018139906544585027
22452,46.0,0.010982692241668701,4,lag_01__T3__is_walking,T3__is_walking,False,2.3223767280578613,0.0004288530326448381,0.0009959583027714103
22452,46.0,0.010982692241668701,5,lag_00__CT4__is_walking,CT4__is_walking,False,2.384641170501709,0.00041614967631176114,0.0009923676512239854
22452,46.0,0.010982692241668701,6,lag_09__T2__is_walking,T2__is_walking,False,-2.2968344688415527,-0.0004139369120821357,0.0009507445675960846
22452,46.0,0.010982692241668701,7,lag_14__T2__duck_amount,T2__duck_amount,False,3.8233180046081543,0.0002314798184670508,0.0008850209576485024
22452,46.0,0.010982692241668701,8,lag_03__T2__is_walking,T2__is_walking,False,2.2968344688415527,0.0003802203282248229,0.0008733031556210219
22452,46.0,0.010982692241668701,9,lag_13__CT4__is_walking,CT4__is_walking,False,2.384641170501709,-0.00029896822525188327,-0.0007129319386074695
22452,46.0,0.010982692241668701,10,lag_01__CT_active_infernos,CT_active_infernos,True,2.30427622795105,0.00027651007985696197,0.0006371556038032439
22452,46.0,0.010982692241668701,11,lag_00__T2__duck_amount,T2__duck_amount,False,1.3791260719299316,-0.00044543834519572556,-0.0006143156352967499
22452,46.0,0.010982692241668701,12,lag_15__T2__is_walking,T2__is_walking,False,-2.2968344688415527,-0.0002563920570537448,0.000588890114178231
22452,46.0,0.010982692241668701,13,lag_08__T5__duck_amount,T5__duck_amount,False,3.7970333099365234,-0.00014133533113636076,-0.0005366549601956705
22452,46.0,0.010982692241668701,14,lag_02__CT_place_PIT,CT_place_PIT,False,4.305429458618164,-0.0001236035895999521,-0.0005321665358545835
22452,46.0,0.010982692241668701,15,lag_06__T3__is_walking,T3__is_walking,False,2.3223767280578613,-0.00022661335242446512,-0.0005262815759377523
22452,46.0,0.010982692241668701,16,lag_05__T1__is_walking,T1__is_walking,False,2.281590461730957,0.00022142103989608586,0.0005051921326534592
22452,46.0,0.010982692241668701,17,lag_00__T3__duck_amount,T3__duck_amount,False,2.854759454727173,0.00016285540186800063,0.0004649129982360681
22452,46.0,0.010982692241668701,18,lag_04__T3__is_walking,T3__is_walking,False,-2.3223767280578613,0.00019652220362331718,-0.00045639859224144014
22452,46.0,0.010982692241668701,19,lag_14__CT4__is_walking,CT4__is_walking,False,-2.384641170501709,-0.00018618193280417472,0.00044397710216841774
22452,46.0,0.010982692241668701,20,lag_08__T2__is_walking,T2__is_walking,False,2.2968344688415527,-0.0001912346197059378,-0.000439234266176404
24244,74.0,-0.010887384414672852,1,lag_10__CT_place_LIBRARY,CT_place_LIBRARY,False,6.411735534667969,0.0004436760500539094,0.0028447334960117754
24244,74.0,-0.010887384414672852,2,lag_00__CT3__duck_amount,CT3__duck_amount,False,-3.7208433151245117,0.0007183473207987845,-0.0026728578265317604
24244,74.0,-0.010887384414672852,3,lag_01__CT3__is_scoped,CT3__is_scoped,False,4.548114776611328,0.0003468819195404649,0.0015776587840012901
24244,74.0,-0.010887384414672852,4,lag_01__CT3__duck_amount,CT3__duck_amount,False,3.7208433151245117,0.00034891071845777333,0.0012982421143488965
24244,74.0,-0.010887384414672852,5,lag_08__T3__is_walking,T3__is_walking,False,2.3223767280578613,-0.0005422991816885769,-0.001259422999198373
24244,74.0,-0.010887384414672852,6,lag_00__CT3__is_walking,CT3__is_walking,False,2.387126922607422,-0.0005153218517079949,-0.0012301386660200642
24244,74.0,-0.010887384414672852,7,lag_13__CT1__is_walking,CT1__is_walking,False,-2.3343825340270996,-0.000511849473696202,0.0011948524714473774
24244,74.0,-0.010887384414672852,8,lag_06__CT5__duck_amount,CT5__duck_amount,False,3.7749595642089844,-0.00030271144350990653,-0.0011427234588732293
24244,74.0,-0.010887384414672852,9,lag_03__CT1__duck_amount,CT1__duck_amount,False,-3.645623207092285,-0.000267673545749858,0.0009758368903103609
24244,74.0,-0.010887384414672852,10,lag_02__CT3__duck_amount,CT3__duck_amount,False,-3.7208433151245117,0.0002561902510933578,-0.0009532437831807905
24244,74.0,-0.010887384414672852,11,lag_06__CT_place_PIT,CT_place_PIT,False,-4.305429458618164,0.00020526758453343064,-0.0008837651053496265
24244,74.0,-0.010887384414672852,12,lag_02__T5__duck_amount,T5__duck_amount,False,3.7970333099365234,-0.00019456569862086326,-0.0007387724386344885
24244,74.0,-0.010887384414672852,13,lag_15__CT5__duck_amount,CT5__duck_amount,False,-3.2454657554626465,0.00022589717991650105,-0.0007331415616745884
24244,74.0,-0.010887384414672852,14,lag_04__T5__is_walking,T5__is_walking,False,2.3193888664245605,-0.0002868361189030111,-0.0006652845006720753
24244,74.0,-0.010887384414672852,15,lag_14__CT5__is_walking,CT5__is_walking,False,2.396676540374756,-0.00026758454623632133,-0.0006413136045314155
24244,74.0,-0.010887384414672852,16,lag_09__T3__is_walking,T3__is_walking,False,-2.3223767280578613,-0.00026113848434761167,0.0006064619388491954
24244,74.0,-0.010887384414672852,17,lag_05__T3__is_walking,T3__is_walking,False,2.3223767280578613,-0.0002565539034549147,-0.0005958148148760972
24244,74.0,-0.010887384414672852,18,lag_09__CT1__duck_amount,CT1__duck_amount,False,2.1918230056762695,-0.00026122666895389557,-0.0005725626227093272
24244,74.0,-0.010887384414672852,19,lag_06__T3__is_walking,T3__is_walking,False,-2.3223767280578613,-0.00022661335242446512,0.0005262815759377523
24244,74.0,-0.010887384414672852,20,lag_06__CT5__is_walking,CT5__is_walking,False,-2.396676540374756,0.00021903045126236975,-0.0005249451441682179
21460,30.5,0.010745704174041748,1,lag_10__CT_place_LIBRARY,CT_place_LIBRARY,False,6.411735534667969,0.0004436760500539094,0.0028447334960117754
21460,30.5,0.010745704174041748,2,lag_07__T2__shots_fired,T2__shots_fired,False,-15.297529220581055,0.00018372594786342233,-0.0028105530560196545
21460,30.5,0.010745704174041748,3,lag_07__T_shots_fired_sum,T_shots_fired_sum,False,-19.493162155151367,-0.0001333297259407118,0.0025990179678641867
21460,30.5,0.010745704174041748,4,lag_05__CT_place_LIBRARY,CT_place_LIBRARY,False,-6.411735534667969,0.0003891380038112402,-0.0024950499669262882
21460,30.5,0.010745704174041748,5,lag_06__CT_shots_fired_sum,CT_shots_fired_sum,False,-11.81059741973877,0.00016186106950044632,-0.001911675929798129
21460,30.5,0.010745704174041748,6,lag_09__T2__shots_fired,T2__shots_fired,False,2.9418325424194336,0.00048232031986117363,0.0014189056128377509
21460,30.5,0.010745704174041748,7,lag_15__CT4__is_walking,CT4__is_walking,False,2.384641170501709,-0.0005655502900481224,-0.0013486345056379356
21460,30.5,0.010745704174041748,8,lag_06__CT5__shots_fired,CT5__shots_fired,False,-8.989723205566406,0.00014613060920964926,-0.00131367372865554
21460,30.5,0.010745704174041748,9,lag_08__T3__is_walking,T3__is_walking,False,-2.3223767280578613,-0.0005422991816885769,0.001259422999198373
21460,30.5,0.010745704174041748,10,lag_10__T2__shots_fired,T2__shots_fired,False,2.9418325424194336,0.0004156192298978567,0.0012226821757688189
21460,30.5,0.010745704174041748,11,lag_13__CT1__is_walking,CT1__is_walking,False,2.3343825340270996,-0.000511849473696202,-0.0011948524714473774
21460,30.5,0.010745704174041748,12,lag_10__T3__is_walking,T3__is_walking,False,-2.3223767280578613,-0.000508095312397927,0.0011799887291482347
21460,30.5,0.010745704174041748,13,lag_14__CT_shots_fired_sum,CT_shots_fired_sum,False,4.168446063995361,0.0002790622238535434,0.0011632558286320954
21460,30.5,0.010745704174041748,14,lag_05__CT_place_PIT,CT_place_PIT,False,4.305429458618164,-0.00025964624364860356,-0.0011178885862242471
21460,30.5,0.010745704174041748,15,lag_09__T_shots_fired_sum,T_shots_fired_sum,False,3.748684883117676,0.00026701524620875716,0.0010009560170247123
21460,30.5,0.010745704174041748,16,lag_00__CT4__is_walking,CT4__is_walking,False,2.384641170501709,0.00041614967631176114,0.0009923676512239854
21460,30.5,0.010745704174041748,17,lag_11__T2__shots_fired,T2__shots_fired,False,2.9418323040008545,0.00033081177389249206,0.0009731927629807596
21460,30.5,0.010745704174041748,18,lag_05__T_place_TRAMP,T_place_TRAMP,False,-2.926727294921875,-0.00029574910877272487,0.0008655769890939524
21460,30.5,0.010745704174041748,19,lag_03__T_place_LOWERMID,T_place_LOWERMID,False,-3.3263463973999023,-0.00021848789765499532,0.0007267664312401723
21460,30.5,0.010745704174041748,20,lag_13__CT4__is_walking,CT4__is_walking,False,-2.384641170501709,-0.00029896822525188327,0.0007129319386074695
25396,92.0,0.010670721530914307,1,lag_05__T_place_QUAD,T_place_QUAD,False,24.086301803588867,-0.0020376797765493393,-0.04908017007703691
25396,92.0,0.010670721530914307,2,lag_03__T_place_QUAD,T_place_QUAD,False,24.086305618286133,0.0004056743928231299,0.00977119740705057
25396,92.0,0.010670721530914307,3,lag_02__T_place_QUAD,T_place_QUAD,False,-24.086305618286133,-0.0002553816884756088,0.006151201397937456
25396,92.0,0.010670721530914307,4,lag_08__CT_place_LIBRARY,CT_place_LIBRARY,False,6.411735534667969,0.0006526836077682674,0.004184834680823091
25396,92.0,0.010670721530914307,5,lag_00__T_place_ARCH,T_place_ARCH,False,9.303513526916504,0.0004236210079398006,0.003941163777653939
25396,92.0,0.010670721530914307,6,lag_01__T_place_QUAD,T_place_QUAD,False,-24.086301803588867,-0.0001442325592506677,0.0034740289520155954
25396,92.0,0.010670721530914307,7,lag_03__CT3__is_scoped,CT3__is_scoped,False,4.548114776611328,0.0006030839867889881,0.002742895191852668
25396,92.0,0.010670721530914307,8,lag_01__CT3__is_scoped,CT3__is_scoped,False,-4.548114776611328,0.0003468819195404649,-0.0015776587840012901
25396,92.0,0.010670721530914307,9,lag_01__T5__duck_amount,T5__duck_amount,False,-3.7970333099365234,-0.00038160450640134513,0.0014489650220277928
25396,92.0,0.010670721530914307,10,lag_00__CT3__is_walking,CT3__is_walking,False,2.387126922607422,-0.0005153218517079949,-0.0012301386660200642
25396,92.0,0.010670721530914307,11,lag_13__CT1__is_walking,CT1__is_walking,False,-2.3343825340270996,-0.000511849473696202,0.0011948524714473774
25396,92.0,0.010670721530914307,12,lag_15__T1__is_walking,T1__is_walking,False,-2.281590461730957,-0.0004290357755962759,0.0009788839333418065
25396,92.0,0.010670721530914307,13,lag_13__T3__is_walking,T3__is_walking,False,-2.3223767280578613,-0.0003833354276139289,0.0008902492761306974
25396,92.0,0.010670721530914307,14,lag_14__T2__duck_amount,T2__duck_amount,False,3.8233180046081543,0.0002314798184670508,0.0008850209576485024
25396,92.0,0.010670721530914307,15,lag_04__damage_diff_last_5s,damage_diff_last_5s,False,2.0078210830688477,0.00039713026490062475,0.0007973665185921908
25396,92.0,0.010670721530914307,16,lag_14__CT_shots_fired_sum,CT_shots_fired_sum,False,2.778964042663574,0.0002790622238535434,0.0007755038857547303
25396,92.0,0.010670721530914307,17,lag_15__CT_place_TOPOFMID,CT_place_TOPOFMID,False,3.6288270950317383,0.00019570483709685504,0.0007101790154858401
25396,92.0,0.010670721530914307,18,lag_14__T2__shots_fired,T2__shots_fired,False,2.353466033935547,0.0002859194064512849,0.0006729016115261111
25396,92.0,0.010670721530914307,19,lag_14__CT4__shots_fired,CT4__shots_fired,False,2.1549742221832275,0.0002905616711359471,0.0006261529112524464
25396,92.0,0.010670721530914307,20,lag_13__CT_kills_last_3s,CT_kills_last_3s,False,2.8871407508850098,0.00021646139794029295,0.0006249545229869563
21652,33.5,-0.010270237922668457,1,lag_11__CT_place_LIBRARY,CT_place_LIBRARY,False,-6.411735534667969,0.0009371645865030587,-0.006008851481114075
21652,33.5,-0.010270237922668457,2,lag_13__T2__shots_fired,T2__shots_fired,False,-15.297529220581055,0.00031120426137931645,-0.004760656282019438
21652,33.5,-0.010270237922668457,3,lag_02__CT3__is_scoped,CT3__is_scoped,False,4.548114776611328,0.00037722685374319553,0.001715671027644028
21652,33.5,-0.010270237922668457,4,lag_01__CT3__is_scoped,CT3__is_scoped,False,-4.548114776611328,0.0003468819195404649,-0.0015776587840012901
21652,33.5,-0.010270237922668457,5,lag_11__T_place_TRAMP,T_place_TRAMP,False,-2.926727294921875,0.00048038430395536125,-0.0014059538544382022
21652,33.5,-0.010270237922668457,6,lag_14__T_utility_damage_last_5s,T_utility_damage_last_5s,True,-8.42352294921875,0.00015961007738951594,-0.0013444791498171682
21652,33.5,-0.010270237922668457,7,lag_05__T3__flash_duration,T3__flash_duration,True,8.012818336486816,0.00016206869622692466,0.0012986270208976136
21652,33.5,-0.010270237922668457,8,lag_08__T3__is_walking,T3__is_walking,False,-2.3223767280578613,-0.0005422991816885769,0.001259422999198373
21652,33.5,-0.010270237922668457,9,lag_00__CT3__is_walking,CT3__is_walking,False,2.387126922607422,-0.0005153218517079949,-0.0012301386660200642
21652,33.5,-0.010270237922668457,10,lag_05__CT_place_BANANA,CT_place_BANANA,False,-2.960339307785034,0.0003532057162374258,-0.0010456087655120183
21652,33.5,-0.010270237922668457,11,lag_15__T2__shots_fired,T2__shots_fired,False,2.9418325424194336,0.00033066037576645613,0.0009727474539183989
21652,33.5,-0.010270237922668457,12,lag_14__CT_shots_fired_sum,CT_shots_fired_sum,False,3.473705291748047,0.0002790622238535434,0.0009693799237270317
21652,33.5,-0.010270237922668457,13,lag_11__T_place_LOWERMID,T_place_LOWERMID,False,3.3263463973999023,-0.0002834196202456951,-0.0009427518327567164
21652,33.5,-0.010270237922668457,14,lag_09__T_place_TRAMP,T_place_TRAMP,False,2.926727294921875,0.00032117438968271017,0.0009399898527142625
21652,33.5,-0.010270237922668457,15,lag_14__T2__duck_amount,T2__duck_amount,False,-3.8233180046081543,0.0002314798184670508,-0.0008850209576485024
21652,33.5,-0.010270237922668457,16,lag_03__T2__is_walking,T2__is_walking,False,2.2968344688415527,0.0003802203282248229,0.0008733031556210219
21652,33.5,-0.010270237922668457,17,lag_14__T2__shots_fired,T2__shots_fired,False,2.9418325424194336,0.0002859194064512849,0.0008411270144076388
21652,33.5,-0.010270237922668457,18,lag_01__T2__is_walking,T2__is_walking,False,-2.2968344688415527,0.00036613643169403076,-0.0008409547766135006
21652,33.5,-0.010270237922668457,19,lag_09__T_place_LOWERMID,T_place_LOWERMID,False,-3.3263463973999023,-0.00024689597194083035,0.0008212615267979284
21652,33.5,-0.010270237922668457,20,lag_10__T2__is_walking,T2__is_walking,False,-2.2968344688415527,-0.00034644853440113366,0.0007957349354921622
21172,26.0,0.01018911600112915,1,lag_15__T_place_BALCONY,T_place_BALCONY,False,-13.751577377319336,-0.00030329846777021885,0.004170832347964559
21172,26.0,0.01018911600112915,2,lag_02__CT_place_BALCONY,CT_place_BALCONY,False,6.417822360992432,0.0004181297845207155,0.002683482680893995
21172,26.0,0.01018911600112915,3,lag_00__CT_shots_fired_sum,CT_shots_fired_sum,False,4.168446063995361,0.0004820862668566406,0.002009550601584781
21172,26.0,0.01018911600112915,4,lag_01__CT_place_LIBRARY,CT_place_LIBRARY,False,6.411735534667969,0.00026709443773142993,0.0017125388975147704
21172,26.0,0.01018911600112915,5,lag_01__T5__duck_amount,T5__duck_amount,False,-3.7970333099365234,-0.00038160450640134513,0.0014489650220277928
21172,26.0,0.01018911600112915,6,lag_14__CT_place_RUINS,CT_place_RUINS,False,-3.493913412094116,0.0003368560574017465,-0.0011769458969011076
21172,26.0,0.01018911600112915,7,lag_01__T_shots_fired_sum,T_shots_fired_sum,False,3.748685836791992,0.000275840749964118,0.0010340403126005704
21172,26.0,0.01018911600112915,8,lag_01__T3__is_walking,T3__is_walking,False,-2.3223767280578613,0.0004288530326448381,-0.0009959583027714103
21172,26.0,0.01018911600112915,9,lag_15__T3__flash_duration,T3__flash_duration,True,-4.344386577606201,-0.00022638609516434371,0.000983508713188655
21172,26.0,0.01018911600112915,10,lag_15__T1__is_walking,T1__is_walking,False,2.281590461730957,-0.0004290357755962759,-0.0009788839333418065
21172,26.0,0.01018911600112915,11,lag_09__T_utility_damage_last_5s,T_utility_damage_last_5s,True,8.42352294921875,0.0001108631186070852,0.0009338580238087424
21172,26.0,0.01018911600112915,12,lag_04__CT_shots_fired_sum,CT_shots_fired_sum,False,-5.557928085327148,-0.00016180954116862267,0.0008993257933349874
21172,26.0,0.01018911600112915,13,lag_13__T5__duck_amount,T5__duck_amount,False,-3.3547582626342773,-0.00026552274357527494,0.0008907646179264761
21172,26.0,0.01018911600112915,14,lag_13__T3__is_walking,T3__is_walking,False,-2.3223767280578613,-0.0003833354276139289,0.0008902492761306974
21172,26.0,0.01018911600112915,15,lag_13__CT4__is_walking,CT4__is_walking,False,2.384641170501709,-0.00029896822525188327,-0.0007129319386074695
21172,26.0,0.01018911600112915,16,lag_00__CT5__shots_fired,CT5__shots_fired,False,3.1728434562683105,0.00022445274225901812,0.0007121534145180033
21172,26.0,0.01018911600112915,17,lag_02__T5__duck_amount,T5__duck_amount,False,3.4749693870544434,-0.00019456569862086326,-0.0006761098464783608
21172,26.0,0.01018911600112915,18,lag_04__T5__is_walking,T5__is_walking,False,2.3193888664245605,-0.0002868361189030111,-0.0006652845006720753
21172,26.0,0.01018911600112915,19,lag_07__CT4__is_walking,CT4__is_walking,False,-2.384641170501709,0.0002773735031951219,-0.000661436275325375
21172,26.0,0.01018911600112915,20,lag_14__CT5__is_walking,CT5__is_walking,False,2.396676540374756,-0.00026758454623632133,-0.0006413136045314155
24916,84.5,0.009885072708129883,1,lag_09__CT_place_LIBRARY,CT_place_LIBRARY,False,-6.411735534667969,0.0007052535656839609,-0.0045218993480471426
24916,84.5,0.009885072708129883,2,lag_00__CT_place_TOPOFMID,CT_place_TOPOFMID,False,3.6288270950317383,0.0004589855088852346,0.00166557905086967
24916,84.5,0.009885072708129883,3,lag_15__CT4__is_walking,CT4__is_walking,False,-2.384641170501709,-0.0005655502900481224,0.0013486345056379356
24916,84.5,0.009885072708129883,4,lag_13__CT1__is_walking,CT1__is_walking,False,-2.3343825340270996,-0.000511849473696202,0.0011948524714473774
24916,84.5,0.009885072708129883,5,lag_15__CT_place_PIT,CT_place_PIT,False,-4.305429458618164,0.0002542486763559282,-0.0010946497409974887
24916,84.5,0.009885072708129883,6,lag_15__CT5__duck_amount,CT5__duck_amount,False,-3.7749595642089844,0.00022589717991650105,-0.0008527527198536333
24916,84.5,0.009885072708129883,7,lag_12__CT1__is_walking,CT1__is_walking,False,2.3343825340270996,-0.000309669878333807,-0.000722887955296736
24916,84.5,0.009885072708129883,8,lag_13__T5__duck_amount,T5__duck_amount,False,-2.710141181945801,-0.00026552274357527494,0.0007196041221065874
24916,84.5,0.009885072708129883,9,lag_13__CT4__is_walking,CT4__is_walking,False,-2.384641170501709,-0.00029896822525188327,0.0007129319386074695
24916,84.5,0.009885072708129883,10,lag_13__CT_walking_count,CT_walking_count,False,-1.7948951721191406,-0.0003645693650469184,0.0006543637932252544
24916,84.5,0.009885072708129883,11,lag_05__T3__is_walking,T3__is_walking,False,2.3223767280578613,-0.0002565539034549147,-0.0005958148148760972
24916,84.5,0.009885072708129883,12,lag_13__CT4__duck_amount,CT4__duck_amount,False,3.3120858669281006,0.0001660532725509256,0.0005499826971730806
24916,84.5,0.009885072708129883,13,lag_12__CT4__is_walking,CT4__is_walking,False,2.384641170501709,0.00022991163132246584,0.0005482567416287623
24916,84.5,0.009885072708129883,14,lag_06__T3__is_walking,T3__is_walking,False,-2.3223767280578613,-0.00022661335242446512,0.0005262815759377523
24916,84.5,0.009885072708129883,15,lag_09__CT4__is_walking,CT4__is_walking,False,-2.384641170501709,-0.0002161425945814699,0.0005154225297380327
24916,84.5,0.009885072708129883,16,lag_08__CT4__duck_amount,CT4__duck_amount,False,-3.6725916862487793,-0.00012607115786522627,0.0004630078862515874
24916,84.5,0.009885072708129883,17,lag_07__T3__is_walking,T3__is_walking,False,2.3223767280578613,0.00019229709869250655,0.000446586306876523
24916,84.5,0.009885072708129883,18,lag_14__CT4__is_walking,CT4__is_walking,False,2.384641170501709,-0.00018618193280417472,-0.00044397710216841774
24916,84.5,0.009885072708129883,19,lag_12__CT4__duck_amount,CT4__duck_amount,False,-3.3120858669281006,-0.0001330543600488454,0.0004406874654509438
24916,84.5,0.009885072708129883,20,lag_00__T2__is_walking,T2__is_walking,False,-2.2968344688415527,-0.000178659480297938,0.00041035125253362226
21236,27.0,-0.009829461574554443,1,lag_00__CT_shots_fired_sum,CT_shots_fired_sum,False,4.168445587158203,0.0004820862668566406,0.0020095503717081353
21236,27.0,-0.009829461574554443,2,lag_01__T_utility_damage_last_5s,T_utility_damage_last_5s,True,-8.42352294921875,0.0002344258246012032,-0.0019746913134177646
21236,27.0,-0.009829461574554443,3,lag_00__T_shots_fired_sum,T_shots_fired_sum,False,-19.493162155151367,-9.176694584311917e-05,0.0017888279558029158
21236,27.0,-0.009829461574554443,4,lag_12__CT5__flash_duration,CT5__flash_duration,True,-6.908468246459961,0.00021799186652060598,-0.0015059898878441447
21236,27.0,-0.009829461574554443,5,lag_15__T5__duck_amount,T5__duck_amount,False,-3.3547582626342773,0.0004413787683006376,-0.0014807190699079043
21236,27.0,-0.009829461574554443,6,lag_15__CT4__is_walking,CT4__is_walking,False,2.384641170501709,-0.0005655502900481224,-0.0013486345056379356
21236,27.0,-0.009829461574554443,7,lag_10__CT_shots_fired_sum,CT_shots_fired_sum,False,3.4737050533294678,0.0003189623821526766,0.0011079812387057575
21236,27.0,-0.009829461574554443,8,lag_01__T_shots_fired_sum,T_shots_fired_sum,False,3.748684883117676,0.000275840749964118,0.0010340400495383317
21236,27.0,-0.009829461574554443,9,lag_01__T3__is_walking,T3__is_walking,False,-2.3223767280578613,0.0004288530326448381,-0.0009959583027714103
21236,27.0,-0.009829461574554443,10,lag_15__T1__is_walking,T1__is_walking,False,-2.281590461730957,-0.0004290357755962759,0.0009788839333418065
21236,27.0,-0.009829461574554443,11,lag_09__T2__is_walking,T2__is_walking,False,2.2968344688415527,-0.0004139369120821357,-0.0009507445675960846
21236,27.0,-0.009829461574554443,12,lag_00__T2__shots_fired,T2__shots_fired,False,-15.297529220581055,-5.995174069539644e-05,0.0009171135051125254
21236,27.0,-0.009829461574554443,13,lag_04__T5__duck_amount,T5__duck_amount,False,3.4749693870544434,-0.0002606372581794858,-0.0009057064932995185
21236,27.0,-0.009829461574554443,14,lag_06__CT_shots_fired_sum,CT_shots_fired_sum,False,-5.557928085327148,0.00016186106950044632,-0.0008996121840976201
21236,27.0,-0.009829461574554443,15,lag_05__T_place_TRAMP,T_place_TRAMP,False,2.926727294921875,-0.00029574910877272487,-0.0008655769890939524
21236,27.0,-0.009829461574554443,16,lag_04__T_shots_fired_sum,T_shots_fired_sum,False,3.748684883117676,0.00022539634665008634,0.0008449398773971301
21236,27.0,-0.009829461574554443,17,lag_07__T5__duck_amount,T5__duck_amount,False,2.3521690368652344,-0.00035408823168836534,-0.0008328753748957363
21236,27.0,-0.009829461574554443,18,lag_12__CT5__duck_amount,CT5__duck_amount,False,3.7749595642089844,-0.00020855051116086543,-0.0007872697467273815
21236,27.0,-0.009829461574554443,19,lag_03__T5__duck_amount,T5__duck_amount,False,-3.7970333099365234,-0.00020453710749279708,0.0007766342102682178
21236,27.0,-0.009829461574554443,20,lag_13__CT4__is_walking,CT4__is_walking,False,-2.384641170501709,-0.00029896822525188327,0.0007129319386074695
23508,62.5,0.009634196758270264,1,lag_09__CT_place_LIBRARY,CT_place_LIBRARY,False,6.411735534667969,0.0007052535656839609,0.0045218993480471426
23508,62.5,0.009634196758270264,2,lag_06__CT3__flash_duration,CT3__flash_duration,True,7.249464988708496,0.0002668091328814626,0.0019342234674918357
23508,62.5,0.009634196758270264,3,lag_05__CT3__is_scoped,CT3__is_scoped,False,-4.548114776611328,0.0003418294945731759,-0.0015546797753498431
23508,62.5,0.009634196758270264,4,lag_05__CT3__duck_amount,CT3__duck_amount,False,-3.7208433151245117,0.00039905583253130317,-0.001484824226835546
23508,62.5,0.009634196758270264,5,lag_00__CT4__is_walking,CT4__is_walking,False,-2.384641170501709,0.00041614967631176114,-0.0009923676512239854
23508,62.5,0.009634196758270264,6,lag_06__CT_flash_duration_sum,CT_flash_duration_sum,True,4.56625509262085,0.00020991858036722988,0.0009585417866376025
23508,62.5,0.009634196758270264,7,lag_01__CT_flashed_players,CT_flashed_players,False,-2.1899399757385254,0.00038129594759084284,-0.0008350152382162884
23508,62.5,0.009634196758270264,8,lag_04__CT_place_ARCH,CT_place_ARCH,False,-4.080447673797607,-0.00019423846970312297,0.0007925799118621152
23508,62.5,0.009634196758270264,9,lag_04__CT_flash_duration_sum,CT_flash_duration_sum,True,2.3312058448791504,0.0003355603839736432,0.000782260328429249
23508,62.5,0.009634196758270264,10,lag_04__CT_place_RUINS,CT_place_RUINS,False,3.493913412094116,-0.00021982958423905075,-0.0007680655327478927
23508,62.5,0.009634196758270264,11,lag_04__CT_flashed_players,CT_flashed_players,False,2.1899399757385254,0.0003391584032215178,0.0007427365453224477
23508,62.5,0.009634196758270264,12,lag_12__CT1__is_walking,CT1__is_walking,False,-2.3343825340270996,-0.000309669878333807,0.000722887955296736
23508,62.5,0.009634196758270264,13,lag_00__T5__flash_duration,T5__flash_duration,True,-2.83266282081604,0.00025089652626775205,-0.0007107052618305562
23508,62.5,0.009634196758270264,14,lag_04__T_place_MIDDLE,T_place_MIDDLE,False,1.6254756450653076,-0.00042545393807813525,-0.0006915650144431323
23508,62.5,0.009634196758270264,15,lag_06__CT_flashed_players,CT_flashed_players,False,4.379879951477051,0.00015346375585068017,0.000672152827528763
23508,62.5,0.009634196758270264,16,lag_06__T_flashed_players,T_flashed_players,False,3.8592474460601807,0.00016460631741210818,0.00063525651007805
23508,62.5,0.009634196758270264,17,lag_15__CT_flashes_last_5s,CT_flashes_last_5s,True,-10.995440483093262,5.564435195992701e-05,-0.0006118341601956713
23508,62.5,0.009634196758270264,18,lag_09__T3__is_walking,T3__is_walking,False,2.3223767280578613,-0.00026113848434761167,-0.0006064619388491954
23508,62.5,0.009634196758270264,19,lag_05__T3__is_walking,T3__is_walking,False,-2.3223767280578613,-0.0002565539034549147,0.0005958148148760972
23508,62.5,0.009634196758270264,20,lag_03__CT_place_LIBRARY,CT_place_LIBRARY,False,-6.411735534667969,-9.244997636415064e-05,0.0005927647986332385
22388,45.0,-0.008889436721801758,1,lag_09__CT_place_LIBRARY,CT_place_LIBRARY,False,6.411735534667969,0.0007052535656839609,0.0045218993480471426
22388,45.0,-0.008889436721801758,2,lag_04__CT_place_LIBRARY,CT_place_LIBRARY,False,-6.411735534667969,0.0004978576907888055,-0.003192131847238322
22388,45.0,-0.008889436721801758,3,lag_13__T3__flash_duration,T3__flash_duration,True,-8.012818336486816,0.00038207764737308025,-0.0030615187788327614
22388,45.0,-0.008889436721801758,4,lag_00__CT_place_PIT,CT_place_PIT,False,4.305429458618164,0.00043534341966733336,0.0018743403836513073
22388,45.0,-0.008889436721801758,5,lag_14__CT_place_RUINS,CT_place_RUINS,False,-3.493913412094116,0.0003368560574017465,-0.0011769458969011076
22388,45.0,-0.008889436721801758,6,lag_00__CT_place_RUINS,CT_place_RUINS,False,3.493913412094116,-0.00031822131131775677,-0.0011118377076272876
22388,45.0,-0.008889436721801758,7,lag_11__CT3__is_scoped,CT3__is_scoped,False,-4.548114776611328,0.00023004694958217442,-0.0010462799307090487
22388,45.0,-0.008889436721801758,8,lag_00__CT4__is_walking,CT4__is_walking,False,2.384641170501709,0.00041614967631176114,0.0009923676512239854
22388,45.0,-0.008889436721801758,9,lag_15__T1__is_walking,T1__is_walking,False,2.281590461730957,-0.0004290357755962759,-0.0009788839333418065
22388,45.0,-0.008889436721801758,10,lag_14__T1__is_walking,T1__is_walking,False,-2.281590461730957,-0.0004045722307637334,0.0009230681427917498
22388,45.0,-0.008889436721801758,11,lag_03__T2__is_walking,T2__is_walking,False,-2.2968344688415527,0.0003802203282248229,-0.0008733031556210219
22388,45.0,-0.008889436721801758,12,lag_01__T2__is_walking,T2__is_walking,False,2.2968344688415527,0.00036613643169403076,0.0008409547766135006
22388,45.0,-0.008889436721801758,13,lag_04__T1__duck_amount,T1__duck_amount,False,-3.915480136871338,0.00018482528685126454,-0.0007236797394576736
22388,45.0,-0.008889436721801758,14,lag_06__T5__duck_amount,T5__duck_amount,False,3.7970333099365234,-0.00017637024575378746,-0.0006696836980088217
22388,45.0,-0.008889436721801758,15,lag_13__T_flash_duration_sum,T_flash_duration_sum,True,-3.3388726711273193,0.00018897205882240087,-0.0006309536428087785
22388,45.0,-0.008889436721801758,16,lag_09__CT_place_PIT,CT_place_PIT,False,-4.305429458618164,-0.00014022049435880035,0.0006037094471143811
22388,45.0,-0.008889436721801758,17,lag_11__T2__is_walking,T2__is_walking,False,2.2968344688415527,-0.0002626851201057434,-0.0006033442383106546
22388,45.0,-0.008889436721801758,18,lag_14__T3__duck_amount,T3__duck_amount,False,3.7704498767852783,0.0001484979729866609,0.0005599041639504192
22388,45.0,-0.008889436721801758,19,lag_07__CT_A_site_active_infernos,CT_A_site_active_infernos,True,-3.5290777683258057,0.00015814944345038384,-0.0005581216849538488
22388,45.0,-0.008889436721801758,20,lag_12__CT4__is_walking,CT4__is_walking,False,-2.384641170501709,0.00022991163132246584,-0.0005482567416287623
25076,87.0,-0.008768737316131592,1,lag_14__CT_place_LIBRARY,CT_place_LIBRARY,False,-6.411735534667969,0.0005110358470119536,-0.0032766266997756865
25076,87.0,-0.008768737316131592,2,lag_10__T3__is_walking,T3__is_walking,False,2.3223767280578613,-0.000508095312397927,-0.0011799887291482347
25076,87.0,-0.008768737316131592,3,lag_03__T_kills_last_3s,T_kills_last_3s,False,3.1681017875671387,-0.0003586255188565701,-0.0011361621473566924
25076,87.0,-0.008768737316131592,4,lag_04__damage_diff_last_5s,damage_diff_last_5s,False,-2.0078213214874268,0.00039713026490062475,-0.0007973666132754242
25076,87.0,-0.008768737316131592,5,lag_01__T1__duck_amount,T1__duck_amount,False,-1.833889365196228,-0.000410286127589643,0.000752419366074189
25076,87.0,-0.008768737316131592,6,lag_13__CT4__is_walking,CT4__is_walking,False,2.384641170501709,-0.00029896822525188327,-0.0007129319386074695
25076,87.0,-0.008768737316131592,7,lag_04__T_shots_fired_sum,T_shots_fired_sum,False,2.998948335647583,0.00022539634665008634,0.0006759519986473221
25076,87.0,-0.008768737316131592,8,lag_03__T2__duck_amount,T2__duck_amount,False,-3.8233180046081543,-0.00017324090003967285,0.0006623550522562027
25076,87.0,-0.008768737316131592,9,lag_13__CT4__duck_amount,CT4__duck_amount,False,-3.6725916862487793,0.0001660532725509256,-0.000609845868244932
25076,87.0,-0.008768737316131592,10,lag_11__T3__is_walking,T3__is_walking,False,-2.3223767280578613,-0.00025103052030317485,0.0005829874383843497
25076,87.0,-0.008768737316131592,11,lag_03__CT_kills_last_3s,CT_kills_last_3s,False,2.8871407508850098,-0.00017907626170199364,-0.0005170183726759744
25076,87.0,-0.008768737316131592,12,lag_09__CT4__is_walking,CT4__is_walking,False,-2.384641170501709,-0.0002161425945814699,0.0005154225297380327
25076,87.0,-0.008768737316131592,13,lag_05__T1__is_walking,T1__is_walking,False,-2.281590461730957,0.00022142103989608586,-0.0005051921326534592
25076,87.0,-0.008768737316131592,14,lag_12__T_walking_count,T_walking_count,False,1.594179630279541,-0.00031240619136951864,-0.0004980315866544988
25076,87.0,-0.008768737316131592,15,lag_03__CT4__duck_amount,CT4__duck_amount,False,-3.619617462158203,-0.0001292752131121233,0.00046792681880486464
25076,87.0,-0.008768737316131592,16,lag_12__T3__is_walking,T3__is_walking,False,2.3223767280578613,-0.00019371029338799417,-0.00044986827734953827
25076,87.0,-0.008768737316131592,17,lag_04__CT_shots_fired_sum,CT_shots_fired_sum,False,2.778964042663574,-0.00016180954116862267,-0.0004496628966674937
25076,87.0,-0.008768737316131592,18,lag_14__CT4__is_walking,CT4__is_walking,False,-2.384641170501709,-0.00018618193280417472,0.00044397710216841774
25076,87.0,-0.008768737316131592,19,lag_01__T_shots_fired_sum,T_shots_fired_sum,False,-1.499474048614502,0.000275840749964118,-0.00041361604612155656
25076,87.0,-0.008768737316131592,20,lag_04__T_damage_last_5s,T_damage_last_5s,False,2.1340460777282715,-0.00019331196381244808,-0.0004125366381519044
24628,80.0,0.00861901044845581,1,lag_15__CT4__is_walking,CT4__is_walking,False,-2.384641170501709,-0.0005655502900481224,0.0013486345056379356
24628,80.0,0.00861901044845581,2,lag_10__CT1__duck_amount,CT1__duck_amount,False,3.8154516220092773,-0.0003316364891361445,-0.0012653429803919647
24628,80.0,0.00861901044845581,3,lag_00__CT_place_LIBRARY,CT_place_LIBRARY,False,-6.411735534667969,-0.00019607823924161494,0.0012572018141205898
24628,80.0,0.00861901044845581,4,lag_06__CT5__duck_amount,CT5__duck_amount,False,-3.7749595642089844,-0.00030271144350990653,0.0011427234588732293
24628,80.0,0.00861901044845581,5,lag_15__CT3__duck_amount,CT3__duck_amount,False,3.7208433151245117,0.000294158176984638,0.0010945164864225032
24628,80.0,0.00861901044845581,6,lag_09__CT1__duck_amount,CT1__duck_amount,False,-3.8154516220092773,-0.00026122666895389557,0.0009966977177722214
24628,80.0,0.00861901044845581,7,lag_00__CT4__is_walking,CT4__is_walking,False,-2.384641170501709,0.00041614967631176114,-0.0009923676512239854
24628,80.0,0.00861901044845581,8,lag_06__CT_place_PIT,CT_place_PIT,False,-4.305429458618164,0.00020526758453343064,-0.0008837651053496265
24628,80.0,0.00861901044845581,9,lag_07__CT3__is_scoped,CT3__is_scoped,False,-4.548114776611328,0.0001922546944115311,-0.0008743964165259799
24628,80.0,0.00861901044845581,10,lag_10__T2__is_walking,T2__is_walking,False,-2.2968344688415527,-0.00034644853440113366,0.0007957349354921622
24628,80.0,0.00861901044845581,11,lag_04__T5__duck_amount,T5__duck_amount,False,-2.710141181945801,-0.0002606372581794858,0.0007063637669416645
24628,80.0,0.00861901044845581,12,lag_14__T5__duck_amount,T5__duck_amount,False,3.7970333099365234,0.00018079204892273992,0.000686473431931317
24628,80.0,0.00861901044845581,13,lag_13__CT3__duck_amount,CT3__duck_amount,False,3.7208433151245117,0.00016955335740931332,0.0006308814764733606
24628,80.0,0.00861901044845581,14,lag_09__T_place_MIDDLE,T_place_MIDDLE,False,1.6254756450653076,-0.0003812710347119719,-0.0006197467810931598
24628,80.0,0.00861901044845581,15,lag_09__CT4__is_walking,CT4__is_walking,False,-2.384641170501709,-0.0002161425945814699,0.0005154225297380327
24628,80.0,0.00861901044845581,16,lag_00__CT_duck_amount_mean,CT_duck_amount_mean,False,1.197706937789917,0.0004052779113408178,0.00048540416614590437
24628,80.0,0.00861901044845581,17,lag_14__CT_walking_count,CT_walking_count,False,2.692342758178711,-0.00018014815577771515,-0.0004850205826073817
24628,80.0,0.00861901044845581,18,lag_07__T3__is_walking,T3__is_walking,False,-2.3223767280578613,0.00019229709869250655,-0.000446586306876523
24628,80.0,0.00861901044845581,19,lag_14__CT4__is_walking,CT4__is_walking,False,2.384641170501709,-0.00018618193280417472,-0.00044397710216841774
24628,80.0,0.00861901044845581,20,lag_03__CT4__duck_amount,CT4__duck_amount,False,-3.3120858669281006,-0.0001292752131121233,0.0004281706062927819
20692,18.5,-0.00861269235610962,1,lag_02__T_place_BALCONY,T_place_BALCONY,False,13.751577377319336,-0.0002976224641315639,-0.00409277834473365
20692,18.5,-0.00861269235610962,2,lag_00__T3__flash_duration,T3__flash_duration,True,-4.344386577606201,0.0004666921158786863,-0.0020274909640980027
20692,18.5,-0.00861269235610962,3,lag_06__T_shots_fired_sum,T_shots_fired_sum,False,-6.747633457183838,-0.0002169088984373957,0.0014636217402570623
20692,18.5,-0.00861269235610962,4,lag_00__T_place_BALCONY,T_place_BALCONY,False,-13.751577377319336,-0.00010241788550047204,0.0014084074772811733
20692,18.5,-0.00861269235610962,5,lag_08__CT_place_RUINS,CT_place_RUINS,False,3.493913412094116,0.00032386439852416515,0.0011315541657033745
20692,18.5,-0.00861269235610962,6,lag_08__T3__flash_duration,T3__flash_duration,True,4.344386577606201,0.00024616732844151556,0.0010694460375264975
20692,18.5,-0.00861269235610962,7,lag_06__CT_place_ARCH,CT_place_ARCH,False,-4.080447673797607,0.0002451586478855461,-0.0010003570344759433
20692,18.5,-0.00861269235610962,8,lag_01__T3__is_walking,T3__is_walking,False,2.3223767280578613,0.0004288530326448381,0.0009959583027714103
20692,18.5,-0.00861269235610962,9,lag_04__T5__duck_amount,T5__duck_amount,False,-3.7970333099365234,-0.0002606372581794858,0.0009896483511180332
20692,18.5,-0.00861269235610962,10,lag_09__T2__is_walking,T2__is_walking,False,2.2968344688415527,-0.0004139369120821357,-0.0009507445675960846
20692,18.5,-0.00861269235610962,11,lag_14__T1__is_walking,T1__is_walking,False,2.281590461730957,-0.0004045722307637334,-0.0009230681427917498
20692,18.5,-0.00861269235610962,12,lag_12__CT_utility_damage_last_5s,CT_utility_damage_last_5s,True,5.8336615562438965,0.00015783200797159225,0.0009207385172486579
20692,18.5,-0.00861269235610962,13,lag_06__T3__shots_fired,T3__shots_fired,False,-5.450135707855225,0.00014722658670507371,-0.0008024048773469655
20692,18.5,-0.00861269235610962,14,lag_03__T_A_site_active_infernos,T_A_site_active_infernos,True,-2.9764554500579834,0.00026351926499046385,-0.0007843533524761401
20692,18.5,-0.00861269235610962,15,lag_04__CT_place_RUINS,CT_place_RUINS,False,3.493913412094116,-0.00021982958423905075,-0.0007680655327478927
20692,18.5,-0.00861269235610962,16,lag_14__CT3__is_scoped,CT3__is_scoped,False,4.548114776611328,-0.00015907805936876684,-0.0007235052724497426
20692,18.5,-0.00861269235610962,17,lag_12__utility_damage_diff_last_5s,utility_damage_diff_last_5s,True,4.7851057052612305,0.00014980552077759057,0.0007168352521524785
20692,18.5,-0.00861269235610962,18,lag_12__CT_place_BALCONY,CT_place_BALCONY,False,-6.417822360992432,0.00011153086961712688,-0.0007157853089697283
20692,18.5,-0.00861269235610962,19,lag_13__CT4__is_walking,CT4__is_walking,False,2.384641170501709,-0.00029896822525188327,-0.0007129319386074695
20692,18.5,-0.00861269235610962,20,lag_07__CT4__is_walking,CT4__is_walking,False,2.384641170501709,0.0002773735031951219,0.000661436275325375
22324,44.0,-0.008470654487609863,1,lag_07__CT_place_LIBRARY,CT_place_LIBRARY,False,6.411735534667969,0.0005490881740115583,0.0035206081569758574
22324,44.0,-0.008470654487609863,2,lag_09__CT3__is_scoped,CT3__is_scoped,False,-4.548114776611328,0.0004836305452045053,-0.0021996072290652036
22324,44.0,-0.008470654487609863,3,lag_02__CT_place_LIBRARY,CT_place_LIBRARY,False,-6.411735534667969,0.0003227477427572012,-0.0020693731709702234
22324,44.0,-0.008470654487609863,4,lag_07__CT_place_PIT,CT_place_PIT,False,-4.305429458618164,0.00033412224729545414,-0.0014385397662855515
22324,44.0,-0.008470654487609863,5,lag_13__CT1__is_walking,CT1__is_walking,False,2.3343825340270996,-0.000511849473696202,-0.0011948524714473774
22324,44.0,-0.008470654487609863,6,lag_11__T3__flash_duration,T3__flash_duration,True,-8.012818336486816,0.0001400529727106914,-0.0011222190278157157
22324,44.0,-0.008470654487609863,7,lag_12__T1__is_walking,T1__is_walking,False,-2.281590461730957,-0.00046226225094869733,0.0010546931425828299
22324,44.0,-0.008470654487609863,8,lag_15__CT_place_ARCH,CT_place_ARCH,False,4.080447673797607,0.00025739159900695086,0.0010502729514229592
22324,44.0,-0.008470654487609863,9,lag_00__CT4__is_walking,CT4__is_walking,False,-2.384641170501709,0.00041614967631176114,-0.0009923676512239854
22324,44.0,-0.008470654487609863,10,lag_04__T5__duck_amount,T5__duck_amount,False,3.7970333099365234,-0.0002606372581794858,-0.0009896483511180332
22324,44.0,-0.008470654487609863,11,lag_09__T2__is_walking,T2__is_walking,False,2.2968344688415527,-0.0004139369120821357,-0.0009507445675960846
22324,44.0,-0.008470654487609863,12,lag_14__T1__is_walking,T1__is_walking,False,-2.281590461730957,-0.0004045722307637334,0.0009230681427917498
22324,44.0,-0.008470654487609863,13,lag_01__T2__is_walking,T2__is_walking,False,-2.2968344688415527,0.00036613643169403076,-0.0008409547766135006
22324,44.0,-0.008470654487609863,14,lag_15__CT_place_TOPOFMID,CT_place_TOPOFMID,False,-3.6288270950317383,0.00019570483709685504,-0.0007101790154858401
22324,44.0,-0.008470654487609863,15,lag_12__T1__duck_amount,T1__duck_amount,False,3.915480136871338,0.0001734408433549106,0.0006791041770783657
22324,44.0,-0.008470654487609863,16,lag_14__CT5__is_walking,CT5__is_walking,False,2.396676540374756,-0.00026758454623632133,-0.0006413136045314155
22324,44.0,-0.008470654487609863,17,lag_12__CT_place_RUINS,CT_place_RUINS,False,-3.493913412094116,0.00018222448125015944,-0.0006366765590518249
22324,44.0,-0.008470654487609863,18,lag_11__T2__is_walking,T2__is_walking,False,-2.2968344688415527,-0.0002626851201057434,0.0006033442383106546
22324,44.0,-0.008470654487609863,19,lag_13__T1__is_walking,T1__is_walking,False,2.281590461730957,-0.00024934482644312084,-0.0005689027776945854
22324,44.0,-0.008470654487609863,20,lag_09__CT4__is_walking,CT4__is_walking,False,2.384641170501709,-0.0002161425945814699,-0.0005154225297380327
22804,51.5,-0.0084153413772583,1,lag_15__CT4__is_walking,CT4__is_walking,False,-2.384641170501709,-0.0005655502900481224,0.0013486345056379356
22804,51.5,-0.0084153413772583,2,lag_03__CT_flashes_last_5s,CT_flashes_last_5s,True,10.995440483093262,-0.00012056306877639145,-0.0013256440471898917
22804,51.5,-0.0084153413772583,3,lag_00__CT3__is_walking,CT3__is_walking,False,2.387126922607422,-0.0005153218517079949,-0.0012301386660200642
22804,51.5,-0.0084153413772583,4,lag_03__T2__is_walking,T2__is_walking,False,2.2968344688415527,0.0003802203282248229,0.0008733031556210219
22804,51.5,-0.0084153413772583,5,lag_01__T2__is_walking,T2__is_walking,False,-2.2968344688415527,0.00036613643169403076,-0.0008409547766135006
22804,51.5,-0.0084153413772583,6,lag_10__T2__is_walking,T2__is_walking,False,2.2968344688415527,-0.00034644853440113366,-0.0007957349354921622
22804,51.5,-0.0084153413772583,7,lag_04__CT_place_RUINS,CT_place_RUINS,False,3.493913173675537,-0.00021982958423905075,-0.0007680654803364356
22804,51.5,-0.0084153413772583,8,lag_02__T5__duck_amount,T5__duck_amount,False,-3.7970333099365234,-0.00019456569862086326,0.0007387724386344885
22804,51.5,-0.0084153413772583,9,lag_08__T3__duck_amount,T3__duck_amount,False,3.7704498767852783,-0.00019314790552016348,-0.000728254496569835
22804,51.5,-0.0084153413772583,10,lag_13__CT4__is_walking,CT4__is_walking,False,2.384641170501709,-0.00029896822525188327,-0.0007129319386074695
22804,51.5,-0.0084153413772583,11,lag_13__CT_walking_count,CT_walking_count,False,1.7948954105377197,-0.0003645693650469184,-0.0006543638801453644
22804,51.5,-0.0084153413772583,12,lag_10__T1__is_walking,T1__is_walking,False,-2.281590461730957,-0.00028323993319645524,0.0006462375299623457
22804,51.5,-0.0084153413772583,13,lag_01__CT_active_infernos,CT_active_infernos,True,-2.30427622795105,0.00027651007985696197,-0.0006371556038032439
22804,51.5,-0.0084153413772583,14,lag_11__T2__is_walking,T2__is_walking,False,-2.2968344688415527,-0.0002626851201057434,0.0006033442383106546
22804,51.5,-0.0084153413772583,15,lag_11__T3__is_walking,T3__is_walking,False,-2.3223767280578613,-0.00025103052030317485,0.0005829874383843497
22804,51.5,-0.0084153413772583,16,lag_12__CT4__is_walking,CT4__is_walking,False,-2.384641170501709,0.00022991163132246584,-0.0005482567416287623
22804,51.5,-0.0084153413772583,17,lag_10__T3__duck_amount,T3__duck_amount,False,-2.854759454727173,0.0001918724738061428,-0.000547749758699978
22804,51.5,-0.0084153413772583,18,lag_13__CT_place_RUINS,CT_place_RUINS,False,3.493913412094116,0.00015553059347439557,0.0005434104265311483
22804,51.5,-0.0084153413772583,19,lag_06__CT5__is_walking,CT5__is_walking,False,-2.396676540374756,0.00021903045126236975,-0.0005249451441682179
22804,51.5,-0.0084153413772583,20,lag_04__T2__is_walking,T2__is_walking,False,-2.2968344688415527,0.00022318522678688169,-0.0005126195218203289
20980,23.0,-0.008335649967193604,1,lag_04__CT5__flash_duration,CT5__flash_duration,True,-6.908468246459961,0.0003001573495566845,-0.0020736275183539377
20980,23.0,-0.008335649967193604,2,lag_07__T5__duck_amount,T5__duck_amount,False,-3.3547582626342773,-0.00035408823168836534,0.001187880420958104
20980,23.0,-0.008335649967193604,3,lag_10__T3__is_walking,T3__is_walking,False,2.3223767280578613,-0.000508095312397927,-0.0011799887291482347
20980,23.0,-0.008335649967193604,4,lag_14__CT_place_RUINS,CT_place_RUINS,False,-3.493913412094116,0.0003368560574017465,-0.0011769458969011076
20980,23.0,-0.008335649967193604,5,lag_08__CT_place_RUINS,CT_place_RUINS,False,-3.493913412094116,0.00032386439852416515,-0.0011315541657033745
20980,23.0,-0.008335649967193604,6,lag_04__CT_flash_duration_sum,CT_flash_duration_sum,True,-3.185965061187744,0.0003355603839736432,-0.001069083659258771
20980,23.0,-0.008335649967193604,7,lag_15__T_shots_fired_sum,T_shots_fired_sum,False,-6.747633457183838,0.00015644842642359436,-0.0010556566364596093
20980,23.0,-0.008335649967193604,8,lag_15__CT_place_ARCH,CT_place_ARCH,False,-4.080447673797607,0.00025739159900695086,-0.0010502729514229592
20980,23.0,-0.008335649967193604,9,lag_13__T5__duck_amount,T5__duck_amount,False,-3.7970333099365234,-0.00026552274357527494,0.001008198701901053
20980,23.0,-0.008335649967193604,10,lag_00__CT4__is_walking,CT4__is_walking,False,2.384641170501709,0.00041614967631176114,0.0009923676512239854
20980,23.0,-0.008335649967193604,11,lag_15__T1__is_walking,T1__is_walking,False,2.281590461730957,-0.0004290357755962759,-0.0009788839333418065
20980,23.0,-0.008335649967193604,12,lag_09__T2__is_walking,T2__is_walking,False,-2.2968344688415527,-0.0004139369120821357,0.0009507445675960846
20980,23.0,-0.008335649967193604,13,lag_11__CT_utility_damage_last_5s,CT_utility_damage_last_5s,True,-5.8336615562438965,0.00015385910228360444,-0.0008975619300700607
20980,23.0,-0.008335649967193604,14,lag_09__T3__flash_duration,T3__flash_duration,True,-4.344386577606201,0.00020040538220200688,-0.0008706384525184394
20980,23.0,-0.008335649967193604,15,lag_11__T_place_SECONDMID,T_place_SECONDMID,False,-3.2740612030029297,0.0002573877281975001,-0.0008427031750204983
20980,23.0,-0.008335649967193604,16,lag_01__T2__is_walking,T2__is_walking,False,2.2968344688415527,0.00036613643169403076,0.0008409547766135006
20980,23.0,-0.008335649967193604,17,lag_11__T_place_BALCONY,T_place_BALCONY,False,13.751577377319336,6.046047565178014e-05,0.0008314269091949864
20980,23.0,-0.008335649967193604,18,lag_04__CT_flashed_players,CT_flashed_players,False,-2.1899399757385254,0.0003391584032215178,-0.0007427365453224477
20980,23.0,-0.008335649967193604,19,lag_12__T_A_site_active_infernos,T_A_site_active_infernos,True,-2.9764554500579834,0.0002387066779192537,-0.0007104997924579984
20980,23.0,-0.008335649967193604,20,lag_15__CT_place_TOPOFMID,CT_place_TOPOFMID,False,3.6288270950317383,0.00019570483709685504,0.0007101790154858401
23700,65.5,0.008317649364471436,1,lag_09__CT_place_LIBRARY,CT_place_LIBRARY,False,-6.411735534667969,0.0007052535656839609,-0.0045218993480471426
23700,65.5,0.008317649364471436,2,lag_15__CT_place_LIBRARY,CT_place_LIBRARY,False,6.411735534667969,0.0004869953263550997,0.003122485239208217
23700,65.5,0.008317649364471436,3,lag_10__CT1__flash_duration,CT1__flash_duration,True,5.189005374908447,0.00021737317729275674,0.0011279505853330415
23700,65.5,0.008317649364471436,4,lag_11__CT3__is_scoped,CT3__is_scoped,False,-4.548114776611328,0.00023004694958217442,-0.0010462799307090487
23700,65.5,0.008317649364471436,5,lag_01__T3__is_walking,T3__is_walking,False,2.3223767280578613,0.0004288530326448381,0.0009959583027714103
23700,65.5,0.008317649364471436,6,lag_00__CT4__is_walking,CT4__is_walking,False,2.384641170501709,0.00041614967631176114,0.0009923676512239854
23700,65.5,0.008317649364471436,7,lag_12__CT3__flash_duration,CT3__flash_duration,True,7.249464988708496,-0.00013512604346033186,-0.0009795915211283784
23700,65.5,0.008317649364471436,8,lag_14__T1__is_walking,T1__is_walking,False,2.281590461730957,-0.0004045722307637334,-0.0009230681427917498
23700,65.5,0.008317649364471436,9,lag_12__CT_flashed_players,CT_flashed_players,False,4.379879951477051,0.00019561327644623816,0.0008567626677496165
23700,65.5,0.008317649364471436,10,lag_01__CT_flashed_players,CT_flashed_players,False,-2.1899399757385254,0.00038129594759084284,-0.0008350152382162884
23700,65.5,0.008317649364471436,11,lag_12__CT_flash_duration_sum,CT_flash_duration_sum,True,4.56625509262085,0.00018224063387606293,0.0008321572225190241
23700,65.5,0.008317649364471436,12,lag_00__T5__is_walking,T5__is_walking,False,2.3193888664245605,0.0003229015856049955,0.0007489343426030637
23700,65.5,0.008317649364471436,13,lag_01__CT_flash_duration_sum,CT_flash_duration_sum,True,-2.3312060832977295,0.000308453367324546,-0.0007190683663206507
23700,65.5,0.008317649364471436,14,lag_11__T3__is_walking,T3__is_walking,False,-2.3223767280578613,-0.00025103052030317485,0.0005829874383843497
23700,65.5,0.008317649364471436,15,lag_03__T_place_TOPOFMID,T_place_TOPOFMID,False,2.0359649658203125,-0.0002840519300661981,-0.0005783197780884208
23700,65.5,0.008317649364471436,16,lag_02__T2__is_walking,T2__is_walking,False,2.2968344688415527,0.00023686708300374448,0.0005440444807769534
23700,65.5,0.008317649364471436,17,lag_03__T1__is_walking,T1__is_walking,False,2.281590461730957,0.00023259989393409342,0.0005306976993996598
23700,65.5,0.008317649364471436,18,lag_03__T2__duck_amount,T2__duck_amount,False,-3.034114122390747,-0.00017324090003967285,0.0005256326613860551
23700,65.5,0.008317649364471436,19,lag_09__CT4__is_walking,CT4__is_walking,False,2.384641170501709,-0.0002161425945814699,-0.0005154225297380327
23700,65.5,0.008317649364471436,20,lag_07__T5__is_walking,T5__is_walking,False,2.3193888664245605,0.0002202083560405299,0.0005107488092940607
20180,10.5,0.008086919784545898,1,lag_11__CT_place_LIBRARY,CT_place_LIBRARY,False,-6.411735534667969,0.0009371645865030587,-0.006008851481114075
20180,10.5,0.008086919784545898,2,lag_08__T_place_LOWERMID,T_place_LOWERMID,False,-6.652692794799805,-0.00041877172770909965,0.002785959655596193
20180,10.5,0.008086919784545898,3,lag_12__T_place_LOWERMID,T_place_LOWERMID,False,6.652692794799805,-0.0002845686103682965,-0.0018931475438233591
20180,10.5,0.008086919784545898,4,lag_11__T_place_LOWERMID,T_place_LOWERMID,False,6.6526923179626465,-0.0002834196202456951,-0.0018855035303684264
20180,10.5,0.008086919784545898,5,lag_01__CT1__duck_amount,CT1__duck_amount,False,3.8154516220092773,0.00045662434422411025,0.001742228094818804
20180,10.5,0.008086919784545898,6,lag_06__T_place_TRAMP,T_place_TRAMP,False,2.926727294921875,-0.00036285584792494774,-0.0010619801142439655
20180,10.5,0.008086919784545898,7,lag_15__CT_place_ARCH,CT_place_ARCH,False,4.080447673797607,0.00025739159900695086,0.0010502729514229592
20180,10.5,0.008086919784545898,8,lag_11__CT_place_RUINS,CT_place_RUINS,False,3.493913412094116,0.00029458990320563316,0.0010292716138776692
20180,10.5,0.008086919784545898,9,lag_05__T_place_TRAMP,T_place_TRAMP,False,2.926727294921875,-0.00029574910877272487,-0.0008655769890939524
20180,10.5,0.008086919784545898,10,lag_07__CT_place_RUINS,CT_place_RUINS,False,-3.493913173675537,0.00024391416809521616,-0.0008522149251539851
20180,10.5,0.008086919784545898,11,lag_06__T_place_LOWERMID,T_place_LOWERMID,False,-3.3263461589813232,0.00024727918207645416,-0.0008225361574960566
20180,10.5,0.008086919784545898,12,lag_02__T_place_TRAMP,T_place_TRAMP,False,-5.85345458984375,-0.00013826522626914084,0.0008093292233208871
20180,10.5,0.008086919784545898,13,lag_01__CT_place_BANANA,CT_place_BANANA,False,2.9603395462036133,0.0002702846541069448,0.0008001343502847535
20180,10.5,0.008086919784545898,14,lag_01__T_A_site_active_infernos,T_A_site_active_infernos,True,2.9764554500579834,0.0002564206952229142,0.0007632247758039001
20180,10.5,0.008086919784545898,15,lag_05__T_place_LOWERMID,T_place_LOWERMID,False,-3.3263463973999023,0.00021162100892979652,-0.0007039247806677612
20180,10.5,0.008086919784545898,16,lag_08__T_place_SECONDMID,T_place_SECONDMID,False,3.2740612030029297,0.00020397357002366334,0.0006678219520524775
20180,10.5,0.008086919784545898,17,lag_00__CT1__duck_amount,CT1__duck_amount,False,-3.8154516220092773,0.0001692525256657973,-0.0006457748235807331
20180,10.5,0.008086919784545898,18,lag_01__CT_active_infernos,CT_active_infernos,True,2.30427622795105,0.00027651007985696197,0.0006371556038032439
20180,10.5,0.008086919784545898,19,lag_12__CT_place_RUINS,CT_place_RUINS,False,3.493913412094116,0.00018222448125015944,0.0006366765590518249
20180,10.5,0.008086919784545898,20,lag_08__T_place_TRAMP,T_place_TRAMP,False,2.926727294921875,0.0002030563191510737,0.0005942904716658148
25588,95.0,0.008018970489501953,1,lag_08__T_place_QUAD,T_place_QUAD,False,-24.086305618286133,0.001938259112648666,-0.046685501354683856
25588,95.0,0.008018970489501953,2,lag_09__T_place_QUAD,T_place_QUAD,False,24.086305618286133,0.000695821363478899,0.016759766016485322
25588,95.0,0.008018970489501953,3,lag_11__T_place_QUAD,T_place_QUAD,False,24.086301803588867,0.0005895704962313175,0.014200572906719167
25588,95.0,0.008018970489501953,4,lag_06__T_place_ARCH,T_place_ARCH,False,9.303513526916504,0.0005020140088163316,0.004670494121724322
25588,95.0,0.008018970489501953,5,lag_14__CT_place_LIBRARY,CT_place_LIBRARY,False,6.411735534667969,0.0005110358470119536,0.0032766266997756865
25588,95.0,0.008018970489501953,6,lag_03__CT3__is_scoped,CT3__is_scoped,False,4.548114776611328,0.0006030839867889881,0.002742895191852668
25588,95.0,0.008018970489501953,7,lag_09__CT3__is_scoped,CT3__is_scoped,False,4.548114776611328,0.0004836305452045053,0.0021996072290652036
25588,95.0,0.008018970489501953,8,lag_00__CT_shots_fired_sum,CT_shots_fired_sum,False,-4.168446063995361,0.0004820862668566406,-0.002009550601584781
25588,95.0,0.008018970489501953,9,lag_01__CT1__duck_amount,CT1__duck_amount,False,3.3287177085876465,0.00045662434422411025,0.001519973540791017
25588,95.0,0.008018970489501953,10,lag_07__T5__duck_amount,T5__duck_amount,False,-3.7970333099365234,-0.00035408823168836534,0.0013444848103772444
25588,95.0,0.008018970489501953,11,lag_07__T_place_QUAD,T_place_QUAD,False,-24.086301803588867,4.991420792066492e-05,-0.0012022486762642212
25588,95.0,0.008018970489501953,12,lag_11__CT_place_RUINS,CT_place_RUINS,False,3.493913412094116,0.00029458990320563316,0.0010292716138776692
25588,95.0,0.008018970489501953,13,lag_05__T_A_site_active_infernos,T_A_site_active_infernos,True,2.9764554500579834,0.0003286625724285841,0.0009782495049351358
25588,95.0,0.008018970489501953,14,lag_02__CT3__duck_amount,CT3__duck_amount,False,-3.417881488800049,0.0002561902510933578,-0.0008756279168230241
25588,95.0,0.008018970489501953,15,lag_07__CT3__is_scoped,CT3__is_scoped,False,-4.548114776611328,0.0001922546944115311,-0.0008743964165259799
25588,95.0,0.008018970489501953,16,lag_14__T5__duck_amount,T5__duck_amount,False,3.7970333099365234,0.00018079204892273992,0.000686473431931317
25588,95.0,0.008018970489501953,17,lag_03__CT_shots_fired_sum,CT_shots_fired_sum,False,3.4737050533294678,-0.0001893786684377119,-0.0006578456375448856
25588,95.0,0.008018970489501953,18,lag_00__CT1__duck_amount,CT1__duck_amount,False,-3.8154516220092773,0.0001692525256657973,-0.0006457748235807331
25588,95.0,0.008018970489501953,19,lag_00__CT1__shots_fired,CT1__shots_fired,False,-3.170442819595337,0.00019857635197695345,-0.0006295749692667683
25588,95.0,0.008018970489501953,20,lag_13__CT_kills_last_3s,CT_kills_last_3s,False,-2.8871407508850098,0.00021646139794029295,-0.0006249545229869563
19828,5.0,0.007818937301635742,1,lag_05__CT_place_LIBRARY,CT_place_LIBRARY,False,6.411735534667969,0.0003891380038112402,0.0024950499669262882
19828,5.0,0.007818937301635742,2,lag_00__T_place_LOWERMID,T_place_LOWERMID,False,6.6526923179626465,0.00023166749451775104,0.0015412125610998959
19828,5.0,0.007818937301635742,3,lag_00__CT_place_LIBRARY,CT_place_LIBRARY,False,-6.411735534667969,-0.00019607823924161494,0.0012572018141205898
19828,5.0,0.007818937301635742,4,lag_00__CT_place_RUINS,CT_place_RUINS,False,3.493913412094116,-0.00031822131131775677,-0.0011118377076272876
19828,5.0,0.007818937301635742,5,lag_09__T_velocity_mean,T_velocity_mean,False,3.5335803031921387,0.00023827108088880777,0.000841949998248992
19828,5.0,0.007818937301635742,6,lag_04__CT_place_ARCH,CT_place_ARCH,False,4.080447673797607,-0.00019423846970312297,-0.0007925799118621152
19828,5.0,0.007818937301635742,7,lag_00__T_place_TSPAWN,T_place_TSPAWN,False,-1.8984100818634033,-0.0003094920830335468,0.0005875428906877908
19828,5.0,0.007818937301635742,8,lag_10__CT_place_CTSPAWN,CT_place_CTSPAWN,False,4.78255033493042,-0.00011354811431374401,-0.000543049572141914
19828,5.0,0.007818937301635742,9,lag_10__T_walking_count,T_walking_count,False,-0.9998118877410889,-0.0004313217359595001,0.00043124059905343126
19828,5.0,0.007818937301635742,10,lag_10__CT_velocity_mean,CT_velocity_mean,False,-1.694637656211853,0.0002459374663885683,-0.00041677489161540474
19828,5.0,0.007818937301635742,11,lag_10__T2__molly,T2__molly,True,1.6050609350204468,-0.00023145439627114683,-0.00037149840969355995
19828,5.0,0.007818937301635742,12,lag_01__CT_place_RUINS,CT_place_RUINS,False,3.493913412094116,-9.568219684297219e-05,-0.00033430531084828984
19828,5.0,0.007818937301635742,13,lag_10__T4__has_bomb,T4__has_bomb,False,2.2795095443725586,-0.00014447933062911034,-0.00032934201313361555
19828,5.0,0.007818937301635742,14,lag_01__T_macro_MID,T_macro_MID,False,2.0557379722595215,-0.00015599439211655408,-0.00032068359533354157
19828,5.0,0.007818937301635742,15,lag_10__T3__is_walking,T3__is_walking,False,-0.5709694027900696,-0.000508095312397927,0.00029010687708027824
19828,5.0,0.007818937301635742,16,lag_10__CT_utility_inv,CT_utility_inv,True,2.8554892539978027,9.350920299766585e-05,0.00026701452430973396
19828,5.0,0.007818937301635742,17,lag_10__CT_macro_OTHER,CT_macro_OTHER,False,1.8060362339019775,-0.00014415189798455685,-0.0002603435509458511
19828,5.0,0.007818937301635742,18,lag_10__T_velocity_mean,T_velocity_mean,False,-1.7359485626220703,0.00014565818128176033,-0.0002528551104302168
19828,5.0,0.007818937301635742,19,lag_10__CT1__X,CT1__X,False,1.7887383699417114,0.0001407208910677582,0.00025171285730528695
19828,5.0,0.007818937301635742,20,lag_10__CT_mean_X,CT_mean_X,False,2.121032476425171,0.00011802405788330361,0.0002503328597699712
21940,38.0,0.007733523845672607,1,lag_03__CT3__is_scoped,CT3__is_scoped,False,4.548114776611328,0.0006030839867889881,0.002742895191852668
21940,38.0,0.007733523845672607,2,lag_00__CT3__duck_amount,CT3__duck_amount,False,-2.341085910797119,0.0007183473207987845,-0.0016817127917808927
21940,38.0,0.007733523845672607,3,lag_10__CT3__is_scoped,CT3__is_scoped,False,-4.548114776611328,0.0003579595359042287,-0.0016280410546749557
21940,38.0,0.007733523845672607,4,lag_15__CT4__is_walking,CT4__is_walking,False,2.384641170501709,-0.0005655502900481224,-0.0013486345056379356
21940,38.0,0.007733523845672607,5,lag_00__CT_place_RUINS,CT_place_RUINS,False,-3.493913412094116,-0.00031822131131775677,0.0011118377076272876
21940,38.0,0.007733523845672607,6,lag_11__CT3__is_scoped,CT3__is_scoped,False,4.548114776611328,0.00023004694958217442,0.0010462799307090487
21940,38.0,0.007733523845672607,7,lag_02__CT3__duck_amount,CT3__duck_amount,False,3.7208433151245117,0.0002561902510933578,0.0009532437831807905
21940,38.0,0.007733523845672607,8,lag_13__T3__is_walking,T3__is_walking,False,2.3223767280578613,-0.0003833354276139289,-0.0008902492761306974
21940,38.0,0.007733523845672607,9,lag_07__CT_place_RUINS,CT_place_RUINS,False,3.493913412094116,0.00024391416809521616,0.0008522149833076545
21940,38.0,0.007733523845672607,10,lag_14__CT_place_BANANA,CT_place_BANANA,False,-2.960339307785034,0.00028780329739674926,-0.000851995414193743
21940,38.0,0.007733523845672607,11,lag_10__T2__is_walking,T2__is_walking,False,-2.2968344688415527,-0.00034644853440113366,0.0007957349354921622
21940,38.0,0.007733523845672607,12,lag_01__damage_diff_last_5s,damage_diff_last_5s,False,1.7145439386367798,0.0004488878767006099,0.0007696379881245649
21940,38.0,0.007733523845672607,13,lag_12__CT1__is_walking,CT1__is_walking,False,2.3343825340270996,-0.000309669878333807,-0.000722887955296736
21940,38.0,0.007733523845672607,14,lag_11__T_place_MIDDLE,T_place_MIDDLE,False,-1.6254756450653076,-0.0004282974696252495,0.0006961871057189414
21940,38.0,0.007733523845672607,15,lag_11__T5__duck_amount,T5__duck_amount,False,-3.6478610038757324,0.00017955948715098202,-0.000655008051053993
21940,38.0,0.007733523845672607,16,lag_14__T3__flash_duration,T3__flash_duration,True,8.012818336486816,7.893865404184908e-05,0.0006325210945641174
21940,38.0,0.007733523845672607,17,lag_00__T3__duck_amount,T3__duck_amount,False,3.7704498767852783,0.00016285540186800063,0.00061403812990702
21940,38.0,0.007733523845672607,18,lag_15__T2__is_walking,T2__is_walking,False,2.2968344688415527,-0.0002563920570537448,-0.000588890114178231
21940,38.0,0.007733523845672607,19,lag_03__CT_scoped_count,CT_scoped_count,False,2.141930103302002,0.00026116406661458313,0.000559395176182545
21940,38.0,0.007733523845672607,20,lag_02__CT5__duck_amount,CT5__duck_amount,False,-3.7749595642089844,0.00014747270324733108,-0.0005567034915832658
23220,58.0,-0.007692694664001465,1,lag_06__CT_flashes_last_5s,CT_flashes_last_5s,True,-10.995440483093262,0.0003345788863953203,-0.003678842232259366
23220,58.0,-0.007692694664001465,2,lag_15__T5__duck_amount,T5__duck_amount,False,-3.7970333099365234,0.0004413787683006376,-0.0016759298855362759
23220,58.0,-0.007692694664001465,3,lag_00__CT_place_LIBRARY,CT_place_LIBRARY,False,6.411735534667969,-0.00019607823924161494,-0.0012572018141205898
23220,58.0,-0.007692694664001465,4,lag_11__CT3__is_scoped,CT3__is_scoped,False,4.548114776611328,0.00023004694958217442,0.0010462799307090487
23220,58.0,-0.007692694664001465,5,lag_14__T1__is_walking,T1__is_walking,False,2.281590461730957,-0.0004045722307637334,-0.0009230681427917498
23220,58.0,-0.007692694664001465,6,lag_09__T5__duck_amount,T5__duck_amount,False,-3.0903120040893555,-0.00022067248937673867,0.0006819468428932163
23220,58.0,-0.007692694664001465,7,lag_11__T5__duck_amount,T5__duck_amount,False,3.7970333099365234,0.00017955948715098202,0.0006817933538273979
23220,58.0,-0.007692694664001465,8,lag_12__CT_place_RUINS,CT_place_RUINS,False,-3.493913173675537,0.00018222448125015944,-0.000636676515606123
23220,58.0,-0.007692694664001465,9,lag_09__T3__is_walking,T3__is_walking,False,2.3223767280578613,-0.00026113848434761167,-0.0006064619388491954
23220,58.0,-0.007692694664001465,10,lag_05__T3__is_walking,T3__is_walking,False,2.3223767280578613,-0.0002565539034549147,-0.0005958148148760972
23220,58.0,-0.007692694664001465,11,lag_06__T3__is_walking,T3__is_walking,False,-2.3223767280578613,-0.00022661335242446512,0.0005262815759377523
23220,58.0,-0.007692694664001465,12,lag_08__T5__is_walking,T5__is_walking,False,-2.3193888664245605,0.00022376292326953262,-0.0005189932329499672
23220,58.0,-0.007692694664001465,13,lag_09__CT4__is_walking,CT4__is_walking,False,-2.384641170501709,-0.0002161425945814699,0.0005154225297380327
23220,58.0,-0.007692694664001465,14,lag_15__T5__is_walking,T5__is_walking,False,2.3193888664245605,-0.00021321502572391182,-0.0004945285568184674
23220,58.0,-0.007692694664001465,15,lag_12__T3__duck_amount,T3__duck_amount,False,-3.7704498767852783,-0.00013047325774095953,0.0004919428785731747
23220,58.0,-0.007692694664001465,16,lag_09__CT_place_RUINS,CT_place_RUINS,False,-3.493913412094116,-0.00013475485320668668,0.0004708217889636164
23220,58.0,-0.007692694664001465,17,lag_09__T_walking_count,T_walking_count,False,1.594179630279541,-0.00026046272250823677,-0.0004152243666697836
23220,58.0,-0.007692694664001465,18,lag_14__CT_B_site_active_infernos,CT_B_site_active_infernos,True,-3.435478687286377,0.00011986482422798872,-0.000411793048990583
23220,58.0,-0.007692694664001465,19,lag_07__T5__duck_amount,T5__duck_amount,False,-1.1268301010131836,-0.00035408823168836534,0.00039899727788098027
23220,58.0,-0.007692694664001465,20,lag_02__CT4__is_walking,CT4__is_walking,False,-2.384641170501709,-0.00015485231415368617,0.00036926720367834454
20116,9.5,-0.007607817649841309,1,lag_09__CT_place_LIBRARY,CT_place_LIBRARY,False,-6.411735534667969,0.0007052535656839609,-0.0045218993480471426
20116,9.5,-0.007607817649841309,2,lag_14__CT_place_LIBRARY,CT_place_LIBRARY,False,6.411735534667969,0.0005110358470119536,0.0032766266997756865
20116,9.5,-0.007607817649841309,3,lag_06__T_place_LOWERMID,T_place_LOWERMID,False,-6.652692794799805,0.00024727918207645416,-0.0016450724329040156
20116,9.5,-0.007607817649841309,4,lag_09__T_place_LOWERMID,T_place_LOWERMID,False,6.6526923179626465,-0.00024689597194083035,-0.0016425229358666832
20116,9.5,-0.007607817649841309,5,lag_08__T_place_LOWERMID,T_place_LOWERMID,False,3.3263463973999023,-0.00041877172770909965,-0.0013929798277980965
20116,9.5,-0.007607817649841309,6,lag_03__CT_place_RUINS,CT_place_RUINS,False,-3.493913412094116,-0.0003810621565207839,0.0013313981795094743
20116,9.5,-0.007607817649841309,7,lag_08__CT_place_RUINS,CT_place_RUINS,False,3.493913173675537,0.00032386439852416515,0.0011315540884880848
20116,9.5,-0.007607817649841309,8,lag_06__T_place_TRAMP,T_place_TRAMP,False,2.926727294921875,-0.00036285584792494774,-0.0010619801142439655
20116,9.5,-0.007607817649841309,9,lag_00__T_place_TRAMP,T_place_TRAMP,False,-5.85345458984375,0.00017770074191503227,-0.0010401632233811853
20116,9.5,-0.007607817649841309,10,lag_13__CT_place_ARCH,CT_place_ARCH,False,4.080447673797607,-0.0002489209291525185,-0.0010157088263199332
20116,9.5,-0.007607817649841309,11,lag_05__T_place_TRAMP,T_place_TRAMP,False,2.926727533340454,-0.00029574910877272487,-0.0008655770596060347
20116,9.5,-0.007607817649841309,12,lag_04__CT_place_RUINS,CT_place_RUINS,False,-3.493913412094116,-0.00021982958423905075,0.0007680655327478927
20116,9.5,-0.007607817649841309,13,lag_09__T_macro_MID,T_macro_MID,False,2.0557377338409424,-0.0003545165527611971,-0.0007287930547824062
20116,9.5,-0.007607817649841309,14,lag_03__T_place_LOWERMID,T_place_LOWERMID,False,-3.3263463973999023,-0.00021848789765499532,0.0007267664312401723
20116,9.5,-0.007607817649841309,15,lag_05__T_place_LOWERMID,T_place_LOWERMID,False,-3.326345920562744,0.00021162100892979652,-0.0007039246797590007
20116,9.5,-0.007607817649841309,16,lag_10__T_place_LOWERMID,T_place_LOWERMID,False,6.652692794799805,-0.0001029748164000921,-0.0006850598191107254
20116,9.5,-0.007607817649841309,17,lag_04__T_place_TRAMP,T_place_TRAMP,False,2.926727294921875,0.0001963553950190544,0.0005746786941074333
20116,9.5,-0.007607817649841309,18,lag_00__CT_place_BANANA,CT_place_BANANA,False,2.960339307785034,0.00018233514856547117,0.0005397739074891883
20116,9.5,-0.007607817649841309,19,lag_10__T_macro_MID,T_macro_MID,False,2.0557379722595215,-0.00024190754629671574,-0.0004972985286982867
20116,9.5,-0.007607817649841309,20,lag_09__CT_place_RUINS,CT_place_RUINS,False,3.493913412094116,-0.00013475485320668668,-0.0004708217889636164
22004,39.0,-0.007553279399871826,1,lag_00__T2__duck_amount,T2__duck_amount,False,3.8233180046081543,-0.00044543834519572556,-0.0017030524451296797
22004,39.0,-0.007553279399871826,2,lag_05__CT3__is_scoped,CT3__is_scoped,False,4.548114776611328,0.0003418294945731759,0.0015546797753498431
22004,39.0,-0.007553279399871826,3,lag_01__T3__flash_duration,T3__flash_duration,True,-8.012818336486816,0.0001670791389187798,-0.0013387747879728268
22004,39.0,-0.007553279399871826,4,lag_13__CT1__is_walking,CT1__is_walking,False,-2.3343825340270996,-0.000511849473696202,0.0011948524714473774
22004,39.0,-0.007553279399871826,5,lag_00__CT4__is_walking,CT4__is_walking,False,-2.384641170501709,0.00041614967631176114,-0.0009923676512239854
22004,39.0,-0.007553279399871826,6,lag_13__T5__duck_amount,T5__duck_amount,False,-3.6478610038757324,-0.00026552274357527494,0.0009685900619303411
22004,39.0,-0.007553279399871826,7,lag_09__T2__is_walking,T2__is_walking,False,2.2968344688415527,-0.0004139369120821357,-0.0009507445675960846
22004,39.0,-0.007553279399871826,8,lag_07__CT_place_RUINS,CT_place_RUINS,False,3.493913412094116,0.00024391416809521616,0.0008522149833076545
22004,39.0,-0.007553279399871826,9,lag_01__T2__is_walking,T2__is_walking,False,-2.2968344688415527,0.00036613643169403076,-0.0008409547766135006
22004,39.0,-0.007553279399871826,10,lag_07__CT5__duck_amount,CT5__duck_amount,False,3.7749595642089844,-0.00021388694585766643,-0.0008074145719248471
22004,39.0,-0.007553279399871826,11,lag_10__T1__is_walking,T1__is_walking,False,2.281590461730957,-0.00028323993319645524,-0.0006462375299623457
22004,39.0,-0.007553279399871826,12,lag_15__T5__duck_amount,T5__duck_amount,False,1.4249541759490967,0.0004413787683006376,0.0006289445190652623
22004,39.0,-0.007553279399871826,13,lag_01__T_flash_duration_sum,T_flash_duration_sum,True,-3.3388726711273193,0.00018574857676867396,-0.0006201908466737203
22004,39.0,-0.007553279399871826,14,lag_02__CT3__duck_amount,CT3__duck_amount,False,-2.341085910797119,0.0002561902510933578,-0.0005997633873182362
22004,39.0,-0.007553279399871826,15,lag_05__CT_place_ARCH,CT_place_ARCH,False,4.080447673797607,0.00014233117690309882,0.0005807749197031253
22004,39.0,-0.007553279399871826,16,lag_14__T_place_TRAMP,T_place_TRAMP,False,-2.926727294921875,0.00019251700723543763,-0.0005634447798126274
22004,39.0,-0.007553279399871826,17,lag_03__T1__is_walking,T1__is_walking,False,2.281590461730957,0.00023259989393409342,0.0005306976993996598
22004,39.0,-0.007553279399871826,18,lag_15__T5__is_walking,T5__is_walking,False,-2.3193888664245605,-0.00021321502572391182,0.0004945285568184674
22004,39.0,-0.007553279399871826,19,lag_09__CT_place_RUINS,CT_place_RUINS,False,3.493913412094116,-0.00013475485320668668,-0.0004708217889636164
22004,39.0,-0.007553279399871826,20,lag_13__T_place_MIDDLE,T_place_MIDDLE,False,-1.6254756450653076,-0.0002801043738145381,0.0004553028377118004
20084,9.0,-0.007515013217926025,1,lag_08__CT_place_LIBRARY,CT_place_LIBRARY,False,-6.411735534667969,0.0006526836077682674,-0.004184834680823091
20084,9.0,-0.007515013217926025,2,lag_13__CT_place_LIBRARY,CT_place_LIBRARY,False,6.411735534667969,0.0005532740033231676,0.0035474465875151573
20084,9.0,-0.007515013217926025,3,lag_08__T_place_LOWERMID,T_place_LOWERMID,False,6.6526923179626465,-0.00041877172770909965,-0.0027859594559102724
20084,9.0,-0.007515013217926025,4,lag_09__T_place_LOWERMID,T_place_LOWERMID,False,6.652692794799805,-0.00024689597194083035,-0.0016425230535958568
20084,9.0,-0.007515013217926025,5,lag_12__CT_place_ARCH,CT_place_ARCH,False,4.080447673797607,-0.000347116612829268,-0.0014163911753556913
20084,9.0,-0.007515013217926025,6,lag_05__T_place_LOWERMID,T_place_LOWERMID,False,-6.652692794799805,0.00021162100892979652,-0.0014078495613355224
20084,9.0,-0.007515013217926025,7,lag_03__CT_place_RUINS,CT_place_RUINS,False,-3.493913412094116,-0.0003810621565207839,0.0013313981795094743
20084,9.0,-0.007515013217926025,8,lag_08__CT_place_RUINS,CT_place_RUINS,False,3.493913412094116,0.00032386439852416515,0.0011315541657033745
20084,9.0,-0.007515013217926025,9,lag_06__CT_place_ARCH,CT_place_ARCH,False,-4.080447673797607,0.0002451586478855461,-0.0010003570344759433
20084,9.0,-0.007515013217926025,10,lag_05__T_place_TRAMP,T_place_TRAMP,False,2.926727294921875,-0.00029574910877272487,-0.0008655769890939524
20084,9.0,-0.007515013217926025,11,lag_07__CT_place_RUINS,CT_place_RUINS,False,3.493913173675537,0.00024391416809521616,0.0008522149251539851
20084,9.0,-0.007515013217926025,12,lag_04__CT_place_RUINS,CT_place_RUINS,False,-3.493913173675537,-0.00021982958423905075,0.0007680654803364356
20084,9.0,-0.007515013217926025,13,lag_09__T_macro_MID,T_macro_MID,False,2.0557379722595215,-0.0003545165527611971,-0.000728793139305739
20084,9.0,-0.007515013217926025,14,lag_03__T_place_LOWERMID,T_place_LOWERMID,False,-3.3263461589813232,-0.00021848789765499532,0.0007267663791485982
20084,9.0,-0.007515013217926025,15,lag_08__T_macro_MID,T_macro_MID,False,2.0557377338409424,-0.0002795647596940398,-0.000574711825555213
20084,9.0,-0.007515013217926025,16,lag_04__T_place_TRAMP,T_place_TRAMP,False,2.926727533340454,0.0001963553950190544,0.0005746787409222076
20084,9.0,-0.007515013217926025,17,lag_00__T_place_TRAMP,T_place_TRAMP,False,-2.926727294921875,0.00017770074191503227,-0.0005200816116905926
20084,9.0,-0.007515013217926025,18,lag_02__CT2__flash,CT2__flash,True,1.8084431886672974,-0.0002685745130293071,-0.0004857017487374868
20084,9.0,-0.007515013217926025,19,lag_09__CT_place_RUINS,CT_place_RUINS,False,3.493913412094116,-0.00013475485320668668,-0.0004708217889636164
20084,9.0,-0.007515013217926025,20,lag_02__T_place_TRAMP,T_place_TRAMP,False,2.926727294921875,-0.00013826522626914084,-0.00040466461166044354
25812,98.5,-0.00741124153137207,1,lag_14__T_place_QUAD,T_place_QUAD,False,-24.086301803588867,0.00046628277050331235,-0.011231027536156346
25812,98.5,-0.00741124153137207,2,lag_03__T_place_ARCH,T_place_ARCH,False,-9.303513526916504,0.001056593144312501,-0.009830028610558594
25812,98.5,-0.00741124153137207,3,lag_15__T_place_QUAD,T_place_QUAD,False,-24.086305618286133,0.0002682017511688173,-0.006459989346011663
25812,98.5,-0.00741124153137207,4,lag_13__T_place_ARCH,T_place_ARCH,False,9.303513526916504,0.00048591644736006856,0.004520730240965609
25812,98.5,-0.00741124153137207,5,lag_00__damage_diff_last_5s,damage_diff_last_5s,False,-2.075500726699829,0.0008297653403133154,-0.001722178566810617
25812,98.5,-0.00741124153137207,6,lag_10__CT3__is_scoped,CT3__is_scoped,False,4.548114776611328,0.0003579595359042287,0.0016280410546749557
25812,98.5,-0.00741124153137207,7,lag_10__CT_shots_fired_sum,CT_shots_fired_sum,False,3.4737050533294678,0.0003189623821526766,0.0011079812387057575
25812,98.5,-0.00741124153137207,8,lag_01__T5__flash_duration,T5__flash_duration,True,4.755908966064453,0.0002237837907159701,0.0010642953367259733
25812,98.5,-0.00741124153137207,9,lag_00__T5__duck_amount,T5__duck_amount,False,3.7970333099365234,-0.00027037132531404495,-0.0010266089282691127
25812,98.5,-0.00741124153137207,10,lag_01__CT_flashed_players,CT_flashed_players,False,2.1899399757385254,0.00038129594759084284,0.0008350152382162884
25812,98.5,-0.00741124153137207,11,lag_00__CT_damage_last_5s,CT_damage_last_5s,False,-2.005476236343384,0.0004092393792234361,-0.0008207198500085194
25812,98.5,-0.00741124153137207,12,lag_08__CT_kills_last_3s,CT_kills_last_3s,False,2.8871402740478516,0.00027314541512168944,0.0007886091286693486
25812,98.5,-0.00741124153137207,13,lag_14__CT3__is_scoped,CT3__is_scoped,False,-4.548114776611328,-0.00015907805936876684,0.0007235052724497426
25812,98.5,-0.00741124153137207,14,lag_06__CT5__duck_amount,CT5__duck_amount,False,-2.3587093353271484,-0.00030271144350990653,0.0007140083077171733
25812,98.5,-0.00741124153137207,15,lag_12__T_A_site_active_infernos,T_A_site_active_infernos,True,2.9764554500579834,0.0002387066779192537,0.0007104997924579984
25812,98.5,-0.00741124153137207,16,lag_06__CT3__duck_amount,CT3__duck_amount,False,3.7208433151245117,0.00018562973127700388,0.0006906991447103994
25812,98.5,-0.00741124153137207,17,lag_14__T5__duck_amount,T5__duck_amount,False,-3.7970333099365234,0.00018079204892273992,-0.000686473431931317
25812,98.5,-0.00741124153137207,18,lag_00__T_duck_amount_mean,T_duck_amount_mean,False,5.815873622894287,-0.0001092356615117751,-0.0006353008024657415
25812,98.5,-0.00741124153137207,19,lag_09__T_shots_fired_sum,T_shots_fired_sum,False,2.249211311340332,0.00026701524620875716,0.0006005737120730603
25812,98.5,-0.00741124153137207,20,lag_08__CT1__duck_amount,CT1__duck_amount,False,3.3287177085876465,0.00016703804431017488,0.0005560224961031271
21556,32.0,-0.007329463958740234,1,lag_10__T2__shots_fired,T2__shots_fired,False,-15.297529220581055,0.0004156192298978567,-0.006357947313997858
21556,32.0,-0.007329463958740234,2,lag_08__CT_place_LIBRARY,CT_place_LIBRARY,False,-6.411735534667969,0.0006526836077682674,-0.004184834680823091
21556,32.0,-0.007329463958740234,3,lag_13__CT_place_LIBRARY,CT_place_LIBRARY,False,6.411735534667969,0.0005532740033231676,0.0035474465875151573
21556,32.0,-0.007329463958740234,4,lag_10__T_shots_fired_sum,T_shots_fired_sum,False,-19.493162155151367,0.00011309702676953748,-0.002204618682084089
21556,32.0,-0.007329463958740234,5,lag_08__T_place_LOWERMID,T_place_LOWERMID,False,3.3263463973999023,-0.00041877172770909965,-0.0013929798277980965
21556,32.0,-0.007329463958740234,6,lag_15__CT4__is_walking,CT4__is_walking,False,2.384641170501709,-0.0005655502900481224,-0.0013486345056379356
21556,32.0,-0.007329463958740234,7,lag_10__CT_shots_fired_sum,CT_shots_fired_sum,False,4.168445587158203,0.0003189623821526766,0.001329577334353793
21556,32.0,-0.007329463958740234,8,lag_09__CT_shots_fired_sum,CT_shots_fired_sum,False,-11.81059741973877,0.00010295151150785387,-0.001215918856172865
21556,32.0,-0.007329463958740234,9,lag_06__T_place_TRAMP,T_place_TRAMP,False,2.926727294921875,-0.00036285584792494774,-0.0010619801142439655
21556,32.0,-0.007329463958740234,10,lag_13__T5__duck_amount,T5__duck_amount,False,-3.7970333099365234,-0.00026552274357527494,0.001008198701901053
21556,32.0,-0.007329463958740234,11,lag_01__T3__is_walking,T3__is_walking,False,2.3223767280578613,0.0004288530326448381,0.0009959583027714103
21556,32.0,-0.007329463958740234,12,lag_11__T2__shots_fired,T2__shots_fired,False,2.9418325424194336,0.00033081177389249206,0.0009731928418524327
21556,32.0,-0.007329463958740234,13,lag_15__T2__shots_fired,T2__shots_fired,False,2.9418327808380127,0.00033066037576645613,0.0009727475327539759
21556,32.0,-0.007329463958740234,14,lag_13__T2__shots_fired,T2__shots_fired,False,2.9418325424194336,0.00031120426137931645,0.0009155108234652765
21556,32.0,-0.007329463958740234,15,lag_13__T3__is_walking,T3__is_walking,False,-2.3223767280578613,-0.0003833354276139289,0.0008902492761306974
21556,32.0,-0.007329463958740234,16,lag_03__T2__is_walking,T2__is_walking,False,2.2968344688415527,0.0003802203282248229,0.0008733031556210219
21556,32.0,-0.007329463958740234,17,lag_14__CT_place_BANANA,CT_place_BANANA,False,-2.9603395462036133,0.00028780329739674926,-0.0008519954828113963
21556,32.0,-0.007329463958740234,18,lag_14__T2__shots_fired,T2__shots_fired,False,2.9418323040008545,0.0002859194064512849,0.0008411269462391402
21556,32.0,-0.007329463958740234,19,lag_06__T_place_LOWERMID,T_place_LOWERMID,False,-3.3263463973999023,0.00024727918207645416,-0.0008225362164520078
21556,32.0,-0.007329463958740234,20,lag_10__T2__is_walking,T2__is_walking,False,2.2968344688415527,-0.00034644853440113366,-0.0007957349354921622
24884,84.0,-0.007306694984436035,1,lag_08__CT_place_LIBRARY,CT_place_LIBRARY,False,-6.411735534667969,0.0006526836077682674,-0.004184834680823091
24884,84.0,-0.007306694984436035,2,lag_00__CT4__is_walking,CT4__is_walking,False,2.384641170501709,0.00041614967631176114,0.0009923676512239854
24884,84.0,-0.007306694984436035,3,lag_11__CT4__duck_amount,CT4__duck_amount,False,-3.3120858669281006,0.00027850220794789493,-0.0009224232268524937
24884,84.0,-0.007306694984436035,4,lag_12__CT1__is_walking,CT1__is_walking,False,-2.3343825340270996,-0.000309669878333807,0.000722887955296736
24884,84.0,-0.007306694984436035,5,lag_13__CT4__is_walking,CT4__is_walking,False,2.384641170501709,-0.00029896822525188327,-0.0007129319386074695
24884,84.0,-0.007306694984436035,6,lag_11__T_place_MIDDLE,T_place_MIDDLE,False,1.6254754066467285,-0.0004282974696252495,-0.0006961870036048673
24884,84.0,-0.007306694984436035,7,lag_07__CT4__is_walking,CT4__is_walking,False,2.384641170501709,0.0002773735031951219,0.000661436275325375
24884,84.0,-0.007306694984436035,8,lag_10__T1__is_walking,T1__is_walking,False,2.281590461730957,-0.00028323993319645524,-0.0006462375299623457
24884,84.0,-0.007306694984436035,9,lag_05__T3__is_walking,T3__is_walking,False,-2.3223767280578613,-0.0002565539034549147,0.0005958148148760972
24884,84.0,-0.007306694984436035,10,lag_12__CT4__is_walking,CT4__is_walking,False,-2.384641170501709,0.00022991163132246584,-0.0005482567416287623
24884,84.0,-0.007306694984436035,11,lag_06__T3__is_walking,T3__is_walking,False,2.3223767280578613,-0.00022661335242446512,-0.0005262815759377523
24884,84.0,-0.007306694984436035,12,lag_08__CT4__duck_amount,CT4__duck_amount,False,3.6725916862487793,-0.00012607115786522627,-0.0004630078862515874
24884,84.0,-0.007306694984436035,13,lag_04__T3__is_walking,T3__is_walking,False,2.3223767280578613,0.00019652220362331718,0.00045639859224144014
24884,84.0,-0.007306694984436035,14,lag_14__CT4__is_walking,CT4__is_walking,False,-2.384641170501709,-0.00018618193280417472,0.00044397710216841774
24884,84.0,-0.007306694984436035,15,lag_12__CT4__duck_amount,CT4__duck_amount,False,3.3120858669281006,-0.0001330543600488454,-0.0004406874654509438
24884,84.0,-0.007306694984436035,16,lag_15__CT_walking_count,CT_walking_count,False,-0.8974476456642151,-0.0004166544822510332,0.0003739255841516322
24884,84.0,-0.007306694984436035,17,lag_12__T5__duck_amount,T5__duck_amount,False,-2.710141181945801,0.00013733275409322232,-0.00037219115249807755
24884,84.0,-0.007306694984436035,18,lag_08__CT4__is_walking,CT4__is_walking,False,-2.384641170501709,-0.00015555048594251275,0.00037093209287006323
24884,84.0,-0.007306694984436035,19,lag_10__T_walking_count,T_walking_count,False,0.7970898747444153,-0.0004313217359595001,-0.0003438021884905017
24884,84.0,-0.007306694984436035,20,lag_12__CT_walking_count,CT_walking_count,False,-1.7948951721191406,-0.00018280287622474134,0.00032811199998528107
22228,42.5,-0.007161617279052734,1,lag_04__CT_place_LIBRARY,CT_place_LIBRARY,False,6.411735534667969,0.0004978576907888055,0.003192131847238322
22228,42.5,-0.007161617279052734,2,lag_06__CT3__is_scoped,CT3__is_scoped,False,-4.548114776611328,0.0006244489923119545,-0.002840065689174054
22228,42.5,-0.007161617279052734,3,lag_08__T3__flash_duration,T3__flash_duration,True,-8.012818336486816,0.00024616732844151556,-0.0019724940831801485
22228,42.5,-0.007161617279052734,4,lag_12__CT_place_TOPOFMID,CT_place_TOPOFMID,False,-3.6288270950317383,0.00045443105045706034,-0.0016490517087223155
22228,42.5,-0.007161617279052734,5,lag_01__T5__duck_amount,T5__duck_amount,False,3.7970333099365234,-0.00038160450640134513,-0.0014489650220277928
22228,42.5,-0.007161617279052734,6,lag_12__CT_place_ARCH,CT_place_ARCH,False,4.080447673797607,-0.000347116612829268,-0.0014163911753556913
22228,42.5,-0.007161617279052734,7,lag_15__CT4__is_walking,CT4__is_walking,False,2.384641170501709,-0.0005655502900481224,-0.0013486345056379356
22228,42.5,-0.007161617279052734,8,lag_13__CT1__is_walking,CT1__is_walking,False,-2.3343825340270996,-0.000511849473696202,0.0011948524714473774
22228,42.5,-0.007161617279052734,9,lag_14__CT_place_RUINS,CT_place_RUINS,False,3.493913412094116,0.0003368560574017465,0.0011769458969011076
22228,42.5,-0.007161617279052734,10,lag_14__T1__is_walking,T1__is_walking,False,-2.281590461730957,-0.0004045722307637334,0.0009230681427917498
22228,42.5,-0.007161617279052734,11,lag_01__T2__is_walking,T2__is_walking,False,2.2968344688415527,0.00036613643169403076,0.0008409547766135006
22228,42.5,-0.007161617279052734,12,lag_01__CT1__duck_amount,CT1__duck_amount,False,-1.5201579332351685,0.00045662434422411025,-0.0006941411193805876
22228,42.5,-0.007161617279052734,13,lag_09__T1__duck_amount,T1__duck_amount,False,3.915480136871338,0.00016913769650273025,0.000662255291052613
22228,42.5,-0.007161617279052734,14,lag_07__CT4__is_walking,CT4__is_walking,False,-2.384641170501709,0.0002773735031951219,-0.000661436275325375
22228,42.5,-0.007161617279052734,15,lag_10__T1__is_walking,T1__is_walking,False,2.281590461730957,-0.00028323993319645524,-0.0006462375299623457
22228,42.5,-0.007161617279052734,16,lag_14__CT5__is_walking,CT5__is_walking,False,-2.396676540374756,-0.00026758454623632133,0.0006413136045314155
22228,42.5,-0.007161617279052734,17,lag_01__CT_active_infernos,CT_active_infernos,True,-2.30427622795105,0.00027651007985696197,-0.0006371556038032439
22228,42.5,-0.007161617279052734,18,lag_06__CT_scoped_count,CT_scoped_count,False,-2.141930103302002,0.0002681809419300407,-0.0005744248326518403
22228,42.5,-0.007161617279052734,19,lag_13__T1__is_walking,T1__is_walking,False,2.281590461730957,-0.00024934482644312084,-0.0005689027776945854
22228,42.5,-0.007161617279052734,20,lag_02__T2__is_walking,T2__is_walking,False,-2.2968344688415527,0.00023686708300374448,-0.0005440444807769534
22676,49.5,-0.0071599483489990234,1,lag_13__CT_place_LIBRARY,CT_place_LIBRARY,False,-6.411735534667969,0.0005532740033231676,-0.0035474465875151573
22676,49.5,-0.0071599483489990234,2,lag_15__T5__duck_amount,T5__duck_amount,False,3.7970333099365234,0.0004413787683006376,0.0016759298855362759
22676,49.5,-0.0071599483489990234,3,lag_08__T3__is_walking,T3__is_walking,False,2.3223767280578613,-0.0005422991816885769,-0.001259422999198373
22676,49.5,-0.0071599483489990234,4,lag_00__CT_place_RUINS,CT_place_RUINS,False,3.493913173675537,-0.00031822131131775677,-0.0011118376317574147
22676,49.5,-0.0071599483489990234,5,lag_12__T1__is_walking,T1__is_walking,False,2.281590461730957,-0.00046226225094869733,-0.0010546931425828299
22676,49.5,-0.0071599483489990234,6,lag_13__T3__is_walking,T3__is_walking,False,2.3223767280578613,-0.0003833354276139289,-0.0008902492761306974
22676,49.5,-0.0071599483489990234,7,lag_10__T2__is_walking,T2__is_walking,False,2.2968344688415527,-0.00034644853440113366,-0.0007957349354921622
22676,49.5,-0.0071599483489990234,8,lag_07__CT4__is_walking,CT4__is_walking,False,2.384641170501709,0.0002773735031951219,0.000661436275325375
22676,49.5,-0.0071599483489990234,9,lag_14__CT5__is_walking,CT5__is_walking,False,-2.396676540374756,-0.00026758454623632133,0.0006413136045314155
22676,49.5,-0.0071599483489990234,10,lag_09__CT_place_PIT,CT_place_PIT,False,4.305429458618164,-0.00014022049435880035,-0.0006037094471143811
22676,49.5,-0.0071599483489990234,11,lag_15__T2__is_walking,T2__is_walking,False,2.2968344688415527,-0.0002563920570537448,-0.000588890114178231
22676,49.5,-0.0071599483489990234,12,lag_11__T3__is_walking,T3__is_walking,False,-2.3223767280578613,-0.00025103052030317485,0.0005829874383843497
22676,49.5,-0.0071599483489990234,13,lag_08__CT_B_site_active_infernos,CT_B_site_active_infernos,True,3.435478687286377,-0.00016430765390396118,-0.0005644754431450849
22676,49.5,-0.0071599483489990234,14,lag_09__CT4__is_walking,CT4__is_walking,False,2.384641170501709,-0.0002161425945814699,-0.0005154225297380327
22676,49.5,-0.0071599483489990234,15,lag_15__CT1__is_walking,CT1__is_walking,False,2.3343825340270996,-0.00021444071899168193,-0.0005005866689983957
22676,49.5,-0.0071599483489990234,16,lag_09__CT_place_RUINS,CT_place_RUINS,False,3.493913412094116,-0.00013475485320668668,-0.0004708217889636164
22676,49.5,-0.0071599483489990234,17,lag_13__T_duck_amount_mean,T_duck_amount_mean,False,-2.9079365730285645,-0.00015365282888524234,0.00044681268066469604
22676,49.5,-0.0071599483489990234,18,lag_07__T3__is_walking,T3__is_walking,False,-2.3223767280578613,0.00019229709869250655,-0.000446586306876523
22676,49.5,-0.0071599483489990234,19,lag_00__T2__is_walking,T2__is_walking,False,-2.2968344688415527,-0.000178659480297938,0.00041035125253362226
22676,49.5,-0.0071599483489990234,20,lag_15__CT_walking_count,CT_walking_count,False,0.8974476456642151,-0.0004166544822510332,-0.0003739255841516322
23988,70.0,-0.007153451442718506,1,lag_02__CT_place_LIBRARY,CT_place_LIBRARY,False,6.411735534667969,0.0003227477427572012,0.0020693731709702234
23988,70.0,-0.007153451442718506,2,lag_15__CT4__is_walking,CT4__is_walking,False,-2.384641170501709,-0.0005655502900481224,0.0013486345056379356
23988,70.0,-0.007153451442718506,3,lag_10__T3__is_walking,T3__is_walking,False,2.3223767280578613,-0.000508095312397927,-0.0011799887291482347
23988,70.0,-0.007153451442718506,4,lag_14__CT_place_RUINS,CT_place_RUINS,False,-3.493913412094116,0.0003368560574017465,-0.0011769458969011076
23988,70.0,-0.007153451442718506,5,lag_10__CT1__flash_duration,CT1__flash_duration,True,-5.189005374908447,0.00021737317729275674,-0.0011279505853330415
23988,70.0,-0.007153451442718506,6,lag_12__T1__is_walking,T1__is_walking,False,2.281590461730957,-0.00046226225094869733,-0.0010546931425828299
23988,70.0,-0.007153451442718506,7,lag_01__CT1__duck_amount,CT1__duck_amount,False,2.1918230056762695,0.00045662434422411025,0.0010008397426222448
23988,70.0,-0.007153451442718506,8,lag_01__T3__is_walking,T3__is_walking,False,-2.3223767280578613,0.0004288530326448381,-0.0009959583027714103
23988,70.0,-0.007153451442718506,9,lag_04__T5__duck_amount,T5__duck_amount,False,3.7970333099365234,-0.0002606372581794858,-0.0009896483511180332
23988,70.0,-0.007153451442718506,10,lag_14__T2__duck_amount,T2__duck_amount,False,3.8233180046081543,0.0002314798184670508,0.0008850209576485024
23988,70.0,-0.007153451442718506,11,lag_06__CT1__duck_amount,CT1__duck_amount,False,-3.8154516220092773,0.00021340268722269684,-0.0008142276291049771
23988,70.0,-0.007153451442718506,12,lag_12__CT1__is_walking,CT1__is_walking,False,2.3343825340270996,-0.000309669878333807,-0.000722887955296736
23988,70.0,-0.007153451442718506,13,lag_07__CT5__duck_amount,CT5__duck_amount,False,-3.2454657554626465,-0.00021388694585766643,0.0006941627583215496
23988,70.0,-0.007153451442718506,14,lag_08__CT3__flash_duration,CT3__flash_duration,True,-7.249464988708496,9.099376620724797e-05,-0.0006596561223101705
23988,70.0,-0.007153451442718506,15,lag_14__CT5__is_walking,CT5__is_walking,False,2.396676540374756,-0.00026758454623632133,-0.0006413136045314155
23988,70.0,-0.007153451442718506,16,lag_11__T2__is_walking,T2__is_walking,False,2.2968344688415527,-0.0002626851201057434,-0.0006033442383106546
23988,70.0,-0.007153451442718506,17,lag_15__T2__is_walking,T2__is_walking,False,-2.2968344688415527,-0.0002563920570537448,0.000588890114178231
23988,70.0,-0.007153451442718506,18,lag_08__CT5__duck_amount,CT5__duck_amount,False,3.7749595642089844,0.00015243812231346965,0.0005754477477772912
23988,70.0,-0.007153451442718506,19,lag_13__T1__is_walking,T1__is_walking,False,-2.281590461730957,-0.00024934482644312084,0.0005689027776945854
23988,70.0,-0.007153451442718506,20,lag_12__CT4__is_walking,CT4__is_walking,False,2.384641170501709,0.00022991163132246584,0.0005482567416287623
24084,71.5,-0.006956875324249268,1,lag_05__CT_place_LIBRARY,CT_place_LIBRARY,False,6.411735534667969,0.0003891380038112402,0.0024950499669262882
24084,71.5,-0.006956875324249268,2,lag_15__CT4__is_walking,CT4__is_walking,False,2.384641170501709,-0.0005655502900481224,-0.0013486345056379356
24084,71.5,-0.006956875324249268,3,lag_07__T5__duck_amount,T5__duck_amount,False,3.7970333099365234,-0.00035408823168836534,-0.0013444848103772444
24084,71.5,-0.006956875324249268,4,lag_09__CT1__duck_amount,CT1__duck_amount,False,-3.8154516220092773,-0.00026122666895389557,0.0009966977177722214
24084,71.5,-0.006956875324249268,5,lag_01__T3__is_walking,T3__is_walking,False,-2.3223767280578613,0.0004288530326448381,-0.0009959583027714103
24084,71.5,-0.006956875324249268,6,lag_00__CT4__is_walking,CT4__is_walking,False,-2.384641170501709,0.00041614967631176114,-0.0009923676512239854
24084,71.5,-0.006956875324249268,7,lag_15__T1__is_walking,T1__is_walking,False,2.281590461730957,-0.0004290357755962759,-0.0009788839333418065
24084,71.5,-0.006956875324249268,8,lag_13__T3__is_walking,T3__is_walking,False,2.3223767280578613,-0.0003833354276139289,-0.0008902492761306974
24084,71.5,-0.006956875324249268,9,lag_00__T5__duck_amount,T5__duck_amount,False,-2.8989014625549316,-0.00027037132531404495,0.0007837798303858001
24084,71.5,-0.006956875324249268,10,lag_15__CT_walking_count,CT_walking_count,False,1.7948954105377197,-0.0004166544822510332,-0.0007478512179723493
24084,71.5,-0.006956875324249268,11,lag_14__CT5__is_walking,CT5__is_walking,False,-2.396676540374756,-0.00026758454623632133,0.0006413136045314155
24084,71.5,-0.006956875324249268,12,lag_15__T2__duck_amount,T2__duck_amount,False,-3.034114122390747,-0.000188537931535393,0.0005720456006778757
24084,71.5,-0.006956875324249268,13,lag_12__CT4__is_walking,CT4__is_walking,False,2.384641170501709,0.00022991163132246584,0.0005482567416287623
24084,71.5,-0.006956875324249268,14,lag_10__CT1__duck_amount,CT1__duck_amount,False,1.6480623483657837,-0.0003316364891361445,-0.000546557611089498
24084,71.5,-0.006956875324249268,15,lag_15__CT1__is_walking,CT1__is_walking,False,2.3343825340270996,-0.00021444071899168193,-0.0005005866689983957
24084,71.5,-0.006956875324249268,16,lag_04__T3__is_walking,T3__is_walking,False,-2.3223767280578613,0.00019652220362331718,-0.00045639859224144014
24084,71.5,-0.006956875324249268,17,lag_12__T5__is_walking,T5__is_walking,False,2.3193888664245605,-0.00019659775716718286,-0.0004559866491376033
24084,71.5,-0.006956875324249268,18,lag_01__CT_place_PIT,CT_place_PIT,False,-4.305429458618164,0.00010359273437643424,-0.00044601121028310653
24084,71.5,-0.006956875324249268,19,lag_14__CT4__is_walking,CT4__is_walking,False,-2.384641170501709,-0.00018618193280417472,0.00044397710216841774
24084,71.5,-0.006956875324249268,20,lag_03__CT1__duck_amount,CT1__duck_amount,False,1.6236286163330078,-0.000267673545749858,-0.00043460242871479204
22260,43.0,0.006885230541229248,1,lag_05__CT_place_LIBRARY,CT_place_LIBRARY,False,6.411735534667969,0.0003891380038112402,0.0024950499669262882
22260,43.0,0.006885230541229248,2,lag_15__CT_place_RUINS,CT_place_RUINS,False,3.493913412094116,0.0005673986743204296,0.0019824418382125703
22260,43.0,0.006885230541229248,3,lag_09__T3__flash_duration,T3__flash_duration,True,-8.012818336486816,0.00020040538220200688,-0.0016058119212388894
22260,43.0,0.006885230541229248,4,lag_00__CT_place_LIBRARY,CT_place_LIBRARY,False,-6.411735534667969,-0.00019607823924161494,0.0012572018141205898
22260,43.0,0.006885230541229248,5,lag_05__CT_place_PIT,CT_place_PIT,False,-4.305429458618164,-0.00025964624364860356,0.0011178885862242471
22260,43.0,0.006885230541229248,6,lag_12__T1__is_walking,T1__is_walking,False,-2.281590461730957,-0.00046226225094869733,0.0010546931425828299
22260,43.0,0.006885230541229248,7,lag_13__CT_place_ARCH,CT_place_ARCH,False,4.080447673797607,-0.0002489209291525185,-0.0010157088263199332
22260,43.0,0.006885230541229248,8,lag_15__T1__is_walking,T1__is_walking,False,-2.281590461730957,-0.0004290357755962759,0.0009788839333418065
22260,43.0,0.006885230541229248,9,lag_09__T2__is_walking,T2__is_walking,False,-2.2968344688415527,-0.0004139369120821357,0.0009507445675960846
22260,43.0,0.006885230541229248,10,lag_14__T1__is_walking,T1__is_walking,False,2.281590461730957,-0.0004045722307637334,-0.0009230681427917498
22260,43.0,0.006885230541229248,11,lag_07__CT3__is_scoped,CT3__is_scoped,False,-4.548114776611328,0.0001922546944115311,-0.0008743964165259799
22260,43.0,0.006885230541229248,12,lag_03__T2__is_walking,T2__is_walking,False,-2.2968344688415527,0.0003802203282248229,-0.0008733031556210219
22260,43.0,0.006885230541229248,13,lag_15__CT5__duck_amount,CT5__duck_amount,False,3.7749595642089844,0.00022589717991650105,0.0008527527198536333
22260,43.0,0.006885230541229248,14,lag_12__CT5__duck_amount,CT5__duck_amount,False,-3.7749595642089844,-0.00020855051116086543,0.0007872697467273815
22260,43.0,0.006885230541229248,15,lag_02__T5__duck_amount,T5__duck_amount,False,3.7970333099365234,-0.00019456569862086326,-0.0007387724386344885
22260,43.0,0.006885230541229248,16,lag_10__T3__duck_amount,T3__duck_amount,False,3.7704498767852783,0.0001918724738061428,0.0007234455452208577
22260,43.0,0.006885230541229248,17,lag_07__CT4__is_walking,CT4__is_walking,False,2.384641170501709,0.0002773735031951219,0.000661436275325375
22260,43.0,0.006885230541229248,18,lag_10__T1__is_walking,T1__is_walking,False,-2.281590461730957,-0.00028323993319645524,0.0006462375299623457
22260,43.0,0.006885230541229248,19,lag_00__T3__duck_amount,T3__duck_amount,False,-3.7704498767852783,0.00016285540186800063,-0.00061403812990702
22260,43.0,0.006885230541229248,20,lag_02__T2__is_walking,T2__is_walking,False,2.2968344688415527,0.00023686708300374448,0.0005440444807769534
22836,52.0,-0.006601274013519287,1,lag_04__CT_flashes_last_5s,CT_flashes_last_5s,True,10.995440483093262,-0.0001864416990429163,-0.002050008605393172
22836,52.0,-0.006601274013519287,2,lag_14__CT_place_RUINS,CT_place_RUINS,False,3.493913412094116,0.0003368560574017465,0.0011769458969011076
22836,52.0,-0.006601274013519287,3,lag_00__CT_place_RUINS,CT_place_RUINS,False,-3.493913173675537,-0.00031822131131775677,0.0011118376317574147
22836,52.0,-0.006601274013519287,4,lag_13__T3__is_walking,T3__is_walking,False,2.3223767280578613,-0.0003833354276139289,-0.0008902492761306974
22836,52.0,-0.006601274013519287,5,lag_01__T2__is_walking,T2__is_walking,False,2.2968344688415527,0.00036613643169403076,0.0008409547766135006
22836,52.0,-0.006601274013519287,6,lag_03__T5__duck_amount,T5__duck_amount,False,-3.7970333099365234,-0.00020453710749279708,0.0007766342102682178
22836,52.0,-0.006601274013519287,7,lag_13__CT4__is_walking,CT4__is_walking,False,-2.384641170501709,-0.00029896822525188327,0.0007129319386074695
22836,52.0,-0.006601274013519287,8,lag_14__CT5__is_walking,CT5__is_walking,False,2.396676540374756,-0.00026758454623632133,-0.0006413136045314155
22836,52.0,-0.006601274013519287,9,lag_00__T3__duck_amount,T3__duck_amount,False,-3.7704498767852783,0.00016285540186800063,-0.00061403812990702
22836,52.0,-0.006601274013519287,10,lag_11__T2__is_walking,T2__is_walking,False,2.2968344688415527,-0.0002626851201057434,-0.0006033442383106546
22836,52.0,-0.006601274013519287,11,lag_15__T2__is_walking,T2__is_walking,False,2.2968344688415527,-0.0002563920570537448,-0.000588890114178231
22836,52.0,-0.006601274013519287,12,lag_12__CT4__is_walking,CT4__is_walking,False,2.384641170501709,0.00022991163132246584,0.0005482567416287623
22836,52.0,-0.006601274013519287,13,lag_02__T2__is_walking,T2__is_walking,False,-2.2968344688415527,0.00023686708300374448,-0.0005440444807769534
22836,52.0,-0.006601274013519287,14,lag_12__CT5__is_walking,CT5__is_walking,False,-2.396676540374756,-0.00021539586305152625,0.0005162342118693666
22836,52.0,-0.006601274013519287,15,lag_15__CT2__is_walking,CT2__is_walking,False,2.360051155090332,-0.00021865716553293169,-0.0005160420960847734
22836,52.0,-0.006601274013519287,16,lag_04__T2__is_walking,T2__is_walking,False,2.2968344688415527,0.00022318522678688169,0.0005126195218203289
22836,52.0,-0.006601274013519287,17,lag_12__T_walking_count,T_walking_count,False,-1.594179630279541,-0.00031240619136951864,0.0004980315866544988
22836,52.0,-0.006601274013519287,18,lag_12__T3__is_walking,T3__is_walking,False,-2.3223767280578613,-0.00019371029338799417,0.00044986827734953827
22836,52.0,-0.006601274013519287,19,lag_14__CT4__is_walking,CT4__is_walking,False,2.384641170501709,-0.00018618193280417472,-0.00044397710216841774
22836,52.0,-0.006601274013519287,20,lag_13__CT_B_site_active_infernos,CT_B_site_active_infernos,True,3.435478687286377,-0.0001195028453366831,-0.00041054947822425497
25684,96.5,0.006573319435119629,1,lag_10__T_place_QUAD,T_place_QUAD,False,-24.086301803588867,0.0009695150656625628,-0.023352032474674767
25684,96.5,0.006573319435119629,2,lag_12__T_place_QUAD,T_place_QUAD,False,24.086305618286133,0.0006503915647044778,0.015665529999027372
25684,96.5,0.006573319435119629,3,lag_11__T_place_QUAD,T_place_QUAD,False,-24.086305618286133,0.0005895704962313175,-0.014200575155752126
25684,96.5,0.006573319435119629,4,lag_14__T_place_QUAD,T_place_QUAD,False,24.086301803588867,0.00046628277050331235,0.011231027536156346
25684,96.5,0.006573319435119629,5,lag_09__T_place_ARCH,T_place_ARCH,False,9.303513526916504,0.0005716916639357805,0.005318741128651938
25684,96.5,0.006573319435119629,6,lag_06__CT3__is_scoped,CT3__is_scoped,False,4.548114776611328,0.0006244489923119545,0.002840065689174054
25684,96.5,0.006573319435119629,7,lag_10__CT3__is_scoped,CT3__is_scoped,False,-4.548114776611328,0.0003579595359042287,-0.0016280410546749557
25684,96.5,0.006573319435119629,8,lag_05__CT3__duck_amount,CT3__duck_amount,False,-3.417881488800049,0.00039905583253130317,-0.0013639255430064334
25684,96.5,0.006573319435119629,9,lag_13__CT1__is_walking,CT1__is_walking,False,2.3343825340270996,-0.000511849473696202,-0.0011948524714473774
25684,96.5,0.006573319435119629,10,lag_14__CT_place_RUINS,CT_place_RUINS,False,3.493913412094116,0.0003368560574017465,0.0011769458969011076
25684,96.5,0.006573319435119629,11,lag_00__kill_diff_last_3s,kill_diff_last_3s,False,-2.4069459438323975,0.0004698316042777151,-0.0011308592742005144
25684,96.5,0.006573319435119629,12,lag_00__CT_kills_last_3s,CT_kills_last_3s,False,-2.8871402740478516,0.00038100979872979224,-0.0011000287347196491
25684,96.5,0.006573319435119629,13,lag_03__CT1__duck_amount,CT1__duck_amount,False,-3.8154516220092773,-0.000267673545749858,0.0010212954643002703
25684,96.5,0.006573319435119629,14,lag_02__CT3__duck_amount,CT3__duck_amount,False,3.7208433151245117,0.0002561902510933578,0.0009532437831807905
25684,96.5,0.006573319435119629,15,lag_03__CT_shots_fired_sum,CT_shots_fired_sum,False,-4.168446063995361,-0.0001893786684377119,0.0007894147650538627
25684,96.5,0.006573319435119629,16,lag_06__CT3__duck_amount,CT3__duck_amount,False,3.417881488800049,0.00018562973127700388,0.000634460422302599
25684,96.5,0.006573319435119629,17,lag_08__T_A_site_active_infernos,T_A_site_active_infernos,True,2.9764554500579834,0.00020591421343851835,0.0006128944828334808
25684,96.5,0.006573319435119629,18,lag_06__CT_scoped_count,CT_scoped_count,False,2.141930103302002,0.0002681809419300407,0.0005744248326518403
25684,96.5,0.006573319435119629,19,lag_06__CT_shots_fired_sum,CT_shots_fired_sum,False,3.4737050533294678,0.00016186106950044632,0.0005622576150610126
25684,96.5,0.006573319435119629,20,lag_04__T_shots_fired_sum,T_shots_fired_sum,False,-2.249211311340332,0.00022539634665008634,-0.0005069640124201608
24500,78.0,0.00646442174911499,1,lag_03__CT3__is_scoped,CT3__is_scoped,False,-4.548114776611328,0.0006030839867889881,-0.002742895191852668
24500,78.0,0.00646442174911499,2,lag_09__CT3__is_scoped,CT3__is_scoped,False,4.548114776611328,0.0004836305452045053,0.0021996072290652036
24500,78.0,0.00646442174911499,3,lag_12__CT1__duck_amount,CT1__duck_amount,False,3.645623207092285,0.00036668599932454526,0.0013367989888533882
24500,78.0,0.00646442174911499,4,lag_08__CT3__duck_amount,CT3__duck_amount,False,-3.7208433151245117,0.0002951358037535101,-0.001098154082450148
24500,78.0,0.00646442174911499,5,lag_00__CT4__is_walking,CT4__is_walking,False,-2.384641170501709,0.00041614967631176114,-0.0009923676512239854
24500,78.0,0.00646442174911499,6,lag_13__T3__is_walking,T3__is_walking,False,2.3223767280578613,-0.0003833354276139289,-0.0008902492761306974
24500,78.0,0.00646442174911499,7,lag_06__CT1__duck_amount,CT1__duck_amount,False,3.8154516220092773,0.00021340268722269684,0.0008142276291049771
24500,78.0,0.00646442174911499,8,lag_13__T5__duck_amount,T5__duck_amount,False,-2.8989014625549316,-0.00026552274357527494,0.0007697242696919626
24500,78.0,0.00646442174911499,9,lag_00__T5__duck_amount,T5__duck_amount,False,-2.710141181945801,-0.00027037132531404495,0.0007327444631508584
24500,78.0,0.00646442174911499,10,lag_12__CT1__is_walking,CT1__is_walking,False,-2.3343825340270996,-0.000309669878333807,0.000722887955296736
24500,78.0,0.00646442174911499,11,lag_13__CT4__is_walking,CT4__is_walking,False,-2.384641170501709,-0.00029896822525188327,0.0007129319386074695
24500,78.0,0.00646442174911499,12,lag_04__T_place_MIDDLE,T_place_MIDDLE,False,1.6254756450653076,-0.00042545393807813525,-0.0006915650144431323
24500,78.0,0.00646442174911499,13,lag_14__CT5__is_walking,CT5__is_walking,False,-2.396676540374756,-0.00026758454623632133,0.0006413136045314155
24500,78.0,0.00646442174911499,14,lag_11__CT4__duck_amount,CT4__duck_amount,False,2.027921676635742,0.00027850220794789493,0.0005647806644884512
24500,78.0,0.00646442174911499,15,lag_03__CT_scoped_count,CT_scoped_count,False,-2.141930103302002,0.00026116406661458313,-0.000559395176182545
24500,78.0,0.00646442174911499,16,lag_02__CT5__duck_amount,CT5__duck_amount,False,-3.7749595642089844,0.00014747270324733108,-0.0005567034915832658
24500,78.0,0.00646442174911499,17,lag_12__CT4__is_walking,CT4__is_walking,False,2.384641170501709,0.00022991163132246584,0.0005482567416287623
24500,78.0,0.00646442174911499,18,lag_02__CT_place_PIT,CT_place_PIT,False,-4.305429458618164,-0.0001236035895999521,0.0005321665358545835
24500,78.0,0.00646442174911499,19,lag_12__T5__is_walking,T5__is_walking,False,2.3193888664245605,-0.00019659775716718286,-0.0004559866491376033
24500,78.0,0.00646442174911499,20,lag_00__CT_duck_amount_mean,CT_duck_amount_mean,False,1.0801386833190918,0.0004052779113408178,0.00043775634953398257
20052,8.5,0.006439566612243652,1,lag_12__CT_place_LIBRARY,CT_place_LIBRARY,False,6.411735534667969,0.0007258421974256635,0.00465390820979561
20052,8.5,0.006439566612243652,2,lag_07__CT_place_LIBRARY,CT_place_LIBRARY,False,-6.411735534667969,0.0005490881740115583,-0.0035206081569758574
20052,8.5,0.006439566612243652,3,lag_08__T_place_LOWERMID,T_place_LOWERMID,False,6.652692794799805,-0.00041877172770909965,-0.002785959655596193
20052,8.5,0.006439566612243652,4,lag_03__CT_place_RUINS,CT_place_RUINS,False,-3.493913173675537,-0.0003810621565207839,0.0013313980886571763
20052,8.5,0.006439566612243652,5,lag_08__CT_place_RUINS,CT_place_RUINS,False,3.493913412094116,0.00032386439852416515,0.0011315541657033745
20052,8.5,0.006439566612243652,6,lag_07__CT_place_RUINS,CT_place_RUINS,False,3.493913412094116,0.00024391416809521616,0.0008522149833076545
20052,8.5,0.006439566612243652,7,lag_06__T_place_LOWERMID,T_place_LOWERMID,False,3.3263463973999023,0.00024727918207645416,0.0008225362164520078
20052,8.5,0.006439566612243652,8,lag_03__T_place_LOWERMID,T_place_LOWERMID,False,-3.326345920562744,-0.00021848789765499532,0.000726766327057024
20052,8.5,0.006439566612243652,9,lag_05__CT_place_ARCH,CT_place_ARCH,False,-4.080447673797607,0.00014233117690309882,-0.0005807749197031253
20052,8.5,0.006439566612243652,10,lag_08__T_macro_MID,T_macro_MID,False,2.0557379722595215,-0.0002795647596940398,-0.0005747118922086458
20052,8.5,0.006439566612243652,11,lag_04__T_place_TRAMP,T_place_TRAMP,False,2.926727294921875,0.0001963553950190544,0.0005746786941074333
20052,8.5,0.006439566612243652,12,lag_11__CT_place_ARCH,CT_place_ARCH,False,4.080447673797607,-0.00010241087147733197,-0.00041788220229126496
20052,8.5,0.006439566612243652,13,lag_02__T_place_TRAMP,T_place_TRAMP,False,2.926727294921875,-0.00013826522626914084,-0.00040466461166044354
20052,8.5,0.006439566612243652,14,lag_04__T_macro_MID,T_macro_MID,False,-1.0278692245483398,-0.00035815092269331217,0.0003681323111800472
20052,8.5,0.006439566612243652,15,lag_03__T_bomb_carrier_alive,T_bomb_carrier_alive,False,-2.123861789703369,-0.0001720439177006483,0.00036539750295527806
20052,8.5,0.006439566612243652,16,lag_02__T_place_LOWERMID,T_place_LOWERMID,False,-3.3263461589813232,-0.00010183262929785997,0.00033873057532390546
20052,8.5,0.006439566612243652,17,lag_03__T_macro_MID,T_macro_MID,False,-1.0278687477111816,-0.0003262894751969725,0.0003353827542620508
20052,8.5,0.006439566612243652,18,lag_01__CT_place_RUINS,CT_place_RUINS,False,-3.493913412094116,-9.568219684297219e-05,0.00033430531084828984
20052,8.5,0.006439566612243652,19,lag_04__T_unique_places,T_unique_places,False,1.7566759586334229,-0.0001875389862107113,-0.00032944522838284154
20052,8.5,0.006439566612243652,20,lag_00__CT4__molly,CT4__molly,True,-2.4631314277648926,-0.0001275053946301341,0.0003140625447230483
22484,46.5,-0.006403982639312744,1,lag_12__CT_place_LIBRARY,CT_place_LIBRARY,False,6.411735534667969,0.0007258421974256635,0.00465390820979561
22484,46.5,-0.006403982639312744,2,lag_07__CT_place_LIBRARY,CT_place_LIBRARY,False,-6.411735534667969,0.0005490881740115583,-0.0035206081569758574
22484,46.5,-0.006403982639312744,3,lag_15__CT4__is_walking,CT4__is_walking,False,-2.384641170501709,-0.0005655502900481224,0.0013486345056379356
22484,46.5,-0.006403982639312744,4,lag_03__CT_place_RUINS,CT_place_RUINS,False,3.493913412094116,-0.0003810621565207839,-0.0013313981795094743
22484,46.5,-0.006403982639312744,5,lag_01__T3__is_walking,T3__is_walking,False,-2.3223767280578613,0.0004288530326448381,-0.0009959583027714103
22484,46.5,-0.006403982639312744,6,lag_00__CT4__is_walking,CT4__is_walking,False,-2.384641170501709,0.00041614967631176114,-0.0009923676512239854
22484,46.5,-0.006403982639312744,7,lag_09__T2__is_walking,T2__is_walking,False,2.2968344688415527,-0.0004139369120821357,-0.0009507445675960846
22484,46.5,-0.006403982639312744,8,lag_14__T2__duck_amount,T2__duck_amount,False,-3.8233180046081543,0.0002314798184670508,-0.0008850209576485024
22484,46.5,-0.006403982639312744,9,lag_01__T2__is_walking,T2__is_walking,False,-2.2968344688415527,0.00036613643169403076,-0.0008409547766135006
22484,46.5,-0.006403982639312744,10,lag_09__T5__duck_amount,T5__duck_amount,False,3.7970333099365234,-0.00022067248937673867,-0.0008379007927500903
22484,46.5,-0.006403982639312744,11,lag_10__T2__is_walking,T2__is_walking,False,-2.2968344688415527,-0.00034644853440113366,0.0007957349354921622
22484,46.5,-0.006403982639312744,12,lag_14__CT3__is_scoped,CT3__is_scoped,False,-4.548114776611328,-0.00015907805936876684,0.0007235052724497426
22484,46.5,-0.006403982639312744,13,lag_15__T2__duck_amount,T2__duck_amount,False,3.8233180046081543,-0.000188537931535393,-0.0007208404681908476
22484,46.5,-0.006403982639312744,14,lag_10__T_walking_count,T_walking_count,False,-1.5941797494888306,-0.0004313217359595001,0.0006876043769810034
22484,46.5,-0.006403982639312744,15,lag_00__T2__duck_amount,T2__duck_amount,False,-1.3791260719299316,-0.00044543834519572556,0.0006143156352967499
22484,46.5,-0.006403982639312744,16,lag_07__T_duck_amount_mean,T_duck_amount_mean,False,-2.9079365730285645,-0.000210894548217766,0.0006132679698147778
22484,46.5,-0.006403982639312744,17,lag_05__T3__is_walking,T3__is_walking,False,-2.3223767280578613,-0.0002565539034549147,0.0005958148148760972
22484,46.5,-0.006403982639312744,18,lag_01__T_walking_count,T_walking_count,False,-1.594179630279541,0.0003355855878908187,-0.0005349837084309278
22484,46.5,-0.006403982639312744,19,lag_01__T3__duck_amount,T3__duck_amount,False,2.854759454727173,-0.0001800697937142104,-0.0005140559461164138
22484,46.5,-0.006403982639312744,20,lag_04__T2__is_walking,T2__is_walking,False,2.2968344688415527,0.00022318522678688169,0.0005126195218203289
22356,44.5,-0.006384432315826416,1,lag_08__CT_place_LIBRARY,CT_place_LIBRARY,False,6.411735534667969,0.0006526836077682674,0.004184834680823091
22356,44.5,-0.006384432315826416,2,lag_10__CT3__is_scoped,CT3__is_scoped,False,-4.548114776611328,0.0003579595359042287,-0.0016280410546749557
22356,44.5,-0.006384432315826416,3,lag_15__CT3__duck_amount,CT3__duck_amount,False,3.7208433151245117,0.000294158176984638,0.0010945164864225032
22356,44.5,-0.006384432315826416,4,lag_01__T3__is_walking,T3__is_walking,False,-2.3223767280578613,0.0004288530326448381,-0.0009959583027714103
22356,44.5,-0.006384432315826416,5,lag_15__T1__is_walking,T1__is_walking,False,-2.281590461730957,-0.0004290357755962759,0.0009788839333418065
22356,44.5,-0.006384432315826416,6,lag_14__T1__is_walking,T1__is_walking,False,2.281590461730957,-0.0004045722307637334,-0.0009230681427917498
22356,44.5,-0.006384432315826416,7,lag_15__CT5__duck_amount,CT5__duck_amount,False,-3.7749595642089844,0.00022589717991650105,-0.0008527527198536333
22356,44.5,-0.006384432315826416,8,lag_03__T1__duck_amount,T1__duck_amount,False,-3.915480136871338,0.00020384133676998317,-0.0007981367051961702
22356,44.5,-0.006384432315826416,9,lag_10__T2__is_walking,T2__is_walking,False,2.2968344688415527,-0.00034644853440113366,-0.0007957349354921622
22356,44.5,-0.006384432315826416,10,lag_15__CT_walking_count,CT_walking_count,False,1.7948952913284302,-0.0004166544822510332,-0.0007478511683032645
22356,44.5,-0.006384432315826416,11,lag_08__CT_place_PIT,CT_place_PIT,False,-4.305429458618164,0.0001649229961913079,-0.0007100643262056283
22356,44.5,-0.006384432315826416,12,lag_10__T_walking_count,T_walking_count,False,1.5941797494888306,-0.0004313217359595001,-0.0006876043769810034
22356,44.5,-0.006384432315826416,13,lag_05__T5__duck_amount,T5__duck_amount,False,3.7970333099365234,-0.00016404292546212673,-0.0006228764522391295
22356,44.5,-0.006384432315826416,14,lag_03__CT_place_LIBRARY,CT_place_LIBRARY,False,-6.411735534667969,-9.244997636415064e-05,0.0005927647986332385
22356,44.5,-0.006384432315826416,15,lag_13__T1__is_walking,T1__is_walking,False,-2.281590461730957,-0.00024934482644312084,0.0005689027776945854
22356,44.5,-0.006384432315826416,16,lag_02__T2__is_walking,T2__is_walking,False,-2.2968344688415527,0.00023686708300374448,-0.0005440444807769534
22356,44.5,-0.006384432315826416,17,lag_13__CT_place_RUINS,CT_place_RUINS,False,-3.493913412094116,0.00015553059347439557,-0.0005434104265311483
22356,44.5,-0.006384432315826416,18,lag_15__CT2__is_walking,CT2__is_walking,False,2.360051155090332,-0.00021865716553293169,-0.0005160420960847734
22356,44.5,-0.006384432315826416,19,lag_11__T2__duck_amount,T2__duck_amount,False,3.8233180046081543,0.0001307188649661839,0.000499779789967153
22356,44.5,-0.006384432315826416,20,lag_13__T_duck_amount_mean,T_duck_amount_mean,False,2.9079365730285645,-0.00015365282888524234,-0.00044681268066469604
24276,74.5,-0.006198883056640625,1,lag_11__CT_place_LIBRARY,CT_place_LIBRARY,False,6.411735534667969,0.0009371645865030587,0.006008851481114075
24276,74.5,-0.006198883056640625,2,lag_02__CT3__is_scoped,CT3__is_scoped,False,4.548114776611328,0.00037722685374319553,0.001715671027644028
24276,74.5,-0.006198883056640625,3,lag_07__CT_place_PIT,CT_place_PIT,False,-4.305429458618164,0.00033412224729545414,-0.0014385397662855515
24276,74.5,-0.006198883056640625,4,lag_01__CT3__duck_amount,CT3__duck_amount,False,-3.7208433151245117,0.00034891071845777333,-0.0012982421143488965
24276,74.5,-0.006198883056640625,5,lag_10__T3__is_walking,T3__is_walking,False,-2.3223767280578613,-0.000508095312397927,0.0011799887291482347
24276,74.5,-0.006198883056640625,6,lag_05__CT_place_PIT,CT_place_PIT,False,4.305429458618164,-0.00025964624364860356,-0.0011178885862242471
24276,74.5,-0.006198883056640625,7,lag_12__T1__is_walking,T1__is_walking,False,-2.281590461730957,-0.00046226225094869733,0.0010546931425828299
24276,74.5,-0.006198883056640625,8,lag_13__T5__duck_amount,T5__duck_amount,False,3.7970333099365234,-0.00026552274357527494,-0.001008198701901053
24276,74.5,-0.006198883056640625,9,lag_02__CT3__duck_amount,CT3__duck_amount,False,3.7208433151245117,0.0002561902510933578,0.0009532437831807905
24276,74.5,-0.006198883056640625,10,lag_07__CT5__duck_amount,CT5__duck_amount,False,3.7749595642089844,-0.00021388694585766643,-0.0008074145719248471
24276,74.5,-0.006198883056640625,11,lag_03__T5__duck_amount,T5__duck_amount,False,3.7970333099365234,-0.00020453710749279708,-0.0007766342102682178
24276,74.5,-0.006198883056640625,12,lag_15__CT_walking_count,CT_walking_count,False,1.7948954105377197,-0.0004166544822510332,-0.0007478512179723493
24276,74.5,-0.006198883056640625,13,lag_10__CT1__duck_amount,CT1__duck_amount,False,2.1918230056762695,-0.0003316364891361445,-0.0007268884864103098
24276,74.5,-0.006198883056640625,14,lag_10__T1__is_walking,T1__is_walking,False,2.281590461730957,-0.00028323993319645524,-0.0006462375299623457
24276,74.5,-0.006198883056640625,15,lag_08__CT1__duck_amount,CT1__duck_amount,False,-3.697669506072998,0.00016703804431017488,-0.0006176514827998039
24276,74.5,-0.006198883056640625,16,lag_09__T3__is_walking,T3__is_walking,False,2.3223767280578613,-0.00026113848434761167,-0.0006064619388491954
24276,74.5,-0.006198883056640625,17,lag_06__T3__is_walking,T3__is_walking,False,2.3223767280578613,-0.00022661335242446512,-0.0005262815759377523
24276,74.5,-0.006198883056640625,18,lag_06__T5__duck_amount,T5__duck_amount,False,-2.8989014625549316,-0.00017637024575378746,0.0005112799633668272
24276,74.5,-0.006198883056640625,19,lag_15__CT1__is_walking,CT1__is_walking,False,2.3343825340270996,-0.00021444071899168193,-0.0005005866689983957
24276,74.5,-0.006198883056640625,20,lag_04__CT1__duck_amount,CT1__duck_amount,False,-3.645623207092285,-0.000127846171380952,0.00046607896932429616
25652,96.0,0.005942821502685547,1,lag_10__T_place_QUAD,T_place_QUAD,False,-24.086305618286133,0.0009695150656625628,-0.023352036173081236
25652,96.0,0.005942821502685547,2,lag_09__T_place_QUAD,T_place_QUAD,False,-24.086301803588867,0.000695821363478899,-0.01675976336213747
25652,96.0,0.005942821502685547,3,lag_11__T_place_QUAD,T_place_QUAD,False,24.086305618286133,0.0005895704962313175,0.014200575155752126
25652,96.0,0.005942821502685547,4,lag_13__T_place_QUAD,T_place_QUAD,False,24.086301803588867,0.0005037725204601884,0.012134016968158745
25652,96.0,0.005942821502685547,5,lag_08__T_place_ARCH,T_place_ARCH,False,9.303513526916504,0.0006047689239494503,0.005626475864622449
25652,96.0,0.005942821502685547,6,lag_09__CT3__is_scoped,CT3__is_scoped,False,-4.548114776611328,0.0004836305452045053,-0.0021996072290652036
25652,96.0,0.005942821502685547,7,lag_05__CT3__is_scoped,CT3__is_scoped,False,4.548114776611328,0.0003418294945731759,0.0015546797753498431
25652,96.0,0.005942821502685547,8,lag_05__CT3__duck_amount,CT3__duck_amount,False,3.417881488800049,0.00039905583253130317,0.0013639255430064334
25652,96.0,0.005942821502685547,9,lag_01__CT3__duck_amount,CT3__duck_amount,False,3.7208433151245117,0.00034891071845777333,0.0012982421143488965
25652,96.0,0.005942821502685547,10,lag_11__CT3__is_scoped,CT3__is_scoped,False,4.548114776611328,0.00023004694958217442,0.0010462799307090487
25652,96.0,0.005942821502685547,11,lag_03__CT1__duck_amount,CT1__duck_amount,False,3.3287177085876465,-0.000267673545749858,-0.000891009671857998
25652,96.0,0.005942821502685547,12,lag_09__T5__duck_amount,T5__duck_amount,False,-3.7970333099365234,-0.00022067248937673867,0.0008379007927500903
25652,96.0,0.005942821502685547,13,lag_04__CT_place_RUINS,CT_place_RUINS,False,-3.493913412094116,-0.00021982958423905075,0.0007680655327478927
25652,96.0,0.005942821502685547,14,lag_12__CT1__is_walking,CT1__is_walking,False,2.3343825340270996,-0.000309669878333807,-0.000722887955296736
25652,96.0,0.005942821502685547,15,lag_05__damage_diff_last_5s,damage_diff_last_5s,False,2.07550048828125,0.00029482506215572357,0.0006119095604617542
25652,96.0,0.005942821502685547,16,lag_08__T_place_TOPOFMID,T_place_TOPOFMID,False,-2.0359649658203125,-0.0002882838307414204,0.0005869357796020047
25652,96.0,0.005942821502685547,17,lag_05__CT_kills_last_3s,CT_kills_last_3s,False,2.8871407508850098,0.00019618053920567036,0.0005664008292712852
25652,96.0,0.005942821502685547,18,lag_13__CT_place_RUINS,CT_place_RUINS,False,3.493913412094116,0.00015553059347439557,0.0005434104265311483
25652,96.0,0.005942821502685547,19,lag_03__CT_shots_fired_sum,CT_shots_fired_sum,False,2.778964042663574,-0.0001893786684377119,-0.0005262765100359085
25652,96.0,0.005942821502685547,20,lag_03__CT_kills_last_3s,CT_kills_last_3s,False,2.8871402740478516,-0.00017907626170199364,-0.0005170182872857587
19988,7.5,0.005917191505432129,1,lag_10__CT_place_LIBRARY,CT_place_LIBRARY,False,6.411735534667969,0.0004436760500539094,0.0028447334960117754
19988,7.5,0.005917191505432129,2,lag_05__CT_place_LIBRARY,CT_place_LIBRARY,False,-6.411735534667969,0.0003891380038112402,-0.0024950499669262882
19988,7.5,0.005917191505432129,3,lag_06__T_place_LOWERMID,T_place_LOWERMID,False,6.652692794799805,0.00024727918207645416,0.0016450724329040156
19988,7.5,0.005917191505432129,4,lag_05__T_place_LOWERMID,T_place_LOWERMID,False,6.6526923179626465,0.00021162100892979652,0.001407849460426762
19988,7.5,0.005917191505432129,5,lag_15__CT_place_CTSPAWN,CT_place_CTSPAWN,False,4.78255033493042,-0.0002478657406754792,-0.0011854303810852895
19988,7.5,0.005917191505432129,6,lag_00__CT_place_RUINS,CT_place_RUINS,False,-3.493913412094116,-0.00031822131131775677,0.0011118377076272876
19988,7.5,0.005917191505432129,7,lag_15__T_place_TSPAWN,T_place_TSPAWN,False,4.428390979766846,-0.0001880935305962339,-0.0008329516942448614
19988,7.5,0.005917191505432129,8,lag_00__T_place_LOWERMID,T_place_LOWERMID,False,-3.3263461589813232,0.00023166749451775104,-0.0007706062805499479
19988,7.5,0.005917191505432129,9,lag_04__CT_place_RUINS,CT_place_RUINS,False,3.493913173675537,-0.00021982958423905075,-0.0007680654803364356
19988,7.5,0.005917191505432129,10,lag_02__T_place_LOWERMID,T_place_LOWERMID,False,-6.652692794799805,-0.00010183262929785997,0.0006774611992053925
19988,7.5,0.005917191505432129,11,lag_15__CT3__flash,CT3__flash,True,3.01554012298584,0.00017303820641245693,0.0005218036542462695
19988,7.5,0.005917191505432129,12,lag_00__T_place_TRAMP,T_place_TRAMP,False,2.926727294921875,0.00017770074191503227,0.0005200816116905926
19988,7.5,0.005917191505432129,13,lag_01__T_bomb_carrier_alive,T_bomb_carrier_alive,False,-2.123861789703369,-0.00021747397840954363,0.0004618846729988052
19988,7.5,0.005917191505432129,14,lag_15__CT_walking_count,CT_walking_count,False,-1.0355465412139893,-0.0004166544822510332,0.0004314651079763629
19988,7.5,0.005917191505432129,15,lag_15__CT3__utility_total,CT3__utility_total,True,2.9974148273468018,0.00013512777513824403,0.0004050339967857572
19988,7.5,0.005917191505432129,16,lag_02__T_place_TRAMP,T_place_TRAMP,False,2.926727294921875,-0.00013826522626914084,-0.00040466461166044354
19988,7.5,0.005917191505432129,17,lag_04__T_macro_MID,T_macro_MID,False,1.0278692245483398,-0.00035815092269331217,-0.0003681323111800472
19988,7.5,0.005917191505432129,18,lag_05__CT_place_RUINS,CT_place_RUINS,False,3.493913412094116,0.00010501671204110608,0.0003669192986944462
19988,7.5,0.005917191505432129,19,lag_15__CT_molly_inv,CT_molly_inv,True,2.9876954555511475,0.00011598294076975435,0.000346521705059253
19988,7.5,0.005917191505432129,20,lag_01__CT_place_RUINS,CT_place_RUINS,False,-3.493913173675537,-9.568219684297219e-05,0.0003343052880358764
21588,32.5,-0.0058383941650390625,1,lag_11__T2__shots_fired,T2__shots_fired,False,-15.297529220581055,0.00033081177389249206,-0.00506060277763265
21588,32.5,-0.0058383941650390625,2,lag_09__CT_place_LIBRARY,CT_place_LIBRARY,False,-6.411735534667969,0.0007052535656839609,-0.0045218993480471426
21588,32.5,-0.0058383941650390625,3,lag_10__CT_shots_fired_sum,CT_shots_fired_sum,False,-11.81059741973877,0.0003189623821526766,-0.0037671362876461334
21588,32.5,-0.0058383941650390625,4,lag_14__CT_place_LIBRARY,CT_place_LIBRARY,False,6.411735534667969,0.0005110358470119536,0.0032766266997756865
21588,32.5,-0.0058383941650390625,5,lag_11__T_shots_fired_sum,T_shots_fired_sum,False,-19.493162155151367,0.0001624748983886093,-0.0031671495404309025
21588,32.5,-0.0058383941650390625,6,lag_00__CT3__is_scoped,CT3__is_scoped,False,4.548114776611328,0.0006683309911750257,0.0030396460566304295
21588,32.5,-0.0058383941650390625,7,lag_15__T5__duck_amount,T5__duck_amount,False,3.4749693870544434,0.0004413787683006376,0.0015337777079405118
21588,32.5,-0.0058383941650390625,8,lag_03__T3__flash_duration,T3__flash_duration,True,8.012818336486816,0.00018784582789521664,0.0015051744941913386
21588,32.5,-0.0058383941650390625,9,lag_00__damage_diff_last_5s,damage_diff_last_5s,False,-1.7145439386367798,0.0008297653403133154,-0.0014226691347250797
21588,32.5,-0.0058383941650390625,10,lag_15__CT4__is_walking,CT4__is_walking,False,-2.384641170501709,-0.0005655502900481224,0.0013486345056379356
21588,32.5,-0.0058383941650390625,11,lag_10__T3__is_walking,T3__is_walking,False,2.3223767280578613,-0.000508095312397927,-0.0011799887291482347
21588,32.5,-0.0058383941650390625,12,lag_11__CT4__duck_amount,CT4__duck_amount,False,3.6725916862487793,0.00027850220794789493,0.0010228248935113676
21588,32.5,-0.0058383941650390625,13,lag_01__T3__is_walking,T3__is_walking,False,-2.3223767280578613,0.0004288530326448381,-0.0009959583027714103
21588,32.5,-0.0058383941650390625,14,lag_00__T5__duck_amount,T5__duck_amount,False,-3.6478610038757324,-0.00027037132531404495,0.0009862770141793042
21588,32.5,-0.0058383941650390625,15,lag_15__T2__shots_fired,T2__shots_fired,False,2.9418323040008545,0.00033066037576645613,0.0009727473750828219
21588,32.5,-0.0058383941650390625,16,lag_09__T_place_TRAMP,T_place_TRAMP,False,-2.926727294921875,0.00032117438968271017,-0.0009399898527142625
21588,32.5,-0.0058383941650390625,17,lag_13__T2__shots_fired,T2__shots_fired,False,2.9418325424194336,0.00031120426137931645,0.0009155108234652765
21588,32.5,-0.0058383941650390625,18,lag_09__CT_place_BALCONY,CT_place_BALCONY,False,-6.417822360992432,0.0001424741349183023,-0.0009143736889417331
21588,32.5,-0.0058383941650390625,19,lag_01__T5__duck_amount,T5__duck_amount,False,2.3720791339874268,-0.00038160450640134513,-0.0009051960870702022
21588,32.5,-0.0058383941650390625,20,lag_13__T3__is_walking,T3__is_walking,False,2.3223767280578613,-0.0003833354276139289,-0.0008902492761306974
25844,99.0,0.005823016166687012,1,lag_15__T_place_QUAD,T_place_QUAD,False,-24.086301803588867,0.0002682017511688173,-0.006459988322903176
25844,99.0,0.005823016166687012,2,lag_04__T_place_ARCH,T_place_ARCH,False,-9.303513526916504,0.00046369078336283565,-0.004313953475322652
25844,99.0,0.005823016166687012,3,lag_14__T_place_ARCH,T_place_ARCH,False,9.303513526916504,0.0004279305867385119,0.003981258002303062
25844,99.0,0.005823016166687012,4,lag_01__T_duck_amount_mean,T_duck_amount_mean,False,5.815873622894287,-0.00031267176382243633,-0.0018184594638387397
25844,99.0,0.005823016166687012,5,lag_15__T5__duck_amount,T5__duck_amount,False,-3.7970333099365234,0.0004413787683006376,-0.0016759298855362759
25844,99.0,0.005823016166687012,6,lag_02__T5__flash_duration,T5__flash_duration,True,4.755908966064453,0.00033558637369424105,0.0015960182435414971
25844,99.0,0.005823016166687012,7,lag_07__CT3__duck_amount,CT3__duck_amount,False,3.7208433151245117,0.0004050003772135824,0.0015069429461780637
25844,99.0,0.005823016166687012,8,lag_01__T5__duck_amount,T5__duck_amount,False,3.7970333099365234,-0.00038160450640134513,-0.0014489650220277928
25844,99.0,0.005823016166687012,9,lag_11__CT3__is_scoped,CT3__is_scoped,False,4.548114776611328,0.00023004694958217442,0.0010462799307090487
25844,99.0,0.005823016166687012,10,lag_00__T5__duck_amount,T5__duck_amount,False,-3.7970333099365234,-0.00027037132531404495,0.0010266089282691127
25844,99.0,0.005823016166687012,11,lag_09__CT_kills_last_3s,CT_kills_last_3s,False,2.8871402740478516,0.00034981704084202647,0.0010099708671632568
25844,99.0,0.005823016166687012,12,lag_01__damage_diff_last_5s,damage_diff_last_5s,False,-2.075500726699829,0.0004488878767006099,-0.0009316671142988592
25844,99.0,0.005823016166687012,13,lag_10__CT_shots_fired_sum,CT_shots_fired_sum,False,-2.778964042663574,0.0003189623821526766,-0.000886384990964606
25844,99.0,0.005823016166687012,14,lag_09__CT1__duck_amount,CT1__duck_amount,False,3.3287177085876465,-0.00026122666895389557,-0.000869549838902195
25844,99.0,0.005823016166687012,15,lag_01__T_shots_fired_sum,T_shots_fired_sum,False,2.998948335647583,0.000275840749964118,0.0008272321580086728
25844,99.0,0.005823016166687012,16,lag_00__CT_flashed_players,CT_flashed_players,False,-2.1899399757385254,-0.000364628154784441,0.000798513772442222
25844,99.0,0.005823016166687012,17,lag_08__CT_shots_fired_sum,CT_shots_fired_sum,False,-4.168446063995361,-0.0001744178298395127,0.0007270513162851294
25844,99.0,0.005823016166687012,18,lag_08__CT1__duck_amount,CT1__duck_amount,False,-3.8154516220092773,0.00016703804431017488,-0.0006373255771005143
25844,99.0,0.005823016166687012,19,lag_00__T_duck_amount_mean,T_duck_amount_mean,False,-5.815873622894287,-0.0001092356615117751,0.0006353008024657415
25844,99.0,0.005823016166687012,20,lag_11__bomb_events_last_5s,bomb_events_last_5s,False,2.0894012451171875,0.00029330982943065464,0.0006128419228175197
24340,75.5,0.0057340264320373535,1,lag_13__CT_place_LIBRARY,CT_place_LIBRARY,False,6.411735534667969,0.0005532740033231676,0.0035474465875151573
24340,75.5,0.0057340264320373535,2,lag_01__CT1__duck_amount,CT1__duck_amount,False,3.8154516220092773,0.00045662434422411025,0.001742228094818804
24340,75.5,0.0057340264320373535,3,lag_15__T5__duck_amount,T5__duck_amount,False,3.7970333099365234,0.0004413787683006376,0.0016759298855362759
24340,75.5,0.0057340264320373535,4,lag_05__CT3__duck_amount,CT3__duck_amount,False,-3.7208433151245117,0.00039905583253130317,-0.001484824226835546
24340,75.5,0.0057340264320373535,5,lag_07__CT_place_PIT,CT_place_PIT,False,4.305429458618164,0.00033412224729545414,0.0014385397662855515
24340,75.5,0.0057340264320373535,6,lag_08__T3__is_walking,T3__is_walking,False,2.3223767280578613,-0.0005422991816885769,-0.001259422999198373
24340,75.5,0.0057340264320373535,7,lag_10__CT1__duck_amount,CT1__duck_amount,False,-3.697669506072998,-0.0003316364891361445,0.0012262821329798307
24340,75.5,0.0057340264320373535,8,lag_13__CT1__is_walking,CT1__is_walking,False,2.3343825340270996,-0.000511849473696202,-0.0011948524714473774
24340,75.5,0.0057340264320373535,9,lag_12__T1__is_walking,T1__is_walking,False,2.281590461730957,-0.00046226225094869733,-0.0010546931425828299
24340,75.5,0.0057340264320373535,10,lag_00__CT4__is_walking,CT4__is_walking,False,-2.384641170501709,0.00041614967631176114,-0.0009923676512239854
24340,75.5,0.0057340264320373535,11,lag_14__T1__is_walking,T1__is_walking,False,-2.281590461730957,-0.0004045722307637334,0.0009230681427917498
24340,75.5,0.0057340264320373535,12,lag_01__T2__is_walking,T2__is_walking,False,-2.2968344688415527,0.00036613643169403076,-0.0008409547766135006
24340,75.5,0.0057340264320373535,13,lag_12__CT1__duck_amount,CT1__duck_amount,False,2.1918230056762695,0.00036668599932454526,0.0008037108091789313
24340,75.5,0.0057340264320373535,14,lag_06__CT1__duck_amount,CT1__duck_amount,False,-3.645623207092285,0.00021340268722269684,-0.0007779857889949199
24340,75.5,0.0057340264320373535,15,lag_04__CT3__is_scoped,CT3__is_scoped,False,4.548114776611328,-0.00016543063975404948,-0.0007523975371696578
24340,75.5,0.0057340264320373535,16,lag_12__CT1__is_walking,CT1__is_walking,False,-2.3343825340270996,-0.000309669878333807,0.000722887955296736
24340,75.5,0.0057340264320373535,17,lag_06__CT3__duck_amount,CT3__duck_amount,False,3.7208433151245117,0.00018562973127700388,0.0006906991447103994
24340,75.5,0.0057340264320373535,18,lag_07__CT4__is_walking,CT4__is_walking,False,2.384641170501709,0.0002773735031951219,0.000661436275325375
24340,75.5,0.0057340264320373535,19,lag_00__CT1__duck_amount,CT1__duck_amount,False,-3.8154516220092773,0.0001692525256657973,-0.0006457748235807331
24340,75.5,0.0057340264320373535,20,lag_05__T5__duck_amount,T5__duck_amount,False,3.7970333099365234,-0.00016404292546212673,-0.0006228764522391295
19860,5.5,0.0056307315826416016,1,lag_06__CT_place_LIBRARY,CT_place_LIBRARY,False,6.411735534667969,0.00036129826912656426,0.002316548950772823
19860,5.5,0.0056307315826416016,2,lag_01__CT_place_LIBRARY,CT_place_LIBRARY,False,-6.411735534667969,0.00026709443773142993,-0.0017125388975147704
19860,5.5,0.0056307315826416016,3,lag_00__CT_place_RUINS,CT_place_RUINS,False,3.493913173675537,-0.00031822131131775677,-0.0011118376317574147
19860,5.5,0.0056307315826416016,4,lag_10__CT_velocity_mean,CT_velocity_mean,False,3.392946720123291,0.0002459374663885683,0.0008344527199385249
19860,5.5,0.0056307315826416016,5,lag_11__CT_place_CTSPAWN,CT_place_CTSPAWN,False,4.78255033493042,-0.00016871177649591118,-0.0008068725631872262
19860,5.5,0.0056307315826416016,6,lag_00__T_place_LOWERMID,T_place_LOWERMID,False,3.3263463973999023,0.00023166749451775104,0.0007706063357837828
19860,5.5,0.0056307315826416016,7,lag_02__T_place_LOWERMID,T_place_LOWERMID,False,6.652692794799805,-0.00010183262929785997,-0.0006774611992053925
19860,5.5,0.0056307315826416016,8,lag_05__CT_place_ARCH,CT_place_ARCH,False,4.080447673797607,0.00014233117690309882,0.0005807749197031253
19860,5.5,0.0056307315826416016,9,lag_10__T_velocity_mean,T_velocity_mean,False,3.5335803031921387,0.00014565818128176033,0.0005146948803760182
19860,5.5,0.0056307315826416016,10,lag_11__CT_unique_places,CT_unique_places,False,-1.6410033702850342,0.0002104737504851073,-0.00034538813390259243
19860,5.5,0.0056307315826416016,11,lag_01__CT_place_RUINS,CT_place_RUINS,False,3.493913412094116,-9.568219684297219e-05,-0.00033430531084828984
19860,5.5,0.0056307315826416016,12,lag_01__T_macro_MID,T_macro_MID,False,2.0557377338409424,-0.00015599439211655408,-0.00032068355814158025
19860,5.5,0.0056307315826416016,13,lag_02__CT_place_RUINS,CT_place_RUINS,False,3.493913412094116,-8.480324322590604e-05,-0.00029629518889607263
19860,5.5,0.0056307315826416016,14,lag_00__T_place_TSPAWN,T_place_TSPAWN,False,-0.9492050409317017,-0.0003094920830335468,0.0002937714453438954
19860,5.5,0.0056307315826416016,15,lag_01__CT_place_BOMBSITEA,CT_place_BOMBSITEA,False,1.300473690032959,0.00022576159972231835,0.0002935970206586272
19860,5.5,0.0056307315826416016,16,lag_01__CT_macro_A,CT_macro_A,False,1.300473690032959,0.00022576159972231835,0.0002935970206586272
19860,5.5,0.0056307315826416016,17,lag_02__T_macro_MID,T_macro_MID,False,2.0557379722595215,-0.00013087897968944162,-0.0002690528883181678
19860,5.5,0.0056307315826416016,18,lag_11__CT_molly_inv,CT_molly_inv,True,2.9876954555511475,8.650703239254653e-05,0.0002584566675524272
19860,5.5,0.0056307315826416016,19,lag_11__T4__has_bomb,T4__has_bomb,False,2.2795095443725586,-0.00011012427421519533,-0.0002510293341406386
19860,5.5,0.0056307315826416016,20,lag_11__CT1__X,CT1__X,False,1.7887383699417114,0.00013738416600972414,0.00024574432916403544
22516,47.0,-0.00547415018081665,1,lag_08__CT_place_LIBRARY,CT_place_LIBRARY,False,-6.411735534667969,0.0006526836077682674,-0.004184834680823091
22516,47.0,-0.00547415018081665,2,lag_13__CT_place_LIBRARY,CT_place_LIBRARY,False,6.411735534667969,0.0005532740033231676,0.0035474465875151573
22516,47.0,-0.00547415018081665,3,lag_15__CT4__is_walking,CT4__is_walking,False,2.384641170501709,-0.0005655502900481224,-0.0013486345056379356
22516,47.0,-0.00547415018081665,4,lag_08__T3__is_walking,T3__is_walking,False,2.3223767280578613,-0.0005422991816885769,-0.001259422999198373
22516,47.0,-0.00547415018081665,5,lag_01__T2__is_walking,T2__is_walking,False,2.2968344688415527,0.00036613643169403076,0.0008409547766135006
22516,47.0,-0.00547415018081665,6,lag_10__T2__is_walking,T2__is_walking,False,2.2968344688415527,-0.00034644853440113366,-0.0007957349354921622
22516,47.0,-0.00547415018081665,7,lag_03__CT_B_site_active_infernos,CT_B_site_active_infernos,True,3.435478687286377,-0.00023001119552645832,-0.0007901985600684072
22516,47.0,-0.00547415018081665,8,lag_04__CT_place_RUINS,CT_place_RUINS,False,3.493913412094116,-0.00021982958423905075,-0.0007680655327478927
22516,47.0,-0.00547415018081665,9,lag_08__T1__duck_amount,T1__duck_amount,False,-3.915480136871338,-0.0001930168509716168,0.0007557536460608208
22516,47.0,-0.00547415018081665,10,lag_08__T3__duck_amount,T3__duck_amount,False,-3.7704498767852783,-0.00019314790552016348,0.000728254496569835
22516,47.0,-0.00547415018081665,11,lag_15__T2__duck_amount,T2__duck_amount,False,-3.8233180046081543,-0.000188537931535393,0.0007208404681908476
22516,47.0,-0.00547415018081665,12,lag_11__T2__is_walking,T2__is_walking,False,-2.2968344688415527,-0.0002626851201057434,0.0006033442383106546
22516,47.0,-0.00547415018081665,13,lag_08__T_duck_amount_mean,T_duck_amount_mean,False,-2.9079365730285645,-0.00020384615345392376,0.0005927716848998579
22516,47.0,-0.00547415018081665,14,lag_15__T2__is_walking,T2__is_walking,False,2.2968344688415527,-0.0002563920570537448,-0.000588890114178231
22516,47.0,-0.00547415018081665,15,lag_02__T2__is_walking,T2__is_walking,False,-2.2968344688415527,0.00023686708300374448,-0.0005440444807769534
22516,47.0,-0.00547415018081665,16,lag_06__T3__is_walking,T3__is_walking,False,-2.3223767280578613,-0.00022661335242446512,0.0005262815759377523
22516,47.0,-0.00547415018081665,17,lag_01__T3__duck_amount,T3__duck_amount,False,-2.854759454727173,-0.0001800697937142104,0.0005140559461164138
22516,47.0,-0.00547415018081665,18,lag_01__T_duck_amount_mean,T_duck_amount_mean,False,-1.6253255605697632,-0.00031267176382243633,0.0005081934098090379
22516,47.0,-0.00547415018081665,19,lag_10__CT1__duck_amount,CT1__duck_amount,False,-1.5201579332351685,-0.0003316364891361445,0.0005041398399105688
22516,47.0,-0.00547415018081665,20,lag_15__T5__is_walking,T5__is_walking,False,2.3193888664245605,-0.00021321502572391182,-0.0004945285568184674
20148,10.0,0.00530850887298584,1,lag_15__CT_place_LIBRARY,CT_place_LIBRARY,False,6.411735534667969,0.0004869953263550997,0.003122485239208217
20148,10.0,0.00530850887298584,2,lag_10__CT_place_LIBRARY,CT_place_LIBRARY,False,-6.411735534667969,0.0004436760500539094,-0.0028447334960117754
20148,10.0,0.00530850887298584,3,lag_11__T_place_LOWERMID,T_place_LOWERMID,False,6.652692794799805,-0.0002834196202456951,-0.0018855036655134327
20148,10.0,0.00530850887298584,4,lag_06__T_place_TRAMP,T_place_TRAMP,False,2.926727533340454,-0.00036285584792494774,-0.0010619802007555412
20148,10.0,0.00530850887298584,5,lag_11__CT_place_RUINS,CT_place_RUINS,False,3.493913412094116,0.00029458990320563316,0.0010292716138776692
20148,10.0,0.00530850887298584,6,lag_05__T_place_TRAMP,T_place_TRAMP,False,2.926727294921875,-0.00029574910877272487,-0.0008655769890939524
20148,10.0,0.00530850887298584,7,lag_06__T_place_LOWERMID,T_place_LOWERMID,False,-3.326345920562744,0.00024727918207645416,-0.0008225360985401053
20148,10.0,0.00530850887298584,8,lag_09__T_place_LOWERMID,T_place_LOWERMID,False,3.3263463973999023,-0.00024689597194083035,-0.0008212615267979284
20148,10.0,0.00530850887298584,9,lag_01__CT_place_BANANA,CT_place_BANANA,False,2.960339307785034,0.0002702846541069448,0.0008001342858438704
20148,10.0,0.00530850887298584,10,lag_04__CT_place_RUINS,CT_place_RUINS,False,-3.493913412094116,-0.00021982958423905075,0.0007680655327478927
20148,10.0,0.00530850887298584,11,lag_05__T_place_LOWERMID,T_place_LOWERMID,False,-3.3263461589813232,0.00021162100892979652,-0.000703924730213381
20148,10.0,0.00530850887298584,12,lag_10__T_place_LOWERMID,T_place_LOWERMID,False,6.6526923179626465,-0.0001029748164000921,-0.0006850597700085066
20148,10.0,0.00530850887298584,13,lag_00__CT1__duck_amount,CT1__duck_amount,False,3.8154516220092773,0.0001692525256657973,0.0006457748235807331
20148,10.0,0.00530850887298584,14,lag_14__CT_place_ARCH,CT_place_ARCH,False,4.080447673797607,0.00014773794100619853,0.0006028369377103909
20148,10.0,0.00530850887298584,15,lag_04__T_place_TRAMP,T_place_TRAMP,False,2.926727294921875,0.0001963553950190544,0.0005746786941074333
20148,10.0,0.00530850887298584,16,lag_00__CT_place_BANANA,CT_place_BANANA,False,2.9603395462036133,0.00018233514856547117,0.0005397739509612753
20148,10.0,0.00530850887298584,17,lag_11__T_macro_MID,T_macro_MID,False,2.0557379722595215,-0.0002471095067448914,-0.0005079923963217936
20148,10.0,0.00530850887298584,18,lag_10__T_macro_MID,T_macro_MID,False,2.0557377338409424,-0.00024190754629671574,-0.0004972984710230333
20148,10.0,0.00530850887298584,19,lag_00__CT_duck_amount_mean,CT_duck_amount_mean,False,1.197706937789917,0.0004052779113408178,0.00048540416614590437
20148,10.0,0.00530850887298584,20,lag_09__CT_place_RUINS,CT_place_RUINS,False,3.493913173675537,-0.00013475485320668668,-0.00047082175683555577
20436,14.5,0.0053015947341918945,1,lag_06__CT3__is_scoped,CT3__is_scoped,False,4.548114776611328,0.0006244489923119545,0.002840065689174054
20436,14.5,0.0053015947341918945,2,lag_10__T_place_TRAMP,T_place_TRAMP,False,-5.85345458984375,0.00036444750730879605,-0.002133276934413786
20436,14.5,0.0053015947341918945,3,lag_00__T3__flash_duration,T3__flash_duration,True,4.344386577606201,0.0004666921158786863,0.0020274909640980027
20436,14.5,0.0053015947341918945,4,lag_15__CT_place_RUINS,CT_place_RUINS,False,-3.493913173675537,0.0005673986743204296,-0.0019824417029341845
20436,14.5,0.0053015947341918945,5,lag_15__T_place_LOWERMID,T_place_LOWERMID,False,-3.326345920562744,0.0005954690277576447,-0.0019807359713031047
20436,14.5,0.0053015947341918945,6,lag_02__CT5__flash_duration,CT5__flash_duration,True,7.546695709228516,0.00024430148187093437,0.0018436689449935484
20436,14.5,0.0053015947341918945,7,lag_05__CT3__is_scoped,CT3__is_scoped,False,-4.548114776611328,0.0003418294945731759,-0.0015546797753498431
20436,14.5,0.0053015947341918945,8,lag_11__T_place_TRAMP,T_place_TRAMP,False,-2.926727294921875,0.00048038430395536125,-0.0014059538544382022
20436,14.5,0.0053015947341918945,9,lag_14__T_place_LOWERMID,T_place_LOWERMID,False,-3.3263461589813232,0.00040560399065725505,-0.0013491792763902569
20436,14.5,0.0053015947341918945,10,lag_01__CT3__duck_amount,CT3__duck_amount,False,-3.7208433151245117,0.00034891071845777333,-0.0012982421143488965
20436,14.5,0.0053015947341918945,11,lag_14__CT_place_RUINS,CT_place_RUINS,False,-3.493913412094116,0.0003368560574017465,-0.0011769458969011076
20436,14.5,0.0053015947341918945,12,lag_00__CT_place_RUINS,CT_place_RUINS,False,3.493913412094116,-0.00031822131131775677,-0.0011118377076272876
20436,14.5,0.0053015947341918945,13,lag_06__CT_place_ARCH,CT_place_ARCH,False,4.080447673797607,0.0002451586478855461,0.0010003570344759433
20436,14.5,0.0053015947341918945,14,lag_09__CT1__duck_amount,CT1__duck_amount,False,3.8154516220092773,-0.00026122666895389557,-0.0009966977177722214
20436,14.5,0.0053015947341918945,15,lag_02__CT3__duck_amount,CT3__duck_amount,False,3.7208433151245117,0.0002561902510933578,0.0009532437831807905
20436,14.5,0.0053015947341918945,16,lag_09__T_A_site_active_infernos,T_A_site_active_infernos,True,2.9764554500579834,0.0002899375685956329,0.000862986256223032
20436,14.5,0.0053015947341918945,17,lag_01__T2__is_walking,T2__is_walking,False,2.2968344688415527,0.00036613643169403076,0.0008409547766135006
20436,14.5,0.0053015947341918945,18,lag_00__CT_flashed_players,CT_flashed_players,False,-2.1899399757385254,-0.000364628154784441,0.000798513772442222
20436,14.5,0.0053015947341918945,19,lag_04__CT_flashed_players,CT_flashed_players,False,-2.1899399757385254,0.0003391584032215178,-0.0007427365453224477
20436,14.5,0.0053015947341918945,20,lag_11__T_place_MIDDLE,T_place_MIDDLE,False,1.6254756450653076,-0.0004282974696252495,-0.0006961871057189414
23732,66.0,0.005287528038024902,1,lag_10__CT_place_LIBRARY,CT_place_LIBRARY,False,-6.411735534667969,0.0004436760500539094,-0.0028447334960117754
23732,66.0,0.005287528038024902,2,lag_00__CT3__flash_duration,CT3__flash_duration,True,-7.249464988708496,-0.00023545121075585485,0.001706895308923595
23732,66.0,0.005287528038024902,3,lag_11__CT1__flash_duration,CT1__flash_duration,True,5.189005374908447,0.00023000413784757257,0.0011934927075422375
23732,66.0,0.005287528038024902,4,lag_11__CT_place_RUINS,CT_place_RUINS,False,3.493913412094116,0.00029458990320563316,0.0010292716138776692
23732,66.0,0.005287528038024902,5,lag_15__T1__is_walking,T1__is_walking,False,2.281590461730957,-0.0004290357755962759,-0.0009788839333418065
23732,66.0,0.005287528038024902,6,lag_00__CT_flash_duration_sum,CT_flash_duration_sum,True,-3.242980718612671,-0.0002749572740867734,0.0008916811383057055
23732,66.0,0.005287528038024902,7,lag_03__T2__is_walking,T2__is_walking,False,2.2968344688415527,0.0003802203282248229,0.0008733031556210219
23732,66.0,0.005287528038024902,8,lag_13__CT3__flash_duration,CT3__flash_duration,True,7.249464988708496,-0.00011884870036737993,-0.0008615894922668274
23732,66.0,0.005287528038024902,9,lag_00__CT_flashed_players,CT_flashed_players,False,-2.1899399757385254,-0.000364628154784441,0.000798513772442222
23732,66.0,0.005287528038024902,10,lag_13__T_flashed_players,T_flashed_players,False,3.8592474460601807,0.0002019345120061189,0.0007793152497310232
23732,66.0,0.005287528038024902,11,lag_00__CT_duck_amount_mean,CT_duck_amount_mean,False,1.8780710697174072,0.0004052779113408178,0.0007611407204846862
23732,66.0,0.005287528038024902,12,lag_00__T5__is_walking,T5__is_walking,False,-2.3193888664245605,0.0003229015856049955,-0.0007489343426030637
23732,66.0,0.005287528038024902,13,lag_11__T_place_MIDDLE,T_place_MIDDLE,False,1.6254756450653076,-0.0004282974696252495,-0.0006961871057189414
23732,66.0,0.005287528038024902,14,lag_04__T_place_MIDDLE,T_place_MIDDLE,False,-1.6254756450653076,-0.00042545393807813525,0.0006915650144431323
23732,66.0,0.005287528038024902,15,lag_07__CT4__is_walking,CT4__is_walking,False,-2.384641170501709,0.0002773735031951219,-0.000661436275325375
23732,66.0,0.005287528038024902,16,lag_01__T5__duck_amount,T5__duck_amount,False,-1.68379807472229,-0.00038160450640134513,0.0006425449331839347
23732,66.0,0.005287528038024902,17,lag_06__CT5__is_walking,CT5__is_walking,False,2.396676540374756,0.00021903045126236975,0.0005249451441682179
23732,66.0,0.005287528038024902,18,lag_08__T5__is_walking,T5__is_walking,False,2.3193888664245605,0.00022376292326953262,0.0005189932329499672
23732,66.0,0.005287528038024902,19,lag_05__T1__is_walking,T1__is_walking,False,-2.281590461730957,0.00022142103989608586,-0.0005051921326534592
23732,66.0,0.005287528038024902,20,lag_00__CT5__duck_amount,CT5__duck_amount,False,3.7749595642089844,0.00012076703569618985,0.0004558906764424997
21844,36.5,-0.005008101463317871,1,lag_00__CT3__is_scoped,CT3__is_scoped,False,4.548114776611328,0.0006683309911750257,0.0030396460566304295
21844,36.5,-0.005008101463317871,2,lag_08__CT3__is_scoped,CT3__is_scoped,False,4.548114776611328,0.0004639232938643545,0.00210997638803867
21844,36.5,-0.005008101463317871,3,lag_15__T_place_LOWERMID,T_place_LOWERMID,False,-3.3263463973999023,0.0005954690277576447,-0.0019807362552448637
21844,36.5,-0.005008101463317871,4,lag_00__CT_place_TOPOFMID,CT_place_TOPOFMID,False,-3.6288270950317383,0.0004589855088852346,-0.00166557905086967
21844,36.5,-0.005008101463317871,5,lag_10__T3__is_walking,T3__is_walking,False,2.3223767280578613,-0.000508095312397927,-0.0011799887291482347
21844,36.5,-0.005008101463317871,6,lag_11__T3__flash_duration,T3__flash_duration,True,8.012818336486816,0.0001400529727106914,0.0011222190278157157
21844,36.5,-0.005008101463317871,7,lag_09__T2__is_walking,T2__is_walking,False,2.2968344688415527,-0.0004139369120821357,-0.0009507445675960846
21844,36.5,-0.005008101463317871,8,lag_09__T_place_TRAMP,T_place_TRAMP,False,-2.926727294921875,0.00032117438968271017,-0.0009399898527142625
21844,36.5,-0.005008101463317871,9,lag_07__CT3__is_scoped,CT3__is_scoped,False,-4.548114776611328,0.0001922546944115311,-0.0008743964165259799
21844,36.5,-0.005008101463317871,10,lag_04__CT_place_RUINS,CT_place_RUINS,False,3.493913412094116,-0.00021982958423905075,-0.0007680655327478927
21844,36.5,-0.005008101463317871,11,lag_10__T3__duck_amount,T3__duck_amount,False,-3.7704498767852783,0.0001918724738061428,-0.0007234455452208577
21844,36.5,-0.005008101463317871,12,lag_00__CT_scoped_count,CT_scoped_count,False,2.141930103302002,0.0003147498646285385,0.0006741722100580966
21844,36.5,-0.005008101463317871,13,lag_01__CT_velocity_mean,CT_velocity_mean,False,2.4217028617858887,-0.000269022595603019,-0.0006514927896568989
21844,36.5,-0.005008101463317871,14,lag_14__CT5__is_walking,CT5__is_walking,False,2.396676540374756,-0.00026758454623632133,-0.0006413136045314155
21844,36.5,-0.005008101463317871,15,lag_01__CT_active_infernos,CT_active_infernos,True,2.30427622795105,0.00027651007985696197,0.0006371556038032439
21844,36.5,-0.005008101463317871,16,lag_09__T_place_MIDDLE,T_place_MIDDLE,False,1.6254756450653076,-0.0003812710347119719,-0.0006197467810931598
21844,36.5,-0.005008101463317871,17,lag_09__T3__is_walking,T3__is_walking,False,-2.3223767280578613,-0.00026113848434761167,0.0006064619388491954
21844,36.5,-0.005008101463317871,18,lag_11__T2__is_walking,T2__is_walking,False,-2.2968344688415527,-0.0002626851201057434,0.0006033442383106546
21844,36.5,-0.005008101463317871,19,lag_08__damage_diff_last_5s,damage_diff_last_5s,False,-1.7145439386367798,0.00034802977461367846,-0.000596712340529007
21844,36.5,-0.005008101463317871,20,lag_14__T3__duck_amount,T3__duck_amount,False,3.7704498767852783,0.0001484979729866609,0.0005599041639504192
25044,86.5,-0.004822492599487305,1,lag_13__CT_place_LIBRARY,CT_place_LIBRARY,False,-6.411735534667969,0.0005532740033231676,-0.0035474465875151573
25044,86.5,-0.004822492599487305,2,lag_10__T3__is_walking,T3__is_walking,False,-2.3223767280578613,-0.000508095312397927,0.0011799887291482347
25044,86.5,-0.004822492599487305,3,lag_15__T1__is_walking,T1__is_walking,False,2.281590461730957,-0.0004290357755962759,-0.0009788839333418065
25044,86.5,-0.004822492599487305,4,lag_02__T_kills_last_3s,T_kills_last_3s,False,3.1681017875671387,-0.0002797060878947377,-0.0008861373570527298
25044,86.5,-0.004822492599487305,5,lag_01__T1__duck_amount,T1__duck_amount,False,1.833889365196228,-0.000410286127589643,-0.000752419366074189
25044,86.5,-0.004822492599487305,6,lag_02__T2__duck_amount,T2__duck_amount,False,-3.8233180046081543,-0.0001887143444037065,0.0007215149506865151
25044,86.5,-0.004822492599487305,7,lag_13__CT4__is_walking,CT4__is_walking,False,-2.384641170501709,-0.00029896822525188327,0.0007129319386074695
25044,86.5,-0.004822492599487305,8,lag_03__T2__duck_amount,T2__duck_amount,False,3.8233180046081543,-0.00017324090003967285,-0.0006623550522562027
25044,86.5,-0.004822492599487305,9,lag_04__CT_place_TOPOFMID,CT_place_TOPOFMID,False,3.6288270950317383,0.00017353723524138331,0.0006297366212408284
25044,86.5,-0.004822492599487305,10,lag_13__CT4__duck_amount,CT4__duck_amount,False,3.6725916862487793,0.0001660532725509256,0.000609845868244932
25044,86.5,-0.004822492599487305,11,lag_09__T3__is_walking,T3__is_walking,False,2.3223767280578613,-0.00026113848434761167,-0.0006064619388491954
25044,86.5,-0.004822492599487305,12,lag_11__T2__is_walking,T2__is_walking,False,2.2968344688415527,-0.0002626851201057434,-0.0006033442383106546
25044,86.5,-0.004822492599487305,13,lag_11__T3__is_walking,T3__is_walking,False,2.3223767280578613,-0.00025103052030317485,-0.0005829874383843497
25044,86.5,-0.004822492599487305,14,lag_12__CT4__is_walking,CT4__is_walking,False,2.384641170501709,0.00022991163132246584,0.0005482567416287623
25044,86.5,-0.004822492599487305,15,lag_03__CT_shots_fired_sum,CT_shots_fired_sum,False,2.778964042663574,-0.0001893786684377119,-0.0005262765100359085
25044,86.5,-0.004822492599487305,16,lag_04__T2__is_walking,T2__is_walking,False,-2.2968344688415527,0.00022318522678688169,-0.0005126195218203289
25044,86.5,-0.004822492599487305,17,lag_02__CT4__duck_amount,CT4__duck_amount,False,-3.619617462158203,-0.00014020180969964713,0.0005074769186150241
25044,86.5,-0.004822492599487305,18,lag_12__CT4__duck_amount,CT4__duck_amount,False,-3.6725916862487793,-0.0001330543600488454,0.0004886543365345414
25044,86.5,-0.004822492599487305,19,lag_03__damage_diff_last_5s,damage_diff_last_5s,False,-2.0078213214874268,0.0002387694112258032,-0.000479406314778167
25044,86.5,-0.004822492599487305,20,lag_03__CT4__duck_amount,CT4__duck_amount,False,3.619617462158203,-0.0001292752131121233,-0.00046792681880486464
22740,50.5,0.004762709140777588,1,lag_15__CT_place_LIBRARY,CT_place_LIBRARY,False,-6.411735534667969,0.0004869953263550997,-0.003122485239208217
22740,50.5,0.004762709140777588,2,lag_10__T3__is_walking,T3__is_walking,False,2.3223767280578613,-0.000508095312397927,-0.0011799887291482347
22740,50.5,0.004762709140777588,3,lag_11__CT_place_RUINS,CT_place_RUINS,False,3.493913412094116,0.00029458990320563316,0.0010292716138776692
22740,50.5,0.004762709140777588,4,lag_00__T5__duck_amount,T5__duck_amount,False,-3.7970333099365234,-0.00027037132531404495,0.0010266089282691127
22740,50.5,0.004762709140777588,5,lag_09__T2__is_walking,T2__is_walking,False,-2.2968344688415527,-0.0004139369120821357,0.0009507445675960846
22740,50.5,0.004762709140777588,6,lag_14__T1__is_walking,T1__is_walking,False,2.281590461730957,-0.0004045722307637334,-0.0009230681427917498
22740,50.5,0.004762709140777588,7,lag_13__T3__is_walking,T3__is_walking,False,-2.3223767280578613,-0.0003833354276139289,0.0008902492761306974
22740,50.5,0.004762709140777588,8,lag_01__T2__is_walking,T2__is_walking,False,2.2968344688415527,0.00036613643169403076,0.0008409547766135006
22740,50.5,0.004762709140777588,9,lag_00__T5__is_walking,T5__is_walking,False,2.3193888664245605,0.0003229015856049955,0.0007489343426030637
22740,50.5,0.004762709140777588,10,lag_13__CT4__is_walking,CT4__is_walking,False,-2.384641170501709,-0.00029896822525188327,0.0007129319386074695
22740,50.5,0.004762709140777588,11,lag_09__T3__is_walking,T3__is_walking,False,-2.3223767280578613,-0.00026113848434761167,0.0006064619388491954
22740,50.5,0.004762709140777588,12,lag_08__T3__duck_amount,T3__duck_amount,False,-2.854759454727173,-0.00019314790552016348,0.0005513908094444374
22740,50.5,0.004762709140777588,13,lag_02__T2__is_walking,T2__is_walking,False,-2.2968344688415527,0.00023686708300374448,-0.0005440444807769534
22740,50.5,0.004762709140777588,14,lag_06__CT5__is_walking,CT5__is_walking,False,2.396676540374756,0.00021903045126236975,0.0005249451441682179
22740,50.5,0.004762709140777588,15,lag_15__T_duck_amount_mean,T_duck_amount_mean,False,-2.9079365730285645,0.00017935999494511634,-0.0005215674890391223
22740,50.5,0.004762709140777588,16,lag_09__CT4__is_walking,CT4__is_walking,False,2.384641170501709,-0.0002161425945814699,-0.0005154225297380327
22740,50.5,0.004762709140777588,17,lag_01__CT_flashes_last_5s,CT_flashes_last_5s,True,10.995440483093262,-4.10699904023204e-05,-0.00045158263510992544
22740,50.5,0.004762709140777588,18,lag_08__T2__is_walking,T2__is_walking,False,2.2968344688415527,-0.0001912346197059378,-0.000439234266176404
22740,50.5,0.004762709140777588,19,lag_11__CT5__is_walking,CT5__is_walking,False,2.396676540374756,0.00017497409135103226,0.0004193562999144085
22740,50.5,0.004762709140777588,20,lag_09__T_walking_count,T_walking_count,False,-1.594179630279541,-0.00026046272250823677,0.0004152243666697836
24532,78.5,-0.004751861095428467,1,lag_10__CT3__is_scoped,CT3__is_scoped,False,4.548114776611328,0.0003579595359042287,0.0016280410546749557
24532,78.5,-0.004751861095428467,2,lag_12__CT1__duck_amount,CT1__duck_amount,False,-3.645623207092285,0.00036668599932454526,-0.0013367989888533882
24532,78.5,-0.004751861095428467,3,lag_13__CT1__is_walking,CT1__is_walking,False,-2.3343825340270996,-0.000511849473696202,0.0011948524714473774
24532,78.5,-0.004751861095428467,4,lag_15__CT_place_PIT,CT_place_PIT,False,-4.305429458618164,0.0002542486763559282,-0.0010946497409974887
24532,78.5,-0.004751861095428467,5,lag_01__T5__duck_amount,T5__duck_amount,False,-2.710141181945801,-0.00038160450640134513,0.0010342020880143854
24532,78.5,-0.004751861095428467,6,lag_00__CT4__is_walking,CT4__is_walking,False,2.384641170501709,0.00041614967631176114,0.0009923676512239854
24532,78.5,-0.004751861095428467,7,lag_15__CT5__duck_amount,CT5__duck_amount,False,3.7749595642089844,0.00022589717991650105,0.0008527527198536333
24532,78.5,-0.004751861095428467,8,lag_06__CT1__duck_amount,CT1__duck_amount,False,-3.8154516220092773,0.00021340268722269684,-0.0008142276291049771
24532,78.5,-0.004751861095428467,9,lag_04__CT3__is_scoped,CT3__is_scoped,False,-4.548114776611328,-0.00016543063975404948,0.0007523975371696578
24532,78.5,-0.004751861095428467,10,lag_13__CT4__is_walking,CT4__is_walking,False,2.384641170501709,-0.00029896822525188327,-0.0007129319386074695
24532,78.5,-0.004751861095428467,11,lag_11__T5__duck_amount,T5__duck_amount,False,3.7970333099365234,0.00017955948715098202,0.0006817933538273979
24532,78.5,-0.004751861095428467,12,lag_13__CT_walking_count,CT_walking_count,False,-1.7948952913284302,-0.0003645693650469184,0.0006543638366853094
24532,78.5,-0.004751861095428467,13,lag_11__CT4__duck_amount,CT4__duck_amount,False,-2.027921676635742,0.00027850220794789493,-0.0005647806644884512
24532,78.5,-0.004751861095428467,14,lag_12__CT4__is_walking,CT4__is_walking,False,-2.384641170501709,0.00022991163132246584,-0.0005482567416287623
24532,78.5,-0.004751861095428467,15,lag_14__T5__duck_amount,T5__duck_amount,False,-2.8989014625549316,0.00018079204892273992,-0.0005240983350404335
24532,78.5,-0.004751861095428467,16,lag_15__CT1__is_walking,CT1__is_walking,False,2.3343825340270996,-0.00021444071899168193,-0.0005005866689983957
24532,78.5,-0.004751861095428467,17,lag_03__CT5__duck_amount,CT5__duck_amount,False,-3.7749595642089844,0.0001310320949414745,-0.0004946408600176588
24532,78.5,-0.004751861095428467,18,lag_05__T2__molly,T2__molly,True,2.228090286254883,-0.00020693294936791062,-0.00046106529439271515
24532,78.5,-0.004751861095428467,19,lag_04__T3__is_walking,T3__is_walking,False,-2.3223767280578613,0.00019652220362331718,-0.00045639859224144014
24532,78.5,-0.004751861095428467,20,lag_14__CT4__is_walking,CT4__is_walking,False,-2.384641170501709,-0.00018618193280417472,0.00044397710216841774
20660,18.0,-0.00473630428314209,1,lag_01__T_place_BALCONY,T_place_BALCONY,False,13.751577377319336,-0.00021214057051111013,-0.0029172674702521995
20660,18.0,-0.00473630428314209,2,lag_07__T3__flash_duration,T3__flash_duration,True,4.344386577606201,0.0004104573163203895,0.001783185255702563
20660,18.0,-0.00473630428314209,3,lag_03__CT_place_RUINS,CT_place_RUINS,False,3.493913412094116,-0.0003810621565207839,-0.0013313981795094743
20660,18.0,-0.00473630428314209,4,lag_13__CT1__is_walking,CT1__is_walking,False,2.3343825340270996,-0.000511849473696202,-0.0011948524714473774
20660,18.0,-0.00473630428314209,5,lag_05__T_shots_fired_sum,T_shots_fired_sum,False,-6.747633457183838,-0.0001706383773125708,0.0011514052238338623
20660,18.0,-0.00473630428314209,6,lag_08__CT3__duck_amount,CT3__duck_amount,False,-3.7208433151245117,0.0002951358037535101,-0.001098154082450148
20660,18.0,-0.00473630428314209,7,lag_02__T_A_site_active_infernos,T_A_site_active_infernos,True,-2.9764554500579834,0.00035849318373948336,-0.0010670389905500233
20660,18.0,-0.00473630428314209,8,lag_12__T1__is_walking,T1__is_walking,False,-2.281590461730957,-0.00046226225094869733,0.0010546931425828299
20660,18.0,-0.00473630428314209,9,lag_05__T3__shots_fired,T3__shots_fired,False,-5.450135707855225,0.0001926817058119923,-0.0010501414450963947
20660,18.0,-0.00473630428314209,10,lag_13__CT_place_ARCH,CT_place_ARCH,False,4.080447673797607,-0.0002489209291525185,-0.0010157088263199332
20660,18.0,-0.00473630428314209,11,lag_00__CT4__is_walking,CT4__is_walking,False,-2.384641170501709,0.00041614967631176114,-0.0009923676512239854
20660,18.0,-0.00473630428314209,12,lag_04__T5__duck_amount,T5__duck_amount,False,3.7970333099365234,-0.0002606372581794858,-0.0009896483511180332
20660,18.0,-0.00473630428314209,13,lag_11__CT_utility_damage_last_5s,CT_utility_damage_last_5s,True,5.8336615562438965,0.00015385910228360444,0.0008975619300700607
20660,18.0,-0.00473630428314209,14,lag_07__CT_place_RUINS,CT_place_RUINS,False,3.493913412094116,0.00024391416809521616,0.0008522149833076545
20660,18.0,-0.00473630428314209,15,lag_06__T_shots_fired_sum,T_shots_fired_sum,False,3.748685359954834,-0.0002169088984373957,-0.0008131232120161952
20660,18.0,-0.00473630428314209,16,lag_03__T5__duck_amount,T5__duck_amount,False,-3.7970333099365234,-0.00020453710749279708,0.0007766342102682178
20660,18.0,-0.00473630428314209,17,lag_04__CT_place_RUINS,CT_place_RUINS,False,-3.493913412094116,-0.00021982958423905075,0.0007680655327478927
20660,18.0,-0.00473630428314209,18,lag_02__active_infernos_total,active_infernos_total,True,-2.8735578060150146,0.00023946423607412726,-0.0006881143248322306
20660,18.0,-0.00473630428314209,19,lag_06__CT5__duck_amount,CT5__duck_amount,False,-2.094414710998535,-0.00030271144350990653,0.0006340033004747503
20660,18.0,-0.00473630428314209,20,lag_05__CT_place_ARCH,CT_place_ARCH,False,-4.080447673797607,0.00014233117690309882,-0.0005807749197031253
20244,11.5,-0.00462108850479126,1,lag_13__CT_place_LIBRARY,CT_place_LIBRARY,False,-6.411735534667969,0.0005532740033231676,-0.0035474465875151573
20244,11.5,-0.00462108850479126,2,lag_00__CT3__is_scoped,CT3__is_scoped,False,4.548114776611328,0.0006683309911750257,0.0030396460566304295
20244,11.5,-0.00462108850479126,3,lag_14__T_place_LOWERMID,T_place_LOWERMID,False,6.652692794799805,0.00040560399065725505,0.002698358746187568
20244,11.5,-0.00462108850479126,4,lag_00__CT_place_TOPOFMID,CT_place_TOPOFMID,False,-3.6288270950317383,0.0004589855088852346,-0.00166557905086967
20244,11.5,-0.00462108850479126,5,lag_01__T1__duck_amount,T1__duck_amount,False,3.915480136871338,-0.000410286127589643,-0.0016064671830111066
20244,11.5,-0.00462108850479126,6,lag_00__T4__flash_duration,T4__flash_duration,True,4.6710429191589355,-0.00033644630457274616,-0.0015715551286517165
20244,11.5,-0.00462108850479126,7,lag_11__CT_place_TOPOFMID,CT_place_TOPOFMID,False,3.6288270950317383,0.0004315034893807024,0.0015658515538654327
20244,11.5,-0.00462108850479126,8,lag_08__T_place_LOWERMID,T_place_LOWERMID,False,-3.3263461589813232,-0.00041877172770909965,0.0013929797279551362
20244,11.5,-0.00462108850479126,9,lag_14__CT_place_RUINS,CT_place_RUINS,False,3.493913412094116,0.0003368560574017465,0.0011769458969011076
20244,11.5,-0.00462108850479126,10,lag_04__T_place_TRAMP,T_place_TRAMP,False,-5.85345458984375,0.0001963553950190544,-0.0011493573882148667
20244,11.5,-0.00462108850479126,11,lag_08__CT_place_RUINS,CT_place_RUINS,False,-3.493913412094116,0.00032386439852416515,-0.0011315541657033745
20244,11.5,-0.00462108850479126,12,lag_10__T_place_TRAMP,T_place_TRAMP,False,2.926727294921875,0.00036444750730879605,0.001066638467206893
20244,11.5,-0.00462108850479126,13,lag_01__CT_place_BALCONY,CT_place_BALCONY,False,6.417822360992432,-0.00015915892436169088,-0.0010214537037199628
20244,11.5,-0.00462108850479126,14,lag_03__CT1__duck_amount,CT1__duck_amount,False,3.8154516220092773,-0.000267673545749858,-0.0010212954643002703
20244,11.5,-0.00462108850479126,15,lag_12__T_place_LOWERMID,T_place_LOWERMID,False,3.3263463973999023,-0.0002845686103682965,-0.0009465737719116796
20244,11.5,-0.00462108850479126,16,lag_09__T_place_TRAMP,T_place_TRAMP,False,2.926727533340454,0.00032117438968271017,0.0009399899292882041
20244,11.5,-0.00462108850479126,17,lag_05__T_place_TRAMP,T_place_TRAMP,False,-2.926727294921875,-0.00029574910877272487,0.0008655769890939524
20244,11.5,-0.00462108850479126,18,lag_07__CT_place_RUINS,CT_place_RUINS,False,-3.493913412094116,0.00024391416809521616,-0.0008522149833076545
20244,11.5,-0.00462108850479126,19,lag_13__T_place_LOWERMID,T_place_LOWERMID,False,6.6526923179626465,-0.00012436616816557944,-0.000827369851569601
20244,11.5,-0.00462108850479126,20,lag_09__T_place_LOWERMID,T_place_LOWERMID,False,-3.326345920562744,-0.00024689597194083035,0.0008212614090687548
23956,69.5,0.004561007022857666,1,lag_01__CT_place_LIBRARY,CT_place_LIBRARY,False,6.411735534667969,0.00026709443773142993,0.0017125388975147704
23956,69.5,0.004561007022857666,2,lag_12__T1__is_walking,T1__is_walking,False,-2.281590461730957,-0.00046226225094869733,0.0010546931425828299
23956,69.5,0.004561007022857666,3,lag_06__CT5__duck_amount,CT5__duck_amount,False,-3.2454657554626465,-0.00030271144350990653,0.000982439623698067
23956,69.5,0.004561007022857666,4,lag_07__CT5__duck_amount,CT5__duck_amount,False,3.7749595642089844,-0.00021388694585766643,-0.0008074145719248471
23956,69.5,0.004561007022857666,5,lag_10__T2__is_walking,T2__is_walking,False,2.2968344688415527,-0.00034644853440113366,-0.0007957349354921622
23956,69.5,0.004561007022857666,6,lag_03__T5__duck_amount,T5__duck_amount,False,3.7970333099365234,-0.00020453710749279708,-0.0007766342102682178
23956,69.5,0.004561007022857666,7,lag_11__T_place_MIDDLE,T_place_MIDDLE,False,-1.6254756450653076,-0.0004282974696252495,0.0006961871057189414
23956,69.5,0.004561007022857666,8,lag_13__CT_walking_count,CT_walking_count,False,1.7948951721191406,-0.0003645693650469184,-0.0006543637932252544
23956,69.5,0.004561007022857666,9,lag_09__T3__is_walking,T3__is_walking,False,2.3223767280578613,-0.00026113848434761167,-0.0006064619388491954
23956,69.5,0.004561007022857666,10,lag_13__CT_place_RUINS,CT_place_RUINS,False,-3.493913412094116,0.00015553059347439557,-0.0005434104265311483
23956,69.5,0.004561007022857666,11,lag_08__T5__is_walking,T5__is_walking,False,2.3193888664245605,0.00022376292326953262,0.0005189932329499672
23956,69.5,0.004561007022857666,12,lag_07__T5__is_walking,T5__is_walking,False,-2.3193888664245605,0.0002202083560405299,-0.0005107488092940607
23956,69.5,0.004561007022857666,13,lag_15__T5__is_walking,T5__is_walking,False,2.3193888664245605,-0.00021321502572391182,-0.0004945285568184674
23956,69.5,0.004561007022857666,14,lag_07__CT3__flash_duration,CT3__flash_duration,True,-7.249464988708496,-6.718968506902456e-05,0.00048708926951024356
23956,69.5,0.004561007022857666,15,lag_14__CT4__is_walking,CT4__is_walking,False,-2.384641170501709,-0.00018618193280417472,0.00044397710216841774
23956,69.5,0.004561007022857666,16,lag_11__T2__duck_amount,T2__duck_amount,False,-3.034114122390747,0.0001307188649661839,-0.00039661595425678764
23956,69.5,0.004561007022857666,17,lag_00__CT1__duck_amount,CT1__duck_amount,False,2.1918230056762695,0.0001692525256657973,0.0003709715795231078
23956,69.5,0.004561007022857666,18,lag_08__CT4__is_walking,CT4__is_walking,False,2.384641170501709,-0.00015555048594251275,-0.00037093209287006323
23956,69.5,0.004561007022857666,19,lag_07__CT1__is_walking,CT1__is_walking,False,-2.3343825340270996,-0.0001560880773467943,0.0003643692815282276
23956,69.5,0.004561007022857666,20,lag_09__CT5__duck_amount,CT5__duck_amount,False,-2.736701488494873,-0.00013305858010426164,0.0003641416142283471
22772,51.0,-0.004504203796386719,1,lag_02__CT_flashes_last_5s,CT_flashes_last_5s,True,10.995440483093262,-0.0002792761952150613,-0.0030707647828319418
22772,51.0,-0.004504203796386719,2,lag_01__T5__duck_amount,T5__duck_amount,False,-3.7970333099365234,-0.00038160450640134513,0.0014489650220277928
22772,51.0,-0.004504203796386719,3,lag_03__CT_place_RUINS,CT_place_RUINS,False,3.493913173675537,-0.0003810621565207839,-0.0013313980886571763
22772,51.0,-0.004504203796386719,4,lag_10__T3__is_walking,T3__is_walking,False,-2.3223767280578613,-0.000508095312397927,0.0011799887291482347
22772,51.0,-0.004504203796386719,5,lag_15__T1__is_walking,T1__is_walking,False,2.281590461730957,-0.0004290357755962759,-0.0009788839333418065
22772,51.0,-0.004504203796386719,6,lag_09__T2__is_walking,T2__is_walking,False,2.2968344688415527,-0.0004139369120821357,-0.0009507445675960846
22772,51.0,-0.004504203796386719,7,lag_03__T2__is_walking,T2__is_walking,False,-2.2968344688415527,0.0003802203282248229,-0.0008733031556210219
22772,51.0,-0.004504203796386719,8,lag_10__T2__is_walking,T2__is_walking,False,-2.2968344688415527,-0.00034644853440113366,0.0007957349354921622
22772,51.0,-0.004504203796386719,9,lag_00__T5__is_walking,T5__is_walking,False,-2.3193888664245605,0.0003229015856049955,-0.0007489343426030637
22772,51.0,-0.004504203796386719,10,lag_10__T_walking_count,T_walking_count,False,-1.594179630279541,-0.0004313217359595001,0.0006876043255634456
22772,51.0,-0.004504203796386719,11,lag_12__CT_place_RUINS,CT_place_RUINS,False,3.493913412094116,0.00018222448125015944,0.0006366765590518249
22772,51.0,-0.004504203796386719,12,lag_15__T2__is_walking,T2__is_walking,False,-2.2968344688415527,-0.0002563920570537448,0.000588890114178231
22772,51.0,-0.004504203796386719,13,lag_11__T3__is_walking,T3__is_walking,False,2.3223767280578613,-0.00025103052030317485,-0.0005829874383843497
22772,51.0,-0.004504203796386719,14,lag_12__CT4__is_walking,CT4__is_walking,False,2.384641170501709,0.00022991163132246584,0.0005482567416287623
22772,51.0,-0.004504203796386719,15,lag_10__T3__duck_amount,T3__duck_amount,False,2.854759454727173,0.0001918724738061428,0.000547749758699978
22772,51.0,-0.004504203796386719,16,lag_02__T2__is_walking,T2__is_walking,False,2.2968344688415527,0.00023686708300374448,0.0005440444807769534
22772,51.0,-0.004504203796386719,17,lag_12__CT5__is_walking,CT5__is_walking,False,2.396676540374756,-0.00021539586305152625,-0.0005162342118693666
22772,51.0,-0.004504203796386719,18,lag_09__CT4__is_walking,CT4__is_walking,False,-2.384641170501709,-0.0002161425945814699,0.0005154225297380327
22772,51.0,-0.004504203796386719,19,lag_02__CT2__flash,CT2__flash,True,1.808443307876587,-0.0002685745130293071,-0.00048570178075406367
22772,51.0,-0.004504203796386719,20,lag_01__T_duck_amount_mean,T_duck_amount_mean,False,-1.4539681673049927,-0.00031267176382243633,0.00045461479141292727
20788,20.0,-0.004489779472351074,1,lag_09__T_shots_fired_sum,T_shots_fired_sum,False,-6.747633457183838,0.00026701524620875716,-0.0018017210088963898
20788,20.0,-0.004489779472351074,2,lag_07__T5__duck_amount,T5__duck_amount,False,-3.7970333099365234,-0.00035408823168836534,0.0013444848103772444
20788,20.0,-0.004489779472351074,3,lag_03__T_place_BALCONY,T_place_BALCONY,False,-13.751577377319336,9.755948121892288e-05,-0.0013415967548731506
20788,20.0,-0.004489779472351074,4,lag_01__T5__duck_amount,T5__duck_amount,False,-3.3547582626342773,-0.00038160450640134513,0.0012801908709083876
20788,20.0,-0.004489779472351074,5,lag_13__CT1__is_walking,CT1__is_walking,False,-2.3343825340270996,-0.000511849473696202,0.0011948524714473774
20788,20.0,-0.004489779472351074,6,lag_08__CT_place_RUINS,CT_place_RUINS,False,-3.493913412094116,0.00032386439852416515,-0.0011315541657033745
20788,20.0,-0.004489779472351074,7,lag_09__T3__shots_fired,T3__shots_fired,False,-5.450135707855225,0.0001961014058906585,-0.0010687792746052888
20788,20.0,-0.004489779472351074,8,lag_06__T_place_TRAMP,T_place_TRAMP,False,-2.926727294921875,-0.00036285584792494774,0.0010619801142439655
20788,20.0,-0.004489779472351074,9,lag_13__CT5__flash_duration,CT5__flash_duration,True,7.546695709228516,0.00013696371752303094,0.001033623499351044
20788,20.0,-0.004489779472351074,10,lag_11__CT_place_RUINS,CT_place_RUINS,False,3.493913412094116,0.00029458990320563316,0.0010292716138776692
20788,20.0,-0.004489779472351074,11,lag_01__T3__is_walking,T3__is_walking,False,-2.3223767280578613,0.0004288530326448381,-0.0009959583027714103
20788,20.0,-0.004489779472351074,12,lag_05__T_place_BALCONY,T_place_BALCONY,False,13.751577377319336,-6.769876927137375e-05,-0.0009309648639845847
20788,20.0,-0.004489779472351074,13,lag_03__T2__is_walking,T2__is_walking,False,-2.2968344688415527,0.0003802203282248229,-0.0008733031556210219
20788,20.0,-0.004489779472351074,14,lag_07__CT_place_RUINS,CT_place_RUINS,False,3.493913412094116,0.00024391416809521616,0.0008522149833076545
20788,20.0,-0.004489779472351074,15,lag_15__CT_utility_damage_last_5s,CT_utility_damage_last_5s,True,5.8336615562438965,0.00014431933232117444,0.0008419101407848226
20788,20.0,-0.004489779472351074,16,lag_03__T3__flash_duration,T3__flash_duration,True,-4.344386577606201,0.00018784582789521664,-0.0008160748933673037
20788,20.0,-0.004489779472351074,17,lag_06__T_A_site_active_infernos,T_A_site_active_infernos,True,-2.9764554500579834,0.0002735312737058848,-0.0008141536503831828
20788,20.0,-0.004489779472351074,18,lag_01__CT_place_BANANA,CT_place_BANANA,False,2.9603395462036133,0.0002702846541069448,0.0008001343502847535
20788,20.0,-0.004489779472351074,19,lag_12__CT5__duck_amount,CT5__duck_amount,False,3.7749595642089844,-0.00020855051116086543,-0.0007872697467273815
20788,20.0,-0.004489779472351074,20,lag_09__T1__duck_amount,T1__duck_amount,False,-3.915480136871338,0.00016913769650273025,-0.000662255291052613
23124,56.5,-0.0044136643409729,1,lag_08__CT3__is_scoped,CT3__is_scoped,False,4.548114776611328,0.0004639232938643545,0.00210997638803867
23124,56.5,-0.0044136643409729,2,lag_13__CT_flashes_last_5s,CT_flashes_last_5s,True,10.995440483093262,-0.00018745857232715935,-0.002061189575068914
23124,56.5,-0.0044136643409729,3,lag_03__CT_flashes_last_5s,CT_flashes_last_5s,True,-10.995440483093262,-0.00012056306877639145,0.0013256440471898917
23124,56.5,-0.0044136643409729,4,lag_14__CT_place_RUINS,CT_place_RUINS,False,3.493913173675537,0.0003368560574017465,0.001176945816588365
23124,56.5,-0.0044136643409729,5,lag_00__CT4__is_walking,CT4__is_walking,False,2.384641170501709,0.00041614967631176114,0.0009923676512239854
23124,56.5,-0.0044136643409729,6,lag_07__CT_place_RUINS,CT_place_RUINS,False,-3.493913412094116,0.00024391416809521616,-0.0008522149833076545
23124,56.5,-0.0044136643409729,7,lag_10__T2__is_walking,T2__is_walking,False,2.2968344688415527,-0.00034644853440113366,-0.0007957349354921622
23124,56.5,-0.0044136643409729,8,lag_13__CT4__is_walking,CT4__is_walking,False,2.384641170501709,-0.00029896822525188327,-0.0007129319386074695
23124,56.5,-0.0044136643409729,9,lag_06__CT3__duck_amount,CT3__duck_amount,False,3.7208433151245117,0.00018562973127700388,0.0006906991447103994
23124,56.5,-0.0044136643409729,10,lag_14__CT5__is_walking,CT5__is_walking,False,2.396676540374756,-0.00026758454623632133,-0.0006413136045314155
23124,56.5,-0.0044136643409729,11,lag_11__T2__is_walking,T2__is_walking,False,-2.2968344688415527,-0.0002626851201057434,0.0006033442383106546
23124,56.5,-0.0044136643409729,12,lag_08__T_place_TOPOFMID,T_place_TOPOFMID,False,2.0359649658203125,-0.0002882838307414204,-0.0005869357796020047
23124,56.5,-0.0044136643409729,13,lag_06__T5__duck_amount,T5__duck_amount,False,-3.0903120040893555,-0.00017637024575378746,0.0005450390876171191
23124,56.5,-0.0044136643409729,14,lag_14__CT3__flash,CT3__flash,True,-1.8456854820251465,0.00029432110022753477,-0.000543224181743629
23124,56.5,-0.0044136643409729,15,lag_08__T5__duck_amount,T5__duck_amount,False,3.7970333099365234,-0.00014133533113636076,-0.0005366549601956705
23124,56.5,-0.0044136643409729,16,lag_06__T3__is_walking,T3__is_walking,False,2.3223767280578613,-0.00022661335242446512,-0.0005262815759377523
23124,56.5,-0.0044136643409729,17,lag_12__T5__duck_amount,T5__duck_amount,False,-3.7970333099365234,0.00013733275409322232,-0.0005214570418372866
23124,56.5,-0.0044136643409729,18,lag_15__CT2__is_walking,CT2__is_walking,False,-2.360051155090332,-0.00021865716553293169,0.0005160420960847734
23124,56.5,-0.0044136643409729,19,lag_00__damage_diff_last_5s,damage_diff_last_5s,False,-0.6091142892837524,0.0008297653403133154,-0.0005054219255372361
23124,56.5,-0.0044136643409729,20,lag_09__CT_place_RUINS,CT_place_RUINS,False,-3.493913173675537,-0.00013475485320668668,0.00047082175683555577
20724,19.0,0.0041967034339904785,1,lag_01__T_place_BALCONY,T_place_BALCONY,False,-13.751577377319336,-0.00021214057051111013,0.0029172674702521995
20724,19.0,0.0041967034339904785,2,lag_03__T_place_BALCONY,T_place_BALCONY,False,13.751577377319336,9.755948121892288e-05,0.0013415967548731506
20724,19.0,0.0041967034339904785,3,lag_13__CT_utility_damage_last_5s,CT_utility_damage_last_5s,True,5.8336615562438965,0.00021458943956531584,0.001251842163968106
20724,19.0,0.0041967034339904785,4,lag_04__T_A_site_active_infernos,T_A_site_active_infernos,True,-2.9764554500579834,0.00039335404289886355,-0.0011708007847886642
20724,19.0,0.0041967034339904785,5,lag_00__CT_place_RUINS,CT_place_RUINS,False,-3.493913412094116,-0.00031822131131775677,0.0011118377076272876
20724,19.0,0.0041967034339904785,6,lag_15__CT_place_ARCH,CT_place_ARCH,False,4.080447673797607,0.00025739159900695086,0.0010502729514229592
20724,19.0,0.0041967034339904785,7,lag_15__T1__is_walking,T1__is_walking,False,2.281590461730957,-0.0004290357755962759,-0.0009788839333418065
20724,19.0,0.0041967034339904785,8,lag_13__CT_place_BALCONY,CT_place_BALCONY,False,-6.417822360992432,-0.00014407903654500842,0.0009246736624888008
20724,19.0,0.0041967034339904785,9,lag_14__T1__is_walking,T1__is_walking,False,-2.281590461730957,-0.0004045722307637334,0.0009230681427917498
20724,19.0,0.0041967034339904785,10,lag_00__T5__duck_amount,T5__duck_amount,False,3.3547582626342773,-0.00027037132531404495,-0.0009070304375766725
20724,19.0,0.0041967034339904785,11,lag_07__T_shots_fired_sum,T_shots_fired_sum,False,-6.747633457183838,-0.0001333297259407118,0.0008996601195946988
20724,19.0,0.0041967034339904785,12,lag_09__T3__flash_duration,T3__flash_duration,True,4.344386577606201,0.00020040538220200688,0.0008706384525184394
20724,19.0,0.0041967034339904785,13,lag_01__T2__is_walking,T2__is_walking,False,-2.2968344688415527,0.00036613643169403076,-0.0008409547766135006
20724,19.0,0.0041967034339904785,14,lag_09__T_shots_fired_sum,T_shots_fired_sum,False,2.998948335647583,0.00026701524620875716,0.0008007649282102819
20724,19.0,0.0041967034339904785,15,lag_10__T2__is_walking,T2__is_walking,False,2.2968344688415527,-0.00034644853440113366,-0.0007957349354921622
20724,19.0,0.0041967034339904785,16,lag_08__CT_kills_last_3s,CT_kills_last_3s,False,-2.8871407508850098,0.00027314541512168944,-0.0007886092589152321
20724,19.0,0.0041967034339904785,17,lag_13__utility_damage_diff_last_5s,utility_damage_diff_last_5s,True,4.7851057052612305,0.00015898802666924894,0.0007607745134832478
20724,19.0,0.0041967034339904785,18,lag_00__T5__is_walking,T5__is_walking,False,-2.3193888664245605,0.0003229015856049955,-0.0007489343426030637
20724,19.0,0.0041967034339904785,19,lag_01__T3__flash_duration,T3__flash_duration,True,-4.344386577606201,0.0001670791389187798,-0.0007258563685167488
20724,19.0,0.0041967034339904785,20,lag_14__CT3__is_scoped,CT3__is_scoped,False,-4.548114776611328,-0.00015907805936876684,0.0007235052724497426
22964,54.0,0.004193902015686035,1,lag_03__CT3__is_scoped,CT3__is_scoped,False,4.548114776611328,0.0006030839867889881,0.002742895191852668
22964,54.0,0.004193902015686035,2,lag_15__CT4__is_walking,CT4__is_walking,False,-2.384641170501709,-0.0005655502900481224,0.0013486345056379356
22964,54.0,0.004193902015686035,3,lag_07__T5__duck_amount,T5__duck_amount,False,-3.7970333099365234,-0.00035408823168836534,0.0013444848103772444
22964,54.0,0.004193902015686035,4,lag_01__CT3__duck_amount,CT3__duck_amount,False,3.7208433151245117,0.00034891071845777333,0.0012982421143488965
22964,54.0,0.004193902015686035,5,lag_13__CT1__is_walking,CT1__is_walking,False,2.3343825340270996,-0.000511849473696202,-0.0011948524714473774
22964,54.0,0.004193902015686035,6,lag_01__T5__duck_amount,T5__duck_amount,False,-3.0903120040893555,-0.00038160450640134513,0.0011792769869466702
22964,54.0,0.004193902015686035,7,lag_01__T3__is_walking,T3__is_walking,False,2.3223767280578613,0.0004288530326448381,0.0009959583027714103
22964,54.0,0.004193902015686035,8,lag_15__T1__is_walking,T1__is_walking,False,-2.281590461730957,-0.0004290357755962759,0.0009788839333418065
22964,54.0,0.004193902015686035,9,lag_09__T2__is_walking,T2__is_walking,False,-2.2968344688415527,-0.0004139369120821357,0.0009507445675960846
22964,54.0,0.004193902015686035,10,lag_01__T_duck_amount_mean,T_duck_amount_mean,False,-2.637317419052124,-0.00031267176382243633,0.0008246146891746631
22964,54.0,0.004193902015686035,11,lag_03__T5__duck_amount,T5__duck_amount,False,3.7970333099365234,-0.00020453710749279708,-0.0007766342102682178
22964,54.0,0.004193902015686035,12,lag_04__CT_place_RUINS,CT_place_RUINS,False,-3.493913173675537,-0.00021982958423905075,0.0007680654803364356
22964,54.0,0.004193902015686035,13,lag_00__T5__is_walking,T5__is_walking,False,-2.3193888664245605,0.0003229015856049955,-0.0007489343426030637
22964,54.0,0.004193902015686035,14,lag_15__CT_walking_count,CT_walking_count,False,-1.7948952913284302,-0.0004166544822510332,0.0007478511683032645
22964,54.0,0.004193902015686035,15,lag_01__T3__duck_amount,T3__duck_amount,False,-3.7704498767852783,-0.0001800697937142104,0.000678944131522495
22964,54.0,0.004193902015686035,16,lag_08__CT_flashes_last_5s,CT_flashes_last_5s,True,10.995440483093262,-6.021075023454614e-05,-0.0006620437206463457
22964,54.0,0.004193902015686035,17,lag_13__CT_walking_count,CT_walking_count,False,1.7948952913284302,-0.0003645693650469184,-0.0006543638366853094
22964,54.0,0.004193902015686035,18,lag_15__T2__is_walking,T2__is_walking,False,2.2968344688415527,-0.0002563920570537448,-0.000588890114178231
22964,54.0,0.004193902015686035,19,lag_03__T_place_TOPOFMID,T_place_TOPOFMID,False,2.0359649658203125,-0.0002840519300661981,-0.0005783197780884208
22964,54.0,0.004193902015686035,20,lag_03__CT_scoped_count,CT_scoped_count,False,2.141930103302002,0.00026116406661458313,0.000559395176182545
19572,1.0,-0.0041735172271728516,1,lag_01__CT_velocity_mean,CT_velocity_mean,False,3.392946720123291,-0.000269022595603019,-0.0009127793333903178
19572,1.0,-0.0041735172271728516,2,lag_01__T_velocity_mean,T_velocity_mean,False,3.5335803031921387,-0.00021501821174751967,-0.000759784117858632
19572,1.0,-0.0041735172271728516,3,lag_02__centroid_distance_xy,centroid_distance_xy,False,3.842611789703369,-0.0001351029786746949,-0.0005191482986794255
19572,1.0,-0.0041735172271728516,4,lag_02__T_velocity_mean,T_velocity_mean,False,-1.7359485626220703,0.00026599332340992987,-0.00046175072744053525
19572,1.0,-0.0041735172271728516,5,lag_02__CT_closest_enemy_dist,CT_closest_enemy_dist,False,4.124736785888672,-9.810575284063816e-05,-0.0004046604076490823
19572,1.0,-0.0041735172271728516,6,lag_02__T_closest_enemy_dist,T_closest_enemy_dist,False,4.026003360748291,-8.915043144952506e-05,-0.000358919936627948
19572,1.0,-0.0041735172271728516,7,lag_02__CT2__flash,CT2__flash,True,1.1131080389022827,-0.0002685745130293071,-0.00029895244949718763
19572,1.0,-0.0041735172271728516,8,lag_02__CT3__flash,CT3__flash,True,3.01554012298584,9.795945516088977e-05,0.0002954006674634954
19572,1.0,-0.0041735172271728516,9,lag_02__T_molly_inv,T_molly_inv,True,2.267718553543091,-0.00012476723350118846,-0.00028293697028488815
19572,1.0,-0.0041735172271728516,10,lag_02__T_mean_X,T_mean_X,False,-1.6327497959136963,0.00015660992357879877,-0.00025570482076134327
19572,1.0,-0.0041735172271728516,11,lag_02__T1__molly,T1__molly,True,1.5823309421539307,-0.0001600032701389864,-0.00025317812518673224
19572,1.0,-0.0041735172271728516,12,lag_02__T2__smoke,T2__smoke,True,1.5516093969345093,-0.00016030964616220444,-0.0002487379534045226
19572,1.0,-0.0041735172271728516,13,lag_02__T4__has_bomb,T4__has_bomb,False,2.2795095443725586,-0.00010745354666141793,-0.00024494138519138425
19572,1.0,-0.0041735172271728516,14,lag_02__T5__X,T5__X,False,-1.4835658073425293,0.00016420159954577684,-0.00024360387859706512
19572,1.0,-0.0041735172271728516,15,lag_02__CT2__X,CT2__X,False,1.8969999551773071,0.00012667935516219586,0.00024031073106457572
19572,1.0,-0.0041735172271728516,16,lag_02__CT_mean_X,CT_mean_X,False,2.121032476425171,0.00010542642849031836,0.00022361287870148114
19572,1.0,-0.0041735172271728516,17,lag_02__CT3__utility_total,CT3__utility_total,True,2.9974148273468018,7.213499338831753e-05,0.00021621849875270646
19572,1.0,-0.0041735172271728516,18,lag_02__CT2__molly,CT2__molly,True,1.9538549184799194,0.00010619257955113426,0.00020748489386205379
19572,1.0,-0.0041735172271728516,19,lag_02__CT5__molly,CT5__molly,True,1.9742296934127808,-0.00010120851948158816,-0.00019980886438689723
19572,1.0,-0.0041735172271728516,20,lag_02__CT1__X,CT1__X,False,1.7887383699417114,0.0001076526750694029,0.00019256247052350847
22164,41.5,-0.004149198532104492,1,lag_06__T3__flash_duration,T3__flash_duration,True,-8.012818336486816,0.00037426629569381475,-0.0029989278368643957
22164,41.5,-0.004149198532104492,2,lag_02__CT_place_LIBRARY,CT_place_LIBRARY,False,6.411735534667969,0.0003227477427572012,0.0020693731709702234
22164,41.5,-0.004149198532104492,3,lag_10__CT3__is_scoped,CT3__is_scoped,False,4.548114776611328,0.0003579595359042287,0.0016280410546749557
22164,41.5,-0.004149198532104492,4,lag_13__CT1__is_walking,CT1__is_walking,False,2.3343825340270996,-0.000511849473696202,-0.0011948524714473774
22164,41.5,-0.004149198532104492,5,lag_14__CT_place_RUINS,CT_place_RUINS,False,3.493913412094116,0.0003368560574017465,0.0011769458969011076
22164,41.5,-0.004149198532104492,6,lag_12__T1__is_walking,T1__is_walking,False,-2.281590461730957,-0.00046226225094869733,0.0010546931425828299
22164,41.5,-0.004149198532104492,7,lag_15__T1__is_walking,T1__is_walking,False,2.281590461730957,-0.0004290357755962759,-0.0009788839333418065
22164,41.5,-0.004149198532104492,8,lag_07__CT3__duck_amount,CT3__duck_amount,False,-2.341085910797119,0.0004050003772135824,-0.0009481406769622364
22164,41.5,-0.004149198532104492,9,lag_07__CT_place_RUINS,CT_place_RUINS,False,-3.493913412094116,0.00024391416809521616,-0.0008522149833076545
22164,41.5,-0.004149198532104492,10,lag_12__CT5__duck_amount,CT5__duck_amount,False,3.7749595642089844,-0.00020855051116086543,-0.0007872697467273815
22164,41.5,-0.004149198532104492,11,lag_04__CT3__is_scoped,CT3__is_scoped,False,-4.548114776611328,-0.00016543063975404948,0.0007523975371696578
22164,41.5,-0.004149198532104492,12,lag_00__T5__is_walking,T5__is_walking,False,-2.3193888664245605,0.0003229015856049955,-0.0007489343426030637
22164,41.5,-0.004149198532104492,13,lag_13__CT4__is_walking,CT4__is_walking,False,2.384641170501709,-0.00029896822525188327,-0.0007129319386074695
22164,41.5,-0.004149198532104492,14,lag_04__T5__is_walking,T5__is_walking,False,2.3193888664245605,-0.0002868361189030111,-0.0006652845006720753
22164,41.5,-0.004149198532104492,15,lag_12__CT_place_RUINS,CT_place_RUINS,False,3.493913412094116,0.00018222448125015944,0.0006366765590518249
22164,41.5,-0.004149198532104492,16,lag_07__T_duck_amount_mean,T_duck_amount_mean,False,2.9079365730285645,-0.000210894548217766,-0.0006132679698147778
22164,41.5,-0.004149198532104492,17,lag_08__damage_diff_last_5s,damage_diff_last_5s,False,1.7145439386367798,0.00034802977461367846,0.000596712340529007
22164,41.5,-0.004149198532104492,18,lag_06__T_flash_duration_sum,T_flash_duration_sum,True,-3.3388726711273193,0.00017678170115686953,-0.0005902515907480685
22164,41.5,-0.004149198532104492,19,lag_00__CT_A_site_active_infernos,CT_A_site_active_infernos,True,-3.5290777683258057,0.0001512782764621079,-0.00053387280229307
22164,41.5,-0.004149198532104492,20,lag_02__CT_place_PIT,CT_place_PIT,False,-4.305429458618164,-0.0001236035895999521,0.0005321665358545835
21076,24.5,0.004000484943389893,1,lag_12__T_place_BALCONY,T_place_BALCONY,False,-13.751577377319336,-0.00012302229879423976,0.0016917506610046873
21076,24.5,0.004000484943389893,2,lag_10__T3__is_walking,T3__is_walking,False,-2.3223767280578613,-0.000508095312397927,0.0011799887291482347
21076,24.5,0.004000484943389893,3,lag_12__T1__is_walking,T1__is_walking,False,2.281590461730957,-0.00046226225094869733,-0.0010546931425828299
21076,24.5,0.004000484943389893,4,lag_11__CT_place_RUINS,CT_place_RUINS,False,-3.493913412094116,0.00029458990320563316,-0.0010292716138776692
21076,24.5,0.004000484943389893,5,lag_00__CT4__is_walking,CT4__is_walking,False,2.384641170501709,0.00041614967631176114,0.0009923676512239854
21076,24.5,0.004000484943389893,6,lag_09__T2__is_walking,T2__is_walking,False,2.2968344688415527,-0.0004139369120821357,-0.0009507445675960846
21076,24.5,0.004000484943389893,7,lag_01__T5__duck_amount,T5__duck_amount,False,-2.3521690368652344,-0.00038160450640134513,0.0008975983042854851
21076,24.5,0.004000484943389893,8,lag_13__T3__is_walking,T3__is_walking,False,2.3223767280578613,-0.0003833354276139289,-0.0008902492761306974
21076,24.5,0.004000484943389893,9,lag_07__CT5__flash_duration,CT5__flash_duration,True,-6.908468246459961,0.00012084587069693953,-0.000834859860425613
21076,24.5,0.004000484943389893,10,lag_07__CT5__duck_amount,CT5__duck_amount,False,3.7749595642089844,-0.00021388694585766643,-0.0008074145719248471
21076,24.5,0.004000484943389893,11,lag_00__T5__is_walking,T5__is_walking,False,-2.3193888664245605,0.0003229015856049955,-0.0007489343426030637
21076,24.5,0.004000484943389893,12,lag_14__CT_utility_damage_last_5s,CT_utility_damage_last_5s,True,-5.8336615562438965,0.00012720875383820385,-0.000742092816883623
21076,24.5,0.004000484943389893,13,lag_13__CT4__is_walking,CT4__is_walking,False,-2.384641170501709,-0.00029896822525188327,0.0007129319386074695
21076,24.5,0.004000484943389893,14,lag_06__utility_damage_diff_last_5s,utility_damage_diff_last_5s,True,-4.514250755310059,0.000151630854816176,-0.0006844997008822323
21076,24.5,0.004000484943389893,15,lag_07__CT4__is_walking,CT4__is_walking,False,2.384641170501709,0.0002773735031951219,0.000661436275325375
21076,24.5,0.004000484943389893,16,lag_10__T1__is_walking,T1__is_walking,False,-2.281590461730957,-0.00028323993319645524,0.0006462375299623457
21076,24.5,0.004000484943389893,17,lag_11__T5__duck_amount,T5__duck_amount,False,3.3547582626342773,0.00017955948715098202,0.0006023786731541303
21076,24.5,0.004000484943389893,18,lag_13__T1__is_walking,T1__is_walking,False,-2.281590461730957,-0.00024934482644312084,0.0005689027776945854
21076,24.5,0.004000484943389893,19,lag_06__T_utility_damage_last_5s,T_utility_damage_last_5s,True,8.42352294921875,-6.71533343847841e-05,-0.0005656676533067895
21076,24.5,0.004000484943389893,20,lag_04__CT_shots_fired_sum,CT_shots_fired_sum,False,-3.4737050533294678,-0.00016180954116862267,0.0005620786208343671
25716,97.0,0.003947198390960693,1,lag_12__T_place_QUAD,T_place_QUAD,False,-24.086305618286133,0.0006503915647044778,-0.015665529999027372
25716,97.0,0.003947198390960693,2,lag_11__T_place_QUAD,T_place_QUAD,False,-24.086301803588867,0.0005895704962313175,-0.014200572906719167
25716,97.0,0.003947198390960693,3,lag_13__T_place_QUAD,T_place_QUAD,False,24.086305618286133,0.0005037725204601884,0.012134018889898401
25716,97.0,0.003947198390960693,4,lag_15__T_place_QUAD,T_place_QUAD,False,24.086301803588867,0.0002682017511688173,0.006459988322903176
25716,97.0,0.003947198390960693,5,lag_10__T_place_ARCH,T_place_ARCH,False,9.303513526916504,0.0005716407322324812,0.005318267284861344
25716,97.0,0.003947198390960693,6,lag_00__T_place_ARCH,T_place_ARCH,False,-9.303513526916504,0.0004236210079398006,-0.003941163777653939
25716,97.0,0.003947198390960693,7,lag_15__CT_place_RUINS,CT_place_RUINS,False,3.493913412094116,0.0005673986743204296,0.0019824418382125703
25716,97.0,0.003947198390960693,8,lag_07__CT3__duck_amount,CT3__duck_amount,False,3.417881488800049,0.0004050003772135824,0.0013842432922353404
25716,97.0,0.003947198390960693,9,lag_11__CT3__is_scoped,CT3__is_scoped,False,-4.548114776611328,0.00023004694958217442,-0.0010462799307090487
25716,97.0,0.003947198390960693,10,lag_07__damage_diff_last_5s,damage_diff_last_5s,False,2.07550048828125,0.00046367954928427935,0.0009623671309455517
25716,97.0,0.003947198390960693,11,lag_07__CT3__is_scoped,CT3__is_scoped,False,4.548114776611328,0.0001922546944115311,0.0008743964165259799
25716,97.0,0.003947198390960693,12,lag_09__T_A_site_active_infernos,T_A_site_active_infernos,True,2.9764554500579834,0.0002899375685956329,0.000862986256223032
25716,97.0,0.003947198390960693,13,lag_12__CT1__is_walking,CT1__is_walking,False,-2.3343825340270996,-0.000309669878333807,0.000722887955296736
25716,97.0,0.003947198390960693,14,lag_11__T5__duck_amount,T5__duck_amount,False,-3.7970333099365234,0.00017955948715098202,-0.0006817933538273979
25716,97.0,0.003947198390960693,15,lag_04__CT_shots_fired_sum,CT_shots_fired_sum,False,-4.168446063995361,-0.00016180954116862267,0.0006744943450012406
25716,97.0,0.003947198390960693,16,lag_07__kill_diff_last_3s,kill_diff_last_3s,False,2.4069459438323975,0.00026975563378073275,0.0006492872285544724
25716,97.0,0.003947198390960693,17,lag_06__CT3__duck_amount,CT3__duck_amount,False,-3.417881488800049,0.00018562973127700388,-0.000634460422302599
25716,97.0,0.003947198390960693,18,lag_05__CT_kills_last_3s,CT_kills_last_3s,False,2.8871402740478516,0.00019618053920567036,0.0005664007357251144
25716,97.0,0.003947198390960693,19,lag_01__kill_diff_last_3s,kill_diff_last_3s,False,-2.4069459438323975,0.00022137847554404289,-0.0005328460237625336
25716,97.0,0.003947198390960693,20,lag_06__T_shots_fired_sum,T_shots_fired_sum,False,2.249211311340332,-0.0002169088984373957,-0.00048787394789576166
22420,45.5,-0.0038770437240600586,1,lag_10__CT_place_LIBRARY,CT_place_LIBRARY,False,6.411735534667969,0.0004436760500539094,0.0028447334960117754
22420,45.5,-0.0038770437240600586,2,lag_05__CT_place_LIBRARY,CT_place_LIBRARY,False,-6.411735534667969,0.0003891380038112402,-0.0024950499669262882
22420,45.5,-0.0038770437240600586,3,lag_15__CT_place_RUINS,CT_place_RUINS,False,-3.493913412094116,0.0005673986743204296,-0.0019824418382125703
22420,45.5,-0.0038770437240600586,4,lag_07__T5__duck_amount,T5__duck_amount,False,3.7970333099365234,-0.00035408823168836534,-0.0013444848103772444
22420,45.5,-0.0038770437240600586,5,lag_10__CT_place_PIT,CT_place_PIT,False,-4.305429458618164,-0.00024490978103131056,0.0010544417859559285
22420,45.5,-0.0038770437240600586,6,lag_00__CT4__is_walking,CT4__is_walking,False,-2.384641170501709,0.00041614967631176114,-0.0009923676512239854
22420,45.5,-0.0038770437240600586,7,lag_15__T1__is_walking,T1__is_walking,False,-2.281590461730957,-0.0004290357755962759,0.0009788839333418065
22420,45.5,-0.0038770437240600586,8,lag_13__CT4__is_walking,CT4__is_walking,False,-2.384641170501709,-0.00029896822525188327,0.0007129319386074695
22420,45.5,-0.0038770437240600586,9,lag_15__CT3__duck_amount,CT3__duck_amount,False,-2.341085910797119,0.000294158176984638,-0.0006886495636845014
22420,45.5,-0.0038770437240600586,10,lag_14__T3__flash_duration,T3__flash_duration,True,-8.012818336486816,7.893865404184908e-05,-0.0006325210945641174
22420,45.5,-0.0038770437240600586,11,lag_05__T3__is_walking,T3__is_walking,False,2.3223767280578613,-0.0002565539034549147,-0.0005958148148760972
22420,45.5,-0.0038770437240600586,12,lag_07__CT_A_site_active_infernos,CT_A_site_active_infernos,True,-3.5290780067443848,0.00015814944345038384,-0.0005581217226596144
22420,45.5,-0.0038770437240600586,13,lag_12__CT4__is_walking,CT4__is_walking,False,2.384641170501709,0.00022991163132246584,0.0005482567416287623
22420,45.5,-0.0038770437240600586,14,lag_02__T2__is_walking,T2__is_walking,False,2.2968344688415527,0.00023686708300374448,0.0005440444807769534
22420,45.5,-0.0038770437240600586,15,lag_06__CT5__is_walking,CT5__is_walking,False,-2.396676540374756,0.00021903045126236975,-0.0005249451441682179
22420,45.5,-0.0038770437240600586,16,lag_15__T_duck_amount_mean,T_duck_amount_mean,False,2.9079365730285645,0.00017935999494511634,0.0005215674890391223
22420,45.5,-0.0038770437240600586,17,lag_08__T5__is_walking,T5__is_walking,False,-2.3193888664245605,0.00022376292326953262,-0.0005189932329499672
22420,45.5,-0.0038770437240600586,18,lag_15__CT2__is_walking,CT2__is_walking,False,-2.360051155090332,-0.00021865716553293169,0.0005160420960847734
22420,45.5,-0.0038770437240600586,19,lag_04__T2__is_walking,T2__is_walking,False,-2.2968344688415527,0.00022318522678688169,-0.0005126195218203289
22420,45.5,-0.0038770437240600586,20,lag_12__T_walking_count,T_walking_count,False,1.5941797494888306,-0.00031240619136951864,-0.0004980316238962189
22100,40.5,-0.0038734078407287598,1,lag_08__CT3__is_scoped,CT3__is_scoped,False,4.548114776611328,0.0004639232938643545,0.00210997638803867
22100,40.5,-0.0038734078407287598,2,lag_00__CT_place_PIT,CT_place_PIT,False,-4.305429458618164,0.00043534341966733336,-0.0018743403836513073
22100,40.5,-0.0038734078407287598,3,lag_02__CT3__is_scoped,CT3__is_scoped,False,-4.548114776611328,0.00037722685374319553,-0.001715671027644028
22100,40.5,-0.0038734078407287598,4,lag_04__T3__flash_duration,T3__flash_duration,True,-8.012818336486816,0.00019246491137892008,-0.001542186371027321
22100,40.5,-0.0038734078407287598,5,lag_07__CT3__duck_amount,CT3__duck_amount,False,3.7208433151245117,0.0004050003772135824,0.0015069429461780637
22100,40.5,-0.0038734078407287598,6,lag_00__CT_place_LIBRARY,CT_place_LIBRARY,False,6.411735534667969,-0.00019607823924161494,-0.0012572018141205898
22100,40.5,-0.0038734078407287598,7,lag_05__CT3__duck_amount,CT3__duck_amount,False,-2.341085910797119,0.00039905583253130317,-0.0009342239871604485
22100,40.5,-0.0038734078407287598,8,lag_07__CT5__duck_amount,CT5__duck_amount,False,-3.7749595642089844,-0.00021388694585766643,0.0008074145719248471
22100,40.5,-0.0038734078407287598,9,lag_02__T2__duck_amount,T2__duck_amount,False,-3.8233180046081543,-0.0001887143444037065,0.0007215149506865151
22100,40.5,-0.0038734078407287598,10,lag_03__T2__duck_amount,T2__duck_amount,False,3.8233180046081543,-0.00017324090003967285,-0.0006623550522562027
22100,40.5,-0.0038734078407287598,11,lag_10__T1__is_walking,T1__is_walking,False,-2.281590461730957,-0.00028323993319645524,0.0006462375299623457
22100,40.5,-0.0038734078407287598,12,lag_12__CT_place_RUINS,CT_place_RUINS,False,3.493913412094116,0.00018222448125015944,0.0006366765590518249
22100,40.5,-0.0038734078407287598,13,lag_15__T2__is_walking,T2__is_walking,False,-2.2968344688415527,-0.0002563920570537448,0.000588890114178231
22100,40.5,-0.0038734078407287598,14,lag_13__T1__is_walking,T1__is_walking,False,2.281590461730957,-0.00024934482644312084,-0.0005689027776945854
22100,40.5,-0.0038734078407287598,15,lag_02__T2__is_walking,T2__is_walking,False,2.2968344688415527,0.00023686708300374448,0.0005440444807769534
22100,40.5,-0.0038734078407287598,16,lag_15__CT2__is_walking,CT2__is_walking,False,-2.360051155090332,-0.00021865716553293169,0.0005160420960847734
22100,40.5,-0.0038734078407287598,17,lag_04__T2__is_walking,T2__is_walking,False,-2.2968344688415527,0.00022318522678688169,-0.0005126195218203289
22100,40.5,-0.0038734078407287598,18,lag_05__T1__is_walking,T1__is_walking,False,-2.281590461730957,0.00022142103989608586,-0.0005051921326534592
22100,40.5,-0.0038734078407287598,19,lag_04__T_flash_duration_sum,T_flash_duration_sum,True,-3.3388726711273193,0.0001459948398405686,-0.00048745818086928447
22100,40.5,-0.0038734078407287598,20,lag_08__CT2__duck_amount,CT2__duck_amount,False,-3.4367940425872803,-0.0001415334700141102,0.00048642138657119943
22548,47.5,-0.003675520420074463,1,lag_09__CT_place_LIBRARY,CT_place_LIBRARY,False,-6.411735534667969,0.0007052535656839609,-0.0045218993480471426
22548,47.5,-0.003675520420074463,2,lag_14__CT_place_LIBRARY,CT_place_LIBRARY,False,6.411735534667969,0.0005110358470119536,0.0032766266997756865
22548,47.5,-0.003675520420074463,3,lag_05__CT_place_PIT,CT_place_PIT,False,4.305429458618164,-0.00025964624364860356,-0.0011178885862242471
22548,47.5,-0.003675520420074463,4,lag_03__T2__is_walking,T2__is_walking,False,-2.2968344688415527,0.0003802203282248229,-0.0008733031556210219
22548,47.5,-0.003675520420074463,5,lag_12__CT1__is_walking,CT1__is_walking,False,-2.3343825340270996,-0.000309669878333807,0.000722887955296736
22548,47.5,-0.003675520420074463,6,lag_11__T5__duck_amount,T5__duck_amount,False,3.7970333099365234,0.00017955948715098202,0.0006817933538273979
22548,47.5,-0.003675520420074463,7,lag_09__T1__duck_amount,T1__duck_amount,False,-3.915480136871338,0.00016913769650273025,-0.000662255291052613
22548,47.5,-0.003675520420074463,8,lag_07__CT4__is_walking,CT4__is_walking,False,-2.384641170501709,0.0002773735031951219,-0.000661436275325375
22548,47.5,-0.003675520420074463,9,lag_04__CT_B_site_active_infernos,CT_B_site_active_infernos,True,3.435478687286377,-0.0001882804644992575,-0.0006468335230195785
22548,47.5,-0.003675520420074463,10,lag_00__T3__duck_amount,T3__duck_amount,False,3.7704498767852783,0.00016285540186800063,0.00061403812990702
22548,47.5,-0.003675520420074463,11,lag_09__T3__is_walking,T3__is_walking,False,2.3223767280578613,-0.00026113848434761167,-0.0006064619388491954
22548,47.5,-0.003675520420074463,12,lag_11__T2__is_walking,T2__is_walking,False,2.2968344688415527,-0.0002626851201057434,-0.0006033442383106546
22548,47.5,-0.003675520420074463,13,lag_12__CT1__duck_amount,CT1__duck_amount,False,1.5201579332351685,0.00036668599932454526,0.0005574206308794731
22548,47.5,-0.003675520420074463,14,lag_02__T2__is_walking,T2__is_walking,False,2.2968344688415527,0.00023686708300374448,0.0005440444807769534
22548,47.5,-0.003675520420074463,15,lag_12__T_walking_count,T_walking_count,False,-1.5941797494888306,-0.00031240619136951864,0.0004980316238962189
22548,47.5,-0.003675520420074463,16,lag_04__T3__is_walking,T3__is_walking,False,2.3223767280578613,0.00019652220362331718,0.00045639859224144014
22548,47.5,-0.003675520420074463,17,lag_12__T5__is_walking,T5__is_walking,False,-2.3193888664245605,-0.00019659775716718286,0.0004559866491376033
22548,47.5,-0.003675520420074463,18,lag_07__T3__is_walking,T3__is_walking,False,-2.3223767280578613,0.00019229709869250655,-0.000446586306876523
22548,47.5,-0.003675520420074463,19,lag_03__T_walking_count,T_walking_count,False,-1.594179630279541,0.0002763132506515831,-0.00044049295576507885
22548,47.5,-0.003675520420074463,20,lag_08__T2__is_walking,T2__is_walking,False,-2.2968344688415527,-0.0001912346197059378,0.000439234266176404
23604,64.0,-0.0033690929412841797,1,lag_12__CT_place_LIBRARY,CT_place_LIBRARY,False,6.411735534667969,0.0007258421974256635,0.00465390820979561
23604,64.0,-0.0033690929412841797,2,lag_06__CT_place_LIBRARY,CT_place_LIBRARY,False,-6.411735534667969,0.00036129826912656426,-0.002316548950772823
23604,64.0,-0.0033690929412841797,3,lag_08__CT3__is_scoped,CT3__is_scoped,False,-4.548114776611328,0.0004639232938643545,-0.00210997638803867
23604,64.0,-0.0033690929412841797,4,lag_00__T2__duck_amount,T2__duck_amount,False,-3.034114122390747,-0.00044543834519572556,0.0013515107738127155
23604,64.0,-0.0033690929412841797,5,lag_15__CT4__is_walking,CT4__is_walking,False,2.384641170501709,-0.0005655502900481224,-0.0013486345056379356
23604,64.0,-0.0033690929412841797,6,lag_08__T3__is_walking,T3__is_walking,False,-2.3223767280578613,-0.0005422991816885769,0.001259422999198373
23604,64.0,-0.0033690929412841797,7,lag_08__CT3__duck_amount,CT3__duck_amount,False,-3.7208433151245117,0.0002951358037535101,-0.001098154082450148
23604,64.0,-0.0033690929412841797,8,lag_00__CT4__is_walking,CT4__is_walking,False,2.384641170501709,0.00041614967631176114,0.0009923676512239854
23604,64.0,-0.0033690929412841797,9,lag_14__T1__is_walking,T1__is_walking,False,-2.281590461730957,-0.0004045722307637334,0.0009230681427917498
23604,64.0,-0.0033690929412841797,10,lag_03__T2__is_walking,T2__is_walking,False,-2.2968344688415527,0.0003802203282248229,-0.0008733031556210219
23604,64.0,-0.0033690929412841797,11,lag_07__CT_place_RUINS,CT_place_RUINS,False,3.493913412094116,0.00024391416809521616,0.0008522149833076545
23604,64.0,-0.0033690929412841797,12,lag_09__CT3__flash_duration,CT3__flash_duration,True,7.249464988708496,0.0001172818592749536,0.000850230732624413
23604,64.0,-0.0033690929412841797,13,lag_04__CT_flashed_players,CT_flashed_players,False,-2.1899399757385254,0.0003391584032215178,-0.0007427365453224477
23604,64.0,-0.0033690929412841797,14,lag_02__T2__duck_amount,T2__duck_amount,False,3.8233180046081543,-0.0001887143444037065,-0.0007215149506865151
23604,64.0,-0.0033690929412841797,15,lag_04__T5__is_walking,T5__is_walking,False,2.3193888664245605,-0.0002868361189030111,-0.0006652845006720753
23604,64.0,-0.0033690929412841797,16,lag_03__T5__flash_duration,T5__flash_duration,True,-2.83266282081604,0.00023481110110878944,-0.0006651406760257439
23604,64.0,-0.0033690929412841797,17,lag_00__T_place_TOPOFMID,T_place_TOPOFMID,False,2.0359649658203125,-0.0002694912545848638,-0.0005486747529297453
23604,64.0,-0.0033690929412841797,18,lag_03__T_flashed_players,T_flashed_players,False,-1.9296237230300903,0.00027336293715052307,-0.0005274876085228329
23604,64.0,-0.0033690929412841797,19,lag_15__CT1__is_walking,CT1__is_walking,False,-2.3343825340270996,-0.00021444071899168193,0.0005005866689983957
23604,64.0,-0.0033690929412841797,20,lag_12__T3__is_walking,T3__is_walking,False,2.3223767280578613,-0.00019371029338799417,-0.00044986827734953827
19636,2.0,-0.00312882661819458,1,lag_04__T_closest_enemy_dist,T_closest_enemy_dist,False,4.026003360748291,-0.00013421506446320564,-0.0005403503005919144
19636,2.0,-0.00312882661819458,2,lag_04__centroid_distance_xy,centroid_distance_xy,False,3.842611789703369,-0.00012351346958894283,-0.00047461431442964025
19636,2.0,-0.00312882661819458,3,lag_04__CT_closest_enemy_dist,CT_closest_enemy_dist,False,4.124736785888672,-0.00010505069803912193,-0.0004333064785852492
19636,2.0,-0.00312882661819458,4,lag_03__CT_velocity_mean,CT_velocity_mean,False,3.392946720123291,-0.00010087706323247403,-0.0003422705008302926
19636,2.0,-0.00312882661819458,5,lag_04__T_unique_places,T_unique_places,False,-1.3668794631958008,-0.0001875389862107113,0.00025634318879998175
19636,2.0,-0.00312882661819458,6,lag_04__T_mean_X,T_mean_X,False,-1.6327497959136963,0.000152507665916346,-0.00024900686040018813
19636,2.0,-0.00312882661819458,7,lag_04__T5__X,T5__X,False,-1.4835658073425293,0.00015809752221684903,-0.0002345480781864931
19636,2.0,-0.00312882661819458,8,lag_04__CT2__X,CT2__X,False,1.8969999551773071,0.00011578435805859044,0.00021964292204737935
19636,2.0,-0.00312882661819458,9,lag_04__CT3__flash,CT3__flash,True,3.01554012298584,7.187686424003914e-05,0.00021674756803024414
19636,2.0,-0.00312882661819458,10,lag_04__CT1__molly,CT1__molly,True,1.985326886177063,0.00010600899258861318,0.00021046250316271876
19636,2.0,-0.00312882661819458,11,lag_04__CT_mean_X,CT_mean_X,False,2.121032476425171,9.885160397971049e-05,0.00020966746238768562
19636,2.0,-0.00312882661819458,12,lag_04__CT3__molly,CT3__molly,True,1.958473563194275,0.00010462106001796201,0.00020489758019854015
19636,2.0,-0.00312882661819458,13,lag_04__CT1__X,CT1__X,False,1.7887383699417114,0.00011419051588745788,0.0002042569572513345
19636,2.0,-0.00312882661819458,14,lag_04__CT4__molly,CT4__molly,True,1.950421929359436,-0.00010100523650180548,-0.00019700282825325759
19636,2.0,-0.00312882661819458,15,lag_04__T_macro_MID,T_macro_MID,False,-0.5295454859733582,-0.00035815092269331217,0.00018965720440943662
19636,2.0,-0.00312882661819458,16,lag_04__T_molly_inv,T_molly_inv,True,2.267718553543091,-7.971091690706089e-05,-0.00018076192519007363
19636,2.0,-0.00312882661819458,17,lag_04__CT_molly_inv,CT_molly_inv,True,2.9876954555511475,5.8398301916895434e-05,0.00017447634124901235
19636,2.0,-0.00312882661819458,18,lag_04__T1__X,T1__X,False,-1.4518778324127197,0.00011891817848663777,-0.00017265466721564857
19636,2.0,-0.00312882661819458,19,lag_04__T5__is_walking,T5__is_walking,False,-0.5724201202392578,-0.0002868361189030111,0.00016419076567142366
19636,2.0,-0.00312882661819458,20,lag_00__T_velocity_mean,T_velocity_mean,False,0.8657850027084351,-0.00018781340622808784,-0.00016260603041986545
24724,81.5,0.0030191540718078613,1,lag_10__CT3__is_scoped,CT3__is_scoped,False,-4.548114776611328,0.0003579595359042287,-0.0016280410546749557
24724,81.5,0.0030191540718078613,2,lag_12__CT1__duck_amount,CT1__duck_amount,False,-3.8154516220092773,0.00036668599932454526,-0.001399072690890929
24724,81.5,0.0030191540718078613,3,lag_10__T3__is_walking,T3__is_walking,False,-2.3223767280578613,-0.000508095312397927,0.0011799887291482347
24724,81.5,0.0030191540718078613,4,lag_15__CT3__duck_amount,CT3__duck_amount,False,-3.7208433151245117,0.000294158176984638,-0.0010945164864225032
24724,81.5,0.0030191540718078613,5,lag_01__T3__is_walking,T3__is_walking,False,2.3223767280578613,0.0004288530326448381,0.0009959583027714103
24724,81.5,0.0030191540718078613,6,lag_07__T5__duck_amount,T5__duck_amount,False,-2.710141181945801,-0.00035408823168836534,0.000959629098741005
24724,81.5,0.0030191540718078613,7,lag_14__T1__is_walking,T1__is_walking,False,-2.281590461730957,-0.0004045722307637334,0.0009230681427917498
24724,81.5,0.0030191540718078613,8,lag_01__T2__is_walking,T2__is_walking,False,2.2968344688415527,0.00036613643169403076,0.0008409547766135006
24724,81.5,0.0030191540718078613,9,lag_12__CT1__is_walking,CT1__is_walking,False,2.3343825340270996,-0.000309669878333807,-0.000722887955296736
24724,81.5,0.0030191540718078613,10,lag_11__T_place_MIDDLE,T_place_MIDDLE,False,1.6254756450653076,-0.0004282974696252495,-0.0006961871057189414
24724,81.5,0.0030191540718078613,11,lag_07__CT4__is_walking,CT4__is_walking,False,-2.384641170501709,0.0002773735031951219,-0.000661436275325375
24724,81.5,0.0030191540718078613,12,lag_09__CT_place_PIT,CT_place_PIT,False,-4.305429458618164,-0.00014022049435880035,0.0006037094471143811
24724,81.5,0.0030191540718078613,13,lag_03__CT_place_LIBRARY,CT_place_LIBRARY,False,-6.411735534667969,-9.244997636415064e-05,0.0005927647986332385
24724,81.5,0.0030191540718078613,14,lag_12__CT4__is_walking,CT4__is_walking,False,-2.384641170501709,0.00022991163132246584,-0.0005482567416287623
24724,81.5,0.0030191540718078613,15,lag_01__T_walking_count,T_walking_count,False,1.594179630279541,0.0003355855878908187,0.0005349837084309278
24724,81.5,0.0030191540718078613,16,lag_09__CT4__is_walking,CT4__is_walking,False,-2.384641170501709,-0.0002161425945814699,0.0005154225297380327
24724,81.5,0.0030191540718078613,17,lag_02__CT4__duck_amount,CT4__duck_amount,False,-3.6725916862487793,-0.00014020180969964713,0.0005149040006999575
24724,81.5,0.0030191540718078613,18,lag_05__T1__is_walking,T1__is_walking,False,2.281590461730957,0.00022142103989608586,0.0005051921326534592
24724,81.5,0.0030191540718078613,19,lag_09__CT5__duck_amount,CT5__duck_amount,False,-3.7749595642089844,-0.00013305858010426164,0.0005022907595646497
24724,81.5,0.0030191540718078613,20,lag_03__CT4__duck_amount,CT4__duck_amount,False,3.6725916862487793,-0.0001292752131121233,-0.00047477507291362325
21332,28.5,0.0030124783515930176,1,lag_06__CT_place_LIBRARY,CT_place_LIBRARY,False,6.411735534667969,0.00036129826912656426,0.002316548950772823
21332,28.5,0.0030124783515930176,2,lag_01__CT_place_LIBRARY,CT_place_LIBRARY,False,-6.411735534667969,0.00026709443773142993,-0.0017125388975147704
21332,28.5,0.0030124783515930176,3,lag_15__CT4__is_walking,CT4__is_walking,False,2.384641170501709,-0.0005655502900481224,-0.0013486345056379356
21332,28.5,0.0030124783515930176,4,lag_14__T_utility_damage_last_5s,T_utility_damage_last_5s,True,8.42352294921875,0.00015961007738951594,0.0013444791498171682
21332,28.5,0.0030124783515930176,5,lag_10__CT_shots_fired_sum,CT_shots_fired_sum,False,4.168446063995361,0.0003189623821526766,0.001329577486446909
21332,28.5,0.0030124783515930176,6,lag_07__T5__duck_amount,T5__duck_amount,False,3.4749693870544434,-0.00035408823168836534,-0.0012304457654333106
21332,28.5,0.0030124783515930176,7,lag_01__CT_place_BALCONY,CT_place_BALCONY,False,-6.417822360992432,-0.00015915892436169088,0.0010214537037199628
21332,28.5,0.0030124783515930176,8,lag_03__T2__is_walking,T2__is_walking,False,2.2968344688415527,0.0003802203282248229,0.0008733031556210219
21332,28.5,0.0030124783515930176,9,lag_15__CT5__duck_amount,CT5__duck_amount,False,3.7749595642089844,0.00022589717991650105,0.0008527527198536333
21332,28.5,0.0030124783515930176,10,lag_04__T_shots_fired_sum,T_shots_fired_sum,False,3.748684883117676,0.00022539634665008634,0.0008449398773971301
21332,28.5,0.0030124783515930176,11,lag_15__CT5__flash_duration,CT5__flash_duration,True,-6.908468246459961,0.00011917306255782023,-0.0008233033185140876
21332,28.5,0.0030124783515930176,12,lag_06__T_shots_fired_sum,T_shots_fired_sum,False,3.748685836791992,-0.0002169088984373957,-0.0008131233154464179
21332,28.5,0.0030124783515930176,13,lag_10__T2__is_walking,T2__is_walking,False,-2.2968344688415527,-0.00034644853440113366,0.0007957349354921622
21332,28.5,0.0030124783515930176,14,lag_03__CT_shots_fired_sum,CT_shots_fired_sum,False,4.168445587158203,-0.0001893786684377119,-0.0007894146747510766
21332,28.5,0.0030124783515930176,15,lag_08__T_shots_fired_sum,T_shots_fired_sum,False,3.748685359954834,-0.0001874749141279608,-0.0007027844659502763
21332,28.5,0.0030124783515930176,16,lag_10__T_walking_count,T_walking_count,False,-1.5941797494888306,-0.0004313217359595001,0.0006876043769810034
21332,28.5,0.0030124783515930176,17,lag_06__T5__duck_amount,T5__duck_amount,False,-3.7970333099365234,-0.00017637024575378746,0.0006696836980088217
21332,28.5,0.0030124783515930176,18,lag_07__CT4__is_walking,CT4__is_walking,False,-2.384641170501709,0.0002773735031951219,-0.000661436275325375
21332,28.5,0.0030124783515930176,19,lag_05__T_shots_fired_sum,T_shots_fired_sum,False,3.748684883117676,-0.0001706383773125708,-0.0006396695055113644
21332,28.5,0.0030124783515930176,20,lag_00__T3__flash_duration,T3__flash_duration,True,1.3516031503677368,0.0004666921158786863,0.0006307825340734173
21012,23.5,-0.0030090808868408203,1,lag_10__T_place_BALCONY,T_place_BALCONY,False,-13.751577377319336,-0.00022889123647473752,0.003147615549372651
21012,23.5,-0.0030090808868408203,2,lag_00__CT_shots_fired_sum,CT_shots_fired_sum,False,4.168446063995361,0.0004820862668566406,0.002009550601584781
21012,23.5,-0.0030090808868408203,3,lag_15__CT_place_RUINS,CT_place_RUINS,False,-3.493913412094116,0.0005673986743204296,-0.0019824418382125703
21012,23.5,-0.0030090808868408203,4,lag_05__CT5__flash_duration,CT5__flash_duration,True,-6.908468246459961,0.00025224857381545007,-0.0017426512624188484
21012,23.5,-0.0030090808868408203,5,lag_12__T_place_BALCONY,T_place_BALCONY,False,13.751577377319336,-0.00012302229879423976,-0.0016917506610046873
21012,23.5,-0.0030090808868408203,6,lag_15__T5__duck_amount,T5__duck_amount,False,3.7970333099365234,0.0004413787683006376,0.0016759298855362759
21012,23.5,-0.0030090808868408203,7,lag_08__T3__is_walking,T3__is_walking,False,-2.3223767280578613,-0.0005422991816885769,0.001259422999198373
21012,23.5,-0.0030090808868408203,8,lag_10__T3__flash_duration,T3__flash_duration,True,-4.344386577606201,0.0002820858499035239,-0.0012254899800535068
21012,23.5,-0.0030090808868408203,9,lag_14__CT_place_RUINS,CT_place_RUINS,False,3.493913412094116,0.0003368560574017465,0.0011769458969011076
21012,23.5,-0.0030090808868408203,10,lag_12__CT_utility_damage_last_5s,CT_utility_damage_last_5s,True,-5.8336615562438965,0.00015783200797159225,-0.0009207385172486579
21012,23.5,-0.0030090808868408203,11,lag_05__CT_flash_duration_sum,CT_flash_duration_sum,True,-3.185965061187744,0.00026119608082808554,-0.0008321615876374505
21012,23.5,-0.0030090808868408203,12,lag_10__T2__is_walking,T2__is_walking,False,-2.2968344688415527,-0.00034644853440113366,0.0007957349354921622
21012,23.5,-0.0030090808868408203,13,lag_00__T5__is_walking,T5__is_walking,False,-2.3193888664245605,0.0003229015856049955,-0.0007489343426030637
21012,23.5,-0.0030090808868408203,14,lag_09__T5__duck_amount,T5__duck_amount,False,3.3547582626342773,-0.00022067248937673867,-0.0007403028570726888
21012,23.5,-0.0030090808868408203,15,lag_12__utility_damage_diff_last_5s,utility_damage_diff_last_5s,True,-4.7851057052612305,0.00014980552077759057,-0.0007168352521524785
21012,23.5,-0.0030090808868408203,16,lag_00__CT5__shots_fired,CT5__shots_fired,False,3.1728436946868896,0.00022445274225901812,0.0007121534680317072
21012,23.5,-0.0030090808868408203,17,lag_12__T_place_SECONDMID,T_place_SECONDMID,False,-3.2740612030029297,0.00021569138334598392,-0.0007061867900351182
21012,23.5,-0.0030090808868408203,18,lag_14__T5__duck_amount,T5__duck_amount,False,-3.7970333099365234,0.00018079204892273992,-0.000686473431931317
21012,23.5,-0.0030090808868408203,19,lag_03__CT_shots_fired_sum,CT_shots_fired_sum,False,3.4737050533294678,-0.0001893786684377119,-0.0006578456375448856
21012,23.5,-0.0030090808868408203,20,lag_05__CT_flashed_players,CT_flashed_players,False,-2.1899399757385254,0.00029526924481615424,-0.0006466219228290215
22132,41.0,0.0029540657997131348,1,lag_03__CT3__is_scoped,CT3__is_scoped,False,-4.548114776611328,0.0006030839867889881,-0.002742895191852668
22132,41.0,0.0029540657997131348,2,lag_09__CT3__is_scoped,CT3__is_scoped,False,4.548114776611328,0.0004836305452045053,0.0021996072290652036
22132,41.0,0.0029540657997131348,3,lag_01__CT_place_LIBRARY,CT_place_LIBRARY,False,6.411735534667969,0.00026709443773142993,0.0017125388975147704
22132,41.0,0.0029540657997131348,4,lag_05__T3__flash_duration,T3__flash_duration,True,-8.012818336486816,0.00016206869622692466,-0.0012986270208976136
22132,41.0,0.0029540657997131348,5,lag_08__CT3__duck_amount,CT3__duck_amount,False,3.7208433151245117,0.0002951358037535101,0.001098154082450148
22132,41.0,0.0029540657997131348,6,lag_11__CT_place_RUINS,CT_place_RUINS,False,3.493913412094116,0.00029458990320563316,0.0010292716138776692
22132,41.0,0.0029540657997131348,7,lag_14__T1__is_walking,T1__is_walking,False,2.281590461730957,-0.0004045722307637334,-0.0009230681427917498
22132,41.0,0.0029540657997131348,8,lag_03__T2__is_walking,T2__is_walking,False,2.2968344688415527,0.0003802203282248229,0.0008733031556210219
22132,41.0,0.0029540657997131348,9,lag_07__damage_diff_last_5s,damage_diff_last_5s,False,1.7145439386367798,0.00046367954928427935,0.0007949989606951952
22132,41.0,0.0029540657997131348,10,lag_12__CT1__is_walking,CT1__is_walking,False,2.3343825340270996,-0.000309669878333807,-0.000722887955296736
22132,41.0,0.0029540657997131348,11,lag_03__T2__duck_amount,T2__duck_amount,False,-3.8233180046081543,-0.00017324090003967285,0.0006623550522562027
22132,41.0,0.0029540657997131348,12,lag_10__T1__is_walking,T1__is_walking,False,2.281590461730957,-0.00028323993319645524,-0.0006462375299623457
22132,41.0,0.0029540657997131348,13,lag_10__CT_velocity_mean,CT_velocity_mean,False,2.4217028617858887,0.0002459374663885683,0.0005955874661735666
22132,41.0,0.0029540657997131348,14,lag_05__T_flash_duration_sum,T_flash_duration_sum,True,-3.3388726711273193,0.00017687452782411128,-0.0005905615271704738
22132,41.0,0.0029540657997131348,15,lag_08__CT5__duck_amount,CT5__duck_amount,False,-3.7749595642089844,0.00015243812231346965,-0.0005754477477772912
22132,41.0,0.0029540657997131348,16,lag_03__CT_scoped_count,CT_scoped_count,False,-2.141930103302002,0.00026116406661458313,-0.000559395176182545
22132,41.0,0.0029540657997131348,17,lag_07__CT3__duck_amount,CT3__duck_amount,False,-1.3797574043273926,0.0004050003772135824,-0.0005588022692158273
22132,41.0,0.0029540657997131348,18,lag_12__CT4__is_walking,CT4__is_walking,False,2.384641170501709,0.00022991163132246584,0.0005482567416287623
22132,41.0,0.0029540657997131348,19,lag_13__CT_place_RUINS,CT_place_RUINS,False,3.493913412094116,0.00015553059347439557,0.0005434104265311483
22132,41.0,0.0029540657997131348,20,lag_05__T_flashed_players,T_flashed_players,False,-1.9296237230300903,0.0002616027486510575,-0.0005047948698069585
25940,100.5,-0.002867400646209717,1,lag_07__T_place_ARCH,T_place_ARCH,False,-9.303513526916504,0.0005316324532032013,-0.0049460497197237885
25940,100.5,-0.002867400646209717,2,lag_01__CT1__duck_amount,CT1__duck_amount,False,3.8154516220092773,0.00045662434422411025,0.001742228094818804
25940,100.5,-0.002867400646209717,3,lag_12__CT1__duck_amount,CT1__duck_amount,False,3.3287177085876465,0.00036668599932454526,0.0012205941794427716
25940,100.5,-0.002867400646209717,4,lag_02__T_A_site_active_infernos,T_A_site_active_infernos,True,-2.9764554500579834,0.00035849318373948336,-0.0010670389905500233
25940,100.5,-0.002867400646209717,5,lag_00__T5__duck_amount,T5__duck_amount,False,3.7970333099365234,-0.00027037132531404495,-0.0010266089282691127
25940,100.5,-0.002867400646209717,6,lag_00__CT_shots_fired_sum,CT_shots_fired_sum,False,2.0842230319976807,0.0004820862668566406,0.0010047753007923904
25940,100.5,-0.002867400646209717,7,lag_04__T5__duck_amount,T5__duck_amount,False,3.7970333099365234,-0.0002606372581794858,-0.0009896483511180332
25940,100.5,-0.002867400646209717,8,lag_14__CT_shots_fired_sum,CT_shots_fired_sum,False,3.4737050533294678,0.0002790622238535434,0.0009693798571934129
25940,100.5,-0.002867400646209717,9,lag_04__damage_diff_last_5s,damage_diff_last_5s,False,-2.075500726699829,0.00039713026490062475,-0.0008242441533957423
25940,100.5,-0.002867400646209717,10,lag_08__CT_kills_last_3s,CT_kills_last_3s,False,-2.8871402740478516,0.00027314541512168944,-0.0007886091286693486
25940,100.5,-0.002867400646209717,11,lag_03__T5__duck_amount,T5__duck_amount,False,-3.7970333099365234,-0.00020453710749279708,0.0007766342102682178
25940,100.5,-0.002867400646209717,12,lag_05__T5__flash_duration,T5__flash_duration,True,4.755908966064453,0.00015991709369700402,0.0007605511397405507
25940,100.5,-0.002867400646209717,13,lag_14__CT3__is_scoped,CT3__is_scoped,False,4.548114776611328,-0.00015907805936876684,-0.0007235052724497426
25940,100.5,-0.002867400646209717,14,lag_04__T_shots_fired_sum,T_shots_fired_sum,False,2.998948335647583,0.00022539634665008634,0.0006759519986473221
25940,100.5,-0.002867400646209717,15,lag_05__CT_flashed_players,CT_flashed_players,False,2.1899399757385254,0.00029526924481615424,0.0006466219228290215
25940,100.5,-0.002867400646209717,16,lag_00__CT1__duck_amount,CT1__duck_amount,False,-3.8154516220092773,0.0001692525256657973,-0.0006457748235807331
25940,100.5,-0.002867400646209717,17,lag_03__T_duck_amount_mean,T_duck_amount_mean,False,-5.815873622894287,-0.00010939395724562928,0.0006362214304488807
25940,100.5,-0.002867400646209717,18,lag_00__T_duck_amount_mean,T_duck_amount_mean,False,5.815873622894287,-0.0001092356615117751,-0.0006353008024657415
25940,100.5,-0.002867400646209717,19,lag_13__CT3__duck_amount,CT3__duck_amount,False,-3.417881488800049,0.00016955335740931332,-0.0005795132816531906
25940,100.5,-0.002867400646209717,20,lag_02__T_active_infernos,T_active_infernos,True,-2.082643508911133,0.0002704279904719442,-0.0005632050989842763
25780,98.0,-0.0028319954872131348,1,lag_13__T_place_QUAD,T_place_QUAD,False,-24.086301803588867,0.0005037725204601884,-0.012134016968158745
25780,98.0,-0.0028319954872131348,2,lag_14__T_place_QUAD,T_place_QUAD,False,-24.086305618286133,0.00046628277050331235,-0.011231029314883956
25780,98.0,-0.0028319954872131348,3,lag_15__T_place_QUAD,T_place_QUAD,False,24.086305618286133,0.0002682017511688173,0.006459989346011663
25780,98.0,-0.0028319954872131348,4,lag_12__T_place_ARCH,T_place_ARCH,False,9.303513526916504,0.00044498132774606347,0.004139889801910768
25780,98.0,-0.0028319954872131348,5,lag_09__CT3__is_scoped,CT3__is_scoped,False,4.548114776611328,0.0004836305452045053,0.0021996072290652036
25780,98.0,-0.0028319954872131348,6,lag_02__T_place_ARCH,T_place_ARCH,False,-9.303513526916504,0.0002091003261739388,-0.0019453677130418928
25780,98.0,-0.0028319954872131348,7,lag_05__CT3__duck_amount,CT3__duck_amount,False,3.7208433151245117,0.00039905583253130317,0.001484824226835546
25780,98.0,-0.0028319954872131348,8,lag_00__T5__flash_duration,T5__flash_duration,True,4.755908966064453,0.00025089652626775205,0.0011932410388312276
25780,98.0,-0.0028319954872131348,9,lag_08__CT_place_RUINS,CT_place_RUINS,False,-3.493913412094116,0.00032386439852416515,-0.0011315541657033745
25780,98.0,-0.0028319954872131348,10,lag_09__CT_kills_last_3s,CT_kills_last_3s,False,2.8871407508850098,0.00034981704084202647,0.0010099710339690204
25780,98.0,-0.0028319954872131348,11,lag_08__CT3__duck_amount,CT3__duck_amount,False,-3.417881488800049,0.0002951358037535101,-0.0010087392003312462
25780,98.0,-0.0028319954872131348,12,lag_13__T5__duck_amount,T5__duck_amount,False,-3.7970333099365234,-0.00026552274357527494,0.001008198701901053
25780,98.0,-0.0028319954872131348,13,lag_11__T_A_site_active_infernos,T_A_site_active_infernos,True,2.9764554500579834,0.00031032683909870684,0.0009236740115346129
25780,98.0,-0.0028319954872131348,14,lag_06__CT1__duck_amount,CT1__duck_amount,False,-3.8154516220092773,0.00021340268722269684,-0.0008142276291049771
25780,98.0,-0.0028319954872131348,15,lag_00__CT_flashed_players,CT_flashed_players,False,2.1899399757385254,-0.000364628154784441,-0.000798513772442222
25780,98.0,-0.0028319954872131348,16,lag_06__CT5__duck_amount,CT5__duck_amount,False,2.3587093353271484,-0.00030271144350990653,-0.0007140083077171733
25780,98.0,-0.0028319954872131348,17,lag_06__CT_shots_fired_sum,CT_shots_fired_sum,False,-4.168446063995361,0.00016186106950044632,-0.0006747091380732151
25780,98.0,-0.0028319954872131348,18,lag_07__kill_diff_last_3s,kill_diff_last_3s,False,2.4069459438323975,0.00026975563378073275,0.0006492872285544724
25780,98.0,-0.0028319954872131348,19,lag_09__CT_damage_last_5s,CT_damage_last_5s,False,2.005476474761963,0.0003019590803887695,0.0006055718320604336
25780,98.0,-0.0028319954872131348,20,lag_01__kill_diff_last_3s,kill_diff_last_3s,False,-2.4069459438323975,0.00022137847554404289,-0.0005328460237625336
20916,22.0,-0.0027297139167785645,1,lag_07__T_place_BALCONY,T_place_BALCONY,False,-13.751577377319336,0.00029814636218361557,-0.004099982769334265
20916,22.0,-0.0027297139167785645,2,lag_15__CT_place_RUINS,CT_place_RUINS,False,3.493913412094116,0.0005673986743204296,0.0019824418382125703
20916,22.0,-0.0027297139167785645,3,lag_01__T_utility_damage_last_5s,T_utility_damage_last_5s,True,8.42352294921875,0.0002344258246012032,0.0019746913134177646
20916,22.0,-0.0027297139167785645,4,lag_07__T3__flash_duration,T3__flash_duration,True,-4.344386577606201,0.0004104573163203895,-0.001783185255702563
20916,22.0,-0.0027297139167785645,5,lag_02__CT5__flash_duration,CT5__flash_duration,True,-6.908468246459961,0.00024430148187093437,-0.0016877490300684639
20916,22.0,-0.0027297139167785645,6,lag_00__CT_shots_fired_sum,CT_shots_fired_sum,False,3.4737050533294678,0.0004820862668566406,0.0016746255013206507
20916,22.0,-0.0027297139167785645,7,lag_10__T_utility_damage_last_5s,T_utility_damage_last_5s,True,-3.8548331260681152,0.0004093332390766591,-0.001577911329593465
20916,22.0,-0.0027297139167785645,8,lag_08__T3__is_walking,T3__is_walking,False,2.3223767280578613,-0.0005422991816885769,-0.001259422999198373
20916,22.0,-0.0027297139167785645,9,lag_10__T_place_TRAMP,T_place_TRAMP,False,-2.926727294921875,0.00036444750730879605,-0.001066638467206893
20916,22.0,-0.0027297139167785645,10,lag_05__CT_place_BANANA,CT_place_BANANA,False,2.9603395462036133,0.0003532057162374258,0.0010456088497228233
20916,22.0,-0.0027297139167785645,11,lag_11__CT_place_RUINS,CT_place_RUINS,False,3.493913412094116,0.00029458990320563316,0.0010292716138776692
20916,22.0,-0.0027297139167785645,12,lag_13__CT_place_ARCH,CT_place_ARCH,False,-4.080447673797607,-0.0002489209291525185,0.0010157088263199332
20916,22.0,-0.0027297139167785645,13,lag_15__T3__flash_duration,T3__flash_duration,True,4.344386577606201,-0.00022638609516434371,-0.000983508713188655
20916,22.0,-0.0027297139167785645,14,lag_03__T2__is_walking,T2__is_walking,False,-2.2968344688415527,0.0003802203282248229,-0.0008733031556210219
20916,22.0,-0.0027297139167785645,15,lag_09__CT_utility_damage_last_5s,CT_utility_damage_last_5s,True,-5.8336615562438965,0.000142050048452802,-0.0008286719067216938
20916,22.0,-0.0027297139167785645,16,lag_00__T5__is_walking,T5__is_walking,False,2.3193888664245605,0.0003229015856049955,0.0007489343426030637
20916,22.0,-0.0027297139167785645,17,lag_09__T_macro_MID,T_macro_MID,False,-2.0557379722595215,-0.0003545165527611971,0.000728793139305739
20916,22.0,-0.0027297139167785645,18,lag_11__T5__duck_amount,T5__duck_amount,False,-3.7970333099365234,0.00017955948715098202,-0.0006817933538273979
20916,22.0,-0.0027297139167785645,19,lag_12__CT_place_RUINS,CT_place_RUINS,False,-3.493913412094116,0.00018222448125015944,-0.0006366765590518249
20916,22.0,-0.0027297139167785645,20,lag_09__T_place_MIDDLE,T_place_MIDDLE,False,-1.6254756450653076,-0.0003812710347119719,0.0006197467810931598
23092,56.0,0.0027019381523132324,1,lag_12__CT_flashes_last_5s,CT_flashes_last_5s,True,10.995440483093262,-0.00028382695745676756,-0.003120802418213331
23092,56.0,0.0027019381523132324,2,lag_02__CT_flashes_last_5s,CT_flashes_last_5s,True,-10.995440483093262,-0.0002792761952150613,0.0030707647828319418
23092,56.0,0.0027019381523132324,3,lag_05__CT3__duck_amount,CT3__duck_amount,False,3.7208433151245117,0.00039905583253130317,0.001484824226835546
23092,56.0,0.0027019381523132324,4,lag_07__T5__duck_amount,T5__duck_amount,False,3.7970333099365234,-0.00035408823168836534,-0.0013444848103772444
23092,56.0,0.0027019381523132324,5,lag_08__CT_place_RUINS,CT_place_RUINS,False,-3.493913173675537,0.00032386439852416515,-0.0011315540884880848
23092,56.0,0.0027019381523132324,6,lag_01__T3__is_walking,T3__is_walking,False,2.3223767280578613,0.0004288530326448381,0.0009959583027714103
23092,56.0,0.0027019381523132324,7,lag_09__T2__is_walking,T2__is_walking,False,2.2968344688415527,-0.0004139369120821357,-0.0009507445675960846
23092,56.0,0.0027019381523132324,8,lag_07__CT3__is_scoped,CT3__is_scoped,False,4.548114776611328,0.0001922546944115311,0.0008743964165259799
23092,56.0,0.0027019381523132324,9,lag_10__T2__is_walking,T2__is_walking,False,-2.2968344688415527,-0.00034644853440113366,0.0007957349354921622
23092,56.0,0.0027019381523132324,10,lag_08__T3__duck_amount,T3__duck_amount,False,-3.7704498767852783,-0.00019314790552016348,0.000728254496569835
23092,56.0,0.0027019381523132324,11,lag_11__T5__duck_amount,T5__duck_amount,False,-3.7970333099365234,0.00017955948715098202,-0.0006817933538273979
23092,56.0,0.0027019381523132324,12,lag_04__T5__is_walking,T5__is_walking,False,-2.3193888664245605,-0.0002868361189030111,0.0006652845006720753
23092,56.0,0.0027019381523132324,13,lag_10__T1__is_walking,T1__is_walking,False,2.281590461730957,-0.00028323993319645524,-0.0006462375299623457
23092,56.0,0.0027019381523132324,14,lag_05__T3__is_walking,T3__is_walking,False,2.3223767280578613,-0.0002565539034549147,-0.0005958148148760972
23092,56.0,0.0027019381523132324,15,lag_12__CT4__is_walking,CT4__is_walking,False,2.384641170501709,0.00022991163132246584,0.0005482567416287623
23092,56.0,0.0027019381523132324,16,lag_13__CT_place_RUINS,CT_place_RUINS,False,3.493913173675537,0.00015553059347439557,0.0005434103894497652
23092,56.0,0.0027019381523132324,17,lag_05__T5__duck_amount,T5__duck_amount,False,-3.0903120040893555,-0.00016404292546212673,0.0005069438217415456
23092,56.0,0.0027019381523132324,18,lag_07__T_duck_amount_mean,T_duck_amount_mean,False,2.248447895050049,-0.000210894548217766,-0.00047418540301776696
23092,56.0,0.0027019381523132324,19,lag_07__T_place_TOPOFMID,T_place_TOPOFMID,False,2.0359649658203125,-0.00020047000725753605,-0.0004081499114740872
23092,56.0,0.0027019381523132324,20,lag_00__CT2__is_walking,CT2__is_walking,False,2.360051155090332,-0.0001676340471021831,-0.00039562492649597436
24564,79.0,0.0026661157608032227,1,lag_05__CT3__is_scoped,CT3__is_scoped,False,-4.548114776611328,0.0003418294945731759,-0.0015546797753498431
24564,79.0,0.0026661157608032227,2,lag_15__CT4__is_walking,CT4__is_walking,False,-2.384641170501709,-0.0005655502900481224,0.0013486345056379356
24564,79.0,0.0026661157608032227,3,lag_15__T5__duck_amount,T5__duck_amount,False,-2.8989014625549316,0.0004413787683006376,-0.0012795135569674126
24564,79.0,0.0026661157608032227,4,lag_11__CT3__is_scoped,CT3__is_scoped,False,4.548114776611328,0.00023004694958217442,0.0010462799307090487
24564,79.0,0.0026661157608032227,5,lag_12__CT1__is_walking,CT1__is_walking,False,2.3343825340270996,-0.000309669878333807,-0.000722887955296736
24564,79.0,0.0026661157608032227,6,lag_13__CT4__is_walking,CT4__is_walking,False,-2.384641170501709,-0.00029896822525188327,0.0007129319386074695
24564,79.0,0.0026661157608032227,7,lag_07__CT4__is_walking,CT4__is_walking,False,-2.384641170501709,0.0002773735031951219,-0.000661436275325375
24564,79.0,0.0026661157608032227,8,lag_08__CT1__duck_amount,CT1__duck_amount,False,3.8154516220092773,0.00016703804431017488,0.0006373255771005143
24564,79.0,0.0026661157608032227,9,lag_13__CT3__duck_amount,CT3__duck_amount,False,3.7208433151245117,0.00016955335740931332,0.0006308814764733606
24564,79.0,0.0026661157608032227,10,lag_05__T3__is_walking,T3__is_walking,False,-2.3223767280578613,-0.0002565539034549147,0.0005958148148760972
24564,79.0,0.0026661157608032227,11,lag_12__CT4__is_walking,CT4__is_walking,False,2.384641170501709,0.00022991163132246584,0.0005482567416287623
24564,79.0,0.0026661157608032227,12,lag_02__T5__duck_amount,T5__duck_amount,False,-2.710141181945801,-0.00019456569862086326,0.0005273005124264568
24564,79.0,0.0026661157608032227,13,lag_12__T5__duck_amount,T5__duck_amount,False,3.7970333099365234,0.00013733275409322232,0.0005214570418372866
24564,79.0,0.0026661157608032227,14,lag_12__CT_walking_count,CT_walking_count,False,2.692342758178711,-0.00018280287622474134,-0.0004921679999779216
24564,79.0,0.0026661157608032227,15,lag_02__CT4__duck_amount,CT4__duck_amount,False,3.3120858669281006,-0.00014020180969964713,-0.00046436043242394434
24564,79.0,0.0026661157608032227,16,lag_12__T5__is_walking,T5__is_walking,False,-2.3193888664245605,-0.00019659775716718286,0.0004559866491376033
24564,79.0,0.0026661157608032227,17,lag_14__CT4__is_walking,CT4__is_walking,False,2.384641170501709,-0.00018618193280417472,-0.00044397710216841774
24564,79.0,0.0026661157608032227,18,lag_08__T2__is_walking,T2__is_walking,False,-2.2968344688415527,-0.0001912346197059378,0.000439234266176404
24564,79.0,0.0026661157608032227,19,lag_09__T1__is_walking,T1__is_walking,False,-2.281590461730957,-0.00017981893324758857,0.00041027316293633376
24564,79.0,0.0026661157608032227,20,lag_01__CT4__duck_amount,CT4__duck_amount,False,-3.3120858669281006,-0.00012107798829674721,0.0004010206938337424
25108,87.5,-0.0025383830070495605,1,lag_15__CT_place_LIBRARY,CT_place_LIBRARY,False,-6.411735534667969,0.0004869953263550997,-0.003122485239208217
25108,87.5,-0.0025383830070495605,2,lag_15__CT4__is_walking,CT4__is_walking,False,-2.384641170501709,-0.0005655502900481224,0.0013486345056379356
25108,87.5,-0.0025383830070495605,3,lag_13__T3__is_walking,T3__is_walking,False,2.3223767280578613,-0.0003833354276139289,-0.0008902492761306974
25108,87.5,-0.0025383830070495605,4,lag_04__T_kills_last_3s,T_kills_last_3s,False,3.1681017875671387,-0.00023697252618148923,-0.0007507530837998766
25108,87.5,-0.0025383830070495605,5,lag_04__T_place_MIDDLE,T_place_MIDDLE,False,-1.6254754066467285,-0.00042545393807813525,0.000691564913007009
25108,87.5,-0.0025383830070495605,6,lag_04__T_shots_fired_sum,T_shots_fired_sum,False,-2.998948335647583,0.00022539634665008634,-0.0006759519986473221
25108,87.5,-0.0025383830070495605,7,lag_07__CT4__is_walking,CT4__is_walking,False,2.384641170501709,0.0002773735031951219,0.000661436275325375
25108,87.5,-0.0025383830070495605,8,lag_03__CT_shots_fired_sum,CT_shots_fired_sum,False,-3.4737050533294678,-0.0001893786684377119,0.0006578456375448856
25108,87.5,-0.0025383830070495605,9,lag_04__CT_place_TOPOFMID,CT_place_TOPOFMID,False,-3.6288270950317383,0.00017353723524138331,-0.0006297366212408284
25108,87.5,-0.0025383830070495605,10,lag_05__damage_diff_last_5s,damage_diff_last_5s,False,-2.0078213214874268,0.00029482506215572357,-0.0005919560459051176
25108,87.5,-0.0025383830070495605,11,lag_11__T3__is_walking,T3__is_walking,False,2.3223767280578613,-0.00025103052030317485,-0.0005829874383843497
25108,87.5,-0.0025383830070495605,12,lag_05__T_shots_fired_sum,T_shots_fired_sum,False,2.998948335647583,-0.0001706383773125708,-0.0005117356776391385
25108,87.5,-0.0025383830070495605,13,lag_04__T3__is_walking,T3__is_walking,False,-2.3223767280578613,0.00019652220362331718,-0.00045639859224144014
25108,87.5,-0.0025383830070495605,14,lag_12__T3__is_walking,T3__is_walking,False,-2.3223767280578613,-0.00019371029338799417,0.00044986827734953827
25108,87.5,-0.0025383830070495605,15,lag_14__CT4__is_walking,CT4__is_walking,False,2.384641170501709,-0.00018618193280417472,-0.00044397710216841774
25108,87.5,-0.0025383830070495605,16,lag_05__CT_shots_fired_sum,CT_shots_fired_sum,False,2.778964042663574,-0.00014810638094786555,-0.0004115823071431518
25108,87.5,-0.0025383830070495605,17,lag_15__CT_walking_count,CT_walking_count,False,-0.8974475860595703,-0.0004166544822510332,0.0003739255593170898
25108,87.5,-0.0025383830070495605,18,lag_03__T1__duck_amount,T1__duck_amount,False,1.833889365196228,0.00020384133676998317,0.000373822459689855
25108,87.5,-0.0025383830070495605,19,lag_06__CT_place_TOPOFMID,CT_place_TOPOFMID,False,3.6288270950317383,-0.0001028228216455318,-0.0003731262411749217
25108,87.5,-0.0025383830070495605,20,lag_04__T_macro_MID,T_macro_MID,False,-1.0278687477111816,-0.00035815092269331217,0.000368132140400379
23796,67.0,-0.002480924129486084,1,lag_12__CT_place_LIBRARY,CT_place_LIBRARY,False,-6.411735534667969,0.0007258421974256635,-0.00465390820979561
23796,67.0,-0.002480924129486084,2,lag_02__CT3__flash_duration,CT3__flash_duration,True,-7.249464988708496,-0.000230997204198502,0.0016746061443265875
23796,67.0,-0.002480924129486084,3,lag_08__CT_place_RUINS,CT_place_RUINS,False,-3.493913412094116,0.00032386439852416515,-0.0011315541657033745
23796,67.0,-0.002480924129486084,4,lag_13__CT_place_ARCH,CT_place_ARCH,False,-4.080447673797607,-0.0002489209291525185,0.0010157088263199332
23796,67.0,-0.002480924129486084,5,lag_09__T2__is_walking,T2__is_walking,False,-2.2968344688415527,-0.0004139369120821357,0.0009507445675960846
23796,67.0,-0.002480924129486084,6,lag_04__CT_flash_duration_sum,CT_flash_duration_sum,True,-2.3312060832977295,0.0003355603839736432,-0.0007822604084330789
23796,67.0,-0.002480924129486084,7,lag_01__CT1__duck_amount,CT1__duck_amount,False,1.6480623483657837,0.00045662434422411025,0.0007525453890629731
23796,67.0,-0.002480924129486084,8,lag_04__CT_flashed_players,CT_flashed_players,False,-2.1899399757385254,0.0003391584032215178,-0.0007427365453224477
23796,67.0,-0.002480924129486084,9,lag_14__CT3__is_scoped,CT3__is_scoped,False,-4.548114776611328,-0.00015907805936876684,0.0007235052724497426
23796,67.0,-0.002480924129486084,10,lag_12__CT1__is_walking,CT1__is_walking,False,2.3343825340270996,-0.000309669878333807,-0.000722887955296736
23796,67.0,-0.002480924129486084,11,lag_00__CT1__duck_amount,CT1__duck_amount,False,-3.8154516220092773,0.0001692525256657973,-0.0006457748235807331
23796,67.0,-0.002480924129486084,12,lag_06__T_place_TOPOFMID,T_place_TOPOFMID,False,2.0359649658203125,-0.0002889528404921293,-0.0005882978600162403
23796,67.0,-0.002480924129486084,13,lag_02__CT5__duck_amount,CT5__duck_amount,False,3.7749595642089844,0.00014747270324733108,0.0005567034915832658
23796,67.0,-0.002480924129486084,14,lag_00__CT_duck_amount_mean,CT_duck_amount_mean,False,-1.3657028675079346,0.0004052779113408178,-0.0005534892056557814
23796,67.0,-0.002480924129486084,15,lag_12__CT4__is_walking,CT4__is_walking,False,2.384641170501709,0.00022991163132246584,0.0005482567416287623
23796,67.0,-0.002480924129486084,16,lag_13__CT_place_RUINS,CT_place_RUINS,False,3.493913412094116,0.00015553059347439557,0.0005434104265311483
23796,67.0,-0.002480924129486084,17,lag_09__CT4__is_walking,CT4__is_walking,False,-2.384641170501709,-0.0002161425945814699,0.0005154225297380327
23796,67.0,-0.002480924129486084,18,lag_04__T3__is_walking,T3__is_walking,False,2.3223767280578613,0.00019652220362331718,0.00045639859224144014
23796,67.0,-0.002480924129486084,19,lag_13__T_place_MIDDLE,T_place_MIDDLE,False,1.6254756450653076,-0.0002801043738145381,-0.0004553028377118004
23796,67.0,-0.002480924129486084,20,lag_04__CT1__flash_duration,CT1__flash_duration,True,-5.189005374908447,7.957920752232894e-05,-0.0004129369355643196
23572,63.5,-0.002466440200805664,1,lag_11__CT_place_LIBRARY,CT_place_LIBRARY,False,6.411735534667969,0.0009371645865030587,0.006008851481114075
23572,63.5,-0.002466440200805664,2,lag_05__CT_place_LIBRARY,CT_place_LIBRARY,False,-6.411735534667969,0.0003891380038112402,-0.0024950499669262882
23572,63.5,-0.002466440200805664,3,lag_07__CT3__duck_amount,CT3__duck_amount,False,-3.7208433151245117,0.0004050003772135824,-0.0015069429461780637
23572,63.5,-0.002466440200805664,4,lag_06__CT_place_ARCH,CT_place_ARCH,False,-4.080447673797607,0.0002451586478855461,-0.0010003570344759433
23572,63.5,-0.002466440200805664,5,lag_15__T1__is_walking,T1__is_walking,False,2.281590461730957,-0.0004290357755962759,-0.0009788839333418065
23572,63.5,-0.002466440200805664,6,lag_02__T5__flash_duration,T5__flash_duration,True,-2.83266282081604,0.00033558637369424105,-0.0009506030439361546
23572,63.5,-0.002466440200805664,7,lag_13__T3__is_walking,T3__is_walking,False,-2.3223767280578613,-0.0003833354276139289,0.0008902492761306974
23572,63.5,-0.002466440200805664,8,lag_07__CT3__is_scoped,CT3__is_scoped,False,-4.548114776611328,0.0001922546944115311,-0.0008743964165259799
23572,63.5,-0.002466440200805664,9,lag_13__CT4__is_walking,CT4__is_walking,False,-2.384641170501709,-0.00029896822525188327,0.0007129319386074695
23572,63.5,-0.002466440200805664,10,lag_08__CT3__flash_duration,CT3__flash_duration,True,7.249464988708496,9.099376620724797e-05,0.0006596561223101705
23572,63.5,-0.002466440200805664,11,lag_10__T1__is_walking,T1__is_walking,False,2.281590461730957,-0.00028323993319645524,-0.0006462375299623457
23572,63.5,-0.002466440200805664,12,lag_06__T_place_TOPOFMID,T_place_TOPOFMID,False,-2.0359649658203125,-0.0002889528404921293,0.0005882978600162403
23572,63.5,-0.002466440200805664,13,lag_11__T3__is_walking,T3__is_walking,False,2.3223767280578613,-0.00025103052030317485,-0.0005829874383843497
23572,63.5,-0.002466440200805664,14,lag_13__T1__is_walking,T1__is_walking,False,-2.281590461730957,-0.00024934482644312084,0.0005689027776945854
23572,63.5,-0.002466440200805664,15,lag_02__T2__is_walking,T2__is_walking,False,-2.2968344688415527,0.00023686708300374448,-0.0005440444807769534
23572,63.5,-0.002466440200805664,16,lag_15__CT2__is_walking,CT2__is_walking,False,2.360051155090332,-0.00021865716553293169,-0.0005160420960847734
23572,63.5,-0.002466440200805664,17,lag_05__T_flashed_players,T_flashed_players,False,-1.9296237230300903,0.0002616027486510575,-0.0005047948698069585
23572,63.5,-0.002466440200805664,18,lag_06__CT_flash_duration_sum,CT_flash_duration_sum,True,2.3312058448791504,0.00020991858036722988,0.00048936342150082
23572,63.5,-0.002466440200805664,19,lag_01__T_duck_amount_mean,T_duck_amount_mean,False,1.4539684057235718,-0.00031267176382243633,-0.0004546148659596849
23572,63.5,-0.002466440200805664,20,lag_03__CT_flashed_players,CT_flashed_players,False,-2.1899399757385254,0.00020656165725085884,-0.0004523576306684554
24596,79.5,-0.00241696834564209,1,lag_06__CT3__is_scoped,CT3__is_scoped,False,-4.548114776611328,0.0006244489923119545,-0.002840065689174054
24596,79.5,-0.00241696834564209,2,lag_15__CT4__is_walking,CT4__is_walking,False,2.384641170501709,-0.0005655502900481224,-0.0013486345056379356
24596,79.5,-0.00241696834564209,3,lag_13__CT1__is_walking,CT1__is_walking,False,2.3343825340270996,-0.000511849473696202,-0.0011948524714473774
24596,79.5,-0.00241696834564209,4,lag_05__CT_place_PIT,CT_place_PIT,False,-4.305429458618164,-0.00025964624364860356,0.0011178885862242471
24596,79.5,-0.00241696834564209,5,lag_15__CT_place_PIT,CT_place_PIT,False,4.305429458618164,0.0002542486763559282,0.0010946497409974887
24596,79.5,-0.00241696834564209,6,lag_13__T5__duck_amount,T5__duck_amount,False,3.7970333099365234,-0.00026552274357527494,-0.001008198701901053
24596,79.5,-0.00241696834564209,7,lag_09__CT1__duck_amount,CT1__duck_amount,False,3.8154516220092773,-0.00026122666895389557,-0.0009966977177722214
24596,79.5,-0.00241696834564209,8,lag_13__CT_walking_count,CT_walking_count,False,2.692342758178711,-0.0003645693650469184,-0.0009815456898378816
24596,79.5,-0.00241696834564209,9,lag_09__T2__is_walking,T2__is_walking,False,-2.2968344688415527,-0.0004139369120821357,0.0009507445675960846
24596,79.5,-0.00241696834564209,10,lag_15__CT_walking_count,CT_walking_count,False,-1.7948952913284302,-0.0004166544822510332,0.0007478511683032645
24596,79.5,-0.00241696834564209,11,lag_13__CT4__is_walking,CT4__is_walking,False,2.384641170501709,-0.00029896822525188327,-0.0007129319386074695
24596,79.5,-0.00241696834564209,12,lag_07__CT4__is_walking,CT4__is_walking,False,2.384641170501709,0.0002773735031951219,0.000661436275325375
24596,79.5,-0.00241696834564209,13,lag_10__T1__is_walking,T1__is_walking,False,-2.281590461730957,-0.00028323993319645524,0.0006462375299623457
24596,79.5,-0.00241696834564209,14,lag_08__CT1__duck_amount,CT1__duck_amount,False,-3.8154516220092773,0.00016703804431017488,-0.0006373255771005143
24596,79.5,-0.00241696834564209,15,lag_13__CT3__duck_amount,CT3__duck_amount,False,-3.7208433151245117,0.00016955335740931332,-0.0006308814764733606
24596,79.5,-0.00241696834564209,16,lag_06__CT_scoped_count,CT_scoped_count,False,-2.141930103302002,0.0002681809419300407,-0.0005744248326518403
24596,79.5,-0.00241696834564209,17,lag_03__T5__duck_amount,T5__duck_amount,False,-2.710141181945801,-0.00020453710749279708,0.0005543244382523044
24596,79.5,-0.00241696834564209,18,lag_06__T3__is_walking,T3__is_walking,False,-2.3223767280578613,-0.00022661335242446512,0.0005262815759377523
24596,79.5,-0.00241696834564209,19,lag_15__CT2__is_walking,CT2__is_walking,False,-2.360051155090332,-0.00021865716553293169,0.0005160420960847734
24596,79.5,-0.00241696834564209,20,lag_06__CT3__is_walking,CT3__is_walking,False,-2.387126922607422,-0.00021041108993813396,0.0005022779776064912
25460,93.0,0.0024031996726989746,1,lag_04__T_place_QUAD,T_place_QUAD,False,-24.086305618286133,-0.0024532179813832045,0.05908895804787084
25460,93.0,0.0024031996726989746,2,lag_05__T_place_QUAD,T_place_QUAD,False,24.086305618286133,-0.0020376797765493393,-0.04908017785016838
25460,93.0,0.0024031996726989746,3,lag_03__T_place_QUAD,T_place_QUAD,False,-24.086301803588867,0.0004056743928231299,-0.009771195859525572
25460,93.0,0.0024031996726989746,4,lag_10__CT_place_LIBRARY,CT_place_LIBRARY,False,6.411735534667969,0.0004436760500539094,0.0028447334960117754
25460,93.0,0.0024031996726989746,5,lag_03__CT3__is_scoped,CT3__is_scoped,False,-4.548114776611328,0.0006030839867889881,-0.002742895191852668
25460,93.0,0.0024031996726989746,6,lag_02__T_place_ARCH,T_place_ARCH,False,9.303513526916504,0.0002091003261739388,0.0019453677130418928
25460,93.0,0.0024031996726989746,7,lag_05__CT3__is_scoped,CT3__is_scoped,False,4.548114776611328,0.0003418294945731759,0.0015546797753498431
25460,93.0,0.0024031996726989746,8,lag_07__T_place_QUAD,T_place_QUAD,False,24.086301803588867,4.991420792066492e-05,0.0012022486762642212
25460,93.0,0.0024031996726989746,9,lag_09__CT_kills_last_3s,CT_kills_last_3s,False,-2.8871407508850098,0.00034981704084202647,-0.0010099710339690204
25460,93.0,0.0024031996726989746,10,lag_14__CT_shots_fired_sum,CT_shots_fired_sum,False,-3.4737050533294678,0.0002790622238535434,-0.0009693798571934129
25460,93.0,0.0024031996726989746,11,lag_07__CT_place_RUINS,CT_place_RUINS,False,3.493913412094116,0.00024391416809521616,0.0008522149833076545
25460,93.0,0.0024031996726989746,12,lag_03__T5__duck_amount,T5__duck_amount,False,-3.7970333099365234,-0.00020453710749279708,0.0007766342102682178
25460,93.0,0.0024031996726989746,13,lag_01__T_A_site_active_infernos,T_A_site_active_infernos,True,2.9764554500579834,0.0002564206952229142,0.0007632247758039001
25460,93.0,0.0024031996726989746,14,lag_15__T2__duck_amount,T2__duck_amount,False,-3.8233180046081543,-0.000188537931535393,0.0007208404681908476
25460,93.0,0.0024031996726989746,15,lag_15__CT_place_TOPOFMID,CT_place_TOPOFMID,False,-3.6288270950317383,0.00019570483709685504,-0.0007101790154858401
25460,93.0,0.0024031996726989746,16,lag_15__CT1__shots_fired,CT1__shots_fired,False,2.642035722732544,-0.0002520259004086256,-0.0006658614319334233
25460,93.0,0.0024031996726989746,17,lag_08__T_place_TOPOFMID,T_place_TOPOFMID,False,2.0359649658203125,-0.0002882838307414204,-0.0005869357796020047
25460,93.0,0.0024031996726989746,18,lag_03__CT_scoped_count,CT_scoped_count,False,-2.141930103302002,0.00026116406661458313,-0.000559395176182545
25460,93.0,0.0024031996726989746,19,lag_06__CT5__duck_amount,CT5__duck_amount,False,-1.796270489692688,-0.00030271144350990653,0.0005437516328691203
25460,93.0,0.0024031996726989746,20,lag_15__CT1__is_walking,CT1__is_walking,False,-2.3343825340270996,-0.00021444071899168193,0.0005005866689983957
21620,33.0,0.0023710131645202637,1,lag_12__T_shots_fired_sum,T_shots_fired_sum,False,-19.493162155151367,0.00018541210738476366,-0.0036142682747795363
21620,33.0,0.0023710131645202637,2,lag_15__CT_place_LIBRARY,CT_place_LIBRARY,False,6.411735534667969,0.0004869953263550997,0.003122485239208217
21620,33.0,0.0023710131645202637,3,lag_00__CT3__is_scoped,CT3__is_scoped,False,-4.548114776611328,0.0006683309911750257,-0.0030396460566304295
21620,33.0,0.0023710131645202637,4,lag_10__CT_place_LIBRARY,CT_place_LIBRARY,False,-6.411735534667969,0.0004436760500539094,-0.0028447334960117754
21620,33.0,0.0023710131645202637,5,lag_15__T5__duck_amount,T5__duck_amount,False,-3.7970333099365234,0.0004413787683006376,-0.0016759298855362759
21620,33.0,0.0023710131645202637,6,lag_12__T2__shots_fired,T2__shots_fired,False,-15.297529220581055,0.00010729805944720283,-0.0016413951997052284
21620,33.0,0.0023710131645202637,7,lag_01__CT3__is_scoped,CT3__is_scoped,False,4.548114776611328,0.0003468819195404649,0.0015776587840012901
21620,33.0,0.0023710131645202637,8,lag_04__T3__flash_duration,T3__flash_duration,True,8.012818336486816,0.00019246491137892008,0.001542186371027321
21620,33.0,0.0023710131645202637,9,lag_08__T_place_LOWERMID,T_place_LOWERMID,False,-3.3263463973999023,-0.00041877172770909965,0.0013929798277980965
21620,33.0,0.0023710131645202637,10,lag_01__T5__duck_amount,T5__duck_amount,False,-3.6478610038757324,-0.00038160450640134513,0.0013920401978047142
21620,33.0,0.0023710131645202637,11,lag_13__CT1__is_walking,CT1__is_walking,False,-2.3343825340270996,-0.000511849473696202,0.0011948524714473774
21620,33.0,0.0023710131645202637,12,lag_14__CT_shots_fired_sum,CT_shots_fired_sum,False,4.168446063995361,0.0002790622238535434,0.0011632558286320954
21620,33.0,0.0023710131645202637,13,lag_10__CT_place_BALCONY,CT_place_BALCONY,False,-6.417822360992432,0.00017964703147299588,-0.001152942735673304
21620,33.0,0.0023710131645202637,14,lag_10__T_place_TRAMP,T_place_TRAMP,False,-2.926727294921875,0.00036444750730879605,-0.001066638467206893
21620,33.0,0.0023710131645202637,15,lag_10__CT_place_PIT,CT_place_PIT,False,4.305429458618164,-0.00024490978103131056,-0.0010544417859559285
21620,33.0,0.0023710131645202637,16,lag_15__T2__shots_fired,T2__shots_fired,False,2.9418325424194336,0.00033066037576645613,0.0009727474539183989
21620,33.0,0.0023710131645202637,17,lag_09__T2__is_walking,T2__is_walking,False,-2.2968344688415527,-0.0004139369120821357,0.0009507445675960846
21620,33.0,0.0023710131645202637,18,lag_13__T2__shots_fired,T2__shots_fired,False,2.9418325424194336,0.00031120426137931645,0.0009155108234652765
21620,33.0,0.0023710131645202637,19,lag_11__CT5__shots_fired,CT5__shots_fired,False,-8.989723205566406,-9.92356362985447e-05,0.0008921009024521753
21620,33.0,0.0023710131645202637,20,lag_13__T3__is_walking,T3__is_walking,False,-2.3223767280578613,-0.0003833354276139289,0.0008902492761306974
23156,57.0,0.0022998452186584473,1,lag_09__CT3__is_scoped,CT3__is_scoped,False,4.548114776611328,0.0004836305452045053,0.0021996072290652036
23156,57.0,0.0022998452186584473,2,lag_04__CT_flashes_last_5s,CT_flashes_last_5s,True,-10.995440483093262,-0.0001864416990429163,0.002050008605393172
23156,57.0,0.0022998452186584473,3,lag_15__CT_place_RUINS,CT_place_RUINS,False,3.493913173675537,0.0005673986743204296,0.0019824417029341845
23156,57.0,0.0022998452186584473,4,lag_07__CT3__duck_amount,CT3__duck_amount,False,3.7208433151245117,0.0004050003772135824,0.0015069429461780637
23156,57.0,0.0022998452186584473,5,lag_14__CT_flashes_last_5s,CT_flashes_last_5s,True,10.995440483093262,-0.00011170722427777946,-0.0012282701360778747
23156,57.0,0.0022998452186584473,6,lag_08__CT_place_RUINS,CT_place_RUINS,False,-3.493913412094116,0.00032386439852416515,-0.0011315541657033745
23156,57.0,0.0022998452186584473,7,lag_07__T5__duck_amount,T5__duck_amount,False,-3.0903120040893555,-0.00035408823168836534,0.0010942431128933283
23156,57.0,0.0022998452186584473,8,lag_12__T1__is_walking,T1__is_walking,False,2.281590461730957,-0.00046226225094869733,-0.0010546931425828299
23156,57.0,0.0022998452186584473,9,lag_13__T5__duck_amount,T5__duck_amount,False,-3.7970333099365234,-0.00026552274357527494,0.001008198701901053
23156,57.0,0.0022998452186584473,10,lag_00__CT4__is_walking,CT4__is_walking,False,-2.384641170501709,0.00041614967631176114,-0.0009923676512239854
23156,57.0,0.0022998452186584473,11,lag_07__CT_place_RUINS,CT_place_RUINS,False,-3.493913412094116,0.00024391416809521616,-0.0008522149833076545
23156,57.0,0.0022998452186584473,12,lag_09__T5__duck_amount,T5__duck_amount,False,3.7970333099365234,-0.00022067248937673867,-0.0008379007927500903
23156,57.0,0.0022998452186584473,13,lag_10__T3__duck_amount,T3__duck_amount,False,-3.7704498767852783,0.0001918724738061428,-0.0007234455452208577
23156,57.0,0.0022998452186584473,14,lag_07__CT4__is_walking,CT4__is_walking,False,-2.384641170501709,0.0002773735031951219,-0.000661436275325375
23156,57.0,0.0022998452186584473,15,lag_11__T2__is_walking,T2__is_walking,False,2.2968344688415527,-0.0002626851201057434,-0.0006033442383106546
23156,57.0,0.0022998452186584473,16,lag_15__T2__is_walking,T2__is_walking,False,-2.2968344688415527,-0.0002563920570537448,0.000588890114178231
23156,57.0,0.0022998452186584473,17,lag_07__T_duck_amount_mean,T_duck_amount_mean,False,-2.637317419052124,-0.000210894548217766,0.0005561958655978423
23156,57.0,0.0022998452186584473,18,lag_07__T5__is_walking,T5__is_walking,False,2.3193888664245605,0.0002202083560405299,0.0005107488092940607
23156,57.0,0.0022998452186584473,19,lag_04__T3__is_walking,T3__is_walking,False,-2.3223767280578613,0.00019652220362331718,-0.00045639859224144014
23156,57.0,0.0022998452186584473,20,lag_12__T5__is_walking,T5__is_walking,False,-2.3193888664245605,-0.00019659775716718286,0.0004559866491376033
23636,64.5,-0.0021814703941345215,1,lag_13__CT_place_LIBRARY,CT_place_LIBRARY,False,6.411735534667969,0.0005532740033231676,0.0035474465875151573
23636,64.5,-0.0021814703941345215,2,lag_07__CT_place_LIBRARY,CT_place_LIBRARY,False,-6.411735534667969,0.0005490881740115583,-0.0035206081569758574
23636,64.5,-0.0021814703941345215,3,lag_09__CT3__is_scoped,CT3__is_scoped,False,-4.548114776611328,0.0004836305452045053,-0.0021996072290652036
23636,64.5,-0.0021814703941345215,4,lag_15__CT4__is_walking,CT4__is_walking,False,-2.384641170501709,-0.0005655502900481224,0.0013486345056379356
23636,64.5,-0.0021814703941345215,5,lag_03__CT_place_RUINS,CT_place_RUINS,False,-3.493913412094116,-0.0003810621565207839,0.0013313981795094743
23636,64.5,-0.0021814703941345215,6,lag_08__CT_place_RUINS,CT_place_RUINS,False,3.493913412094116,0.00032386439852416515,0.0011315541657033745
23636,64.5,-0.0021814703941345215,7,lag_12__T1__is_walking,T1__is_walking,False,2.281590461730957,-0.00046226225094869733,-0.0010546931425828299
23636,64.5,-0.0021814703941345215,8,lag_10__CT3__flash_duration,CT3__flash_duration,True,7.249464988708496,0.00013891805429011583,0.0010070815708757008
23636,64.5,-0.0021814703941345215,9,lag_00__CT4__is_walking,CT4__is_walking,False,-2.384641170501709,0.00041614967631176114,-0.0009923676512239854
23636,64.5,-0.0021814703941345215,10,lag_15__T1__is_walking,T1__is_walking,False,-2.281590461730957,-0.0004290357755962759,0.0009788839333418065
23636,64.5,-0.0021814703941345215,11,lag_13__T3__is_walking,T3__is_walking,False,2.3223767280578613,-0.0003833354276139289,-0.0008902492761306974
23636,64.5,-0.0021814703941345215,12,lag_00__T5__is_walking,T5__is_walking,False,-2.3193888664245605,0.0003229015856049955,-0.0007489343426030637
23636,64.5,-0.0021814703941345215,13,lag_03__T2__duck_amount,T2__duck_amount,False,3.8233180046081543,-0.00017324090003967285,-0.0006623550522562027
23636,64.5,-0.0021814703941345215,14,lag_07__CT4__is_walking,CT4__is_walking,False,2.384641170501709,0.0002773735031951219,0.000661436275325375
23636,64.5,-0.0021814703941345215,15,lag_05__CT_flashed_players,CT_flashed_players,False,-2.1899399757385254,0.00029526924481615424,-0.0006466219228290215
23636,64.5,-0.0021814703941345215,16,lag_10__CT_flash_duration_sum,CT_flash_duration_sum,True,4.56625509262085,0.00014026655117049813,0.0006404928536066501
23636,64.5,-0.0021814703941345215,17,lag_09__T3__is_walking,T3__is_walking,False,-2.3223767280578613,-0.00026113848434761167,0.0006064619388491954
23636,64.5,-0.0021814703941345215,18,lag_08__T_place_TOPOFMID,T_place_TOPOFMID,False,-2.0359649658203125,-0.0002882838307414204,0.0005869357796020047
23636,64.5,-0.0021814703941345215,19,lag_04__T5__flash_duration,T5__flash_duration,True,-2.83266282081604,0.00020544067956507206,-0.0005819441748871612
23636,64.5,-0.0021814703941345215,20,lag_04__T2__is_walking,T2__is_walking,False,-2.2968344688415527,0.00022318522678688169,-0.0005126195218203289
25748,97.5,-0.002153754234313965,1,lag_12__T_place_QUAD,T_place_QUAD,False,-24.086301803588867,0.0006503915647044778,-0.01566552751798045
25748,97.5,-0.002153754234313965,2,lag_13__T_place_QUAD,T_place_QUAD,False,-24.086305618286133,0.0005037725204601884,-0.012134018889898401
25748,97.5,-0.002153754234313965,3,lag_14__T_place_QUAD,T_place_QUAD,False,24.086305618286133,0.00046628277050331235,0.011231029314883956
25748,97.5,-0.002153754234313965,4,lag_11__T_place_ARCH,T_place_ARCH,False,9.303513526916504,0.000536893552634865,0.004994996429452725
25748,97.5,-0.002153754234313965,5,lag_08__CT3__is_scoped,CT3__is_scoped,False,4.548114776611328,0.0004639232938643545,0.00210997638803867
25748,97.5,-0.002153754234313965,6,lag_07__CT3__duck_amount,CT3__duck_amount,False,-3.417881488800049,0.0004050003772135824,-0.0013842432922353404
25748,97.5,-0.002153754234313965,7,lag_13__CT1__is_walking,CT1__is_walking,False,-2.3343825340270996,-0.000511849473696202,0.0011948524714473774
25748,97.5,-0.002153754234313965,8,lag_00__kill_diff_last_3s,kill_diff_last_3s,False,-2.4069459438323975,0.0004698316042777151,-0.0011308592742005144
25748,97.5,-0.002153754234313965,9,lag_00__CT_kills_last_3s,CT_kills_last_3s,False,-2.8871407508850098,0.00038100979872979224,-0.0011000289163992788
25748,97.5,-0.002153754234313965,10,lag_08__CT3__duck_amount,CT3__duck_amount,False,3.417881488800049,0.0002951358037535101,0.0010087392003312462
25748,97.5,-0.002153754234313965,11,lag_01__T_place_ARCH,T_place_ARCH,False,-9.303513526916504,9.620519995223731e-05,-0.0008950463791153468
25748,97.5,-0.002153754234313965,12,lag_07__CT_place_RUINS,CT_place_RUINS,False,-3.493913412094116,0.00024391416809521616,-0.0008522149833076545
25748,97.5,-0.002153754234313965,13,lag_08__CT_kills_last_3s,CT_kills_last_3s,False,2.8871407508850098,0.00027314541512168944,0.0007886092589152321
25748,97.5,-0.002153754234313965,14,lag_14__CT3__is_scoped,CT3__is_scoped,False,4.548114776611328,-0.00015907805936876684,-0.0007235052724497426
25748,97.5,-0.002153754234313965,15,lag_08__damage_diff_last_5s,damage_diff_last_5s,False,2.07550048828125,0.00034802977461367846,0.000722335967147103
25748,97.5,-0.002153754234313965,16,lag_06__CT1__duck_amount,CT1__duck_amount,False,3.3287177085876465,0.00021340268722269684,0.0007103573040183817
25748,97.5,-0.002153754234313965,17,lag_05__CT_shots_fired_sum,CT_shots_fired_sum,False,-4.168446063995361,-0.00014810638094786555,0.0006173734607147277
25748,97.5,-0.002153754234313965,18,lag_08__CT_shots_fired_sum,CT_shots_fired_sum,False,3.4737050533294678,-0.0001744178298395127,-0.0006058760969042745
25748,97.5,-0.002153754234313965,19,lag_10__T_A_site_active_infernos,T_A_site_active_infernos,True,2.9764554500579834,0.00019198436348233372,0.0005714329050129051
25748,97.5,-0.002153754234313965,20,lag_12__T5__duck_amount,T5__duck_amount,False,-3.7970333099365234,0.00013733275409322232,-0.0005214570418372866
22612,48.5,-0.0020872950553894043,1,lag_11__CT_place_LIBRARY,CT_place_LIBRARY,False,-6.411735534667969,0.0009371645865030587,-0.006008851481114075
22612,48.5,-0.0020872950553894043,2,lag_07__CT_place_PIT,CT_place_PIT,False,4.305429458618164,0.00033412224729545414,0.0014385397662855515
22612,48.5,-0.0020872950553894043,3,lag_13__CT1__is_walking,CT1__is_walking,False,2.3343825340270996,-0.000511849473696202,-0.0011948524714473774
22612,48.5,-0.0020872950553894043,4,lag_13__T5__duck_amount,T5__duck_amount,False,3.7970333099365234,-0.00026552274357527494,-0.001008198701901053
22612,48.5,-0.0020872950553894043,5,lag_07__CT_place_RUINS,CT_place_RUINS,False,3.493913412094116,0.00024391416809521616,0.0008522149833076545
22612,48.5,-0.0020872950553894043,6,lag_10__T2__is_walking,T2__is_walking,False,-2.2968344688415527,-0.00034644853440113366,0.0007957349354921622
22612,48.5,-0.0020872950553894043,7,lag_11__T1__duck_amount,T1__duck_amount,False,-3.915480136871338,-0.0001886025711428374,0.0007384696210726432
22612,48.5,-0.0020872950553894043,8,lag_07__CT4__is_walking,CT4__is_walking,False,2.384641170501709,0.0002773735031951219,0.000661436275325375
22612,48.5,-0.0020872950553894043,9,lag_10__T1__is_walking,T1__is_walking,False,2.281590461730957,-0.00028323993319645524,-0.0006462375299623457
22612,48.5,-0.0020872950553894043,10,lag_09__T3__is_walking,T3__is_walking,False,-2.3223767280578613,-0.00026113848434761167,0.0006064619388491954
22612,48.5,-0.0020872950553894043,11,lag_05__T3__is_walking,T3__is_walking,False,-2.3223767280578613,-0.0002565539034549147,0.0005958148148760972
22612,48.5,-0.0020872950553894043,12,lag_11__T3__is_walking,T3__is_walking,False,2.3223767280578613,-0.00025103052030317485,-0.0005829874383843497
22612,48.5,-0.0020872950553894043,13,lag_06__T3__is_walking,T3__is_walking,False,2.3223767280578613,-0.00022661335242446512,-0.0005262815759377523
22612,48.5,-0.0020872950553894043,14,lag_12__CT5__is_walking,CT5__is_walking,False,-2.396676540374756,-0.00021539586305152625,0.0005162342118693666
22612,48.5,-0.0020872950553894043,15,lag_09__CT4__is_walking,CT4__is_walking,False,-2.384641170501709,-0.0002161425945814699,0.0005154225297380327
22612,48.5,-0.0020872950553894043,16,lag_04__T2__is_walking,T2__is_walking,False,2.2968344688415527,0.00022318522678688169,0.0005126195218203289
22612,48.5,-0.0020872950553894043,17,lag_08__T2__is_walking,T2__is_walking,False,2.2968344688415527,-0.0001912346197059378,-0.000439234266176404
22612,48.5,-0.0020872950553894043,18,lag_14__CT_A_site_active_infernos,CT_A_site_active_infernos,True,-3.5290777683258057,-0.00012050574878230691,0.00042527415898309384
22612,48.5,-0.0020872950553894043,19,lag_04__CT4__is_walking,CT4__is_walking,False,-2.384641170501709,-0.00015965435886755586,0.0003807183572056283
22612,48.5,-0.0020872950553894043,20,lag_14__T_walking_count,T_walking_count,False,-1.5941797494888306,-0.0002198222209699452,0.0003504361331579456
21748,35.0,0.002068161964416504,1,lag_14__CT_place_LIBRARY,CT_place_LIBRARY,False,-6.411735534667969,0.0005110358470119536,-0.0032766266997756865
21748,35.0,0.002068161964416504,2,lag_08__T3__flash_duration,T3__flash_duration,True,8.012818336486816,0.00024616732844151556,0.0019724940831801485
21748,35.0,0.002068161964416504,3,lag_15__CT5__shots_fired,CT5__shots_fired,False,-8.989723205566406,0.00020441703964024782,-0.0018376526048671238
21748,35.0,0.002068161964416504,4,lag_05__CT3__is_scoped,CT3__is_scoped,False,4.548114776611328,0.0003418294945731759,0.0015546797753498431
21748,35.0,0.002068161964416504,5,lag_14__T_place_LOWERMID,T_place_LOWERMID,False,3.3263463973999023,0.00040560399065725505,0.001349179373093784
21748,35.0,0.002068161964416504,6,lag_06__T_place_TRAMP,T_place_TRAMP,False,-2.926727294921875,-0.00036285584792494774,0.0010619801142439655
21748,35.0,0.002068161964416504,7,lag_00__CT4__is_walking,CT4__is_walking,False,2.384641170501709,0.00041614967631176114,0.0009923676512239854
21748,35.0,0.002068161964416504,8,lag_09__T2__is_walking,T2__is_walking,False,2.2968344688415527,-0.0004139369120821357,-0.0009507445675960846
21748,35.0,0.002068161964416504,9,lag_12__T_place_LOWERMID,T_place_LOWERMID,False,-3.3263463973999023,-0.0002845686103682965,0.0009465737719116796
21748,35.0,0.002068161964416504,10,lag_01__T2__is_walking,T2__is_walking,False,2.2968344688415527,0.00036613643169403076,0.0008409547766135006
21748,35.0,0.002068161964416504,11,lag_13__T_flashed_players,T_flashed_players,False,3.8592474460601807,0.0002019345120061189,0.0007793152497310232
21748,35.0,0.002068161964416504,12,lag_04__CT3__is_scoped,CT3__is_scoped,False,-4.548114776611328,-0.00016543063975404948,0.0007523975371696578
21748,35.0,0.002068161964416504,13,lag_05__T5__duck_amount,T5__duck_amount,False,-3.6478610038757324,-0.00016404292546212673,0.0005984057907549856
21748,35.0,0.002068161964416504,14,lag_11__T3__is_walking,T3__is_walking,False,-2.3223767280578613,-0.00025103052030317485,0.0005829874383843497
21748,35.0,0.002068161964416504,15,lag_15__CT_shots_fired_sum,CT_shots_fired_sum,False,-11.81059741973877,-4.819671084987931e-05,0.0005692319488034801
21748,35.0,0.002068161964416504,16,lag_14__T_place_TRAMP,T_place_TRAMP,False,-2.926727294921875,0.00019251700723543763,-0.0005634447798126274
21748,35.0,0.002068161964416504,17,lag_06__T3__is_walking,T3__is_walking,False,-2.3223767280578613,-0.00022661335242446512,0.0005262815759377523
21748,35.0,0.002068161964416504,18,lag_13__T3__flash_duration,T3__flash_duration,True,1.3516031503677368,0.00038207764737308025,0.0005164173518745485
21748,35.0,0.002068161964416504,19,lag_09__CT4__is_walking,CT4__is_walking,False,2.384641170501709,-0.0002161425945814699,-0.0005154225297380327
21748,35.0,0.002068161964416504,20,lag_04__T2__is_walking,T2__is_walking,False,-2.2968344688415527,0.00022318522678688169,-0.0005126195218203289
24756,82.0,-0.0020580291748046875,1,lag_04__CT_place_LIBRARY,CT_place_LIBRARY,False,-6.411735534667969,0.0004978576907888055,-0.003192131847238322
24756,82.0,-0.0020580291748046875,2,lag_13__CT1__is_walking,CT1__is_walking,False,2.3343825340270996,-0.000511849473696202,-0.0011948524714473774
24756,82.0,-0.0020580291748046875,3,lag_10__CT_place_PIT,CT_place_PIT,False,-4.305429458618164,-0.00024490978103131056,0.0010544417859559285
24756,82.0,-0.0020580291748046875,4,lag_11__CT3__is_scoped,CT3__is_scoped,False,-4.548114776611328,0.00023004694958217442,-0.0010462799307090487
24756,82.0,-0.0020580291748046875,5,lag_01__T3__is_walking,T3__is_walking,False,-2.3223767280578613,0.0004288530326448381,-0.0009959583027714103
24756,82.0,-0.0020580291748046875,6,lag_15__T1__is_walking,T1__is_walking,False,-2.281590461730957,-0.0004290357755962759,0.0009788839333418065
24756,82.0,-0.0020580291748046875,7,lag_13__CT4__is_walking,CT4__is_walking,False,-2.384641170501709,-0.00029896822525188327,0.0007129319386074695
24756,82.0,-0.0020580291748046875,8,lag_07__CT4__is_walking,CT4__is_walking,False,2.384641170501709,0.0002773735031951219,0.000661436275325375
24756,82.0,-0.0020580291748046875,9,lag_11__T3__is_walking,T3__is_walking,False,-2.3223767280578613,-0.00025103052030317485,0.0005829874383843497
24756,82.0,-0.0020580291748046875,10,lag_12__CT4__is_walking,CT4__is_walking,False,2.384641170501709,0.00022991163132246584,0.0005482567416287623
24756,82.0,-0.0020580291748046875,11,lag_02__T2__is_walking,T2__is_walking,False,2.2968344688415527,0.00023686708300374448,0.0005440444807769534
24756,82.0,-0.0020580291748046875,12,lag_09__CT4__is_walking,CT4__is_walking,False,2.384641170501709,-0.0002161425945814699,-0.0005154225297380327
24756,82.0,-0.0020580291748046875,13,lag_15__CT1__is_walking,CT1__is_walking,False,-2.3343825340270996,-0.00021444071899168193,0.0005005866689983957
24756,82.0,-0.0020580291748046875,14,lag_03__CT4__duck_amount,CT4__duck_amount,False,-3.6725916862487793,-0.0001292752131121233,0.00047477507291362325
24756,82.0,-0.0020580291748046875,15,lag_13__T_place_MIDDLE,T_place_MIDDLE,False,1.6254756450653076,-0.0002801043738145381,-0.0004553028377118004
24756,82.0,-0.0020580291748046875,16,lag_08__CT4__duck_amount,CT4__duck_amount,False,3.3120858669281006,-0.00012607115786522627,-0.0004175585001926774
24756,82.0,-0.0020580291748046875,17,lag_08__T5__duck_amount,T5__duck_amount,False,-2.710141181945801,-0.00014133533113636076,0.0003830387013765979
24756,82.0,-0.0020580291748046875,18,lag_04__CT4__is_walking,CT4__is_walking,False,-2.384641170501709,-0.00015965435886755586,0.0003807183572056283
24756,82.0,-0.0020580291748046875,19,lag_15__CT_walking_count,CT_walking_count,False,-0.8974476456642151,-0.0004166544822510332,0.0003739255841516322
24756,82.0,-0.0020580291748046875,20,lag_08__CT4__is_walking,CT4__is_walking,False,-2.384641170501709,-0.00015555048594251275,0.00037093209287006323
24788,82.5,0.0020036697387695312,1,lag_05__CT_place_LIBRARY,CT_place_LIBRARY,False,-6.411735534667969,0.0003891380038112402,-0.0024950499669262882
24788,82.5,0.0020036697387695312,2,lag_01__T3__is_walking,T3__is_walking,False,2.3223767280578613,0.0004288530326448381,0.0009959583027714103
24788,82.5,0.0020036697387695312,3,lag_00__CT4__is_walking,CT4__is_walking,False,-2.384641170501709,0.00041614967631176114,-0.0009923676512239854
24788,82.5,0.0020036697387695312,4,lag_03__T2__is_walking,T2__is_walking,False,2.2968344688415527,0.0003802203282248229,0.0008733031556210219
24788,82.5,0.0020036697387695312,5,lag_13__CT4__is_walking,CT4__is_walking,False,2.384641170501709,-0.00029896822525188327,-0.0007129319386074695
24788,82.5,0.0020036697387695312,6,lag_09__T5__duck_amount,T5__duck_amount,False,-2.710141181945801,-0.00022067248937673867,0.0005980536011823967
24788,82.5,0.0020036697387695312,7,lag_15__T2__is_walking,T2__is_walking,False,-2.2968344688415527,-0.0002563920570537448,0.000588890114178231
24788,82.5,0.0020036697387695312,8,lag_09__CT4__is_walking,CT4__is_walking,False,-2.384641170501709,-0.0002161425945814699,0.0005154225297380327
24788,82.5,0.0020036697387695312,9,lag_13__T_place_MIDDLE,T_place_MIDDLE,False,1.6254756450653076,-0.0002801043738145381,-0.0004553028377118004
24788,82.5,0.0020036697387695312,10,lag_12__T3__is_walking,T3__is_walking,False,-2.3223767280578613,-0.00019371029338799417,0.00044986827734953827
24788,82.5,0.0020036697387695312,11,lag_14__CT4__is_walking,CT4__is_walking,False,-2.384641170501709,-0.00018618193280417472,0.00044397710216841774
24788,82.5,0.0020036697387695312,12,lag_03__T_walking_count,T_walking_count,False,1.594179630279541,0.0002763132506515831,0.00044049295576507885
24788,82.5,0.0020036697387695312,13,lag_13__T2__molly,T2__molly,True,2.228090286254883,-0.00019277298997621983,-0.0004295156264183253
24788,82.5,0.0020036697387695312,14,lag_08__CT4__duck_amount,CT4__duck_amount,False,-3.3120858669281006,-0.00012607115786522627,0.0004175585001926774
24788,82.5,0.0020036697387695312,15,lag_04__CT4__is_walking,CT4__is_walking,False,2.384641170501709,-0.00015965435886755586,-0.0003807183572056283
24788,82.5,0.0020036697387695312,16,lag_08__CT4__is_walking,CT4__is_walking,False,2.384641170501709,-0.00015555048594251275,-0.00037093209287006323
24788,82.5,0.0020036697387695312,17,lag_13__CT_walking_count,CT_walking_count,False,0.8974476456642151,-0.0003645693650469184,-0.0003271819183426547
24788,82.5,0.0020036697387695312,18,lag_14__T_place_MIDDLE,T_place_MIDDLE,False,1.6254756450653076,-0.00019271789642516524,-0.0003132582470073246
24788,82.5,0.0020036697387695312,19,lag_04__CT4__duck_amount,CT4__duck_amount,False,-3.6725916862487793,-8.21025314508006e-05,0.0003015290744261892
24788,82.5,0.0020036697387695312,20,lag_05__CT4__duck_amount,CT4__duck_amount,False,3.6725916862487793,-7.893267320469022e-05,-0.0002898874793849371
22580,48.0,-0.0020020008087158203,1,lag_15__CT_place_LIBRARY,CT_place_LIBRARY,False,6.411735534667969,0.0004869953263550997,0.003122485239208217
22580,48.0,-0.0020020008087158203,2,lag_10__CT_place_LIBRARY,CT_place_LIBRARY,False,-6.411735534667969,0.0004436760500539094,-0.0028447334960117754
22580,48.0,-0.0020020008087158203,3,lag_08__T3__is_walking,T3__is_walking,False,-2.3223767280578613,-0.0005422991816885769,0.001259422999198373
22580,48.0,-0.0020020008087158203,4,lag_13__CT1__is_walking,CT1__is_walking,False,-2.3343825340270996,-0.000511849473696202,0.0011948524714473774
22580,48.0,-0.0020020008087158203,5,lag_10__T3__is_walking,T3__is_walking,False,2.3223767280578613,-0.000508095312397927,-0.0011799887291482347
22580,48.0,-0.0020020008087158203,6,lag_15__CT_place_PIT,CT_place_PIT,False,-4.305429458618164,0.0002542486763559282,-0.0010946497409974887
22580,48.0,-0.0020020008087158203,7,lag_09__T2__is_walking,T2__is_walking,False,-2.2968344688415527,-0.0004139369120821357,0.0009507445675960846
22580,48.0,-0.0020020008087158203,8,lag_06__CT_place_PIT,CT_place_PIT,False,4.305429458618164,0.00020526758453343064,0.0008837651053496265
22580,48.0,-0.0020020008087158203,9,lag_03__T2__is_walking,T2__is_walking,False,2.2968344688415527,0.0003802203282248229,0.0008733031556210219
22580,48.0,-0.0020020008087158203,10,lag_10__T3__duck_amount,T3__duck_amount,False,-3.7704498767852783,0.0001918724738061428,-0.0007234455452208577
22580,48.0,-0.0020020008087158203,11,lag_12__CT1__is_walking,CT1__is_walking,False,2.3343825340270996,-0.000309669878333807,-0.000722887955296736
22580,48.0,-0.0020020008087158203,12,lag_01__T3__duck_amount,T3__duck_amount,False,3.7704498767852783,-0.0001800697937142104,-0.000678944131522495
22580,48.0,-0.0020020008087158203,13,lag_05__T3__is_walking,T3__is_walking,False,2.3223767280578613,-0.0002565539034549147,-0.0005958148148760972
22580,48.0,-0.0020020008087158203,14,lag_12__CT1__duck_amount,CT1__duck_amount,False,-1.5201579332351685,0.00036668599932454526,-0.0005574206308794731
22580,48.0,-0.0020020008087158203,15,lag_03__T1__is_walking,T1__is_walking,False,-2.281590461730957,0.00023259989393409342,-0.0005306976993996598
22580,48.0,-0.0020020008087158203,16,lag_06__CT5__is_walking,CT5__is_walking,False,2.396676540374756,0.00021903045126236975,0.0005249451441682179
22580,48.0,-0.0020020008087158203,17,lag_12__T5__duck_amount,T5__duck_amount,False,3.7970333099365234,0.00013733275409322232,0.0005214570418372866
22580,48.0,-0.0020020008087158203,18,lag_04__T2__is_walking,T2__is_walking,False,-2.2968344688415527,0.00022318522678688169,-0.0005126195218203289
22580,48.0,-0.0020020008087158203,19,lag_04__T3__is_walking,T3__is_walking,False,-2.3223767280578613,0.00019652220362331718,-0.00045639859224144014
22580,48.0,-0.0020020008087158203,20,lag_01__T_duck_amount_mean,T_duck_amount_mean,False,1.4539681673049927,-0.00031267176382243633,-0.00045461479141292727
25140,88.0,0.0019941329956054688,1,lag_15__CT4__is_walking,CT4__is_walking,False,2.384641170501709,-0.0005655502900481224,-0.0013486345056379356
25140,88.0,0.0019941329956054688,2,lag_00__CT_place_LIBRARY,CT_place_LIBRARY,False,6.411735534667969,-0.00019607823924161494,-0.0012572018141205898
25140,88.0,0.0019941329956054688,3,lag_00__T5__duck_amount,T5__duck_amount,False,3.7970333099365234,-0.00027037132531404495,-0.0010266089282691127
25140,88.0,0.0019941329956054688,4,lag_13__T3__is_walking,T3__is_walking,False,-2.3223767280578613,-0.0003833354276139289,0.0008902492761306974
25140,88.0,0.0019941329956054688,5,lag_06__T_shots_fired_sum,T_shots_fired_sum,False,2.998948335647583,-0.0002169088984373957,-0.0006504985799559784
25140,88.0,0.0019941329956054688,6,lag_05__T3__is_walking,T3__is_walking,False,-2.3223767280578613,-0.0002565539034549147,0.0005958148148760972
25140,88.0,0.0019941329956054688,7,lag_05__CT_kills_last_3s,CT_kills_last_3s,False,2.8871407508850098,0.00019618053920567036,0.0005664008292712852
25140,88.0,0.0019941329956054688,8,lag_04__CT_shots_fired_sum,CT_shots_fired_sum,False,-3.4737050533294678,-0.00016180954116862267,0.0005620786208343671
25140,88.0,0.0019941329956054688,9,lag_00__T_place_TOPOFMID,T_place_TOPOFMID,False,2.0359649658203125,-0.0002694912545848638,-0.0005486747529297453
25140,88.0,0.0019941329956054688,10,lag_05__T_shots_fired_sum,T_shots_fired_sum,False,-2.998948335647583,-0.0001706383773125708,0.0005117356776391385
25140,88.0,0.0019941329956054688,11,lag_05__T2__molly,T2__molly,True,-2.228090286254883,-0.00020693294936791062,0.00046106529439271515
25140,88.0,0.0019941329956054688,12,lag_12__T3__is_walking,T3__is_walking,False,2.3223767280578613,-0.00019371029338799417,-0.00044986827734953827
25140,88.0,0.0019941329956054688,13,lag_06__CT_shots_fired_sum,CT_shots_fired_sum,False,2.778964042663574,0.00016186106950044632,0.00044980609204881006
25140,88.0,0.0019941329956054688,14,lag_06__damage_diff_last_5s,damage_diff_last_5s,False,-2.0078213214874268,0.00020613001834135503,-0.00041387224582436696
25140,88.0,0.0019941329956054688,15,lag_14__T3__is_walking,T3__is_walking,False,2.3223767280578613,-0.000164218814461492,-0.0003813779530146208
25140,88.0,0.0019941329956054688,16,lag_05__T_place_MIDDLE,T_place_MIDDLE,False,-1.6254754066467285,-0.0002306619135197252,0.00037493526767638785
25140,88.0,0.0019941329956054688,17,lag_15__CT_walking_count,CT_walking_count,False,0.8974475860595703,-0.0004166544822510332,-0.0003739255593170898
25140,88.0,0.0019941329956054688,18,lag_03__T1__duck_amount,T1__duck_amount,False,-1.833889365196228,0.00020384133676998317,-0.000373822459689855
25140,88.0,0.0019941329956054688,19,lag_08__CT4__is_walking,CT4__is_walking,False,2.384641170501709,-0.00015555048594251275,-0.00037093209287006323
25140,88.0,0.0019941329956054688,20,lag_07__CT1__is_walking,CT1__is_walking,False,2.3343825340270996,-0.0001560880773467943,-0.0003643692815282276
24692,81.0,-0.001794576644897461,1,lag_09__CT3__is_scoped,CT3__is_scoped,False,-4.548114776611328,0.0004836305452045053,-0.0021996072290652036
24692,81.0,-0.001794576644897461,2,lag_02__CT_place_LIBRARY,CT_place_LIBRARY,False,-6.411735534667969,0.0003227477427572012,-0.0020693731709702234
24692,81.0,-0.001794576644897461,3,lag_12__CT1__duck_amount,CT1__duck_amount,False,3.8154516220092773,0.00036668599932454526,0.001399072690890929
24692,81.0,-0.001794576644897461,4,lag_13__CT1__is_walking,CT1__is_walking,False,-2.3343825340270996,-0.000511849473696202,0.0011948524714473774
24692,81.0,-0.001794576644897461,5,lag_15__CT3__duck_amount,CT3__duck_amount,False,3.7208433151245117,0.000294158176984638,0.0010945164864225032
24692,81.0,-0.001794576644897461,6,lag_08__CT_place_PIT,CT_place_PIT,False,-4.305429458618164,0.0001649229961913079,-0.0007100643262056283
24692,81.0,-0.001794576644897461,7,lag_11__T_place_MIDDLE,T_place_MIDDLE,False,1.6254756450653076,-0.0004282974696252495,-0.0006961871057189414
24692,81.0,-0.001794576644897461,8,lag_07__CT4__is_walking,CT4__is_walking,False,2.384641170501709,0.0002773735031951219,0.000661436275325375
24692,81.0,-0.001794576644897461,9,lag_09__T3__is_walking,T3__is_walking,False,-2.3223767280578613,-0.00026113848434761167,0.0006064619388491954
24692,81.0,-0.001794576644897461,10,lag_08__CT5__duck_amount,CT5__duck_amount,False,-3.7749595642089844,0.00015243812231346965,-0.0005754477477772912
24692,81.0,-0.001794576644897461,11,lag_13__T1__is_walking,T1__is_walking,False,-2.281590461730957,-0.00024934482644312084,0.0005689027776945854
24692,81.0,-0.001794576644897461,12,lag_10__T2__molly,T2__molly,True,2.228090286254883,-0.00023145439627114683,-0.0005157012920427306
24692,81.0,-0.001794576644897461,13,lag_02__CT4__duck_amount,CT4__duck_amount,False,3.6725916862487793,-0.00014020180969964713,-0.0005149040006999575
24692,81.0,-0.001794576644897461,14,lag_06__T5__duck_amount,T5__duck_amount,False,-2.710141181945801,-0.00017637024575378746,0.0004779882662872409
24692,81.0,-0.001794576644897461,15,lag_01__CT4__duck_amount,CT4__duck_amount,False,-3.6725916862487793,-0.00012107798829674721,0.0004446700132063608
24692,81.0,-0.001794576644897461,16,lag_09__CT_scoped_count,CT_scoped_count,False,-2.141930103302002,0.0001957770437002182,-0.0004193407434369689
24692,81.0,-0.001794576644897461,17,lag_10__T_place_MIDDLE,T_place_MIDDLE,False,1.6254756450653076,-0.0002533048973418772,-0.0004117409414049894
24692,81.0,-0.001794576644897461,18,lag_00__T2__is_walking,T2__is_walking,False,2.2968344688415527,-0.000178659480297938,-0.00041035125253362226
24692,81.0,-0.001794576644897461,19,lag_07__T5__duck_amount,T5__duck_amount,False,-1.0868921279907227,-0.00035408823168836534,0.00038485571163623944
24692,81.0,-0.001794576644897461,20,lag_05__T_place_MIDDLE,T_place_MIDDLE,False,1.6254754066467285,-0.0002306619135197252,-0.00037493526767638785
23668,65.0,-0.0017052292823791504,1,lag_08__CT_place_LIBRARY,CT_place_LIBRARY,False,-6.411735534667969,0.0006526836077682674,-0.004184834680823091
23668,65.0,-0.0017052292823791504,2,lag_14__CT_place_LIBRARY,CT_place_LIBRARY,False,6.411735534667969,0.0005110358470119536,0.0032766266997756865
23668,65.0,-0.0017052292823791504,3,lag_10__CT3__is_scoped,CT3__is_scoped,False,-4.548114776611328,0.0003579595359042287,-0.0016280410546749557
23668,65.0,-0.0017052292823791504,4,lag_10__T3__is_walking,T3__is_walking,False,-2.3223767280578613,-0.000508095312397927,0.0011799887291482347
23668,65.0,-0.0017052292823791504,5,lag_01__T2__is_walking,T2__is_walking,False,2.2968344688415527,0.00036613643169403076,0.0008409547766135006
23668,65.0,-0.0017052292823791504,6,lag_00__CT_flashed_players,CT_flashed_players,False,-2.1899399757385254,-0.000364628154784441,0.000798513772442222
23668,65.0,-0.0017052292823791504,7,lag_11__T_flashed_players,T_flashed_players,False,3.8592474460601807,0.00020683734328486025,0.0007982364888219698
23668,65.0,-0.0017052292823791504,8,lag_04__CT_place_RUINS,CT_place_RUINS,False,-3.493913412094116,-0.00021982958423905075,0.0007680655327478927
23668,65.0,-0.0017052292823791504,9,lag_00__CT1__flash_duration,CT1__flash_duration,True,-5.189005374908447,-0.00012667082773987204,0.000657295605986298
23668,65.0,-0.0017052292823791504,10,lag_00__CT_flash_duration_sum,CT_flash_duration_sum,True,-2.3312060832977295,-0.0002749572740867734,0.0006409820699980473
23668,65.0,-0.0017052292823791504,11,lag_09__T_place_MIDDLE,T_place_MIDDLE,False,1.6254756450653076,-0.0003812710347119719,-0.0006197467810931598
23668,65.0,-0.0017052292823791504,12,lag_11__CT_flashed_players,CT_flashed_players,False,4.379879951477051,0.0001356186403427273,0.0005939933638836881
23668,65.0,-0.0017052292823791504,13,lag_02__T2__duck_amount,T2__duck_amount,False,-3.034114122390747,-0.0001887143444037065,0.0005725808574529971
23668,65.0,-0.0017052292823791504,14,lag_13__T1__is_walking,T1__is_walking,False,2.281590461730957,-0.00024934482644312084,-0.0005689027776945854
23668,65.0,-0.0017052292823791504,15,lag_03__T1__is_walking,T1__is_walking,False,-2.281590461730957,0.00023259989393409342,-0.0005306976993996598
23668,65.0,-0.0017052292823791504,16,lag_05__T_flashed_players,T_flashed_players,False,-1.9296237230300903,0.0002616027486510575,-0.0005047948698069585
23668,65.0,-0.0017052292823791504,17,lag_01__T5__duck_amount,T5__duck_amount,False,1.2726657390594482,-0.00038160450640134513,-0.00048565498116768385
23668,65.0,-0.0017052292823791504,18,lag_09__CT_place_RUINS,CT_place_RUINS,False,3.493913412094116,-0.00013475485320668668,-0.0004708217889636164
23668,65.0,-0.0017052292823791504,19,lag_00__utility_damage_diff_last_5s,utility_damage_diff_last_5s,True,-1.1737051010131836,0.0003955017891712487,-0.00046420246741013527
23668,65.0,-0.0017052292823791504,20,lag_00__CT_utility_damage_last_5s,CT_utility_damage_last_5s,True,-1.4308980703353882,0.0003217506455257535,-0.0004603923778119662
25620,95.5,0.0016620755195617676,1,lag_08__T_place_QUAD,T_place_QUAD,False,-24.086301803588867,0.001938259112648666,-0.04668549396081212
25620,95.5,0.0016620755195617676,2,lag_10__T_place_QUAD,T_place_QUAD,False,24.086305618286133,0.0009695150656625628,0.023352036173081236
25620,95.5,0.0016620755195617676,3,lag_09__T_place_QUAD,T_place_QUAD,False,-24.086305618286133,0.000695821363478899,-0.016759766016485322
25620,95.5,0.0016620755195617676,4,lag_12__T_place_QUAD,T_place_QUAD,False,24.086301803588867,0.0006503915647044778,0.01566552751798045
25620,95.5,0.0016620755195617676,5,lag_07__T_place_ARCH,T_place_ARCH,False,9.303513526916504,0.0005316324532032013,0.0049460497197237885
25620,95.5,0.0016620755195617676,6,lag_15__CT_place_LIBRARY,CT_place_LIBRARY,False,6.411735534667969,0.0004869953263550997,0.003122485239208217
25620,95.5,0.0016620755195617676,7,lag_00__CT3__duck_amount,CT3__duck_amount,False,3.7208433151245117,0.0007183473207987845,0.0026728578265317604
25620,95.5,0.0016620755195617676,8,lag_08__CT3__is_scoped,CT3__is_scoped,False,-4.548114776611328,0.0004639232938643545,-0.00210997638803867
25620,95.5,0.0016620755195617676,9,lag_01__CT1__duck_amount,CT1__duck_amount,False,-3.8154516220092773,0.00045662434422411025,-0.001742228094818804
25620,95.5,0.0016620755195617676,10,lag_15__T5__duck_amount,T5__duck_amount,False,3.7970333099365234,0.0004413787683006376,0.0016759298855362759
25620,95.5,0.0016620755195617676,11,lag_10__CT3__is_scoped,CT3__is_scoped,False,4.548114776611328,0.0003579595359042287,0.0016280410546749557
25620,95.5,0.0016620755195617676,12,lag_03__CT_place_RUINS,CT_place_RUINS,False,-3.493913412094116,-0.0003810621565207839,0.0013313981795094743
25620,95.5,0.0016620755195617676,13,lag_04__damage_diff_last_5s,damage_diff_last_5s,False,2.07550048828125,0.00039713026490062475,0.0008242440587125088
25620,95.5,0.0016620755195617676,14,lag_06__T_A_site_active_infernos,T_A_site_active_infernos,True,2.9764554500579834,0.0002735312737058848,0.0008141536503831828
25620,95.5,0.0016620755195617676,15,lag_04__CT3__is_scoped,CT3__is_scoped,False,4.548114776611328,-0.00016543063975404948,-0.0007523975371696578
25620,95.5,0.0016620755195617676,16,lag_12__CT_place_RUINS,CT_place_RUINS,False,3.493913412094116,0.00018222448125015944,0.0006366765590518249
25620,95.5,0.0016620755195617676,17,lag_04__CT_shots_fired_sum,CT_shots_fired_sum,False,3.4737050533294678,-0.00016180954116862267,-0.0005620786208343671
25620,95.5,0.0016620755195617676,18,lag_08__T5__duck_amount,T5__duck_amount,False,-3.7970333099365234,-0.00014133533113636076,0.0005366549601956705
25620,95.5,0.0016620755195617676,19,lag_03__CT_shots_fired_sum,CT_shots_fired_sum,False,-2.778964042663574,-0.0001893786684377119,0.0005262765100359085
25620,95.5,0.0016620755195617676,20,lag_13__T_place_MIDDLE,T_place_MIDDLE,False,-1.6254756450653076,-0.0002801043738145381,0.0004553028377118004
22644,49.0,0.0016373395919799805,1,lag_12__CT_place_LIBRARY,CT_place_LIBRARY,False,-6.411735534667969,0.0007258421974256635,-0.00465390820979561
22644,49.0,0.0016373395919799805,2,lag_10__T3__is_walking,T3__is_walking,False,-2.3223767280578613,-0.000508095312397927,0.0011799887291482347
22644,49.0,0.0016373395919799805,3,lag_08__CT_place_RUINS,CT_place_RUINS,False,3.493913412094116,0.00032386439852416515,0.0011315541657033745
22644,49.0,0.0016373395919799805,4,lag_09__T2__is_walking,T2__is_walking,False,2.2968344688415527,-0.0004139369120821357,-0.0009507445675960846
22644,49.0,0.0016373395919799805,5,lag_08__CT_place_PIT,CT_place_PIT,False,4.305429458618164,0.0001649229961913079,0.0007100643262056283
22644,49.0,0.0016373395919799805,6,lag_14__T5__duck_amount,T5__duck_amount,False,3.7970333099365234,0.00018079204892273992,0.000686473431931317
22644,49.0,0.0016373395919799805,7,lag_12__T1__duck_amount,T1__duck_amount,False,-3.915480136871338,0.0001734408433549106,-0.0006791041770783657
22644,49.0,0.0016373395919799805,8,lag_07__CT4__is_walking,CT4__is_walking,False,-2.384641170501709,0.0002773735031951219,-0.000661436275325375
22644,49.0,0.0016373395919799805,9,lag_11__T2__is_walking,T2__is_walking,False,-2.2968344688415527,-0.0002626851201057434,0.0006033442383106546
22644,49.0,0.0016373395919799805,10,lag_15__T2__is_walking,T2__is_walking,False,-2.2968344688415527,-0.0002563920570537448,0.000588890114178231
22644,49.0,0.0016373395919799805,11,lag_06__T3__is_walking,T3__is_walking,False,-2.3223767280578613,-0.00022661335242446512,0.0005262815759377523
22644,49.0,0.0016373395919799805,12,lag_06__CT5__is_walking,CT5__is_walking,False,-2.396676540374756,0.00021903045126236975,-0.0005249451441682179
22644,49.0,0.0016373395919799805,13,lag_05__T1__is_walking,T1__is_walking,False,-2.281590461730957,0.00022142103989608586,-0.0005051921326534592
22644,49.0,0.0016373395919799805,14,lag_15__CT1__is_walking,CT1__is_walking,False,-2.3343825340270996,-0.00021444071899168193,0.0005005866689983957
22644,49.0,0.0016373395919799805,15,lag_15__T5__is_walking,T5__is_walking,False,-2.3193888664245605,-0.00021321502572391182,0.0004945285568184674
22644,49.0,0.0016373395919799805,16,lag_12__T3__duck_amount,T3__duck_amount,False,-3.7704498767852783,-0.00013047325774095953,0.0004919428785731747
22644,49.0,0.0016373395919799805,17,lag_15__T_walking_count,T_walking_count,False,-1.5941797494888306,-0.0002835268387570977,0.0004519927447831501
22644,49.0,0.0016373395919799805,18,lag_12__T3__is_walking,T3__is_walking,False,2.3223767280578613,-0.00019371029338799417,-0.00044986827734953827
22644,49.0,0.0016373395919799805,19,lag_07__T3__is_walking,T3__is_walking,False,2.3223767280578613,0.00019229709869250655,0.000446586306876523
22644,49.0,0.0016373395919799805,20,lag_14__CT_A_site_active_infernos,CT_A_site_active_infernos,True,-3.5290780067443848,-0.00012050574878230691,0.00042527418771390324
25172,88.5,-0.0016161799430847168,1,lag_01__CT_place_LIBRARY,CT_place_LIBRARY,False,6.411735534667969,0.00026709443773142993,0.0017125388975147704
25172,88.5,-0.0016161799430847168,2,lag_01__T5__duck_amount,T5__duck_amount,False,3.7970333099365234,-0.00038160450640134513,-0.0014489650220277928
25172,88.5,-0.0016161799430847168,3,lag_00__CT_kills_last_3s,CT_kills_last_3s,False,-2.8871407508850098,0.00038100979872979224,-0.0011000289163992788
25172,88.5,-0.0016161799430847168,4,lag_07__damage_diff_last_5s,damage_diff_last_5s,False,-2.0078213214874268,0.00046367954928427935,-0.0009309856853906562
25172,88.5,-0.0016161799430847168,5,lag_13__T3__is_walking,T3__is_walking,False,2.3223767280578613,-0.0003833354276139289,-0.0008902492761306974
25172,88.5,-0.0016161799430847168,6,lag_07__CT4__is_walking,CT4__is_walking,False,-2.384641170501709,0.0002773735031951219,-0.000661436275325375
25172,88.5,-0.0016161799430847168,7,lag_06__T_shots_fired_sum,T_shots_fired_sum,False,-2.998948335647583,-0.0002169088984373957,0.0006504985799559784
25172,88.5,-0.0016161799430847168,8,lag_00__T_kills_last_3s,T_kills_last_3s,False,-3.1681017875671387,-0.00020032022439409047,0.0006346348609887684
25172,88.5,-0.0016161799430847168,9,lag_01__T_duck_amount_mean,T_duck_amount_mean,False,1.938624620437622,-0.00031267176382243633,-0.0006061531794618324
25172,88.5,-0.0016161799430847168,10,lag_15__T2__is_walking,T2__is_walking,False,2.2968344688415527,-0.0002563920570537448,-0.000588890114178231
25172,88.5,-0.0016161799430847168,11,lag_12__CT4__is_walking,CT4__is_walking,False,-2.384641170501709,0.00022991163132246584,-0.0005482567416287623
25172,88.5,-0.0016161799430847168,12,lag_07__T_damage_last_5s,T_damage_last_5s,False,2.1340460777282715,-0.0002567268966231495,-0.0005478670267859836
25172,88.5,-0.0016161799430847168,13,lag_06__T3__is_walking,T3__is_walking,False,-2.3223767280578613,-0.00022661335242446512,0.0005262815759377523
25172,88.5,-0.0016161799430847168,14,lag_09__CT4__is_walking,CT4__is_walking,False,2.384641170501709,-0.0002161425945814699,-0.0005154225297380327
25172,88.5,-0.0016161799430847168,15,lag_05__CT_shots_fired_sum,CT_shots_fired_sum,False,-3.4737050533294678,-0.00014810638094786555,0.0005144778839289398
25172,88.5,-0.0016161799430847168,16,lag_01__T_place_TOPOFMID,T_place_TOPOFMID,False,2.0359649658203125,-0.0002368874556850642,-0.0004822945606171025
25172,88.5,-0.0016161799430847168,17,lag_15__T_walking_count,T_walking_count,False,1.594179630279541,-0.0002835268387570977,-0.0004519927109841171
25172,88.5,-0.0016161799430847168,18,lag_08__T2__is_walking,T2__is_walking,False,-2.2968344688415527,-0.0001912346197059378,0.000439234266176404
25172,88.5,-0.0016161799430847168,19,lag_07__T2__shots_fired,T2__shots_fired,False,2.353466033935547,0.00018372594786342233,0.0004323927778491776
25172,88.5,-0.0016161799430847168,20,lag_07__T_shots_fired_sum,T_shots_fired_sum,False,2.998948335647583,-0.0001333297259407118,-0.000399848959702246
23060,55.5,-0.0016074180603027344,1,lag_06__CT3__is_scoped,CT3__is_scoped,False,4.548114776611328,0.0006244489923119545,0.002840065689174054
23060,55.5,-0.0016074180603027344,2,lag_11__CT_flashes_last_5s,CT_flashes_last_5s,True,10.995440483093262,0.00018137641018256545,0.001994313523199509
23060,55.5,-0.0016074180603027344,3,lag_01__T3__is_walking,T3__is_walking,False,-2.3223767280578613,0.0004288530326448381,-0.0009959583027714103
23060,55.5,-0.0016074180603027344,4,lag_09__T2__is_walking,T2__is_walking,False,-2.2968344688415527,-0.0004139369120821357,0.0009507445675960846
23060,55.5,-0.0016074180603027344,5,lag_07__CT_place_RUINS,CT_place_RUINS,False,-3.493913173675537,0.00024391416809521616,-0.0008522149251539851
23060,55.5,-0.0016074180603027344,6,lag_04__T5__duck_amount,T5__duck_amount,False,-3.0903120040893555,-0.0002606372581794858,0.0008054504476650015
23060,55.5,-0.0016074180603027344,7,lag_04__CT_place_RUINS,CT_place_RUINS,False,-3.493913412094116,-0.00021982958423905075,0.0007680655327478927
23060,55.5,-0.0016074180603027344,8,lag_06__T5__duck_amount,T5__duck_amount,False,3.7970333099365234,-0.00017637024575378746,-0.0006696836980088217
23060,55.5,-0.0016074180603027344,9,lag_04__T5__is_walking,T5__is_walking,False,2.3193888664245605,-0.0002868361189030111,-0.0006652845006720753
23060,55.5,-0.0016074180603027344,10,lag_14__CT5__is_walking,CT5__is_walking,False,-2.396676540374756,-0.00026758454623632133,0.0006413136045314155
23060,55.5,-0.0016074180603027344,11,lag_12__CT_place_RUINS,CT_place_RUINS,False,3.493913173675537,0.00018222448125015944,0.000636676515606123
23060,55.5,-0.0016074180603027344,12,lag_11__T2__is_walking,T2__is_walking,False,2.2968344688415527,-0.0002626851201057434,-0.0006033442383106546
23060,55.5,-0.0016074180603027344,13,lag_06__T_place_TOPOFMID,T_place_TOPOFMID,False,2.0359649658203125,-0.0002889528404921293,-0.0005882978600162403
23060,55.5,-0.0016074180603027344,14,lag_06__CT_scoped_count,CT_scoped_count,False,2.141930103302002,0.0002681809419300407,0.0005744248326518403
23060,55.5,-0.0016074180603027344,15,lag_12__CT5__is_walking,CT5__is_walking,False,2.396676540374756,-0.00021539586305152625,-0.0005162342118693666
23060,55.5,-0.0016074180603027344,16,lag_06__CT3__is_walking,CT3__is_walking,False,-2.387126922607422,-0.00021041108993813396,0.0005022779776064912
23060,55.5,-0.0016074180603027344,17,lag_04__T3__is_walking,T3__is_walking,False,2.3223767280578613,0.00019652220362331718,0.00045639859224144014
23060,55.5,-0.0016074180603027344,18,lag_01__CT_flashes_last_5s,CT_flashes_last_5s,True,-10.995440483093262,-4.10699904023204e-05,0.00045158263510992544
23060,55.5,-0.0016074180603027344,19,lag_08__T2__is_walking,T2__is_walking,False,2.2968344688415527,-0.0001912346197059378,-0.000439234266176404
23060,55.5,-0.0016074180603027344,20,lag_09__T1__is_walking,T1__is_walking,False,2.281590461730957,-0.00017981893324758857,-0.00041027316293633376
19604,1.5,-0.0015497207641601562,1,lag_02__T_velocity_mean,T_velocity_mean,False,3.5335803031921387,0.00026599332340992987,0.0009399087683819446
19604,1.5,-0.0015497207641601562,2,lag_03__centroid_distance_xy,centroid_distance_xy,False,3.842611789703369,-0.00013855654106009752,-0.0005324189982180497
19604,1.5,-0.0015497207641601562,3,lag_03__T_closest_enemy_dist,T_closest_enemy_dist,False,4.026003360748291,-0.00012236382463015616,-0.0004926371691950232
19604,1.5,-0.0015497207641601562,4,lag_03__CT_closest_enemy_dist,CT_closest_enemy_dist,False,4.124736785888672,-0.00010917508188867941,-0.0004503184763686441
19604,1.5,-0.0015497207641601562,5,lag_03__CT_place_CTSPAWN,CT_place_CTSPAWN,False,4.78255033493042,9.007944754557684e-05,0.0004308094920294457
19604,1.5,-0.0015497207641601562,6,lag_03__T_walking_count,T_walking_count,False,-0.9998118877410889,0.0002763132506515831,-0.00027626127274183593
19604,1.5,-0.0015497207641601562,7,lag_03__CT3__flash,CT3__flash,True,3.01554012298584,8.797538612270728e-05,0.00026529330668819545
19604,1.5,-0.0015497207641601562,8,lag_03__T_mean_X,T_mean_X,False,-1.6327497959136963,0.0001616500085219741,-0.00026393401842370046
19604,1.5,-0.0015497207641601562,9,lag_03__T5__X,T5__X,False,-1.4835658073425293,0.00016720843268558383,-0.00024806471343166714
19604,1.5,-0.0015497207641601562,10,lag_03__CT2__X,CT2__X,False,1.8969999551773071,0.00011842728417832404,0.00022465655277805092
19604,1.5,-0.0015497207641601562,11,lag_03__T2__is_walking,T2__is_walking,False,-0.5837383270263672,0.0003802203282248229,-0.00022194917829937433
19604,1.5,-0.0015497207641601562,12,lag_03__T2__smoke,T2__smoke,True,1.5516093969345093,-0.00013199808017816395,-0.00020480946158175396
19604,1.5,-0.0015497207641601562,13,lag_03__CT_mean_X,CT_mean_X,False,2.121032476425171,9.447091724723577e-05,0.00020037588355906188
19604,1.5,-0.0015497207641601562,14,lag_03__CT2__molly,CT2__molly,True,1.9538549184799194,0.00010137099889107049,0.00019806422477454053
19604,1.5,-0.0015497207641601562,15,lag_03__CT1__X,CT1__X,False,1.7887383699417114,0.00010302653390681371,0.00018428751432121842
19604,1.5,-0.0015497207641601562,16,lag_03__T1__X,T1__X,False,-1.4518778324127197,0.00012490143126342446,-0.000181341619287987
19604,1.5,-0.0015497207641601562,17,lag_03__T_macro_MID,T_macro_MID,False,-0.5295454859733582,-0.0003262894751969725,0.0001727851187111728
19604,1.5,-0.0015497207641601562,18,lag_03__CT_velocity_mean,CT_velocity_mean,False,-1.694637656211853,-0.00010087706323247403,0.00017095007000181468
19604,1.5,-0.0015497207641601562,19,lag_03__T1__smoke,T1__smoke,True,1.4850022792816162,0.00011266385990893468,0.0001673060887574327
19604,1.5,-0.0015497207641601562,20,lag_03__CT_scoped_count,CT_scoped_count,False,-0.5918432474136353,0.00026116406661458313,-0.00015456818929292584
21140,25.5,0.0014801621437072754,1,lag_15__CT4__is_walking,CT4__is_walking,False,-2.384641170501709,-0.0005655502900481224,0.0013486345056379356
21140,25.5,0.0014801621437072754,2,lag_01__T5__duck_amount,T5__duck_amount,False,3.4749693870544434,-0.00038160450640134513,-0.0013260639777066957
21140,25.5,0.0014801621437072754,3,lag_00__CT_place_LIBRARY,CT_place_LIBRARY,False,6.411735534667969,-0.00019607823924161494,-0.0012572018141205898
21140,25.5,0.0014801621437072754,4,lag_12__T1__is_walking,T1__is_walking,False,-2.281590461730957,-0.00046226225094869733,0.0010546931425828299
21140,25.5,0.0014801621437072754,5,lag_03__CT_shots_fired_sum,CT_shots_fired_sum,False,-5.557928085327148,-0.0001893786684377119,0.001052553020071817
21140,25.5,0.0014801621437072754,6,lag_01__T_shots_fired_sum,T_shots_fired_sum,False,3.748684883117676,0.000275840749964118,0.0010340400495383317
21140,25.5,0.0014801621437072754,7,lag_00__T5__duck_amount,T5__duck_amount,False,-3.7970333099365234,-0.00027037132531404495,0.0010266089282691127
21140,25.5,0.0014801621437072754,8,lag_01__CT_place_BALCONY,CT_place_BALCONY,False,6.417822360992432,-0.00015915892436169088,-0.0010214537037199628
21140,25.5,0.0014801621437072754,9,lag_01__T3__is_walking,T3__is_walking,False,2.3223767280578613,0.0004288530326448381,0.0009959583027714103
21140,25.5,0.0014801621437072754,10,lag_15__T1__is_walking,T1__is_walking,False,-2.281590461730957,-0.0004290357755962759,0.0009788839333418065
21140,25.5,0.0014801621437072754,11,lag_14__T1__is_walking,T1__is_walking,False,2.281590461730957,-0.0004045722307637334,-0.0009230681427917498
21140,25.5,0.0014801621437072754,12,lag_13__T5__duck_amount,T5__duck_amount,False,3.3547582626342773,-0.00026552274357527494,-0.0008907646179264761
21140,25.5,0.0014801621437072754,13,lag_01__CT_place_BANANA,CT_place_BANANA,False,-2.9603395462036133,0.0002702846541069448,-0.0008001343502847535
21140,25.5,0.0014801621437072754,14,lag_10__T2__is_walking,T2__is_walking,False,-2.2968344688415527,-0.00034644853440113366,0.0007957349354921622
21140,25.5,0.0014801621437072754,15,lag_07__CT5__duck_amount,CT5__duck_amount,False,-3.5474624633789062,-0.00021388694585766643,0.0007587559118368281
21140,25.5,0.0014801621437072754,16,lag_00__T5__is_walking,T5__is_walking,False,2.3193888664245605,0.0003229015856049955,0.0007489343426030637
21140,25.5,0.0014801621437072754,17,lag_12__CT_place_BANANA,CT_place_BANANA,False,2.9603395462036133,0.00023379968479275703,0.0006921264527819382
21140,25.5,0.0014801621437072754,18,lag_10__T_walking_count,T_walking_count,False,-1.5941797494888306,-0.0004313217359595001,0.0006876043769810034
21140,25.5,0.0014801621437072754,19,lag_04__CT_shots_fired_sum,CT_shots_fired_sum,False,4.168446063995361,-0.00016180954116862267,-0.0006744943450012406
21140,25.5,0.0014801621437072754,20,lag_04__T5__is_walking,T5__is_walking,False,-2.3193888664245605,-0.0002868361189030111,0.0006652845006720753
22996,54.5,-0.0013700127601623535,1,lag_09__CT_flashes_last_5s,CT_flashes_last_5s,True,10.995440483093262,0.0002594178367871791,0.0028524133846462296
22996,54.5,-0.0013700127601623535,2,lag_03__CT_place_RUINS,CT_place_RUINS,False,-3.493913412094116,-0.0003810621565207839,0.0013313981795094743
22996,54.5,-0.0013700127601623535,3,lag_04__T5__duck_amount,T5__duck_amount,False,3.7970333099365234,-0.0002606372581794858,-0.0009896483511180332
22996,54.5,-0.0013700127601623535,4,lag_02__CT3__duck_amount,CT3__duck_amount,False,3.7208433151245117,0.0002561902510933578,0.0009532437831807905
22996,54.5,-0.0013700127601623535,5,lag_09__T2__is_walking,T2__is_walking,False,2.2968344688415527,-0.0004139369120821357,-0.0009507445675960846
22996,54.5,-0.0013700127601623535,6,lag_10__T2__is_walking,T2__is_walking,False,-2.2968344688415527,-0.00034644853440113366,0.0007957349354921622
22996,54.5,-0.0013700127601623535,7,lag_04__CT3__is_scoped,CT3__is_scoped,False,4.548114776611328,-0.00016543063975404948,-0.0007523975371696578
22996,54.5,-0.0013700127601623535,8,lag_14__CT5__is_walking,CT5__is_walking,False,2.396676540374756,-0.00026758454623632133,-0.0006413136045314155
22996,54.5,-0.0013700127601623535,9,lag_02__T5__duck_amount,T5__duck_amount,False,-3.0903120040893555,-0.00019456569862086326,0.0006012687140320855
22996,54.5,-0.0013700127601623535,10,lag_14__T3__duck_amount,T3__duck_amount,False,3.7704498767852783,0.0001484979729866609,0.0005599041639504192
22996,54.5,-0.0013700127601623535,11,lag_08__T5__duck_amount,T5__duck_amount,False,-3.7970333099365234,-0.00014133533113636076,0.0005366549601956705
22996,54.5,-0.0013700127601623535,12,lag_06__CT5__is_walking,CT5__is_walking,False,-2.396676540374756,0.00021903045126236975,-0.0005249451441682179
22996,54.5,-0.0013700127601623535,13,lag_08__T5__is_walking,T5__is_walking,False,2.3193888664245605,0.00022376292326953262,0.0005189932329499672
22996,54.5,-0.0013700127601623535,14,lag_12__CT5__is_walking,CT5__is_walking,False,-2.396676540374756,-0.00021539586305152625,0.0005162342118693666
22996,54.5,-0.0013700127601623535,15,lag_09__CT4__is_walking,CT4__is_walking,False,2.384641170501709,-0.0002161425945814699,-0.0005154225297380327
22996,54.5,-0.0013700127601623535,16,lag_07__T5__is_walking,T5__is_walking,False,-2.3193888664245605,0.0002202083560405299,-0.0005107488092940607
22996,54.5,-0.0013700127601623535,17,lag_06__CT3__is_walking,CT3__is_walking,False,2.387126922607422,-0.00021041108993813396,-0.0005022779776064912
22996,54.5,-0.0013700127601623535,18,lag_01__T5__duck_amount,T5__duck_amount,False,1.1268301010131836,-0.00038160450640134513,-0.0004300034444953138
22996,54.5,-0.0013700127601623535,19,lag_04__CT3__is_walking,CT3__is_walking,False,-2.387126922607422,0.00015511203673668206,-0.0003702721189146052
22996,54.5,-0.0013700127601623535,20,lag_02__CT4__is_walking,CT4__is_walking,False,-2.384641170501709,-0.00015485231415368617,0.00036926720367834454
24468,77.5,-0.0013166069984436035,1,lag_08__CT3__is_scoped,CT3__is_scoped,False,4.548114776611328,0.0004639232938643545,0.00210997638803867
24468,77.5,-0.0013166069984436035,2,lag_02__CT3__is_scoped,CT3__is_scoped,False,-4.548114776611328,0.00037722685374319553,-0.001715671027644028
24468,77.5,-0.0013166069984436035,3,lag_07__CT3__duck_amount,CT3__duck_amount,False,-3.7208433151245117,0.0004050003772135824,-0.0015069429461780637
24468,77.5,-0.0013166069984436035,4,lag_10__CT1__duck_amount,CT1__duck_amount,False,-3.645623207092285,-0.0003316364891361445,0.001209021681113337
24468,77.5,-0.0013166069984436035,5,lag_13__CT1__is_walking,CT1__is_walking,False,2.3343825340270996,-0.000511849473696202,-0.0011948524714473774
24468,77.5,-0.0013166069984436035,6,lag_08__CT3__duck_amount,CT3__duck_amount,False,3.7208433151245117,0.0002951358037535101,0.001098154082450148
24468,77.5,-0.0013166069984436035,7,lag_00__CT4__is_walking,CT4__is_walking,False,2.384641170501709,0.00041614967631176114,0.0009923676512239854
24468,77.5,-0.0013166069984436035,8,lag_13__T3__is_walking,T3__is_walking,False,-2.3223767280578613,-0.0003833354276139289,0.0008902492761306974
24468,77.5,-0.0013166069984436035,9,lag_09__T5__duck_amount,T5__duck_amount,False,3.7970333099365234,-0.00022067248937673867,-0.0008379007927500903
24468,77.5,-0.0013166069984436035,10,lag_04__T_place_MIDDLE,T_place_MIDDLE,False,1.6254756450653076,-0.00042545393807813525,-0.0006915650144431323
24468,77.5,-0.0013166069984436035,11,lag_12__CT4__is_walking,CT4__is_walking,False,-2.384641170501709,0.00022991163132246584,-0.0005482567416287623
24468,77.5,-0.0013166069984436035,12,lag_09__CT4__is_walking,CT4__is_walking,False,2.384641170501709,-0.0002161425945814699,-0.0005154225297380327
24468,77.5,-0.0013166069984436035,13,lag_13__CT5__duck_amount,CT5__duck_amount,False,3.7749595642089844,-0.00013645509898196906,-0.0005151124809870677
24468,77.5,-0.0013166069984436035,14,lag_04__CT1__duck_amount,CT1__duck_amount,False,-3.8154516220092773,-0.000127846171380952,0.00048779088196312936
24468,77.5,-0.0013166069984436035,15,lag_12__T3__is_walking,T3__is_walking,False,2.3223767280578613,-0.00019371029338799417,-0.00044986827734953827
24468,77.5,-0.0013166069984436035,16,lag_01__CT_place_PIT,CT_place_PIT,False,-4.305429458618164,0.00010359273437643424,-0.00044601121028310653
24468,77.5,-0.0013166069984436035,17,lag_08__CT_scoped_count,CT_scoped_count,False,2.141930103302002,0.00019196377252228558,0.00041117298310890116
24468,77.5,-0.0013166069984436035,18,lag_12__T5__duck_amount,T5__duck_amount,False,-2.8989014625549316,0.00013733275409322232,-0.00039811412169753896
24468,77.5,-0.0013166069984436035,19,lag_04__CT4__is_walking,CT4__is_walking,False,-2.384641170501709,-0.00015965435886755586,0.0003807183572056283
24468,77.5,-0.0013166069984436035,20,lag_04__T_macro_MID,T_macro_MID,False,1.0278689861297607,-0.00035815092269331217,-0.0003681322257902131
21876,37.0,-0.0012739300727844238,1,lag_00__CT3__duck_amount,CT3__duck_amount,False,3.7208433151245117,0.0007183473207987845,0.0026728578265317604
21876,37.0,-0.0012739300727844238,2,lag_09__CT3__is_scoped,CT3__is_scoped,False,4.548114776611328,0.0004836305452045053,0.0021996072290652036
21876,37.0,-0.0012739300727844238,3,lag_08__CT3__is_scoped,CT3__is_scoped,False,-4.548114776611328,0.0004639232938643545,-0.00210997638803867
21876,37.0,-0.0012739300727844238,4,lag_01__CT3__is_scoped,CT3__is_scoped,False,4.548114776611328,0.0003468819195404649,0.0015776587840012901
21876,37.0,-0.0012739300727844238,5,lag_03__CT_place_RUINS,CT_place_RUINS,False,3.493913412094116,-0.0003810621565207839,-0.0013313981795094743
21876,37.0,-0.0012739300727844238,6,lag_10__T3__is_walking,T3__is_walking,False,-2.3223767280578613,-0.000508095312397927,0.0011799887291482347
21876,37.0,-0.0012739300727844238,7,lag_15__CT_walking_count,CT_walking_count,False,2.69234299659729,-0.0004166544822510332,-0.001121776777289439
21876,37.0,-0.0012739300727844238,8,lag_10__T_place_TRAMP,T_place_TRAMP,False,-2.926727294921875,0.00036444750730879605,-0.001066638467206893
21876,37.0,-0.0012739300727844238,9,lag_01__CT_place_TOPOFMID,CT_place_TOPOFMID,False,-3.6288270950317383,-0.000253960577538237,0.000921579024840663
21876,37.0,-0.0012739300727844238,10,lag_09__T5__duck_amount,T5__duck_amount,False,-3.6478610038757324,-0.00022067248937673867,0.0008049825686255868
21876,37.0,-0.0012739300727844238,11,lag_10__T2__is_walking,T2__is_walking,False,2.2968344688415527,-0.00034644853440113366,-0.0007957349354921622
21876,37.0,-0.0012739300727844238,12,lag_12__CT1__is_walking,CT1__is_walking,False,-2.3343825340270996,-0.000309669878333807,0.000722887955296736
21876,37.0,-0.0012739300727844238,13,lag_13__CT4__is_walking,CT4__is_walking,False,2.384641170501709,-0.00029896822525188327,-0.0007129319386074695
21876,37.0,-0.0012739300727844238,14,lag_12__CT_place_BANANA,CT_place_BANANA,False,-2.960339307785034,0.00023379968479275703,-0.0006921263970397495
21876,37.0,-0.0012739300727844238,15,lag_01__CT_active_infernos,CT_active_infernos,True,2.304276466369629,0.00027651007985696197,0.0006371556697283842
21876,37.0,-0.0012739300727844238,16,lag_09__T_place_MIDDLE,T_place_MIDDLE,False,-1.6254756450653076,-0.0003812710347119719,0.0006197467810931598
21876,37.0,-0.0012739300727844238,17,lag_11__T3__is_walking,T3__is_walking,False,2.3223767280578613,-0.00025103052030317485,-0.0005829874383843497
21876,37.0,-0.0012739300727844238,18,lag_12__CT4__is_walking,CT4__is_walking,False,-2.384641170501709,0.00022991163132246584,-0.0005482567416287623
21876,37.0,-0.0012739300727844238,19,lag_01__CT_velocity_mean,CT_velocity_mean,False,-2.0227551460266113,-0.000269022595603019,0.0005441668396534427
21876,37.0,-0.0012739300727844238,20,lag_03__T1__is_walking,T1__is_walking,False,-2.281590461730957,0.00023259989393409342,-0.0005306976993996598
25204,89.0,0.0012430548667907715,1,lag_02__CT_place_LIBRARY,CT_place_LIBRARY,False,6.411735534667969,0.0003227477427572012,0.0020693731709702234
25204,89.0,0.0012430548667907715,2,lag_09__T2__is_walking,T2__is_walking,False,-2.2968344688415527,-0.0004139369120821357,0.0009507445675960846
25204,89.0,0.0012430548667907715,3,lag_01__T_kills_last_3s,T_kills_last_3s,False,-3.1681017875671387,-0.0002417570649413392,0.0007659109895976415
25204,89.0,0.0012430548667907715,4,lag_02__T5__duck_amount,T5__duck_amount,False,3.7970333099365234,-0.00019456569862086326,-0.0007387724386344885
25204,89.0,0.0012430548667907715,5,lag_13__CT4__is_walking,CT4__is_walking,False,-2.384641170501709,-0.00029896822525188327,0.0007129319386074695
25204,89.0,0.0012430548667907715,6,lag_08__damage_diff_last_5s,damage_diff_last_5s,False,-2.0078213214874268,0.00034802977461367846,-0.0006987816019818072
25204,89.0,0.0012430548667907715,7,lag_07__T_kills_last_3s,T_kills_last_3s,False,3.1681017875671387,-0.00018837738025467843,-0.0005967987151220613
25204,89.0,0.0012430548667907715,8,lag_06__CT_shots_fired_sum,CT_shots_fired_sum,False,-3.4737050533294678,0.00016186106950044632,-0.0005622576150610126
25204,89.0,0.0012430548667907715,9,lag_08__T_shots_fired_sum,T_shots_fired_sum,False,2.998948335647583,-0.0001874749141279608,-0.0005622275816997216
25204,89.0,0.0012430548667907715,10,lag_00__T_place_TOPOFMID,T_place_TOPOFMID,False,2.0359649658203125,-0.0002694912545848638,-0.0005486747529297453
25204,89.0,0.0012430548667907715,11,lag_08__CT_shots_fired_sum,CT_shots_fired_sum,False,2.778964042663574,-0.0001744178298395127,-0.0004847008775234196
25204,89.0,0.0012430548667907715,12,lag_08__T2__shots_fired,T2__shots_fired,False,2.353466033935547,0.00019707366300281137,0.000463806172060377
25204,89.0,0.0012430548667907715,13,lag_08__CT4__duck_amount,CT4__duck_amount,False,3.619617462158203,-0.00012607115786522627,-0.0004563293644834765
25204,89.0,0.0012430548667907715,14,lag_07__T3__is_walking,T3__is_walking,False,-2.3223767280578613,0.00019229709869250655,-0.000446586306876523
25204,89.0,0.0012430548667907715,15,lag_07__CT_kills_last_3s,CT_kills_last_3s,False,2.8871407508850098,0.00015190157864708453,0.000438561237835762
25204,89.0,0.0012430548667907715,16,lag_09__T_walking_count,T_walking_count,False,-1.594179630279541,-0.00026046272250823677,0.0004152243666697836
25204,89.0,0.0012430548667907715,17,lag_09__T1__is_walking,T1__is_walking,False,-2.281590461730957,-0.00017981893324758857,0.00041027316293633376
25204,89.0,0.0012430548667907715,18,lag_08__CT4__shots_fired,CT4__shots_fired,False,2.1549742221832275,0.00018743681721389294,0.0004039215093840087
25204,89.0,0.0012430548667907715,19,lag_07__T_shots_fired_sum,T_shots_fired_sum,False,-2.998948335647583,-0.0001333297259407118,0.000399848959702246
25204,89.0,0.0012430548667907715,20,lag_14__T3__is_walking,T3__is_walking,False,2.3223767280578613,-0.000164218814461492,-0.0003813779530146208
23188,57.5,0.0012339353561401367,1,lag_05__CT_flashes_last_5s,CT_flashes_last_5s,True,-10.995440483093262,0.00018601446936372668,-0.0020453110268830316
23188,57.5,0.0012339353561401367,2,lag_10__CT3__is_scoped,CT3__is_scoped,False,4.548114776611328,0.0003579595359042287,0.0016280410546749557
23188,57.5,0.0012339353561401367,3,lag_15__CT4__is_walking,CT4__is_walking,False,2.384641170501709,-0.0005655502900481224,-0.0013486345056379356
23188,57.5,0.0012339353561401367,4,lag_08__T3__is_walking,T3__is_walking,False,2.3223767280578613,-0.0005422991816885769,-0.001259422999198373
23188,57.5,0.0012339353561401367,5,lag_08__CT_place_RUINS,CT_place_RUINS,False,-3.493913412094116,0.00032386439852416515,-0.0011315541657033745
23188,57.5,0.0012339353561401367,6,lag_08__CT3__duck_amount,CT3__duck_amount,False,3.7208433151245117,0.0002951358037535101,0.001098154082450148
23188,57.5,0.0012339353561401367,7,lag_11__CT_place_RUINS,CT_place_RUINS,False,-3.493913173675537,0.00029458990320563316,-0.001029271543641963
23188,57.5,0.0012339353561401367,8,lag_01__T3__is_walking,T3__is_walking,False,-2.3223767280578613,0.0004288530326448381,-0.0009959583027714103
23188,57.5,0.0012339353561401367,9,lag_08__T3__duck_amount,T3__duck_amount,False,-3.7704498767852783,-0.00019314790552016348,0.000728254496569835
23188,57.5,0.0012339353561401367,10,lag_14__T5__duck_amount,T5__duck_amount,False,-3.7970333099365234,0.00018079204892273992,-0.000686473431931317
23188,57.5,0.0012339353561401367,11,lag_10__T1__is_walking,T1__is_walking,False,-2.281590461730957,-0.00028323993319645524,0.0006462375299623457
23188,57.5,0.0012339353561401367,12,lag_15__CT_flashes_last_5s,CT_flashes_last_5s,True,10.995440483093262,5.564435195992701e-05,0.0006118341601956713
23188,57.5,0.0012339353561401367,13,lag_05__T3__is_walking,T3__is_walking,False,-2.3223767280578613,-0.0002565539034549147,0.0005958148148760972
23188,57.5,0.0012339353561401367,14,lag_15__T2__is_walking,T2__is_walking,False,2.2968344688415527,-0.0002563920570537448,-0.000588890114178231
23188,57.5,0.0012339353561401367,15,lag_13__T1__is_walking,T1__is_walking,False,2.281590461730957,-0.00024934482644312084,-0.0005689027776945854
23188,57.5,0.0012339353561401367,16,lag_08__T_duck_amount_mean,T_duck_amount_mean,False,-2.637317419052124,-0.00020384615345392376,0.0005376070113108054
23188,57.5,0.0012339353561401367,17,lag_01__T_walking_count,T_walking_count,False,-1.594179630279541,0.0003355855878908187,-0.0005349837084309278
23188,57.5,0.0012339353561401367,18,lag_03__T1__is_walking,T1__is_walking,False,2.281590461730957,0.00023259989393409342,0.0005306976993996598
23188,57.5,0.0012339353561401367,19,lag_08__T5__is_walking,T5__is_walking,False,2.3193888664245605,0.00022376292326953262,0.0005189932329499672
23188,57.5,0.0012339353561401367,20,lag_12__CT5__is_walking,CT5__is_walking,False,-2.396676540374756,-0.00021539586305152625,0.0005162342118693666
20564,16.5,-0.0012261271476745605,1,lag_09__CT3__is_scoped,CT3__is_scoped,False,-4.548114776611328,0.0004836305452045053,-0.0021996072290652036
20564,16.5,-0.0012261271476745605,2,lag_02__T3__shots_fired,T3__shots_fired,False,-5.450135707855225,0.0003372668579686433,-0.0018381501456910393
20564,16.5,-0.0012261271476745605,3,lag_10__CT3__is_scoped,CT3__is_scoped,False,4.548114776611328,0.0003579595359042287,0.0016280410546749557
20564,16.5,-0.0012261271476745605,4,lag_05__CT3__duck_amount,CT3__duck_amount,False,-3.7208433151245117,0.00039905583253130317,-0.001484824226835546
20564,16.5,-0.0012261271476745605,5,lag_01__T5__duck_amount,T5__duck_amount,False,3.7970333099365234,-0.00038160450640134513,-0.0014489650220277928
20564,16.5,-0.0012261271476745605,6,lag_12__CT1__duck_amount,CT1__duck_amount,False,-3.8154516220092773,0.00036668599932454526,-0.001399072690890929
20564,16.5,-0.0012261271476745605,7,lag_06__CT5__flash_duration,CT5__flash_duration,True,7.546695709228516,0.00015177836758084595,0.0011454251553760786
20564,16.5,-0.0012261271476745605,8,lag_14__T_place_TRAMP,T_place_TRAMP,False,-5.85345458984375,0.00019251700723543763,-0.0011268895596252548
20564,16.5,-0.0012261271476745605,9,lag_00__CT_place_RUINS,CT_place_RUINS,False,3.493913412094116,-0.00031822131131775677,-0.0011118377076272876
20564,16.5,-0.0012261271476745605,10,lag_00__T5__duck_amount,T5__duck_amount,False,-3.7970333099365234,-0.00027037132531404495,0.0010266089282691127
20564,16.5,-0.0012261271476745605,11,lag_09__CT_kills_last_3s,CT_kills_last_3s,False,2.8871407508850098,0.00034981704084202647,0.0010099710339690204
20564,16.5,-0.0012261271476745605,12,lag_08__CT_utility_damage_last_5s,CT_utility_damage_last_5s,True,5.8336615562438965,0.00017263265908695757,0.001007080506667743
20564,16.5,-0.0012261271476745605,13,lag_06__CT_flash_duration_sum,CT_flash_duration_sum,True,4.195886611938477,0.00020991858036722988,0.000880794560959991
20564,16.5,-0.0012261271476745605,14,lag_14__CT_place_BANANA,CT_place_BANANA,False,2.960339307785034,0.00028780329739674926,0.000851995414193743
20564,16.5,-0.0012261271476745605,15,lag_04__T3__flash_duration,T3__flash_duration,True,4.344386577606201,0.00019246491137892008,0.0008361419776547474
20564,16.5,-0.0012261271476745605,16,lag_04__CT_place_RUINS,CT_place_RUINS,False,3.493913412094116,-0.00021982958423905075,-0.0007680655327478927
20564,16.5,-0.0012261271476745605,17,lag_04__CT_flashed_players,CT_flashed_players,False,-2.1899399757385254,0.0003391584032215178,-0.0007427365453224477
20564,16.5,-0.0012261271476745605,18,lag_11__T1__duck_amount,T1__duck_amount,False,3.915480136871338,-0.0001886025711428374,-0.0007384696210726432
20564,16.5,-0.0012261271476745605,19,lag_06__CT3__duck_amount,CT3__duck_amount,False,3.7208433151245117,0.00018562973127700388,0.0006906991447103994
20564,16.5,-0.0012261271476745605,20,lag_04__T3__shots_fired,T3__shots_fired,False,2.4222826957702637,0.00028319520060904324,0.0006859788339604739
19892,6.0,0.0012074112892150879,1,lag_07__CT_place_LIBRARY,CT_place_LIBRARY,False,6.411735534667969,0.0005490881740115583,0.0035206081569758574
19892,6.0,0.0012074112892150879,2,lag_02__CT_place_LIBRARY,CT_place_LIBRARY,False,-6.411735534667969,0.0003227477427572012,-0.0020693731709702234
19892,6.0,0.0012074112892150879,3,lag_00__CT_place_TOPOFMID,CT_place_TOPOFMID,False,3.6288270950317383,0.0004589855088852346,0.00166557905086967
19892,6.0,0.0012074112892150879,4,lag_03__T_place_LOWERMID,T_place_LOWERMID,False,6.652692794799805,-0.00021848789765499532,-0.0014535328624803445
19892,6.0,0.0012074112892150879,5,lag_03__CT_place_RUINS,CT_place_RUINS,False,3.493913412094116,-0.0003810621565207839,-0.0013313981795094743
19892,6.0,0.0012074112892150879,6,lag_06__CT_place_ARCH,CT_place_ARCH,False,4.080447673797607,0.0002451586478855461,0.0010003570344759433
19892,6.0,0.0012074112892150879,7,lag_02__T_place_LOWERMID,T_place_LOWERMID,False,6.6526923179626465,-0.00010183262929785997,-0.0006774611506478109
19892,6.0,0.0012074112892150879,8,lag_03__T_macro_MID,T_macro_MID,False,2.0557379722595215,-0.0003262894751969725,-0.0006707656641110477
19892,6.0,0.0012074112892150879,9,lag_12__CT_place_CTSPAWN,CT_place_CTSPAWN,False,4.78255033493042,-0.00010838729940587655,-0.0005183677150757786
19892,6.0,0.0012074112892150879,10,lag_12__T_closest_enemy_dist,T_closest_enemy_dist,False,4.026003360748291,-0.00010823728371178731,-0.000435763667981922
19892,6.0,0.0012074112892150879,11,lag_00__CT_place_ARCH,CT_place_ARCH,False,-4.080447673797607,-9.729029989102855e-05,0.0003969879778734191
19892,6.0,0.0012074112892150879,12,lag_11__T_velocity_mean,T_velocity_mean,False,3.5335803031921387,0.00010879213368752971,0.0003844257407405009
19892,6.0,0.0012074112892150879,13,lag_00__CT_macro_MID,CT_macro_MID,False,1.7316291332244873,0.00021902204025536776,0.00037926494572446123
19892,6.0,0.0012074112892150879,14,lag_12__CT_closest_enemy_dist,CT_closest_enemy_dist,False,4.124736785888672,-8.220860036090016e-05,-0.00033908883802502565
19892,6.0,0.0012074112892150879,15,lag_01__CT_place_RUINS,CT_place_RUINS,False,3.493913173675537,-9.568219684297219e-05,-0.0003343052880358764
19892,6.0,0.0012074112892150879,16,lag_12__T_walking_count,T_walking_count,False,-0.9998118877410889,-0.00031240619136951864,0.0003123474239351623
19892,6.0,0.0012074112892150879,17,lag_02__CT_place_RUINS,CT_place_RUINS,False,3.493913412094116,-8.480324322590604e-05,-0.00029629518889607263
19892,6.0,0.0012074112892150879,18,lag_12__CT2__molly,CT2__molly,True,1.9538549184799194,0.000150437539559789,0.0002939331265929112
19892,6.0,0.0012074112892150879,19,lag_12__centroid_distance_xy,centroid_distance_xy,False,3.842611789703369,-7.234235818032175e-05,-0.00027798359843864834
19892,6.0,0.0012074112892150879,20,lag_12__T1__is_walking,T1__is_walking,False,-0.5917836427688599,-0.00046226225094869733,0.00027355923878095295
21812,36.0,-0.001193702220916748,1,lag_06__CT3__is_scoped,CT3__is_scoped,False,-4.548114776611328,0.0006244489923119545,-0.002840065689174054
21812,36.0,-0.001193702220916748,2,lag_10__T3__flash_duration,T3__flash_duration,True,8.012818336486816,0.0002820858499035239,0.0022603026705704243
21812,36.0,-0.001193702220916748,3,lag_14__T_place_LOWERMID,T_place_LOWERMID,False,-3.3263463973999023,0.00040560399065725505,-0.001349179373093784
21812,36.0,-0.001193702220916748,4,lag_03__CT_place_RUINS,CT_place_RUINS,False,3.493913412094116,-0.0003810621565207839,-0.0013313981795094743
21812,36.0,-0.001193702220916748,5,lag_07__T5__duck_amount,T5__duck_amount,False,-3.6478610038757324,-0.00035408823168836534,0.0012916646523073033
21812,36.0,-0.001193702220916748,6,lag_08__T3__is_walking,T3__is_walking,False,-2.3223767280578613,-0.0005422991816885769,0.001259422999198373
21812,36.0,-0.001193702220916748,7,lag_13__CT1__is_walking,CT1__is_walking,False,2.3343825340270996,-0.000511849473696202,-0.0011948524714473774
21812,36.0,-0.001193702220916748,8,lag_13__CT_walking_count,CT_walking_count,False,2.69234299659729,-0.0003645693650469184,-0.0009815457767579916
21812,36.0,-0.001193702220916748,9,lag_13__T3__is_walking,T3__is_walking,False,-2.3223767280578613,-0.0003833354276139289,0.0008902492761306974
21812,36.0,-0.001193702220916748,10,lag_07__CT3__is_scoped,CT3__is_scoped,False,4.548114776611328,0.0001922546944115311,0.0008743964165259799
21812,36.0,-0.001193702220916748,11,lag_03__T2__is_walking,T2__is_walking,False,2.2968344688415527,0.0003802203282248229,0.0008733031556210219
21812,36.0,-0.001193702220916748,12,lag_10__T2__is_walking,T2__is_walking,False,-2.2968344688415527,-0.00034644853440113366,0.0007957349354921622
21812,36.0,-0.001193702220916748,13,lag_07__damage_diff_last_5s,damage_diff_last_5s,False,-1.7145439386367798,0.00046367954928427935,-0.0007949989606951952
21812,36.0,-0.001193702220916748,14,lag_09__T3__is_walking,T3__is_walking,False,2.3223767280578613,-0.00026113848434761167,-0.0006064619388491954
21812,36.0,-0.001193702220916748,15,lag_11__T2__is_walking,T2__is_walking,False,2.2968344688415527,-0.0002626851201057434,-0.0006033442383106546
21812,36.0,-0.001193702220916748,16,lag_08__T_place_TRAMP,T_place_TRAMP,False,-2.926727294921875,0.0002030563191510737,-0.0005942904716658148
21812,36.0,-0.001193702220916748,17,lag_15__T2__is_walking,T2__is_walking,False,-2.2968344688415527,-0.0002563920570537448,0.000588890114178231
21812,36.0,-0.001193702220916748,18,lag_06__CT_scoped_count,CT_scoped_count,False,-2.141930103302002,0.0002681809419300407,-0.0005744248326518403
21812,36.0,-0.001193702220916748,19,lag_14__T_place_TRAMP,T_place_TRAMP,False,2.926727294921875,0.00019251700723543763,0.0005634447798126274
21812,36.0,-0.001193702220916748,20,lag_00__CT_A_site_active_infernos,CT_A_site_active_infernos,True,3.5290780067443848,0.0001512782764621079,0.0005338728383606217
21684,34.0,-0.0011906623840332031,1,lag_12__CT_place_LIBRARY,CT_place_LIBRARY,False,-6.411735534667969,0.0007258421974256635,-0.00465390820979561
21684,34.0,-0.0011906623840332031,2,lag_14__T2__shots_fired,T2__shots_fired,False,-15.297529220581055,0.0002859194064512849,-0.004373860474919722
21684,34.0,-0.0011906623840332031,3,lag_06__T3__flash_duration,T3__flash_duration,True,8.012818336486816,0.00037426629569381475,0.0029989278368643957
21684,34.0,-0.0011906623840332031,4,lag_03__CT3__is_scoped,CT3__is_scoped,False,4.548114776611328,0.0006030839867889881,0.002742895191852668
21684,34.0,-0.0011906623840332031,5,lag_02__CT3__is_scoped,CT3__is_scoped,False,-4.548114776611328,0.00037722685374319553,-0.001715671027644028
21684,34.0,-0.0011906623840332031,6,lag_14__CT_shots_fired_sum,CT_shots_fired_sum,False,4.168445587158203,0.0002790622238535434,0.0011632556955648576
21684,34.0,-0.0011906623840332031,7,lag_10__T_place_TRAMP,T_place_TRAMP,False,2.926727294921875,0.00036444750730879605,0.001066638467206893
21684,34.0,-0.0011906623840332031,8,lag_13__CT_shots_fired_sum,CT_shots_fired_sum,False,-11.81059741973877,8.404858817812055e-05,-0.000992664038669197
21684,34.0,-0.0011906623840332031,9,lag_15__T2__shots_fired,T2__shots_fired,False,2.9418325424194336,0.00033066037576645613,0.0009727474539183989
21684,34.0,-0.0011906623840332031,10,lag_12__T_place_LOWERMID,T_place_LOWERMID,False,3.3263463973999023,-0.0002845686103682965,-0.0009465737719116796
21684,34.0,-0.0011906623840332031,11,lag_15__T_utility_damage_last_5s,T_utility_damage_last_5s,True,-8.42352294921875,0.00010569686855887994,-0.0008903399979662829
21684,34.0,-0.0011906623840332031,12,lag_13__T3__is_walking,T3__is_walking,False,2.3223767280578613,-0.0003833354276139289,-0.0008902492761306974
21684,34.0,-0.0011906623840332031,13,lag_11__CT4__duck_amount,CT4__duck_amount,False,-2.889890432357788,0.00027850220794789493,-0.0008048408661391407
21684,34.0,-0.0011906623840332031,14,lag_11__T_flashed_players,T_flashed_players,False,3.8592474460601807,0.00020683734328486025,0.0007982364888219698
21684,34.0,-0.0011906623840332031,15,lag_03__T5__duck_amount,T5__duck_amount,False,-3.6478610038757324,-0.00020453710749279708,0.0007461229382685133
21684,34.0,-0.0011906623840332031,16,lag_15__T2__duck_amount,T2__duck_amount,False,-3.8233180046081543,-0.000188537931535393,0.0007208404681908476
21684,34.0,-0.0011906623840332031,17,lag_12__CT_place_BALCONY,CT_place_BALCONY,False,-6.417822360992432,0.00011153086961712688,-0.0007157853089697283
21684,34.0,-0.0011906623840332031,18,lag_04__T_place_MIDDLE,T_place_MIDDLE,False,1.6254756450653076,-0.00042545393807813525,-0.0006915650144431323
21684,34.0,-0.0011906623840332031,19,lag_07__CT4__is_walking,CT4__is_walking,False,2.384641170501709,0.0002773735031951219,0.000661436275325375
21684,34.0,-0.0011906623840332031,20,lag_04__T5__duck_amount,T5__duck_amount,False,2.3720791339874268,-0.0002606372581794858,-0.000618252201667252
24852,83.5,-0.0008561611175537109,1,lag_07__CT_place_LIBRARY,CT_place_LIBRARY,False,-6.411735534667969,0.0005490881740115583,-0.0035206081569758574
24852,83.5,-0.0008561611175537109,2,lag_15__CT4__is_walking,CT4__is_walking,False,2.384641170501709,-0.0005655502900481224,-0.0013486345056379356
24852,83.5,-0.0008561611175537109,3,lag_11__CT4__duck_amount,CT4__duck_amount,False,3.3120858669281006,0.00027850220794789493,0.0009224232268524937
24852,83.5,-0.0008561611175537109,4,lag_14__CT3__is_scoped,CT3__is_scoped,False,-4.548114776611328,-0.00015907805936876684,0.0007235052724497426
24852,83.5,-0.0008561611175537109,5,lag_13__CT4__is_walking,CT4__is_walking,False,-2.384641170501709,-0.00029896822525188327,0.0007129319386074695
24852,83.5,-0.0008561611175537109,6,lag_07__CT4__is_walking,CT4__is_walking,False,-2.384641170501709,0.0002773735031951219,-0.000661436275325375
24852,83.5,-0.0008561611175537109,7,lag_05__T3__is_walking,T3__is_walking,False,2.3223767280578613,-0.0002565539034549147,-0.0005958148148760972
24852,83.5,-0.0008561611175537109,8,lag_12__CT4__is_walking,CT4__is_walking,False,2.384641170501709,0.00022991163132246584,0.0005482567416287623
24852,83.5,-0.0008561611175537109,9,lag_13__CT5__duck_amount,CT5__duck_amount,False,-3.7749595642089844,-0.00013645509898196906,0.0005151124809870677
24852,83.5,-0.0008561611175537109,10,lag_11__T5__duck_amount,T5__duck_amount,False,-2.710141181945801,0.00017955948715098202,-0.00048663156073694425
24852,83.5,-0.0008561611175537109,11,lag_10__CT4__duck_amount,CT4__duck_amount,False,-3.3120858669281006,-0.00013840629253536463,0.00045841352540029745
24852,83.5,-0.0008561611175537109,12,lag_04__T3__is_walking,T3__is_walking,False,-2.3223767280578613,0.00019652220362331718,-0.00045639859224144014
24852,83.5,-0.0008561611175537109,13,lag_10__T_place_MIDDLE,T_place_MIDDLE,False,1.6254754066467285,-0.0002533048973418772,-0.0004117408810123957
24852,83.5,-0.0008561611175537109,14,lag_09__T1__is_walking,T1__is_walking,False,2.281590461730957,-0.00017981893324758857,-0.00041027316293633376
24852,83.5,-0.0008561611175537109,15,lag_14__T3__is_walking,T3__is_walking,False,-2.3223767280578613,-0.000164218814461492,0.0003813779530146208
24852,83.5,-0.0008561611175537109,16,lag_15__CT_walking_count,CT_walking_count,False,0.8974476456642151,-0.0004166544822510332,-0.0003739255841516322
24852,83.5,-0.0008561611175537109,17,lag_02__CT4__is_walking,CT4__is_walking,False,-2.384641170501709,-0.00015485231415368617,0.00036926720367834454
24852,83.5,-0.0008561611175537109,18,lag_13__CT_walking_count,CT_walking_count,False,-0.8974475860595703,-0.0003645693650469184,0.0003271818966126272
24852,83.5,-0.0008561611175537109,19,lag_06__CT4__is_walking,CT4__is_walking,False,2.384641170501709,-0.00013499629858415574,-0.00032191773146911934
24852,83.5,-0.0008561611175537109,20,lag_14__CT3__is_walking,CT3__is_walking,False,-2.387126922607422,0.00012154308205936104,-0.00029013876344058387
24820,83.0,-0.0007142424583435059,1,lag_06__CT_place_LIBRARY,CT_place_LIBRARY,False,-6.411735534667969,0.00036129826912656426,-0.002316548950772823
24820,83.0,-0.0007142424583435059,2,lag_15__CT4__is_walking,CT4__is_walking,False,-2.384641170501709,-0.0005655502900481224,0.0013486345056379356
24820,83.0,-0.0007142424583435059,3,lag_13__T3__is_walking,T3__is_walking,False,-2.3223767280578613,-0.0003833354276139289,0.0008902492761306974
24820,83.0,-0.0007142424583435059,4,lag_12__CT5__duck_amount,CT5__duck_amount,False,-3.7749595642089844,-0.00020855051116086543,0.0007872697467273815
24820,83.0,-0.0007142424583435059,5,lag_09__T_place_MIDDLE,T_place_MIDDLE,False,1.6254754066467285,-0.0003812710347119719,-0.0006197466901910614
24820,83.0,-0.0007142424583435059,6,lag_12__CT4__is_walking,CT4__is_walking,False,-2.384641170501709,0.00022991163132246584,-0.0005482567416287623
24820,83.0,-0.0007142424583435059,7,lag_09__CT4__is_walking,CT4__is_walking,False,2.384641170501709,-0.0002161425945814699,-0.0005154225297380327
24820,83.0,-0.0007142424583435059,8,lag_04__T2__is_walking,T2__is_walking,False,2.2968344688415527,0.00022318522678688169,0.0005126195218203289
24820,83.0,-0.0007142424583435059,9,lag_15__CT1__is_walking,CT1__is_walking,False,2.3343825340270996,-0.00021444071899168193,-0.0005005866689983957
24820,83.0,-0.0007142424583435059,10,lag_10__CT4__duck_amount,CT4__duck_amount,False,3.3120858669281006,-0.00013840629253536463,-0.00045841352540029745
24820,83.0,-0.0007142424583435059,11,lag_04__T3__is_walking,T3__is_walking,False,2.3223767280578613,0.00019652220362331718,0.00045639859224144014
24820,83.0,-0.0007142424583435059,12,lag_14__CT4__is_walking,CT4__is_walking,False,2.384641170501709,-0.00018618193280417472,-0.00044397710216841774
24820,83.0,-0.0007142424583435059,13,lag_09__T_macro_MID,T_macro_MID,False,1.0278687477111816,-0.0003545165527611971,-0.0003643964851295367
24820,83.0,-0.0007142424583435059,14,lag_13__CT_walking_count,CT_walking_count,False,-0.8974476456642151,-0.0003645693650469184,0.0003271819183426547
24820,83.0,-0.0007142424583435059,15,lag_06__CT4__is_walking,CT4__is_walking,False,-2.384641170501709,-0.00013499629858415574,0.00032191773146911934
24820,83.0,-0.0007142424583435059,16,lag_14__T_place_MIDDLE,T_place_MIDDLE,False,1.6254756450653076,-0.00019271789642516524,-0.0003132582470073246
24820,83.0,-0.0007142424583435059,17,lag_05__CT4__duck_amount,CT4__duck_amount,False,-3.6725916862487793,-7.893267320469022e-05,0.0002898874793849371
24820,83.0,-0.0007142424583435059,18,lag_03__T3__is_walking,T3__is_walking,False,-2.3223767280578613,0.00012203108781250194,-0.0002834021584353398
24820,83.0,-0.0007142424583435059,19,lag_13__CT3__is_scoped,CT3__is_scoped,False,-4.548114776611328,-5.7671564718475565e-05,0.00026229689568639525
24820,83.0,-0.0007142424583435059,20,lag_09__CT4__duck_amount,CT4__duck_amount,False,-3.3120858669281006,7.777030259603634e-05,-0.00025758192009505375
22068,40.0,0.0007124543190002441,1,lag_15__T5__duck_amount,T5__duck_amount,False,-3.6478610038757324,0.0004413787683006376,-0.0016100883968225982
22068,40.0,0.0007124543190002441,2,lag_01__CT3__is_scoped,CT3__is_scoped,False,-4.548114776611328,0.0003468819195404649,-0.0015776587840012901
22068,40.0,0.0007124543190002441,3,lag_03__T3__flash_duration,T3__flash_duration,True,-8.012818336486816,0.00018784582789521664,-0.0015051744941913386
22068,40.0,0.0007124543190002441,4,lag_06__CT5__duck_amount,CT5__duck_amount,False,-3.7749595642089844,-0.00030271144350990653,0.0011427234588732293
22068,40.0,0.0007124543190002441,5,lag_12__T1__is_walking,T1__is_walking,False,2.281590461730957,-0.00046226225094869733,-0.0010546931425828299
22068,40.0,0.0007124543190002441,6,lag_11__CT_place_RUINS,CT_place_RUINS,False,3.493913412094116,0.00029458990320563316,0.0010292716138776692
22068,40.0,0.0007124543190002441,7,lag_07__CT3__is_scoped,CT3__is_scoped,False,4.548114776611328,0.0001922546944115311,0.0008743964165259799
22068,40.0,0.0007124543190002441,8,lag_03__T2__is_walking,T2__is_walking,False,-2.2968344688415527,0.0003802203282248229,-0.0008733031556210219
22068,40.0,0.0007124543190002441,9,lag_01__T2__is_walking,T2__is_walking,False,2.2968344688415527,0.00036613643169403076,0.0008409547766135006
22068,40.0,0.0007124543190002441,10,lag_04__CT_place_RUINS,CT_place_RUINS,False,-3.493913412094116,-0.00021982958423905075,0.0007680655327478927
22068,40.0,0.0007124543190002441,11,lag_04__T1__duck_amount,T1__duck_amount,False,3.915480136871338,0.00018482528685126454,0.0007236797394576736
22068,40.0,0.0007124543190002441,12,lag_14__CT3__is_scoped,CT3__is_scoped,False,-4.548114776611328,-0.00015907805936876684,0.0007235052724497426
22068,40.0,0.0007124543190002441,13,lag_02__T2__duck_amount,T2__duck_amount,False,3.8233180046081543,-0.0001887143444037065,-0.0007215149506865151
22068,40.0,0.0007124543190002441,14,lag_03__T_flash_duration_sum,T_flash_duration_sum,True,-3.3388726711273193,0.0002107450127368793,-0.0007036507636035451
22068,40.0,0.0007124543190002441,15,lag_06__CT3__duck_amount,CT3__duck_amount,False,3.7208433151245117,0.00018562973127700388,0.0006906991447103994
22068,40.0,0.0007124543190002441,16,lag_11__T2__is_walking,T2__is_walking,False,2.2968344688415527,-0.0002626851201057434,-0.0006033442383106546
22068,40.0,0.0007124543190002441,17,lag_07__CT_A_site_active_infernos,CT_A_site_active_infernos,True,3.5290777683258057,0.00015814944345038384,0.0005581216849538488
22068,40.0,0.0007124543190002441,18,lag_05__CT3__duck_amount,CT3__duck_amount,False,-1.3797574043273926,0.00039905583253130317,-0.0005506002396750975
22068,40.0,0.0007124543190002441,19,lag_01__T_walking_count,T_walking_count,False,1.5941797494888306,0.0003355855878908187,0.0005349837484358473
22068,40.0,0.0007124543190002441,20,lag_03__T_flashed_players,T_flashed_players,False,-1.9296237230300903,0.00027336293715052307,-0.0005274876085228329
23252,58.5,-0.0006365180015563965,1,lag_01__CT_place_LIBRARY,CT_place_LIBRARY,False,6.411735534667969,0.00026709443773142993,0.0017125388975147704
23252,58.5,-0.0006365180015563965,2,lag_07__CT_flashes_last_5s,CT_flashes_last_5s,True,-10.995440483093262,0.00014614964311476797,-0.001606979702493752
23252,58.5,-0.0006365180015563965,3,lag_10__T3__is_walking,T3__is_walking,False,2.3223767280578613,-0.000508095312397927,-0.0011799887291482347
23252,58.5,-0.0006365180015563965,4,lag_12__T1__is_walking,T1__is_walking,False,-2.281590461730957,-0.00046226225094869733,0.0010546931425828299
23252,58.5,-0.0006365180015563965,5,lag_11__CT_place_RUINS,CT_place_RUINS,False,-3.493913412094116,0.00029458990320563316,-0.0010292716138776692
23252,58.5,-0.0006365180015563965,6,lag_01__T3__is_walking,T3__is_walking,False,2.3223767280578613,0.0004288530326448381,0.0009959583027714103
23252,58.5,-0.0006365180015563965,7,lag_15__T1__is_walking,T1__is_walking,False,2.281590461730957,-0.0004290357755962759,-0.0009788839333418065
23252,58.5,-0.0006365180015563965,8,lag_10__T3__duck_amount,T3__duck_amount,False,-3.7704498767852783,0.0001918724738061428,-0.0007234455452208577
23252,58.5,-0.0006365180015563965,9,lag_10__T_walking_count,T_walking_count,False,1.594179630279541,-0.0004313217359595001,-0.0006876043255634456
23252,58.5,-0.0006365180015563965,10,lag_14__CT5__is_walking,CT5__is_walking,False,-2.396676540374756,-0.00026758454623632133,0.0006413136045314155
23252,58.5,-0.0006365180015563965,11,lag_15__T2__is_walking,T2__is_walking,False,-2.2968344688415527,-0.0002563920570537448,0.000588890114178231
23252,58.5,-0.0006365180015563965,12,lag_13__CT_place_RUINS,CT_place_RUINS,False,-3.493913173675537,0.00015553059347439557,-0.0005434103894497652
23252,58.5,-0.0006365180015563965,13,lag_03__T1__is_walking,T1__is_walking,False,-2.281590461730957,0.00023259989393409342,-0.0005306976993996598
23252,58.5,-0.0006365180015563965,14,lag_06__T3__is_walking,T3__is_walking,False,2.3223767280578613,-0.00022661335242446512,-0.0005262815759377523
23252,58.5,-0.0006365180015563965,15,lag_12__T5__duck_amount,T5__duck_amount,False,3.7970333099365234,0.00013733275409322232,0.0005214570418372866
23252,58.5,-0.0006365180015563965,16,lag_05__T1__is_walking,T1__is_walking,False,2.281590461730957,0.00022142103989608586,0.0005051921326534592
23252,58.5,-0.0006365180015563965,17,lag_15__T5__is_walking,T5__is_walking,False,-2.3193888664245605,-0.00021321502572391182,0.0004945285568184674
23252,58.5,-0.0006365180015563965,18,lag_07__T3__is_walking,T3__is_walking,False,-2.3223767280578613,0.00019229709869250655,-0.000446586306876523
23252,58.5,-0.0006365180015563965,19,lag_03__T_walking_count,T_walking_count,False,-1.594179630279541,0.0002763132506515831,-0.00044049295576507885
23252,58.5,-0.0006365180015563965,20,lag_04__CT4__is_walking,CT4__is_walking,False,2.384641170501709,-0.00015965435886755586,-0.0003807183572056283
23764,66.5,-0.0006132721900939941,1,lag_11__CT_place_LIBRARY,CT_place_LIBRARY,False,-6.411735534667969,0.0009371645865030587,-0.006008851481114075
23764,66.5,-0.0006132721900939941,2,lag_14__CT3__flash_duration,CT3__flash_duration,True,7.249464988708496,0.00019575387705117464,0.001419110878086438
23764,66.5,-0.0006132721900939941,3,lag_12__CT_place_ARCH,CT_place_ARCH,False,-4.080447673797607,-0.000347116612829268,0.0014163911753556913
23764,66.5,-0.0006132721900939941,4,lag_12__CT1__flash_duration,CT1__flash_duration,True,5.189005374908447,0.00022403149341698736,0.0011625006234895138
23764,66.5,-0.0006132721900939941,5,lag_01__CT3__flash_duration,CT3__flash_duration,True,-7.249464988708496,0.00014876617933623493,-0.0010784752086019644
23764,66.5,-0.0006132721900939941,6,lag_01__CT_flash_duration_sum,CT_flash_duration_sum,True,-3.242980718612671,0.000308453367324546,-0.0010003083228246543
23764,66.5,-0.0006132721900939941,7,lag_01__CT1__duck_amount,CT1__duck_amount,False,2.167389392852783,0.00045662434422411025,0.0009896827601896946
23764,66.5,-0.0006132721900939941,8,lag_13__T3__is_walking,T3__is_walking,False,-2.3223767280578613,-0.0003833354276139289,0.0008902492761306974
23764,66.5,-0.0006132721900939941,9,lag_07__CT_place_RUINS,CT_place_RUINS,False,-3.493913412094116,0.00024391416809521616,-0.0008522149833076545
23764,66.5,-0.0006132721900939941,10,lag_01__CT_flashed_players,CT_flashed_players,False,-2.1899399757385254,0.00038129594759084284,-0.0008350152382162884
23764,66.5,-0.0006132721900939941,11,lag_04__T5__is_walking,T5__is_walking,False,-2.3193888664245605,-0.0002868361189030111,0.0006652845006720753
23764,66.5,-0.0006132721900939941,12,lag_12__CT_place_RUINS,CT_place_RUINS,False,3.493913412094116,0.00018222448125015944,0.0006366765590518249
23764,66.5,-0.0006132721900939941,13,lag_13__CT3__duck_amount,CT3__duck_amount,False,-3.7208433151245117,0.00016955335740931332,-0.0006308814764733606
23764,66.5,-0.0006132721900939941,14,lag_03__CT_flash_duration_sum,CT_flash_duration_sum,True,-2.3312060832977295,0.0002568039344623685,-0.0005986628942334649
23764,66.5,-0.0006132721900939941,15,lag_04__T2__is_walking,T2__is_walking,False,2.2968344688415527,0.00022318522678688169,0.0005126195218203289
23764,66.5,-0.0006132721900939941,16,lag_05__T1__is_walking,T1__is_walking,False,2.281590461730957,0.00022142103989608586,0.0005051921326534592
23764,66.5,-0.0006132721900939941,17,lag_03__CT_flashed_players,CT_flashed_players,False,-2.1899399757385254,0.00020656165725085884,-0.0004523576306684554
23764,66.5,-0.0006132721900939941,18,lag_08__T2__is_walking,T2__is_walking,False,-2.2968344688415527,-0.0001912346197059378,0.000439234266176404
23764,66.5,-0.0006132721900939941,19,lag_12__CT_flashed_players,CT_flashed_players,False,2.1899399757385254,0.00019561327644623816,0.00042838133387480826
23764,66.5,-0.0006132721900939941,20,lag_12__CT_flash_duration_sum,CT_flash_duration_sum,True,2.3312058448791504,0.00018224063387606293,0.0004248404308663592
24980,85.5,-0.0005546212196350098,1,lag_11__CT_place_LIBRARY,CT_place_LIBRARY,False,-6.411735534667969,0.0009371645865030587,-0.006008851481114075
24980,85.5,-0.0005546212196350098,2,lag_00__T2__duck_amount,T2__duck_amount,False,-3.8233180046081543,-0.00044543834519572556,0.0017030524451296797
24980,85.5,-0.0005546212196350098,3,lag_00__CT_place_TOPOFMID,CT_place_TOPOFMID,False,-3.6288270950317383,0.0004589855088852346,-0.00166557905086967
24980,85.5,-0.0005546212196350098,4,lag_15__CT4__is_walking,CT4__is_walking,False,-2.384641170501709,-0.0005655502900481224,0.0013486345056379356
24980,85.5,-0.0005546212196350098,5,lag_08__T3__is_walking,T3__is_walking,False,-2.3223767280578613,-0.0005422991816885769,0.001259422999198373
24980,85.5,-0.0005546212196350098,6,lag_15__T5__duck_amount,T5__duck_amount,False,-2.710141181945801,0.0004413787683006376,-0.0011961987768080717
24980,85.5,-0.0005546212196350098,7,lag_00__CT_kills_last_3s,CT_kills_last_3s,False,2.8871407508850098,0.00038100979872979224,0.0011000289163992788
24980,85.5,-0.0005546212196350098,8,lag_11__CT4__duck_amount,CT4__duck_amount,False,3.6725916862487793,0.00027850220794789493,0.0010228248935113676
24980,85.5,-0.0005546212196350098,9,lag_09__T2__is_walking,T2__is_walking,False,2.2968344688415527,-0.0004139369120821357,-0.0009507445675960846
24980,85.5,-0.0005546212196350098,10,lag_01__damage_diff_last_5s,damage_diff_last_5s,False,-2.0078213214874268,0.0004488878767006099,-0.0009012866497967037
24980,85.5,-0.0005546212196350098,11,lag_01__T_shots_fired_sum,T_shots_fired_sum,False,2.998948335647583,0.000275840749964118,0.0008272321580086728
24980,85.5,-0.0005546212196350098,12,lag_15__CT_walking_count,CT_walking_count,False,-1.7948951721191406,-0.0004166544822510332,0.0007478511186341796
24980,85.5,-0.0005546212196350098,13,lag_00__damage_diff_last_5s,damage_diff_last_5s,False,0.7670328617095947,0.0008297653403133154,0.000636457283527958
24980,85.5,-0.0005546212196350098,14,lag_00__T_kills_last_3s,T_kills_last_3s,False,3.1681017875671387,-0.00020032022439409047,-0.0006346348609887684
24980,85.5,-0.0005546212196350098,15,lag_09__T3__is_walking,T3__is_walking,False,2.3223767280578613,-0.00026113848434761167,-0.0006064619388491954
24980,85.5,-0.0005546212196350098,16,lag_13__T1__is_walking,T1__is_walking,False,2.281590461730957,-0.00024934482644312084,-0.0005689027776945854
24980,85.5,-0.0005546212196350098,17,lag_02__T2__is_walking,T2__is_walking,False,-2.2968344688415527,0.00023686708300374448,-0.0005440444807769534
24980,85.5,-0.0005546212196350098,18,lag_00__CT1__shots_fired,CT1__shots_fired,False,2.642035722732544,0.00019857635197695345,0.0005246458156130222
24980,85.5,-0.0005546212196350098,19,lag_10__CT4__duck_amount,CT4__duck_amount,False,-3.6725916862487793,-0.00013840629253536463,0.0005083097992898966
24980,85.5,-0.0005546212196350098,20,lag_15__CT1__is_walking,CT1__is_walking,False,-2.3343825340270996,-0.00021444071899168193,0.0005005866689983957
25908,100.0,0.000527799129486084,1,lag_06__T_place_ARCH,T_place_ARCH,False,-9.303513526916504,0.0005020140088163316,-0.004670494121724322
25908,100.0,0.000527799129486084,2,lag_10__CT_shots_fired_sum,CT_shots_fired_sum,False,-4.168446063995361,0.0003189623821526766,-0.001329577486446909
25908,100.0,0.000527799129486084,3,lag_10__CT1__duck_amount,CT1__duck_amount,False,-3.8154516220092773,-0.0003316364891361445,0.0012653429803919647
25908,100.0,0.000527799129486084,4,lag_04__T5__flash_duration,T5__flash_duration,True,4.755908966064453,0.00020544067956507206,0.0009770571699379005
25908,100.0,0.000527799129486084,5,lag_03__T5__duck_amount,T5__duck_amount,False,3.7970333099365234,-0.00020453710749279708,-0.0007766342102682178
25908,100.0,0.000527799129486084,6,lag_01__T_A_site_active_infernos,T_A_site_active_infernos,True,-2.9764554500579834,0.0002564206952229142,-0.0007632247758039001
25908,100.0,0.000527799129486084,7,lag_04__CT_flashed_players,CT_flashed_players,False,2.1899399757385254,0.0003391584032215178,0.0007427365453224477
25908,100.0,0.000527799129486084,8,lag_02__T_duck_amount_mean,T_duck_amount_mean,False,-5.815873622894287,-0.00012749320012517273,0.0007414843397063747
25908,100.0,0.000527799129486084,9,lag_02__T5__duck_amount,T5__duck_amount,False,-3.7970333099365234,-0.00019456569862086326,0.0007387724386344885
25908,100.0,0.000527799129486084,10,lag_01__damage_diff_last_5s,damage_diff_last_5s,False,-1.4889460802078247,0.0004488878767006099,-0.0006683698444661865
25908,100.0,0.000527799129486084,11,lag_07__kill_diff_last_3s,kill_diff_last_3s,False,-2.4069459438323975,0.00026975563378073275,-0.0006492872285544724
25908,100.0,0.000527799129486084,12,lag_00__CT1__duck_amount,CT1__duck_amount,False,3.8154516220092773,0.0001692525256657973,0.0006457748235807331
25908,100.0,0.000527799129486084,13,lag_12__CT_place_RUINS,CT_place_RUINS,False,-3.493913412094116,0.00018222448125015944,-0.0006366765590518249
25908,100.0,0.000527799129486084,14,lag_03__T_duck_amount_mean,T_duck_amount_mean,False,5.815873622894287,-0.00010939395724562928,-0.0006362214304488807
25908,100.0,0.000527799129486084,15,lag_13__CT_kills_last_3s,CT_kills_last_3s,False,2.8871407508850098,0.00021646139794029295,0.0006249545229869563
25908,100.0,0.000527799129486084,16,lag_00__CT_duck_amount_mean,CT_duck_amount_mean,False,1.497133493423462,0.0004052779113408178,0.0006067551352130426
25908,100.0,0.000527799129486084,17,lag_13__CT3__duck_amount,CT3__duck_amount,False,3.417881488800049,0.00016955335740931332,0.0005795132816531906
25908,100.0,0.000527799129486084,18,lag_05__CT_kills_last_3s,CT_kills_last_3s,False,-2.8871407508850098,0.00019618053920567036,-0.0005664008292712852
25908,100.0,0.000527799129486084,19,lag_01__CT_damage_last_5s,CT_damage_last_5s,False,-2.0272750854492188,0.0002698911994230002,-0.0005471437043722549
25908,100.0,0.000527799129486084,20,lag_10__CT1__shots_fired,CT1__shots_fired,False,-3.170442819595337,0.00015827870811335742,-0.0005018135936328202
25876,99.5,0.00048083066940307617,1,lag_05__T_place_ARCH,T_place_ARCH,False,-9.303513526916504,0.00045901851262897253,-0.00427048494134874
25876,99.5,0.00048083066940307617,2,lag_15__T_place_ARCH,T_place_ARCH,False,9.303513526916504,0.0003005537437275052,0.002796205820334241
25876,99.5,0.00048083066940307617,3,lag_01__T_duck_amount_mean,T_duck_amount_mean,False,-5.815873622894287,-0.00031267176382243633,0.0018184594638387397
25876,99.5,0.00048083066940307617,4,lag_01__T5__duck_amount,T5__duck_amount,False,-3.7970333099365234,-0.00038160450640134513,0.0014489650220277928
25876,99.5,0.00048083066940307617,5,lag_00__damage_diff_last_5s,damage_diff_last_5s,False,-1.4889460802078247,0.0008297653403133154,-0.0012354758509518227
25876,99.5,0.00048083066940307617,6,lag_03__T5__flash_duration,T5__flash_duration,True,4.755908966064453,0.00023481110110878944,0.0011167402210947586
25876,99.5,0.00048083066940307617,7,lag_10__CT1__duck_amount,CT1__duck_amount,False,3.3287177085876465,-0.0003316364891361445,-0.001103924254201319
25876,99.5,0.00048083066940307617,8,lag_08__CT3__duck_amount,CT3__duck_amount,False,3.7208433151245117,0.0002951358037535101,0.001098154082450148
25876,99.5,0.00048083066940307617,9,lag_11__CT_place_RUINS,CT_place_RUINS,False,-3.493913412094116,0.00029458990320563316,-0.0010292716138776692
25876,99.5,0.00048083066940307617,10,lag_09__CT1__duck_amount,CT1__duck_amount,False,-3.8154516220092773,-0.00026122666895389557,0.0009966977177722214
25876,99.5,0.00048083066940307617,11,lag_10__CT_shots_fired_sum,CT_shots_fired_sum,False,2.778964042663574,0.0003189623821526766,0.000886384990964606
25876,99.5,0.00048083066940307617,12,lag_01__CT_flashed_players,CT_flashed_players,False,-2.1899399757385254,0.00038129594759084284,-0.0008350152382162884
25876,99.5,0.00048083066940307617,13,lag_00__CT_damage_last_5s,CT_damage_last_5s,False,-2.0272750854492188,0.0004092393792234361,-0.0008296407974843767
25876,99.5,0.00048083066940307617,14,lag_01__T_shots_fired_sum,T_shots_fired_sum,False,-2.998948335647583,0.000275840749964118,-0.0008272321580086728
25876,99.5,0.00048083066940307617,15,lag_02__T_duck_amount_mean,T_duck_amount_mean,False,5.815873622894287,-0.00012749320012517273,-0.0007414843397063747
25876,99.5,0.00048083066940307617,16,lag_02__T5__duck_amount,T5__duck_amount,False,3.7970333099365234,-0.00019456569862086326,-0.0007387724386344885
25876,99.5,0.00048083066940307617,17,lag_02__T_velocity_mean,T_velocity_mean,False,-2.1336021423339844,0.00026599332340992987,-0.0005675239246739627
25876,99.5,0.00048083066940307617,18,lag_02__damage_diff_last_5s,damage_diff_last_5s,False,-2.075500726699829,0.0002602918248157948,-0.0005402358715592068
25876,99.5,0.00048083066940307617,19,lag_14__T_A_site_active_infernos,T_A_site_active_infernos,True,2.9764554500579834,0.0001807100634323433,0.0005378754531835221
25876,99.5,0.00048083066940307617,20,lag_10__kill_diff_last_3s,kill_diff_last_3s,False,2.4069459438323975,0.00022334120876621455,0.0005375702165304648
19668,2.5,-0.0004755258560180664,1,lag_00__CT_place_LIBRARY,CT_place_LIBRARY,False,6.411735534667969,-0.00019607823924161494,-0.0012572018141205898
19668,2.5,-0.0004755258560180664,2,lag_05__CT3__flash,CT3__flash,True,3.01554012298584,0.00016438012244179845,0.0004956948546445683
19668,2.5,-0.0004755258560180664,3,lag_05__CT3__utility_total,CT3__utility_total,True,2.9974148273468018,0.00014805715181864798,0.00044378870215595195
19668,2.5,-0.0004755258560180664,4,lag_05__T1__molly,T1__molly,True,1.5823309421539307,-0.0002779908536467701,-0.0004398735293610692
19668,2.5,-0.0004755258560180664,5,lag_05__T_molly_inv,T_molly_inv,True,2.267718553543091,-0.00018763597472570837,-0.0004255055811976313
19668,2.5,-0.0004755258560180664,6,lag_05__T_closest_enemy_dist,T_closest_enemy_dist,False,4.026003360748291,-9.04893604456447e-05,-0.00036431046926612906
19668,2.5,-0.0004755258560180664,7,lag_05__centroid_distance_xy,centroid_distance_xy,False,3.842611789703369,-9.143408533418551e-05,-0.00035134569428588516
19668,2.5,-0.0004755258560180664,8,lag_05__T2__molly,T2__molly,True,1.6050609350204468,-0.00020693294936791062,-0.0003321399931989974
19668,2.5,-0.0004755258560180664,9,lag_05__CT5__molly,CT5__molly,True,1.9742296934127808,-0.0001546546263853088,-0.00030532375563353635
19668,2.5,-0.0004755258560180664,10,lag_05__CT_closest_enemy_dist,CT_closest_enemy_dist,False,4.124736785888672,-7.127645949367434e-05,-0.0002939966344414624
19668,2.5,-0.0004755258560180664,11,lag_05__CT2__molly,CT2__molly,True,1.9538549184799194,0.00013757958367932588,0.0002688105462542705
19668,2.5,-0.0004755258560180664,12,lag_05__CT_molly_inv,CT_molly_inv,True,2.9876954555511475,8.594832615926862e-05,0.00025678742347827466
19668,2.5,-0.0004755258560180664,13,lag_05__CT_mean_X,CT_mean_X,False,2.121032476425171,0.00011782682850025594,0.00024991452984322177
19668,2.5,-0.0004755258560180664,14,lag_05__CT1__X,CT1__X,False,1.7887383699417114,0.0001392979029333219,0.00024916750382924895
19668,2.5,-0.0004755258560180664,15,lag_05__CT1__molly,CT1__molly,True,1.985326886177063,0.00012505025370046496,0.00024826563079479586
19668,2.5,-0.0004755258560180664,16,lag_05__CT3__molly,CT3__molly,True,1.958473563194275,0.0001234234223375097,0.00024172150972697447
19668,2.5,-0.0004755258560180664,17,lag_05__CT2__X,CT2__X,False,1.8969999551773071,0.00012256154150236398,0.00023249923873644614
19668,2.5,-0.0004755258560180664,18,lag_05__T_velocity_mean,T_velocity_mean,False,-1.7359485626220703,0.00013159714580979198,-0.0002284458761136754
19668,2.5,-0.0004755258560180664,19,lag_05__T_mean_X,T_mean_X,False,-1.6327497959136963,0.00013774233229923993,-0.00022489876495026054
19668,2.5,-0.0004755258560180664,20,lag_05__T5__X,T5__X,False,-1.4835658073425293,0.00014776385796722025,-0.00021921740724118594
23284,59.0,-0.0004615187644958496,1,lag_02__CT_place_LIBRARY,CT_place_LIBRARY,False,6.411735534667969,0.0003227477427572012,0.0020693731709702234
23284,59.0,-0.0004615187644958496,2,lag_08__T3__is_walking,T3__is_walking,False,-2.3223767280578613,-0.0005422991816885769,0.001259422999198373
23284,59.0,-0.0004615187644958496,3,lag_14__CT_place_RUINS,CT_place_RUINS,False,-3.493913173675537,0.0003368560574017465,-0.001176945816588365
23284,59.0,-0.0004615187644958496,4,lag_11__CT_place_RUINS,CT_place_RUINS,False,-3.493913412094116,0.00029458990320563316,-0.0010292716138776692
23284,59.0,-0.0004615187644958496,5,lag_13__T5__duck_amount,T5__duck_amount,False,3.7970333099365234,-0.00026552274357527494,-0.001008198701901053
23284,59.0,-0.0004615187644958496,6,lag_08__CT_flashes_last_5s,CT_flashes_last_5s,True,-10.995440483093262,-6.021075023454614e-05,0.0006620437206463457
23284,59.0,-0.0004615187644958496,7,lag_12__CT_place_RUINS,CT_place_RUINS,False,-3.493913412094116,0.00018222448125015944,-0.0006366765590518249
23284,59.0,-0.0004615187644958496,8,lag_15__T2__is_walking,T2__is_walking,False,2.2968344688415527,-0.0002563920570537448,-0.000588890114178231
23284,59.0,-0.0004615187644958496,9,lag_11__T3__is_walking,T3__is_walking,False,2.3223767280578613,-0.00025103052030317485,-0.0005829874383843497
23284,59.0,-0.0004615187644958496,10,lag_13__T1__is_walking,T1__is_walking,False,-2.281590461730957,-0.00024934482644312084,0.0005689027776945854
23284,59.0,-0.0004615187644958496,11,lag_14__T3__duck_amount,T3__duck_amount,False,-3.7704498767852783,0.0001484979729866609,-0.0005599041639504192
23284,59.0,-0.0004615187644958496,12,lag_11__T5__duck_amount,T5__duck_amount,False,-3.0903120040893555,0.00017955948715098202,-0.0005548948385908081
23284,59.0,-0.0004615187644958496,13,lag_04__T3__is_walking,T3__is_walking,False,-2.3223767280578613,0.00019652220362331718,-0.00045639859224144014
23284,59.0,-0.0004615187644958496,14,lag_07__T3__is_walking,T3__is_walking,False,2.3223767280578613,0.00019229709869250655,0.000446586306876523
23284,59.0,-0.0004615187644958496,15,lag_04__CT4__is_walking,CT4__is_walking,False,-2.384641170501709,-0.00015965435886755586,0.0003807183572056283
23284,59.0,-0.0004615187644958496,16,lag_13__T_duck_amount_mean,T_duck_amount_mean,False,2.248447895050049,-0.00015365282888524234,-0.0003454803796755085
23284,59.0,-0.0004615187644958496,17,lag_10__T_walking_count,T_walking_count,False,-0.7970898151397705,-0.0004313217359595001,0.0003438021627817228
23284,59.0,-0.0004615187644958496,18,lag_01__T1__is_walking,T1__is_walking,False,2.281590461730957,0.00014990527415648103,0.00034202244367859125
23284,59.0,-0.0004615187644958496,19,lag_11__CT3__duck_amount,CT3__duck_amount,False,3.7208433151245117,-8.940102270571515e-05,-0.0003326471976998549
23284,59.0,-0.0004615187644958496,20,lag_13__CT_walking_count,CT_walking_count,False,-0.8974476456642151,-0.0003645693650469184,0.0003271819183426547
21780,35.5,-0.0003559589385986328,1,lag_15__CT_place_LIBRARY,CT_place_LIBRARY,False,-6.411735534667969,0.0004869953263550997,-0.003122485239208217
21780,35.5,-0.0003559589385986328,2,lag_06__CT3__is_scoped,CT3__is_scoped,False,4.548114776611328,0.0006244489923119545,0.002840065689174054
21780,35.5,-0.0003559589385986328,3,lag_15__T_place_LOWERMID,T_place_LOWERMID,False,3.3263463973999023,0.0005954690277576447,0.0019807362552448637
21780,35.5,-0.0003559589385986328,4,lag_09__T3__flash_duration,T3__flash_duration,True,8.012818336486816,0.00020040538220200688,0.0016058119212388894
21780,35.5,-0.0003559589385986328,5,lag_05__CT3__is_scoped,CT3__is_scoped,False,-4.548114776611328,0.0003418294945731759,-0.0015546797753498431
21780,35.5,-0.0003559589385986328,6,lag_08__T3__is_walking,T3__is_walking,False,2.3223767280578613,-0.0005422991816885769,-0.001259422999198373
21780,35.5,-0.0003559589385986328,7,lag_00__CT_place_RUINS,CT_place_RUINS,False,3.493913412094116,-0.00031822131131775677,-0.0011118377076272876
21780,35.5,-0.0003559589385986328,8,lag_15__CT_place_PIT,CT_place_PIT,False,4.305429458618164,0.0002542486763559282,0.0010946497409974887
21780,35.5,-0.0003559589385986328,9,lag_09__T2__is_walking,T2__is_walking,False,-2.2968344688415527,-0.0004139369120821357,0.0009507445675960846
21780,35.5,-0.0003559589385986328,10,lag_07__T5__duck_amount,T5__duck_amount,False,2.3720791339874268,-0.00035408823168836534,-0.000839925305978477
21780,35.5,-0.0003559589385986328,11,lag_10__T2__is_walking,T2__is_walking,False,2.2968344688415527,-0.00034644853440113366,-0.0007957349354921622
21780,35.5,-0.0003559589385986328,12,lag_08__T3__duck_amount,T3__duck_amount,False,-3.7704498767852783,-0.00019314790552016348,0.000728254496569835
21780,35.5,-0.0003559589385986328,13,lag_12__CT1__is_walking,CT1__is_walking,False,2.3343825340270996,-0.000309669878333807,-0.000722887955296736
21780,35.5,-0.0003559589385986328,14,lag_06__T5__duck_amount,T5__duck_amount,False,-3.6478610038757324,-0.00017637024575378746,0.0006433741417292207
21780,35.5,-0.0003559589385986328,15,lag_00__CT_duck_amount_mean,CT_duck_amount_mean,False,1.558218240737915,0.0004052779113408178,0.0006315114340194258
21780,35.5,-0.0003559589385986328,16,lag_06__CT_scoped_count,CT_scoped_count,False,2.141930103302002,0.0002681809419300407,0.0005744248326518403
21780,35.5,-0.0003559589385986328,17,lag_02__T2__is_walking,T2__is_walking,False,2.2968344688415527,0.00023686708300374448,0.0005440444807769534
21780,35.5,-0.0003559589385986328,18,lag_03__T1__is_walking,T1__is_walking,False,2.281590461730957,0.00023259989393409342,0.0005306976993996598
21780,35.5,-0.0003559589385986328,19,lag_08__T5__is_walking,T5__is_walking,False,-2.3193888664245605,0.00022376292326953262,-0.0005189932329499672
21780,35.5,-0.0003559589385986328,20,lag_12__CT5__is_walking,CT5__is_walking,False,2.396676540374756,-0.00021539586305152625,-0.0005162342118693666
20820,20.5,0.0002733469009399414,1,lag_06__T_place_BALCONY,T_place_BALCONY,False,13.751577377319336,0.00045012598275206983,0.006189942281356997
20820,20.5,0.0002733469009399414,2,lag_04__T_place_BALCONY,T_place_BALCONY,False,-13.751577377319336,0.00017873871547635645,-0.002457939276195781
20820,20.5,0.0002733469009399414,3,lag_15__CT4__is_walking,CT4__is_walking,False,-2.384641170501709,-0.0005655502900481224,0.0013486345056379356
20820,20.5,0.0002733469009399414,4,lag_03__CT_place_RUINS,CT_place_RUINS,False,-3.493913412094116,-0.0003810621565207839,0.0013313981795094743
20820,20.5,0.0002733469009399414,5,lag_08__CT_place_RUINS,CT_place_RUINS,False,3.493913412094116,0.00032386439852416515,0.0011315541657033745
20820,20.5,0.0002733469009399414,6,lag_00__CT4__is_walking,CT4__is_walking,False,-2.384641170501709,0.00041614967631176114,-0.0009923676512239854
20820,20.5,0.0002733469009399414,7,lag_01__T2__is_walking,T2__is_walking,False,2.2968344688415527,0.00036613643169403076,0.0008409547766135006
20820,20.5,0.0002733469009399414,8,lag_09__T5__duck_amount,T5__duck_amount,False,3.7970333099365234,-0.00022067248937673867,-0.0008379007927500903
20820,20.5,0.0002733469009399414,9,lag_04__T3__flash_duration,T3__flash_duration,True,-4.344386577606201,0.00019246491137892008,-0.0008361419776547474
20820,20.5,0.0002733469009399414,10,lag_06__CT_utility_damage_last_5s,CT_utility_damage_last_5s,True,-5.8336615562438965,0.00013308608322404325,-0.0007763791673751769
20820,20.5,0.0002733469009399414,11,lag_07__damage_diff_last_5s,damage_diff_last_5s,False,-1.646864414215088,0.00046367954928427935,-0.0007636173493155707
20820,20.5,0.0002733469009399414,12,lag_10__T_shots_fired_sum,T_shots_fired_sum,False,-6.747633457183838,0.00011309702676953748,-0.0007631372817381472
20820,20.5,0.0002733469009399414,13,lag_00__T5__is_walking,T5__is_walking,False,-2.3193888664245605,0.0003229015856049955,-0.0007489343426030637
20820,20.5,0.0002733469009399414,14,lag_10__T3__shots_fired,T3__shots_fired,False,-5.450135707855225,0.00013449040125124156,-0.0007329909382231686
20820,20.5,0.0002733469009399414,15,lag_06__utility_damage_diff_last_5s,utility_damage_diff_last_5s,True,-4.7851057052612305,0.000151630854816176,-0.0007255696684745211
20820,20.5,0.0002733469009399414,16,lag_12__CT_place_BANANA,CT_place_BANANA,False,-2.9603395462036133,0.00023379968479275703,-0.0006921264527819382
20820,20.5,0.0002733469009399414,17,lag_03__T5__duck_amount,T5__duck_amount,False,3.3547582626342773,-0.00020453710749279708,-0.0006861725513767764
20820,20.5,0.0002733469009399414,18,lag_02__T5__duck_amount,T5__duck_amount,False,-3.3547582626342773,-0.00019456569862086326,0.0006527208850735516
20820,20.5,0.0002733469009399414,19,lag_10__T1__is_walking,T1__is_walking,False,2.281590461730957,-0.00028323993319645524,-0.0006462375299623457
20820,20.5,0.0002733469009399414,20,lag_12__CT_place_RUINS,CT_place_RUINS,False,3.493913412094116,0.00018222448125015944,0.0006366765590518249
19700,3.0,0.0002474188804626465,1,lag_01__CT_place_LIBRARY,CT_place_LIBRARY,False,6.411735534667969,0.00026709443773142993,0.0017125388975147704
19700,3.0,0.0002474188804626465,2,lag_05__T_velocity_mean,T_velocity_mean,False,3.5335803031921387,0.00013159714580979198,0.00046500908238978483
19700,3.0,0.0002474188804626465,3,lag_00__CT_place_ARCH,CT_place_ARCH,False,4.080447673797607,-9.729029989102855e-05,-0.0003969879778734191
19700,3.0,0.0002474188804626465,4,lag_06__centroid_distance_xy,centroid_distance_xy,False,3.842611789703369,-9.703893010737374e-05,-0.0003728829368907956
19700,3.0,0.0002474188804626465,5,lag_06__CT_closest_enemy_dist,CT_closest_enemy_dist,False,4.124736785888672,-8.197496936190873e-05,-0.0003381251716491618
19700,3.0,0.0002474188804626465,6,lag_06__T_closest_enemy_dist,T_closest_enemy_dist,False,4.026003360748291,-7.970034494064748e-05,-0.0003208738565838448
19700,3.0,0.0002474188804626465,7,lag_06__T_place_TSPAWN,T_place_TSPAWN,False,4.428390979766846,-7.168228330556303e-05,-0.0003174371767994469
19700,3.0,0.0002474188804626465,8,lag_06__CT_unique_places,CT_unique_places,False,-1.6410033702850342,0.00017990653577726334,-0.00029522723154679423
19700,3.0,0.0002474188804626465,9,lag_06__T2__molly,T2__molly,True,1.6050609350204468,-0.0001664756127865985,-0.00026720350271735964
19700,3.0,0.0002474188804626465,10,lag_06__CT2__molly,CT2__molly,True,1.9538549184799194,0.00013553607277572155,0.00026481782242429586
19700,3.0,0.0002474188804626465,11,lag_06__CT_place_CTSPAWN,CT_place_CTSPAWN,False,4.78255033493042,-5.362463343772106e-05,-0.00025646250860809384
19700,3.0,0.0002474188804626465,12,lag_06__CT5__molly,CT5__molly,True,1.9742296934127808,-0.00012616670574061573,-0.0002490820567931963
19700,3.0,0.0002474188804626465,13,lag_06__CT1__X,CT1__X,False,1.7887383699417114,0.00013479262997861952,0.00024110874922811214
19700,3.0,0.0002474188804626465,14,lag_06__CT_mean_X,CT_mean_X,False,2.121032476425171,0.00010966812260448933,0.00023260964967269926
19700,3.0,0.0002474188804626465,15,lag_02__T_velocity_mean,T_velocity_mean,False,0.8657850027084351,0.00026599332340992987,0.00023029303022889178
19700,3.0,0.0002474188804626465,16,lag_06__T_mean_X,T_mean_X,False,-1.6327497959136963,0.00013879370817448944,-0.00022661539869600275
19700,3.0,0.0002474188804626465,17,lag_06__T_velocity_mean,T_velocity_mean,False,-1.7359485626220703,0.00013040118210483342,-0.00022636974463910442
19700,3.0,0.0002474188804626465,18,lag_06__CT2__X,CT2__X,False,1.8969999551773071,0.00011630161316134036,0.00022062415495411117
19700,3.0,0.0002474188804626465,19,lag_00__CT_place_CTSPAWN,CT_place_CTSPAWN,False,-1.0407919883728027,-0.00020940035756211728,0.0002179422145130519
19700,3.0,0.0002474188804626465,20,lag_06__T5__X,T5__X,False,-1.4835658073425293,0.0001409370161127299,-0.0002090893380937292
21364,29.0,-0.00017344951629638672,1,lag_04__T_shots_fired_sum,T_shots_fired_sum,False,-19.493162155151367,0.00022539634665008634,-0.004393687534428842
21364,29.0,-0.00017344951629638672,2,lag_07__CT_place_LIBRARY,CT_place_LIBRARY,False,6.411735534667969,0.0005490881740115583,0.0035206081569758574
21364,29.0,-0.00017344951629638672,3,lag_02__CT_place_BALCONY,CT_place_BALCONY,False,-6.417822360992432,0.0004181297845207155,-0.002683482680893995
21364,29.0,-0.00017344951629638672,4,lag_03__CT_shots_fired_sum,CT_shots_fired_sum,False,-11.81059741973877,-0.0001893786684377119,0.002236675212804004
21364,29.0,-0.00017344951629638672,5,lag_02__CT_place_LIBRARY,CT_place_LIBRARY,False,-6.411735534667969,0.0003227477427572012,-0.0020693731709702234
21364,29.0,-0.00017344951629638672,6,lag_10__CT_shots_fired_sum,CT_shots_fired_sum,False,-5.557928085327148,0.0003189623821526766,-0.001772769981929212
21364,29.0,-0.00017344951629638672,7,lag_09__T2__shots_fired,T2__shots_fired,False,2.9418327808380127,0.00048232031986117363,0.0014189057278318762
21364,29.0,-0.00017344951629638672,8,lag_07__T5__duck_amount,T5__duck_amount,False,-3.7970333099365234,-0.00035408823168836534,0.0013444848103772444
21364,29.0,-0.00017344951629638672,9,lag_08__T3__is_walking,T3__is_walking,False,2.3223767280578613,-0.0005422991816885769,-0.001259422999198373
21364,29.0,-0.00017344951629638672,10,lag_05__T_utility_damage_last_5s,T_utility_damage_last_5s,True,-8.42352294921875,-0.00014423878747038543,0.0012149987364242776
21364,29.0,-0.00017344951629638672,11,lag_04__T2__shots_fired,T2__shots_fired,False,-15.297529220581055,7.41116818971932e-05,-0.0011337256194087209
21364,29.0,-0.00017344951629638672,12,lag_09__T_shots_fired_sum,T_shots_fired_sum,False,3.748685359954834,0.00026701524620875716,0.0010009561443475035
21364,29.0,-0.00017344951629638672,13,lag_03__CT5__shots_fired,CT5__shots_fired,False,-8.989723205566406,-0.00011051600449718535,0.0009935082902148284
21364,29.0,-0.00017344951629638672,14,lag_14__CT_shots_fired_sum,CT_shots_fired_sum,False,3.4737050533294678,0.0002790622238535434,0.0009693798571934129
21364,29.0,-0.00017344951629638672,15,lag_09__T_place_TRAMP,T_place_TRAMP,False,2.926727294921875,0.00032117438968271017,0.0009399898527142625
21364,29.0,-0.00017344951629638672,16,lag_15__T_utility_damage_last_5s,T_utility_damage_last_5s,True,8.42352294921875,0.00010569686855887994,0.0008903399979662829
21364,29.0,-0.00017344951629638672,17,lag_01__T2__is_walking,T2__is_walking,False,-2.2968344688415527,0.00036613643169403076,-0.0008409547766135006
21364,29.0,-0.00017344951629638672,18,lag_06__T_shots_fired_sum,T_shots_fired_sum,False,3.748684883117676,-0.0002169088984373957,-0.0008131231085859725
21364,29.0,-0.00017344951629638672,19,lag_00__T_place_LOWERMID,T_place_LOWERMID,False,-3.3263463973999023,0.00023166749451775104,-0.0007706063357837828
21364,29.0,-0.00017344951629638672,20,lag_13__CT4__is_walking,CT4__is_walking,False,-2.384641170501709,-0.00029896822525188327,0.0007129319386074695
19764,4.0,-0.00013494491577148438,1,lag_02__CT_place_ARCH,CT_place_ARCH,False,4.080447673797607,0.00015097077994141728,0.0006160283678233666
19764,4.0,-0.00013494491577148438,2,lag_03__CT_place_LIBRARY,CT_place_LIBRARY,False,6.411735534667969,-9.244997636415064e-05,-0.0005927647986332385
19764,4.0,-0.00013494491577148438,3,lag_08__T3__is_walking,T3__is_walking,False,-0.5709694027900696,-0.0005422991816885769,0.0003096362399022702
19764,4.0,-0.00013494491577148438,4,lag_08__CT1__molly,CT1__molly,True,1.985326886177063,0.00014126356109045446,0.00028045434586999526
19764,4.0,-0.00013494491577148438,5,lag_08__CT3__molly,CT3__molly,True,1.958473563194275,0.00013953026791568846,0.0002732663409782902
19764,4.0,-0.00013494491577148438,6,lag_08__CT1__X,CT1__X,False,1.7887383699417114,0.00015191914280876517,0.0002717435998706927
19764,4.0,-0.00013494491577148438,7,lag_08__T_molly_inv,T_molly_inv,True,2.267718553543091,-0.00011953508510487154,-0.00027107193029166955
19764,4.0,-0.00013494491577148438,8,lag_08__CT_unique_places,CT_unique_places,False,-1.6410033702850342,-0.0001580528769409284,0.00025936530374330927
19764,4.0,-0.00013494491577148438,9,lag_08__T_velocity_mean,T_velocity_mean,False,-1.7359485626220703,0.0001482843654230237,-0.0002574140310154238
19764,4.0,-0.00013494491577148438,10,lag_07__T_velocity_mean,T_velocity_mean,False,3.5335803031921387,6.944571214262396e-05,0.00024539200056832716
19764,4.0,-0.00013494491577148438,11,lag_08__CT4__molly,CT4__molly,True,1.950421929359436,-0.0001232992362929508,-0.00024048553433904211
19764,4.0,-0.00013494491577148438,12,lag_08__T5__molly,T5__molly,True,1.579392433166504,-0.00015169043035712093,-0.00023957871788980734
19764,4.0,-0.00013494491577148438,13,lag_08__CT_mean_X,CT_mean_X,False,2.121032476425171,0.0001116730782086961,0.00023686222562301247
19764,4.0,-0.00013494491577148438,14,lag_08__CT_place_CTSPAWN,CT_place_CTSPAWN,False,4.78255033493042,-4.9392729124519974e-05,-0.0002362232132176005
19764,4.0,-0.00013494491577148438,15,lag_08__CT_molly_inv,CT_molly_inv,True,2.9876954555511475,7.887846732046455e-05,0.00023566483835419164
19764,4.0,-0.00013494491577148438,16,lag_07__CT_velocity_mean,CT_velocity_mean,False,3.392946720123291,6.79204604239203e-05,0.00023045050342460419
19764,4.0,-0.00013494491577148438,17,lag_08__CT2__X,CT2__X,False,1.8969999551773071,0.00011565667955437675,0.00021940071593060887
19764,4.0,-0.00013494491577148438,18,lag_08__centroid_distance_xy,centroid_distance_xy,False,3.842611789703369,-5.662879630108364e-05,-0.00021760248030325453
19764,4.0,-0.00013494491577148438,19,lag_08__CT1__utility_total,CT1__utility_total,True,1.9631518125534058,0.00010945394024020061,0.00021487470117366198
19764,4.0,-0.00013494491577148438,20,lag_08__CT2__molly,CT2__molly,True,1.9538549184799194,0.00010286820179317147,0.00020098954202877294
22292,43.5,-0.00011169910430908203,1,lag_06__CT_place_LIBRARY,CT_place_LIBRARY,False,6.411735534667969,0.00036129826912656426,0.002316548950772823
22292,43.5,-0.00011169910430908203,2,lag_10__T3__flash_duration,T3__flash_duration,True,-8.012818336486816,0.0002820858499035239,-0.0022603026705704243
22292,43.5,-0.00011169910430908203,3,lag_08__CT3__is_scoped,CT3__is_scoped,False,-4.548114776611328,0.0004639232938643545,-0.00210997638803867
22292,43.5,-0.00011169910430908203,4,lag_01__CT_place_LIBRARY,CT_place_LIBRARY,False,-6.411735534667969,0.00026709443773142993,-0.0017125388975147704
22292,43.5,-0.00011169910430908203,5,lag_01__T1__duck_amount,T1__duck_amount,False,-3.915480136871338,-0.000410286127589643,0.0016064671830111066
22292,43.5,-0.00011169910430908203,6,lag_12__T1__is_walking,T1__is_walking,False,2.281590461730957,-0.00046226225094869733,-0.0010546931425828299
22292,43.5,-0.00011169910430908203,7,lag_11__CT_place_RUINS,CT_place_RUINS,False,-3.493913412094116,0.00029458990320563316,-0.0010292716138776692
22292,43.5,-0.00011169910430908203,8,lag_01__T3__is_walking,T3__is_walking,False,2.3223767280578613,0.0004288530326448381,0.0009959583027714103
22292,43.5,-0.00011169910430908203,9,lag_15__T1__is_walking,T1__is_walking,False,2.281590461730957,-0.0004290357755962759,-0.0009788839333418065
22292,43.5,-0.00011169910430908203,10,lag_01__T_duck_amount_mean,T_duck_amount_mean,False,-2.9079365730285645,-0.00031267176382243633,0.0009092296573726122
22292,43.5,-0.00011169910430908203,11,lag_06__CT_place_PIT,CT_place_PIT,False,-4.305429458618164,0.00020526758453343064,-0.0008837651053496265
22292,43.5,-0.00011169910430908203,12,lag_03__T2__is_walking,T2__is_walking,False,2.2968344688415527,0.0003802203282248229,0.0008733031556210219
22292,43.5,-0.00011169910430908203,13,lag_10__T2__is_walking,T2__is_walking,False,-2.2968344688415527,-0.00034644853440113366,0.0007957349354921622
22292,43.5,-0.00011169910430908203,14,lag_03__T5__duck_amount,T5__duck_amount,False,3.7970333099365234,-0.00020453710749279708,-0.0007766342102682178
22292,43.5,-0.00011169910430908203,15,lag_11__T1__duck_amount,T1__duck_amount,False,3.915480136871338,-0.0001886025711428374,-0.0007384696210726432
22292,43.5,-0.00011169910430908203,16,lag_14__CT3__is_scoped,CT3__is_scoped,False,4.548114776611328,-0.00015907805936876684,-0.0007235052724497426
22292,43.5,-0.00011169910430908203,17,lag_12__CT1__is_walking,CT1__is_walking,False,2.3343825340270996,-0.000309669878333807,-0.000722887955296736
22292,43.5,-0.00011169910430908203,18,lag_01__T3__duck_amount,T3__duck_amount,False,-3.7704498767852783,-0.0001800697937142104,0.000678944131522495
22292,43.5,-0.00011169910430908203,19,lag_04__T5__is_walking,T5__is_walking,False,-2.3193888664245605,-0.0002868361189030111,0.0006652845006720753
22292,43.5,-0.00011169910430908203,20,lag_13__CT_walking_count,CT_walking_count,False,1.7948952913284302,-0.0003645693650469184,-0.0006543638366853094
19540,0.5,0.00010007619857788086,1,lag_00__T_velocity_mean,T_velocity_mean,False,3.5335803031921387,-0.00018781340622808784,-0.0006636537529229949
19540,0.5,0.00010007619857788086,2,lag_01__centroid_distance_xy,centroid_distance_xy,False,3.842611789703369,-0.0001540613011457026,-0.000591997772119518
19540,0.5,0.00010007619857788086,3,lag_01__CT_closest_enemy_dist,CT_closest_enemy_dist,False,4.124736785888672,-0.00011339249613229185,-0.00046771420004060316
19540,0.5,0.00010007619857788086,4,lag_01__CT_velocity_mean,CT_velocity_mean,False,-1.694637656211853,-0.000269022595603019,0.0004558958208807293
19540,0.5,0.00010007619857788086,5,lag_01__T_closest_enemy_dist,T_closest_enemy_dist,False,4.026003360748291,-0.0001094858962460421,-0.0004407905862411042
19540,0.5,0.00010007619857788086,6,lag_01__CT3__flash,CT3__flash,True,3.01554012298584,0.00013942972873337567,0.00042045594133252595
19540,0.5,0.00010007619857788086,7,lag_01__T_place_TSPAWN,T_place_TSPAWN,False,4.428390979766846,-9.081268217414618e-05,-0.00040215406258842235
19540,0.5,0.00010007619857788086,8,lag_01__T_velocity_mean,T_velocity_mean,False,-1.7359485626220703,-0.00021501821174751967,0.00037326055562067473
19540,0.5,0.00010007619857788086,9,lag_01__T_walking_count,T_walking_count,False,-0.9998118877410889,0.0003355855878908187,-0.00033552246012782255
19540,0.5,0.00010007619857788086,10,lag_01__T1__smoke,T1__smoke,True,1.4850022792816162,0.00022135992185212672,0.0003287199884920086
19540,0.5,0.00010007619857788086,11,lag_01__T_molly_inv,T_molly_inv,True,2.267718553543091,-0.00012773180787917227,-0.0002896597906052005
19540,0.5,0.00010007619857788086,12,lag_01__CT3__utility_total,CT3__utility_total,True,2.9974148273468018,9.595976007403806e-05,0.0002876312076745633
19540,0.5,0.00010007619857788086,13,lag_01__T_mean_X,T_mean_X,False,-1.6327497959136963,0.0001615295623196289,-0.00026373735991140276
19540,0.5,0.00010007619857788086,14,lag_01__T3__is_walking,T3__is_walking,False,-0.5709694027900696,0.0004288530326448381,-0.0002448619599339334
19540,0.5,0.00010007619857788086,15,lag_01__T5__X,T5__X,False,-1.4835658073425293,0.00016318736015819013,-0.00024209918772118144
19540,0.5,0.00010007619857788086,16,lag_01__T4__utility_total,T4__utility_total,True,1.4362598657608032,-0.00015342343249358237,-0.00022035591855779427
19540,0.5,0.00010007619857788086,17,lag_01__CT2__X,CT2__X,False,1.8969999551773071,0.00011524238652782515,0.0002186148020778102
19540,0.5,0.00010007619857788086,18,lag_01__T2__is_walking,T2__is_walking,False,-0.5837383270263672,0.00036613643169403076,-0.00021372786810047728
19540,0.5,0.00010007619857788086,19,lag_01__CT_unique_places,CT_unique_places,False,-1.6410033702850342,0.0001302190066780895,-0.00021368982883391424
19540,0.5,0.00010007619857788086,20,lag_01__T4__molly,T4__molly,True,1.5230296850204468,-0.00013521272921934724,-0.00020593300039369739
19732,3.5,-1.3113021850585938e-05,1,lag_02__CT_place_LIBRARY,CT_place_LIBRARY,False,6.411735534667969,0.0003227477427572012,0.0020693731709702234
19732,3.5,-1.3113021850585938e-05,2,lag_06__T_velocity_mean,T_velocity_mean,False,3.5335803031921387,0.00013040118210483342,0.0004607830485986106
19732,3.5,-1.3113021850585938e-05,3,lag_01__CT_place_ARCH,CT_place_ARCH,False,4.080447673797607,0.00010898150503635406,0.0004446933287125532
19732,3.5,-1.3113021850585938e-05,4,lag_07__CT_place_CTSPAWN,CT_place_CTSPAWN,False,4.78255033493042,-6.94510163157247e-05,-0.0003321529813420272
19732,3.5,-1.3113021850585938e-05,5,lag_07__CT4__molly,CT4__molly,True,1.950421929359436,-0.00016033448628149927,-0.00031271989807601583
19732,3.5,-1.3113021850585938e-05,6,lag_07__centroid_distance_xy,centroid_distance_xy,False,3.842611789703369,-7.901481149019673e-05,-0.0003036232461934192
19732,3.5,-1.3113021850585938e-05,7,lag_07__T_closest_enemy_dist,T_closest_enemy_dist,False,4.026003360748291,-7.455366721842438e-05,-0.00030015331477748625
19732,3.5,-1.3113021850585938e-05,8,lag_07__CT_closest_enemy_dist,CT_closest_enemy_dist,False,4.124736785888672,-6.592254794668406e-05,-0.0002719131585351975
19732,3.5,-1.3113021850585938e-05,9,lag_07__CT1__X,CT1__X,False,1.7887383699417114,0.00014069705503061414,0.00025167022087106
19732,3.5,-1.3113021850585938e-05,10,lag_07__CT2__molly,CT2__molly,True,1.9538549184799194,0.00012587412493303418,0.0002459397781097647
19732,3.5,-1.3113021850585938e-05,11,lag_07__CT3__smoke,CT3__smoke,True,1.578822374343872,-0.0001533205941086635,-0.0002420659844264532
19732,3.5,-1.3113021850585938e-05,12,lag_07__CT_mean_X,CT_mean_X,False,2.121032476425171,0.00010890662088058889,0.00023099447978545268
19732,3.5,-1.3113021850585938e-05,13,lag_07__T_mean_X,T_mean_X,False,-1.6327497959136963,0.00013450279948301613,-0.0002196094184057154
19732,3.5,-1.3113021850585938e-05,14,lag_07__T4__has_bomb,T4__has_bomb,False,2.2795095443725586,-9.450742072658613e-05,-0.00021543056756028606
19732,3.5,-1.3113021850585938e-05,15,lag_07__CT2__X,CT2__X,False,1.8969999551773071,0.00011282186460448429,0.0002140230720977269
19732,3.5,-1.3113021850585938e-05,16,lag_07__T_place_TSPAWN,T_place_TSPAWN,False,4.428390979766846,-4.405172512633726e-05,-0.00019507826219264043
19732,3.5,-1.3113021850585938e-05,17,lag_07__T5__X,T5__X,False,-1.4835658073425293,0.00012754998169839382,-0.00018922879157490247
19732,3.5,-1.3113021850585938e-05,18,lag_07__CT1__utility_total,CT1__utility_total,True,1.9631518125534058,9.521575702819973e-05,0.000186922985993555
19732,3.5,-1.3113021850585938e-05,19,lag_07__T1__X,T1__X,False,-1.4518778324127197,0.00011588029883569106,-0.00016824403709290135
19732,3.5,-1.3113021850585938e-05,20,lag_07__T_molly_inv,T_molly_inv,True,2.267718553543091,-7.341867603827268e-05,-0.0001664928938285605
