uncertainty_bin,rows,mean_abs_delta,p95_abs_delta,mean_delta,good_direction_rate,mean_logloss_improvement,positive_logloss_improvement_rate,class_flip_rate,with_correct_rate,no_correct_rate
very_uncertain_0_02,71551,0.007532707881182432,0.020169585943222046,0.0011287119705229998,0.5235146958113793,0.0007523077433718167,0.5235146958113793,0.19323279898254392,0.5281407667258319,0.5174071641206971
uncertain_0_05,85282,0.008319486863911152,0.023556113243103027,0.0004192841879557818,0.510916723341385,0.0005259064041967981,0.510916723341385,0.011866513449496963,0.5386482493374921,0.5383199268309843
mild_uncertain_0_10,86893,0.00937977060675621,0.02641121149063106,-0.0013797313440591097,0.47842749128238177,-0.000829616533729427,0.47842749128238177,0.0001956429171509788,0.5985867676337565,0.598667326481995
medium_0_20,114086,0.010056005790829659,0.02789163589477539,-0.0009564260253682733,0.4734586189365917,0.0006296971421559161,0.4734586189365917,0.0,0.688235190996266,0.688235190996266
confident_gt_0_20,443581,0.004759380593895912,0.016848623752593994,0.00031037774169817567,0.33529614658878537,-0.0012302075924911758,0.33529614658878537,0.0,0.8965600420216375,0.8965600420216375
