feature,coefficient,abs_coefficient,base_feature,is_utility
lag_02__T_place_CONNECTOR,0.0015213403385132551,0.0015213403385132551,T_place_CONNECTOR,False
lag_00__kill_diff_last_3s,0.0014324679505079985,0.0014324679505079985,kill_diff_last_3s,False
lag_00__CT_kills_last_3s,0.001345040393061936,0.001345040393061936,CT_kills_last_3s,False
lag_00__damage_diff_last_5s,0.0011690293904393911,0.0011690293904393911,damage_diff_last_5s,False
lag_00__T3__flash,-0.0010816702852025628,0.0010816702852025628,T3__flash,True
lag_00__T3__utility_total,-0.0009488734067417681,0.0009488734067417681,T3__utility_total,True
lag_00__CT_damage_last_5s,0.0009322210680693388,0.0009322210680693388,CT_damage_last_5s,False
lag_15__T_burning_players,0.0009153720457106829,0.0009153720457106829,T_burning_players,False
lag_00__T_place_BACKALLEY,-0.0008951832423917949,0.0008951832423917949,T_place_BACKALLEY,False
lag_00__T3__alive,-0.0008878446533344686,0.0008878446533344686,T3__alive,False
lag_09__CT4__duck_amount,-0.0008838340872898698,0.0008838340872898698,CT4__duck_amount,False
lag_06__CT3__is_scoped,0.0008806768455542624,0.0008806768455542624,CT3__is_scoped,False
lag_05__CT_B_site_active_infernos,-0.0008742859936319292,0.0008742859936319292,CT_B_site_active_infernos,True
lag_00__T3__armor,-0.0008323763613589108,0.0008323763613589108,T3__armor,False
lag_05__CT3__is_scoped,-0.0008236439316533506,0.0008236439316533506,CT3__is_scoped,False
lag_00__T3__molly,-0.0008149895002134144,0.0008149895002134144,T3__molly,True
lag_05__T_B_site_active_infernos,-0.0008126526372507215,0.0008126526372507215,T_B_site_active_infernos,True
lag_00__T_place_SNIPERSNEST,-0.0008028108277358115,0.0008028108277358115,T_place_SNIPERSNEST,False
lag_11__CT4__duck_amount,0.0007947750273160636,0.0007947750273160636,CT4__duck_amount,False
lag_05__active_infernos_total,-0.0007867077365517616,0.0007867077365517616,active_infernos_total,True
lag_00__T3__has_helmet,-0.0007686654571443796,0.0007686654571443796,T3__has_helmet,False
lag_00__T3__hp,-0.0007652927306480706,0.0007652927306480706,T3__hp,False
lag_15__CT3__is_scoped,0.0007505965186282992,0.0007505965186282992,CT3__is_scoped,False
lag_07__CT4__is_walking,0.0007468805415555835,0.0007468805415555835,CT4__is_walking,False
lag_11__CT5__duck_amount,-0.0007438046741299331,0.0007438046741299331,CT5__duck_amount,False
lag_14__T_he_last_5s,0.0007367532816715539,0.0007367532816715539,T_he_last_5s,True
lag_01__T3__duck_amount,0.000736110785510391,0.000736110785510391,T3__duck_amount,False
lag_04__T_he_last_5s,-0.0007239346741698682,0.0007239346741698682,T_he_last_5s,True
lag_14__T_place_LADDER,-0.0007045557722449303,0.0007045557722449303,T_place_LADDER,False
lag_07__T1__is_walking,0.0007020235061645508,0.0007020235061645508,T1__is_walking,False
lag_08__T1__is_walking,0.0006978658493608236,0.0006978658493608236,T1__is_walking,False
lag_01__CT2__is_walking,-0.00067240180214867,0.00067240180214867,CT2__is_walking,False
lag_13__T_place_CATWALK,0.0006289361044764519,0.0006289361044764519,T_place_CATWALK,False
lag_06__T_place_SNIPERSNEST,0.00061966193607077,0.00061966193607077,T_place_SNIPERSNEST,False
lag_00__CT2__duck_amount,0.0006160794873721898,0.0006160794873721898,CT2__duck_amount,False
lag_15__CT4__is_walking,0.0006101749022491276,0.0006101749022491276,CT4__is_walking,False
lag_03__T_place_SNIPERSNEST,0.0006076879217289388,0.0006076879217289388,T_place_SNIPERSNEST,False
lag_05__T_active_infernos,-0.0006053310935385525,0.0006053310935385525,T_active_infernos,True
lag_03__T2__is_walking,0.0005988638149574399,0.0005988638149574399,T2__is_walking,False
lag_13__T2__is_walking,0.0005939815891906619,0.0005939815891906619,T2__is_walking,False
lag_05__CT_active_infernos,-0.0005919556715525687,0.0005919556715525687,CT_active_infernos,True
lag_08__CT5__duck_amount,0.0005838382639922202,0.0005838382639922202,CT5__duck_amount,False
lag_03__T_place_CONNECTOR,0.0005833259783685207,0.0005833259783685207,T_place_CONNECTOR,False
lag_02__T2__is_walking,0.000582426437176764,0.000582426437176764,T2__is_walking,False
lag_06__CT_B_site_active_infernos,-0.0005804092506878078,0.0005804092506878078,CT_B_site_active_infernos,True
lag_03__CT3__is_scoped,0.0005778172635473311,0.0005778172635473311,CT3__is_scoped,False
lag_01__T_place_CONNECTOR,0.0005639172159135342,0.0005639172159135342,T_place_CONNECTOR,False
lag_11__CT1__duck_amount,0.0005602285382337868,0.0005602285382337868,CT1__duck_amount,False
lag_03__CT_place_APARTMENTS,0.0005569565109908581,0.0005569565109908581,CT_place_APARTMENTS,False
lag_15__CT_B_site_active_infernos,0.0005558247794397175,0.0005558247794397175,CT_B_site_active_infernos,True
lag_07__T_velocity_mean,-0.000552885583601892,0.000552885583601892,T_velocity_mean,False
lag_08__T1__duck_amount,-0.000542771362233907,0.000542771362233907,T1__duck_amount,False
lag_06__CT5__duck_amount,-0.000541455636266619,0.000541455636266619,CT5__duck_amount,False
lag_11__CT4__is_walking,-0.000541334506124258,0.000541334506124258,CT4__is_walking,False
lag_02__T_place_MIDDLE,-0.0005390648148022592,0.0005390648148022592,T_place_MIDDLE,False
lag_10__CT3__flash,-0.0005379291251301765,0.0005379291251301765,CT3__flash,True
lag_00__T2__is_walking,-0.0005367905250750482,0.0005367905250750482,T2__is_walking,False
lag_13__T_velocity_mean,-0.0005313055007718503,0.0005313055007718503,T_velocity_mean,False
lag_14__T2__is_walking,0.0005291082197800279,0.0005291082197800279,T2__is_walking,False
lag_06__T2__duck_amount,-0.0005197033169679344,0.0005197033169679344,T2__duck_amount,False
lag_10__CT_place_SNIPERSNEST,-0.0005183243774808943,0.0005183243774808943,CT_place_SNIPERSNEST,False
lag_00__T3__duck_amount,0.0005182176828384399,0.0005182176828384399,T3__duck_amount,False
lag_01__T_place_LADDER,0.0005073189386166632,0.0005073189386166632,T_place_LADDER,False
lag_00__alive_diff,0.0005067633464932442,0.0005067633464932442,alive_diff,False
lag_09__T1__duck_amount,0.0005063695716671646,0.0005063695716671646,T1__duck_amount,False
lag_08__T_place_MIDDLE,0.000504617637488991,0.000504617637488991,T_place_MIDDLE,False
lag_01__damage_diff_last_5s,0.0005042287521064281,0.0005042287521064281,damage_diff_last_5s,False
lag_00__hp_diff,0.0005013716290704906,0.0005013716290704906,hp_diff,False
lag_06__CT4__is_walking,0.0004978033248335123,0.0004978033248335123,CT4__is_walking,False
lag_01__T3__hp,-0.000485487311379984,0.000485487311379984,T3__hp,False
lag_05__CT_place_APARTMENTS,0.0004827622906304896,0.0004827622906304896,CT_place_APARTMENTS,False
lag_00__T_flash_inv,-0.00048024830175563693,0.00048024830175563693,T_flash_inv,True
lag_14__T_burning_players,0.0004795876157004386,0.0004795876157004386,T_burning_players,False
lag_01__CT_damage_last_5s,0.00047913999878801405,0.00047913999878801405,CT_damage_last_5s,False
lag_15__CT_active_infernos,0.0004790436942130327,0.0004790436942130327,CT_active_infernos,True
lag_13__CT_place_SHOP,-0.00047828516107983887,0.00047828516107983887,CT_place_SHOP,False
lag_09__T_place_LADDER,-0.0004754746041726321,0.0004754746041726321,T_place_LADDER,False
lag_04__T_place_LADDER,0.00047162818373180926,0.00047162818373180926,T_place_LADDER,False
lag_01__kill_diff_last_3s,0.000469186925329268,0.000469186925329268,kill_diff_last_3s,False
lag_14__CT_place_SHOP,-0.00046666880371049047,0.00046666880371049047,CT_place_SHOP,False
lag_00__flash_inv_diff,0.0004633002099581063,0.0004633002099581063,flash_inv_diff,True
lag_13__T1__flash_duration,0.00045743194641545415,0.00045743194641545415,T1__flash_duration,True
lag_09__CT4__is_walking,0.0004563432012218982,0.0004563432012218982,CT4__is_walking,False
lag_05__CT3__is_walking,0.0004556778003461659,0.0004556778003461659,CT3__is_walking,False
lag_00__T_alive,-0.00045314154704101384,0.00045314154704101384,T_alive,False
lag_07__T1__flash_duration,-0.00045097313704900444,0.00045097313704900444,T1__flash_duration,True
lag_00__CT_duck_amount_mean,0.000450947874924168,0.000450947874924168,CT_duck_amount_mean,False
lag_05__CT2__duck_amount,0.0004473843437153846,0.0004473843437153846,CT2__duck_amount,False
lag_09__T_duck_amount_mean,0.00044644970330409706,0.00044644970330409706,T_duck_amount_mean,False
lag_12__CT_duck_amount_mean,0.0004447238170541823,0.0004447238170541823,CT_duck_amount_mean,False
lag_06__CT_active_infernos,-0.00044465807150118053,0.00044465807150118053,CT_active_infernos,True
lag_10__CT_place_SHOP,0.00044350436655804515,0.00044350436655804515,CT_place_SHOP,False
lag_13__CT5__duck_amount,0.0004420470504555851,0.0004420470504555851,CT5__duck_amount,False
lag_01__CT5__duck_amount,-0.0004418430617079139,0.0004418430617079139,CT5__duck_amount,False
lag_15__CT1__duck_amount,0.0004409037937875837,0.0004409037937875837,CT1__duck_amount,False
lag_12__T_velocity_mean,-0.00043654043111018836,0.00043654043111018836,T_velocity_mean,False
lag_14__T_velocity_mean,-0.00043093800195492804,0.00043093800195492804,T_velocity_mean,False
lag_01__T3__is_walking,-0.0004289661010261625,0.0004289661010261625,T3__is_walking,False
lag_00__T_utility_inv,-0.00042828384903259575,0.00042828384903259575,T_utility_inv,True
lag_00__T_molly_inv,-0.000428273604484275,0.000428273604484275,T_molly_inv,True
lag_00__T_shots_fired_sum,-0.00042561584268696606,0.00042561584268696606,T_shots_fired_sum,False
lag_06__active_infernos_total,-0.0004227559838909656,0.0004227559838909656,active_infernos_total,True
lag_01__CT_kills_last_3s,0.000422509852796793,0.000422509852796793,CT_kills_last_3s,False
lag_04__CT3__is_walking,-0.000421202159486711,0.000421202159486711,CT3__is_walking,False
lag_00__T_cash_spent_round_sum,-0.00042023451533168554,0.00042023451533168554,T_cash_spent_round_sum,False
lag_08__T_place_CATWALK,-0.0004150205058977008,0.0004150205058977008,T_place_CATWALK,False
lag_03__CT_place_SNIPERSNEST,0.0004116684722248465,0.0004116684722248465,CT_place_SNIPERSNEST,False
lag_00__CT3__is_scoped,0.0004115970223210752,0.0004115970223210752,CT3__is_scoped,False
lag_10__CT_place_APARTMENTS,0.000410977634601295,0.000410977634601295,CT_place_APARTMENTS,False
lag_00__T_kills_last_3s,-0.00040952913695946336,0.00040952913695946336,T_kills_last_3s,False
lag_00__utility_inv_diff,0.00040910104871727526,0.00040910104871727526,utility_inv_diff,True
lag_08__T2__duck_amount,0.0004074048192705959,0.0004074048192705959,T2__duck_amount,False
lag_05__CT_scoped_count,-0.00040595221798866987,0.00040595221798866987,CT_scoped_count,False
lag_04__active_infernos_total,-0.0004031527496408671,0.0004031527496408671,active_infernos_total,True
lag_00__T_armor_sum,-0.00039999178261496127,0.00039999178261496127,T_armor_sum,False
lag_14__CT5__duck_amount,0.0003975477593485266,0.0003975477593485266,CT5__duck_amount,False
lag_06__T1__is_walking,0.000397244788473472,0.000397244788473472,T1__is_walking,False
lag_04__CT5__duck_amount,0.0003966299700550735,0.0003966299700550735,CT5__duck_amount,False
lag_09__T2__is_walking,0.0003948576922994107,0.0003948576922994107,T2__is_walking,False
lag_00__T3__is_walking,-0.0003944445343222469,0.0003944445343222469,T3__is_walking,False
lag_06__CT_scoped_count,0.00039208392263390124,0.00039208392263390124,CT_scoped_count,False
lag_04__CT_B_site_active_infernos,-0.00039126534829847515,0.00039126534829847515,CT_B_site_active_infernos,True
lag_06__T_velocity_mean,-0.0003912567044608295,0.0003912567044608295,T_velocity_mean,False
lag_08__T_place_LADDER,-0.00038913669413886964,0.00038913669413886964,T_place_LADDER,False
lag_13__CT3__is_scoped,0.0003879441355820745,0.0003879441355820745,CT3__is_scoped,False
lag_00__CT4__is_walking,0.0003859579737763852,0.0003859579737763852,CT4__is_walking,False
lag_03__CT_place_CATWALK,-0.00038430534186773,0.00038430534186773,CT_place_CATWALK,False
lag_13__T_flashed_players,0.0003832195943687111,0.0003832195943687111,T_flashed_players,False
lag_04__T_B_site_active_infernos,-0.00038137295632623136,0.00038137295632623136,T_B_site_active_infernos,True
lag_02__CT3__is_scoped,0.0003789086767937988,0.0003789086767937988,CT3__is_scoped,False
lag_15__CT_place_APARTMENTS,0.0003777569509111345,0.0003777569509111345,CT_place_APARTMENTS,False
lag_00__T_walking_count,-0.0003777213569264859,0.0003777213569264859,T_walking_count,False
lag_00__T_hp_sum,-0.0003773318894673139,0.0003773318894673139,T_hp_sum,False
lag_06__T_he_last_5s,-0.00037313273060135543,0.00037313273060135543,T_he_last_5s,True
lag_01__T3__alive,-0.00037303625140339136,0.00037303625140339136,T3__alive,False
lag_07__T2__is_walking,-0.00037122867070138454,0.00037122867070138454,T2__is_walking,False
lag_07__CT_place_SNIPERSNEST,-0.0003683683753479272,0.0003683683753479272,CT_place_SNIPERSNEST,False
lag_00__T_equip_value_sum,-0.00036822177935391665,0.00036822177935391665,T_equip_value_sum,False
lag_01__CT_walking_count,-0.0003654769388958812,0.0003654769388958812,CT_walking_count,False
lag_15__T_velocity_mean,0.0003632396401371807,0.0003632396401371807,T_velocity_mean,False
lag_09__T2__duck_amount,0.0003605959645938128,0.0003605959645938128,T2__duck_amount,False
lag_01__T3__armor,-0.00035928175202570856,0.00035928175202570856,T3__armor,False
lag_06__CT_place_UNDERPASS,-0.00035896271583624184,0.00035896271583624184,CT_place_UNDERPASS,False
lag_00__T_unique_places,-0.0003586022066883743,0.0003586022066883743,T_unique_places,False
lag_02__T1__duck_amount,0.0003585838130675256,0.0003585838130675256,T1__duck_amount,False
lag_09__CT_place_SNIPERSNEST,-0.0003577937895897776,0.0003577937895897776,CT_place_SNIPERSNEST,False
lag_01__T3__flash,-0.0003568096726667136,0.0003568096726667136,T3__flash,True
lag_01__T_place_BACKALLEY,-0.0003563500940799713,0.0003563500940799713,T_place_BACKALLEY,False
lag_04__CT_place_APARTMENTS,0.0003547265368979424,0.0003547265368979424,CT_place_APARTMENTS,False
lag_04__T_place_SNIPERSNEST,0.00035271825618110597,0.00035271825618110597,T_place_SNIPERSNEST,False
lag_00__armor_diff,0.00035261051380075514,0.00035261051380075514,armor_diff,False
lag_03__CT3__is_walking,-0.0003512075636535883,0.0003512075636535883,CT3__is_walking,False
lag_14__CT_place_SNIPERSNEST,0.0003506255161482841,0.0003506255161482841,CT_place_SNIPERSNEST,False
lag_03__T_place_MIDDLE,-0.000348097673850134,0.000348097673850134,T_place_MIDDLE,False
lag_15__T_place_SIDEALLEY,-0.00034803643939085305,0.00034803643939085305,T_place_SIDEALLEY,False
lag_03__CT_place_SHOP,-0.0003463694592937827,0.0003463694592937827,CT_place_SHOP,False
lag_01__T_place_SNIPERSNEST,-0.00034435733687132597,0.00034435733687132597,T_place_SNIPERSNEST,False
lag_13__T_place_SNIPERSNEST,-0.000341681094141677,0.000341681094141677,T_place_SNIPERSNEST,False
lag_02__T3__duck_amount,0.0003402077127248049,0.0003402077127248049,T3__duck_amount,False
lag_00__T_helmet_count,-0.0003401674039196223,0.0003401674039196223,T_helmet_count,False
lag_13__T_shots_fired_sum,-0.0003384155279491097,0.0003384155279491097,T_shots_fired_sum,False
lag_06__damage_diff_last_5s,0.00033664278453215957,0.00033664278453215957,damage_diff_last_5s,False
lag_15__CT_place_SHOP,-0.0003366061137057841,0.0003366061137057841,CT_place_SHOP,False
lag_03__CT_place_UNDERPASS,0.00033561259624548256,0.00033561259624548256,CT_place_UNDERPASS,False
lag_07__T3__is_walking,-0.00033301644725725055,0.00033301644725725055,T3__is_walking,False
lag_15__CT_scoped_count,0.0003326214791741222,0.0003326214791741222,CT_scoped_count,False
lag_11__CT_duck_amount_mean,0.0003319067182019353,0.0003319067182019353,CT_duck_amount_mean,False
lag_04__CT_active_infernos,-0.00032999052200466394,0.00032999052200466394,CT_active_infernos,True
lag_07__T_place_LADDER,-0.00032935405033640563,0.00032935405033640563,T_place_LADDER,False
lag_07__CT_walking_count,0.0003285747370682657,0.0003285747370682657,CT_walking_count,False
lag_02__T_macro_MID,-0.000328138645272702,0.000328138645272702,T_macro_MID,False
lag_13__CT1__duck_amount,-0.0003244347171857953,0.0003244347171857953,CT1__duck_amount,False
lag_11__CT3__is_scoped,0.0003235902695450932,0.0003235902695450932,CT3__is_scoped,False
lag_12__CT4__duck_amount,0.00032358430325984955,0.00032358430325984955,CT4__duck_amount,False
lag_12__T1__duck_amount,0.0003189137205481529,0.0003189137205481529,T1__duck_amount,False
lag_01__T3__utility_total,-0.00031836185371503234,0.00031836185371503234,T3__utility_total,True
lag_02__CT5__duck_amount,-0.0003178984916303307,0.0003178984916303307,CT5__duck_amount,False
lag_10__T1__duck_amount,-0.0003132403944619,0.0003132403944619,T1__duck_amount,False
lag_10__CT_B_site_active_infernos,0.00031298192334361374,0.00031298192334361374,CT_B_site_active_infernos,True
lag_13__CT_place_APARTMENTS,0.0003128919342998415,0.0003128919342998415,CT_place_APARTMENTS,False
lag_00__T_macro_OTHER,-0.00031261637923307717,0.00031261637923307717,T_macro_OTHER,False
lag_09__CT1__duck_amount,-0.00031221614335663617,0.00031221614335663617,CT1__duck_amount,False
lag_04__T1__duck_amount,0.0003116253938060254,0.0003116253938060254,T1__duck_amount,False
lag_04__T2__has_bomb,0.00031087518436834216,0.00031087518436834216,T2__has_bomb,False
lag_04__T1__flash_duration,-0.0003104326606262475,0.0003104326606262475,T1__flash_duration,True
lag_10__CT3__is_scoped,0.0003102770133409649,0.0003102770133409649,CT3__is_scoped,False
lag_08__T_unique_places,0.00030974936089478433,0.00030974936089478433,T_unique_places,False
lag_12__CT_velocity_mean,-0.00030816241633147,0.00030816241633147,CT_velocity_mean,False
lag_05__CT_place_SHOP,-0.0003079380840063095,0.0003079380840063095,CT_place_SHOP,False
lag_01__T3__has_helmet,-0.0003059189475607127,0.0003059189475607127,T3__has_helmet,False
lag_03__CT1__duck_amount,0.00030497644911520183,0.00030497644911520183,CT1__duck_amount,False
lag_00__CT_place_UNDERPASS,-0.0003034891851712018,0.0003034891851712018,CT_place_UNDERPASS,False
lag_11__CT1__flash_duration,0.0003026999766007066,0.0003026999766007066,CT1__flash_duration,True
lag_13__T_flash_duration_sum,0.0003020116710104048,0.0003020116710104048,T_flash_duration_sum,True
lag_10__T_place_CATWALK,0.00030126742785796523,0.00030126742785796523,T_place_CATWALK,False
lag_00__molly_inv_diff,0.000300364859867841,0.000300364859867841,molly_inv_diff,True
lag_12__CT5__duck_amount,0.0002977463882416487,0.0002977463882416487,CT5__duck_amount,False
lag_07__T_he_last_5s,-0.0002969487977679819,0.0002969487977679819,T_he_last_5s,True
lag_00__equip_diff,0.00029662088491022587,0.00029662088491022587,equip_diff,False
lag_15__CT_shots_fired_sum,0.00029637094121426344,0.00029637094121426344,CT_shots_fired_sum,False
lag_01__CT3__duck_amount,0.0002954989904537797,0.0002954989904537797,CT3__duck_amount,False
lag_14__CT_velocity_mean,-0.0002945447922684252,0.0002945447922684252,CT_velocity_mean,False
lag_15__active_infernos_total,0.0002941784914582968,0.0002941784914582968,active_infernos_total,True
lag_13__CT3__duck_amount,0.0002938241232186556,0.0002938241232186556,CT3__duck_amount,False
lag_14__CT3__duck_amount,-0.0002937928948085755,0.0002937928948085755,CT3__duck_amount,False
lag_02__T2__duck_amount,-0.0002937414974439889,0.0002937414974439889,T2__duck_amount,False
lag_14__T_place_HOUSE,0.0002934072690550238,0.0002934072690550238,T_place_HOUSE,False
lag_14__CT1__duck_amount,-0.00029301131144165993,0.00029301131144165993,CT1__duck_amount,False
lag_01__T_walking_count,-0.00028930496773682535,0.00028930496773682535,T_walking_count,False
lag_07__CT_B_site_active_infernos,-0.0002892281045205891,0.0002892281045205891,CT_B_site_active_infernos,True
lag_02__CT_kills_last_3s,0.0002891973708756268,0.0002891973708756268,CT_kills_last_3s,False
lag_00__spread_diff,0.00028870327514596283,0.00028870327514596283,spread_diff,False
lag_07__CT5__duck_amount,0.00028792847297154367,0.00028792847297154367,CT5__duck_amount,False
lag_03__T1__flash_duration,0.0002872808836400509,0.0002872808836400509,T1__flash_duration,True
lag_13__CT1__flash_duration,-0.0002866826835088432,0.0002866826835088432,CT1__flash_duration,True
lag_02__CT_place_APARTMENTS,0.00028666650177910924,0.00028666650177910924,CT_place_APARTMENTS,False
lag_09__T_place_CONNECTOR,0.0002864546258933842,0.0002864546258933842,T_place_CONNECTOR,False
lag_04__T_active_infernos,-0.00028612802270799875,0.00028612802270799875,T_active_infernos,True
lag_00__T_place_LADDER,0.00028604408726096153,0.00028604408726096153,T_place_LADDER,False
lag_00__CT2__is_walking,-0.00028589513385668397,0.00028589513385668397,CT2__is_walking,False
lag_05__T2__is_walking,-0.000285333109786734,0.000285333109786734,T2__is_walking,False
lag_00__CT1__duck_amount,0.0002851462922990322,0.0002851462922990322,CT1__duck_amount,False
lag_00__T5__alive,-0.0002838948857970536,0.0002838948857970536,T5__alive,False
lag_03__CT_kills_last_3s,0.00028308926266618073,0.00028308926266618073,CT_kills_last_3s,False
lag_03__T5__flash_duration,-0.00028060199110768735,0.00028060199110768735,T5__flash_duration,True
lag_07__CT3__is_scoped,0.0002799615904223174,0.0002799615904223174,CT3__is_scoped,False
lag_00__T5__hp,-0.0002789455174934119,0.0002789455174934119,T5__hp,False
lag_06__T_place_LADDER,0.00027814501663669944,0.00027814501663669944,T_place_LADDER,False
lag_11__CT_place_SHOP,-0.00027804949786514044,0.00027804949786514044,CT_place_SHOP,False
lag_01__hp_diff,0.0002759343187790364,0.0002759343187790364,hp_diff,False
lag_07__T_place_MIDDLE,0.0002753980807028711,0.0002753980807028711,T_place_MIDDLE,False
lag_10__T2__is_walking,-0.00027527956990525126,0.00027527956990525126,T2__is_walking,False
lag_01__CT_place_APARTMENTS,0.00027516865520738065,0.00027516865520738065,CT_place_APARTMENTS,False
lag_09__CT5__duck_amount,0.00027500023134052753,0.00027500023134052753,CT5__duck_amount,False
lag_06__T_B_site_active_infernos,-0.0002748686238192022,0.0002748686238192022,T_B_site_active_infernos,True
lag_01__T3__molly,-0.00027454079827293754,0.00027454079827293754,T3__molly,True
lag_10__T_place_SNIPERSNEST,0.00027353354380466044,0.00027353354380466044,T_place_SNIPERSNEST,False
lag_04__T2__is_walking,-0.00027310437872074544,0.00027310437872074544,T2__is_walking,False
lag_11__CT_place_SNIPERSNEST,-0.0002720267802942544,0.0002720267802942544,CT_place_SNIPERSNEST,False
lag_05__CT1__duck_amount,-0.0002718391770031303,0.0002718391770031303,CT1__duck_amount,False
lag_02__T2__has_bomb,0.0002700738550629467,0.0002700738550629467,T2__has_bomb,False
lag_15__T_place_LADDER,-0.00026951247127726674,0.00026951247127726674,T_place_LADDER,False
lag_02__kill_diff_last_3s,0.00026912387693300843,0.00026912387693300843,kill_diff_last_3s,False
lag_04__T_place_SIDEALLEY,-0.00026897210045717657,0.00026897210045717657,T_place_SIDEALLEY,False
lag_13__T1__shots_fired,-0.00026884445105679333,0.00026884445105679333,T1__shots_fired,False
lag_00__T5__armor,-0.00026845865068025887,0.00026845865068025887,T5__armor,False
lag_14__T_place_SIDEALLEY,-0.0002675495343282819,0.0002675495343282819,T_place_SIDEALLEY,False
lag_04__T_flashed_players,-0.0002673658018466085,0.0002673658018466085,T_flashed_players,False
lag_13__T_walking_count,0.0002650531241670251,0.0002650531241670251,T_walking_count,False
lag_06__CT_place_APARTMENTS,0.00026401138165965676,0.00026401138165965676,CT_place_APARTMENTS,False
lag_15__T4__alive,-0.00026338532916270196,0.00026338532916270196,T4__alive,False
lag_01__CT2__duck_amount,0.0002620072627905756,0.0002620072627905756,CT2__duck_amount,False
lag_06__T_duck_amount_mean,-0.0002612312382552773,0.0002612312382552773,T_duck_amount_mean,False
lag_00__CT_place_APARTMENTS,0.0002596853591967374,0.0002596853591967374,CT_place_APARTMENTS,False
lag_06__kill_diff_last_3s,-0.000257260340731591,0.000257260340731591,kill_diff_last_3s,False
lag_03__CT4__is_walking,0.0002569032076280564,0.0002569032076280564,CT4__is_walking,False
lag_07__CT_place_SHOP,0.0002555650135036558,0.0002555650135036558,CT_place_SHOP,False
lag_14__CT_shots_fired_sum,-0.0002554213278926909,0.0002554213278926909,CT_shots_fired_sum,False
lag_04__kill_diff_last_3s,0.00025420988094992936,0.00025420988094992936,kill_diff_last_3s,False
lag_04__CT_place_SNIPERSNEST,0.0002533502993173897,0.0002533502993173897,CT_place_SNIPERSNEST,False
lag_01__CT_money_sum,0.0002530312049202621,0.0002530312049202621,CT_money_sum,False
lag_15__T2__is_walking,0.0002526983735151589,0.0002526983735151589,T2__is_walking,False
lag_14__CT3__is_scoped,0.000252217665547505,0.000252217665547505,CT3__is_scoped,False
lag_05__T2__duck_amount,-0.0002521610585972667,0.0002521610585972667,T2__duck_amount,False
lag_00__T5__smoke,-0.0002518425462767482,0.0002518425462767482,T5__smoke,True
lag_03__CT_scoped_count,0.00025126489344984293,0.00025126489344984293,CT_scoped_count,False
lag_02__T3__hp,-0.00025116928736679256,0.00025116928736679256,T3__hp,False
lag_03__kill_diff_last_3s,0.0002511275524739176,0.0002511275524739176,kill_diff_last_3s,False
lag_13__T_place_MIDDLE,-0.0002505664015188813,0.0002505664015188813,T_place_MIDDLE,False
lag_09__CT3__is_scoped,0.0002503934665583074,0.0002503934665583074,CT3__is_scoped,False
lag_05__T3__is_walking,-0.0002503131399862468,0.0002503131399862468,T3__is_walking,False
lag_04__CT_duck_amount_mean,0.00024950929218903184,0.00024950929218903184,CT_duck_amount_mean,False
lag_08__T_place_TOPOFMID,-0.0002488955215085298,0.0002488955215085298,T_place_TOPOFMID,False
lag_09__CT_duck_amount_mean,-0.0002487993333488703,0.0002487993333488703,CT_duck_amount_mean,False
lag_00__T4__flash,-0.00024875791859813035,0.00024875791859813035,T4__flash,True
lag_06__CT_duck_amount_mean,-0.000248438969720155,0.000248438969720155,CT_duck_amount_mean,False
lag_04__CT3__is_scoped,-0.0002483682183083147,0.0002483682183083147,CT3__is_scoped,False
lag_04__T_duck_amount_mean,0.0002480479306541383,0.0002480479306541383,T_duck_amount_mean,False
lag_10__CT3__utility_total,-0.0002480007242411375,0.0002480007242411375,CT3__utility_total,True
lag_11__CT_walking_count,-0.0002470292674843222,0.0002470292674843222,CT_walking_count,False
lag_09__CT1__flash_duration,0.00024675967870280147,0.00024675967870280147,CT1__flash_duration,True
lag_14__CT4__is_walking,0.0002467094745952636,0.0002467094745952636,CT4__is_walking,False
lag_15__T_place_SNIPERSNEST,0.00024636430316604674,0.00024636430316604674,T_place_SNIPERSNEST,False
lag_08__CT_duck_amount_mean,0.0002448990708217025,0.0002448990708217025,CT_duck_amount_mean,False
lag_00__T_place_SIDEALLEY,-0.00024449016200378537,0.00024449016200378537,T_place_SIDEALLEY,False
lag_12__CT_place_APARTMENTS,0.00024422802380286157,0.00024422802380286157,CT_place_APARTMENTS,False
lag_04__T3__is_walking,-0.00024405437579844147,0.00024405437579844147,T3__is_walking,False
lag_01__CT_start_balance_sum,0.00024341001699212939,0.00024341001699212939,CT_start_balance_sum,False
lag_01__T_place_MIDDLE,-0.00024314365873578936,0.00024314365873578936,T_place_MIDDLE,False
lag_00__T5__has_helmet,-0.0002430999738862738,0.0002430999738862738,T5__has_helmet,False
lag_12__CT_money_sum,0.00024283007951453328,0.00024283007951453328,CT_money_sum,False
lag_14__CT_place_APARTMENTS,0.00024253084848169237,0.00024253084848169237,CT_place_APARTMENTS,False
lag_02__CT_damage_last_5s,0.00024177304294425994,0.00024177304294425994,CT_damage_last_5s,False
lag_11__T_place_LADDER,-0.00024168501840904355,0.00024168501840904355,T_place_LADDER,False
lag_08__CT4__duck_amount,-0.00024165658396668732,0.00024165658396668732,CT4__duck_amount,False
lag_06__CT1__is_walking,-0.0002412386384094134,0.0002412386384094134,CT1__is_walking,False
lag_10__T_place_STAIRS,0.00023940633400343359,0.00023940633400343359,T_place_STAIRS,False
lag_03__T_he_last_5s,-0.00023883282847236842,0.00023883282847236842,T_he_last_5s,True
lag_03__T_walking_count,0.00023853470338508487,0.00023853470338508487,T_walking_count,False
lag_12__CT_start_balance_sum,0.0002381620288360864,0.0002381620288360864,CT_start_balance_sum,False
lag_09__T_place_STAIRS,0.0002377133205300197,0.0002377133205300197,T_place_STAIRS,False
lag_01__alive_diff,0.00023580921697430313,0.00023580921697430313,alive_diff,False
lag_03__T1__duck_amount,0.00023267517099156976,0.00023267517099156976,T1__duck_amount,False
lag_06__T_kills_last_3s,0.00023182868608273566,0.00023182868608273566,T_kills_last_3s,False
lag_09__CT_place_UNDERPASS,0.00023168587358668447,0.00023168587358668447,CT_place_UNDERPASS,False
lag_09__CT4__flash,0.00023142604914028198,0.00023142604914028198,CT4__flash,True
lag_02__damage_diff_last_5s,0.00023066654102876782,0.00023066654102876782,damage_diff_last_5s,False
lag_02__T4__alive,-0.0002306559035787359,0.0002306559035787359,T4__alive,False
lag_10__CT3__duck_amount,0.00023063304251991212,0.00023063304251991212,CT3__duck_amount,False
lag_00__T_place_CATWALK,0.00023054887424223125,0.00023054887424223125,T_place_CATWALK,False
lag_15__T4__flash,-0.00023051726748235524,0.00023051726748235524,T4__flash,True
lag_00__CT_place_CATWALK,0.0002304784138686955,0.0002304784138686955,CT_place_CATWALK,False
lag_15__T4__armor,-0.0002296952297911048,0.0002296952297911048,T4__armor,False
lag_04__T2__duck_amount,0.00022951321443542838,0.00022951321443542838,T2__duck_amount,False
lag_09__T_B_site_active_infernos,-0.00022893694404046983,0.00022893694404046983,T_B_site_active_infernos,True
lag_14__CT_money_sum,0.00022874862770549953,0.00022874862770549953,CT_money_sum,False
lag_06__CT1__alive,-0.00022850793902762234,0.00022850793902762234,CT1__alive,False
lag_00__CT5__duck_amount,0.00022833578987047076,0.00022833578987047076,CT5__duck_amount,False
lag_01__CT_place_SHOP,0.0002278261090395972,0.0002278261090395972,CT_place_SHOP,False
lag_02__T_place_LADDER,-0.0002262369089294225,0.0002262369089294225,T_place_LADDER,False
lag_01__T1__duck_amount,-0.00022612775501329452,0.00022612775501329452,T1__duck_amount,False
lag_14__CT_start_balance_sum,0.00022590000298805535,0.00022590000298805535,CT_start_balance_sum,False
lag_00__T4__alive,-0.0002249794633826241,0.0002249794633826241,T4__alive,False
lag_00__T_spread_xy,-0.0002248534292448312,0.0002248534292448312,T_spread_xy,False
lag_01__flash_inv_diff,0.00022387142234947532,0.00022387142234947532,flash_inv_diff,True
lag_03__CT1__is_walking,-0.00022382762108463794,0.00022382762108463794,CT1__is_walking,False
lag_12__CT2__is_walking,0.00022284092847257853,0.00022284092847257853,CT2__is_walking,False
lag_13__T1__is_walking,0.00022268170141614974,0.00022268170141614974,T1__is_walking,False
lag_15__T_he_last_5s,0.00022259617981035262,0.00022259617981035262,T_he_last_5s,True
lag_08__T_walking_count,0.00022185286798048764,0.00022185286798048764,T_walking_count,False
lag_13__T5__flash_duration,0.00022183380497153848,0.00022183380497153848,T5__flash_duration,True
lag_08__CT_money_sum,0.00022125676332507282,0.00022125676332507282,CT_money_sum,False
lag_06__T_flashed_players,-0.0002206101780757308,0.0002206101780757308,T_flashed_players,False
lag_06__CT1__hp,-0.0002202358446083963,0.0002202358446083963,CT1__hp,False
lag_11__CT3__duck_amount,0.00022005334903951734,0.00022005334903951734,CT3__duck_amount,False
lag_03__CT_walking_count,-0.00021998242300469428,0.00021998242300469428,CT_walking_count,False
lag_06__T_place_CATWALK,0.00021897643455304205,0.00021897643455304205,T_place_CATWALK,False
lag_01__T_velocity_mean,-0.00021858698164578527,0.00021858698164578527,T_velocity_mean,False
lag_01__money_diff,0.00021842430578544736,0.00021842430578544736,money_diff,False
lag_02__hp_diff,0.00021825343719683588,0.00021825343719683588,hp_diff,False
lag_05__T2__has_bomb,0.0002182172320317477,0.0002182172320317477,T2__has_bomb,False
lag_15__T4__hp,-0.00021799092064611614,0.00021799092064611614,T4__hp,False
lag_02__T3__alive,-0.00021792869665659964,0.00021792869665659964,T3__alive,False
lag_05__T_velocity_mean,-0.00021773741173092276,0.00021773741173092276,T_velocity_mean,False
lag_01__utility_inv_diff,0.00021751242456957698,0.00021751242456957698,utility_inv_diff,True
lag_08__CT_start_balance_sum,0.00021721574012190104,0.00021721574012190104,CT_start_balance_sum,False
lag_00__T_damage_last_5s,-0.00021709939755965024,0.00021709939755965024,T_damage_last_5s,False
lag_05__CT_place_SNIPERSNEST,0.0002168854116462171,0.0002168854116462171,CT_place_SNIPERSNEST,False
lag_11__T_he_last_5s,0.00021618069149553776,0.00021618069149553776,T_he_last_5s,True
lag_03__CT2__is_walking,-0.00021514577383641154,0.00021514577383641154,CT2__is_walking,False
lag_02__CT4__is_walking,-0.00021466490579769015,0.00021466490579769015,CT4__is_walking,False
lag_10__kill_diff_last_3s,0.00021381200349424034,0.00021381200349424034,kill_diff_last_3s,False
lag_10__CT_kills_last_3s,0.0002137195406248793,0.0002137195406248793,CT_kills_last_3s,False
lag_00__T4__utility_total,-0.00021353438205551356,0.00021353438205551356,T4__utility_total,True
lag_11__T1__is_walking,-0.00021288765128701925,0.00021288765128701925,T1__is_walking,False
lag_01__T_macro_MID,-0.00021265301620587707,0.00021265301620587707,T_macro_MID,False
lag_15__CT_walking_count,0.00021176743030082434,0.00021176743030082434,CT_walking_count,False
lag_09__CT_walking_count,0.0002110893838107586,0.0002110893838107586,CT_walking_count,False
lag_06__T_active_infernos,-0.00021090498194098473,0.00021090498194098473,T_active_infernos,True
lag_10__CT_active_infernos,0.00021060870494693518,0.00021060870494693518,CT_active_infernos,True
lag_09__CT3__flash,-0.0002105762396240607,0.0002105762396240607,CT3__flash,True
lag_15__T4__has_helmet,-0.00021046491747256368,0.00021046491747256368,T4__has_helmet,False
lag_04__CT_place_UNDERPASS,0.00020924290583934635,0.00020924290583934635,CT_place_UNDERPASS,False
lag_05__T_walking_count,-0.00020902753749396652,0.00020902753749396652,T_walking_count,False
lag_15__T4__utility_total,-0.00020901257812511176,0.00020901257812511176,T4__utility_total,True
lag_06__T2__has_bomb,0.00020885524281766266,0.00020885524281766266,T2__has_bomb,False
lag_02__alive_diff,0.0002086748427245766,0.0002086748427245766,alive_diff,False
lag_01__T_place_HOUSE,0.00020808477711398154,0.00020808477711398154,T_place_HOUSE,False
lag_00__T4__armor,-0.0002076942619169131,0.0002076942619169131,T4__armor,False
lag_14__CT1__shots_fired,-0.0002073404029943049,0.0002073404029943049,CT1__shots_fired,False
lag_02__T3__is_walking,0.0002072529459837824,0.0002072529459837824,T3__is_walking,False
lag_12__money_diff,0.00020718961604870856,0.00020718961604870856,money_diff,False
lag_06__T_place_HOUSE,-0.00020704655617009848,0.00020704655617009848,T_place_HOUSE,False
lag_14__T1__duck_amount,-0.00020671628590207547,0.00020671628590207547,T1__duck_amount,False
lag_09__T_shots_fired_sum,-0.00020581070566549897,0.00020581070566549897,T_shots_fired_sum,False
lag_14__T_place_TOPOFMID,0.00020540384866762906,0.00020540384866762906,T_place_TOPOFMID,False
lag_08__CT_place_SHOP,0.0002053079369943589,0.0002053079369943589,CT_place_SHOP,False
lag_07__T_place_SNIPERSNEST,-0.00020529335597530007,0.00020529335597530007,T_place_SNIPERSNEST,False
lag_14__T_duck_amount_mean,-0.0002048177266260609,0.0002048177266260609,T_duck_amount_mean,False
lag_09__CT_money_sum,0.00020471715833991766,0.00020471715833991766,CT_money_sum,False
lag_01__T_hp_sum,-0.00020466199202928692,0.00020466199202928692,T_hp_sum,False
lag_05__CT_burning_players,0.0002045511791948229,0.0002045511791948229,CT_burning_players,False
lag_10__CT5__duck_amount,0.00020411833247635514,0.00020411833247635514,CT5__duck_amount,False
lag_02__T_place_STAIRS,0.00020381432841531932,0.00020381432841531932,T_place_STAIRS,False
lag_06__CT_place_CATWALK,0.00020369311096146703,0.00020369311096146703,CT_place_CATWALK,False
lag_02__T3__armor,-0.0002034998469753191,0.0002034998469753191,T3__armor,False
lag_03__T3__duck_amount,0.00020348599355202168,0.00020348599355202168,T3__duck_amount,False
lag_02__T_walking_count,0.00020343036158010364,0.00020343036158010364,T_walking_count,False
lag_09__T_walking_count,0.00020318399765528738,0.00020318399765528738,T_walking_count,False
lag_08__T_place_STAIRS,0.0002029316092375666,0.0002029316092375666,T_place_STAIRS,False
lag_15__CT1__shots_fired,0.00020205632608849555,0.00020205632608849555,CT1__shots_fired,False
lag_06__CT1__armor,-0.00020153127843514085,0.00020153127843514085,CT1__armor,False
lag_11__CT_place_APARTMENTS,0.00020144942391198128,0.00020144942391198128,CT_place_APARTMENTS,False
lag_06__CT2__is_walking,-0.00020127980678807944,0.00020127980678807944,CT2__is_walking,False
lag_09__CT_start_balance_sum,0.00020124050206504762,0.00020124050206504762,CT_start_balance_sum,False
lag_00__T4__hp,-0.0002010203170357272,0.0002010203170357272,T4__hp,False
lag_04__T_flash_duration_sum,-0.00020088604651391506,0.00020088604651391506,T_flash_duration_sum,True
lag_07__bomb_events_last_5s,-0.00020070573373232037,0.00020070573373232037,bomb_events_last_5s,False
lag_11__CT1__is_walking,-0.00020046143617946655,0.00020046143617946655,CT1__is_walking,False
lag_12__CT3__is_scoped,0.00020032904285471886,0.00020032904285471886,CT3__is_scoped,False
lag_14__T2__has_bomb,0.00020032069005537778,0.00020032069005537778,T2__has_bomb,False
lag_02__T4__armor,-0.00020028933067806065,0.00020028933067806065,T4__armor,False
lag_00__closest_enemy_dist_diff,0.00020016450434923172,0.00020016450434923172,closest_enemy_dist_diff,False
lag_04__T_walking_count,-0.00019994199101347476,0.00019994199101347476,T_walking_count,False
lag_10__T_place_CONNECTOR,0.00019977481861133128,0.00019977481861133128,T_place_CONNECTOR,False
lag_00__T4__molly,-0.00019954527670051903,0.00019954527670051903,T4__molly,True
lag_03__T_place_HOUSE,-0.00019911059644073248,0.00019911059644073248,T_place_HOUSE,False
lag_12__T_duck_amount_mean,0.00019853653793688864,0.00019853653793688864,T_duck_amount_mean,False
lag_12__CT4__is_walking,-0.00019848540250677615,0.00019848540250677615,CT4__is_walking,False
lag_03__T2__has_bomb,0.0001979619701160118,0.0001979619701160118,T2__has_bomb,False
lag_12__T1__is_walking,0.00019774319662246853,0.00019774319662246853,T1__is_walking,False
lag_06__T_place_TOPOFMID,-0.00019770895596593618,0.00019770895596593618,T_place_TOPOFMID,False
lag_03__T_macro_MID,-0.0001972480386029929,0.0001972480386029929,T_macro_MID,False
lag_11__T2__duck_amount,-0.00019699674157891423,0.00019699674157891423,T2__duck_amount,False
lag_00__T2__duck_amount,0.00019683265418279916,0.00019683265418279916,T2__duck_amount,False
lag_14__money_diff,0.00019681139383465052,0.00019681139383465052,money_diff,False
lag_02__T4__hp,-0.00019678221724461764,0.00019678221724461764,T4__hp,False
lag_02__T3__flash,-0.00019637167861219496,0.00019637167861219496,T3__flash,True
lag_00__CT5__flash,-0.00019593829347286373,0.00019593829347286373,CT5__flash,True
lag_08__CT_place_SNIPERSNEST,-0.00019571726443246007,0.00019571726443246007,CT_place_SNIPERSNEST,False
lag_00__T5__utility_total,-0.0001952699531102553,0.0001952699531102553,T5__utility_total,True
lag_09__CT3__duck_amount,0.00019485825032461435,0.00019485825032461435,CT3__duck_amount,False
lag_12__CT_place_SHOP,-0.00019480197806842625,0.00019480197806842625,CT_place_SHOP,False
lag_04__T_place_STAIRS,0.00019436227739788592,0.00019436227739788592,T_place_STAIRS,False
lag_04__CT_kills_last_3s,0.00019417403382249177,0.00019417403382249177,CT_kills_last_3s,False
lag_02__T4__flash,-0.00019412155961617827,0.00019412155961617827,T4__flash,True
lag_00__CT_scoped_count,0.0001938411733135581,0.0001938411733135581,CT_scoped_count,False
lag_13__CT_place_UNDERPASS,0.00019383418839424849,0.00019383418839424849,CT_place_UNDERPASS,False
lag_00__CT3__duck_amount,0.00019355858967173845,0.00019355858967173845,CT3__duck_amount,False
lag_15__CT_place_SNIPERSNEST,0.00019342197629157454,0.00019342197629157454,CT_place_SNIPERSNEST,False
lag_02__T3__utility_total,-0.00019273007637821138,0.00019273007637821138,T3__utility_total,True
lag_01__T_alive,-0.00019258051179349422,0.00019258051179349422,T_alive,False
lag_01__T_unique_places,-0.00019237006199546158,0.00019237006199546158,T_unique_places,False
lag_15__CT2__is_walking,0.00019202151452191174,0.00019202151452191174,CT2__is_walking,False
lag_13__T_place_CONNECTOR,0.0001918315392686054,0.0001918315392686054,T_place_CONNECTOR,False
lag_15__CT1__is_walking,-0.00019159445946570486,0.00019159445946570486,CT1__is_walking,False
lag_03__T_B_site_active_infernos,-0.0001915349275805056,0.0001915349275805056,T_B_site_active_infernos,True
lag_12__CT1__duck_amount,0.00019152663298882544,0.00019152663298882544,CT1__duck_amount,False
lag_00__T4__has_helmet,-0.00019112383597530425,0.00019112383597530425,T4__has_helmet,False
lag_07__damage_diff_last_5s,0.00019089612760581076,0.00019089612760581076,damage_diff_last_5s,False
lag_08__money_diff,0.00019065133528783917,0.00019065133528783917,money_diff,False
lag_03__T_place_CATWALK,0.0001905300305224955,0.0001905300305224955,T_place_CATWALK,False
lag_15__T2__duck_amount,-0.0001900291972560808,0.0001900291972560808,T2__duck_amount,False
lag_06__CT_damage_last_5s,0.0001898588234325871,0.0001898588234325871,CT_damage_last_5s,False
lag_00__T_smoke_inv,-0.0001897671027109027,0.0001897671027109027,T_smoke_inv,True
lag_09__T1__flash_duration,-0.0001889569393824786,0.0001889569393824786,T1__flash_duration,True
lag_10__CT_place_CATWALK,-0.00018886831821873784,0.00018886831821873784,CT_place_CATWALK,False
lag_03__damage_diff_last_5s,0.00018829312466550618,0.00018829312466550618,damage_diff_last_5s,False
lag_15__T4__molly,-0.00018750005983747542,0.00018750005983747542,T4__molly,True
lag_15__CT_place_CTSPAWN,-0.00018680698121897876,0.00018680698121897876,CT_place_CTSPAWN,False
lag_02__flash_inv_diff,0.00018670325516723096,0.00018670325516723096,flash_inv_diff,True
lag_08__T_place_CONNECTOR,0.00018631455895956606,0.00018631455895956606,T_place_CONNECTOR,False
lag_08__T_macro_MID,0.00018572108820080757,0.00018572108820080757,T_macro_MID,False
lag_15__CT_duck_amount_mean,0.00018475469551049173,0.00018475469551049173,CT_duck_amount_mean,False
lag_12__T2__is_walking,0.00018451223149895668,0.00018451223149895668,T2__is_walking,False
lag_03__T_place_SIDEALLEY,-0.00018444497254677117,0.00018444497254677117,T_place_SIDEALLEY,False
lag_05__CT_place_UNDERPASS,-0.0001840107433963567,0.0001840107433963567,CT_place_UNDERPASS,False
lag_04__T5__duck_amount,-0.00018365841242484748,0.00018365841242484748,T5__duck_amount,False
lag_02__T_alive,-0.000183465686859563,0.000183465686859563,T_alive,False
lag_00__T_flashed_players,-0.0001829203247325495,0.0001829203247325495,T_flashed_players,False
lag_00__T5__shots_fired,0.00018284027464687824,0.00018284027464687824,T5__shots_fired,False
lag_02__T4__has_helmet,-0.00018261544755659997,0.00018261544755659997,T4__has_helmet,False
lag_15__T_place_TOPOFMID,0.0001821374025894329,0.0001821374025894329,T_place_TOPOFMID,False
lag_15__CT5__duck_amount,0.00018194591393694282,0.00018194591393694282,CT5__duck_amount,False
lag_01__T1__is_walking,-0.0001815744035411626,0.0001815744035411626,T1__is_walking,False
lag_04__CT_utility_damage_last_5s,-0.0001808178931241855,0.0001808178931241855,CT_utility_damage_last_5s,True
lag_06__CT5__flash,-0.00018069094221573323,0.00018069094221573323,CT5__flash,True
lag_06__T5__flash_duration,-0.00018044232274405658,0.00018044232274405658,T5__flash_duration,True
lag_13__CT_duck_amount_mean,0.00018033181549981236,0.00018033181549981236,CT_duck_amount_mean,False
lag_01__CT4__is_walking,-0.00018025157623924315,0.00018025157623924315,CT4__is_walking,False
lag_02__CT_A_site_active_infernos,-0.00018003478180617094,0.00018003478180617094,CT_A_site_active_infernos,True
lag_15__T1__flash_duration,0.00017944833962246776,0.00017944833962246776,T1__flash_duration,True
lag_00__T_place_TOPOFMID,-0.00017938519886229187,0.00017938519886229187,T_place_TOPOFMID,False
lag_04__T1__shots_fired,0.00017920800019055605,0.00017920800019055605,T1__shots_fired,False
lag_05__CT_utility_damage_last_5s,-0.00017912931798491627,0.00017912931798491627,CT_utility_damage_last_5s,True
lag_15__T3__is_walking,0.00017907282744999975,0.00017907282744999975,T3__is_walking,False
lag_01__CT3__X,-0.0001786980137694627,0.0001786980137694627,CT3__X,False
lag_00__T_place_TSPAWN,-0.0001785531494533643,0.0001785531494533643,T_place_TSPAWN,False
lag_15__CT_burning_players,0.00017825882241595536,0.00017825882241595536,CT_burning_players,False
lag_00__T_place_STAIRS,-0.00017782606300897896,0.00017782606300897896,T_place_STAIRS,False
lag_01__T5__is_walking,-0.0001778117148205638,0.0001778117148205638,T5__is_walking,False
lag_02__T4__utility_total,-0.00017780842608772218,0.00017780842608772218,T4__utility_total,True
lag_09__T_active_infernos,-0.00017776085587684065,0.00017776085587684065,T_active_infernos,True
lag_13__T_he_last_5s,0.0001776276039890945,0.0001776276039890945,T_he_last_5s,True
lag_03__T5__alive,-0.00017758201283868402,0.00017758201283868402,T5__alive,False
lag_14__T1__flash_duration,0.0001774934644345194,0.0001774934644345194,T1__flash_duration,True
lag_03__alive_diff,0.00017746574303600937,0.00017746574303600937,alive_diff,False
lag_01__T1__shots_fired,0.0001770393137121573,0.0001770393137121573,T1__shots_fired,False
lag_04__T_place_CONNECTOR,0.00017687772924546152,0.00017687772924546152,T_place_CONNECTOR,False
lag_03__CT_money_sum,0.00017680304881650954,0.00017680304881650954,CT_money_sum,False
lag_02__T3__has_helmet,-0.00017661103629507124,0.00017661103629507124,T3__has_helmet,False
lag_07__CT_money_sum,0.0001764380867825821,0.0001764380867825821,CT_money_sum,False
lag_13__T_kills_last_3s,0.00017596673569642007,0.00017596673569642007,T_kills_last_3s,False
lag_13__CT4__flash,0.00017572546494193375,0.00017572546494193375,CT4__flash,True
lag_11__T_active_smokes,0.00017560618289280683,0.00017560618289280683,T_active_smokes,True
lag_07__CT_active_infernos,-0.0001755854900693521,0.0001755854900693521,CT_active_infernos,True
lag_07__CT_start_balance_sum,0.00017536438826937228,0.00017536438826937228,CT_start_balance_sum,False
lag_09__money_diff,0.0001743333414196968,0.0001743333414196968,money_diff,False
lag_09__T1__shots_fired,-0.0001743020984577015,0.0001743020984577015,T1__shots_fired,False
lag_00__T1__is_walking,-0.0001738120918162167,0.0001738120918162167,T1__is_walking,False
lag_02__utility_inv_diff,0.0001734614052111283,0.0001734614052111283,utility_inv_diff,True
lag_11__CT_money_sum,0.0001733830285957083,0.0001733830285957083,CT_money_sum,False
lag_02__T1__flash_duration,0.00017307177768088877,0.00017307177768088877,T1__flash_duration,True
lag_08__T_utility_damage_last_5s,-0.00017292972188442945,0.00017292972188442945,T_utility_damage_last_5s,True
lag_00__CT1__flash_duration,-0.00017222322640009224,0.00017222322640009224,CT1__flash_duration,True
lag_10__CT4__flash,0.000172198168002069,0.000172198168002069,CT4__flash,True
lag_08__CT4__molly,-0.00017173681408166885,0.00017173681408166885,CT4__molly,True
lag_11__CT_start_balance_sum,0.00017166287580039352,0.00017166287580039352,CT_start_balance_sum,False
lag_12__T_burning_players,0.00017152621876448393,0.00017152621876448393,T_burning_players,False
lag_08__T_velocity_mean,0.0001708327909000218,0.0001708327909000218,T_velocity_mean,False
lag_12__CT3__duck_amount,0.00017082286649383605,0.00017082286649383605,CT3__duck_amount,False
lag_03__hp_diff,0.00017067276348825544,0.00017067276348825544,hp_diff,False
lag_01__T_shots_fired_sum,0.0001702110021142289,0.0001702110021142289,T_shots_fired_sum,False
lag_05__CT5__duck_amount,-0.00017019435472320765,0.00017019435472320765,CT5__duck_amount,False
lag_09__CT_place_APARTMENTS,0.00017002559616230428,0.00017002559616230428,CT_place_APARTMENTS,False
lag_11__CT_velocity_mean,-0.00016996986232697964,0.00016996986232697964,CT_velocity_mean,False
lag_04__CT_burning_players,0.0001699334679869935,0.0001699334679869935,CT_burning_players,False
lag_07__active_infernos_total,-0.00016983001842163503,0.00016983001842163503,active_infernos_total,True
lag_00__T2__utility_total,-0.00016973553283605725,0.00016973553283605725,T2__utility_total,True
lag_03__CT_start_balance_sum,0.00016957697516772896,0.00016957697516772896,CT_start_balance_sum,False
lag_01__T2__has_bomb,0.0001691501820459962,0.0001691501820459962,T2__has_bomb,False
lag_03__T4__hp,-0.00016885473451111466,0.00016885473451111466,T4__hp,False
lag_03__T3__hp,-0.00016872998094186187,0.00016872998094186187,T3__hp,False
lag_03__CT_damage_last_5s,0.00016845531354192644,0.00016845531354192644,CT_damage_last_5s,False
lag_12__T_unique_places,-0.00016809688531793654,0.00016809688531793654,T_unique_places,False
lag_03__T5__hp,-0.00016757867706473917,0.00016757867706473917,T5__hp,False
lag_08__T1__flash_duration,-0.00016675636288709939,0.00016675636288709939,T1__flash_duration,True
lag_12__T_flashed_players,-0.0001664941810304299,0.0001664941810304299,T_flashed_players,False
lag_04__T2__flash,-0.00016629793390166014,0.00016629793390166014,T2__flash,True
lag_04__CT1__is_walking,0.00016612808394711465,0.00016612808394711465,CT1__is_walking,False
lag_15__T_place_CATWALK,0.00016600624076090753,0.00016600624076090753,T_place_CATWALK,False
lag_02__T_hp_sum,-0.00016585517732892185,0.00016585517732892185,T_hp_sum,False
lag_13__T_place_SIDEALLEY,-0.0001656718523008749,0.0001656718523008749,T_place_SIDEALLEY,False
lag_02__CT_money_sum,0.00016525558021385223,0.00016525558021385223,CT_money_sum,False
lag_14__T2__duck_amount,-0.00016524379316251725,0.00016524379316251725,T2__duck_amount,False
lag_05__CT5__is_walking,-0.0001651917991694063,0.0001651917991694063,CT5__is_walking,False
lag_08__damage_diff_last_5s,0.00016470116679556668,0.00016470116679556668,damage_diff_last_5s,False
lag_15__CT_A_site_active_infernos,0.00016453138960059732,0.00016453138960059732,CT_A_site_active_infernos,True
lag_08__CT3__duck_amount,0.00016445993969682604,0.00016445993969682604,CT3__duck_amount,False
lag_02__spread_diff,0.00016439755563624203,0.00016439755563624203,spread_diff,False
lag_00__T1__molly,-0.00016438498278148472,0.00016438498278148472,T1__molly,True
lag_03__T3__alive,-0.0001640844129724428,0.0001640844129724428,T3__alive,False
lag_12__kill_diff_last_3s,0.00016377602878492326,0.00016377602878492326,kill_diff_last_3s,False
lag_14__T5__molly,-0.0001634609216125682,0.0001634609216125682,T5__molly,True
lag_05__CT1__is_walking,0.00016345457697752863,0.00016345457697752863,CT1__is_walking,False
lag_04__T4__alive,-0.0001628956088097766,0.0001628956088097766,T4__alive,False
lag_01__equip_diff,0.00016278179828077555,0.00016278179828077555,equip_diff,False
lag_12__T2__flash_duration,-0.00016266909369733185,0.00016266909369733185,T2__flash_duration,True
lag_06__T_flash_duration_sum,-0.00016258876712527126,0.00016258876712527126,T_flash_duration_sum,True
lag_04__T_bomb_carrier_alive,0.0001620885741431266,0.0001620885741431266,T_bomb_carrier_alive,False
lag_00__smoke_inv_diff,0.00016206437430810183,0.00016206437430810183,smoke_inv_diff,True
lag_00__T4__has_bomb,-0.0001613750500837341,0.0001613750500837341,T4__has_bomb,False
lag_11__smoke_inv_diff,0.00016110837168525904,0.00016110837168525904,smoke_inv_diff,True
lag_01__spread_diff,0.00016090113786049187,0.00016090113786049187,spread_diff,False
lag_00__T2__molly,-0.0001605994621058926,0.0001605994621058926,T2__molly,True
lag_13__CT_scoped_count,0.00016046053497120738,0.00016046053497120738,CT_scoped_count,False
lag_02__CT_shots_fired_sum,0.00016041035996749997,0.00016041035996749997,CT_shots_fired_sum,False
lag_06__CT_burning_players,0.0001602200063643977,0.0001602200063643977,CT_burning_players,False
lag_03__T4__alive,-0.00016021227929741144,0.00016021227929741144,T4__alive,False
lag_09__T_kills_last_3s,-0.00015966327919159085,0.00015966327919159085,T_kills_last_3s,False
lag_08__T3__alive,-0.00015943335893098265,0.00015943335893098265,T3__alive,False
lag_11__T_duck_amount_mean,-0.00015937493299134076,0.00015937493299134076,T_duck_amount_mean,False
lag_02__T4__molly,-0.00015831344353500754,0.00015831344353500754,T4__molly,True
lag_08__T_macro_OTHER,-0.00015819392865523696,0.00015819392865523696,T_macro_OTHER,False
lag_06__T3__is_walking,-0.00015789053577464074,0.00015789053577464074,T3__is_walking,False
lag_02__CT_scoped_count,0.00015750421152915806,0.00015750421152915806,CT_scoped_count,False
lag_06__CT1__has_helmet,-0.00015749852173030376,0.00015749852173030376,CT1__has_helmet,False
lag_09__T_velocity_mean,0.00015731896564830095,0.00015731896564830095,T_velocity_mean,False
lag_08__CT1__flash_duration,0.00015723991964478046,0.00015723991964478046,CT1__flash_duration,True
lag_10__CT1__alive,-0.00015722446551080793,0.00015722446551080793,CT1__alive,False
lag_07__money_diff,0.00015713379252701998,0.00015713379252701998,money_diff,False
lag_12__T_place_SNIPERSNEST,-0.00015712593449279666,0.00015712593449279666,T_place_SNIPERSNEST,False
lag_02__CT_start_balance_sum,0.0001570187887409702,0.0001570187887409702,CT_start_balance_sum,False
lag_11__CT_shots_fired_sum,-0.00015693879686295986,0.00015693879686295986,CT_shots_fired_sum,False
lag_02__T_flash_inv,-0.0001567811268614605,0.0001567811268614605,T_flash_inv,True
lag_07__T_flash_duration_sum,-0.0001566887367516756,0.0001566887367516756,T_flash_duration_sum,True
lag_03__T5__armor,-0.00015659724886063486,0.00015659724886063486,T5__armor,False
lag_03__money_diff,0.00015653538866899908,0.00015653538866899908,money_diff,False
lag_11__T_flashed_players,0.00015640260244254023,0.00015640260244254023,T_flashed_players,False
lag_14__CT4__flash,0.00015636958414688706,0.00015636958414688706,CT4__flash,True
lag_04__T4__hp,-0.00015634078590665013,0.00015634078590665013,T4__hp,False
lag_07__CT_place_APARTMENTS,0.00015620536578353494,0.00015620536578353494,CT_place_APARTMENTS,False
lag_11__CT2__is_walking,0.00015611642447765917,0.00015611642447765917,CT2__is_walking,False
lag_04__T3__duck_amount,0.00015539521700702608,0.00015539521700702608,T3__duck_amount,False
lag_13__CT_money_sum,0.00015498578432016075,0.00015498578432016075,CT_money_sum,False
lag_01__T_armor_sum,-0.00015425133460666984,0.00015425133460666984,T_armor_sum,False
lag_01__armor_diff,0.00015399191761389375,0.00015399191761389375,armor_diff,False
lag_01__T_kills_last_3s,-0.00015393330249935389,0.00015393330249935389,T_kills_last_3s,False
lag_06__CT1__smoke,-0.00015390501357614994,0.00015390501357614994,CT1__smoke,True
lag_06__CT1__has_defuser,-0.00015389523468911648,0.00015389523468911648,CT1__has_defuser,False
lag_05__T_place_SNIPERSNEST,0.00015353824710473418,0.00015353824710473418,T_place_SNIPERSNEST,False
lag_10__CT2__duck_amount,0.00015340317622758448,0.00015340317622758448,CT2__duck_amount,False
lag_06__T_walking_count,0.00015329505549743772,0.00015329505549743772,T_walking_count,False
lag_15__CT_spread_xy,0.0001527371641714126,0.0001527371641714126,CT_spread_xy,False
lag_11__money_diff,0.00015267034177668393,0.00015267034177668393,money_diff,False
lag_00__CT_spread_xy,0.00015266223635990173,0.00015266223635990173,CT_spread_xy,False
lag_15__T_walking_count,0.000152638167492114,0.000152638167492114,T_walking_count,False
lag_12__smoke_inv_diff,0.00015259580686688423,0.00015259580686688423,smoke_inv_diff,True
lag_08__CT3__molly,0.00015242531662806869,0.00015242531662806869,CT3__molly,True
lag_00__CT5__utility_total,-0.00015228254778776318,0.00015228254778776318,CT5__utility_total,True
lag_13__CT_start_balance_sum,0.0001522384991403669,0.0001522384991403669,CT_start_balance_sum,False
lag_02__T3__molly,-0.00015199260087683797,0.00015199260087683797,T3__molly,True
lag_15__T2__has_bomb,0.0001517683849669993,0.0001517683849669993,T2__has_bomb,False
lag_02__T1__shots_fired,0.00015158088353928179,0.00015158088353928179,T1__shots_fired,False
lag_00__T5__molly,-0.00015140511095523834,0.00015140511095523834,T5__molly,True
lag_09__T3__duck_amount,0.00015138214803300798,0.00015138214803300798,T3__duck_amount,False
lag_04__T_place_TOPOFMID,0.00015122501645237207,0.00015122501645237207,T_place_TOPOFMID,False
lag_01__CT_place_SNIPERSNEST,0.0001511188893346116,0.0001511188893346116,CT_place_SNIPERSNEST,False
lag_02__money_diff,0.00015104067279025912,0.00015104067279025912,money_diff,False
lag_01__CT4__Y,-0.00015085791528690606,0.00015085791528690606,CT4__Y,False
lag_04__utility_damage_diff_last_5s,-0.00015005994646344334,0.00015005994646344334,utility_damage_diff_last_5s,True
lag_06__CT1__utility_total,-0.00015004984743427485,0.00015004984743427485,CT1__utility_total,True
lag_10__CT1__hp,-0.0001500193029642105,0.0001500193029642105,CT1__hp,False
lag_10__CT4__is_walking,-0.00014968578761909157,0.00014968578761909157,CT4__is_walking,False
lag_00__T5__flash_duration,-0.00014941621338948607,0.00014941621338948607,T5__flash_duration,True
lag_14__CT5__Y,-0.00014941446715965867,0.00014941446715965867,CT5__Y,False
lag_04__CT4__is_walking,-0.0001493471208959818,0.0001493471208959818,CT4__is_walking,False
lag_15__CT1__alive,-0.00014916836516931653,0.00014916836516931653,CT1__alive,False
lag_03__T_flashed_players,0.00014898173685651273,0.00014898173685651273,T_flashed_players,False
lag_06__T_damage_last_5s,-0.00014896586071699858,0.00014896586071699858,T_damage_last_5s,False
lag_00__T2__has_bomb,0.00014895593631081283,0.00014895593631081283,T2__has_bomb,False
lag_11__T1__molly,0.00014887872384861112,0.00014887872384861112,T1__molly,True
lag_05__CT5__flash,-0.00014884985284879804,0.00014884985284879804,CT5__flash,True
lag_03__T_active_infernos,-0.00014884570555295795,0.00014884570555295795,T_active_infernos,True
lag_02__T_he_last_5s,0.00014859707152936608,0.00014859707152936608,T_he_last_5s,True
lag_10__T_he_last_5s,0.0001485696411691606,0.0001485696411691606,T_he_last_5s,True
lag_05__T_duck_amount_mean,-0.00014848362479824573,0.00014848362479824573,T_duck_amount_mean,False
lag_00__CT_place_CTSPAWN,-0.00014847074635326862,0.00014847074635326862,CT_place_CTSPAWN,False
lag_02__T_armor_sum,-0.00014842028031125665,0.00014842028031125665,T_armor_sum,False
lag_04__T_flash_inv,-0.00014831236330792308,0.00014831236330792308,T_flash_inv,True
lag_11__CT3__flash,-0.0001481410872656852,0.0001481410872656852,CT3__flash,True
lag_09__T_place_MIDDLE,0.00014810329594183713,0.00014810329594183713,T_place_MIDDLE,False
lag_14__T_walking_count,0.00014802312944084406,0.00014802312944084406,T_walking_count,False
lag_10__CT_duck_amount_mean,0.00014798030315432698,0.00014798030315432698,CT_duck_amount_mean,False
lag_03__T3__armor,-0.00014788421685807407,0.00014788421685807407,T3__armor,False
lag_07__T4__duck_amount,-0.000147819344419986,0.000147819344419986,T4__duck_amount,False
lag_15__T_place_BACKALLEY,0.0001478153426432982,0.0001478153426432982,T_place_BACKALLEY,False
lag_02__CT_velocity_mean,0.0001475400204071775,0.0001475400204071775,CT_velocity_mean,False
lag_03__T_alive,-0.0001473134761909023,0.0001473134761909023,T_alive,False
lag_09__T_place_TOPOFMID,-0.00014681648463010788,0.00014681648463010788,T_place_TOPOFMID,False
lag_15__T_place_CONNECTOR,0.00014670031669083983,0.00014670031669083983,T_place_CONNECTOR,False
lag_00__T1__shots_fired,-0.0001460485946154222,0.0001460485946154222,T1__shots_fired,False
lag_01__T5__alive,-0.0001460044295527041,0.0001460044295527041,T5__alive,False
lag_01__CT4__flash,0.00014598922280129045,0.00014598922280129045,CT4__flash,True
lag_13__smoke_inv_diff,0.0001457866164855659,0.0001457866164855659,smoke_inv_diff,True
lag_05__utility_damage_diff_last_5s,-0.00014575144450645894,0.00014575144450645894,utility_damage_diff_last_5s,True
lag_08__CT_place_APARTMENTS,0.00014564028242602944,0.00014564028242602944,CT_place_APARTMENTS,False
lag_07__CT1__alive,-0.00014529690088238567,0.00014529690088238567,CT1__alive,False
lag_01__T5__shots_fired,0.00014522552373819053,0.00014522552373819053,T5__shots_fired,False
lag_15__CT_damage_last_5s,0.00014496211952064186,0.00014496211952064186,CT_damage_last_5s,False
lag_15__CT1__flash_duration,-0.00014485242718365043,0.00014485242718365043,CT1__flash_duration,True
lag_11__T_shots_fired_sum,0.00014483668201137334,0.00014483668201137334,T_shots_fired_sum,False
lag_13__T_place_LADDER,-0.00014448873116634786,0.00014448873116634786,T_place_LADDER,False
lag_12__CT_place_SNIPERSNEST,0.00014446764544118196,0.00014446764544118196,CT_place_SNIPERSNEST,False
lag_11__T2__smoke,-0.00014445306442212313,0.00014445306442212313,T2__smoke,True
lag_14__CT_place_UNDERPASS,0.00014441381790675223,0.00014441381790675223,CT_place_UNDERPASS,False
lag_02__CT_walking_count,-0.00014441157691180706,0.00014441157691180706,CT_walking_count,False
lag_14__CT_utility_damage_last_5s,0.0001441448403056711,0.0001441448403056711,CT_utility_damage_last_5s,True
lag_08__CT3__X,-0.00014410629228223115,0.00014410629228223115,CT3__X,False
lag_12__T4__alive,-0.00014406109403353184,0.00014406109403353184,T4__alive,False
lag_04__CT5__flash,-0.0001438632607460022,0.0001438632607460022,CT5__flash,True
lag_04__T4__armor,-0.00014373185695149004,0.00014373185695149004,T4__armor,False
lag_01__T_flash_inv,-0.0001436675083823502,0.0001436675083823502,T_flash_inv,True
lag_13__T_place_TOPOFMID,0.00014359928900375962,0.00014359928900375962,T_place_TOPOFMID,False
lag_07__T2__has_bomb,0.0001435858866898343,0.0001435858866898343,T2__has_bomb,False
lag_15__CT_velocity_mean,-0.00014312834537122399,0.00014312834537122399,CT_velocity_mean,False
lag_14__damage_diff_last_5s,0.0001430546399205923,0.0001430546399205923,damage_diff_last_5s,False
lag_13__T2__has_bomb,0.0001429499825462699,0.0001429499825462699,T2__has_bomb,False
lag_08__CT_place_CATWALK,0.00014254370762500912,0.00014254370762500912,CT_place_CATWALK,False
lag_15__CT1__hp,-0.00014239936717785895,0.00014239936717785895,CT1__hp,False
lag_02__CT_spread_xy,0.00014233736146707088,0.00014233736146707088,CT_spread_xy,False
lag_04__T_shots_fired_sum,0.00014197456766851246,0.00014197456766851246,T_shots_fired_sum,False
lag_01__molly_inv_diff,0.00014186554471962154,0.00014186554471962154,molly_inv_diff,True
lag_00__CT_burning_players,0.00014177727280184627,0.00014177727280184627,CT_burning_players,False
lag_00__T1__utility_total,-0.0001417614839738235,0.0001417614839738235,T1__utility_total,True
lag_13__T5__alive,-0.0001417199382558465,0.0001417199382558465,T5__alive,False
lag_13__CT_active_infernos,0.00014161189028527588,0.00014161189028527588,CT_active_infernos,True
lag_02__equip_diff,0.00014129062765277922,0.00014129062765277922,equip_diff,False
lag_08__T_B_site_active_infernos,-0.00014128924522083253,0.00014128924522083253,T_B_site_active_infernos,True
lag_11__T5__flash_duration,0.000140980671858415,0.000140980671858415,T5__flash_duration,True
lag_02__T_unique_places,-0.00014042148541193455,0.00014042148541193455,T_unique_places,False
lag_02__T_utility_inv,-0.0001398143358528614,0.0001398143358528614,T_utility_inv,True
lag_00__T3__smoke,-0.0001397387241013348,0.0001397387241013348,T3__smoke,True
lag_04__CT2__duck_amount,0.00013943853264208883,0.00013943853264208883,CT2__duck_amount,False
lag_04__T4__flash,-0.00013943326484877616,0.00013943326484877616,T4__flash,True
lag_01__smoke_inv_diff,0.0001393622806062922,0.0001393622806062922,smoke_inv_diff,True
lag_03__T5__has_helmet,-0.00013934395974501967,0.00013934395974501967,T5__has_helmet,False
lag_07__T2__duck_amount,0.0001393419224768877,0.0001393419224768877,T2__duck_amount,False
lag_11__T_place_CONNECTOR,0.00013929126725997776,0.00013929126725997776,T_place_CONNECTOR,False
lag_01__T4__hp,-0.0001391422119922936,0.0001391422119922936,T4__hp,False
lag_03__T4__armor,-0.00013900297926738858,0.00013900297926738858,T4__armor,False
lag_15__CT_macro_OTHER,-0.00013865898654330522,0.00013865898654330522,CT_macro_OTHER,False
lag_05__T_damage_last_5s,-0.0001384346396662295,0.0001384346396662295,T_damage_last_5s,False
lag_12__CT1__molly,-0.00013837387086823583,0.00013837387086823583,CT1__molly,True
lag_04__T2__utility_total,-0.00013836061407346278,0.00013836061407346278,T2__utility_total,True
lag_08__CT3__is_scoped,0.00013832208060193807,0.00013832208060193807,CT3__is_scoped,False
lag_13__money_diff,0.00013828261580783874,0.00013828261580783874,money_diff,False
lag_02__CT1__flash_duration,-0.0001382364280289039,0.0001382364280289039,CT1__flash_duration,True
lag_07__CT3__X,-0.00013810268137603998,0.00013810268137603998,CT3__X,False
lag_08__T3__hp,-0.00013790834054816514,0.00013790834054816514,T3__hp,False
lag_03__utility_inv_diff,0.00013788224896416068,0.00013788224896416068,utility_inv_diff,True
lag_10__T2__has_bomb,0.0001377001026412472,0.0001377001026412472,T2__has_bomb,False
lag_14__CT1__flash_duration,-0.00013754243263974786,0.00013754243263974786,CT1__flash_duration,True
lag_13__CT_flash_duration_sum,-0.00013735538232140243,0.00013735538232140243,CT_flash_duration_sum,True
lag_04__CT_spread_xy,0.00013716336979996413,0.00013716336979996413,CT_spread_xy,False
lag_06__CT3__is_walking,0.0001369309175061062,0.0001369309175061062,CT3__is_walking,False
lag_07__CT1__hp,-0.00013684462464880198,0.00013684462464880198,CT1__hp,False
lag_01__T4__alive,-0.00013661503908224404,0.00013661503908224404,T4__alive,False
lag_02__CT3__X,-0.0001365615607937798,0.0001365615607937798,CT3__X,False
lag_02__armor_diff,0.00013648044841829687,0.00013648044841829687,armor_diff,False
lag_05__CT3__molly,-0.00013645629223901778,0.00013645629223901778,CT3__molly,True
lag_00__CT3__molly,-0.0001363416959065944,0.0001363416959065944,CT3__molly,True
lag_01__CT3__flash,0.00013624281564261764,0.00013624281564261764,CT3__flash,True
lag_03__T_hp_sum,-0.0001361402537440881,0.0001361402537440881,T_hp_sum,False
lag_08__T3__armor,-0.0001361237809760496,0.0001361237809760496,T3__armor,False
lag_10__CT1__molly,-0.0001361118775093928,0.0001361118775093928,CT1__molly,True
lag_13__T_burning_players,0.0001360882743028924,0.0001360882743028924,T_burning_players,False
lag_10__CT1__armor,-0.0001357019937131554,0.0001357019937131554,CT1__armor,False
lag_02__T_equip_value_sum,-0.00013546692207455635,0.00013546692207455635,T_equip_value_sum,False
lag_05__T_place_SIDEALLEY,-0.00013535543985199183,0.00013535543985199183,T_place_SIDEALLEY,False
lag_00__CT_unique_places,0.00013505139213521034,0.00013505139213521034,CT_unique_places,False
lag_07__smoke_inv_diff,0.00013499449414666742,0.00013499449414666742,smoke_inv_diff,True
lag_00__CT2__smoke,-0.000134778514620848,0.000134778514620848,CT2__smoke,True
lag_06__CT1__flash,-0.00013474187289830297,0.00013474187289830297,CT1__flash,True
lag_07__T_macro_OTHER,-0.00013468810357153416,0.00013468810357153416,T_macro_OTHER,False
lag_01__T_equip_value_sum,-0.0001344952470390126,0.0001344952470390126,T_equip_value_sum,False
lag_10__CT1__utility_total,-0.00013447257515508682,0.00013447257515508682,CT1__utility_total,True
lag_00__CT_molly_inv,-0.00013438740279525518,0.00013438740279525518,CT_molly_inv,True
lag_13__T1__duck_amount,0.00013432555715553463,0.00013432555715553463,T1__duck_amount,False
lag_15__CT5__Y,-0.0001336700515821576,0.0001336700515821576,CT5__Y,False
lag_09__CT3__X,-0.0001336697896476835,0.0001336697896476835,CT3__X,False
lag_01__T5__hp,-0.0001336611749138683,0.0001336611749138683,T5__hp,False
lag_15__CT_utility_damage_last_5s,0.0001335888373432681,0.0001335888373432681,CT_utility_damage_last_5s,True
lag_01__CT3__utility_total,0.00013355613918974996,0.00013355613918974996,CT3__utility_total,True
lag_08__CT3__utility_total,0.00013346436026040465,0.00013346436026040465,CT3__utility_total,True
lag_10__CT_spread_xy,0.0001332884276052937,0.0001332884276052937,CT_spread_xy,False
lag_15__CT_macro_B,0.00013321323785930872,0.00013321323785930872,CT_macro_B,False
lag_15__CT_place_BOMBSITEB,0.00013321323785930872,0.00013321323785930872,CT_place_BOMBSITEB,False
lag_04__T_place_TSPAWN,-0.00013288838090375066,0.00013288838090375066,T_place_TSPAWN,False
lag_08__T3__duck_amount,0.00013256928650662303,0.00013256928650662303,T3__duck_amount,False
lag_13__CT_A_site_active_infernos,0.00013249310723040253,0.00013249310723040253,CT_A_site_active_infernos,True
lag_03__T2__flash_duration,0.00013244811270851642,0.00013244811270851642,T2__flash_duration,True
lag_00__T1__smoke,-0.00013228144962340593,0.00013228144962340593,T1__smoke,True
lag_06__CT_velocity_mean,0.0001322374737355858,0.0001322374737355858,CT_velocity_mean,False
lag_13__T5__hp,-0.00013188349839765579,0.00013188349839765579,T5__hp,False
lag_04__CT_shots_fired_sum,0.00013169704470783472,0.00013169704470783472,CT_shots_fired_sum,False
lag_13__CT5__is_walking,-0.00013168781879357994,0.00013168781879357994,CT5__is_walking,False
lag_03__T3__flash,-0.0001310530788032338,0.0001310530788032338,T3__flash,True
lag_05__T_shots_fired_sum,-0.00013104252866469324,0.00013104252866469324,T_shots_fired_sum,False
lag_01__T5__molly,-0.0001309811632381752,0.0001309811632381752,T5__molly,True
lag_04__CT_scoped_count,-0.00013095466420054436,0.00013095466420054436,CT_scoped_count,False
lag_11__CT_macro_B,0.0001308861974393949,0.0001308861974393949,CT_macro_B,False
lag_11__CT_place_BOMBSITEB,0.0001308861974393949,0.0001308861974393949,CT_place_BOMBSITEB,False
lag_00__CT_place_SHOP,0.00013045061496086419,0.00013045061496086419,CT_place_SHOP,False
lag_03__CT3__duck_amount,-0.00013030286936555058,0.00013030286936555058,CT3__duck_amount,False
lag_02__smoke_inv_diff,0.0001302757445955649,0.0001302757445955649,smoke_inv_diff,True
lag_03__T_unique_places,-0.00013019957987125963,0.00013019957987125963,T_unique_places,False
lag_03__T3__has_helmet,-0.00013004342326894403,0.00013004342326894403,T3__has_helmet,False
lag_10__CT_flash_inv,-0.0001295261608902365,0.0001295261608902365,CT_flash_inv,True
lag_04__T4__has_helmet,-0.00012948001676704735,0.00012948001676704735,T4__has_helmet,False
lag_14__T4__alive,-0.00012903209426440299,0.00012903209426440299,T4__alive,False
lag_12__T2__molly,0.00012902685557492077,0.00012902685557492077,T2__molly,True
lag_03__CT3__X,-0.00012889895879197866,0.00012889895879197866,CT3__X,False
lag_15__CT1__armor,-0.00012887972116004676,0.00012887972116004676,CT1__armor,False
lag_11__T2__has_bomb,0.00012872647494077682,0.00012872647494077682,T2__has_bomb,False
lag_09__CT_place_SHOP,0.00012871023500338197,0.00012871023500338197,CT_place_SHOP,False
lag_00__T2__flash,-0.00012845087621826679,0.00012845087621826679,T2__flash,True
lag_04__CT4__duck_amount,0.0001282623125007376,0.0001282623125007376,CT4__duck_amount,False
lag_11__T_place_CATWALK,0.00012805288133677095,0.00012805288133677095,T_place_CATWALK,False
lag_14__CT2__duck_amount,0.00012802572746295482,0.00012802572746295482,CT2__duck_amount,False
lag_05__CT_money_sum,0.0001277147966902703,0.0001277147966902703,CT_money_sum,False
lag_02__bomb_events_last_5s,0.00012718445213977247,0.00012718445213977247,bomb_events_last_5s,False
lag_09__CT1__is_walking,0.00012716770288534462,0.00012716770288534462,CT1__is_walking,False
lag_04__T4__utility_total,-0.00012715203047264367,0.00012715203047264367,T4__utility_total,True
lag_03__T5__shots_fired,0.0001270738139282912,0.0001270738139282912,T5__shots_fired,False
lag_00__CT_shots_fired_sum,0.00012705200060736388,0.00012705200060736388,CT_shots_fired_sum,False
lag_07__CT4__flash,0.0001270441134693101,0.0001270441134693101,CT4__flash,True
lag_09__CT4__utility_total,0.00012691359734162688,0.00012691359734162688,CT4__utility_total,True
lag_12__CT1__is_walking,-0.0001268698542844504,0.0001268698542844504,CT1__is_walking,False
lag_01__T4__is_walking,-0.0001266801409656182,0.0001266801409656182,T4__is_walking,False
lag_11__CT_scoped_count,0.00012659451749641448,0.00012659451749641448,CT_scoped_count,False
lag_02__T5__alive,-0.0001263663434656337,0.0001263663434656337,T5__alive,False
lag_07__T5__alive,-0.00012619374319911003,0.00012619374319911003,T5__alive,False
lag_04__alive_diff,0.00012618409527931362,0.00012618409527931362,alive_diff,False
lag_05__CT_place_CATWALK,0.00012611404235940427,0.00012611404235940427,CT_place_CATWALK,False
lag_04__flash_inv_diff,0.00012609029363375157,0.00012609029363375157,flash_inv_diff,True
lag_11__CT_flash_duration_sum,0.00012606008385773748,0.00012606008385773748,CT_flash_duration_sum,True
lag_01__CT5__Y,-0.0001260464923689142,0.0001260464923689142,CT5__Y,False
lag_00__CT5__molly,-0.0001260326971532777,0.0001260326971532777,CT5__molly,True
lag_03__T1__shots_fired,0.00012578809401020408,0.00012578809401020408,T1__shots_fired,False
lag_01__T_utility_inv,-0.0001256326213479042,0.0001256326213479042,T_utility_inv,True
lag_13__CT_kills_last_3s,0.00012530772073660046,0.00012530772073660046,CT_kills_last_3s,False
lag_03__equip_diff,0.00012476331903599203,0.00012476331903599203,equip_diff,False
lag_05__CT_start_balance_sum,0.00012469428475014865,0.00012469428475014865,CT_start_balance_sum,False
lag_01__CT_defuser_count,0.000124646961921826,0.000124646961921826,CT_defuser_count,False
lag_05__T4__duck_amount,-0.00012461318692658097,0.00012461318692658097,T4__duck_amount,False
lag_07__T3__alive,-0.00012427741603460163,0.00012427741603460163,T3__alive,False
lag_14__T5__utility_total,-0.00012408719339873642,0.00012408719339873642,T5__utility_total,True
lag_12__CT5__Y,-0.0001239705306943506,0.0001239705306943506,CT5__Y,False
lag_12__T1__molly,0.000123852034448646,0.000123852034448646,T1__molly,True
lag_10__CT_scoped_count,0.00012381300621200353,0.00012381300621200353,CT_scoped_count,False
lag_00__T3__X,-0.0001236861280631274,0.0001236861280631274,T3__X,False
lag_07__CT_place_CATWALK,0.00012343659182079136,0.00012343659182079136,CT_place_CATWALK,False
lag_08__T1__shots_fired,0.00012330822937656194,0.00012330822937656194,T1__shots_fired,False
lag_11__CT4__flash,0.00012322553084231913,0.00012322553084231913,CT4__flash,True
lag_12__CT_kills_last_3s,0.0001231001369887963,0.0001231001369887963,CT_kills_last_3s,False
lag_03__CT_A_site_active_infernos,-0.00012308426084928215,0.00012308426084928215,CT_A_site_active_infernos,True
lag_14__CT3__X,-0.00012292391329538077,0.00012292391329538077,CT3__X,False
lag_07__T_macro_MID,0.00012288099969737232,0.00012288099969737232,T_macro_MID,False
lag_03__T4__has_helmet,-0.00012282659008633345,0.00012282659008633345,T4__has_helmet,False
lag_04__T_alive,-0.0001228129694936797,0.0001228129694936797,T_alive,False
lag_12__alive_diff,0.00012280323426239192,0.00012280323426239192,alive_diff,False
lag_14__CT4__utility_total,0.00012260883522685617,0.00012260883522685617,CT4__utility_total,True
lag_03__T_burning_players,0.00012250019062776119,0.00012250019062776119,T_burning_players,False
lag_02__T_duck_amount_mean,0.00012240790238138288,0.00012240790238138288,T_duck_amount_mean,False
lag_02__T_cash_spent_round_sum,-0.00012237283226568252,0.00012237283226568252,T_cash_spent_round_sum,False
lag_00__CT1__shots_fired,0.00012235177564434707,0.00012235177564434707,CT1__shots_fired,False
lag_06__T2__flash,-0.00012208589760120958,0.00012208589760120958,T2__flash,True
lag_00__T_macro_MID,-0.00012208223051857203,0.00012208223051857203,T_macro_MID,False
lag_11__T3__alive,-0.00012205479288240895,0.00012205479288240895,T3__alive,False
lag_01__T5__armor,-0.00012199582124594599,0.00012199582124594599,T5__armor,False
lag_12__hp_diff,0.00012196078023407608,0.00012196078023407608,hp_diff,False
lag_13__T5__armor,-0.000121933342597913,0.000121933342597913,T5__armor,False
lag_12__CT_defuser_count,0.00012191449059173465,0.00012191449059173465,CT_defuser_count,False
lag_07__CT1__armor,-0.00012189777044113725,0.00012189777044113725,CT1__armor,False
lag_15__damage_diff_last_5s,0.00012184811203042045,0.00012184811203042045,damage_diff_last_5s,False
lag_14__utility_damage_diff_last_5s,0.00012182088539702818,0.00012182088539702818,utility_damage_diff_last_5s,True
lag_08__T3__has_helmet,-0.00012169733236078173,0.00012169733236078173,T3__has_helmet,False
lag_04__T_utility_inv,-0.00012161760969320312,0.00012161760969320312,T_utility_inv,True
lag_00__T_mean_Y,-0.00012153289571870118,0.00012153289571870118,T_mean_Y,False
lag_04__T_kills_last_3s,-0.00012152938870713115,0.00012152938870713115,T_kills_last_3s,False
lag_01__CT_B_site_active_infernos,-0.00012140045873820782,0.00012140045873820782,CT_B_site_active_infernos,True
lag_00__centroid_distance_xy,-0.00012138376769144088,0.00012138376769144088,centroid_distance_xy,False
lag_13__CT4__duck_amount,0.0001213383293361403,0.0001213383293361403,CT4__duck_amount,False
lag_01__T_helmet_count,-0.00012125389912398532,0.00012125389912398532,T_helmet_count,False
lag_02__CT_duck_amount_mean,-0.00012123020860599354,0.00012123020860599354,CT_duck_amount_mean,False
lag_02__T_helmet_count,-0.0001212222850881517,0.0001212222850881517,T_helmet_count,False
lag_08__CT4__flash,0.00012120237079216167,0.00012120237079216167,CT4__flash,True
lag_07__T_unique_places,0.00012117944424971938,0.00012117944424971938,T_unique_places,False
lag_11__T_A_site_active_smokes,0.00012077887367922813,0.00012077887367922813,T_A_site_active_smokes,True
lag_05__T4__has_bomb,-0.00012071281526004896,0.00012071281526004896,T4__has_bomb,False
lag_04__T_velocity_mean,0.00012066794442944229,0.00012066794442944229,T_velocity_mean,False
lag_08__alive_diff,0.00012043832248309627,0.00012043832248309627,alive_diff,False
lag_14__CT_macro_B,0.00012019804853480309,0.00012019804853480309,CT_macro_B,False
lag_14__CT_place_BOMBSITEB,0.00012019804853480309,0.00012019804853480309,CT_place_BOMBSITEB,False
lag_01__CT2__molly,0.00011974545486737043,0.00011974545486737043,CT2__molly,True
lag_01__T_molly_inv,-0.00011956787784583867,0.00011956787784583867,T_molly_inv,True
lag_08__T_flashed_players,-0.00011953365901717916,0.00011953365901717916,T_flashed_players,False
lag_06__T2__is_walking,0.00011945641745114699,0.00011945641745114699,T2__is_walking,False
lag_14__T_macro_OTHER,-0.00011941647971980274,0.00011941647971980274,T_macro_OTHER,False
lag_13__CT_place_BOMBSITEB,0.00011937968520214781,0.00011937968520214781,CT_place_BOMBSITEB,False
lag_13__CT_macro_B,0.00011937968520214781,0.00011937968520214781,CT_macro_B,False
lag_03__flash_inv_diff,0.00011925409489776939,0.00011925409489776939,flash_inv_diff,True
lag_12__T3__duck_amount,0.00011925087892450392,0.00011925087892450392,T3__duck_amount,False
lag_06__CT_spread_xy,0.00011918594827875495,0.00011918594827875495,CT_spread_xy,False
lag_15__CT_kills_last_3s,0.0001190133552881889,0.0001190133552881889,CT_kills_last_3s,False
lag_02__T_place_SIDEALLEY,-0.00011888553854078054,0.00011888553854078054,T_place_SIDEALLEY,False
lag_00__T1__duck_amount,0.0001188447349704802,0.0001188447349704802,T1__duck_amount,False
lag_01__T_place_SIDEALLEY,-0.00011879037629114464,0.00011879037629114464,T_place_SIDEALLEY,False
lag_12__T4__hp,-0.00011874343908857554,0.00011874343908857554,T4__hp,False
lag_10__CT3__X,-0.00011871408059960231,0.00011871408059960231,CT3__X,False
lag_03__T5__utility_total,-0.00011871111928485334,0.00011871111928485334,T5__utility_total,True
lag_11__CT1__shots_fired,-0.00011803865345427766,0.00011803865345427766,CT1__shots_fired,False
lag_03__T_flash_inv,-0.0001176721416413784,0.0001176721416413784,T_flash_inv,True
lag_00__CT4__flash,0.00011761972564272583,0.00011761972564272583,CT4__flash,True
lag_05__CT_spread_xy,0.00011749055556720123,0.00011749055556720123,CT_spread_xy,False
lag_05__T_macro_OTHER,-0.00011747613461920992,0.00011747613461920992,T_macro_OTHER,False
lag_02__T_molly_inv,-0.0001174250865005888,0.0001174250865005888,T_molly_inv,True
lag_08__T1__Y,-0.00011737328895833343,0.00011737328895833343,T1__Y,False
lag_01__CT4__utility_total,0.0001173516720882617,0.0001173516720882617,CT4__utility_total,True
lag_02__T5__hp,-0.00011722782801371068,0.00011722782801371068,T5__hp,False
lag_00__T2__X,-0.00011717965389834717,0.00011717965389834717,T2__X,False
lag_06__T1__shots_fired,0.00011710891703842208,0.00011710891703842208,T1__shots_fired,False
lag_11__T_burning_players,0.00011685565550578758,0.00011685565550578758,T_burning_players,False
lag_02__CT4__flash,0.00011683764751069248,0.00011683764751069248,CT4__flash,True
lag_04__CT3__molly,-0.00011675258429022506,0.00011675258429022506,CT3__molly,True
lag_01__CT_flash_inv,0.00011654439003905281,0.00011654439003905281,CT_flash_inv,True
lag_08__T_shots_fired_sum,0.00011654003174044192,0.00011654003174044192,T_shots_fired_sum,False
lag_07__CT5__Y,-0.00011653589899651706,0.00011653589899651706,CT5__Y,False
lag_11__CT_burning_players,0.00011652733519440517,0.00011652733519440517,CT_burning_players,False
lag_11__CT3__X,-0.00011652522516669706,0.00011652522516669706,CT3__X,False
lag_04__T3__hp,-0.00011649140651570633,0.00011649140651570633,T3__hp,False
lag_03__T4__flash,-0.0001164799032267183,0.0001164799032267183,T4__flash,True
lag_13__centroid_distance_xy,-0.00011630280641838908,0.00011630280641838908,centroid_distance_xy,False
lag_03__T_armor_sum,-0.00011621871090028435,0.00011621871090028435,T_armor_sum,False
lag_12__CT2__molly,0.00011599723802646622,0.00011599723802646622,CT2__molly,True
lag_12__T4__armor,-0.0001159801468020305,0.0001159801468020305,T4__armor,False
lag_14__CT2__molly,0.00011593497038120404,0.00011593497038120404,CT2__molly,True
lag_12__flash_inv_diff,0.00011592572991503403,0.00011592572991503403,flash_inv_diff,True
lag_14__CT_defuser_count,0.00011586611799430102,0.00011586611799430102,CT_defuser_count,False
lag_05__money_diff,0.0001158361992565915,0.0001158361992565915,money_diff,False
lag_11__kill_diff_last_3s,0.00011582316074054688,0.00011582316074054688,kill_diff_last_3s,False
lag_04__T_macro_OTHER,-0.00011578098929021508,0.00011578098929021508,T_macro_OTHER,False
lag_07__CT2__molly,0.00011565725435502827,0.00011565725435502827,CT2__molly,True
lag_02__T5__is_walking,-0.0001155553400167264,0.0001155553400167264,T5__is_walking,False
lag_02__CT4__Y,-0.00011550590716069564,0.00011550590716069564,CT4__Y,False
lag_01__T_cash_spent_round_sum,-0.00011536652891663834,0.00011536652891663834,T_cash_spent_round_sum,False
lag_01__CT_round_start_equip_sum,0.00011536526290001348,0.00011536526290001348,CT_round_start_equip_sum,False
lag_07__T1__duck_amount,-0.00011534489749465138,0.00011534489749465138,T1__duck_amount,False
lag_05__T4__hp,-0.00011518748942762613,0.00011518748942762613,T4__hp,False
lag_14__CT_burning_players,0.00011503387213451788,0.00011503387213451788,CT_burning_players,False
lag_08__CT2__molly,0.0001147681541624479,0.0001147681541624479,CT2__molly,True
lag_03__T_place_STAIRS,0.0001147499424405396,0.0001147499424405396,T_place_STAIRS,False
lag_10__T3__X,-0.00011463170812930912,0.00011463170812930912,T3__X,False
lag_08__T_active_infernos,-0.00011462267866590992,0.00011462267866590992,T_active_infernos,True
lag_07__CT1__is_walking,0.00011462267866590992,0.00011462267866590992,CT1__is_walking,False
lag_05__T2__smoke,0.00011454454943304881,0.00011454454943304881,T2__smoke,True
lag_15__T_place_MIDDLE,-0.0001145371570601128,0.0001145371570601128,T_place_MIDDLE,False
lag_07__T5__hp,-0.00011453039769548923,0.00011453039769548923,T5__hp,False
lag_04__CT_place_CTSPAWN,-0.00011435589112807065,0.00011435589112807065,CT_place_CTSPAWN,False
lag_12__CT3__X,-0.00011431468010414392,0.00011431468010414392,CT3__X,False
lag_04__centroid_distance_xy,-0.0001141374305007048,0.0001141374305007048,centroid_distance_xy,False
lag_04__T5__alive,-0.00011412797175580636,0.00011412797175580636,T5__alive,False
lag_12__T4__is_walking,-0.00011398458445910364,0.00011398458445910364,T4__is_walking,False
lag_03__CT_spread_xy,0.00011379857460269704,0.00011379857460269704,CT_spread_xy,False
lag_14__T4__has_bomb,-0.00011359498603269458,0.00011359498603269458,T4__has_bomb,False
lag_14__CT2__is_walking,-0.00011358886695234105,0.00011358886695234105,CT2__is_walking,False
lag_04__T4__molly,-0.00011358210758771747,0.00011358210758771747,T4__molly,True
lag_09__smoke_inv_diff,0.00011348492262186483,0.00011348492262186483,smoke_inv_diff,True
lag_04__hp_diff,0.000113344554847572,0.000113344554847572,hp_diff,False
lag_03__armor_diff,0.00011331486894050613,0.00011331486894050613,armor_diff,False
lag_00__T5__duck_amount,-0.00011312967399135232,0.00011312967399135232,T5__duck_amount,False
lag_02__T_burning_players,0.00011312358401482925,0.00011312358401482925,T_burning_players,False
lag_12__CT_round_start_equip_sum,0.00011298921890556812,0.00011298921890556812,CT_round_start_equip_sum,False
lag_02__T_place_BACKALLEY,-0.0001129802840296179,0.0001129802840296179,T_place_BACKALLEY,False
lag_06__CT_place_SHOP,-0.00011297026503598318,0.00011297026503598318,CT_place_SHOP,False
lag_06__CT3__X,-0.00011292501585558057,0.00011292501585558057,CT3__X,False
lag_01__CT_mean_X,-0.00011290305701550096,0.00011290305701550096,CT_mean_X,False
lag_13__T2__X,-0.00011289340181974694,0.00011289340181974694,T2__X,False
lag_03__T_molly_inv,-0.0001128698349930346,0.0001128698349930346,T_molly_inv,True
lag_10__CT_start_balance_sum,0.0001126951610785909,0.0001126951610785909,CT_start_balance_sum,False
lag_03__T5__smoke,-0.00011266347428318113,0.00011266347428318113,T5__smoke,True
lag_08__hp_diff,0.00011264939530519769,0.00011264939530519769,hp_diff,False
lag_13__CT5__Y,-0.00011253113916609436,0.00011253113916609436,CT5__Y,False
lag_07__T_A_site_active_smokes,0.00011238197475904599,0.00011238197475904599,T_A_site_active_smokes,True
lag_03__active_infernos_total,-0.0001123537149396725,0.0001123537149396725,active_infernos_total,True
lag_04__T5__flash_duration,-0.00011211680248379707,0.00011211680248379707,T5__flash_duration,True
lag_01__CT1__duck_amount,-0.00011189621727680787,0.00011189621727680787,CT1__duck_amount,False
lag_10__CT_money_sum,0.00011188261851202697,0.00011188261851202697,CT_money_sum,False
lag_05__CT_walking_count,0.00011161652219016105,0.00011161652219016105,CT_walking_count,False
lag_14__T_place_CATWALK,0.00011157860717503354,0.00011157860717503354,T_place_CATWALK,False
lag_08__CT_defuser_count,0.00011153920058859512,0.00011153920058859512,CT_defuser_count,False
lag_09__T3__X,-0.00011147771874675527,0.00011147771874675527,T3__X,False
lag_01__T4__armor,-0.0001114473634515889,0.0001114473634515889,T4__armor,False
lag_12__CT_place_CATWALK,-0.00011133075167890638,0.00011133075167890638,CT_place_CATWALK,False
lag_14__bomb_events_last_5s,0.00011129664198961109,0.00011129664198961109,bomb_events_last_5s,False
lag_09__T1__is_walking,0.00011128740879939869,0.00011128740879939869,T1__is_walking,False
lag_03__T4__utility_total,-0.00011111527419416234,0.00011111527419416234,T4__utility_total,True
lag_09__T1__Y,-0.00011089122563134879,0.00011089122563134879,T1__Y,False
lag_01__CT_spread_xy,0.00011088846804341301,0.00011088846804341301,CT_spread_xy,False
lag_15__utility_damage_diff_last_5s,0.00011085469304816797,0.00011085469304816797,utility_damage_diff_last_5s,True
lag_08__T3__utility_total,-0.0001107472344301641,0.0001107472344301641,T3__utility_total,True
lag_08__T_place_SIDEALLEY,0.0001106961426557973,0.0001106961426557973,T_place_SIDEALLEY,False
lag_08__smoke_inv_diff,0.00011067358718719333,0.00011067358718719333,smoke_inv_diff,True
lag_05__T4__alive,-0.00011066317529184744,0.00011066317529184744,T4__alive,False
lag_04__T_hp_sum,-0.00011063875717809424,0.00011063875717809424,T_hp_sum,False
lag_02__T_flashed_players,0.00011060517135774717,0.00011060517135774717,T_flashed_players,False
lag_03__smoke_inv_diff,0.00011037712101824582,0.00011037712101824582,smoke_inv_diff,True
lag_09__T_burning_players,0.00011030480527551845,0.00011030480527551845,T_burning_players,False
lag_10__CT1__is_walking,-0.00011009519221261144,0.00011009519221261144,CT1__is_walking,False
lag_03__CT5__duck_amount,0.00010999658843502402,0.00010999658843502402,CT5__duck_amount,False
lag_13__T4__hp,-0.0001099149594665505,0.0001099149594665505,T4__hp,False
lag_00__T1__alive,-0.00010977772035403177,0.00010977772035403177,T1__alive,False
lag_13__CT_spread_xy,0.00010973720054607838,0.00010973720054607838,CT_spread_xy,False
lag_03__T_place_BACKALLEY,0.00010968758579110727,0.00010968758579110727,T_place_BACKALLEY,False
lag_13__CT4__utility_total,0.00010963191743940115,0.00010963191743940115,CT4__utility_total,True
lag_14__T4__hp,-0.00010961425869027153,0.00010961425869027153,T4__hp,False
lag_15__T_unique_places,-0.00010953340824926272,0.00010953340824926272,T_unique_places,False
lag_15__CT_unique_places,0.00010952638695016503,0.00010952638695016503,CT_unique_places,False
lag_04__spread_diff,0.00010942677909042686,0.00010942677909042686,spread_diff,False
lag_03__T_utility_inv,-0.0001093878599931486,0.0001093878599931486,T_utility_inv,True
lag_10__CT4__duck_amount,-0.0001093017344828695,0.0001093017344828695,CT4__duck_amount,False
lag_12__T_place_TOPOFMID,0.00010919680789811537,0.00010919680789811537,T_place_TOPOFMID,False
lag_13__CT_flashed_players,-0.00010907425894401968,0.00010907425894401968,CT_flashed_players,False
lag_13__T3__duck_amount,0.00010902079520747066,0.00010902079520747066,T3__duck_amount,False
lag_08__CT5__Y,-0.00010895945160882547,0.00010895945160882547,CT5__Y,False
lag_00__T_he_last_5s,0.0001089042125386186,0.0001089042125386186,T_he_last_5s,True
lag_00__T5__X,-0.00010874863801291212,0.00010874863801291212,T5__X,False
lag_13__T_place_TSPAWN,-0.00010866933007491753,0.00010866933007491753,T_place_TSPAWN,False
lag_00__T1__hp,-0.00010861383634619415,0.00010861383634619415,T1__hp,False
lag_02__T5__shots_fired,0.00010857913002837449,0.00010857913002837449,T5__shots_fired,False
lag_11__CT5__Y,-0.00010856534208869562,0.00010856534208869562,CT5__Y,False
lag_08__T5__is_walking,-0.0001085616895579733,0.0001085616895579733,T5__is_walking,False
lag_03__T3__utility_total,-0.00010848749661818147,0.00010848749661818147,T3__utility_total,True
lag_15__spread_diff,0.00010845376527868211,0.00010845376527868211,spread_diff,False
lag_14__T_macro_MID,0.00010840670438483357,0.00010840670438483357,T_macro_MID,False
lag_08__T_flash_duration_sum,-0.00010822230979101732,0.00010822230979101732,T_flash_duration_sum,True
lag_08__CT_kills_last_3s,0.0001081380105460994,0.0001081380105460994,CT_kills_last_3s,False
lag_02__T5__armor,-0.00010812014807015657,0.00010812014807015657,T5__armor,False
lag_05__T5__alive,-0.00010810214007506147,0.00010810214007506147,T5__alive,False
lag_13__T4__alive,-0.00010809062223415822,0.00010809062223415822,T4__alive,False
lag_13__T1__molly,0.00010806708451127633,0.00010806708451127633,T1__molly,True
lag_04__T5__shots_fired,0.00010793675028253347,0.00010793675028253347,T5__shots_fired,False
lag_10__T1__is_walking,0.0001078158020391129,0.0001078158020391129,T1__is_walking,False
lag_13__T5__has_helmet,-0.00010779114381875843,0.00010779114381875843,T5__has_helmet,False
lag_09__CT_place_CATWALK,-0.0001077333145076409,0.0001077333145076409,CT_place_CATWALK,False
lag_04__utility_inv_diff,0.00010771557572297752,0.00010771557572297752,utility_inv_diff,True
lag_09__T2__molly,-0.00010770507651614025,0.00010770507651614025,T2__molly,True
lag_04__T5__hp,-0.00010750653746072203,0.00010750653746072203,T5__hp,False
lag_11__T1__shots_fired,0.00010750519868452102,0.00010750519868452102,T1__shots_fired,False
lag_12__CT_burning_players,0.00010749085049610585,0.00010749085049610585,CT_burning_players,False
lag_01__CT_place_UNDERPASS,-0.0001074898536899127,0.0001074898536899127,CT_place_UNDERPASS,False
lag_07__T_place_CATWALK,-0.00010742994345491752,0.00010742994345491752,T_place_CATWALK,False
lag_09__CT2__is_walking,-0.00010742282756837085,0.00010742282756837085,CT2__is_walking,False
lag_04__CT_unique_places,0.00010735728574218228,0.00010735728574218228,CT_unique_places,False
lag_07__T_place_STAIRS,0.00010726855543907732,0.00010726855543907732,T_place_STAIRS,False
lag_11__CT1__alive,-0.00010710049537010491,0.00010710049537010491,CT1__alive,False
lag_01__T5__has_helmet,-0.00010698113328544423,0.00010698113328544423,T5__has_helmet,False
lag_12__T_shots_fired_sum,-0.00010689630289562047,0.00010689630289562047,T_shots_fired_sum,False
lag_06__CT3__duck_amount,0.00010666735761333257,0.00010666735761333257,CT3__duck_amount,False
lag_14__CT_round_start_equip_sum,0.00010660836414899677,0.00010660836414899677,CT_round_start_equip_sum,False
lag_06__T1__flash_duration,-0.00010637015657266602,0.00010637015657266602,T1__flash_duration,True
lag_07__T1__Y,-0.00010633524652803317,0.00010633524652803317,T1__Y,False
lag_10__T1__Y,-0.00010602414840832353,0.00010602414840832353,T1__Y,False
lag_00__CT_velocity_mean,-0.00010602109978208318,0.00010602109978208318,CT_velocity_mean,False
lag_08__bomb_events_last_5s,-0.00010599885717965662,0.00010599885717965662,bomb_events_last_5s,False
lag_10__T_shots_fired_sum,-0.00010588279110379517,0.00010588279110379517,T_shots_fired_sum,False
lag_13__T5__shots_fired,0.00010585620475467294,0.00010585620475467294,T5__shots_fired,False
lag_04__CT_walking_count,-0.00010584844130789861,0.00010584844130789861,CT_walking_count,False
lag_08__CT2__duck_amount,0.00010584483243292198,0.00010584483243292198,CT2__duck_amount,False
lag_10__T_place_LADDER,-0.00010571124585112557,0.00010571124585112557,T_place_LADDER,False
lag_15__T1__molly,0.00010569282312644646,0.00010569282312644646,T1__molly,True
lag_10__T_flashed_players,0.00010566793207544833,0.00010566793207544833,T_flashed_players,False
lag_03__T_equip_value_sum,-0.00010564112017164007,0.00010564112017164007,T_equip_value_sum,False
lag_12__T5__alive,-0.00010543150710873306,0.00010543150710873306,T5__alive,False
lag_10__centroid_distance_xy,-0.00010530857980484143,0.00010530857980484143,centroid_distance_xy,False
lag_04__T3__alive,-0.0001052827647072263,0.0001052827647072263,T3__alive,False
lag_14__T5__flash,-0.00010525831748964265,0.00010525831748964265,T5__flash,True
lag_14__T_flash_duration_sum,0.0001052509542205371,0.0001052509542205371,T_flash_duration_sum,True
lag_09__T3__hp,-0.00010519407805986702,0.00010519407805986702,T3__hp,False
lag_13__T_duck_amount_mean,0.00010500600910745561,0.00010500600910745561,T_duck_amount_mean,False
lag_12__T3__alive,-0.00010498600022401661,0.00010498600022401661,T3__alive,False
lag_07__CT3__duck_amount,-0.00010489865962881595,0.00010489865962881595,CT3__duck_amount,False
lag_03__spread_diff,0.00010489188571227714,0.00010489188571227714,spread_diff,False
lag_15__CT_money_sum,0.00010488706902833655,0.00010488706902833655,CT_money_sum,False
lag_04__CT1__molly,-0.0001048859630827792,0.0001048859630827792,CT1__molly,True
lag_07__T_damage_last_5s,-0.00010449893306940794,0.00010449893306940794,T_damage_last_5s,False
lag_00__T2__smoke,-0.00010449683031765744,0.00010449683031765744,T2__smoke,True
lag_11__CT2__molly,0.00010442425264045596,0.00010442425264045596,CT2__molly,True
lag_13__hp_diff,0.00010440815094625577,0.00010440815094625577,hp_diff,False
lag_07__T_B_site_active_infernos,-0.00010432421549921855,0.00010432421549921855,T_B_site_active_infernos,True
lag_15__CT_start_balance_sum,0.0001042610383592546,0.0001042610383592546,CT_start_balance_sum,False
lag_14__T_flashed_players,0.00010422604100313038,0.00010422604100313038,T_flashed_players,False
lag_06__CT4__duck_amount,-0.00010419914178783074,0.00010419914178783074,CT4__duck_amount,False
lag_02__active_infernos_total,-0.00010416705481475219,0.00010416705481475219,active_infernos_total,True
lag_01__T_burning_players,0.00010415207361802459,0.00010415207361802459,T_burning_players,False
lag_15__money_diff,0.00010414236749056727,0.00010414236749056727,money_diff,False
lag_06__T_place_BACKALLEY,0.00010413998825242743,0.00010413998825242743,T_place_BACKALLEY,False
lag_12__T4__has_helmet,-0.00010413973359391093,0.00010413973359391093,T4__has_helmet,False
lag_00__T1__X,-0.00010409233800601214,0.00010409233800601214,T1__X,False
lag_12__CT_smoke_inv,0.00010409054084448144,0.00010409054084448144,CT_smoke_inv,True
lag_05__centroid_distance_xy,-0.00010404285421827808,0.00010404285421827808,centroid_distance_xy,False
lag_10__money_diff,0.00010392219701316208,0.00010392219701316208,money_diff,False
lag_07__T5__armor,-0.00010381103493273258,0.00010381103493273258,T5__armor,False
lag_11__CT_spread_xy,0.0001037919064401649,0.0001037919064401649,CT_spread_xy,False
lag_04__T_closest_enemy_dist,-0.00010348738578613847,0.00010348738578613847,T_closest_enemy_dist,False
lag_01__CT_closest_enemy_dist,0.00010347758507123217,0.00010347758507123217,CT_closest_enemy_dist,False
lag_07__CT_scoped_count,0.00010327233030693606,0.00010327233030693606,CT_scoped_count,False
lag_09__T3__is_walking,0.00010319323337171227,0.00010319323337171227,T3__is_walking,False
lag_10__T_place_TOPOFMID,-0.0001031335923471488,0.0001031335923471488,T_place_TOPOFMID,False
lag_07__CT_velocity_mean,0.00010308148193871602,0.00010308148193871602,CT_velocity_mean,False
lag_09__CT_defuser_count,0.00010306270269211382,0.00010306270269211382,CT_defuser_count,False
lag_00__T1__armor,-0.00010297517292201519,0.00010297517292201519,T1__armor,False
lag_12__CT4__flash,0.00010286525503033772,0.00010286525503033772,CT4__flash,True
lag_03__T3__molly,-0.0001027616235660389,0.0001027616235660389,T3__molly,True
lag_13__CT_walking_count,-0.00010263867443427444,0.00010263867443427444,CT_walking_count,False
lag_14__T4__armor,-0.00010256841051159427,0.00010256841051159427,T4__armor,False
lag_07__T3__smoke,-0.00010240815026918426,0.00010240815026918426,T3__smoke,True
lag_13__spread_diff,0.00010227405437035486,0.00010227405437035486,spread_diff,False
lag_01__CT3__has_defuser,0.00010226178710581735,0.00010226178710581735,CT3__has_defuser,False
lag_04__CT_A_site_active_infernos,-0.0001022417054628022,0.0001022417054628022,CT_A_site_active_infernos,True
lag_08__CT_round_start_equip_sum,0.00010219639807473868,0.00010219639807473868,CT_round_start_equip_sum,False
lag_05__CT_closest_enemy_dist,-0.00010211011249339208,0.00010211011249339208,CT_closest_enemy_dist,False
lag_05__CT4__molly,-0.00010206608567386866,0.00010206608567386866,CT4__molly,True
lag_07__T3__armor,-0.00010193412890657783,0.00010193412890657783,T3__armor,False
lag_03__molly_inv_diff,0.00010192611807724461,0.00010192611807724461,molly_inv_diff,True
lag_04__CT1__flash_duration,0.00010184192797169089,0.00010184192797169089,CT1__flash_duration,True
lag_15__CT3__molly,-0.00010178486263612285,0.00010178486263612285,CT3__molly,True
lag_08__T2__has_bomb,0.00010167850268771872,0.00010167850268771872,T2__has_bomb,False
lag_11__T3__armor,-0.00010157889482798055,0.00010157889482798055,T3__armor,False
lag_09__CT_flash_duration_sum,0.00010141918755834922,0.00010141918755834922,CT_flash_duration_sum,True
lag_05__T1__duck_amount,-0.00010083157394547015,0.00010083157394547015,T1__duck_amount,False
lag_09__CT2__duck_amount,0.00010081940126838163,0.00010081940126838163,CT2__duck_amount,False
lag_02__T_flash_duration_sum,0.00010081809887196869,0.00010081809887196869,T_flash_duration_sum,True
lag_11__T3__hp,-0.00010074045712826774,0.00010074045712826774,T3__hp,False
lag_01__T_place_TOPOFMID,-0.00010072016448248178,0.00010072016448248178,T_place_TOPOFMID,False
lag_05__T5__duck_amount,0.00010069571726489812,0.00010069571726489812,T5__duck_amount,False
lag_09__CT5__Y,-0.00010063571971841156,0.00010063571971841156,CT5__Y,False
lag_08__T3__flash,-0.00010063451190944761,0.00010063451190944761,T3__flash,True
lag_03__CT4__Y,-0.00010060791828436777,0.00010060791828436777,CT4__Y,False
lag_00__T_velocity_mean,0.00010058550833491609,0.00010058550833491609,T_velocity_mean,False
lag_12__T_place_CATWALK,0.00010054370068246499,0.00010054370068246499,T_place_CATWALK,False
lag_01__CT1__shots_fired,-0.00010053860751213506,0.00010053860751213506,CT1__shots_fired,False
lag_04__T5__utility_total,-0.00010050787386717275,0.00010050787386717275,T5__utility_total,True
lag_06__T_place_MIDDLE,0.00010049078991869465,0.00010049078991869465,T_place_MIDDLE,False
lag_15__centroid_distance_xy,-0.00010048379772342741,0.00010048379772342741,centroid_distance_xy,False
lag_04__smoke_inv_diff,0.00010044108057627454,0.00010044108057627454,smoke_inv_diff,True
lag_04__T5__armor,-0.00010032577847596258,0.00010032577847596258,T5__armor,False
lag_05__T2__flash,-0.00010031685087596998,0.00010031685087596998,T2__flash,True
lag_05__T_place_HOUSE,-0.00010026587551692501,0.00010026587551692501,T_place_HOUSE,False
lag_05__T5__hp,-0.00010023725189967081,0.00010023725189967081,T5__hp,False
lag_11__CT1__hp,-9.980230242945254e-05,9.980230242945254e-05,CT1__hp,False
lag_10__CT4__utility_total,9.980199683923274e-05,9.980199683923274e-05,CT4__utility_total,True
lag_07__T3__hp,-9.976564615499228e-05,9.976564615499228e-05,T3__hp,False
lag_13__CT4__is_walking,-9.960521128959954e-05,9.960521128959954e-05,CT4__is_walking,False
lag_02__CT1__molly,-9.958670852938667e-05,9.958670852938667e-05,CT1__molly,True
lag_14__CT_damage_last_5s,9.950366074917838e-05,9.950366074917838e-05,CT_damage_last_5s,False
lag_10__CT1__has_helmet,-9.949876402970403e-05,9.949876402970403e-05,CT1__has_helmet,False
lag_01__T1__Y,-9.947002399712801e-05,9.947002399712801e-05,T1__Y,False
lag_10__T3__duck_amount,9.939906885847449e-05,9.939906885847449e-05,T3__duck_amount,False
lag_04__T_armor_sum,-9.939617302734405e-05,9.939617302734405e-05,T_armor_sum,False
lag_09__CT2__molly,9.926396887749434e-05,9.926396887749434e-05,CT2__molly,True
lag_08__T3__X,-9.907982894219458e-05,9.907982894219458e-05,T3__X,False
lag_12__CT3__has_defuser,9.906086779665202e-05,9.906086779665202e-05,CT3__has_defuser,False
lag_00__CT2__Y,9.902339661493897e-05,9.902339661493897e-05,CT2__Y,False
lag_14__CT3__has_defuser,9.900768782244995e-05,9.900768782244995e-05,CT3__has_defuser,False
lag_02__T_bomb_carrier_alive,9.89852414932102e-05,9.89852414932102e-05,T_bomb_carrier_alive,False
lag_15__T2__X,-9.89779073279351e-05,9.89779073279351e-05,T2__X,False
lag_07__CT3__has_defuser,9.877054253593087e-05,9.877054253593087e-05,CT3__has_defuser,False
lag_14__CT_smoke_inv,9.873145609162748e-05,9.873145609162748e-05,CT_smoke_inv,True
lag_15__CT3__X,-9.869361383607611e-05,9.869361383607611e-05,CT3__X,False
lag_03__CT_B_site_active_infernos,9.848146873991936e-05,9.848146873991936e-05,CT_B_site_active_infernos,True
lag_02__CT_burning_players,9.845661406870931e-05,9.845661406870931e-05,CT_burning_players,False
lag_14__flash_inv_diff,9.839864651439711e-05,9.839864651439711e-05,flash_inv_diff,True
lag_14__CT_spread_xy,9.831863280851394e-05,9.831863280851394e-05,CT_spread_xy,False
lag_08__T5__alive,-9.822527499636635e-05,9.822527499636635e-05,T5__alive,False
lag_11__T4__alive,-9.816380770644173e-05,9.816380770644173e-05,T4__alive,False
lag_08__CT3__has_defuser,9.801120904739946e-05,9.801120904739946e-05,CT3__has_defuser,False
lag_07__CT_burning_players,9.774584032129496e-05,9.774584032129496e-05,CT_burning_players,False
lag_10__CT_place_UNDERPASS,9.773649799171835e-05,9.773649799171835e-05,CT_place_UNDERPASS,False
lag_15__T1__Y,-9.764748392626643e-05,9.764748392626643e-05,T1__Y,False
lag_09__T3__alive,-9.76220253505744e-05,9.76220253505744e-05,T3__alive,False
lag_13__T1__Y,-9.757973020896316e-05,9.757973020896316e-05,T1__Y,False
lag_11__CT4__molly,-9.751667676027864e-05,9.751667676027864e-05,CT4__molly,True
lag_07__CT2__utility_total,9.743736882228404e-05,9.743736882228404e-05,CT2__utility_total,True
lag_01__T_he_last_5s,-9.737387154018506e-05,9.737387154018506e-05,T_he_last_5s,True
lag_06__CT_kills_last_3s,-9.731567115522921e-05,9.731567115522921e-05,CT_kills_last_3s,False
lag_05__T_burning_players,-9.725325071485713e-05,9.725325071485713e-05,T_burning_players,False
lag_01__T4__has_helmet,-9.722477989271283e-05,9.722477989271283e-05,T4__has_helmet,False
lag_12__T3__hp,-9.716040949570015e-05,9.716040949570015e-05,T3__hp,False
lag_13__T3__X,-9.698110079625621e-05,9.698110079625621e-05,T3__X,False
lag_08__T_he_last_5s,-9.691966988611966e-05,9.691966988611966e-05,T_he_last_5s,True
lag_10__T_walking_count,-9.6890602435451e-05,9.6890602435451e-05,T_walking_count,False
lag_01__CT3__smoke,9.67609157669358e-05,9.67609157669358e-05,CT3__smoke,True
lag_13__alive_diff,9.669880091678351e-05,9.669880091678351e-05,alive_diff,False
lag_15__CT1__utility_total,-9.664108802098781e-05,9.664108802098781e-05,CT1__utility_total,True
lag_14__T_place_CONNECTOR,9.66190273175016e-05,9.66190273175016e-05,T_place_CONNECTOR,False
lag_10__T4__is_walking,-9.65359722613357e-05,9.65359722613357e-05,T4__is_walking,False
lag_01__CT_active_infernos,-9.642902296036482e-05,9.642902296036482e-05,CT_active_infernos,True
lag_13__T3__smoke,-9.615883027436212e-05,9.615883027436212e-05,T3__smoke,True
lag_00__T_flash_duration_sum,-9.61558471317403e-05,9.61558471317403e-05,T_flash_duration_sum,True
lag_01__CT4__has_defuser,9.613098518457264e-05,9.613098518457264e-05,CT4__has_defuser,False
lag_03__T4__molly,-9.602142381481826e-05,9.602142381481826e-05,T4__molly,True
lag_08__equip_diff,9.599991608411074e-05,9.599991608411074e-05,equip_diff,False
lag_03__T2__molly,-9.597407188266516e-05,9.597407188266516e-05,T2__molly,True
lag_03__CT_duck_amount_mean,9.596483141649514e-05,9.596483141649514e-05,CT_duck_amount_mean,False
lag_15__T2__smoke,-9.586575470166281e-05,9.586575470166281e-05,T2__smoke,True
lag_04__T3__armor,-9.578479512128979e-05,9.578479512128979e-05,T3__armor,False
lag_06__T4__has_bomb,-9.576682350598276e-05,9.576682350598276e-05,T4__has_bomb,False
lag_02__T5__molly,-9.575316653354093e-05,9.575316653354093e-05,T5__molly,True
lag_10__T_macro_MID,-9.573045826982707e-05,9.573045826982707e-05,T_macro_MID,False
lag_12__T1__Y,-9.56247968133539e-05,9.56247968133539e-05,T1__Y,False
lag_05__T_place_CONNECTOR,9.554154530633241e-05,9.554154530633241e-05,T_place_CONNECTOR,False
lag_02__T1__Y,-9.55150171648711e-05,9.55150171648711e-05,T1__Y,False
lag_02__CT_active_infernos,-9.551064431434497e-05,9.551064431434497e-05,CT_active_infernos,True
lag_14__CT2__utility_total,9.549983951728791e-05,9.549983951728791e-05,CT2__utility_total,True
lag_05__alive_diff,9.548621164867654e-05,9.548621164867654e-05,alive_diff,False
lag_08__utility_inv_diff,9.547210356686264e-05,9.547210356686264e-05,utility_inv_diff,True
lag_04__T5__X,-9.543706983095035e-05,9.543706983095035e-05,T5__X,False
lag_02__T5__has_helmet,-9.543597843730822e-05,9.543597843730822e-05,T5__has_helmet,False
lag_09__CT_round_start_equip_sum,9.535370918456465e-05,9.535370918456465e-05,CT_round_start_equip_sum,False
lag_05__T_place_LADDER,9.533584670862183e-05,9.533584670862183e-05,T_place_LADDER,False
lag_10__smoke_inv_diff,9.530888200970367e-05,9.530888200970367e-05,smoke_inv_diff,True
lag_08__CT_mean_X,-9.517878788756207e-05,9.517878788756207e-05,CT_mean_X,False
lag_11__T3__X,-9.517733269603923e-05,9.517733269603923e-05,T3__X,False
lag_09__alive_diff,9.515081910649315e-05,9.515081910649315e-05,alive_diff,False
lag_09__T2__has_bomb,9.505709022050723e-05,9.505709022050723e-05,T2__has_bomb,False
lag_04__T_place_MIDDLE,-9.504498302703723e-05,9.504498302703723e-05,T_place_MIDDLE,False
lag_10__T5__alive,-9.501496970187873e-05,9.501496970187873e-05,T5__alive,False
lag_08__T_alive,-9.494916594121605e-05,9.494916594121605e-05,T_alive,False
lag_01__CT5__smoke,9.483655594522133e-05,9.483655594522133e-05,CT5__smoke,True
lag_15__CT1__has_helmet,-9.47929365793243e-05,9.47929365793243e-05,CT1__has_helmet,False
lag_08__utility_damage_diff_last_5s,9.473910904489458e-05,9.473910904489458e-05,utility_damage_diff_last_5s,True
lag_12__T_macro_OTHER,-9.4724862719886e-05,9.4724862719886e-05,T_macro_OTHER,False
lag_12__utility_inv_diff,9.470835357205942e-05,9.470835357205942e-05,utility_inv_diff,True
lag_06__centroid_distance_xy,-9.46754589676857e-05,9.46754589676857e-05,centroid_distance_xy,False
lag_12__CT2__utility_total,9.465701441513374e-05,9.465701441513374e-05,CT2__utility_total,True
lag_05__T3__duck_amount,9.458557906327769e-05,9.458557906327769e-05,T3__duck_amount,False
lag_14__T1__Y,-9.454619430471212e-05,9.454619430471212e-05,T1__Y,False
lag_09__T5__duck_amount,9.451762889511883e-05,9.451762889511883e-05,T5__duck_amount,False
lag_00__T1__has_helmet,-9.445770410820842e-05,9.445770410820842e-05,T1__has_helmet,False
lag_11__T1__Y,-9.443957969779149e-05,9.443957969779149e-05,T1__Y,False
lag_08__T1__molly,9.440485155209899e-05,9.440485155209899e-05,T1__molly,True
lag_09__hp_diff,9.43662817007862e-05,9.43662817007862e-05,hp_diff,False
lag_12__CT_mean_X,-9.4316725153476e-05,9.4316725153476e-05,CT_mean_X,False
lag_14__CT_kills_last_3s,9.426150791114196e-05,9.426150791114196e-05,CT_kills_last_3s,False
lag_05__T5__is_walking,-9.416059765499085e-05,9.416059765499085e-05,T5__is_walking,False
lag_03__T_helmet_count,-9.415028034709394e-05,9.415028034709394e-05,T_helmet_count,False
lag_04__T_B_site_active_smokes,-9.412708459421992e-05,9.412708459421992e-05,T_B_site_active_smokes,True
lag_12__T5__hp,-9.410232451045886e-05,9.410232451045886e-05,T5__hp,False
lag_04__T_molly_inv,-9.410066559212282e-05,9.410066559212282e-05,T_molly_inv,True
lag_06__T5__is_walking,9.408165351487696e-05,9.408165351487696e-05,T5__is_walking,False
lag_14__utility_inv_diff,9.392589709023014e-05,9.392589709023014e-05,utility_inv_diff,True
lag_10__T_damage_last_5s,9.39198216656223e-05,9.39198216656223e-05,T_damage_last_5s,False
lag_10__CT_velocity_mean,9.388638864038512e-05,9.388638864038512e-05,CT_velocity_mean,False
lag_05__T4__armor,-9.382758435094729e-05,9.382758435094729e-05,T4__armor,False
lag_00__seconds_in_round,9.37544900807552e-05,9.37544900807552e-05,seconds_in_round,False
lag_04__CT_closest_enemy_dist,-9.37531003728509e-05,9.37531003728509e-05,CT_closest_enemy_dist,False
lag_01__CT_utility_inv,9.375298395752907e-05,9.375298395752907e-05,CT_utility_inv,True
lag_05__CT4__is_walking,-9.373734064865857e-05,9.373734064865857e-05,CT4__is_walking,False
lag_12__CT3__smoke,9.373208013130352e-05,9.373208013130352e-05,CT3__smoke,True
lag_14__CT3__smoke,9.368178871227428e-05,9.368178871227428e-05,CT3__smoke,True
lag_01__CT4__smoke,9.364235302200541e-05,9.364235302200541e-05,CT4__smoke,True
lag_02__CT5__Y,-9.352927736472338e-05,9.352927736472338e-05,CT5__Y,False
lag_04__T_equip_value_sum,-9.346661681775004e-05,9.346661681775004e-05,T_equip_value_sum,False
lag_07__CT3__smoke,9.345742000732571e-05,9.345742000732571e-05,CT3__smoke,True
lag_12__equip_diff,9.339910320704803e-05,9.339910320704803e-05,equip_diff,False
lag_09__CT_scoped_count,9.339755342807621e-05,9.339755342807621e-05,CT_scoped_count,False
lag_12__CT5__is_walking,9.33287592488341e-05,9.33287592488341e-05,CT5__is_walking,False
lag_13__CT1__molly,-9.332782065030187e-05,9.332782065030187e-05,CT1__molly,True
lag_14__hp_diff,9.329176100436598e-05,9.329176100436598e-05,hp_diff,False
lag_05__CT4__flash,9.327106090495363e-05,9.327106090495363e-05,CT4__flash,True
lag_12__T2__X,-9.326888539362699e-05,9.326888539362699e-05,T2__X,False
lag_05__T_he_last_5s,9.326851431978866e-05,9.326851431978866e-05,T_he_last_5s,True
lag_12__CT4__has_defuser,9.31219183257781e-05,9.31219183257781e-05,CT4__has_defuser,False
lag_14__CT4__has_defuser,9.307196160079911e-05,9.307196160079911e-05,CT4__has_defuser,False
lag_11__CT_flashed_players,9.293284529121593e-05,9.293284529121593e-05,CT_flashed_players,False
lag_11__T3__duck_amount,9.287015564041212e-05,9.287015564041212e-05,T3__duck_amount,False
lag_15__T5__molly,-9.286139538744465e-05,9.286139538744465e-05,T5__molly,True
lag_07__CT4__has_defuser,9.284898987971246e-05,9.284898987971246e-05,CT4__has_defuser,False
lag_08__T_damage_last_5s,-9.277166827814654e-05,9.277166827814654e-05,T_damage_last_5s,False
lag_08__CT3__smoke,9.273898467654362e-05,9.273898467654362e-05,CT3__smoke,True
lag_01__CT2__has_defuser,9.270103328162804e-05,9.270103328162804e-05,CT2__has_defuser,False
lag_07__T5__shots_fired,9.261808736482635e-05,9.261808736482635e-05,T5__shots_fired,False
lag_13__CT3__X,-9.261781815439463e-05,9.261781815439463e-05,CT3__X,False
lag_05__CT_molly_inv,-9.26142165553756e-05,9.26142165553756e-05,CT_molly_inv,True
lag_09__T_unique_places,9.259289072360843e-05,9.259289072360843e-05,T_unique_places,False
lag_00__T1__Y,-9.254775795852765e-05,9.254775795852765e-05,T1__Y,False
lag_03__CT_shots_fired_sum,9.24531341297552e-05,9.24531341297552e-05,CT_shots_fired_sum,False
lag_05__T5__armor,-9.241577936336398e-05,9.241577936336398e-05,T5__armor,False
lag_04__CT5__is_walking,9.240749204764143e-05,9.240749204764143e-05,CT5__is_walking,False
lag_13__CT_burning_players,9.235594916390255e-05,9.235594916390255e-05,CT_burning_players,False
lag_13__utility_inv_diff,9.226780093740672e-05,9.226780093740672e-05,utility_inv_diff,True
lag_12__T2__flash,-9.218382911058143e-05,9.218382911058143e-05,T2__flash,True
lag_01__T_spread_xy,-9.21625760383904e-05,9.21625760383904e-05,T_spread_xy,False
lag_10__T_burning_players,9.21549872145988e-05,9.21549872145988e-05,T_burning_players,False
lag_08__CT4__has_defuser,9.213525481754914e-05,9.213525481754914e-05,CT4__has_defuser,False
lag_10__CT5__Y,-9.211513679474592e-05,9.211513679474592e-05,CT5__Y,False
lag_11__centroid_distance_xy,-9.207303082803264e-05,9.207303082803264e-05,centroid_distance_xy,False
lag_08__kill_diff_last_3s,9.2038229922764e-05,9.2038229922764e-05,kill_diff_last_3s,False
lag_13__T_macro_MID,-9.200186468660831e-05,9.200186468660831e-05,T_macro_MID,False
lag_04__T_place_HOUSE,-9.192484867526218e-05,9.192484867526218e-05,T_place_HOUSE,False
lag_12__CT5__smoke,9.186803072225302e-05,9.186803072225302e-05,CT5__smoke,True
lag_03__T5__molly,-9.184986265609041e-05,9.184986265609041e-05,T5__molly,True
lag_14__CT5__smoke,9.181864152196795e-05,9.181864152196795e-05,CT5__smoke,True
lag_06__CT2__molly,9.175563900498673e-05,9.175563900498673e-05,CT2__molly,True
lag_11__CT2__utility_total,9.175451850751415e-05,9.175451850751415e-05,CT2__utility_total,True
lag_09__active_infernos_total,-9.168396354652941e-05,9.168396354652941e-05,active_infernos_total,True
lag_05__CT_shots_fired_sum,9.167832467937842e-05,9.167832467937842e-05,CT_shots_fired_sum,False
lag_02__CT1__is_walking,-9.161914204014465e-05,9.161914204014465e-05,CT1__is_walking,False
lag_06__CT5__Y,-9.161618072539568e-05,9.161618072539568e-05,CT5__Y,False
lag_07__CT5__smoke,9.159879118669778e-05,9.159879118669778e-05,CT5__smoke,True
lag_04__T3__X,-9.156213491223752e-05,9.156213491223752e-05,T3__X,False
lag_10__CT1__has_defuser,-9.143475472228602e-05,9.143475472228602e-05,CT1__has_defuser,False
lag_10__CT1__smoke,-9.143022907665e-05,9.143022907665e-05,CT1__smoke,True
lag_05__CT3__X,-9.141454211203381e-05,9.141454211203381e-05,CT3__X,False
lag_14__T4__has_helmet,-9.138215682469308e-05,9.138215682469308e-05,T4__has_helmet,False
lag_08__T_place_BACKALLEY,-9.135397704085335e-05,9.135397704085335e-05,T_place_BACKALLEY,False
lag_08__T4__alive,-9.134746505878866e-05,9.134746505878866e-05,T4__alive,False
lag_13__T5__utility_total,-9.129170939559117e-05,9.129170939559117e-05,T5__utility_total,True
lag_14__spread_diff,9.126993973040953e-05,9.126993973040953e-05,spread_diff,False
lag_06__T3__X,-9.115712600760162e-05,9.115712600760162e-05,T3__X,False
lag_07__T3__has_helmet,-9.113400301430374e-05,9.113400301430374e-05,T3__has_helmet,False
lag_14__CT_mean_X,-9.105123899644241e-05,9.105123899644241e-05,CT_mean_X,False
lag_12__CT_place_UNDERPASS,9.10427697817795e-05,9.10427697817795e-05,CT_place_UNDERPASS,False
lag_07__CT_defuser_count,9.093846892938018e-05,9.093846892938018e-05,CT_defuser_count,False
lag_08__CT5__smoke,9.089458035305142e-05,9.089458035305142e-05,CT5__smoke,True
lag_10__CT_walking_count,-9.088408842217177e-05,9.088408842217177e-05,CT_walking_count,False
lag_11__T3__has_helmet,-9.080845484277233e-05,9.080845484277233e-05,T3__has_helmet,False
lag_01__CT5__has_defuser,9.080456220544875e-05,9.080456220544875e-05,CT5__has_defuser,False
lag_12__CT_active_infernos,9.077968570636585e-05,9.077968570636585e-05,CT_active_infernos,True
lag_12__CT4__smoke,9.071124077308923e-05,9.071124077308923e-05,CT4__smoke,True
lag_14__CT4__smoke,9.066250640898943e-05,9.066250640898943e-05,CT4__smoke,True
lag_07__T5__has_helmet,-9.063322795554996e-05,9.063322795554996e-05,T5__has_helmet,False
lag_07__CT_mean_X,-9.056996350409463e-05,9.056996350409463e-05,CT_mean_X,False
lag_13__flash_inv_diff,9.054418478626758e-05,9.054418478626758e-05,flash_inv_diff,True
lag_00__T4__X,-9.047360799741e-05,9.047360799741e-05,T4__X,False
lag_07__CT4__smoke,9.04453409020789e-05,9.04453409020789e-05,CT4__smoke,True
lag_09__T4__alive,-9.042962483363226e-05,9.042962483363226e-05,T4__alive,False
lag_10__CT2__molly,9.030527144204825e-05,9.030527144204825e-05,CT2__molly,True
lag_05__T3__X,-9.027076157508418e-05,9.027076157508418e-05,T3__X,False
lag_08__flash_inv_diff,9.020625293487683e-05,9.020625293487683e-05,flash_inv_diff,True
lag_00__CT1__molly,-9.020553989103064e-05,9.020553989103064e-05,CT1__molly,True
lag_13__damage_diff_last_5s,9.017726551974192e-05,9.017726551974192e-05,damage_diff_last_5s,False
lag_14__CT_scoped_count,9.013770613819361e-05,9.013770613819361e-05,CT_scoped_count,False
lag_06__T5__alive,-9.012121881823987e-05,9.012121881823987e-05,T5__alive,False
lag_13__CT2__molly,9.002075967146084e-05,9.002075967146084e-05,CT2__molly,True
lag_15__T_kills_last_3s,9.000098361866549e-05,9.000098361866549e-05,T_kills_last_3s,False
lag_03__T_cash_spent_round_sum,-8.997115946840495e-05,8.997115946840495e-05,T_cash_spent_round_sum,False
lag_07__CT4__utility_total,8.99038786883466e-05,8.99038786883466e-05,CT4__utility_total,True
lag_14__alive_diff,8.98940852493979e-05,8.98940852493979e-05,alive_diff,False
lag_10__T2__flash,-8.983793668448925e-05,8.983793668448925e-05,T2__flash,True
lag_12__CT2__has_defuser,8.979938138509169e-05,8.979938138509169e-05,CT2__has_defuser,False
lag_14__CT2__has_defuser,8.975114906206727e-05,8.975114906206727e-05,CT2__has_defuser,False
lag_08__CT4__smoke,8.975005039246753e-05,8.975005039246753e-05,CT4__smoke,True
lag_10__T1__shots_fired,-8.972681098384783e-05,8.972681098384783e-05,T1__shots_fired,False
lag_15__CT4__flash,8.96510318852961e-05,8.96510318852961e-05,CT4__flash,True
lag_13__CT_place_SNIPERSNEST,8.963287837104872e-05,8.963287837104872e-05,CT_place_SNIPERSNEST,False
lag_07__CT2__has_defuser,8.953616634244099e-05,8.953616634244099e-05,CT2__has_defuser,False
lag_00__CT4__molly,-8.953028009273112e-05,8.953028009273112e-05,CT4__molly,True
lag_11__T_place_TOPOFMID,8.95298580871895e-05,8.95298580871895e-05,T_place_TOPOFMID,False
lag_07__T3__duck_amount,8.945776062319055e-05,8.945776062319055e-05,T3__duck_amount,False
lag_07__CT_damage_last_5s,8.945471199695021e-05,8.945471199695021e-05,CT_damage_last_5s,False
lag_12__CT4__X,-8.932602213462815e-05,8.932602213462815e-05,CT4__X,False
lag_08__T5__shots_fired,8.921798871597275e-05,8.921798871597275e-05,T5__shots_fired,False
lag_04__T5__has_helmet,-8.919867832446471e-05,8.919867832446471e-05,T5__has_helmet,False
lag_11__CT3__has_defuser,8.917756349546835e-05,8.917756349546835e-05,CT3__has_defuser,False
lag_12__T5__flash,-8.906237781047821e-05,8.906237781047821e-05,T5__flash,True
lag_12__T_damage_last_5s,-8.901098772184923e-05,8.901098772184923e-05,T_damage_last_5s,False
lag_03__T_duck_amount_mean,8.89929142431356e-05,8.89929142431356e-05,T_duck_amount_mean,False
lag_03__T2__utility_total,-8.891175093594939e-05,8.891175093594939e-05,T2__utility_total,True
lag_08__CT2__has_defuser,8.884790440788493e-05,8.884790440788493e-05,CT2__has_defuser,False
lag_01__CT2__X,-8.883437840268016e-05,8.883437840268016e-05,CT2__X,False
lag_13__T4__armor,-8.880907262209803e-05,8.880907262209803e-05,T4__armor,False
lag_09__T5__alive,-8.87197456904687e-05,8.87197456904687e-05,T5__alive,False
lag_11__CT_defuser_count,8.867897122399881e-05,8.867897122399881e-05,CT_defuser_count,False
lag_11__T_place_SNIPERSNEST,8.862781396601349e-05,8.862781396601349e-05,T_place_SNIPERSNEST,False
lag_03__T1__is_walking,8.857400098349899e-05,8.857400098349899e-05,T1__is_walking,False
lag_04__CT_molly_inv,-8.854407496983185e-05,8.854407496983185e-05,CT_molly_inv,True
lag_04__equip_diff,8.853509643813595e-05,8.853509643813595e-05,equip_diff,False
lag_06__T1__Y,-8.844296098686755e-05,8.844296098686755e-05,T1__Y,False
lag_15__CT5__flash,-8.843099931254983e-05,8.843099931254983e-05,CT5__flash,True
lag_13__T3__alive,-8.84124165168032e-05,8.84124165168032e-05,T3__alive,False
lag_11__T5__alive,-8.841229282552376e-05,8.841229282552376e-05,T5__alive,False
lag_14__T2__X,-8.84117471287027e-05,8.84117471287027e-05,T2__X,False
lag_12__CT4__utility_total,8.837036875775084e-05,8.837036875775084e-05,CT4__utility_total,True
lag_12__T1__shots_fired,-8.835867629386485e-05,8.835867629386485e-05,T1__shots_fired,False
lag_15__CT_place_BOMBSITEA,8.826982957543805e-05,8.826982957543805e-05,CT_place_BOMBSITEA,False
lag_15__CT_macro_A,8.826982957543805e-05,8.826982957543805e-05,CT_macro_A,False
lag_11__spread_diff,8.826670818962157e-05,8.826670818962157e-05,spread_diff,False
lag_14__T1__molly,8.818928472464904e-05,8.818928472464904e-05,T1__molly,True
lag_11__T1__duck_amount,-8.815819455776364e-05,8.815819455776364e-05,T1__duck_amount,False
lag_11__T_smoke_inv,-8.809632709017023e-05,8.809632709017023e-05,T_smoke_inv,True
lag_07__T1__shots_fired,8.801247895462438e-05,8.801247895462438e-05,T1__shots_fired,False
lag_12__CT5__has_defuser,8.79622675711289e-05,8.79622675711289e-05,CT5__has_defuser,False
lag_10__T3__smoke,-8.794927998678759e-05,8.794927998678759e-05,T3__smoke,True
lag_14__CT5__has_defuser,8.79150175023824e-05,8.79150175023824e-05,CT5__has_defuser,False
lag_04__CT3__X,-8.78562786965631e-05,8.78562786965631e-05,CT3__X,False
lag_13__T_B_site_active_infernos,-8.776442700764164e-05,8.776442700764164e-05,T_B_site_active_infernos,True
lag_11__CT1__armor,-8.776337199378759e-05,8.776337199378759e-05,CT1__armor,False
lag_07__CT5__has_defuser,8.770446584094316e-05,8.770446584094316e-05,CT5__has_defuser,False
lag_07__T3__utility_total,-8.77004349604249e-05,8.77004349604249e-05,T3__utility_total,True
lag_09__CT_smoke_inv,8.765442908043042e-05,8.765442908043042e-05,CT_smoke_inv,True
lag_05__T_closest_enemy_dist,-8.765327947912738e-05,8.765327947912738e-05,T_closest_enemy_dist,False
lag_15__smoke_inv_diff,8.760955097386613e-05,8.760955097386613e-05,smoke_inv_diff,True
lag_08__CT_velocity_mean,-8.75870609888807e-05,8.75870609888807e-05,CT_velocity_mean,False
lag_11__active_smokes_total,8.758134208619595e-05,8.758134208619595e-05,active_smokes_total,True
lag_01__T2__duck_amount,8.757923933444545e-05,8.757923933444545e-05,T2__duck_amount,False
lag_11__CT_mean_X,-8.75754703884013e-05,8.75754703884013e-05,CT_mean_X,False
lag_07__T_active_infernos,-8.747533865971491e-05,8.747533865971491e-05,T_active_infernos,True
lag_03__CT_unique_places,8.745504601392895e-05,8.745504601392895e-05,CT_unique_places,False
lag_15__T4__has_bomb,-8.745190280023962e-05,8.745190280023962e-05,T4__has_bomb,False
lag_15__CT1__has_defuser,-8.73892568051815e-05,8.73892568051815e-05,CT1__has_defuser,False
lag_15__CT1__smoke,-8.738548785913736e-05,8.738548785913736e-05,CT1__smoke,True
lag_06__spread_diff,8.720942423678935e-05,8.720942423678935e-05,spread_diff,False
lag_08__T5__hp,-8.712231647223234e-05,8.712231647223234e-05,T5__hp,False
lag_05__T5__shots_fired,8.710345719009638e-05,8.710345719009638e-05,T5__shots_fired,False
lag_12__T2__has_bomb,8.705828076926991e-05,8.705828076926991e-05,T2__has_bomb,False
lag_08__CT5__has_defuser,8.703022467670962e-05,8.703022467670962e-05,CT5__has_defuser,False
lag_14__CT3__flash,8.692390838405117e-05,8.692390838405117e-05,CT3__flash,True
lag_12__T_alive,-8.690356480656192e-05,8.690356480656192e-05,T_alive,False
lag_03__CT_defuser_count,8.687658555572852e-05,8.687658555572852e-05,CT_defuser_count,False
lag_13__CT1__is_walking,-8.682525367476046e-05,8.682525367476046e-05,CT1__is_walking,False
lag_01__CT3__is_walking,-8.658425213070586e-05,8.658425213070586e-05,CT3__is_walking,False
lag_14__T5__alive,-8.656983118271455e-05,8.656983118271455e-05,T5__alive,False
lag_13__T_alive,-8.635625272290781e-05,8.635625272290781e-05,T_alive,False
lag_10__active_infernos_total,8.634811092633754e-05,8.634811092633754e-05,active_infernos_total,True
lag_10__T3__alive,-8.631688979221508e-05,8.631688979221508e-05,T3__alive,False
lag_07__T_place_TOPOFMID,-8.614289981778711e-05,8.614289981778711e-05,T_place_TOPOFMID,False
lag_05__CT1__flash_duration,8.611111843492836e-05,8.611111843492836e-05,CT1__flash_duration,True
lag_08__T4__duck_amount,8.610045188106596e-05,8.610045188106596e-05,T4__duck_amount,False
lag_11__T2__X,-8.602273010183126e-05,8.602273010183126e-05,T2__X,False
lag_10__T5__hp,-8.596958650741726e-05,8.596958650741726e-05,T5__hp,False
lag_04__T5__flash,-8.594681276008487e-05,8.594681276008487e-05,T5__flash,True
lag_10__spread_diff,8.590416109655052e-05,8.590416109655052e-05,spread_diff,False
lag_06__CT4__flash,8.588923810748383e-05,8.588923810748383e-05,CT4__flash,True
lag_04__CT_money_sum,8.58672137837857e-05,8.58672137837857e-05,CT_money_sum,False
lag_12__T3__armor,-8.582271402701735e-05,8.582271402701735e-05,T3__armor,False
lag_15__T5__utility_total,-8.573956438340247e-05,8.573956438340247e-05,T5__utility_total,True
lag_15__flash_inv_diff,8.571123180445284e-05,8.571123180445284e-05,flash_inv_diff,True
lag_05__T_place_TSPAWN,-8.569588680984452e-05,8.569588680984452e-05,T_place_TSPAWN,False
lag_14__T5__flash_duration,8.566310134483501e-05,8.566310134483501e-05,T5__flash_duration,True
lag_13__T3__hp,-8.563802839489654e-05,8.563802839489654e-05,T3__hp,False
lag_01__CT_smoke_inv,8.561676077079028e-05,8.561676077079028e-05,CT_smoke_inv,True
lag_06__T5__duck_amount,-8.557867840863764e-05,8.557867840863764e-05,T5__duck_amount,False
lag_07__T3__X,-8.557626279070973e-05,8.557626279070973e-05,T3__X,False
lag_14__T5__shots_fired,8.554284431738779e-05,8.554284431738779e-05,T5__shots_fired,False
lag_12__T5__flash_duration,8.553071529604495e-05,8.553071529604495e-05,T5__flash_duration,True
lag_11__CT_kills_last_3s,8.55123798828572e-05,8.55123798828572e-05,CT_kills_last_3s,False
lag_00__CT3__X,-8.546734170522541e-05,8.546734170522541e-05,CT3__X,False
lag_12__T_walking_count,8.54583122418262e-05,8.54583122418262e-05,T_walking_count,False
lag_00__CT_place_SNIPERSNEST,8.544206502847373e-05,8.544206502847373e-05,CT_place_SNIPERSNEST,False
lag_09__CT_place_CTSPAWN,8.535459346603602e-05,8.535459346603602e-05,CT_place_CTSPAWN,False
lag_15__T2__utility_total,-8.533483924111351e-05,8.533483924111351e-05,T2__utility_total,True
lag_05__T_alive,-8.533314394298941e-05,8.533314394298941e-05,T_alive,False
lag_14__smoke_inv_diff,8.531800995115191e-05,8.531800995115191e-05,smoke_inv_diff,True
lag_01__CT_mean_Y,-8.513274951837957e-05,8.513274951837957e-05,CT_mean_Y,False
lag_07__CT_unique_places,8.511810301570222e-05,8.511810301570222e-05,CT_unique_places,False
lag_12__T_B_site_active_infernos,-8.511772466590628e-05,8.511772466590628e-05,T_B_site_active_infernos,True
lag_03__T1__Y,-8.504399738740176e-05,8.504399738740176e-05,T1__Y,False
lag_02__T_smoke_inv,-8.502138371113688e-05,8.502138371113688e-05,T_smoke_inv,True
lag_01__T_place_CATWALK,8.500136027578264e-05,8.500136027578264e-05,T_place_CATWALK,False
lag_09__CT5__molly,-8.479991811327636e-05,8.479991811327636e-05,CT5__molly,True
lag_09__CT3__has_defuser,8.477076335111633e-05,8.477076335111633e-05,CT3__has_defuser,False
lag_02__CT2__molly,8.47636692924425e-05,8.47636692924425e-05,CT2__molly,True
lag_13__CT1__alive,-8.464299753541127e-05,8.464299753541127e-05,CT1__alive,False
lag_00__CT_closest_enemy_dist,8.458793308818713e-05,8.458793308818713e-05,CT_closest_enemy_dist,False
lag_13__T_smoke_inv,-8.448745938949287e-05,8.448745938949287e-05,T_smoke_inv,True
lag_15__CT2__molly,8.447543223155662e-05,8.447543223155662e-05,CT2__molly,True
lag_00__CT2__shots_fired,-8.443985279882327e-05,8.443985279882327e-05,CT2__shots_fired,False
lag_03__CT2__molly,8.441976387985051e-05,8.441976387985051e-05,CT2__molly,True
lag_11__CT3__smoke,8.438048826064914e-05,8.438048826064914e-05,CT3__smoke,True
lag_15__T_alive,-8.436809002887458e-05,8.436809002887458e-05,T_alive,False
lag_09__centroid_distance_xy,-8.43307570903562e-05,8.43307570903562e-05,centroid_distance_xy,False
lag_15__T3__flash,8.426784188486636e-05,8.426784188486636e-05,T3__flash,True
lag_00__T5__flash,-8.420591620961204e-05,8.420591620961204e-05,T5__flash,True
lag_09__CT_mean_X,-8.42058434500359e-05,8.42058434500359e-05,CT_mean_X,False
lag_12__T5__armor,-8.413205068791285e-05,8.413205068791285e-05,T5__armor,False
lag_13__CT_B_site_active_infernos,8.404823893215507e-05,8.404823893215507e-05,CT_B_site_active_infernos,True
lag_11__T_unique_places,-8.397169585805386e-05,8.397169585805386e-05,T_unique_places,False
lag_03__T_bomb_carrier_alive,8.395339682465419e-05,8.395339682465419e-05,T_bomb_carrier_alive,False
lag_11__CT4__has_defuser,8.383118256460875e-05,8.383118256460875e-05,CT4__has_defuser,False
lag_04__money_diff,8.37654952192679e-05,8.37654952192679e-05,money_diff,False
lag_05__T5__X,-8.347723633050919e-05,8.347723633050919e-05,T5__X,False
lag_02__T2__flash,-8.347698167199269e-05,8.347698167199269e-05,T2__flash,True
lag_04__T_mean_X,-8.338622865267098e-05,8.338622865267098e-05,T_mean_X,False
lag_03__CT5__Y,-8.327790419571102e-05,8.327790419571102e-05,CT5__Y,False
lag_12__T3__X,-8.324375812662765e-05,8.324375812662765e-05,T3__X,False
lag_09__CT_spread_xy,8.322144276462495e-05,8.322144276462495e-05,CT_spread_xy,False
lag_06__T_unique_places,8.320059714606032e-05,8.320059714606032e-05,T_unique_places,False
lag_04__T3__utility_total,-8.31989455036819e-05,8.31989455036819e-05,T3__utility_total,True
lag_11__CT4__X,-8.314904698636383e-05,8.314904698636383e-05,CT4__X,False
lag_02__molly_inv_diff,8.313547732541338e-05,8.313547732541338e-05,molly_inv_diff,True
lag_04__T3__has_helmet,-8.309346594614908e-05,8.309346594614908e-05,T3__has_helmet,False
lag_10__CT1__flash,-8.3042737969663e-05,8.3042737969663e-05,CT1__flash,True
lag_01__T_mean_Y,-8.302251808345318e-05,8.302251808345318e-05,T_mean_Y,False
lag_09__T3__armor,-8.294108556583524e-05,8.294108556583524e-05,T3__armor,False
lag_06__T3__alive,-8.291958511108533e-05,8.291958511108533e-05,T3__alive,False
lag_07__T_alive,-8.283287024823949e-05,8.283287024823949e-05,T_alive,False
lag_06__CT_A_site_active_infernos,-8.280127076432109e-05,8.280127076432109e-05,CT_A_site_active_infernos,True
lag_11__CT_macro_OTHER,-8.270625403383747e-05,8.270625403383747e-05,CT_macro_OTHER,False
lag_11__CT5__smoke,8.270239050034434e-05,8.270239050034434e-05,CT5__smoke,True
lag_14__centroid_distance_xy,-8.268957753898576e-05,8.268957753898576e-05,centroid_distance_xy,False
lag_07__utility_inv_diff,8.262366463895887e-05,8.262366463895887e-05,utility_inv_diff,True
lag_12__T5__shots_fired,8.258558227680624e-05,8.258558227680624e-05,T5__shots_fired,False
lag_11__alive_diff,8.252698899013922e-05,8.252698899013922e-05,alive_diff,False
lag_01__T5__utility_total,-8.252178668044508e-05,8.252178668044508e-05,T5__utility_total,True
lag_05__T4__has_helmet,-8.251581311924383e-05,8.251581311924383e-05,T4__has_helmet,False
lag_08__T_burning_players,8.246245852205902e-05,8.246245852205902e-05,T_burning_players,False
lag_02__T2__X,-8.242342300945893e-05,8.242342300945893e-05,T2__X,False
lag_14__T3__duck_amount,8.239957242039964e-05,8.239957242039964e-05,T3__duck_amount,False
lag_14__CT_flash_inv,8.237139991251752e-05,8.237139991251752e-05,CT_flash_inv,True
lag_07__alive_diff,8.230649109464139e-05,8.230649109464139e-05,alive_diff,False
lag_05__CT5__utility_total,-8.222895849030465e-05,8.222895849030465e-05,CT5__utility_total,True
lag_01__CT5__is_walking,-8.221124153351411e-05,8.221124153351411e-05,CT5__is_walking,False
lag_06__CT_macro_OTHER,-8.2132282841485e-05,8.2132282841485e-05,CT_macro_OTHER,False
lag_07__T_place_SIDEALLEY,-8.210298983613029e-05,8.210298983613029e-05,T_place_SIDEALLEY,False
lag_04__T3__flash,-8.209823135985062e-05,8.209823135985062e-05,T3__flash,True
lag_03__T_shots_fired_sum,8.208622602978721e-05,8.208622602978721e-05,T_shots_fired_sum,False
lag_09__T4__hp,-8.180705481208861e-05,8.180705481208861e-05,T4__hp,False
lag_01__CT2__shots_fired,8.17704712972045e-05,8.17704712972045e-05,CT2__shots_fired,False
lag_02__T2__smoke,-8.166701445588842e-05,8.166701445588842e-05,T2__smoke,True
lag_11__CT4__smoke,8.16610045148991e-05,8.16610045148991e-05,CT4__smoke,True
lag_04__T_cash_spent_round_sum,-8.162453741533682e-05,8.162453741533682e-05,T_cash_spent_round_sum,False
lag_04__CT_start_balance_sum,8.162390440702438e-05,8.162390440702438e-05,CT_start_balance_sum,False
lag_05__T5__has_helmet,-8.15554303699173e-05,8.15554303699173e-05,T5__has_helmet,False
lag_12__CT2__duck_amount,8.153021917678416e-05,8.153021917678416e-05,CT2__duck_amount,False
lag_10__T2__utility_total,-8.152503869496286e-05,8.152503869496286e-05,T2__utility_total,True
lag_14__CT_place_CATWALK,-8.149409404722974e-05,8.149409404722974e-05,CT_place_CATWALK,False
lag_07__CT1__has_helmet,-8.144109597196802e-05,8.144109597196802e-05,CT1__has_helmet,False
lag_00__CT3__Y,8.137895201798528e-05,8.137895201798528e-05,CT3__Y,False
lag_15__CT4__duck_amount,-8.136625547194853e-05,8.136625547194853e-05,CT4__duck_amount,False
lag_04__CT_velocity_mean,8.134050585795194e-05,8.134050585795194e-05,CT_velocity_mean,False
lag_08__T3__molly,-8.128750050673261e-05,8.128750050673261e-05,T3__molly,True
lag_04__T_helmet_count,-8.117301331367344e-05,8.117301331367344e-05,T_helmet_count,False
lag_03__CT_mean_X,-8.116505341604352e-05,8.116505341604352e-05,CT_mean_X,False
lag_06__CT1__duck_amount,-8.10692145023495e-05,8.10692145023495e-05,CT1__duck_amount,False
lag_06__T5__hp,-8.104248263407499e-05,8.104248263407499e-05,T5__hp,False
lag_10__CT_burning_players,8.098588295979425e-05,8.098588295979425e-05,CT_burning_players,False
lag_10__T3__hp,-8.092263306025416e-05,8.092263306025416e-05,T3__hp,False
lag_11__CT2__has_defuser,8.084009459707886e-05,8.084009459707886e-05,CT2__has_defuser,False
lag_04__armor_diff,8.078492101049051e-05,8.078492101049051e-05,armor_diff,False
lag_09__CT2__utility_total,8.076420635916293e-05,8.076420635916293e-05,CT2__utility_total,True
lag_05__T1__Y,-8.07609103503637e-05,8.07609103503637e-05,T1__Y,False
lag_02__CT_defuser_count,8.069797331700101e-05,8.069797331700101e-05,CT_defuser_count,False
lag_01__CT1__Y,-8.055518992478028e-05,8.055518992478028e-05,CT1__Y,False
lag_12__CT_A_site_active_infernos,8.055398211581632e-05,8.055398211581632e-05,CT_A_site_active_infernos,True
lag_12__T_kills_last_3s,-8.04878436611034e-05,8.04878436611034e-05,T_kills_last_3s,False
lag_12__T4__utility_total,-8.046939183259383e-05,8.046939183259383e-05,T4__utility_total,True
lag_14__CT4__X,-8.041568798944354e-05,8.041568798944354e-05,CT4__X,False
lag_13__CT_place_CATWALK,-8.0397556303069e-05,8.0397556303069e-05,CT_place_CATWALK,False
lag_09__CT_shots_fired_sum,8.039511885726824e-05,8.039511885726824e-05,CT_shots_fired_sum,False
lag_07__CT_round_start_equip_sum,8.031321340240538e-05,8.031321340240538e-05,CT_round_start_equip_sum,False
lag_09__CT4__molly,-8.030813478399068e-05,8.030813478399068e-05,CT4__molly,True
lag_02__CT_mean_X,-8.028258162084967e-05,8.028258162084967e-05,CT_mean_X,False
lag_03__CT_round_start_equip_sum,8.027676813071594e-05,8.027676813071594e-05,CT_round_start_equip_sum,False
lag_09__CT3__smoke,8.021074609132484e-05,8.021074609132484e-05,CT3__smoke,True
lag_13__T_mean_X,-8.019194501684979e-05,8.019194501684979e-05,T_mean_X,False
lag_11__T2__utility_total,-8.007782889762893e-05,8.007782889762893e-05,T2__utility_total,True
lag_12__CT_place_BOMBSITEB,7.998945511644706e-05,7.998945511644706e-05,CT_place_BOMBSITEB,False
lag_12__CT_macro_B,7.998945511644706e-05,7.998945511644706e-05,CT_macro_B,False
lag_08__CT_smoke_inv,7.994553743628785e-05,7.994553743628785e-05,CT_smoke_inv,True
lag_09__CT4__has_defuser,7.968857244122773e-05,7.968857244122773e-05,CT4__has_defuser,False
lag_04__CT4__flash,7.968594582052901e-05,7.968594582052901e-05,CT4__flash,True
lag_15__T5__alive,-7.965133409015834e-05,7.965133409015834e-05,T5__alive,False
lag_15__T_flash_inv,-7.962880772538483e-05,7.962880772538483e-05,T_flash_inv,True
lag_10__T2__molly,-7.959204958751798e-05,7.959204958751798e-05,T2__molly,True
lag_14__CT3__utility_total,7.954530883580446e-05,7.954530883580446e-05,CT3__utility_total,True
lag_02__T2__flash_duration,7.947440462885424e-05,7.947440462885424e-05,T2__flash_duration,True
lag_11__CT_round_start_equip_sum,7.945612742332742e-05,7.945612742332742e-05,CT_round_start_equip_sum,False
lag_01__CT_velocity_mean,7.942561933305115e-05,7.942561933305115e-05,CT_velocity_mean,False
lag_15__T_hp_sum,-7.94219013187103e-05,7.94219013187103e-05,T_hp_sum,False
lag_15__T_mean_X,-7.937524060253054e-05,7.937524060253054e-05,T_mean_X,False
lag_02__T_place_TSPAWN,-7.937118061818182e-05,7.937118061818182e-05,T_place_TSPAWN,False
lag_04__CT_place_CATWALK,-7.932070002425462e-05,7.932070002425462e-05,CT_place_CATWALK,False
lag_15__CT1__flash,-7.921545329736546e-05,7.921545329736546e-05,CT1__flash,True
lag_11__CT5__has_defuser,7.918630581116304e-05,7.918630581116304e-05,CT5__has_defuser,False
lag_13__T_hp_sum,-7.912844012025744e-05,7.912844012025744e-05,T_hp_sum,False
lag_09__T5__hp,-7.905109669081867e-05,7.905109669081867e-05,T5__hp,False
lag_04__CT5__utility_total,-7.900811760919169e-05,7.900811760919169e-05,CT5__utility_total,True
lag_06__CT_unique_places,7.896526221884415e-05,7.896526221884415e-05,CT_unique_places,False
lag_04__T1__Y,-7.885549712227657e-05,7.885549712227657e-05,T1__Y,False
lag_06__money_diff,7.884321530582383e-05,7.884321530582383e-05,money_diff,False
lag_02__CT4__utility_total,7.875935989432037e-05,7.875935989432037e-05,CT4__utility_total,True
lag_00__CT4__duck_amount,-7.875582377891988e-05,7.875582377891988e-05,CT4__duck_amount,False
lag_04__CT1__alive,-7.871424895711243e-05,7.871424895711243e-05,CT1__alive,False
lag_09__CT5__smoke,7.861552148824558e-05,7.861552148824558e-05,CT5__smoke,True
lag_13__CT_defuser_count,7.854442810639739e-05,7.854442810639739e-05,CT_defuser_count,False
lag_08__CT4__X,-7.852857379475608e-05,7.852857379475608e-05,CT4__X,False
lag_13__CT1__hp,-7.845781510695815e-05,7.845781510695815e-05,CT1__hp,False
lag_06__CT3__molly,-7.843604544177651e-05,7.843604544177651e-05,CT3__molly,True
lag_01__T_duck_amount_mean,7.840051694074646e-05,7.840051694074646e-05,T_duck_amount_mean,False
lag_06__CT3__has_defuser,7.835869473638013e-05,7.835869473638013e-05,CT3__has_defuser,False
lag_12__centroid_distance_xy,-7.835403084754944e-05,7.835403084754944e-05,centroid_distance_xy,False
lag_11__T5__hp,-7.832673873053864e-05,7.832673873053864e-05,T5__hp,False
lag_01__CT3__is_scoped,7.829350943211466e-05,7.829350943211466e-05,CT3__is_scoped,False
lag_13__T5__smoke,-7.787330105202273e-05,7.787330105202273e-05,T5__smoke,True
lag_02__T3__X,-7.783419277984649e-05,7.783419277984649e-05,T3__X,False
lag_03__T5__flash,-7.78037792770192e-05,7.78037792770192e-05,T5__flash,True
lag_10__T5__armor,-7.772976096021011e-05,7.772976096021011e-05,T5__armor,False
lag_06__T5__shots_fired,7.768052455503494e-05,7.768052455503494e-05,T5__shots_fired,False
lag_13__T4__has_helmet,-7.766749331494793e-05,7.766749331494793e-05,T4__has_helmet,False
lag_09__CT4__smoke,7.762559107504785e-05,7.762559107504785e-05,CT4__smoke,True
lag_08__T5__armor,-7.748260395601392e-05,7.748260395601392e-05,T5__armor,False
lag_11__CT_smoke_inv,7.74063155404292e-05,7.74063155404292e-05,CT_smoke_inv,True
lag_00__CT_flash_duration_sum,-7.73727660998702e-05,7.73727660998702e-05,CT_flash_duration_sum,True
lag_09__T5__shots_fired,7.729892240604386e-05,7.729892240604386e-05,T5__shots_fired,False
lag_09__T1__molly,7.726172771072015e-05,7.726172771072015e-05,T1__molly,True
lag_10__T_B_site_active_infernos,-7.723084127064794e-05,7.723084127064794e-05,T_B_site_active_infernos,True
lag_02__T_B_site_active_infernos,-7.721647125435993e-05,7.721647125435993e-05,T_B_site_active_infernos,True
lag_10__CT3__has_defuser,7.712004298809916e-05,7.712004298809916e-05,CT3__has_defuser,False
lag_10__T5__shots_fired,7.701652793912217e-05,7.701652793912217e-05,T5__shots_fired,False
lag_11__T4__hp,-7.69920225138776e-05,7.69920225138776e-05,T4__hp,False
lag_10__CT_closest_enemy_dist,-7.698435365455225e-05,7.698435365455225e-05,CT_closest_enemy_dist,False
lag_13__CT3__has_defuser,7.687712786719203e-05,7.687712786719203e-05,CT3__has_defuser,False
lag_11__T_macro_OTHER,-7.687037577852607e-05,7.687037577852607e-05,T_macro_OTHER,False
lag_00__T2__flash_duration,-7.685492892051116e-05,7.685492892051116e-05,T2__flash_duration,True
lag_09__CT2__has_defuser,7.684527372475713e-05,7.684527372475713e-05,CT2__has_defuser,False
lag_12__spread_diff,7.683166768401861e-05,7.683166768401861e-05,spread_diff,False
lag_15__utility_inv_diff,7.678916881559417e-05,7.678916881559417e-05,utility_inv_diff,True
lag_03__T_flash_duration_sum,7.677630492253229e-05,7.677630492253229e-05,T_flash_duration_sum,True
lag_01__CT4__X,-7.672575884498656e-05,7.672575884498656e-05,CT4__X,False
lag_14__equip_diff,7.670960621908307e-05,7.670960621908307e-05,equip_diff,False
lag_10__T5__X,-7.666505553061143e-05,7.666505553061143e-05,T5__X,False
lag_13__T2__flash,-7.65385921113193e-05,7.65385921113193e-05,T2__flash,True
lag_04__T2__molly,-7.653259672224522e-05,7.653259672224522e-05,T2__molly,True
lag_06__CT_start_balance_sum,7.644842844456434e-05,7.644842844456434e-05,CT_start_balance_sum,False
lag_04__CT1__utility_total,-7.642508717253804e-05,7.642508717253804e-05,CT1__utility_total,True
lag_06__CT_walking_count,7.639124669367447e-05,7.639124669367447e-05,CT_walking_count,False
lag_09__T5__flash_duration,7.634741632500663e-05,7.634741632500663e-05,T5__flash_duration,True
lag_11__CT3__is_walking,-7.615537469973788e-05,7.615537469973788e-05,CT3__is_walking,False
lag_12__T_flash_inv,-7.608838495798409e-05,7.608838495798409e-05,T_flash_inv,True
lag_08__CT5__flash,-7.604477286804467e-05,7.604477286804467e-05,CT5__flash,True
lag_02__T3__smoke,-7.604064012411982e-05,7.604064012411982e-05,T3__smoke,True
lag_01__T_macro_A,7.594175258418545e-05,7.594175258418545e-05,T_macro_A,False
lag_01__T_place_BOMBSITEA,7.594175258418545e-05,7.594175258418545e-05,T_place_BOMBSITEA,False
lag_12__T4__flash,-7.592947804369032e-05,7.592947804369032e-05,T4__flash,True
lag_14__T5__duck_amount,-7.579394878121093e-05,7.579394878121093e-05,T5__duck_amount,False
lag_03__T5__X,-7.578243094030768e-05,7.578243094030768e-05,T5__X,False
lag_15__T_flash_duration_sum,7.57790039642714e-05,7.57790039642714e-05,T_flash_duration_sum,True
lag_14__CT2__X,-7.573075708933175e-05,7.573075708933175e-05,CT2__X,False
lag_15__hp_diff,7.564502448076382e-05,7.564502448076382e-05,hp_diff,False
lag_13__CT_macro_OTHER,-7.563005783595145e-05,7.563005783595145e-05,CT_macro_OTHER,False
lag_15__T5__flash,-7.560747326351702e-05,7.560747326351702e-05,T5__flash,True
lag_07__CT_smoke_inv,7.558328798040748e-05,7.558328798040748e-05,CT_smoke_inv,True
lag_14__T5__hp,-7.557460048701614e-05,7.557460048701614e-05,T5__hp,False
lag_10__T_duck_amount_mean,-7.555906631750986e-05,7.555906631750986e-05,T_duck_amount_mean,False
lag_01__T_bomb_carrier_alive,7.552027818746865e-05,7.552027818746865e-05,T_bomb_carrier_alive,False
lag_06__T_alive,-7.551453018095344e-05,7.551453018095344e-05,T_alive,False
lag_10__CT_mean_X,-7.547922723460943e-05,7.547922723460943e-05,CT_mean_X,False
lag_13__T3__is_walking,-7.538896170444787e-05,7.538896170444787e-05,T3__is_walking,False
lag_05__hp_diff,7.531361188739538e-05,7.531361188739538e-05,hp_diff,False
lag_09__CT5__has_defuser,7.527321577072144e-05,7.527321577072144e-05,CT5__has_defuser,False
lag_14__CT_walking_count,7.52653504605405e-05,7.52653504605405e-05,CT_walking_count,False
lag_11__T_alive,-7.52331325202249e-05,7.52331325202249e-05,T_alive,False
lag_01__T2__is_walking,7.522233499912545e-05,7.522233499912545e-05,T2__is_walking,False
lag_12__T5__duck_amount,7.514237222494557e-05,7.514237222494557e-05,T5__duck_amount,False
lag_11__T4__armor,-7.512306910939515e-05,7.512306910939515e-05,T4__armor,False
lag_14__CT_utility_inv,7.50730832805857e-05,7.50730832805857e-05,CT_utility_inv,True
lag_09__CT4__X,-7.495985482819378e-05,7.495985482819378e-05,CT4__X,False
lag_06__CT_utility_damage_last_5s,-7.48755264794454e-05,7.48755264794454e-05,CT_utility_damage_last_5s,True
lag_05__T_place_BACKALLEY,7.484166417270899e-05,7.484166417270899e-05,T_place_BACKALLEY,False
lag_07__T5__is_walking,7.481071952497587e-05,7.481071952497587e-05,T5__is_walking,False
lag_02__CT5__is_walking,-7.481029024347663e-05,7.481029024347663e-05,CT5__is_walking,False
lag_08__CT_damage_last_5s,7.48048405512236e-05,7.48048405512236e-05,CT_damage_last_5s,False
lag_05__T_hp_sum,-7.475888560293242e-05,7.475888560293242e-05,T_hp_sum,False
lag_15__T_macro_OTHER,-7.474014273611829e-05,7.474014273611829e-05,T_macro_OTHER,False
lag_03__CT_burning_players,7.472174911526963e-05,7.472174911526963e-05,CT_burning_players,False
lag_11__T5__shots_fired,7.470792479580268e-05,7.470792479580268e-05,T5__shots_fired,False
lag_08__active_infernos_total,-7.460294727934524e-05,7.460294727934524e-05,active_infernos_total,True
lag_14__CT1__is_walking,7.452147110598162e-05,7.452147110598162e-05,CT1__is_walking,False
lag_11__T1__flash_duration,-7.449683471349999e-05,7.449683471349999e-05,T1__flash_duration,True
lag_04__CT1__hp,-7.447219832101837e-05,7.447219832101837e-05,CT1__hp,False
lag_12__T3__has_helmet,-7.438378088409081e-05,7.438378088409081e-05,T3__has_helmet,False
lag_06__CT_money_sum,7.434150029439479e-05,7.434150029439479e-05,CT_money_sum,False
lag_12__CT_spread_xy,7.424324576277286e-05,7.424324576277286e-05,CT_spread_xy,False
lag_15__T3__utility_total,7.418984023388475e-05,7.418984023388475e-05,T3__utility_total,True
lag_09__CT_flashed_players,7.418251334456727e-05,7.418251334456727e-05,CT_flashed_players,False
lag_06__CT3__smoke,7.414355786750093e-05,7.414355786750093e-05,CT3__smoke,True
lag_09__equip_diff,7.407280645566061e-05,7.407280645566061e-05,equip_diff,False
lag_13__CT2__utility_total,7.40071409381926e-05,7.40071409381926e-05,CT2__utility_total,True
lag_15__CT4__molly,-7.399420428555459e-05,7.399420428555459e-05,CT4__molly,True
lag_07__T_utility_damage_last_5s,-7.388133235508576e-05,7.388133235508576e-05,T_utility_damage_last_5s,True
lag_15__CT2__utility_total,7.381515024462715e-05,7.381515024462715e-05,CT2__utility_total,True
lag_13__equip_diff,7.378238660749048e-05,7.378238660749048e-05,equip_diff,False
lag_13__T3__armor,-7.371860556304455e-05,7.371860556304455e-05,T3__armor,False
lag_02__CT_round_start_equip_sum,7.370306411758065e-05,7.370306411758065e-05,CT_round_start_equip_sum,False
lag_05__CT_unique_places,7.368494698312134e-05,7.368494698312134e-05,CT_unique_places,False
lag_06__CT4__has_defuser,7.366084901150316e-05,7.366084901150316e-05,CT4__has_defuser,False
lag_08__CT2__utility_total,7.362390897469595e-05,7.362390897469595e-05,CT2__utility_total,True
lag_10__T2__X,-7.358939183177426e-05,7.358939183177426e-05,T2__X,False
lag_05__T_kills_last_3s,-7.357620779657736e-05,7.357620779657736e-05,T_kills_last_3s,False
lag_15__T1__X,-7.357521826634184e-05,7.357521826634184e-05,T1__X,False
lag_12__T_active_infernos,-7.335872942348942e-05,7.335872942348942e-05,T_active_infernos,True
lag_05__CT5__molly,-7.334874680964276e-05,7.334874680964276e-05,CT5__molly,True
lag_07__centroid_distance_xy,-7.333996472880244e-05,7.333996472880244e-05,centroid_distance_xy,False
lag_06__T5__X,-7.326599734369665e-05,7.326599734369665e-05,T5__X,False
lag_07__equip_diff,7.326233753701672e-05,7.326233753701672e-05,equip_diff,False
lag_06__T2__utility_total,-7.322937744902447e-05,7.322937744902447e-05,T2__utility_total,True
lag_15__CT_flash_duration_sum,-7.310964429052547e-05,7.310964429052547e-05,CT_flash_duration_sum,True
lag_05__CT2__molly,7.308855856535956e-05,7.308855856535956e-05,CT2__molly,True
lag_03__T3__X,-7.30410756659694e-05,7.30410756659694e-05,T3__X,False
lag_11__T_place_HOUSE,7.297345291590318e-05,7.297345291590318e-05,T_place_HOUSE,False
lag_10__CT3__smoke,7.297156116692349e-05,7.297156116692349e-05,CT3__smoke,True
lag_13__T_active_infernos,-7.292125519597903e-05,7.292125519597903e-05,T_active_infernos,True
lag_06__T5__armor,-7.290742360055447e-05,7.290742360055447e-05,T5__armor,False
lag_07__T_duck_amount_mean,-7.2863680543378e-05,7.2863680543378e-05,T_duck_amount_mean,False
lag_05__CT5__Y,-7.28463419363834e-05,7.28463419363834e-05,CT5__Y,False
lag_09__CT_closest_enemy_dist,-7.28342347429134e-05,7.28342347429134e-05,CT_closest_enemy_dist,False
lag_14__CT_flash_duration_sum,-7.28172599337995e-05,7.28172599337995e-05,CT_flash_duration_sum,True
lag_11__T5__molly,-7.280906720552593e-05,7.280906720552593e-05,T5__molly,True
lag_12__T5__has_helmet,-7.280326099134982e-05,7.280326099134982e-05,T5__has_helmet,False
lag_05__equip_diff,7.279562851181254e-05,7.279562851181254e-05,equip_diff,False
lag_09__CT5__is_walking,7.275675307027996e-05,7.275675307027996e-05,CT5__is_walking,False
lag_05__CT4__Y,-7.274701056303456e-05,7.274701056303456e-05,CT4__Y,False
lag_13__CT3__smoke,7.274167728610337e-05,7.274167728610337e-05,CT3__smoke,True
lag_06__CT5__smoke,7.266901229741052e-05,7.266901229741052e-05,CT5__smoke,True
lag_07__CT_spread_xy,7.264086161740124e-05,7.264086161740124e-05,CT_spread_xy,False
lag_06__T4__alive,-7.262583676492795e-05,7.262583676492795e-05,T4__alive,False
lag_09__T_closest_enemy_dist,-7.257518882397562e-05,7.257518882397562e-05,T_closest_enemy_dist,False
lag_10__CT4__has_defuser,7.249652117025107e-05,7.249652117025107e-05,CT4__has_defuser,False
lag_06__T4__hp,-7.241124694701284e-05,7.241124694701284e-05,T4__hp,False
lag_02__CT3__has_defuser,7.238755642902106e-05,7.238755642902106e-05,CT3__has_defuser,False
lag_09__T2__utility_total,-7.231366907944903e-05,7.231366907944903e-05,T2__utility_total,True
lag_15__T5__X,-7.229070615721866e-05,7.229070615721866e-05,T5__X,False
lag_13__CT4__has_defuser,7.226813613669947e-05,7.226813613669947e-05,CT4__has_defuser,False
lag_15__CT3__has_defuser,7.214147626655176e-05,7.214147626655176e-05,CT3__has_defuser,False
lag_03__CT3__has_defuser,7.209381146822125e-05,7.209381146822125e-05,CT3__has_defuser,False
lag_05__T_mean_X,-7.20865573384799e-05,7.20865573384799e-05,T_mean_X,False
lag_08__CT5__molly,-7.202497363323346e-05,7.202497363323346e-05,CT5__molly,True
lag_03__CT1__shots_fired,7.197166269179434e-05,7.197166269179434e-05,CT1__shots_fired,False
lag_15__alive_diff,7.191821350716054e-05,7.191821350716054e-05,alive_diff,False
lag_07__hp_diff,7.181337423389778e-05,7.181337423389778e-05,hp_diff,False
lag_06__CT4__smoke,7.175399514380842e-05,7.175399514380842e-05,CT4__smoke,True
lag_02__T5__duck_amount,7.166550494730473e-05,7.166550494730473e-05,T5__duck_amount,False
lag_12__armor_diff,7.15980349923484e-05,7.15980349923484e-05,armor_diff,False
lag_07__CT4__X,-7.158640073612332e-05,7.158640073612332e-05,CT4__X,False
lag_01__T4__utility_total,-7.158416701713577e-05,7.158416701713577e-05,T4__utility_total,True
lag_02__T5__utility_total,-7.15644346200861e-05,7.15644346200861e-05,T5__utility_total,True
lag_08__T4__hp,-7.155152707127854e-05,7.155152707127854e-05,T4__hp,False
lag_10__CT5__smoke,7.152035686885938e-05,7.152035686885938e-05,CT5__smoke,True
lag_14__T_place_TSPAWN,-7.143140828702599e-05,7.143140828702599e-05,T_place_TSPAWN,False
lag_12__CT2__X,-7.140848902054131e-05,7.140848902054131e-05,CT2__X,False
lag_05__T_flash_inv,-7.135711348382756e-05,7.135711348382756e-05,T_flash_inv,True
lag_02__T2__utility_total,-7.135381747502834e-05,7.135381747502834e-05,T2__utility_total,True
lag_15__T5__hp,-7.135076157283038e-05,7.135076157283038e-05,T5__hp,False
lag_10__T3__armor,-7.130282756406814e-05,7.130282756406814e-05,T3__armor,False
lag_13__CT5__smoke,7.129504956537858e-05,7.129504956537858e-05,CT5__smoke,True
lag_04__T5__molly,-7.121394446585327e-05,7.121394446585327e-05,T5__molly,True
lag_10__CT4__X,-7.121165981516242e-05,7.121165981516242e-05,CT4__X,False
lag_01__closest_enemy_dist_diff,7.116508641047403e-05,7.116508641047403e-05,closest_enemy_dist_diff,False
lag_04__T5__smoke,-7.11558386683464e-05,7.11558386683464e-05,T5__smoke,True
lag_06__T_place_SIDEALLEY,-7.112143066478893e-05,7.112143066478893e-05,T_place_SIDEALLEY,False
lag_06__CT2__has_defuser,7.103262760210782e-05,7.103262760210782e-05,CT2__has_defuser,False
lag_12__T5__utility_total,-7.100666698534042e-05,7.100666698534042e-05,T5__utility_total,True
lag_07__T_kills_last_3s,7.10013773641549e-05,7.10013773641549e-05,T_kills_last_3s,False
lag_07__CT4__Y,-7.094083412084728e-05,7.094083412084728e-05,CT4__Y,False
lag_13__T5__molly,-7.090595318004489e-05,7.090595318004489e-05,T5__molly,True
lag_04__T4__flash_duration,-7.087047561071813e-05,7.087047561071813e-05,T4__flash_duration,True
lag_05__CT2__utility_total,7.073239248711616e-05,7.073239248711616e-05,CT2__utility_total,True
lag_11__T2__is_walking,7.071385334711522e-05,7.071385334711522e-05,T2__is_walking,False
lag_13__CT_round_start_equip_sum,7.071200525388122e-05,7.071200525388122e-05,CT_round_start_equip_sum,False
lag_10__damage_diff_last_5s,-7.070792344165966e-05,7.070792344165966e-05,damage_diff_last_5s,False
lag_12__T2__duck_amount,7.068520062603056e-05,7.068520062603056e-05,T2__duck_amount,False
lag_15__CT_mean_X,-7.0657828473486e-05,7.0657828473486e-05,CT_mean_X,False
lag_10__CT4__smoke,7.061976793920621e-05,7.061976793920621e-05,CT4__smoke,True
lag_09__T5__armor,-7.057454786263406e-05,7.057454786263406e-05,T5__armor,False
lag_03__CT1__flash_duration,7.048750558169559e-05,7.048750558169559e-05,CT1__flash_duration,True
lag_13__T_unique_places,-7.042942161206156e-05,7.042942161206156e-05,T_unique_places,False
lag_06__CT5__utility_total,-7.0416004746221e-05,7.0416004746221e-05,CT5__utility_total,True
lag_08__T_hp_sum,-7.041009666863829e-05,7.041009666863829e-05,T_hp_sum,False
lag_01__CT1__X,-7.039777119643986e-05,7.039777119643986e-05,CT1__X,False
lag_13__CT4__smoke,7.039733463898301e-05,7.039733463898301e-05,CT4__smoke,True
lag_09__T3__has_helmet,-7.038986223051324e-05,7.038986223051324e-05,T3__has_helmet,False
lag_03__T2__flash,-7.030474807834253e-05,7.030474807834253e-05,T2__flash,True
lag_08__centroid_distance_xy,-7.02719044056721e-05,7.02719044056721e-05,centroid_distance_xy,False
lag_02__CT_flash_duration_sum,-7.016470044618472e-05,7.016470044618472e-05,CT_flash_duration_sum,True
lag_11__hp_diff,7.014800939941779e-05,7.014800939941779e-05,hp_diff,False
lag_11__equip_diff,7.014058792265132e-05,7.014058792265132e-05,equip_diff,False
lag_11__T3__utility_total,-7.007907697698101e-05,7.007907697698101e-05,T3__utility_total,True
lag_09__kill_diff_last_3s,7.000292680459097e-05,7.000292680459097e-05,kill_diff_last_3s,False
lag_06__T_mean_X,-6.994949217187241e-05,6.994949217187241e-05,T_mean_X,False
lag_09__T4__armor,-6.993135320954025e-05,6.993135320954025e-05,T4__armor,False
lag_10__CT2__has_defuser,6.990987458266318e-05,6.990987458266318e-05,CT2__has_defuser,False
lag_15__T5__shots_fired,6.984541687415913e-05,6.984541687415913e-05,T5__shots_fired,False
lag_05__spread_diff,6.984336505411193e-05,6.984336505411193e-05,spread_diff,False
lag_05__T4__flash,-6.983670027693734e-05,6.983670027693734e-05,T4__flash,True
lag_09__T5__X,-6.981630576774478e-05,6.981630576774478e-05,T5__X,False
lag_14__kill_diff_last_3s,6.979925819905475e-05,6.979925819905475e-05,kill_diff_last_3s,False
lag_13__CT2__duck_amount,-6.97220821166411e-05,6.97220821166411e-05,CT2__duck_amount,False
lag_13__CT2__has_defuser,6.968966772546992e-05,6.968966772546992e-05,CT2__has_defuser,False
lag_10__T_mean_X,-6.967354420339689e-05,6.967354420339689e-05,T_mean_X,False
lag_00__CT1__is_walking,6.96270217304118e-05,6.96270217304118e-05,CT1__is_walking,False
lag_06__CT4__Y,-6.96028073434718e-05,6.96028073434718e-05,CT4__Y,False
lag_11__T5__armor,-6.959129677852616e-05,6.959129677852616e-05,T5__armor,False
lag_05__T4__utility_total,-6.958287849556655e-05,6.958287849556655e-05,T4__utility_total,True
lag_06__CT5__has_defuser,6.957949517527595e-05,6.957949517527595e-05,CT5__has_defuser,False
lag_06__T2__flash_duration,-6.957078585401177e-05,6.957078585401177e-05,T2__flash_duration,True
lag_00__CT_macro_A,6.950407259864733e-05,6.950407259864733e-05,CT_macro_A,False
lag_00__CT_place_BOMBSITEA,6.950407259864733e-05,6.950407259864733e-05,CT_place_BOMBSITEA,False
lag_06__T4__duck_amount,6.947695510461926e-05,6.947695510461926e-05,T4__duck_amount,False
lag_04__CT4__molly,-6.945856875972822e-05,6.945856875972822e-05,CT4__molly,True
lag_08__armor_diff,6.945440691197291e-05,6.945440691197291e-05,armor_diff,False
lag_07__CT2__X,-6.937224679859355e-05,6.937224679859355e-05,CT2__X,False
lag_05__CT1__shots_fired,6.906997441546991e-05,6.906997441546991e-05,CT1__shots_fired,False
lag_07__CT1__utility_total,-6.902694440213963e-05,6.902694440213963e-05,CT1__utility_total,True
lag_04__CT_place_SHOP,-6.879420834593475e-05,6.879420834593475e-05,CT_place_SHOP,False
lag_15__T_place_HOUSE,6.867165211588144e-05,6.867165211588144e-05,T_place_HOUSE,False
lag_13__CT_mean_X,-6.864600436529145e-05,6.864600436529145e-05,CT_mean_X,False
lag_08__CT4__Y,-6.855206447653472e-05,6.855206447653472e-05,CT4__Y,False
lag_13__CT1__armor,-6.854403909528628e-05,6.854403909528628e-05,CT1__armor,False
lag_09__T_utility_damage_last_5s,-6.852271326351911e-05,6.852271326351911e-05,T_utility_damage_last_5s,True
lag_02__CT3__smoke,6.849373312434182e-05,6.849373312434182e-05,CT3__smoke,True
lag_10__CT5__has_defuser,6.847964687040076e-05,6.847964687040076e-05,CT5__has_defuser,False
lag_05__flash_inv_diff,6.8449298851192e-05,6.8449298851192e-05,flash_inv_diff,True
lag_01__CT2__utility_total,6.826736353104934e-05,6.826736353104934e-05,CT2__utility_total,True
lag_13__CT5__has_defuser,6.826394383097067e-05,6.826394383097067e-05,CT5__has_defuser,False
lag_15__CT3__smoke,6.826076423749328e-05,6.826076423749328e-05,CT3__smoke,True
lag_01__CT2__flash,6.821872375439852e-05,6.821872375439852e-05,CT2__flash,True
lag_03__CT3__smoke,6.82157842675224e-05,6.82157842675224e-05,CT3__smoke,True
lag_04__T4__X,-6.814009975641966e-05,6.814009975641966e-05,T4__X,False
lag_08__CT2__X,-6.805649172747508e-05,6.805649172747508e-05,CT2__X,False
lag_02__CT4__has_defuser,6.804779695812613e-05,6.804779695812613e-05,CT4__has_defuser,False
lag_02__T_place_SNIPERSNEST,6.8035522417631e-05,6.8035522417631e-05,T_place_SNIPERSNEST,False
lag_09__CT_damage_last_5s,6.802534335292876e-05,6.802534335292876e-05,CT_damage_last_5s,False
lag_01__CT2__has_helmet,6.793478678446263e-05,6.793478678446263e-05,CT2__has_helmet,False
lag_03__CT_place_CTSPAWN,-6.788370956201106e-05,6.788370956201106e-05,CT_place_CTSPAWN,False
lag_15__CT3__flash,6.782270793337375e-05,6.782270793337375e-05,CT3__flash,True
lag_15__CT4__has_defuser,6.781641423003748e-05,6.781641423003748e-05,CT4__has_defuser,False
lag_11__T5__X,-6.779006798751652e-05,6.779006798751652e-05,T5__X,False
lag_03__CT4__has_defuser,6.777170347049832e-05,6.777170347049832e-05,CT4__has_defuser,False
lag_10__T5__has_helmet,-6.775474321329966e-05,6.775474321329966e-05,T5__has_helmet,False
lag_01__CT5__has_helmet,6.773046334274113e-05,6.773046334274113e-05,CT5__has_helmet,False
lag_15__T_utility_inv,-6.763450073776767e-05,6.763450073776767e-05,T_utility_inv,True
lag_08__T3__smoke,-6.761376425856724e-05,6.761376425856724e-05,T3__smoke,True
lag_04__T1__X,-6.755909998901188e-05,6.755909998901188e-05,T1__X,False
lag_04__CT1__shots_fired,6.753741763532162e-05,6.753741763532162e-05,CT1__shots_fired,False
lag_06__CT_mean_X,-6.74807233735919e-05,6.74807233735919e-05,CT_mean_X,False
lag_08__T4__armor,-6.747589213773608e-05,6.747589213773608e-05,T4__armor,False
lag_14__T_mean_X,-6.744252459611744e-05,6.744252459611744e-05,T_mean_X,False
lag_07__CT1__has_defuser,-6.737028888892382e-05,6.737028888892382e-05,CT1__has_defuser,False
lag_11__utility_inv_diff,6.735902570653707e-05,6.735902570653707e-05,utility_inv_diff,True
lag_07__CT1__smoke,-6.735270289937034e-05,6.735270289937034e-05,CT1__smoke,True
lag_01__CT4__has_helmet,6.729090819135308e-05,6.729090819135308e-05,CT4__has_helmet,False
lag_02__CT5__smoke,6.713156471960247e-05,6.713156471960247e-05,CT5__smoke,True
lag_04__CT_damage_last_5s,6.711100286338478e-05,6.711100286338478e-05,CT_damage_last_5s,False
lag_06__T_flash_inv,-6.706322892569005e-05,6.706322892569005e-05,T_flash_inv,True
lag_02__T5__smoke,-6.704733823426068e-05,6.704733823426068e-05,T5__smoke,True
lag_05__CT2__is_walking,-6.698077777400613e-05,6.698077777400613e-05,CT2__is_walking,False
lag_11__T4__has_helmet,-6.696928176097572e-05,6.696928176097572e-05,T4__has_helmet,False
lag_12__T_hp_sum,-6.695985939586535e-05,6.695985939586535e-05,T_hp_sum,False
lag_06__T3__hp,-6.694766489090398e-05,6.694766489090398e-05,T3__hp,False
lag_01__CT1__molly,-6.694198964396492e-05,6.694198964396492e-05,CT1__molly,True
lag_05__smoke_inv_diff,6.691869930364192e-05,6.691869930364192e-05,smoke_inv_diff,True
lag_15__CT5__smoke,6.690324516966939e-05,6.690324516966939e-05,CT5__smoke,True
lag_03__CT5__smoke,6.685916014248505e-05,6.685916014248505e-05,CT5__smoke,True
lag_08__T5__has_helmet,-6.681771628791466e-05,6.681771628791466e-05,T5__has_helmet,False
lag_08__CT3__flash,6.679539364995435e-05,6.679539364995435e-05,CT3__flash,True
lag_14__CT4__duck_amount,6.679350190097466e-05,6.679350190097466e-05,CT4__duck_amount,False
lag_05__CT1__alive,-6.675165059277788e-05,6.675165059277788e-05,CT1__alive,False
lag_06__CT_closest_enemy_dist,-6.672675226582214e-05,6.672675226582214e-05,CT_closest_enemy_dist,False
lag_04__CT1__armor,-6.669711729045957e-05,6.669711729045957e-05,CT1__armor,False
lag_03__T_place_TSPAWN,-6.666898116236553e-05,6.666898116236553e-05,T_place_TSPAWN,False
lag_07__CT5__is_walking,-6.666424451395869e-05,6.666424451395869e-05,CT5__is_walking,False
lag_05__T_place_TOPOFMID,6.663056410616264e-05,6.663056410616264e-05,T_place_TOPOFMID,False
lag_12__CT3__is_walking,-6.6624183091335e-05,6.6624183091335e-05,CT3__is_walking,False
lag_03__T2__X,-6.656198820564896e-05,6.656198820564896e-05,T2__X,False
lag_09__T_alive,-6.649923307122663e-05,6.649923307122663e-05,T_alive,False
lag_09__utility_inv_diff,6.639491039095446e-05,6.639491039095446e-05,utility_inv_diff,True
lag_06__T3__armor,-6.636129546677694e-05,6.636129546677694e-05,T3__armor,False
lag_05__damage_diff_last_5s,6.63401442579925e-05,6.63401442579925e-05,damage_diff_last_5s,False
lag_14__T5__armor,-6.630427378695458e-05,6.630427378695458e-05,T5__armor,False
lag_02__CT4__smoke,6.628620030824095e-05,6.628620030824095e-05,CT4__smoke,True
lag_14__T4__utility_total,-6.623514491366223e-05,6.623514491366223e-05,T4__utility_total,True
lag_12__T2__smoke,-6.617724284296855e-05,6.617724284296855e-05,T2__smoke,True
lag_08__CT1__alive,-6.612978177145123e-05,6.612978177145123e-05,CT1__alive,False
lag_12__CT2__flash,6.608339754166082e-05,6.608339754166082e-05,CT2__flash,True
lag_15__CT4__smoke,6.606078386539593e-05,6.606078386539593e-05,CT4__smoke,True
lag_14__CT2__flash,6.604793452424929e-05,6.604793452424929e-05,CT2__flash,True
lag_13__T3__utility_total,-6.60260338918306e-05,6.60260338918306e-05,T3__utility_total,True
lag_03__CT4__smoke,6.601722998311743e-05,6.601722998311743e-05,CT4__smoke,True
lag_02__T5__X,-6.592021236428991e-05,6.592021236428991e-05,T5__X,False
lag_07__CT2__flash,6.58896824461408e-05,6.58896824461408e-05,CT2__flash,True
lag_01__T5__smoke,-6.58753197058104e-05,6.58753197058104e-05,T5__smoke,True
lag_05__CT1__molly,-6.587110692635179e-05,6.587110692635179e-05,CT1__molly,True
lag_12__CT2__has_helmet,6.580828630831093e-05,6.580828630831093e-05,CT2__has_helmet,False
lag_02__CT5__flash,-6.578910688403994e-05,6.578910688403994e-05,CT5__flash,True
lag_14__CT2__has_helmet,6.577294698217884e-05,6.577294698217884e-05,CT2__has_helmet,False
lag_05__T_place_STAIRS,-6.576036685146391e-05,6.576036685146391e-05,T_place_STAIRS,False
lag_12__CT_scoped_count,6.568548269569874e-05,6.568548269569874e-05,CT_scoped_count,False
lag_06__T3__duck_amount,6.564776413142681e-05,6.564776413142681e-05,T3__duck_amount,False
lag_03__T5__duck_amount,-6.564048089785501e-05,6.564048089785501e-05,T5__duck_amount,False
lag_02__CT2__has_defuser,6.561983173014596e-05,6.561983173014596e-05,CT2__has_defuser,False
lag_07__CT2__has_helmet,6.561540794791654e-05,6.561540794791654e-05,CT2__has_helmet,False
lag_12__CT5__has_helmet,6.561041664099321e-05,6.561041664099321e-05,CT5__has_helmet,False
lag_14__CT5__has_helmet,6.557514279847965e-05,6.557514279847965e-05,CT5__has_helmet,False
lag_07__CT5__has_helmet,6.541810580529273e-05,6.541810580529273e-05,CT5__has_helmet,False
lag_13__T5__flash,-6.540166214108467e-05,6.540166214108467e-05,T5__flash,True
lag_15__CT2__has_defuser,6.539679452544078e-05,6.539679452544078e-05,CT2__has_defuser,False
lag_08__CT2__flash,6.53831593808718e-05,6.53831593808718e-05,CT2__flash,True
lag_03__CT2__has_defuser,6.535358988912776e-05,6.535358988912776e-05,CT2__has_defuser,False
lag_14__T5__is_walking,-6.52987728244625e-05,6.52987728244625e-05,T5__is_walking,False
lag_08__T5__X,-6.52978487778455e-05,6.52978487778455e-05,T5__X,False
lag_07__CT1__flash,-6.528737139888108e-05,6.528737139888108e-05,CT1__flash,True
lag_05__T3__hp,-6.527372897835448e-05,6.527372897835448e-05,T3__hp,False
lag_13__T5__X,-6.524125637952238e-05,6.524125637952238e-05,T5__X,False
lag_13__CT_smoke_inv,6.523923366330564e-05,6.523923366330564e-05,CT_smoke_inv,True
lag_07__CT1__X,-6.523139745695516e-05,6.523139745695516e-05,CT1__X,False
lag_00__money_diff,6.522808689624071e-05,6.522808689624071e-05,money_diff,False
lag_10__T_active_infernos,-6.518814916489646e-05,6.518814916489646e-05,T_active_infernos,True
lag_12__CT4__has_helmet,6.518456939375028e-05,6.518456939375028e-05,CT4__has_helmet,False
lag_14__CT4__has_helmet,6.514956476166844e-05,6.514956476166844e-05,CT4__has_helmet,False
lag_04__CT4__Y,-6.513170956168324e-05,6.513170956168324e-05,CT4__Y,False
lag_08__CT2__has_helmet,6.511100218631327e-05,6.511100218631327e-05,CT2__has_helmet,False
lag_06__CT_place_BOMBSITEA,6.510607636300847e-05,6.510607636300847e-05,CT_place_BOMBSITEA,False
lag_06__CT_macro_A,6.510607636300847e-05,6.510607636300847e-05,CT_macro_A,False
lag_01__T4__flash,-6.500299787148833e-05,6.500299787148833e-05,T4__flash,True
lag_07__CT4__has_helmet,6.49935391265899e-05,6.49935391265899e-05,CT4__has_helmet,False
lag_08__CT5__has_helmet,6.491522071883082e-05,6.491522071883082e-05,CT5__has_helmet,False
lag_08__CT1__X,-6.481042510131374e-05,6.481042510131374e-05,CT1__X,False
lag_00__T_mean_X,-6.476453563664109e-05,6.476453563664109e-05,T_mean_X,False
lag_14__T3__X,-6.467798812082037e-05,6.467798812082037e-05,T3__X,False
lag_02__T_active_infernos,-6.466831109719351e-05,6.466831109719351e-05,T_active_infernos,True
lag_13__T_place_HOUSE,6.461056182160974e-05,6.461056182160974e-05,T_place_HOUSE,False
lag_12__T4__flash_duration,-6.45673499093391e-05,6.45673499093391e-05,T4__flash_duration,True
lag_04__T3__molly,-6.455229595303535e-05,6.455229595303535e-05,T3__molly,True
lag_08__CT4__has_helmet,6.44938918412663e-05,6.44938918412663e-05,CT4__has_helmet,False
lag_07__T5__X,-6.448673229897395e-05,6.448673229897395e-05,T5__X,False
lag_12__T4__molly,-6.446016050176695e-05,6.446016050176695e-05,T4__molly,True
lag_10__T_place_HOUSE,-6.435417890315875e-05,6.435417890315875e-05,T_place_HOUSE,False
lag_08__T2__flash_duration,-6.431861402234063e-05,6.431861402234063e-05,T2__flash_duration,True
lag_05__CT_defuser_count,6.430855864891782e-05,6.430855864891782e-05,CT_defuser_count,False
lag_02__T1__is_walking,-6.4299107179977e-05,6.4299107179977e-05,T1__is_walking,False
lag_02__CT5__has_defuser,6.427741755032912e-05,6.427741755032912e-05,CT5__has_defuser,False
lag_01__CT_equip_value_sum,6.427436892408878e-05,6.427436892408878e-05,CT_equip_value_sum,False
lag_13__T4__duck_amount,-6.425316678360105e-05,6.425316678360105e-05,T4__duck_amount,False
lag_02__centroid_distance_xy,-6.422054866561666e-05,6.422054866561666e-05,centroid_distance_xy,False
lag_11__CT1__molly,-6.421811849577352e-05,6.421811849577352e-05,CT1__molly,True
lag_04__T_smoke_inv,-6.417184340534732e-05,6.417184340534732e-05,T_smoke_inv,True
lag_06__CT_place_CTSPAWN,-6.416448741219938e-05,6.416448741219938e-05,CT_place_CTSPAWN,False
lag_00__CT5__shots_fired,6.409051275113598e-05,6.409051275113598e-05,CT5__shots_fired,False
lag_11__CT4__utility_total,6.408727494999766e-05,6.408727494999766e-05,CT4__utility_total,True
lag_15__CT5__has_defuser,6.405884778359905e-05,6.405884778359905e-05,CT5__has_defuser,False
lag_04__T_place_BACKALLEY,6.40286089037545e-05,6.40286089037545e-05,T_place_BACKALLEY,False
lag_03__CT5__has_defuser,6.401656719390303e-05,6.401656719390303e-05,CT5__has_defuser,False
lag_15__T5__armor,-6.398383266059682e-05,6.398383266059682e-05,T5__armor,False
lag_15__T_place_TSPAWN,-6.397000834112987e-05,6.397000834112987e-05,T_place_TSPAWN,False
lag_07__CT1__duck_amount,-6.392125942511484e-05,6.392125942511484e-05,CT1__duck_amount,False
lag_08__CT1__Y,-6.386606401065364e-05,6.386606401065364e-05,CT1__Y,False
lag_08__T_B_site_active_smokes,-6.379741535056382e-05,6.379741535056382e-05,T_B_site_active_smokes,True
lag_13__CT4__X,-6.376935925800353e-05,6.376935925800353e-05,CT4__X,False
lag_01__T_closest_enemy_dist,6.37659541098401e-05,6.37659541098401e-05,T_closest_enemy_dist,False
lag_01__CT_place_CTSPAWN,6.3733481511008e-05,6.3733481511008e-05,CT_place_CTSPAWN,False
lag_13__T3__has_helmet,-6.373206997523084e-05,6.373206997523084e-05,T3__has_helmet,False
lag_10__T_place_TSPAWN,-6.367056630551815e-05,6.367056630551815e-05,T_place_TSPAWN,False
lag_04__CT3__Y,6.366995512507856e-05,6.366995512507856e-05,CT3__Y,False
lag_11__CT_damage_last_5s,6.366450543282554e-05,6.366450543282554e-05,CT_damage_last_5s,False
lag_11__T3__flash,-6.353233038680628e-05,6.353233038680628e-05,T3__flash,True
lag_04__CT2__Y,6.346742884488776e-05,6.346742884488776e-05,CT2__Y,False
lag_11__T_mean_X,-6.337001104839146e-05,6.337001104839146e-05,T_mean_X,False
lag_06__T5__has_helmet,-6.33456656942144e-05,6.33456656942144e-05,T5__has_helmet,False
lag_10__CT_shots_fired_sum,-6.32410155958496e-05,6.32410155958496e-05,CT_shots_fired_sum,False
lag_12__CT1__X,-6.317740917438641e-05,6.317740917438641e-05,CT1__X,False
lag_07__T_smoke_inv,-6.3174324168358e-05,6.3174324168358e-05,T_smoke_inv,True
lag_01__active_infernos_total,-6.315716018434614e-05,6.315716018434614e-05,active_infernos_total,True
lag_11__T5__utility_total,-6.311818287940696e-05,6.311818287940696e-05,T5__utility_total,True
lag_03__centroid_distance_xy,-6.308317097136751e-05,6.308317097136751e-05,centroid_distance_xy,False
lag_07__CT_mean_Y,-6.306976138148457e-05,6.306976138148457e-05,CT_mean_Y,False
lag_00__T1__flash,-6.306928844423965e-05,6.306928844423965e-05,T1__flash,True
lag_06__T_active_smokes,6.299404776655138e-05,6.299404776655138e-05,T_active_smokes,True
lag_11__CT1__utility_total,-6.295888306340203e-05,6.295888306340203e-05,CT1__utility_total,True
lag_15__T3__Y,6.294321065070108e-05,6.294321065070108e-05,T3__Y,False
lag_00__CT1__alive,6.285264680627733e-05,6.285264680627733e-05,CT1__alive,False
lag_14__T_alive,-6.282858521444723e-05,6.282858521444723e-05,T_alive,False
lag_11__CT2__X,-6.278124783420935e-05,6.278124783420935e-05,CT2__X,False
lag_08__CT_place_CTSPAWN,6.271559686865658e-05,6.271559686865658e-05,CT_place_CTSPAWN,False
lag_05__T_armor_sum,-6.270159065024927e-05,6.270159065024927e-05,T_armor_sum,False
lag_09__bomb_events_last_5s,-6.268841389100999e-05,6.268841389100999e-05,bomb_events_last_5s,False
lag_13__CT1__utility_total,-6.26865221420303e-05,6.26865221420303e-05,CT1__utility_total,True
lag_07__T_active_smokes,6.265377305680886e-05,6.265377305680886e-05,T_active_smokes,True
lag_10__T_smoke_inv,-6.264771946007386e-05,6.264771946007386e-05,T_smoke_inv,True
lag_10__T_closest_enemy_dist,-6.247733836062253e-05,6.247733836062253e-05,T_closest_enemy_dist,False
lag_15__CT3__is_walking,-6.246392149478197e-05,6.246392149478197e-05,CT3__is_walking,False
lag_15__T4__flash_duration,-6.242683593882248e-05,6.242683593882248e-05,T4__flash_duration,True
lag_05__CT3__has_defuser,6.241710798349231e-05,6.241710798349231e-05,CT3__has_defuser,False
lag_02__T4__has_bomb,-6.239704816835001e-05,6.239704816835001e-05,T4__has_bomb,False
lag_12__T5__is_walking,-6.234859029063955e-05,6.234859029063955e-05,T5__is_walking,False
lag_14__CT1__molly,-6.229241989785805e-05,6.229241989785805e-05,CT1__molly,True
lag_08__T2__molly,-6.228021084098145e-05,6.228021084098145e-05,T2__molly,True
lag_05__T3__alive,-6.221246439963579e-05,6.221246439963579e-05,T3__alive,False
lag_01__T5__duck_amount,-6.217959889909253e-05,6.217959889909253e-05,T5__duck_amount,False
lag_07__CT1__Y,-6.20906866970472e-05,6.20906866970472e-05,CT1__Y,False
lag_04__T2__X,-6.205658428370953e-05,6.205658428370953e-05,T2__X,False
lag_00__CT1__hp,6.198303890414536e-05,6.198303890414536e-05,CT1__hp,False
lag_03__CT5__molly,-6.197843322297558e-05,6.197843322297558e-05,CT5__molly,True
lag_10__T3__has_helmet,-6.18773337919265e-05,6.18773337919265e-05,T3__has_helmet,False
lag_15__T3__X,-6.186978134792298e-05,6.186978134792298e-05,T3__X,False
lag_03__CT5__flash,-6.182496144901961e-05,6.182496144901961e-05,CT5__flash,True
lag_12__T1__utility_total,6.182129436638206e-05,6.182129436638206e-05,T1__utility_total,True
lag_05__CT1__hp,-6.175712042022496e-05,6.175712042022496e-05,CT1__hp,False
lag_05__CT_damage_last_5s,-6.175022281240672e-05,6.175022281240672e-05,CT_damage_last_5s,False
lag_10__T4__alive,-6.167830724734813e-05,6.167830724734813e-05,T4__alive,False
lag_08__T_armor_sum,-6.166942330310121e-05,6.166942330310121e-05,T_armor_sum,False
lag_12__bomb_events_last_5s,-6.163567741168663e-05,6.163567741168663e-05,bomb_events_last_5s,False
lag_13__T4__has_bomb,-6.160022167023271e-05,6.160022167023271e-05,T4__has_bomb,False
lag_09__CT_kills_last_3s,-6.153482536319643e-05,6.153482536319643e-05,CT_kills_last_3s,False
lag_06__T_closest_enemy_dist,-6.14967939327471e-05,6.14967939327471e-05,T_closest_enemy_dist,False
lag_12__CT_equip_value_sum,6.148374086478725e-05,6.148374086478725e-05,CT_equip_value_sum,False
lag_06__T1__molly,-6.1427490436472e-05,6.1427490436472e-05,T1__molly,True
lag_02__T1__hp,-6.138908793218434e-05,6.138908793218434e-05,T1__hp,False
lag_06__CT4__utility_total,6.135909643489867e-05,6.135909643489867e-05,CT4__utility_total,True
lag_10__T4__hp,-6.125987420091406e-05,6.125987420091406e-05,T4__hp,False
lag_09__T4__has_helmet,-6.121050682850182e-05,6.121050682850182e-05,T4__has_helmet,False
lag_12__T1__flash_duration,6.120629404904321e-05,6.120629404904321e-05,T1__flash_duration,True
lag_14__CT_macro_OTHER,-6.115199357736856e-05,6.115199357736856e-05,CT_macro_OTHER,False
lag_13__CT5__flash,-6.108025991125032e-05,6.108025991125032e-05,CT5__flash,True
lag_07__CT3__utility_total,6.106775254011154e-05,6.106775254011154e-05,CT3__utility_total,True
lag_03__CT_smoke_inv,6.10192546446342e-05,6.10192546446342e-05,CT_smoke_inv,True
lag_09__T5__has_helmet,-6.101424514781684e-05,6.101424514781684e-05,T5__has_helmet,False
lag_13__T3__Y,6.098085577832535e-05,6.098085577832535e-05,T3__Y,False
lag_05__CT_smoke_inv,6.096284050727263e-05,6.096284050727263e-05,CT_smoke_inv,True
lag_13__CT_closest_enemy_dist,-6.095976641518064e-05,6.095976641518064e-05,CT_closest_enemy_dist,False
lag_15__T5__flash_duration,6.094414493418299e-05,6.094414493418299e-05,T5__flash_duration,True
lag_09__T_damage_last_5s,6.094193668104708e-05,6.094193668104708e-05,T_damage_last_5s,False
lag_09__CT3__utility_total,-6.093683259678073e-05,6.093683259678073e-05,CT3__utility_total,True
lag_04__T_active_smokes,-6.086044595576823e-05,6.086044595576823e-05,T_active_smokes,True
lag_02__T1__alive,-6.0804035456385463e-05,6.0804035456385463e-05,T1__alive,False
lag_07__T_hp_sum,-6.077092621126212e-05,6.077092621126212e-05,T_hp_sum,False
lag_09__T4__is_walking,-6.071917960071005e-05,6.071917960071005e-05,T4__is_walking,False
lag_06__bomb_events_last_5s,-6.070654853829183e-05,6.070654853829183e-05,bomb_events_last_5s,False
lag_10__T3__utility_total,-6.0646481870207936e-05,6.0646481870207936e-05,T3__utility_total,True
lag_02__CT3__flash,6.0589965869439766e-05,6.0589965869439766e-05,CT3__flash,True
lag_13__T_flash_inv,-6.056172423996031e-05,6.056172423996031e-05,T_flash_inv,True
lag_09__T_place_HOUSE,-6.0548660258064047e-05,6.0548660258064047e-05,T_place_HOUSE,False
lag_14__CT_flashed_players,-6.043980101821944e-05,6.043980101821944e-05,CT_flashed_players,False
lag_00__CT_walking_count,6.0388072597561404e-05,6.0388072597561404e-05,CT_walking_count,False
lag_09__CT_velocity_mean,6.038362698745914e-05,6.038362698745914e-05,CT_velocity_mean,False
lag_15__CT4__X,-6.0363101511029527e-05,6.0363101511029527e-05,CT4__X,False
lag_06__T5__flash,-6.027534618624486e-05,6.027534618624486e-05,T5__flash,True
lag_09__T_mean_X,-6.020845103194006e-05,6.020845103194006e-05,T_mean_X,False
lag_10__bomb_events_last_5s,-6.020126966177486e-05,6.020126966177486e-05,bomb_events_last_5s,False
lag_08__CT_mean_Y,-6.0186903283465654e-05,6.0186903283465654e-05,CT_mean_Y,False
lag_08__T3__is_walking,6.017950363457203e-05,6.017950363457203e-05,T3__is_walking,False
lag_08__CT_burning_players,-6.011775985825807e-05,6.011775985825807e-05,CT_burning_players,False
lag_04__T4__duck_amount,-6.010789729771204e-05,6.010789729771204e-05,T4__duck_amount,False
lag_13__T_armor_sum,-6.0084788856329396e-05,6.0084788856329396e-05,T_armor_sum,False
lag_07__T_mean_X,-6.0068054153816774e-05,6.0068054153816774e-05,T_mean_X,False
lag_10__CT4__molly,-6.005300019751303e-05,6.005300019751303e-05,CT4__molly,True
lag_05__T4__X,-5.999409768264741e-05,5.999409768264741e-05,T4__X,False
lag_11__T5__has_helmet,-5.9973448514938354e-05,5.9973448514938354e-05,T5__has_helmet,False
lag_02__T_mean_X,-5.974436135147698e-05,5.974436135147698e-05,T_mean_X,False
lag_08__CT_flash_duration_sum,5.972727376502007e-05,5.972727376502007e-05,CT_flash_duration_sum,True
lag_13__T1__smoke,-5.965293166809715e-05,5.965293166809715e-05,T1__smoke,True
lag_09__T2__X,-5.9553207393037155e-05,5.9553207393037155e-05,T2__X,False
lag_08__T4__has_helmet,-5.9551919548539445e-05,5.9551919548539445e-05,T4__has_helmet,False
lag_00__CT_flashed_players,-5.94975717831403e-05,5.94975717831403e-05,CT_flashed_players,False
lag_11__CT2__flash,5.9490263083716854e-05,5.9490263083716854e-05,CT2__flash,True
lag_15__T3__molly,5.9470199630595744e-05,5.9470199630595744e-05,T3__molly,True
lag_15__CT_flashed_players,-5.9458365285536274e-05,5.9458365285536274e-05,CT_flashed_players,False
lag_14__CT1__X,-5.945828525000252e-05,5.945828525000252e-05,CT1__X,False
lag_10__T_place_MIDDLE,-5.9445643273647875e-05,5.9445643273647875e-05,T_place_MIDDLE,False
lag_04__bomb_events_last_5s,-5.94264711253345e-05,5.94264711253345e-05,bomb_events_last_5s,False
lag_12__CT_B_site_active_infernos,5.9370413509896025e-05,5.9370413509896025e-05,CT_B_site_active_infernos,True
lag_14__T4__flash,-5.935681838309392e-05,5.935681838309392e-05,T4__flash,True
lag_05__T_equip_value_sum,-5.932386193308048e-05,5.932386193308048e-05,T_equip_value_sum,False
lag_12__CT1__Y,-5.9316851547919214e-05,5.9316851547919214e-05,CT1__Y,False
lag_07__T_flashed_players,-5.9268713812343776e-05,5.9268713812343776e-05,T_flashed_players,False
lag_15__T_closest_enemy_dist,-5.924971628701314e-05,5.924971628701314e-05,T_closest_enemy_dist,False
lag_11__CT2__has_helmet,5.924263678025454e-05,5.924263678025454e-05,CT2__has_helmet,False
lag_06__utility_damage_diff_last_5s,-5.923385833739303e-05,5.923385833739303e-05,utility_damage_diff_last_5s,True
lag_14__CT1__Y,-5.9193087508901954e-05,5.9193087508901954e-05,CT1__Y,False
lag_06__T_hp_sum,-5.9120669902767986e-05,5.9120669902767986e-05,T_hp_sum,False
lag_03__CT4__duck_amount,-5.907414015382528e-05,5.907414015382528e-05,CT4__duck_amount,False
lag_11__CT5__has_helmet,5.906445949221961e-05,5.906445949221961e-05,CT5__has_helmet,False
lag_05__CT3__smoke,5.905952275497839e-05,5.905952275497839e-05,CT3__smoke,True
lag_10__CT_defuser_count,5.905824218643829e-05,5.905824218643829e-05,CT_defuser_count,False
lag_06__CT2__utility_total,5.9047957620350644e-05,5.9047957620350644e-05,CT2__utility_total,True
lag_10__CT2__utility_total,5.89659575780388e-05,5.89659575780388e-05,CT2__utility_total,True
lag_13__T4__utility_total,-5.892843910260126e-05,5.892843910260126e-05,T4__utility_total,True
lag_15__equip_diff,5.888592932024039e-05,5.888592932024039e-05,equip_diff,False
lag_07__T4__alive,-5.885256177862175e-05,5.885256177862175e-05,T4__alive,False
lag_08__CT1__hp,-5.882224650122225e-05,5.882224650122225e-05,CT1__hp,False
lag_01__T2__X,-5.881041579414159e-05,5.881041579414159e-05,T2__X,False
lag_06__T3__has_helmet,-5.872964175068773e-05,5.872964175068773e-05,T3__has_helmet,False
lag_14__T3__alive,-5.8725425333250314e-05,5.8725425333250314e-05,T3__alive,False
lag_11__CT4__has_helmet,5.86811474931892e-05,5.86811474931892e-05,CT4__has_helmet,False
lag_05__CT4__has_defuser,5.867501022294164e-05,5.867501022294164e-05,CT4__has_defuser,False
lag_15__T_armor_sum,-5.865876664756797e-05,5.865876664756797e-05,T_armor_sum,False
lag_11__T_kills_last_3s,-5.86163550906349e-05,5.86163550906349e-05,T_kills_last_3s,False
lag_14__CT_equip_value_sum,5.8585133956512436e-05,5.8585133956512436e-05,CT_equip_value_sum,False
lag_00__CT2__utility_total,-5.856853022123687e-05,5.856853022123687e-05,CT2__utility_total,True
lag_02__CT2__X,-5.8547346270643175e-05,5.8547346270643175e-05,CT2__X,False
lag_00__CT_money_sum,5.8436016843188554e-05,5.8436016843188554e-05,CT_money_sum,False
lag_08__T_equip_value_sum,-5.832475289935246e-05,5.832475289935246e-05,T_equip_value_sum,False
lag_07__flash_inv_diff,5.827507266076282e-05,5.827507266076282e-05,flash_inv_diff,True
lag_05__T4__molly,-5.825877815368585e-05,5.825877815368585e-05,T4__molly,True
lag_03__T_place_LADDER,-5.821858940180391e-05,5.821858940180391e-05,T_place_LADDER,False
lag_00__CT1__armor,5.8182908105663955e-05,5.8182908105663955e-05,CT1__armor,False
lag_05__T5__utility_total,-5.817420606035739e-05,5.817420606035739e-05,T5__utility_total,True
lag_07__T1__molly,5.813336974824779e-05,5.813336974824779e-05,T1__molly,True
lag_08__T_mean_X,-5.813011375721544e-05,5.813011375721544e-05,T_mean_X,False
lag_12__CT_flash_inv,5.810683069285005e-05,5.810683069285005e-05,CT_flash_inv,True
lag_09__T_spread_xy,5.8085064665647224e-05,5.8085064665647224e-05,T_spread_xy,False
lag_06__T1__smoke,-5.802761734230444e-05,5.802761734230444e-05,T1__smoke,True
lag_05__molly_inv_diff,-5.7999477576231584e-05,5.7999477576231584e-05,molly_inv_diff,True
lag_05__CT_round_start_equip_sum,5.79797342652455e-05,5.79797342652455e-05,CT_round_start_equip_sum,False
lag_14__T3__Y,5.794056778540835e-05,5.794056778540835e-05,T3__Y,False
lag_10__T_alive,-5.790050272480585e-05,5.790050272480585e-05,T_alive,False
lag_13__T_utility_inv,-5.790042268927209e-05,5.790042268927209e-05,T_utility_inv,True
lag_03__T_mean_X,-5.7897454098565504e-05,5.7897454098565504e-05,T_mean_X,False
lag_05__T1__X,-5.789466740679927e-05,5.789466740679927e-05,T1__X,False
lag_05__CT5__smoke,5.7884979469235986e-05,5.7884979469235986e-05,CT5__smoke,True
lag_15__T_duck_amount_mean,-5.781066283816472e-05,5.781066283816472e-05,T_duck_amount_mean,False
lag_11__CT1__X,-5.7778928749030456e-05,5.7778928749030456e-05,CT1__X,False
lag_10__T_unique_places,5.770858842879534e-05,5.770858842879534e-05,T_unique_places,False
lag_01__T_smoke_inv,-5.768772462033667e-05,5.768772462033667e-05,T_smoke_inv,True
lag_08__T_mean_Y,-5.7682886108523235e-05,5.7682886108523235e-05,T_mean_Y,False
lag_10__flash_inv_diff,-5.762855653301813e-05,5.762855653301813e-05,flash_inv_diff,True
lag_13__T_closest_enemy_dist,-5.760259955422953e-05,5.760259955422953e-05,T_closest_enemy_dist,False
lag_12__CT_utility_inv,5.752679135184735e-05,5.752679135184735e-05,CT_utility_inv,True
lag_10__CT1__shots_fired,-5.742378198192455e-05,5.742378198192455e-05,CT1__shots_fired,False
lag_14__T_hp_sum,-5.7406410633120686e-05,5.7406410633120686e-05,T_hp_sum,False
lag_05__T_macro_MID,5.7351047871634364e-05,5.7351047871634364e-05,T_macro_MID,False
lag_10__CT_utility_inv,-5.735072772949934e-05,5.735072772949934e-05,CT_utility_inv,True
lag_02__CT_flashed_players,-5.720488115912303e-05,5.720488115912303e-05,CT_flashed_players,False
lag_06__T_utility_inv,-5.720274202758446e-05,5.720274202758446e-05,T_utility_inv,True
lag_05__CT4__smoke,5.715608494938351e-05,5.715608494938351e-05,CT4__smoke,True
lag_04__CT5__molly,-5.709929973818362e-05,5.709929973818362e-05,CT5__molly,True
lag_07__T3__flash,-5.7078563258983195e-05,5.7078563258983195e-05,T3__flash,True
lag_02__CT_place_SNIPERSNEST,5.7065004511969164e-05,5.7065004511969164e-05,CT_place_SNIPERSNEST,False
lag_05__T5__smoke,-5.7050507166422904e-05,5.7050507166422904e-05,T5__smoke,True
lag_15__T3__duck_amount,5.6968172430060804e-05,5.6968172430060804e-05,T3__duck_amount,False
lag_05__armor_diff,5.6938322813948616e-05,5.6938322813948616e-05,armor_diff,False
lag_09__T_hp_sum,-5.692716149496846e-05,5.692716149496846e-05,T_hp_sum,False
lag_14__T_shots_fired_sum,5.691124897566624e-05,5.691124897566624e-05,T_shots_fired_sum,False
lag_13__armor_diff,5.687953671440482e-05,5.687953671440482e-05,armor_diff,False
lag_02__T_spread_xy,-5.685798532795161e-05,5.685798532795161e-05,T_spread_xy,False
lag_15__T2__flash,-5.683728522853926e-05,5.683728522853926e-05,T2__flash,True
lag_03__CT4__X,-5.680422327714041e-05,5.680422327714041e-05,CT4__X,False
lag_08__CT4__is_walking,-5.678724846802652e-05,5.678724846802652e-05,CT4__is_walking,False
lag_14__T3__smoke,5.673255873261951e-05,5.673255873261951e-05,T3__smoke,True
lag_12__CT4__Y,-5.670357495546341e-05,5.670357495546341e-05,CT4__Y,False
lag_14__T5__X,-5.666162905981764e-05,5.666162905981764e-05,T5__X,False
lag_14__T5__has_helmet,-5.6661348935449496e-05,5.6661348935449496e-05,T5__has_helmet,False
lag_05__T_macro_A,5.6640368711669e-05,5.6640368711669e-05,T_macro_A,False
lag_05__T_place_BOMBSITEA,5.6640368711669e-05,5.6640368711669e-05,T_place_BOMBSITEA,False
lag_00__T_active_smokes,5.662033800035715e-05,5.662033800035715e-05,T_active_smokes,True
lag_04__CT2__molly,5.6607335864100605e-05,5.6607335864100605e-05,CT2__molly,True
lag_10__T_velocity_mean,5.6606459111208096e-05,5.6606459111208096e-05,T_velocity_mean,False
lag_05__CT2__has_defuser,5.6581506214570254e-05,5.6581506214570254e-05,CT2__has_defuser,False
lag_08__CT_equip_value_sum,5.655901986756362e-05,5.655901986756362e-05,CT_equip_value_sum,False
lag_09__CT2__flash,5.655046334140934e-05,5.655046334140934e-05,CT2__flash,True
lag_03__T_place_TOPOFMID,5.654711276292801e-05,5.654711276292801e-05,T_place_TOPOFMID,False
lag_06__smoke_inv_diff,5.6530829169787467e-05,5.6530829169787467e-05,smoke_inv_diff,True
lag_11__CT5__molly,-5.6352615501964465e-05,5.6352615501964465e-05,CT5__molly,True
lag_09__CT2__has_helmet,5.6315064284717664e-05,5.6315064284717664e-05,CT2__has_helmet,False
lag_10__T4__duck_amount,5.6298336858162656e-05,5.6298336858162656e-05,T4__duck_amount,False
lag_05__CT_duck_amount_mean,5.625222183880396e-05,5.625222183880396e-05,CT_duck_amount_mean,False
lag_03__CT2__X,-5.622056778520346e-05,5.622056778520346e-05,CT2__X,False
lag_09__CT5__has_helmet,5.6145716371247545e-05,5.6145716371247545e-05,CT5__has_helmet,False
lag_12__T_macro_A,5.595249604084529e-05,5.595249604084529e-05,T_macro_A,False
lag_12__T_place_BOMBSITEA,5.595249604084529e-05,5.595249604084529e-05,T_place_BOMBSITEA,False
lag_11__CT_place_CTSPAWN,5.589985448750667e-05,5.589985448750667e-05,CT_place_CTSPAWN,False
lag_02__closest_enemy_dist_diff,5.585373583016917e-05,5.585373583016917e-05,closest_enemy_dist_diff,False
lag_01__T4__molly,-5.5810043704696e-05,5.5810043704696e-05,T4__molly,True
lag_07__T2__flash,-5.5806533055147156e-05,5.5806533055147156e-05,T2__flash,True
lag_09__CT4__has_helmet,5.578133641392924e-05,5.578133641392924e-05,CT4__has_helmet,False
lag_00__CT1__smoke,5.57664898224175e-05,5.57664898224175e-05,CT1__smoke,True
lag_00__CT1__has_defuser,5.5753320339135826e-05,5.5753320339135826e-05,CT1__has_defuser,False
lag_10__T_place_SIDEALLEY,5.5714230256853625e-05,5.5714230256853625e-05,T_place_SIDEALLEY,False
lag_08__CT_utility_inv,5.567758489632979e-05,5.567758489632979e-05,CT_utility_inv,True
lag_00__CT5__X,5.5666521802777424e-05,5.5666521802777424e-05,CT5__X,False
lag_14__T3__is_walking,-5.5509157391497865e-05,5.5509157391497865e-05,T3__is_walking,False
lag_12__T_place_LADDER,5.5508458899566904e-05,5.5508458899566904e-05,T_place_LADDER,False
lag_15__T5__has_helmet,-5.54772159375716e-05,5.54772159375716e-05,T5__has_helmet,False
lag_01__T3__X,-5.5470856750616804e-05,5.5470856750616804e-05,T3__X,False
lag_03__CT_velocity_mean,5.544600207940675e-05,5.544600207940675e-05,CT_velocity_mean,False
lag_02__CT4__X,-5.544349551200867e-05,5.544349551200867e-05,CT4__X,False
lag_13__T_equip_value_sum,-5.542500002775341e-05,5.542500002775341e-05,T_equip_value_sum,False
lag_05__CT5__has_defuser,5.542396320379339e-05,5.542396320379339e-05,CT5__has_defuser,False
lag_12__T_mean_X,-5.539687481359579e-05,5.539687481359579e-05,T_mean_X,False
lag_04__CT5__Y,-5.5360676924465224e-05,5.5360676924465224e-05,CT5__Y,False
lag_05__CT_mean_X,-5.5358537792926654e-05,5.5358537792926654e-05,CT_mean_X,False
lag_01__CT1__is_walking,5.534014053409919e-05,5.534014053409919e-05,CT1__is_walking,False
lag_01__CT3__molly,5.5269847507588565e-05,5.5269847507588565e-05,CT3__molly,True
lag_15__T_equip_value_sum,-5.523675645235926e-05,5.523675645235926e-05,T_equip_value_sum,False
lag_06__T4__armor,-5.521615094039589e-05,5.521615094039589e-05,T4__armor,False
lag_01__T_start_balance_sum,-5.5143056670203805e-05,5.5143056670203805e-05,T_start_balance_sum,False
lag_01__T_flashed_players,-5.510518167284317e-05,5.510518167284317e-05,T_flashed_players,False
lag_14__CT1__alive,-5.5101878388086334e-05,5.5101878388086334e-05,CT1__alive,False
lag_09__CT2__X,-5.508829781319946e-05,5.508829781319946e-05,CT2__X,False
lag_02__CT1__alive,-5.500031329574995e-05,5.500031329574995e-05,CT1__alive,False
lag_09__T2__flash,-5.493962817126885e-05,5.493962817126885e-05,T2__flash,True
lag_06__CT2__X,-5.4924650612520054e-05,5.4924650612520054e-05,CT2__X,False
lag_07__CT_place_BOMBSITEA,5.487894668476656e-05,5.487894668476656e-05,CT_place_BOMBSITEA,False
lag_07__CT_macro_A,5.487894668476656e-05,5.487894668476656e-05,CT_macro_A,False
lag_11__T1__utility_total,5.486246300279163e-05,5.486246300279163e-05,T1__utility_total,True
lag_13__T4__flash,-5.482447159010917e-05,5.482447159010917e-05,T4__flash,True
lag_01__T3__smoke,-5.48153038835153e-05,5.48153038835153e-05,T3__smoke,True
lag_08__CT2__is_walking,-5.471051554195583e-05,5.471051554195583e-05,CT2__is_walking,False
lag_15__CT_defuser_count,5.467426672112197e-05,5.467426672112197e-05,CT_defuser_count,False
lag_12__T_armor_sum,-5.463101842906326e-05,5.463101842906326e-05,T_armor_sum,False
lag_08__CT_flash_inv,5.454579149954952e-05,5.454579149954952e-05,CT_flash_inv,True
lag_09__armor_diff,5.446901195682585e-05,5.446901195682585e-05,armor_diff,False
lag_01__active_smokes_total,-5.434785271063447e-05,5.434785271063447e-05,active_smokes_total,True
lag_14__CT5__flash,-5.43254500371404e-05,5.43254500371404e-05,CT5__flash,True
lag_07__CT5__flash,-5.425258495961316e-05,5.425258495961316e-05,CT5__flash,True
lag_11__T_place_TSPAWN,-5.421637979452498e-05,5.421637979452498e-05,T_place_TSPAWN,False
lag_09__CT4__Y,-5.4086132877273485e-05,5.4086132877273485e-05,CT4__Y,False
lag_15__CT_place_CATWALK,5.4056548833614215e-05,5.4056548833614215e-05,CT_place_CATWALK,False
lag_03__CT_utility_damage_last_5s,-5.3992829634808004e-05,5.3992829634808004e-05,CT_utility_damage_last_5s,True
lag_14__T3__hp,-5.391848026192747e-05,5.391848026192747e-05,T3__hp,False
lag_11__T_hp_sum,-5.389170109992847e-05,5.389170109992847e-05,T_hp_sum,False
lag_09__T4__flash_duration,5.3850326366955414e-05,5.3850326366955414e-05,T4__flash_duration,True
lag_05__CT1__armor,-5.382719973567873e-05,5.382719973567873e-05,CT1__armor,False
lag_01__CT3__has_helmet,-5.378125933930278e-05,5.378125933930278e-05,CT3__has_helmet,False
lag_11__CT1__has_helmet,-5.377484194468707e-05,5.377484194468707e-05,CT1__has_helmet,False
lag_06__T_shots_fired_sum,5.370562939788215e-05,5.370562939788215e-05,T_shots_fired_sum,False
lag_00__CT_utility_inv,-5.366931509342976e-05,5.366931509342976e-05,CT_utility_inv,True
lag_09__CT1__Y,-5.3648978791898116e-05,5.3648978791898116e-05,CT1__Y,False
lag_03__T3__is_walking,-5.362718366086483e-05,5.362718366086483e-05,T3__is_walking,False
lag_14__CT_unique_places,5.357903501135297e-05,5.357903501135297e-05,CT_unique_places,False
lag_07__CT2__is_walking,5.346689431462437e-05,5.346689431462437e-05,CT2__is_walking,False
lag_01__T2__flash,-5.3405779908644035e-05,5.3405779908644035e-05,T2__flash,True
lag_04__CT2__utility_total,5.3397099691210315e-05,5.3397099691210315e-05,CT2__utility_total,True
lag_01__T_round_start_equip_sum,-5.3321684390539303e-05,5.3321684390539303e-05,T_round_start_equip_sum,False
lag_07__T_mean_Y,-5.328014231054112e-05,5.328014231054112e-05,T_mean_Y,False
lag_08__CT_spread_xy,5.313051588018425e-05,5.313051588018425e-05,CT_spread_xy,False
lag_01__T_macro_OTHER,-5.303869693307206e-05,5.303869693307206e-05,T_macro_OTHER,False
lag_02__T_velocity_mean,5.300375778460875e-05,5.300375778460875e-05,T_velocity_mean,False
lag_12__T_smoke_inv,-5.290000990498811e-05,5.290000990498811e-05,T_smoke_inv,True
lag_11__T3__molly,-5.2840208809357136e-05,5.2840208809357136e-05,T3__molly,True
lag_04__active_smokes_total,-5.276240699458867e-05,5.276240699458867e-05,active_smokes_total,True
lag_07__CT_utility_inv,5.263372077024542e-05,5.263372077024542e-05,CT_utility_inv,True
lag_05__T_unique_places,5.258905730443075e-05,5.258905730443075e-05,T_unique_places,False
lag_11__CT1__Y,-5.2544910431606695e-05,5.2544910431606695e-05,CT1__Y,False
lag_06__CT1__X,-5.246080763754435e-05,5.246080763754435e-05,CT1__X,False
lag_03__T_smoke_inv,-5.242884799372405e-05,5.242884799372405e-05,T_smoke_inv,True
lag_06__CT2__flash,5.227295696386136e-05,5.227295696386136e-05,CT2__flash,True
lag_08__T_flash_inv,-5.2158658945700154e-05,5.2158658945700154e-05,T_flash_inv,True
lag_12__molly_inv_diff,-5.213414624449797e-05,5.213414624449797e-05,molly_inv_diff,True
lag_12__CT3__has_helmet,-5.2097813750151545e-05,5.2097813750151545e-05,CT3__has_helmet,False
lag_14__CT3__has_helmet,-5.206984860706143e-05,5.206984860706143e-05,CT3__has_helmet,False
lag_06__CT2__has_helmet,5.205536217545159e-05,5.205536217545159e-05,CT2__has_helmet,False
lag_12__T3__Y,5.204923581914045e-05,5.204923581914045e-05,T3__Y,False
lag_02__T_mean_Y,-5.204888293519616e-05,5.204888293519616e-05,T_mean_Y,False
lag_09__CT1__X,-5.2006009354954585e-05,5.2006009354954585e-05,CT1__X,False
lag_01__T_money_sum,-5.195045014261268e-05,5.195045014261268e-05,T_money_sum,False
lag_07__CT3__has_helmet,-5.194512050366029e-05,5.194512050366029e-05,CT3__has_helmet,False
lag_06__CT5__has_helmet,5.189885996514931e-05,5.189885996514931e-05,CT5__has_helmet,False
lag_07__CT_shots_fired_sum,-5.185286863707006e-05,5.185286863707006e-05,CT_shots_fired_sum,False
lag_13__CT_damage_last_5s,5.183027315069921e-05,5.183027315069921e-05,CT_damage_last_5s,False
lag_05__CT2__Y,5.1720689953071997e-05,5.1720689953071997e-05,CT2__Y,False
lag_09__CT1__molly,-5.1713563152588904e-05,5.1713563152588904e-05,CT1__molly,True
lag_15__CT_molly_inv,-5.1685005018953234e-05,5.1685005018953234e-05,CT_molly_inv,True
lag_13__CT2__X,-5.167287599761039e-05,5.167287599761039e-05,CT2__X,False
lag_06__CT4__has_helmet,5.156203042133711e-05,5.156203042133711e-05,CT4__has_helmet,False
lag_00__CT1__has_helmet,5.155738472240046e-05,5.155738472240046e-05,CT1__has_helmet,False
lag_08__CT3__has_helmet,-5.1545805035857484e-05,5.1545805035857484e-05,CT3__has_helmet,False
lag_05__T3__armor,-5.1453949708957225e-05,5.1453949708957225e-05,T3__armor,False
lag_10__CT2__flash,5.144669194123708e-05,5.144669194123708e-05,CT2__flash,True
lag_14__T1__utility_total,5.139305358170532e-05,5.139305358170532e-05,T1__utility_total,True
lag_08__T_place_BOMBSITEA,-5.132682781550102e-05,5.132682781550102e-05,T_place_BOMBSITEA,False
lag_08__T_macro_A,-5.132682781550102e-05,5.132682781550102e-05,T_macro_A,False
lag_02__CT3__utility_total,5.129135388415307e-05,5.129135388415307e-05,CT3__utility_total,True
lag_13__CT2__flash,5.1284627261338755e-05,5.1284627261338755e-05,CT2__flash,True
lag_02__T_active_smokes,5.128057091496885e-05,5.128057091496885e-05,T_active_smokes,True
lag_15__CT2__X,-5.124667222844437e-05,5.124667222844437e-05,CT2__X,False
lag_10__CT2__has_helmet,5.1232553232694045e-05,5.1232553232694045e-05,CT2__has_helmet,False
lag_12__T5__X,-5.1184480980737135e-05,5.1184480980737135e-05,T5__X,False
lag_14__T4__molly,-5.116419561090879e-05,5.116419561090879e-05,T4__molly,True
lag_08__T5__Y,-5.113521183375269e-05,5.113521183375269e-05,T5__Y,False
lag_11__T_utility_inv,-5.1114868256263435e-05,5.1114868256263435e-05,T_utility_inv,True
lag_10__CT5__has_helmet,5.1078492106171325e-05,5.1078492106171325e-05,CT5__has_helmet,False
lag_13__CT2__has_helmet,5.107116521685384e-05,5.107116521685384e-05,CT2__has_helmet,False
lag_11__CT_closest_enemy_dist,-5.102608702145517e-05,5.102608702145517e-05,CT_closest_enemy_dist,False
lag_07__T_shots_fired_sum,5.099951886222698e-05,5.099951886222698e-05,T_shots_fired_sum,False
lag_09__T_mean_Y,-5.097888060845435e-05,5.097888060845435e-05,T_mean_Y,False
lag_04__CT_mean_X,-5.095783490105532e-05,5.095783490105532e-05,CT_mean_X,False
lag_13__CT5__has_helmet,5.0917577027576044e-05,5.0917577027576044e-05,CT5__has_helmet,False
lag_02__T_shots_fired_sum,5.089201295049861e-05,5.089201295049861e-05,T_shots_fired_sum,False
lag_07__T_armor_sum,-5.0842358177760616e-05,5.0842358177760616e-05,T_armor_sum,False
lag_14__CT_mean_Y,-5.077675450593233e-05,5.077675450593233e-05,CT_mean_Y,False
lag_10__CT4__has_helmet,5.07469849253539e-05,5.07469849253539e-05,CT4__has_helmet,False
lag_13__CT4__has_helmet,5.058713213657029e-05,5.058713213657029e-05,CT4__has_helmet,False
lag_09__CT_equip_value_sum,5.0496109906816855e-05,5.0496109906816855e-05,CT_equip_value_sum,False
lag_03__CT2__utility_total,5.048176535638049e-05,5.048176535638049e-05,CT2__utility_total,True
lag_07__T5__smoke,-5.0474231102271006e-05,5.0474231102271006e-05,T5__smoke,True
lag_10__CT3__is_walking,-5.046573278377764e-05,5.046573278377764e-05,CT3__is_walking,False
lag_04__T1__is_walking,-5.041977419750765e-05,5.041977419750765e-05,T1__is_walking,False
lag_11__CT3__utility_total,-5.0238388212164864e-05,5.0238388212164864e-05,CT3__utility_total,True
lag_11__T5__flash,-5.020904427510686e-05,5.020904427510686e-05,T5__flash,True
lag_07__T4__hp,-5.012481415178627e-05,5.012481415178627e-05,T4__hp,False
lag_10__CT_round_start_equip_sum,5.0088554417015985e-05,5.0088554417015985e-05,CT_round_start_equip_sum,False
lag_10__CT5__is_walking,4.985829582437873e-05,4.985829582437873e-05,CT5__is_walking,False
lag_06__CT_hp_sum,-4.9849630158860236e-05,4.9849630158860236e-05,CT_hp_sum,False
lag_00__T_place_MIDDLE,-4.984351835446432e-05,4.984351835446432e-05,T_place_MIDDLE,False
lag_12__CT5__X,-4.9831807700684294e-05,4.9831807700684294e-05,CT5__X,False
lag_05__T_helmet_count,-4.982853715773672e-05,4.982853715773672e-05,T_helmet_count,False
lag_01__CT_active_smokes,-4.973155591869727e-05,4.973155591869727e-05,CT_active_smokes,True
lag_09__T5__Y,-4.965261177858338e-05,4.965261177858338e-05,T5__Y,False
lag_09__CT_active_infernos,4.963712490280159e-05,4.963712490280159e-05,CT_active_infernos,True
lag_11__T_mean_Y,-4.952421295456588e-05,4.952421295456588e-05,T_mean_Y,False
lag_02__CT1__hp,-4.951802475261502e-05,4.951802475261502e-05,CT1__hp,False
lag_09__flash_inv_diff,4.949541107635014e-05,4.949541107635014e-05,flash_inv_diff,True
lag_06__T4__X,-4.949200229020789e-05,4.949200229020789e-05,T4__X,False
lag_12__T_equip_value_sum,-4.947773049934767e-05,4.947773049934767e-05,T_equip_value_sum,False
lag_07__spread_diff,4.945983528159559e-05,4.945983528159559e-05,spread_diff,False
lag_08__T2__X,-4.945677937939763e-05,4.945677937939763e-05,T2__X,False
lag_06__T_armor_sum,-4.944287138641812e-05,4.944287138641812e-05,T_armor_sum,False
lag_11__T_B_site_active_infernos,-4.943957173964009e-05,4.943957173964009e-05,T_B_site_active_infernos,True
lag_03__T4__X,-4.94321393489372e-05,4.94321393489372e-05,T4__X,False
lag_09__CT_burning_players,4.919309139950201e-05,4.919309139950201e-05,CT_burning_players,False
lag_05__T_spread_xy,4.909807103103958e-05,4.909807103103958e-05,T_spread_xy,False
lag_11__T_place_SIDEALLEY,-4.903244916931726e-05,4.903244916931726e-05,T_place_SIDEALLEY,False
lag_08__T_helmet_count,-4.893239020020701e-05,4.893239020020701e-05,T_helmet_count,False
lag_11__T1__smoke,-4.8774556489661336e-05,4.8774556489661336e-05,T1__smoke,True
lag_08__CT1__armor,-4.870935663348064e-05,4.870935663348064e-05,CT1__armor,False
lag_02__CT_smoke_inv,4.870276461588219e-05,4.870276461588219e-05,CT_smoke_inv,True
lag_09__CT_place_BOMBSITEA,4.8674537538317963e-05,4.8674537538317963e-05,CT_place_BOMBSITEA,False
lag_09__CT_macro_A,4.8674537538317963e-05,4.8674537538317963e-05,CT_macro_A,False
lag_05__CT2__smoke,4.8525478632654995e-05,4.8525478632654995e-05,CT2__smoke,True
lag_07__T3__molly,-4.851237463299185e-05,4.851237463299185e-05,T3__molly,True
lag_14__T_B_site_active_smokes,-4.8511345084989443e-05,4.8511345084989443e-05,T_B_site_active_smokes,True
lag_15__T2__molly,-4.849926335737109e-05,4.849926335737109e-05,T2__molly,True
lag_10__CT2__X,-4.8422472900711e-05,4.8422472900711e-05,CT2__X,False
lag_15__T1__utility_total,4.840013207285665e-05,4.840013207285665e-05,T1__utility_total,True
lag_04__CT3__has_defuser,4.8342197260353714e-05,4.8342197260353714e-05,CT3__has_defuser,False
lag_15__CT4__utility_total,4.830911348108202e-05,4.830911348108202e-05,CT4__utility_total,True
lag_09__CT5__flash,-4.829706813325174e-05,4.829706813325174e-05,CT5__flash,True
lag_02__CT2__flash,4.8289672122336924e-05,4.8289672122336924e-05,CT2__flash,True
lag_02__CT_flash_inv,4.8261525080306455e-05,4.8261525080306455e-05,CT_flash_inv,True
lag_10__T5__utility_total,-4.817554508917965e-05,4.817554508917965e-05,T5__utility_total,True
lag_12__CT_active_smokes,-4.817487933905795e-05,4.817487933905795e-05,CT_active_smokes,True
lag_14__CT_active_smokes,-4.814900239580311e-05,4.814900239580311e-05,CT_active_smokes,True
lag_15__CT2__flash,4.812548286281526e-05,4.812548286281526e-05,CT2__flash,True
lag_10__T_hp_sum,-4.8104247980518267e-05,4.8104247980518267e-05,T_hp_sum,False
lag_03__CT2__flash,4.809372330782935e-05,4.809372330782935e-05,CT2__flash,True
lag_02__CT2__has_helmet,4.808869198313914e-05,4.808869198313914e-05,CT2__has_helmet,False
lag_07__CT_active_smokes,-4.803370393346995e-05,4.803370393346995e-05,CT_active_smokes,True
lag_12__CT1__flash_duration,4.8027242883108556e-05,4.8027242883108556e-05,CT1__flash_duration,True
lag_14__armor_diff,4.8014197091106325e-05,4.8014197091106325e-05,armor_diff,False
lag_02__CT5__has_helmet,4.794404230779037e-05,4.794404230779037e-05,CT5__has_helmet,False
lag_10__T1__molly,4.794254346052185e-05,4.794254346052185e-05,T1__molly,True
lag_15__CT2__has_helmet,4.7925172111717984e-05,4.7925172111717984e-05,CT2__has_helmet,False
lag_11__CT2__smoke,4.792091203853488e-05,4.792091203853488e-05,CT2__smoke,True
lag_03__CT2__has_helmet,4.789355807588436e-05,4.789355807588436e-05,CT2__has_helmet,False
lag_14__CT1__hp,-4.78819347335957e-05,4.78819347335957e-05,CT1__hp,False
lag_15__T_molly_inv,-4.7869169065961614e-05,4.7869169065961614e-05,T_molly_inv,True
lag_05__T5__flash,-4.778682341566309e-05,4.778682341566309e-05,T5__flash,True
lag_15__CT5__has_helmet,4.778103902935982e-05,4.778103902935982e-05,CT5__has_helmet,False
lag_10__T_utility_inv,-4.77734902233351e-05,4.77734902233351e-05,T_utility_inv,True
lag_06__T5__utility_total,-4.776796777150594e-05,4.776796777150594e-05,T5__utility_total,True
lag_04__T4__is_walking,-4.775203706230968e-05,4.775203706230968e-05,T4__is_walking,False
lag_03__CT5__has_helmet,4.774952321895398e-05,4.774952321895398e-05,CT5__has_helmet,False
lag_08__CT_active_smokes,-4.766443089465611e-05,4.766443089465611e-05,CT_active_smokes,True
lag_02__CT4__has_helmet,4.763290417031385e-05,4.763290417031385e-05,CT4__has_helmet,False
lag_10__T_mean_Y,-4.7580073442077264e-05,4.7580073442077264e-05,T_mean_Y,False
lag_15__CT3__Y,4.755674672196619e-05,4.755674672196619e-05,CT3__Y,False
lag_15__CT_closest_enemy_dist,-4.753115717903711e-05,4.753115717903711e-05,CT_closest_enemy_dist,False
lag_08__T_closest_enemy_dist,-4.74883709102869e-05,4.74883709102869e-05,T_closest_enemy_dist,False
lag_15__CT4__has_helmet,4.747094135382213e-05,4.747094135382213e-05,CT4__has_helmet,False
lag_01__T2__armor,4.744603211292997e-05,4.744603211292997e-05,T2__armor,False
lag_03__CT4__has_helmet,4.743965109810233e-05,4.743965109810233e-05,CT4__has_helmet,False
lag_00__CT4__Y,-4.7398978495039046e-05,4.7398978495039046e-05,CT4__Y,False
lag_13__CT_velocity_mean,-4.736329719889909e-05,4.736329719889909e-05,CT_velocity_mean,False
lag_07__T_equip_value_sum,-4.7355446440633386e-05,4.7355446440633386e-05,T_equip_value_sum,False
lag_00__T5__Y,-4.730730870505795e-05,4.730730870505795e-05,T5__Y,False
lag_13__T_helmet_count,-4.729998545371927e-05,4.729998545371927e-05,T_helmet_count,False
lag_06__T4__has_helmet,-4.7266723413486034e-05,4.7266723413486034e-05,T4__has_helmet,False
lag_10__T_place_BACKALLEY,4.717576302937232e-05,4.717576302937232e-05,T_place_BACKALLEY,False
lag_12__T_round_start_equip_sum,-4.715788963949308e-05,4.715788963949308e-05,T_round_start_equip_sum,False
lag_00__T_place_BOMBSITEA,4.710713619715534e-05,4.710713619715534e-05,T_place_BOMBSITEA,False
lag_00__T_macro_A,4.710713619715534e-05,4.710713619715534e-05,T_macro_A,False
lag_07__T5__Y,-4.706334220827557e-05,4.706334220827557e-05,T5__Y,False
lag_08__T_round_start_equip_sum,-4.706264371634461e-05,4.706264371634461e-05,T_round_start_equip_sum,False
lag_03__CT_equip_value_sum,4.698999327956699e-05,4.698999327956699e-05,CT_equip_value_sum,False
lag_02__CT5__molly,-4.6937009756220505e-05,4.6937009756220505e-05,CT5__molly,True
lag_10__T_kills_last_3s,-4.690880814450793e-05,4.690880814450793e-05,T_kills_last_3s,False
lag_11__CT3__has_helmet,-4.690005516749807e-05,4.690005516749807e-05,CT3__has_helmet,False
lag_04__T2__smoke,-4.688995613832958e-05,4.688995613832958e-05,T2__smoke,True
lag_15__T_helmet_count,-4.688712579081766e-05,4.688712579081766e-05,T_helmet_count,False
lag_11__T3__Y,4.687726323027164e-05,4.687726323027164e-05,T3__Y,False
lag_02__T_macro_OTHER,4.687640830525197e-05,4.687640830525197e-05,T_macro_OTHER,False
lag_04__seconds_in_round,4.68646758235991e-05,4.68646758235991e-05,seconds_in_round,False
lag_07__T_round_start_equip_sum,-4.684757368522696e-05,4.684757368522696e-05,T_round_start_equip_sum,False
lag_06__CT4__X,-4.679223275161348e-05,4.679223275161348e-05,CT4__X,False
lag_10__T3__Y,4.678752884501591e-05,4.678752884501591e-05,T3__Y,False
lag_08__CT_A_site_active_infernos,4.678433106164448e-05,4.678433106164448e-05,CT_A_site_active_infernos,True
lag_13__T4__molly,-4.6734963689232245e-05,4.6734963689232245e-05,T4__molly,True
lag_10__T1__smoke,-4.672096110880375e-05,4.672096110880375e-05,T1__smoke,True
lag_12__CT_mean_Y,-4.66398305434268e-05,4.66398305434268e-05,CT_mean_Y,False
lag_06__T_equip_value_sum,-4.659045225707814e-05,4.659045225707814e-05,T_equip_value_sum,False
lag_12__T_start_balance_sum,-4.658158650272526e-05,4.658158650272526e-05,T_start_balance_sum,False
lag_05__CT2__X,-4.657313183997758e-05,4.657313183997758e-05,CT2__X,False
lag_12__T_money_sum,-4.654145595850423e-05,4.654145595850423e-05,T_money_sum,False
lag_07__T5__utility_total,-4.6505174395861104e-05,4.6505174395861104e-05,T5__utility_total,True
lag_14__CT4__Y,-4.648088724934496e-05,4.648088724934496e-05,CT4__Y,False
lag_02__T5__Y,-4.6398883569054306e-05,4.6398883569054306e-05,T5__Y,False
lag_03__CT_place_BOMBSITEA,4.639644976123236e-05,4.639644976123236e-05,CT_place_BOMBSITEA,False
lag_03__CT_macro_A,4.639644976123236e-05,4.639644976123236e-05,CT_macro_A,False
lag_00__T_duck_amount_mean,-4.6370278141694143e-05,4.6370278141694143e-05,T_duck_amount_mean,False
lag_12__T1__armor,4.6274220949271694e-05,4.6274220949271694e-05,T1__armor,False
lag_06__T4__flash_duration,-4.626339432434179e-05,4.626339432434179e-05,T4__flash_duration,True
lag_15__CT_round_start_equip_sum,4.625144356396049e-05,4.625144356396049e-05,CT_round_start_equip_sum,False
lag_14__T1__armor,4.6249402657849714e-05,4.6249402657849714e-05,T1__armor,False
lag_04__T_burning_players,4.6227160055423155e-05,4.6227160055423155e-05,T_burning_players,False
lag_14__T1__is_walking,4.6157270844560117e-05,4.6157270844560117e-05,T1__is_walking,False
lag_15__CT_place_UNDERPASS,-4.6143024519551545e-05,4.6143024519551545e-05,CT_place_UNDERPASS,False
lag_04__CT1__has_helmet,-4.6094839490251616e-05,4.6094839490251616e-05,CT1__has_helmet,False
lag_01__T5__Y,-4.609233292285353e-05,4.609233292285353e-05,T5__Y,False
lag_14__T_money_sum,-4.607610389939509e-05,4.607610389939509e-05,T_money_sum,False
lag_08__CT1__is_walking,4.607035225490108e-05,4.607035225490108e-05,CT1__is_walking,False
lag_09__CT_unique_places,4.6064731577644125e-05,4.6064731577644125e-05,CT_unique_places,False
lag_14__T_round_start_equip_sum,-4.6048746298765764e-05,4.6048746298765764e-05,T_round_start_equip_sum,False
lag_00__CT1__flash,4.603950947057456e-05,4.603950947057456e-05,CT1__flash,True
lag_11__T_active_infernos,-4.601405089488253e-05,4.601405089488253e-05,T_active_infernos,True
lag_01__CT5__shots_fired,-4.600389365805313e-05,4.600389365805313e-05,CT5__shots_fired,False
lag_10__T_spread_xy,4.5974291424499825e-05,4.5974291424499825e-05,T_spread_xy,False
lag_11__T_armor_sum,-4.596707731252536e-05,4.596707731252536e-05,T_armor_sum,False
lag_08__T2__flash,-4.596341750584543e-05,4.596341750584543e-05,T2__flash,True
lag_12__T2__armor,4.5960892748553306e-05,4.5960892748553306e-05,T2__armor,False
lag_14__T2__armor,4.593623089022003e-05,4.593623089022003e-05,T2__armor,False
lag_07__T2__armor,4.5826185669284314e-05,4.5826185669284314e-05,T2__armor,False
lag_05__T1__smoke,-4.581139364745468e-05,4.581139364745468e-05,T1__smoke,True
lag_02__T_start_balance_sum,-4.575829370878637e-05,4.575829370878637e-05,T_start_balance_sum,False
lag_07__T_place_BACKALLEY,-4.5754619350191206e-05,4.5754619350191206e-05,T_place_BACKALLEY,False
lag_15__CT1__molly,-4.575273487716913e-05,4.575273487716913e-05,CT1__molly,True
lag_04__CT3__smoke,4.57417918369174e-05,4.57417918369174e-05,CT3__smoke,True
lag_11__CT4__Y,-4.571694080368616e-05,4.571694080368616e-05,CT4__Y,False
lag_05__CT1__utility_total,-4.564738264889456e-05,4.564738264889456e-05,CT1__utility_total,True
lag_10__T5__Y,-4.55841509392485e-05,4.55841509392485e-05,T5__Y,False
lag_02__CT_place_UNDERPASS,4.553467806545086e-05,4.553467806545086e-05,CT_place_UNDERPASS,False
lag_02__T_place_CATWALK,4.5528307964559644e-05,4.5528307964559644e-05,T_place_CATWALK,False
lag_07__kill_diff_last_3s,-4.552617247099988e-05,4.552617247099988e-05,kill_diff_last_3s,False
lag_02__CT1__X,-4.5497334212996066e-05,4.5497334212996066e-05,CT1__X,False
lag_10__CT1__Y,-4.5484724978450686e-05,4.5484724978450686e-05,CT1__Y,False
lag_01__T2__has_helmet,4.548434662865475e-05,4.548434662865475e-05,T2__has_helmet,False
lag_08__T2__armor,4.5473894715541974e-05,4.5473894715541974e-05,T2__armor,False
lag_03__T1__X,-4.546960553852841e-05,4.546960553852841e-05,T1__X,False
lag_04__CT4__has_defuser,4.5443972339853644e-05,4.5443972339853644e-05,CT4__has_defuser,False
lag_03__CT3__utility_total,4.542739043245092e-05,4.542739043245092e-05,CT3__utility_total,True
lag_15__CT_smoke_inv,4.541940143099055e-05,4.541940143099055e-05,CT_smoke_inv,True
lag_02__T_money_sum,-4.5374959881883115e-05,4.5374959881883115e-05,T_money_sum,False
lag_11__T_velocity_mean,-4.537239146884531e-05,4.537239146884531e-05,T_velocity_mean,False
lag_09__T_place_SIDEALLEY,4.5309348934097216e-05,4.5309348934097216e-05,T_place_SIDEALLEY,False
lag_05__T_place_MIDDLE,4.5270760892890394e-05,4.5270760892890394e-05,T_place_MIDDLE,False
lag_12__T_place_TSPAWN,-4.5261025661602616e-05,4.5261025661602616e-05,T_place_TSPAWN,False
lag_08__T_start_balance_sum,-4.5202661567600444e-05,4.5202661567600444e-05,T_start_balance_sum,False
lag_01__CT_burning_players,4.517777779255994e-05,4.517777779255994e-05,CT_burning_players,False
lag_08__CT_unique_places,4.517604611464776e-05,4.517604611464776e-05,CT_unique_places,False
lag_10__T4__armor,-4.516461194725707e-05,4.516461194725707e-05,T4__armor,False
lag_15__T4__X,-4.507635458139703e-05,4.507635458139703e-05,T4__X,False
lag_05__CT4__duck_amount,4.505319884628989e-05,4.505319884628989e-05,CT4__duck_amount,False
lag_03__CT5__is_walking,-4.498657290241681e-05,4.498657290241681e-05,CT5__is_walking,False
lag_08__T_money_sum,-4.495697794482112e-05,4.495697794482112e-05,T_money_sum,False
lag_09__T3__Y,4.492197695071809e-05,4.492197695071809e-05,T3__Y,False
lag_05__bomb_events_last_5s,4.486821489990689e-05,4.486821489990689e-05,bomb_events_last_5s,False
lag_07__T_burning_players,4.485063982428983e-05,4.485063982428983e-05,T_burning_players,False
lag_04__CT5__smoke,4.483209704631008e-05,4.483209704631008e-05,CT5__smoke,True
lag_02__T1__armor,-4.471759166335687e-05,4.471759166335687e-05,T1__armor,False
lag_04__CT3__hp,-4.471122156246565e-05,4.471122156246565e-05,CT3__hp,False
lag_14__CT_B_site_active_infernos,4.461024218471721e-05,4.461024218471721e-05,CT_B_site_active_infernos,True
lag_03__T_mean_Y,-4.4606782466871664e-05,4.4606782466871664e-05,T_mean_Y,False
lag_15__T_smoke_inv,-4.460487252799794e-05,4.460487252799794e-05,T_smoke_inv,True
lag_12__CT_damage_last_5s,-4.4584790884982795e-05,4.4584790884982795e-05,CT_damage_last_5s,False
lag_09__CT3__has_helmet,-4.458242983673699e-05,4.458242983673699e-05,CT3__has_helmet,False
lag_06__T1__X,-4.4547650759341195e-05,4.4547650759341195e-05,T1__X,False
lag_12__T1__has_helmet,4.4517379137687385e-05,4.4517379137687385e-05,T1__has_helmet,False
lag_14__T1__has_helmet,4.449349580681883e-05,4.449349580681883e-05,T1__has_helmet,False
lag_07__CT4__molly,-4.449182961252518e-05,4.449182961252518e-05,CT4__molly,True
lag_01__CT_macro_OTHER,4.4471871660789475e-05,4.4471871660789475e-05,CT_macro_OTHER,False
lag_02__CT1__utility_total,-4.446168532012962e-05,4.446168532012962e-05,CT1__utility_total,True
lag_02__CT2__duck_amount,-4.44568031525705e-05,4.44568031525705e-05,CT2__duck_amount,False
lag_14__T1__X,-4.43665667262394e-05,4.43665667262394e-05,T1__X,False
lag_02__CT3__Y,4.430672197486274e-05,4.430672197486274e-05,CT3__Y,False
lag_10__CT_molly_inv,-4.428949978318997e-05,4.428949978318997e-05,CT_molly_inv,True
lag_14__T_start_balance_sum,-4.4284861360210925e-05,4.4284861360210925e-05,T_start_balance_sum,False
lag_05__T1__shots_fired,-4.4274216634221375e-05,4.4274216634221375e-05,T1__shots_fired,False
lag_04__CT4__smoke,4.426758459885605e-05,4.426758459885605e-05,CT4__smoke,True
lag_07__T_start_balance_sum,-4.413296846905723e-05,4.413296846905723e-05,T_start_balance_sum,False
lag_02__CT1__Y,-4.4130723836133257e-05,4.4130723836133257e-05,CT1__Y,False
lag_15__CT2__Y,4.4075561163481325e-05,4.4075561163481325e-05,CT2__Y,False
lag_11__T_equip_value_sum,-4.406487278174609e-05,4.406487278174609e-05,T_equip_value_sum,False
lag_12__T2__has_helmet,4.406059088069014e-05,4.406059088069014e-05,T2__has_helmet,False
lag_11__T_flash_inv,-4.405404979479499e-05,4.405404979479499e-05,T_flash_inv,True
lag_14__T2__has_helmet,4.4036933104507625e-05,4.4036933104507625e-05,T2__has_helmet,False
lag_11__armor_diff,4.399168392410502e-05,4.399168392410502e-05,armor_diff,False
lag_07__T_bomb_carrier_alive,4.3943178752670065e-05,4.3943178752670065e-05,T_bomb_carrier_alive,False
lag_07__T2__has_helmet,4.393147537484765e-05,4.393147537484765e-05,T2__has_helmet,False
lag_13__CT_flash_inv,4.3885222112294286e-05,4.3885222112294286e-05,CT_flash_inv,True
lag_04__CT2__has_defuser,4.382257611723617e-05,4.382257611723617e-05,CT2__has_defuser,False
lag_09__T_macro_OTHER,-4.3811021896544844e-05,4.3811021896544844e-05,T_macro_OTHER,False
lag_02__CT5__shots_fired,4.370204987935722e-05,4.370204987935722e-05,CT5__shots_fired,False
lag_06__T1__utility_total,-4.368162990431301e-05,4.368162990431301e-05,T1__utility_total,True
lag_02__CT1__duck_amount,4.367283690953627e-05,4.367283690953627e-05,CT1__duck_amount,False
lag_04__T1__alive,-4.3646552512655035e-05,4.3646552512655035e-05,T1__alive,False
lag_08__T2__has_helmet,4.35937472502701e-05,4.35937472502701e-05,T2__has_helmet,False
lag_08__CT_closest_enemy_dist,-4.3553223804337904e-05,4.3553223804337904e-05,CT_closest_enemy_dist,False
lag_06__CT3__flash,4.349548544269055e-05,4.349548544269055e-05,CT3__flash,True
lag_03__active_smokes_total,-4.3490439566085115e-05,4.3490439566085115e-05,active_smokes_total,True
lag_03__CT1__X,-4.348914080765098e-05,4.348914080765098e-05,CT1__X,False
lag_08__T4__has_bomb,-4.346173955127597e-05,4.346173955127597e-05,T4__has_bomb,False
lag_05__T3__has_helmet,-4.3458941945573315e-05,4.3458941945573315e-05,T3__has_helmet,False
lag_07__CT2__smoke,4.3440042645670474e-05,4.3440042645670474e-05,CT2__smoke,True
lag_11__CT_active_smokes,-4.336849815445021e-05,4.336849815445021e-05,CT_active_smokes,True
lag_06__utility_inv_diff,4.327248825575225e-05,4.327248825575225e-05,utility_inv_diff,True
lag_02__T4__X,-4.320235166233033e-05,4.320235166233033e-05,T4__X,False
lag_09__T_flashed_players,4.319875006331131e-05,4.319875006331131e-05,T_flashed_players,False
lag_03__CT1__molly,-4.318908759159967e-05,4.318908759159967e-05,CT1__molly,True
lag_07__T2__X,-4.318777428125031e-05,4.318777428125031e-05,T2__X,False
lag_10__CT1__X,-4.3157400796189904e-05,4.3157400796189904e-05,CT1__X,False
lag_08__T2__smoke,4.312850796850398e-05,4.312850796850398e-05,T2__smoke,True
lag_03__CT3__Y,4.30697291449178e-05,4.30697291449178e-05,CT3__Y,False
lag_06__CT_flash_inv,-4.304766116547398e-05,4.304766116547398e-05,CT_flash_inv,True
lag_08__T_utility_inv,-4.30173022323288e-05,4.30173022323288e-05,T_utility_inv,True
lag_01__CT_helmet_count,4.300543150748126e-05,4.300543150748126e-05,CT_helmet_count,False
lag_11__T5__Y,-4.299419742892496e-05,4.299419742892496e-05,T5__Y,False
lag_10__alive_diff,4.2928058974212036e-05,4.2928058974212036e-05,alive_diff,False
lag_04__CT5__has_defuser,4.2926021706080064e-05,4.2926021706080064e-05,CT5__has_defuser,False
lag_06__T5__Y,-4.290448850952089e-05,4.290448850952089e-05,T5__Y,False
lag_01__CT5__utility_total,4.287146293791011e-05,4.287146293791011e-05,CT5__utility_total,True
lag_14__CT5__X,-4.2850981117226183e-05,4.2850981117226183e-05,CT5__X,False
lag_10__equip_diff,4.2824845877476037e-05,4.2824845877476037e-05,equip_diff,False
lag_07__T_money_sum,-4.281240398995578e-05,4.281240398995578e-05,T_money_sum,False
lag_13__T2__utility_total,-4.2773823224706575e-05,4.2773823224706575e-05,T2__utility_total,True
lag_07__armor_diff,4.2747531551867723e-05,4.2747531551867723e-05,armor_diff,False
lag_12__CT_place_CTSPAWN,4.2703886720119044e-05,4.2703886720119044e-05,CT_place_CTSPAWN,False
lag_06__equip_diff,4.26752376370132e-05,4.26752376370132e-05,equip_diff,False
lag_12__T_A_site_active_smokes,4.266405085218139e-05,4.266405085218139e-05,T_A_site_active_smokes,True
lag_12__T_helmet_count,-4.2653373384382576e-05,4.2653373384382576e-05,T_helmet_count,False
lag_12__CT_helmet_count,4.262642323737964e-05,4.262642323737964e-05,CT_helmet_count,False
lag_14__T_damage_last_5s,-4.259612614987418e-05,4.259612614987418e-05,T_damage_last_5s,False
lag_07__CT1__shots_fired,-4.2575506085995585e-05,4.2575506085995585e-05,CT1__shots_fired,False
lag_11__T4__utility_total,-4.252033613738604e-05,4.252033613738604e-05,T4__utility_total,True
lag_01__T2__hp,4.250468555255793e-05,4.250468555255793e-05,T2__hp,False
lag_06__T_macro_MID,-4.243918738211505e-05,4.243918738211505e-05,T_macro_MID,False
lag_04__CT_defuser_count,4.243482180754654e-05,4.243482180754654e-05,CT_defuser_count,False
lag_12__T_place_MIDDLE,-4.2424308048794046e-05,4.2424308048794046e-05,T_place_MIDDLE,False
lag_13__T_active_smokes,4.2359013605164364e-05,4.2359013605164364e-05,T_active_smokes,True
lag_11__CT_molly_inv,-4.23413330281619e-05,4.23413330281619e-05,CT_molly_inv,True
lag_01__CT_macro_B,-4.232253922964446e-05,4.232253922964446e-05,CT_macro_B,False
lag_01__CT_place_BOMBSITEB,-4.232253922964446e-05,4.232253922964446e-05,CT_place_BOMBSITEB,False
lag_11__T_round_start_equip_sum,-4.231762795825489e-05,4.231762795825489e-05,T_round_start_equip_sum,False
lag_05__T_utility_inv,-4.2288298573112115e-05,4.2288298573112115e-05,T_utility_inv,True
lag_12__CT_unique_places,4.227911267662421e-05,4.227911267662421e-05,CT_unique_places,False
lag_01__CT2__armor,4.225263182888739e-05,4.225263182888739e-05,CT2__armor,False
lag_11__T_B_site_active_smokes,4.222986535751261e-05,4.222986535751261e-05,T_B_site_active_smokes,True
lag_03__T_start_balance_sum,-4.216297747916542e-05,4.216297747916542e-05,T_start_balance_sum,False
lag_08__active_smokes_total,-4.2137566197197884e-05,4.2137566197197884e-05,active_smokes_total,True
lag_11__CT_B_site_active_infernos,4.2077110265381634e-05,4.2077110265381634e-05,CT_B_site_active_infernos,True
lag_07__CT3__hp,4.2004456190625206e-05,4.2004456190625206e-05,CT3__hp,False
lag_02__CT2__utility_total,4.1997525840997696e-05,4.1997525840997696e-05,CT2__utility_total,True
lag_14__T3__armor,-4.197586895315908e-05,4.197586895315908e-05,T3__armor,False
lag_06__T_A_site_active_smokes,4.193798667984083e-05,4.193798667984083e-05,T_A_site_active_smokes,True
lag_15__T5__Y,-4.1926086851162836e-05,4.1926086851162836e-05,T5__Y,False
lag_01__CT4__armor,4.1919844079529867e-05,4.1919844079529867e-05,CT4__armor,False
lag_04__T5__Y,-4.191528569208458e-05,4.191528569208458e-05,T5__Y,False
lag_01__CT5__X,-4.1914478060789406e-05,4.1914478060789406e-05,CT5__X,False
lag_07__T_closest_enemy_dist,-4.191158586763777e-05,4.191158586763777e-05,T_closest_enemy_dist,False
lag_12__T_mean_Y,-4.188065213384107e-05,4.188065213384107e-05,T_mean_Y,False
lag_02__CT1__armor,-4.1676583350636065e-05,4.1676583350636065e-05,CT1__armor,False
lag_11__T1__armor,4.165747304796241e-05,4.165747304796241e-05,T1__armor,False
lag_03__T_money_sum,-4.164085476077162e-05,4.164085476077162e-05,T_money_sum,False
lag_05__CT2__flash,4.1638370021246374e-05,4.1638370021246374e-05,CT2__flash,True
lag_11__T3__smoke,-4.162976983934641e-05,4.162976983934641e-05,T3__smoke,True
lag_08__CT_place_UNDERPASS,4.161398464930244e-05,4.161398464930244e-05,CT_place_UNDERPASS,False
lag_09__CT_mean_Y,-4.153370173298754e-05,4.153370173298754e-05,CT_mean_Y,False
lag_08__CT_flashed_players,4.1528077417751774e-05,4.1528077417751774e-05,CT_flashed_players,False
lag_05__CT2__has_helmet,4.146507490077056e-05,4.146507490077056e-05,CT2__has_helmet,False
lag_06__T_smoke_inv,-4.1449868149356917e-05,4.1449868149356917e-05,T_smoke_inv,True
lag_11__flash_inv_diff,4.143069963902235e-05,4.143069963902235e-05,flash_inv_diff,True
lag_02__T4__flash_duration,-4.140376404393464e-05,4.140376404393464e-05,T4__flash_duration,True
lag_11__T2__armor,4.1375402361154556e-05,4.1375402361154556e-05,T2__armor,False
lag_03__T_closest_enemy_dist,-4.136966890655458e-05,4.136966890655458e-05,T_closest_enemy_dist,False
lag_07__CT_duck_amount_mean,4.1367373341927305e-05,4.1367373341927305e-05,CT_duck_amount_mean,False
lag_03__T5__Y,-4.1352213884238154e-05,4.1352213884238154e-05,T5__Y,False
lag_05__CT5__has_helmet,4.1340354073327035e-05,4.1340354073327035e-05,CT5__has_helmet,False
lag_03__CT_place_BOMBSITEB,4.1328556108055636e-05,4.1328556108055636e-05,CT_place_BOMBSITEB,False
lag_03__CT_macro_B,4.1328556108055636e-05,4.1328556108055636e-05,CT_macro_B,False
lag_11__CT1__flash,-4.130441084271297e-05,4.130441084271297e-05,CT1__flash,True
lag_11__T4__flash_duration,4.127187276026234e-05,4.127187276026234e-05,T4__flash_duration,True
lag_06__CT_defuser_count,4.12427143601235e-05,4.12427143601235e-05,CT_defuser_count,False
lag_09__T_he_last_5s,4.1225772292818874e-05,4.1225772292818874e-05,T_he_last_5s,True
lag_09__CT_active_smokes,-4.1225372115150094e-05,4.1225372115150094e-05,CT_active_smokes,True
lag_06__CT3__has_helmet,-4.1210183553630486e-05,4.1210183553630486e-05,CT3__has_helmet,False
lag_12__T2__hp,4.117421485716477e-05,4.117421485716477e-05,T2__hp,False
lag_14__T2__hp,4.1152128687826917e-05,4.1152128687826917e-05,T2__hp,False
lag_05__CT4__has_helmet,4.1072074964176863e-05,4.1072074964176863e-05,CT4__has_helmet,False
lag_10__CT_macro_OTHER,-4.106647247681394e-05,4.106647247681394e-05,CT_macro_OTHER,False
lag_07__T2__hp,4.105352854821831e-05,4.105352854821831e-05,T2__hp,False
lag_02__CT_mean_Y,-4.103155879420228e-05,4.103155879420228e-05,CT_mean_Y,False
lag_12__T5__Y,-4.100320438737981e-05,4.100320438737981e-05,T5__Y,False
lag_12__CT2__armor,4.093005554750562e-05,4.093005554750562e-05,CT2__armor,False
lag_06__T_place_TSPAWN,-4.091767186764628e-05,4.091767186764628e-05,T_place_TSPAWN,False
lag_13__CT1__X,-4.091351729584858e-05,4.091351729584858e-05,CT1__X,False
lag_14__CT2__armor,4.090808579348959e-05,4.090808579348959e-05,CT2__armor,False
lag_11__T_start_balance_sum,-4.085100954398513e-05,4.085100954398513e-05,T_start_balance_sum,False
lag_05__CT3__Y,4.082782834302634e-05,4.082782834302634e-05,CT3__Y,False
lag_02__T1__X,-4.0826809708960354e-05,4.0826809708960354e-05,T1__X,False
lag_07__CT2__armor,4.081007500644773e-05,4.081007500644773e-05,CT2__armor,False
lag_12__T_utility_inv,-4.075776814715937e-05,4.075776814715937e-05,T_utility_inv,True
lag_08__T2__hp,4.073794116266072e-05,4.073794116266072e-05,T2__hp,False
lag_14__T5__Y,-4.072469164384529e-05,4.072469164384529e-05,T5__Y,False
lag_01__CT5__hp,-4.071232251590118e-05,4.071232251590118e-05,CT5__hp,False
lag_09__T_armor_sum,-4.0675575291970745e-05,4.0675575291970745e-05,T_armor_sum,False
lag_09__CT_A_site_active_infernos,4.063802043674514e-05,4.063802043674514e-05,CT_A_site_active_infernos,True
lag_07__CT_equip_value_sum,4.0635222831042483e-05,4.0635222831042483e-05,CT_equip_value_sum,False
lag_12__CT4__armor,4.060763603774831e-05,4.060763603774831e-05,CT4__armor,False
lag_14__CT4__armor,4.0585822716820985e-05,4.0585822716820985e-05,CT4__armor,False
lag_08__T5__duck_amount,-4.057343539898284e-05,4.057343539898284e-05,T5__duck_amount,False
lag_10__CT3__has_helmet,-4.055877434439026e-05,4.055877434439026e-05,CT3__has_helmet,False
lag_09__T5__flash,-4.053425436723046e-05,4.053425436723046e-05,T5__flash,True
lag_06__CT4__molly,-4.051845462527126e-05,4.051845462527126e-05,CT4__molly,True
lag_12__T_active_smokes,4.0514107240596786e-05,4.0514107240596786e-05,T_active_smokes,True
lag_08__CT2__armor,4.04963648179546e-05,4.04963648179546e-05,CT2__armor,False
lag_07__CT4__armor,4.048863775096834e-05,4.048863775096834e-05,CT4__armor,False
lag_01__T4__smoke,-4.048849950777367e-05,4.048849950777367e-05,T4__smoke,True
lag_07__CT_closest_enemy_dist,-4.048745540785603e-05,4.048745540785603e-05,CT_closest_enemy_dist,False
lag_12__CT5__armor,4.0466962673235685e-05,4.0466962673235685e-05,CT5__armor,False
lag_14__CT5__armor,4.044522938784212e-05,4.044522938784212e-05,CT5__armor,False
lag_13__CT3__has_helmet,-4.043100489070639e-05,4.043100489070639e-05,CT3__has_helmet,False
lag_04__CT_flash_duration_sum,4.037022517877631e-05,4.037022517877631e-05,CT_flash_duration_sum,True
lag_10__CT_macro_A,4.030501440865919e-05,4.030501440865919e-05,CT_macro_A,False
lag_10__CT_place_BOMBSITEA,4.030501440865919e-05,4.030501440865919e-05,CT_place_BOMBSITEA,False
lag_03__T_A_site_active_smokes,-4.029912452097051e-05,4.029912452097051e-05,T_A_site_active_smokes,True
lag_05__T1__molly,4.024909867439419e-05,4.024909867439419e-05,T1__molly,True
lag_08__CT4__armor,4.017737592221238e-05,4.017737592221238e-05,CT4__armor,False
lag_13__CT3__is_walking,4.015817467006855e-05,4.015817467006855e-05,CT3__is_walking,False
lag_10__T5__molly,-4.015338345197961e-05,4.015338345197961e-05,T5__molly,True
lag_15__T_money_sum,-4.009572876384482e-05,4.009572876384482e-05,T_money_sum,False
lag_11__T1__has_helmet,4.007589814136736e-05,4.007589814136736e-05,T1__has_helmet,False
lag_00__T_start_balance_sum,-4.006456947536208e-05,4.006456947536208e-05,T_start_balance_sum,False
lag_13__CT1__has_helmet,-4.005372102255933e-05,4.005372102255933e-05,CT1__has_helmet,False
lag_11__CT_equip_value_sum,4.003460708190687e-05,4.003460708190687e-05,CT_equip_value_sum,False
lag_09__T_round_start_equip_sum,-4.000019180239178e-05,4.000019180239178e-05,T_round_start_equip_sum,False
lag_10__CT4__Y,-3.999355612904765e-05,3.999355612904765e-05,CT4__Y,False
lag_10__T4__X,-3.9948274206835777e-05,3.9948274206835777e-05,T4__X,False
lag_02__T_round_start_equip_sum,-3.987106174463406e-05,3.987106174463406e-05,T_round_start_equip_sum,False
lag_12__T3__utility_total,-3.985457442468032e-05,3.985457442468032e-05,T3__utility_total,True
lag_13__CT3__Y,3.985121657024138e-05,3.985121657024138e-05,CT3__Y,False
lag_04__T_damage_last_5s,3.984167778980918e-05,3.984167778980918e-05,T_damage_last_5s,False
lag_05__T5__Y,-3.979004031862132e-05,3.979004031862132e-05,T5__Y,False
lag_04__CT1__has_defuser,-3.971539263147861e-05,3.971539263147861e-05,CT1__has_defuser,False
lag_04__CT1__smoke,-3.970840043621138e-05,3.970840043621138e-05,CT1__smoke,True
lag_11__T_money_sum,-3.9693004509899765e-05,3.9693004509899765e-05,T_money_sum,False
lag_11__T2__has_helmet,3.966467920690775e-05,3.966467920690775e-05,T2__has_helmet,False
lag_07__T_helmet_count,-3.966375152231194e-05,3.966375152231194e-05,T_helmet_count,False
lag_14__T_flash_inv,-3.961754555348307e-05,3.961754555348307e-05,T_flash_inv,True
lag_13__T4__is_walking,3.961132460972294e-05,3.961132460972294e-05,T4__is_walking,False
lag_09__T1__armor,3.9598911826033145e-05,3.9598911826033145e-05,T1__armor,False
lag_06__CT_alive,-3.959671812481247e-05,3.959671812481247e-05,CT_alive,False
lag_01__T_active_smokes,-3.959233436034992e-05,3.959233436034992e-05,T_active_smokes,True
lag_01__T5__X,-3.9547150663565844e-05,3.9547150663565844e-05,T5__X,False
lag_15__CT1__X,-3.950630343751982e-05,3.950630343751982e-05,CT1__X,False
lag_02__T1__has_helmet,-3.950571044697426e-05,3.950571044697426e-05,T1__has_helmet,False
lag_10__CT_unique_places,3.950194877688773e-05,3.950194877688773e-05,CT_unique_places,False
lag_11__CT1__has_defuser,-3.946278593502939e-05,3.946278593502939e-05,CT1__has_defuser,False
lag_06__alive_diff,3.944662239518948e-05,3.944662239518948e-05,alive_diff,False
lag_11__CT1__smoke,-3.9441874832846224e-05,3.9441874832846224e-05,CT1__smoke,True
lag_15__T_start_balance_sum,-3.944101626984775e-05,3.944101626984775e-05,T_start_balance_sum,False
lag_09__T2__armor,3.9330781874014065e-05,3.9330781874014065e-05,T2__armor,False
lag_11__closest_enemy_dist_diff,-3.9308939449256286e-05,3.9308939449256286e-05,closest_enemy_dist_diff,False
lag_15__armor_diff,3.9307087718043476e-05,3.9307087718043476e-05,armor_diff,False
lag_07__T4__is_walking,-3.924275006284006e-05,3.924275006284006e-05,T4__is_walking,False
lag_12__T4__smoke,-3.922116229659878e-05,3.922116229659878e-05,T4__smoke,True
lag_14__T4__smoke,-3.920010567526333e-05,3.920010567526333e-05,T4__smoke,True
lag_12__T1__flash,3.91839821531903e-05,3.91839821531903e-05,T1__flash,True
lag_12__T_place_BACKALLEY,-3.918375659850426e-05,3.918375659850426e-05,T_place_BACKALLEY,False
lag_14__T1__flash,3.916295827366412e-05,3.916295827366412e-05,T1__flash,True
lag_07__T5__flash,-3.9159822335932404e-05,3.9159822335932404e-05,T5__flash,True
lag_02__CT_equip_value_sum,3.91476642107591e-05,3.91476642107591e-05,CT_equip_value_sum,False
lag_07__CT3__flash,3.9120281144278124e-05,3.9120281144278124e-05,CT3__flash,True
lag_07__T4__smoke,-3.910619852831587e-05,3.910619852831587e-05,T4__smoke,True
lag_09__T_B_site_active_smokes,-3.903486140188761e-05,3.903486140188761e-05,T_B_site_active_smokes,True
lag_04__CT_smoke_inv,3.8938360376050696e-05,3.8938360376050696e-05,CT_smoke_inv,True
lag_11__damage_diff_last_5s,3.893516259267926e-05,3.893516259267926e-05,damage_diff_last_5s,False
lag_07__T1__smoke,-3.887930142809637e-05,3.887930142809637e-05,T1__smoke,True
lag_13__T_damage_last_5s,-3.883420868078247e-05,3.883420868078247e-05,T_damage_last_5s,False
lag_06__T_helmet_count,-3.882348391925916e-05,3.882348391925916e-05,T_helmet_count,False
lag_08__T4__smoke,-3.880555959767662e-05,3.880555959767662e-05,T4__smoke,True
lag_13__CT4__molly,-3.878275674651377e-05,3.878275674651377e-05,CT4__molly,True
lag_09__T_money_sum,-3.87764630431775e-05,3.87764630431775e-05,T_money_sum,False
lag_09__utility_damage_diff_last_5s,3.8729111111024395e-05,3.8729111111024395e-05,utility_damage_diff_last_5s,True
lag_01__CT1__alive,-3.869161082548089e-05,3.869161082548089e-05,CT1__alive,False
lag_06__T_macro_OTHER,-3.868932981276885e-05,3.868932981276885e-05,T_macro_OTHER,False
lag_09__T4__X,-3.861673758365214e-05,3.861673758365214e-05,T4__X,False
lag_14__T2__smoke,3.8610236515523866e-05,3.8610236515523866e-05,T2__smoke,True
lag_01__CT2__hp,3.859874414047226e-05,3.859874414047226e-05,CT2__hp,False
lag_11__T_place_BACKALLEY,-3.859720527543686e-05,3.859720527543686e-05,T_place_BACKALLEY,False
lag_03__T2__smoke,-3.855600152746774e-05,3.855600152746774e-05,T2__smoke,True
lag_14__CT2__smoke,3.854736496577971e-05,3.854736496577971e-05,CT2__smoke,True
lag_09__T_start_balance_sum,-3.8463782402686775e-05,3.8463782402686775e-05,T_start_balance_sum,False
lag_08__CT4__utility_total,3.842140358756296e-05,3.842140358756296e-05,CT4__utility_total,True
lag_13__T5__Y,-3.8406164094340056e-05,3.8406164094340056e-05,T5__Y,False
lag_09__T_flash_inv,-3.838657357846387e-05,3.838657357846387e-05,T_flash_inv,True
lag_14__CT1__armor,-3.837362237391062e-05,3.837362237391062e-05,CT1__armor,False
lag_05__kill_diff_last_3s,3.8370566471712664e-05,3.8370566471712664e-05,kill_diff_last_3s,False
lag_07__CT_utility_damage_last_5s,-3.833177834167145e-05,3.833177834167145e-05,CT_utility_damage_last_5s,True
lag_14__T3__utility_total,3.830606146948412e-05,3.830606146948412e-05,T3__utility_total,True
lag_00__CT3__utility_total,-3.824930536211468e-05,3.824930536211468e-05,CT3__utility_total,True
lag_10__T_flash_inv,-3.820209894911386e-05,3.820209894911386e-05,T_flash_inv,True
lag_10__T4__has_helmet,-3.819469566224143e-05,3.819469566224143e-05,T4__has_helmet,False
lag_05__CT4__X,-3.818779077846557e-05,3.818779077846557e-05,CT4__X,False
lag_07__T4__armor,-3.8158723327796906e-05,3.8158723327796906e-05,T4__armor,False
lag_04__T1__hp,-3.81429708795622e-05,3.81429708795622e-05,T1__hp,False
lag_03__T_round_start_equip_sum,-3.8112189940875396e-05,3.8112189940875396e-05,T_round_start_equip_sum,False
lag_06__CT_mean_Y,-3.811046190094203e-05,3.811046190094203e-05,CT_mean_Y,False
lag_06__CT_active_smokes,-3.810709313256666e-05,3.810709313256666e-05,CT_active_smokes,True
lag_09__T1__has_helmet,3.809549889410846e-05,3.809549889410846e-05,T1__has_helmet,False
lag_15__T_spread_xy,3.807904795394279e-05,3.807904795394279e-05,T_spread_xy,False
lag_08__spread_diff,3.807286702794954e-05,3.807286702794954e-05,spread_diff,False
lag_02__CT3__has_helmet,-3.8069898437242955e-05,3.8069898437242955e-05,CT3__has_helmet,False
lag_13__T_start_balance_sum,-3.8068636058596894e-05,3.8068636058596894e-05,T_start_balance_sum,False
lag_05__utility_inv_diff,3.8054451579228044e-05,3.8054451579228044e-05,utility_inv_diff,True
lag_14__T_place_BOMBSITEA,3.8024427340133116e-05,3.8024427340133116e-05,T_place_BOMBSITEA,False
lag_14__T_macro_A,3.8024427340133116e-05,3.8024427340133116e-05,T_macro_A,False
lag_01__T_A_site_active_smokes,-3.802079663728364e-05,3.802079663728364e-05,T_A_site_active_smokes,True
lag_03__utility_damage_diff_last_5s,-3.800770718953572e-05,3.800770718953572e-05,utility_damage_diff_last_5s,True
lag_13__active_infernos_total,3.799182013608515e-05,3.799182013608515e-05,active_infernos_total,True
lag_09__T3__flash,-3.797434692387469e-05,3.797434692387469e-05,T3__flash,True
lag_13__T_money_sum,-3.795389784500003e-05,3.795389784500003e-05,T_money_sum,False
lag_12__T3__is_walking,3.7952238926663995e-05,3.7952238926663995e-05,T3__is_walking,False
lag_15__CT3__has_helmet,-3.794043732341379e-05,3.794043732341379e-05,CT3__has_helmet,False
lag_03__CT3__has_helmet,-3.7915411667199805e-05,3.7915411667199805e-05,CT3__has_helmet,False
lag_12__T_place_SIDEALLEY,3.78807308152318e-05,3.78807308152318e-05,T_place_SIDEALLEY,False
lag_01__CT4__hp,3.784252476179972e-05,3.784252476179972e-05,CT4__hp,False
lag_15__CT2__smoke,3.7820667785126716e-05,3.7820667785126716e-05,CT2__smoke,True
lag_04__T3__smoke,-3.7804780731676146e-05,3.7804780731676146e-05,T3__smoke,True
lag_08__CT5__armor,3.7751357012894005e-05,3.7751357012894005e-05,CT5__armor,False
lag_04__T1__smoke,-3.7716432416345924e-05,3.7716432416345924e-05,T1__smoke,True
lag_09__T2__has_helmet,3.7704598071286455e-05,3.7704598071286455e-05,T2__has_helmet,False
lag_09__T4__utility_total,-3.768251553992741e-05,3.768251553992741e-05,T4__utility_total,True
lag_12__T_molly_inv,3.7675552448490635e-05,3.7675552448490635e-05,T_molly_inv,True
lag_14__CT_helmet_count,3.7654448533430696e-05,3.7654448533430696e-05,CT_helmet_count,False
lag_07__CT3__Y,-3.7636647903127596e-05,3.7636647903127596e-05,CT3__Y,False
lag_13__T4__X,-3.763381755561568e-05,3.763381755561568e-05,T4__X,False
lag_06__T_round_start_equip_sum,-3.7608089769491926e-05,3.7608089769491926e-05,T_round_start_equip_sum,False
lag_12__damage_diff_last_5s,3.760463368962519e-05,3.760463368962519e-05,damage_diff_last_5s,False
lag_04__CT1__flash,-3.752134944079444e-05,3.752134944079444e-05,CT1__flash,True
lag_12__CT5__hp,3.7506841181311756e-05,3.7506841181311756e-05,CT5__hp,False
lag_10__CT_active_smokes,-3.750473115360364e-05,3.750473115360364e-05,CT_active_smokes,True
lag_14__CT5__hp,3.7486715882550925e-05,3.7486715882550925e-05,CT5__hp,False
lag_14__CT_place_BOMBSITEA,3.746303991647437e-05,3.746303991647437e-05,CT_place_BOMBSITEA,False
lag_14__CT_macro_A,3.746303991647437e-05,3.746303991647437e-05,CT_macro_A,False
lag_13__T_round_start_equip_sum,-3.74504343199078e-05,3.74504343199078e-05,T_round_start_equip_sum,False
lag_09__T1__utility_total,3.7411988159874454e-05,3.7411988159874454e-05,T1__utility_total,True
lag_12__CT2__hp,3.739052772289142e-05,3.739052772289142e-05,CT2__hp,False
lag_13__CT_active_smokes,-3.738658779184334e-05,3.738658779184334e-05,CT_active_smokes,True
lag_14__CT2__hp,3.737046426977031e-05,3.737046426977031e-05,CT2__hp,False
lag_10__hp_diff,3.733918856596574e-05,3.733918856596574e-05,hp_diff,False
lag_10__CT1__duck_amount,-3.733648918569088e-05,3.733648918569088e-05,CT1__duck_amount,False
lag_10__CT5__molly,-3.72934082406573e-05,3.72934082406573e-05,CT5__molly,True
lag_06__T_molly_inv,-3.728949013748206e-05,3.728949013748206e-05,T_molly_inv,True
lag_09__T_equip_value_sum,-3.72874565073289e-05,3.72874565073289e-05,T_equip_value_sum,False
lag_07__CT2__hp,3.728094816324301e-05,3.728094816324301e-05,CT2__hp,False
lag_05__CT1__X,-3.72583708667662e-05,3.72583708667662e-05,CT1__X,False
lag_06__CT2__Y,3.725476926774718e-05,3.725476926774718e-05,CT2__Y,False
lag_09__T4__has_bomb,-3.723153713508509e-05,3.723153713508509e-05,T4__has_bomb,False
lag_08__T1__utility_total,3.7218258512439206e-05,3.7218258512439206e-05,T1__utility_total,True
lag_04__CT_round_start_equip_sum,3.7117573810974136e-05,3.7117573810974136e-05,CT_round_start_equip_sum,False
lag_11__T2__hp,3.7066289223730564e-05,3.7066289223730564e-05,T2__hp,False
lag_09__T5__is_walking,3.704962000483647e-05,3.704962000483647e-05,T5__is_walking,False
lag_05__T_cash_spent_round_sum,-3.703088441397995e-05,3.703088441397995e-05,T_cash_spent_round_sum,False
lag_03__CT2__Y,3.7027308280812576e-05,3.7027308280812576e-05,CT2__Y,False
lag_08__CT2__hp,3.6994337278883904e-05,3.6994337278883904e-05,CT2__hp,False
lag_01__CT_B_site_active_smokes,-3.69844856322743e-05,3.69844856322743e-05,CT_B_site_active_smokes,True
lag_02__T_kills_last_3s,-3.6889447073917836e-05,3.6889447073917836e-05,T_kills_last_3s,False
lag_11__CT2__armor,3.684648618218489e-05,3.684648618218489e-05,CT2__armor,False
lag_00__CT5__hp,-3.684597322717309e-05,3.684597322717309e-05,CT5__hp,False
lag_07__T2__flash_duration,3.68419787264429e-05,3.68419787264429e-05,T2__flash_duration,True
lag_04__T5__is_walking,3.681903035612777e-05,3.681903035612777e-05,T5__is_walking,False
lag_08__CT_scoped_count,3.678694338304922e-05,3.678694338304922e-05,CT_scoped_count,False
lag_10__CT_place_CTSPAWN,-3.676436608657241e-05,3.676436608657241e-05,CT_place_CTSPAWN,False
lag_05__T_A_site_active_smokes,3.6754452594323084e-05,3.6754452594323084e-05,T_A_site_active_smokes,True
lag_03__T4__flash_duration,3.6721416108775884e-05,3.6721416108775884e-05,T4__flash_duration,True
lag_12__CT4__hp,3.665797339635901e-05,3.665797339635901e-05,CT4__hp,False
lag_14__CT4__hp,3.663828465505503e-05,3.663828465505503e-05,CT4__hp,False
lag_01__CT_place_CATWALK,-3.6627923691412434e-05,3.6627923691412434e-05,CT_place_CATWALK,False
lag_15__CT5__X,-3.6609344533644617e-05,3.6609344533644617e-05,CT5__X,False
lag_07__CT_flash_inv,3.660413858597167e-05,3.660413858597167e-05,CT_flash_inv,True
lag_11__CT4__armor,3.6556233681039885e-05,3.6556233681039885e-05,CT4__armor,False
lag_07__CT4__hp,3.65505475201644e-05,3.65505475201644e-05,CT4__hp,False
lag_09__CT_B_site_active_infernos,3.6535144317895174e-05,3.6535144317895174e-05,CT_B_site_active_infernos,True
lag_06__T_mean_Y,-3.653503517853096e-05,3.653503517853096e-05,T_mean_Y,False
lag_02__T_place_TOPOFMID,3.6522535083349794e-05,3.6522535083349794e-05,T_place_TOPOFMID,False
lag_12__CT2__smoke,3.651049337349832e-05,3.651049337349832e-05,CT2__smoke,True
lag_04__CT4__X,-3.6492936487775296e-05,3.6492936487775296e-05,CT4__X,False
lag_11__CT5__armor,3.642958836280741e-05,3.642958836280741e-05,CT5__armor,False
lag_00__active_smokes_total,3.6369136068969965e-05,3.6369136068969965e-05,active_smokes_total,True
lag_04__T_macro_A,3.6361194361234084e-05,3.6361194361234084e-05,T_macro_A,False
lag_04__T_place_BOMBSITEA,3.6361194361234084e-05,3.6361194361234084e-05,T_place_BOMBSITEA,False
lag_06__T2__armor,3.635578468674794e-05,3.635578468674794e-05,T2__armor,False
lag_10__T5__smoke,-3.629028287832625e-05,3.629028287832625e-05,T5__smoke,True
lag_10__T_round_start_equip_sum,-3.627297337516211e-05,3.627297337516211e-05,T_round_start_equip_sum,False
lag_01__T2__utility_total,-3.627212572610006e-05,3.627212572610006e-05,T2__utility_total,True
lag_08__CT4__hp,3.6269553675083444e-05,3.6269553675083444e-05,CT4__hp,False
lag_08__CT_shots_fired_sum,3.6150227970210835e-05,3.6150227970210835e-05,CT_shots_fired_sum,False
lag_11__T_helmet_count,-3.614573142840527e-05,3.614573142840527e-05,T_helmet_count,False
lag_07__CT5__armor,3.6087956686969846e-05,3.6087956686969846e-05,CT5__armor,False
lag_06__T_start_balance_sum,-3.608493352658115e-05,3.608493352658115e-05,T_start_balance_sum,False
lag_03__T_B_site_active_smokes,3.603889490477741e-05,3.603889490477741e-05,T_B_site_active_smokes,True
lag_10__T1__armor,3.6025052395416424e-05,3.6025052395416424e-05,T1__armor,False
lag_03__T_active_smokes,-3.5969762393506244e-05,3.5969762393506244e-05,T_active_smokes,True
lag_14__active_smokes_total,-3.592481152736582e-05,3.592481152736582e-05,active_smokes_total,True
lag_09__T3__utility_total,-3.591408676584251e-05,3.591408676584251e-05,T3__utility_total,True
lag_13__T1__armor,3.591154745663516e-05,3.591154745663516e-05,T1__armor,False
lag_10__T5__flash,-3.590519190765917e-05,3.590519190765917e-05,T5__flash,True
lag_13__CT1__Y,-3.589709012885578e-05,3.589709012885578e-05,CT1__Y,False
lag_09__T_flash_duration_sum,-3.589666812331416e-05,3.589666812331416e-05,T_flash_duration_sum,True
lag_02__CT_molly_inv,-3.587936225812882e-05,3.587936225812882e-05,CT_molly_inv,True
lag_05__CT4__utility_total,3.585502417990938e-05,3.585502417990938e-05,CT4__utility_total,True
lag_02__CT2__smoke,-3.584886871976778e-05,3.584886871976778e-05,CT2__smoke,True
lag_12__CT_B_site_active_smokes,-3.582678618840873e-05,3.582678618840873e-05,CT_B_site_active_smokes,True
lag_14__CT_B_site_active_smokes,-3.580755947041325e-05,3.580755947041325e-05,CT_B_site_active_smokes,True
lag_10__T2__armor,3.578111864044331e-05,3.578111864044331e-05,T2__armor,False
lag_10__CT2__Y,3.57464341504965e-05,3.57464341504965e-05,CT2__Y,False
lag_07__CT_B_site_active_smokes,-3.572179048205726e-05,3.572179048205726e-05,CT_B_site_active_smokes,True
lag_12__CT_closest_enemy_dist,-3.570991975720972e-05,3.570991975720972e-05,CT_closest_enemy_dist,False
lag_13__T2__armor,3.566837767721154e-05,3.566837767721154e-05,T2__armor,False
lag_13__CT5__molly,-3.561951234587468e-05,3.561951234587468e-05,CT5__molly,True
lag_04__CT_place_BOMBSITEA,3.5594217479228973e-05,3.5594217479228973e-05,CT_place_BOMBSITEA,False
lag_04__CT_macro_A,3.5594217479228973e-05,3.5594217479228973e-05,CT_macro_A,False
lag_13__T1__X,-3.558428579708561e-05,3.558428579708561e-05,T1__X,False
lag_09__T_utility_inv,-3.5568908060668036e-05,3.5568908060668036e-05,T_utility_inv,True
lag_06__T2__X,-3.552950147422962e-05,3.552950147422962e-05,T2__X,False
lag_08__CT_B_site_active_smokes,-3.544718128978275e-05,3.544718128978275e-05,CT_B_site_active_smokes,True
lag_09__CT_helmet_count,3.543097773217596e-05,3.543097773217596e-05,CT_helmet_count,False
lag_04__CT4__utility_total,3.538730743457563e-05,3.538730743457563e-05,CT4__utility_total,True
lag_04__T_A_site_active_smokes,3.530954199959524e-05,3.530954199959524e-05,T_A_site_active_smokes,True
lag_11__T4__smoke,-3.530806498019956e-05,3.530806498019956e-05,T4__smoke,True
lag_15__T_round_start_equip_sum,-3.529374225763604e-05,3.529374225763604e-05,T_round_start_equip_sum,False
lag_06__T_money_sum,-3.528281013132073e-05,3.528281013132073e-05,T_money_sum,False
lag_07__CT_place_CTSPAWN,3.527639637468383e-05,3.527639637468383e-05,CT_place_CTSPAWN,False
lag_11__T1__flash,3.527462831698358e-05,3.527462831698358e-05,T1__flash,True
lag_11__T2__flash,-3.523932900861837e-05,3.523932900861837e-05,T2__flash,True
lag_09__T2__hp,3.523460327414796e-05,3.523460327414796e-05,T2__hp,False
lag_03__closest_enemy_dist_diff,3.5206798202125356e-05,3.5206798202125356e-05,closest_enemy_dist_diff,False
lag_02__CT_active_smokes,-3.520324389683083e-05,3.520324389683083e-05,CT_active_smokes,True
lag_13__CT5__X,-3.519421079545282e-05,3.519421079545282e-05,CT5__X,False
lag_10__CT_smoke_inv,3.5180528357159346e-05,3.5180528357159346e-05,CT_smoke_inv,True
lag_01__T1__molly,3.516912693157792e-05,3.516912693157792e-05,T1__molly,True
lag_15__CT_active_smokes,-3.508356894599274e-05,3.508356894599274e-05,CT_active_smokes,True
lag_03__CT_active_smokes,-3.506042776280083e-05,3.506042776280083e-05,CT_active_smokes,True
lag_03__CT5__X,-3.504400956444442e-05,3.504400956444442e-05,CT5__X,False
lag_11__CT5__X,-3.504272535792552e-05,3.504272535792552e-05,CT5__X,False
lag_09__CT2__armor,3.502567415125668e-05,3.502567415125668e-05,CT2__armor,False
lag_12__CT3__utility_total,3.499874583212659e-05,3.499874583212659e-05,CT3__utility_total,True
lag_13__CT2__Y,3.49777692463249e-05,3.49777692463249e-05,CT2__Y,False
lag_08__T3__Y,3.493024632916786e-05,3.493024632916786e-05,T3__Y,False
lag_14__molly_inv_diff,3.492381802061573e-05,3.492381802061573e-05,molly_inv_diff,True
lag_04__CT2__X,-3.4897700970759615e-05,3.4897700970759615e-05,CT2__X,False
lag_06__T2__has_helmet,3.485263732727617e-05,3.485263732727617e-05,T2__has_helmet,False
lag_00__CT_start_balance_sum,3.478791768429801e-05,3.478791768429801e-05,CT_start_balance_sum,False
lag_00__CT_B_site_active_infernos,-3.478163853287697e-05,3.478163853287697e-05,CT_B_site_active_infernos,True
lag_09__CT4__armor,3.474976256256923e-05,3.474976256256923e-05,CT4__armor,False
lag_02__T_place_HOUSE,3.4744592994684353e-05,3.4744592994684353e-05,T_place_HOUSE,False
lag_11__CT_mean_Y,-3.468801514827646e-05,3.468801514827646e-05,CT_mean_Y,False
lag_08__CT_helmet_count,3.4660806704778224e-05,3.4660806704778224e-05,CT_helmet_count,False
lag_10__T1__has_helmet,3.4657314245123416e-05,3.4657314245123416e-05,T1__has_helmet,False
lag_02__CT_B_site_active_infernos,3.464691690169275e-05,3.464691690169275e-05,CT_B_site_active_infernos,True
lag_13__T1__has_helmet,3.454815669101663e-05,3.454815669101663e-05,T1__has_helmet,False
lag_09__CT3__molly,3.452396049397066e-05,3.452396049397066e-05,CT3__molly,True
lag_10__T_start_balance_sum,-3.4455359127605334e-05,3.4455359127605334e-05,T_start_balance_sum,False
lag_05__CT3__flash,3.443512105150148e-05,3.443512105150148e-05,CT3__flash,True
lag_04__CT2__smoke,3.439507054281421e-05,3.439507054281421e-05,CT2__smoke,True
lag_10__T_armor_sum,-3.4394852264085785e-05,3.4394852264085785e-05,T_armor_sum,False
lag_01__CT_molly_inv,3.4356609830865636e-05,3.4356609830865636e-05,CT_molly_inv,True
lag_14__T3__has_helmet,-3.434179598116316e-05,3.434179598116316e-05,T3__has_helmet,False
lag_10__T2__has_helmet,3.4301709092687815e-05,3.4301709092687815e-05,T2__has_helmet,False
lag_13__T3__flash,-3.429293428780511e-05,3.429293428780511e-05,T3__flash,True
lag_13__CT_utility_inv,3.4249733289470896e-05,3.4249733289470896e-05,CT_utility_inv,True
lag_05__T2__X,-3.422894224058837e-05,3.422894224058837e-05,T2__X,False
lag_13__T2__has_helmet,3.419367203605361e-05,3.419367203605361e-05,T2__has_helmet,False
lag_07__T4__X,-3.4111886634491384e-05,3.4111886634491384e-05,T4__X,False
lag_13__CT_utility_damage_last_5s,3.406288305995986e-05,3.406288305995986e-05,CT_utility_damage_last_5s,True
lag_08__T_A_site_active_smokes,3.4057669836329296e-05,3.4057669836329296e-05,T_A_site_active_smokes,True
lag_13__CT_equip_value_sum,3.4052169212372974e-05,3.4052169212372974e-05,CT_equip_value_sum,False
lag_08__T_smoke_inv,-3.3948992495425045e-05,3.3948992495425045e-05,T_smoke_inv,True
lag_08__CT5__X,-3.393721272004768e-05,3.393721272004768e-05,CT5__X,False
lag_06__CT1__Y,-3.389263656572439e-05,3.389263656572439e-05,CT1__Y,False
lag_05__T_money_sum,-3.3848718885565177e-05,3.3848718885565177e-05,T_money_sum,False
lag_11__T_flash_duration_sum,3.382343493285589e-05,3.382343493285589e-05,T_flash_duration_sum,True
lag_06__CT1__molly,-3.3767173590604216e-05,3.3767173590604216e-05,CT1__molly,True
lag_11__CT5__hp,3.376479071448557e-05,3.376479071448557e-05,CT5__hp,False
lag_13__T1__utility_total,3.372424907865934e-05,3.372424907865934e-05,T1__utility_total,True
lag_15__T1__armor,3.3699401683406904e-05,3.3699401683406904e-05,T1__armor,False
lag_11__CT2__hp,3.3660086046438664e-05,3.3660086046438664e-05,CT2__hp,False
lag_10__T_utility_damage_last_5s,-3.363657015142962e-05,3.363657015142962e-05,T_utility_damage_last_5s,True
lag_08__CT3__is_walking,3.3612064726185054e-05,3.3612064726185054e-05,CT3__is_walking,False
lag_02__T2__armor,3.3585394703550264e-05,3.3585394703550264e-05,T2__armor,False
lag_00__T4__flash_duration,-3.357694367878139e-05,3.357694367878139e-05,T4__flash_duration,True
lag_09__T4__smoke,-3.356327215442434e-05,3.356327215442434e-05,T4__smoke,True
lag_01__CT_macro_A,3.3562489988980815e-05,3.3562489988980815e-05,CT_macro_A,False
lag_01__CT_place_BOMBSITEA,3.3562489988980815e-05,3.3562489988980815e-05,CT_place_BOMBSITEA,False
lag_09__T1__flash,3.3531468943692744e-05,3.3531468943692744e-05,T1__flash,True
lag_01__CT5__armor,3.351477789692581e-05,3.351477789692581e-05,CT5__armor,False
lag_07__T_utility_inv,-3.3514381357235834e-05,3.3514381357235834e-05,T_utility_inv,True
lag_11__T4__flash,-3.349783946759999e-05,3.349783946759999e-05,T4__flash,True
lag_09__spread_diff,3.34876385750249e-05,3.34876385750249e-05,spread_diff,False
lag_15__T2__armor,3.347119127283804e-05,3.347119127283804e-05,T2__armor,False
lag_03__T2__armor,3.3449119655415416e-05,3.3449119655415416e-05,T2__armor,False
lag_05__seconds_in_round,3.342597119626589e-05,3.342597119626589e-05,seconds_in_round,False
lag_14__T_armor_sum,-3.3388012525392696e-05,3.3388012525392696e-05,T_armor_sum,False
lag_06__flash_inv_diff,3.337527232361026e-05,3.337527232361026e-05,flash_inv_diff,True
lag_09__T3__molly,-3.333775748615153e-05,3.333775748615153e-05,T3__molly,True
lag_10__T4__has_bomb,-3.333773202029988e-05,3.333773202029988e-05,T4__has_bomb,False
lag_01__CT_unique_places,3.332576307002455e-05,3.332576307002455e-05,CT_unique_places,False
lag_12__T3__flash,-3.329832179588266e-05,3.329832179588266e-05,T3__flash,True
lag_03__CT5__hp,-3.328010279801674e-05,3.328010279801674e-05,CT5__hp,False
lag_12__CT1__alive,-3.319607276353054e-05,3.319607276353054e-05,CT1__alive,False
lag_09__CT1__shots_fired,3.310506508569233e-05,3.310506508569233e-05,CT1__shots_fired,False
lag_00__T4__duck_amount,3.3081130823120475e-05,3.3081130823120475e-05,T4__duck_amount,False
lag_06__T3__utility_total,-3.3047879696823657e-05,3.3047879696823657e-05,T3__utility_total,True
lag_09__CT1__alive,-3.3042400900740176e-05,3.3042400900740176e-05,CT1__alive,False
lag_15__CT5__molly,-3.301516335341148e-05,3.301516335341148e-05,CT5__molly,True
lag_02__CT_place_CATWALK,-3.3012081985361874e-05,3.3012081985361874e-05,CT_place_CATWALK,False
lag_02__T_B_site_active_smokes,3.3010794140864164e-05,3.3010794140864164e-05,T_B_site_active_smokes,True
lag_11__CT4__hp,3.3000596886267886e-05,3.3000596886267886e-05,CT4__hp,False
lag_10__T_money_sum,-3.2990239560604095e-05,3.2990239560604095e-05,T_money_sum,False
lag_01__T2__alive,3.294643829576671e-05,3.294643829576671e-05,T2__alive,False
lag_05__CT3__has_helmet,-3.2826235838001594e-05,3.2826235838001594e-05,CT3__has_helmet,False
lag_04__T1__armor,-3.271522291470319e-05,3.271522291470319e-05,T1__armor,False
lag_07__T1__X,-3.270542583777569e-05,3.270542583777569e-05,T1__X,False
lag_14__T_closest_enemy_dist,-3.2692139939172193e-05,3.2692139939172193e-05,T_closest_enemy_dist,False
lag_07__T_flash_inv,-3.266328349127434e-05,3.266328349127434e-05,T_flash_inv,True
lag_03__CT3__flash,3.263129110564478e-05,3.263129110564478e-05,CT3__flash,True
lag_04__T_unique_places,-3.262870086473413e-05,3.262870086473413e-05,T_unique_places,False
lag_06__T2__hp,3.256943091400899e-05,3.256943091400899e-05,T2__hp,False
lag_10__T_equip_value_sum,-3.248778739362024e-05,3.248778739362024e-05,T_equip_value_sum,False
lag_04__T4__has_bomb,-3.246912456233986e-05,3.246912456233986e-05,T4__has_bomb,False
lag_08__T2__utility_total,-3.2433050364488736e-05,3.2433050364488736e-05,T2__utility_total,True
lag_08__CT_B_site_active_infernos,-3.243043465772644e-05,3.243043465772644e-05,CT_B_site_active_infernos,True
lag_15__T1__has_helmet,3.241997546865605e-05,3.241997546865605e-05,T1__has_helmet,False
lag_06__CT_armor_sum,-3.241447848267853e-05,3.241447848267853e-05,CT_armor_sum,False
lag_00__CT_mean_Y,3.239620491513051e-05,3.239620491513051e-05,CT_mean_Y,False
lag_06__CT2__armor,3.237631972297095e-05,3.237631972297095e-05,CT2__armor,False
lag_01__CT2__alive,3.2376297895098105e-05,3.2376297895098105e-05,CT2__alive,False
lag_09__CT5__armor,3.232865856261924e-05,3.232865856261924e-05,CT5__armor,False
lag_01__CT3__alive,3.231401205994189e-05,3.231401205994189e-05,CT3__alive,False
lag_12__CT1__smoke,3.2290674425894395e-05,3.2290674425894395e-05,CT1__smoke,True
lag_05__T_start_balance_sum,-3.226149419788271e-05,3.226149419788271e-05,T_start_balance_sum,False
lag_11__CT_B_site_active_smokes,-3.225239197490737e-05,3.225239197490737e-05,CT_B_site_active_smokes,True
lag_12__CT1__has_defuser,3.224949978175573e-05,3.224949978175573e-05,CT1__has_defuser,False
lag_04__CT2__flash,3.2249030482489616e-05,3.2249030482489616e-05,CT2__flash,True
lag_07__CT5__X,-3.2242463930742815e-05,3.2242463930742815e-05,CT5__X,False
lag_02__CT4__molly,-3.2236897823167965e-05,3.2236897823167965e-05,CT4__molly,True
lag_02__T2__has_helmet,3.219678910681978e-05,3.219678910681978e-05,T2__has_helmet,False
lag_00__T_money_sum,-3.217419362044893e-05,3.217419362044893e-05,T_money_sum,False
lag_13__CT_place_CTSPAWN,-3.216541153960861e-05,3.216541153960861e-05,CT_place_CTSPAWN,False
lag_01__CT5__alive,3.213264426449314e-05,3.213264426449314e-05,CT5__alive,False
lag_06__CT4__armor,3.2121264666784555e-05,3.2121264666784555e-05,CT4__armor,False
lag_04__CT2__has_helmet,3.211481453035958e-05,3.211481453035958e-05,CT2__has_helmet,False
lag_08__T5__utility_total,-3.209946953575127e-05,3.209946953575127e-05,T5__utility_total,True
lag_15__T2__has_helmet,3.2087304134620354e-05,3.2087304134620354e-05,T2__has_helmet,False
lag_15__T4__duck_amount,3.2069190638139844e-05,3.2069190638139844e-05,T4__duck_amount,False
lag_03__T2__has_helmet,3.206617111572996e-05,3.206617111572996e-05,T2__has_helmet,False
lag_10__T2__hp,3.205463872291148e-05,3.205463872291148e-05,T2__hp,False
lag_04__CT5__has_helmet,3.201823710696772e-05,3.201823710696772e-05,CT5__has_helmet,False
lag_09__CT2__hp,3.1996733014239e-05,3.1996733014239e-05,CT2__hp,False
lag_08__T5__flash,-3.198334889020771e-05,3.198334889020771e-05,T5__flash,True
lag_04__damage_diff_last_5s,3.1969153496902436e-05,3.1969153496902436e-05,damage_diff_last_5s,False
lag_13__T2__hp,3.195364843122661e-05,3.195364843122661e-05,T2__hp,False
lag_09__CT_utility_inv,3.1948151445249096e-05,3.1948151445249096e-05,CT_utility_inv,True
lag_12__T2__alive,3.191517316736281e-05,3.191517316736281e-05,T2__alive,False
lag_14__T2__alive,3.18980346492026e-05,3.18980346492026e-05,T2__alive,False
lag_12__T5__smoke,-3.1875424610916525e-05,3.1875424610916525e-05,T5__smoke,True
lag_10__CT2__armor,3.186453977832571e-05,3.186453977832571e-05,CT2__armor,False
lag_08__T4__X,-3.183263470418751e-05,3.183263470418751e-05,T4__X,False
lag_07__T2__alive,3.182163345627487e-05,3.182163345627487e-05,T2__alive,False
lag_06__T1__alive,-3.1817045964999124e-05,3.1817045964999124e-05,T1__alive,False
lag_10__T4__flash_duration,3.181208376190625e-05,3.181208376190625e-05,T4__flash_duration,True
lag_04__CT4__has_helmet,3.1810439395485446e-05,3.1810439395485446e-05,CT4__has_helmet,False
lag_07__T4__has_helmet,-3.180716521455906e-05,3.180716521455906e-05,T4__has_helmet,False
lag_05__T_active_smokes,3.179366103722714e-05,3.179366103722714e-05,T_active_smokes,True
lag_13__CT2__armor,3.176416430505924e-05,3.176416430505924e-05,CT2__armor,False
lag_09__T_macro_A,-3.175355959683657e-05,3.175355959683657e-05,T_macro_A,False
lag_09__T_place_BOMBSITEA,-3.175355959683657e-05,3.175355959683657e-05,T_place_BOMBSITEA,False
lag_05__CT_flash_duration_sum,3.1735660741105676e-05,3.1735660741105676e-05,CT_flash_duration_sum,True
lag_10__T2__flash_duration,3.170209311065264e-05,3.170209311065264e-05,T2__flash_duration,True
lag_01__CT4__alive,3.1650051823817194e-05,3.1650051823817194e-05,CT4__alive,False
lag_04__closest_enemy_dist_diff,3.162261418765411e-05,3.162261418765411e-05,closest_enemy_dist_diff,False
lag_10__CT4__armor,3.16135301545728e-05,3.16135301545728e-05,CT4__armor,False
lag_11__T4__duck_amount,3.1608782592229545e-05,3.1608782592229545e-05,T4__duck_amount,False
lag_08__T2__alive,3.157700120937079e-05,3.157700120937079e-05,T2__alive,False
lag_14__T_equip_value_sum,-3.1534102163277566e-05,3.1534102163277566e-05,T_equip_value_sum,False
lag_13__CT4__armor,3.1513951398665085e-05,3.1513951398665085e-05,CT4__armor,False
lag_10__T3__flash,-3.1507908715866506e-05,3.1507908715866506e-05,T3__flash,True
lag_10__CT5__armor,3.150401607854292e-05,3.150401607854292e-05,CT5__armor,False
lag_01__CT_A_site_active_smokes,-3.150154952891171e-05,3.150154952891171e-05,CT_A_site_active_smokes,True
lag_01__CT1__hp,-3.1486408261116594e-05,3.1486408261116594e-05,CT1__hp,False
lag_12__closest_enemy_dist_diff,-3.144036963931285e-05,3.144036963931285e-05,closest_enemy_dist_diff,False
lag_13__CT5__armor,3.140477565466426e-05,3.140477565466426e-05,CT5__armor,False
lag_10__T5__flash_duration,-3.138693864457309e-05,3.138693864457309e-05,T5__flash_duration,True
lag_09__CT4__hp,3.1369836506200954e-05,3.1369836506200954e-05,CT4__hp,False
lag_12__CT2__alive,3.1362855224870145e-05,3.1362855224870145e-05,CT2__alive,False
lag_12__T1__alive,3.135972292511724e-05,3.135972292511724e-05,T1__alive,False
lag_14__CT2__alive,3.1346007745014504e-05,3.1346007745014504e-05,CT2__alive,False
lag_14__T1__alive,3.1342879083240405e-05,3.1342879083240405e-05,T1__alive,False
lag_12__CT3__alive,3.130253026029095e-05,3.130253026029095e-05,CT3__alive,False
lag_14__CT3__alive,3.1285726436180994e-05,3.1285726436180994e-05,CT3__alive,False
lag_07__CT2__alive,3.127093077637255e-05,3.127093077637255e-05,CT2__alive,False
lag_09__T5__utility_total,-3.1252100598067045e-05,3.1252100598067045e-05,T5__utility_total,True
lag_04__T_mean_Y,-3.123416536254808e-05,3.123416536254808e-05,T_mean_Y,False
lag_07__CT3__alive,3.121079862467013e-05,3.121079862467013e-05,CT3__alive,False
lag_06__T5__smoke,-3.117816595477052e-05,3.117816595477052e-05,T5__smoke,True
lag_04__T_start_balance_sum,-3.1133538868743926e-05,3.1133538868743926e-05,T_start_balance_sum,False
lag_12__CT5__alive,3.1126823159866035e-05,3.1126823159866035e-05,CT5__alive,False
lag_14__CT5__alive,3.111011392320506e-05,3.111011392320506e-05,CT5__alive,False
lag_03__CT1__Y,-3.110037141595967e-05,3.110037141595967e-05,CT1__Y,False
lag_05__T_round_start_equip_sum,-3.10927935061045e-05,3.10927935061045e-05,T_round_start_equip_sum,False
lag_06__CT_round_start_equip_sum,3.1071107514435425e-05,3.1071107514435425e-05,CT_round_start_equip_sum,False
lag_07__CT5__alive,3.1035608117235824e-05,3.1035608117235824e-05,CT5__alive,False
lag_08__T4__utility_total,-3.103356357314624e-05,3.103356357314624e-05,T4__utility_total,True
lag_08__CT2__alive,3.103054768871516e-05,3.103054768871516e-05,CT2__alive,False
lag_06__T4__smoke,-3.102451955783181e-05,3.102451955783181e-05,T4__smoke,True
lag_14__T_mean_Y,-3.099636887782253e-05,3.099636887782253e-05,T_mean_Y,False
lag_08__CT3__alive,3.09708557324484e-05,3.09708557324484e-05,CT3__alive,False
lag_03__CT1__alive,-3.093681516475044e-05,3.093681516475044e-05,CT1__alive,False
lag_05__CT1__has_helmet,-3.090344398515299e-05,3.090344398515299e-05,CT1__has_helmet,False
lag_03__CT_mean_Y,-3.0902461730875075e-05,3.0902461730875075e-05,CT_mean_Y,False
lag_13__T_mean_Y,-3.0891034839442e-05,3.0891034839442e-05,T_mean_Y,False
lag_15__kill_diff_last_3s,3.084111449425109e-05,3.084111449425109e-05,kill_diff_last_3s,False
lag_15__CT5__utility_total,-3.082790499320254e-05,3.082790499320254e-05,CT5__utility_total,True
lag_09__T2__flash_duration,-3.082790499320254e-05,3.082790499320254e-05,T2__flash_duration,True
lag_05__CT3__hp,-3.080793976550922e-05,3.080793976550922e-05,CT3__hp,False
lag_08__CT5__alive,3.079703310504556e-05,3.079703310504556e-05,CT5__alive,False
lag_04__T_money_sum,-3.0788753065280616e-05,3.0788753065280616e-05,T_money_sum,False
lag_05__T_B_site_active_smokes,-3.071950777666643e-05,3.071950777666643e-05,T_B_site_active_smokes,True
lag_09__CT2__smoke,3.0695926398038864e-05,3.0695926398038864e-05,CT2__smoke,True
lag_07__CT_A_site_active_infernos,3.0695173336425796e-05,3.0695173336425796e-05,CT_A_site_active_infernos,True
lag_03__CT5__shots_fired,-3.066145291086286e-05,3.066145291086286e-05,CT5__shots_fired,False
lag_12__CT4__alive,3.065937926294282e-05,3.065937926294282e-05,CT4__alive,False
lag_09__CT_B_site_active_smokes,-3.0658571631647646e-05,3.0658571631647646e-05,CT_B_site_active_smokes,True
lag_14__CT4__alive,3.064291740884073e-05,3.064291740884073e-05,CT4__alive,False
lag_15__T1__duck_amount,-3.063341500819661e-05,3.063341500819661e-05,T1__duck_amount,False
lag_12__T3__molly,-3.061125971726142e-05,3.061125971726142e-05,T3__molly,True
lag_09__T_helmet_count,-3.05939611280337e-05,3.05939611280337e-05,T_helmet_count,False
lag_07__CT4__alive,3.0569521186407655e-05,3.0569521186407655e-05,CT4__alive,False
lag_05__CT3__duck_amount,3.053958062082529e-05,3.053958062082529e-05,CT3__duck_amount,False
lag_10__T4__smoke,-3.053412729059346e-05,3.053412729059346e-05,T4__smoke,True
lag_12__CT_A_site_active_smokes,-3.0515491744154133e-05,3.0515491744154133e-05,CT_A_site_active_smokes,True
lag_10__T1__flash,3.0505203540087678e-05,3.0505203540087678e-05,T1__flash,True
lag_14__CT_A_site_active_smokes,-3.049912083952222e-05,3.049912083952222e-05,CT_A_site_active_smokes,True
lag_02__CT_unique_places,3.0479659471893683e-05,3.0479659471893683e-05,CT_unique_places,False
lag_13__T4__smoke,-3.0437939130933955e-05,3.0437939130933955e-05,T4__smoke,True
lag_07__CT_A_site_active_smokes,-3.0426064768107608e-05,3.0426064768107608e-05,CT_A_site_active_smokes,True
lag_10__T_active_smokes,3.041774471057579e-05,3.041774471057579e-05,T_active_smokes,True
lag_13__T1__flash,3.040911178686656e-05,3.040911178686656e-05,T1__flash,True
lag_05__CT_active_smokes,-3.0354438422364183e-05,3.0354438422364183e-05,CT_active_smokes,True
lag_08__CT4__alive,3.033451321243774e-05,3.033451321243774e-05,CT4__alive,False
lag_08__CT3__Y,-3.0329289074870758e-05,3.0329289074870758e-05,CT3__Y,False
lag_00__T_A_site_active_smokes,3.0302791856229305e-05,3.0302791856229305e-05,T_A_site_active_smokes,True
lag_15__closest_enemy_dist_diff,3.029237996088341e-05,3.029237996088341e-05,closest_enemy_dist_diff,False
lag_12__CT_armor_sum,3.0233681172830984e-05,3.0233681172830984e-05,CT_armor_sum,False
lag_14__T_molly_inv,-3.0223309295251966e-05,3.0223309295251966e-05,T_molly_inv,True
lag_13__utility_damage_diff_last_5s,3.021638622158207e-05,3.021638622158207e-05,utility_damage_diff_last_5s,True
lag_02__CT2__Y,3.0212029741960578e-05,3.0212029741960578e-05,CT2__Y,False
lag_08__CT_A_site_active_smokes,-3.0192160920705646e-05,3.0192160920705646e-05,CT_A_site_active_smokes,True
lag_04__T_place_CATWALK,3.0190287361619994e-05,3.0190287361619994e-05,T_place_CATWALK,False
lag_13__T3__molly,-3.012393972312566e-05,3.012393972312566e-05,T3__molly,True
lag_10__T_molly_inv,-3.0106069971225224e-05,3.0106069971225224e-05,T_molly_inv,True
lag_02__T2__hp,3.0087581762927584e-05,3.0087581762927584e-05,T2__hp,False
lag_13__T_cash_spent_round_sum,-3.008519888680894e-05,3.008519888680894e-05,T_cash_spent_round_sum,False
lag_01__CT2__smoke,-3.0076666007516906e-05,3.0076666007516906e-05,CT2__smoke,True
lag_11__T4__molly,-3.0068502383073792e-05,3.0068502383073792e-05,T4__molly,True
lag_15__T2__hp,2.998528907482978e-05,2.998528907482978e-05,T2__hp,False
lag_13__CT1__flash,-2.9978029488120228e-05,2.9978029488120228e-05,CT1__flash,True
lag_03__T2__hp,2.9965516660013236e-05,2.9965516660013236e-05,T2__hp,False
lag_15__T_damage_last_5s,2.9946817448944785e-05,2.9946817448944785e-05,T_damage_last_5s,False
lag_14__T4__is_walking,-2.9938497391412966e-05,2.9938497391412966e-05,T4__is_walking,False
lag_02__CT2__armor,2.9909162549301982e-05,2.9909162549301982e-05,CT2__armor,False
lag_00__T3__Y,2.9893593818997033e-05,2.9893593818997033e-05,T3__Y,False
lag_15__CT2__armor,2.9807475584675558e-05,2.9807475584675558e-05,CT2__armor,False
lag_03__CT2__armor,2.9787815947202034e-05,2.9787815947202034e-05,CT2__armor,False
lag_12__T_flash_duration_sum,-2.9780218028463423e-05,2.9780218028463423e-05,T_flash_duration_sum,True
lag_14__closest_enemy_dist_diff,2.9716029530391097e-05,2.9716029530391097e-05,closest_enemy_dist_diff,False
lag_02__CT4__armor,2.9673585231648758e-05,2.9673585231648758e-05,CT4__armor,False
lag_12__CT5__utility_total,2.9669638024643064e-05,2.9669638024643064e-05,CT5__utility_total,True
lag_15__T5__is_walking,-2.9622478905366734e-05,2.9622478905366734e-05,T5__is_walking,False
lag_13__CT2__smoke,2.9594653824460693e-05,2.9594653824460693e-05,CT2__smoke,True
lag_06__CT2__hp,2.9576494853245094e-05,2.9576494853245094e-05,CT2__hp,False
lag_15__CT4__armor,2.957266588055063e-05,2.957266588055063e-05,CT4__armor,False
lag_03__CT4__armor,2.955319177999627e-05,2.955319177999627e-05,CT4__armor,False
lag_05__T_mean_Y,-2.9552405976573937e-05,2.9552405976573937e-05,T_mean_Y,False
lag_08__T4__flash_duration,-2.949254121631384e-05,2.949254121631384e-05,T4__flash_duration,True
lag_03__CT_helmet_count,2.9492393878172152e-05,2.9492393878172152e-05,CT_helmet_count,False
lag_13__T4__flash_duration,2.9475497285602614e-05,2.9475497285602614e-05,T4__flash_duration,True
lag_05__CT_equip_value_sum,2.947384382423479e-05,2.947384382423479e-05,CT_equip_value_sum,False
lag_15__CT5__armor,2.9470240406226367e-05,2.9470240406226367e-05,CT5__armor,False
lag_11__T_closest_enemy_dist,-2.9438007913995534e-05,2.9438007913995534e-05,T_closest_enemy_dist,False
lag_08__T_place_HOUSE,-2.9435590477078222e-05,2.9435590477078222e-05,T_place_HOUSE,False
lag_01__CT1__smoke,2.940988815680612e-05,2.940988815680612e-05,CT1__smoke,True
lag_01__CT1__has_defuser,2.936823875643313e-05,2.936823875643313e-05,CT1__has_defuser,False
lag_12__CT1__utility_total,-2.930641312559601e-05,2.930641312559601e-05,CT1__utility_total,True
lag_00__CT4__utility_total,2.929113179561682e-05,2.929113179561682e-05,CT4__utility_total,True
lag_10__T_bomb_carrier_alive,2.927649620687589e-05,2.927649620687589e-05,T_bomb_carrier_alive,False
lag_13__CT_macro_A,2.9242712116683833e-05,2.9242712116683833e-05,CT_macro_A,False
lag_13__CT_place_BOMBSITEA,2.9242712116683833e-05,2.9242712116683833e-05,CT_place_BOMBSITEA,False
lag_08__T_duck_amount_mean,-2.9236607588245533e-05,2.9236607588245533e-05,T_duck_amount_mean,False
lag_13__kill_diff_last_3s,-2.9223414458101615e-05,2.9223414458101615e-05,kill_diff_last_3s,False
lag_10__CT5__hp,2.9199529308243655e-05,2.9199529308243655e-05,CT5__hp,False
lag_09__T_smoke_inv,-2.917622623499483e-05,2.917622623499483e-05,T_smoke_inv,True
lag_05__T_flashed_players,-2.9128625101293437e-05,2.9128625101293437e-05,T_flashed_players,False
lag_10__CT2__hp,2.910897819674574e-05,2.910897819674574e-05,CT2__hp,False
lag_13__CT5__hp,2.9107530281180516e-05,2.9107530281180516e-05,CT5__hp,False
lag_11__T_walking_count,-2.908226815634407e-05,2.908226815634407e-05,T_walking_count,False
lag_02__CT_place_BOMBSITEA,2.902278720284812e-05,2.902278720284812e-05,CT_place_BOMBSITEA,False
lag_02__CT_macro_A,2.902278720284812e-05,2.902278720284812e-05,CT_macro_A,False
lag_13__CT2__hp,2.9017279302934185e-05,2.9017279302934185e-05,CT2__hp,False
lag_04__T1__has_helmet,-2.899872743000742e-05,2.899872743000742e-05,T1__has_helmet,False
lag_06__CT4__hp,2.8997017579968087e-05,2.8997017579968087e-05,CT4__hp,False
lag_05__T2__armor,2.895942634495441e-05,2.895942634495441e-05,T2__armor,False
lag_10__CT3__Y,2.8941316486452706e-05,2.8941316486452706e-05,CT3__Y,False
lag_04__CT_flashed_players,2.8873102564830333e-05,2.8873102564830333e-05,CT_flashed_players,False
lag_15__T_cash_spent_round_sum,-2.8855078198830597e-05,2.8855078198830597e-05,T_cash_spent_round_sum,False
lag_02__T1__smoke,-2.8834037948399782e-05,2.8834037948399782e-05,T1__smoke,True
lag_04__CT1__duck_amount,2.880782267311588e-05,2.880782267311588e-05,CT1__duck_amount,False
lag_11__T2__flash_duration,-2.8803433451685123e-05,2.8803433451685123e-05,T2__flash_duration,True
lag_08__CT5__utility_total,-2.8758835469488986e-05,2.8758835469488986e-05,CT5__utility_total,True
lag_11__T2__alive,2.873101220757235e-05,2.873101220757235e-05,T2__alive,False
lag_12__CT_walking_count,-2.8726479285978712e-05,2.8726479285978712e-05,CT_walking_count,False
lag_06__CT5__armor,2.8673648557742126e-05,2.8673648557742126e-05,CT5__armor,False
lag_02__T4__smoke,-2.8660400857916102e-05,2.8660400857916102e-05,T4__smoke,True
lag_09__T4__flash,-2.8654450943577103e-05,2.8654450943577103e-05,T4__flash,True
lag_11__T_damage_last_5s,2.864666203095112e-05,2.864666203095112e-05,T_damage_last_5s,False
lag_12__T2__utility_total,-2.858761217794381e-05,2.858761217794381e-05,T2__utility_total,True
lag_15__T4__smoke,-2.8562959414557554e-05,2.8562959414557554e-05,T4__smoke,True
lag_03__T4__smoke,-2.8544109227368608e-05,2.8544109227368608e-05,T4__smoke,True
lag_10__CT4__hp,2.8538664992083795e-05,2.8538664992083795e-05,CT4__hp,False
lag_15__CT3__duck_amount,-2.853743171726819e-05,2.853743171726819e-05,CT3__duck_amount,False
lag_15__T1__flash,2.853588739526458e-05,2.853588739526458e-05,T1__flash,True
lag_13__CT4__Y,-2.8464195565902628e-05,2.8464195565902628e-05,CT4__Y,False
lag_13__CT4__hp,2.8448757802834734e-05,2.8448757802834734e-05,CT4__hp,False
lag_11__T_macro_MID,2.8377538910717703e-05,2.8377538910717703e-05,T_macro_MID,False
lag_06__CT_B_site_active_smokes,-2.8339547498035245e-05,2.8339547498035245e-05,CT_B_site_active_smokes,True
lag_11__CT_macro_A,2.8295533411437646e-05,2.8295533411437646e-05,CT_macro_A,False
lag_11__CT_place_BOMBSITEA,2.8295533411437646e-05,2.8295533411437646e-05,CT_place_BOMBSITEA,False
lag_06__T_bomb_carrier_alive,2.8291880880715325e-05,2.8291880880715325e-05,T_bomb_carrier_alive,False
lag_11__T4__X,-2.8276674129301682e-05,2.8276674129301682e-05,T4__X,False
lag_11__CT2__alive,2.8233798730070703e-05,2.8233798730070703e-05,CT2__alive,False
lag_11__T1__alive,2.8230964744579978e-05,2.8230964744579978e-05,T1__alive,False
lag_11__CT3__alive,2.817948734445963e-05,2.817948734445963e-05,CT3__alive,False
lag_09__active_smokes_total,-2.8172671591164544e-05,2.8172671591164544e-05,active_smokes_total,True
lag_04__CT3__utility_total,-2.8154798201285303e-05,2.8154798201285303e-05,CT3__utility_total,True
lag_10__CT5__flash,-2.8137528715888038e-05,2.8137528715888038e-05,CT5__flash,True
lag_05__T5__molly,-2.8072367058484815e-05,2.8072367058484815e-05,T5__molly,True
lag_12__CT_alive,2.804138966894243e-05,2.804138966894243e-05,CT_alive,False
lag_10__T3__molly,-2.803909228532575e-05,2.803909228532575e-05,T3__molly,True
lag_11__CT5__alive,2.8021308025927283e-05,2.8021308025927283e-05,CT5__alive,False
lag_02__CT4__duck_amount,2.8011803806293756e-05,2.8011803806293756e-05,CT4__duck_amount,False
lag_05__T2__flash_duration,2.8005566491628997e-05,2.8005566491628997e-05,T2__flash_duration,True
lag_10__T_B_site_active_smokes,2.795536602206994e-05,2.795536602206994e-05,T_B_site_active_smokes,True
lag_01__bomb_planted,-2.795088767015841e-05,2.795088767015841e-05,bomb_planted,False
lag_00__CT3__flash,2.7946807676926255e-05,2.7946807676926255e-05,CT3__flash,True
lag_10__CT_B_site_active_smokes,-2.789159225358162e-05,2.789159225358162e-05,CT_B_site_active_smokes,True
lag_13__CT_molly_inv,-2.7841824703500606e-05,2.7841824703500606e-05,CT_molly_inv,True
lag_13__CT_B_site_active_smokes,-2.7803724151453935e-05,2.7803724151453935e-05,CT_B_site_active_smokes,True
lag_05__T2__has_helmet,2.7762091121985577e-05,2.7762091121985577e-05,T2__has_helmet,False
lag_03__CT5__utility_total,-2.771541039692238e-05,2.771541039692238e-05,CT5__utility_total,True
lag_09__CT2__Y,2.7647520255413838e-05,2.7647520255413838e-05,CT2__Y,False
lag_03__T4__is_walking,2.7643362045637332e-05,2.7643362045637332e-05,T4__is_walking,False
lag_11__CT4__alive,2.7600508474279195e-05,2.7600508474279195e-05,CT4__alive,False
lag_01__CT_alive,2.7596486688707955e-05,2.7596486688707955e-05,CT_alive,False
lag_01__CT_armor_sum,2.7579377274378203e-05,2.7579377274378203e-05,CT_armor_sum,False
lag_01__T2__smoke,-2.7477302865008824e-05,2.7477302865008824e-05,T2__smoke,True
lag_11__CT_A_site_active_smokes,-2.7470981876831502e-05,2.7470981876831502e-05,CT_A_site_active_smokes,True
lag_11__molly_inv_diff,-2.7391042749513872e-05,2.7391042749513872e-05,molly_inv_diff,True
lag_03__CT4__utility_total,2.7362106266082264e-05,2.7362106266082264e-05,CT4__utility_total,True
lag_15__CT1__Y,-2.7337313440511934e-05,2.7337313440511934e-05,CT1__Y,False
lag_02__CT2__hp,2.732270695560146e-05,2.732270695560146e-05,CT2__hp,False
lag_15__CT5__hp,2.7314492399455048e-05,2.7314492399455048e-05,CT5__hp,False
lag_09__T2__alive,2.731122549448628e-05,2.731122549448628e-05,T2__alive,False
lag_12__T3__smoke,-2.7304155082674697e-05,2.7304155082674697e-05,T3__smoke,True
lag_02__CT_utility_inv,2.7296115149511024e-05,2.7296115149511024e-05,CT_utility_inv,True
lag_15__CT2__hp,2.7229802071815357e-05,2.7229802071815357e-05,CT2__hp,False
lag_03__CT2__hp,2.7211863198317587e-05,2.7211863198317587e-05,CT2__hp,False
lag_13__CT1__has_defuser,-2.720269731071312e-05,2.720269731071312e-05,CT1__has_defuser,False
lag_13__CT1__smoke,-2.718308132898528e-05,2.718308132898528e-05,CT1__smoke,True
lag_12__T_he_last_5s,-2.717571987886913e-05,2.717571987886913e-05,T_he_last_5s,True
lag_02__T5__flash_duration,2.7149842935614288e-05,2.7149842935614288e-05,T5__flash_duration,True
lag_00__CT_active_infernos,-2.711381603148766e-05,2.711381603148766e-05,CT_active_infernos,True
lag_03__T2__duck_amount,-2.7113392206956632e-05,2.7113392206956632e-05,T2__duck_amount,False
lag_12__bomb_planted,-2.7075977413915098e-05,2.7075977413915098e-05,bomb_planted,False
lag_14__bomb_planted,-2.7061443688580766e-05,2.7061443688580766e-05,bomb_planted,False
lag_09__CT1__hp,-2.7056181352236308e-05,2.7056181352236308e-05,CT1__hp,False
lag_12__T1__hp,2.7055988539359532e-05,2.7055988539359532e-05,T1__hp,False
lag_02__T1__utility_total,-2.7049414711655118e-05,2.7049414711655118e-05,T1__utility_total,True
lag_08__molly_inv_diff,2.703459540498443e-05,2.703459540498443e-05,molly_inv_diff,True
lag_07__bomb_planted,-2.6996631277143024e-05,2.6996631277143024e-05,bomb_planted,False
lag_07__CT5__molly,2.6957281079376116e-05,2.6957281079376116e-05,CT5__molly,True
lag_12__CT_place_BOMBSITEA,2.6908732252195477e-05,2.6908732252195477e-05,CT_place_BOMBSITEA,False
lag_12__CT_macro_A,2.6908732252195477e-05,2.6908732252195477e-05,CT_macro_A,False
lag_03__T_place_BOMBSITEA,2.6886171326623298e-05,2.6886171326623298e-05,T_place_BOMBSITEA,False
lag_03__T_macro_A,2.6886171326623298e-05,2.6886171326623298e-05,T_macro_A,False
lag_09__CT2__alive,2.6838588382815942e-05,2.6838588382815942e-05,CT2__alive,False
lag_09__T1__alive,2.683588354557287e-05,2.683588354557287e-05,T1__alive,False
lag_08__bomb_planted,-2.6789090043166652e-05,2.6789090043166652e-05,bomb_planted,False
lag_04__CT2__is_walking,2.6788635295815766e-05,2.6788635295815766e-05,CT2__is_walking,False
lag_02__CT4__hp,2.6787392926053144e-05,2.6787392926053144e-05,CT4__hp,False
lag_09__CT3__alive,2.6786967282532714e-05,2.6786967282532714e-05,CT3__alive,False
lag_15__CT4__hp,2.669629975571297e-05,2.669629975571297e-05,CT4__hp,False
lag_03__CT4__hp,2.6678717404138297e-05,2.6678717404138297e-05,CT4__hp,False
lag_04__T_round_start_equip_sum,-2.663998384377919e-05,2.663998384377919e-05,T_round_start_equip_sum,False
lag_09__CT5__alive,2.663660779944621e-05,2.663660779944621e-05,CT5__alive,False
lag_07__CT2__shots_fired,-2.657444383658003e-05,2.657444383658003e-05,CT2__shots_fired,False
lag_04__CT_hp_sum,-2.6422867449582554e-05,2.6422867449582554e-05,CT_hp_sum,False
lag_14__T_unique_places,-2.6406651159049943e-05,2.6406651159049943e-05,T_unique_places,False
lag_15__T1__hp,-2.6336849259678274e-05,2.6336849259678274e-05,T1__hp,False
lag_12__CT1__hp,-2.6275685740984045e-05,2.6275685740984045e-05,CT1__hp,False
lag_09__CT4__alive,2.6236586563754827e-05,2.6236586563754827e-05,CT4__alive,False
lag_01__CT_macro_MID,-2.6203062589047477e-05,2.6203062589047477e-05,CT_macro_MID,False
lag_06__T3__flash,-2.618603866721969e-05,2.618603866721969e-05,T3__flash,True
lag_12__CT_shots_fired_sum,2.618118560349103e-05,2.618118560349103e-05,CT_shots_fired_sum,False
lag_02__CT_B_site_active_smokes,-2.6180026907240972e-05,2.6180026907240972e-05,CT_B_site_active_smokes,True
lag_08__T5__smoke,-2.6136056476389058e-05,2.6136056476389058e-05,T5__smoke,True
lag_09__CT_A_site_active_smokes,-2.6113457352039404e-05,2.6113457352039404e-05,CT_A_site_active_smokes,True
lag_03__CT_closest_enemy_dist,-2.609986586321611e-05,2.609986586321611e-05,CT_closest_enemy_dist,False
lag_15__CT_B_site_active_smokes,-2.6091005565831438e-05,2.6091005565831438e-05,CT_B_site_active_smokes,True
lag_03__CT_B_site_active_smokes,-2.6073792469105683e-05,2.6073792469105683e-05,CT_B_site_active_smokes,True
lag_12__CT_hp_sum,2.6065994461532682e-05,2.6065994461532682e-05,CT_hp_sum,False
lag_09__T4__molly,-2.602530366857536e-05,2.602530366857536e-05,T4__molly,True
lag_06__T3__smoke,-2.6000067009590566e-05,2.6000067009590566e-05,T3__smoke,True
lag_11__CT3__molly,-2.5974641175707802e-05,2.5974641175707802e-05,CT3__molly,True
lag_02__seconds_in_round,2.5967214241973124e-05,2.5967214241973124e-05,seconds_in_round,False
lag_06__T_spread_xy,2.5953195290639997e-05,2.5953195290639997e-05,T_spread_xy,False
lag_09__T5__smoke,-2.5944205845007673e-05,2.5944205845007673e-05,T5__smoke,True
lag_05__T2__hp,2.5943396394723095e-05,2.5943396394723095e-05,T2__hp,False
lag_10__T_helmet_count,-2.5883244234137237e-05,2.5883244234137237e-05,T_helmet_count,False
lag_08__T_cash_spent_round_sum,-2.5831051971181296e-05,2.5831051971181296e-05,T_cash_spent_round_sum,False
lag_03__CT1__hp,-2.5806582925724797e-05,2.5806582925724797e-05,CT1__hp,False
lag_05__CT2__armor,2.5789557184907608e-05,2.5789557184907608e-05,CT2__armor,False
lag_07__CT_molly_inv,2.578459316282533e-05,2.578459316282533e-05,CT_molly_inv,True
lag_15__T5__smoke,-2.5759736672625877e-05,2.5759736672625877e-05,T5__smoke,True
lag_02__CT5__armor,2.5729144908837043e-05,2.5729144908837043e-05,CT5__armor,False
lag_00__T_burning_players,-2.571492404968012e-05,2.571492404968012e-05,T_burning_players,False
lag_11__CT3__Y,2.5693894713185728e-05,2.5693894713185728e-05,CT3__Y,False
lag_14__T2__flash,-2.5593015379854478e-05,2.5593015379854478e-05,T2__flash,True
lag_05__CT4__armor,2.5586430638213642e-05,2.5586430638213642e-05,CT4__armor,False
lag_03__seconds_in_round,2.5581439331290312e-05,2.5581439331290312e-05,seconds_in_round,False
lag_08__CT_macro_A,2.5553605155437253e-05,2.5553605155437253e-05,CT_macro_A,False
lag_08__CT_place_BOMBSITEA,2.5553605155437253e-05,2.5553605155437253e-05,CT_place_BOMBSITEA,False
lag_10__CT_mean_Y,-2.5552722945576534e-05,2.5552722945576534e-05,CT_mean_Y,False
lag_00__CT3__is_walking,-2.554384082031902e-05,2.554384082031902e-05,CT3__is_walking,False
lag_06__CT_place_BOMBSITEB,2.553989179432392e-05,2.553989179432392e-05,CT_place_BOMBSITEB,False
lag_06__CT_macro_B,2.553989179432392e-05,2.553989179432392e-05,CT_macro_B,False
lag_14__T1__shots_fired,2.5502375137875788e-05,2.5502375137875788e-05,T1__shots_fired,False
lag_09__T1__hp,2.5490138796158135e-05,2.5490138796158135e-05,T1__hp,False
lag_10__T5__is_walking,-2.546932955738157e-05,2.546932955738157e-05,T5__is_walking,False
lag_00__CT1__Y,2.546201358200051e-05,2.546201358200051e-05,CT1__Y,False
lag_04__CT3__has_helmet,-2.542402216931805e-05,2.542402216931805e-05,CT3__has_helmet,False
lag_11__T_bomb_carrier_alive,2.542058427934535e-05,2.542058427934535e-05,T_bomb_carrier_alive,False
lag_12__CT_macro_MID,-2.538286571507342e-05,2.538286571507342e-05,CT_macro_MID,False
lag_14__T_utility_inv,-2.5377768906764686e-05,2.5377768906764686e-05,T_utility_inv,True
lag_14__CT_macro_MID,-2.536923966545146e-05,2.536923966545146e-05,CT_macro_MID,False
lag_07__CT_macro_MID,-2.5308472686447203e-05,2.5308472686447203e-05,CT_macro_MID,False
lag_06__T2__alive,2.5245406504836865e-05,2.5245406504836865e-05,T2__alive,False
lag_11__CT_place_UNDERPASS,-2.5238372472813353e-05,2.5238372472813353e-05,CT_place_UNDERPASS,False
lag_06__T1__hp,-2.5224948331015185e-05,2.5224948331015185e-05,T1__hp,False
lag_10__CT1__flash_duration,-2.521282476664055e-05,2.521282476664055e-05,CT1__flash_duration,True
lag_15__CT3__utility_total,2.517559187253937e-05,2.517559187253937e-05,CT3__utility_total,True
lag_07__T_place_CONNECTOR,-2.515539927117061e-05,2.515539927117061e-05,T_place_CONNECTOR,False
lag_02__CT1__shots_fired,2.5117060431512073e-05,2.5117060431512073e-05,CT1__shots_fired,False
lag_08__CT_macro_MID,-2.5113900846918114e-05,2.5113900846918114e-05,CT_macro_MID,False
lag_09__CT_molly_inv,-2.5071778509300202e-05,2.5071778509300202e-05,CT_molly_inv,True
lag_01__T1__has_bomb,-2.502312054275535e-05,2.502312054275535e-05,T1__has_bomb,False
lag_03__CT_macro_OTHER,-2.496905653970316e-05,2.496905653970316e-05,CT_macro_OTHER,False
lag_12__T5__molly,-2.4906465114327148e-05,2.4906465114327148e-05,T5__molly,True
lag_03__T5__is_walking,2.4854140065144747e-05,2.4854140065144747e-05,T5__is_walking,False
lag_10__T2__alive,2.4846347514539957e-05,2.4846347514539957e-05,T2__alive,False
lag_06__CT2__alive,2.4808497983030975e-05,2.4808497983030975e-05,CT2__alive,False
lag_02__CT3__molly,-2.480453986208886e-05,2.480453986208886e-05,CT3__molly,True
lag_13__T2__alive,2.4768065486568958e-05,2.4768065486568958e-05,T2__alive,False
lag_06__CT3__alive,2.4760798623901792e-05,2.4760798623901792e-05,CT3__alive,False
lag_09__T_molly_inv,-2.4753237084951252e-05,2.4753237084951252e-05,T_molly_inv,True
lag_00__T_bomb_carrier_alive,-2.4748298528720625e-05,2.4748298528720625e-05,T_bomb_carrier_alive,False
lag_04__CT_utility_inv,-2.4734477847232483e-05,2.4734477847232483e-05,CT_utility_inv,True
lag_05__T4__smoke,-2.471278094162699e-05,2.471278094162699e-05,T4__smoke,True
lag_08__CT5__shots_fired,2.4664741431479342e-05,2.4664741431479342e-05,CT5__shots_fired,False
lag_12__CT_macro_OTHER,-2.465700890752487e-05,2.465700890752487e-05,CT_macro_OTHER,False
lag_09__CT5__X,-2.4623657736810856e-05,2.4623657736810856e-05,CT5__X,False
lag_06__CT5__alive,2.4621811462566257e-05,2.4621811462566257e-05,CT5__alive,False
lag_02__CT_place_SHOP,2.4593780835857615e-05,2.4593780835857615e-05,CT_place_SHOP,False
lag_14__T_helmet_count,-2.459273127897177e-05,2.459273127897177e-05,T_helmet_count,False
lag_05__T1__alive,-2.458263588778209e-05,2.458263588778209e-05,T1__alive,False
lag_11__T1__hp,2.457129994581919e-05,2.457129994581919e-05,T1__hp,False
lag_01__T_scoped_count,-2.4504422981408425e-05,2.4504422981408425e-05,T_scoped_count,False
lag_05__T1__is_walking,2.4428967662970535e-05,2.4428967662970535e-05,T1__is_walking,False
lag_06__T4__utility_total,-2.4426288291579112e-05,2.4426288291579112e-05,T4__utility_total,True
lag_10__CT2__alive,2.4416358428425156e-05,2.4416358428425156e-05,CT2__alive,False
lag_10__T1__alive,2.441389915475156e-05,2.441389915475156e-05,T1__alive,False
lag_13__T_B_site_active_smokes,2.4413258870481513e-05,2.4413258870481513e-05,T_B_site_active_smokes,True
lag_02__T2__Y,-2.4408453100477345e-05,2.4408453100477345e-05,T2__Y,False
lag_11__bomb_planted,-2.4374614440603182e-05,2.4374614440603182e-05,bomb_planted,False
lag_10__CT3__alive,2.4369403035962023e-05,2.4369403035962023e-05,CT3__alive,False
lag_13__CT2__alive,2.4339438823517412e-05,2.4339438823517412e-05,CT2__alive,False
lag_13__T1__alive,2.4336997739737853e-05,2.4336997739737853e-05,T1__alive,False
lag_09__T1__smoke,-2.4314918846357614e-05,2.4314918846357614e-05,T1__smoke,True
lag_13__CT3__alive,2.429263258818537e-05,2.429263258818537e-05,CT3__alive,False
lag_09__T_place_CATWALK,2.4267415938084014e-05,2.4267415938084014e-05,T_place_CATWALK,False
lag_06__CT4__alive,2.4252041839645244e-05,2.4252041839645244e-05,CT4__alive,False
lag_12__T1__has_bomb,-2.4239854610641487e-05,2.4239854610641487e-05,T1__has_bomb,False
lag_10__CT5__alive,2.423260775685776e-05,2.423260775685776e-05,CT5__alive,False
lag_14__T1__has_bomb,-2.422685247438494e-05,2.422685247438494e-05,T1__has_bomb,False
lag_02__CT_helmet_count,2.4208859031205066e-05,2.4208859031205066e-05,CT_helmet_count,False
lag_14__T4__X,-2.419441989331972e-05,2.419441989331972e-05,T4__X,False
lag_01__T5__has_bomb,-2.4183062123483978e-05,2.4183062123483978e-05,T5__has_bomb,False
lag_07__T1__has_bomb,-2.4168808522517793e-05,2.4168808522517793e-05,T1__has_bomb,False
lag_06__CT3__utility_total,2.415931157884188e-05,2.415931157884188e-05,CT3__utility_total,True
lag_13__CT5__alive,2.4156268409569748e-05,2.4156268409569748e-05,CT5__alive,False
lag_09__CT5__utility_total,-2.4142977053998038e-05,2.4142977053998038e-05,CT5__utility_total,True
lag_06__CT_A_site_active_smokes,-2.4138231310644187e-05,2.4138231310644187e-05,CT_A_site_active_smokes,True
lag_07__T3__Y,2.4124788978951983e-05,2.4124788978951983e-05,T3__Y,False
lag_06__T3__molly,-2.409835360595025e-05,2.409835360595025e-05,T3__molly,True
lag_00__CT_smoke_inv,-2.405271698080469e-05,2.405271698080469e-05,CT_smoke_inv,True
lag_08__T1__has_bomb,-2.3982998754945584e-05,2.3982998754945584e-05,T1__has_bomb,False
lag_02__CT5__utility_total,-2.3980086552910507e-05,2.3980086552910507e-05,CT5__utility_total,True
lag_11__CT2__Y,2.397559910605196e-05,2.397559910605196e-05,CT2__Y,False
lag_09__CT_armor_sum,2.3902915927465074e-05,2.3902915927465074e-05,CT_armor_sum,False
lag_10__CT4__alive,2.386868800385855e-05,2.386868800385855e-05,CT4__alive,False
lag_10__T2__duck_amount,2.3859825887484476e-05,2.3859825887484476e-05,T2__duck_amount,False
lag_13__CT3__utility_total,2.3837365006329492e-05,2.3837365006329492e-05,CT3__utility_total,True
lag_13__CT4__alive,2.3793500076862983e-05,2.3793500076862983e-05,CT4__alive,False
lag_08__CT2__shots_fired,-2.3792501451680437e-05,2.3792501451680437e-05,CT2__shots_fired,False
lag_03__CT_utility_inv,2.3792332285665907e-05,2.3792332285665907e-05,CT_utility_inv,True
lag_06__CT_shots_fired_sum,2.3784015866112895e-05,2.3784015866112895e-05,CT_shots_fired_sum,False
lag_10__T_place_BOMBSITEA,2.376455995545257e-05,2.376455995545257e-05,T_place_BOMBSITEA,False
lag_10__T_macro_A,2.376455995545257e-05,2.376455995545257e-05,T_macro_A,False
lag_10__CT_A_site_active_smokes,-2.3756692826282233e-05,2.3756692826282233e-05,CT_A_site_active_smokes,True
lag_08__CT_macro_OTHER,2.375074109295383e-05,2.375074109295383e-05,CT_macro_OTHER,False
lag_00__T_B_site_active_infernos,2.3740729375276715e-05,2.3740729375276715e-05,T_B_site_active_infernos,True
lag_12__T_scoped_count,-2.3737380615784787e-05,2.3737380615784787e-05,T_scoped_count,False
lag_14__T_scoped_count,-2.3724638595012948e-05,2.3724638595012948e-05,T_scoped_count,False
lag_13__CT_A_site_active_smokes,-2.3681834136368707e-05,2.3681834136368707e-05,CT_A_site_active_smokes,True
lag_06__T2__molly,-2.3679222067585215e-05,2.3679222067585215e-05,T2__molly,True
lag_07__T_scoped_count,-2.3667809728067368e-05,2.3667809728067368e-05,T_scoped_count,False
lag_03__CT_flash_duration_sum,2.363904241065029e-05,2.363904241065029e-05,CT_flash_duration_sum,True
lag_14__CT_armor_sum,2.358430538151879e-05,2.358430538151879e-05,CT_armor_sum,False
lag_04__CT_flash_inv,-2.3573191356263123e-05,2.3573191356263123e-05,CT_flash_inv,True
lag_05__CT2__hp,2.3559345208923332e-05,2.3559345208923332e-05,CT2__hp,False
lag_00__CT3__hp,-2.352171031816397e-05,2.352171031816397e-05,CT3__hp,False
lag_09__CT1__smoke,2.3520096874563023e-05,2.3520096874563023e-05,CT1__smoke,True
lag_04__CT_active_smokes,-2.350960494368337e-05,2.350960494368337e-05,CT_active_smokes,True
lag_04__T3__Y,2.3502698240918107e-05,2.3502698240918107e-05,T3__Y,False
lag_07__T_place_HOUSE,-2.3497361326008104e-05,2.3497361326008104e-05,T_place_HOUSE,False
lag_11__CT_place_CATWALK,-2.3492078980780207e-05,2.3492078980780207e-05,CT_place_CATWALK,False
lag_08__T_scoped_count,-2.3485872588935308e-05,2.3485872588935308e-05,T_scoped_count,False
lag_09__CT1__has_defuser,2.3485757992602885e-05,2.3485757992602885e-05,CT1__has_defuser,False
lag_15__CT_hp_sum,-2.347512054257095e-05,2.347512054257095e-05,CT_hp_sum,False
lag_12__T5__has_bomb,-2.342607513128314e-05,2.342607513128314e-05,T5__has_bomb,False
lag_09__T_place_BACKALLEY,-2.342591506021563e-05,2.342591506021563e-05,T_place_BACKALLEY,False
lag_14__T5__has_bomb,-2.3413504095515236e-05,2.3413504095515236e-05,T5__has_bomb,False
lag_07__T5__has_bomb,-2.335742101422511e-05,2.335742101422511e-05,T5__has_bomb,False
lag_02__T2__alive,2.3321637854678556e-05,2.3321637854678556e-05,T2__alive,False
lag_02__CT3__duck_amount,-2.329256312805228e-05,2.329256312805228e-05,CT3__duck_amount,False
lag_11__CT2__shots_fired,-2.3249032892636023e-05,2.3249032892636023e-05,CT2__shots_fired,False
lag_15__T2__alive,2.324233719264157e-05,2.324233719264157e-05,T2__alive,False
lag_03__T2__alive,2.3227030396810733e-05,2.3227030396810733e-05,T2__alive,False
lag_11__T4__Y,-2.3201024305308238e-05,2.3201024305308238e-05,T4__Y,False
lag_00__T1__flash_duration,2.3183492885436863e-05,2.3183492885436863e-05,T1__flash_duration,True
lag_08__T5__has_bomb,-2.3177872208179906e-05,2.3177872208179906e-05,T5__has_bomb,False
lag_14__T_A_site_active_smokes,2.3170427084551193e-05,2.3170427084551193e-05,T_A_site_active_smokes,True
lag_09__bomb_planted,-2.3170108761405572e-05,2.3170108761405572e-05,bomb_planted,False
lag_03__CT5__armor,2.3151638743001968e-05,2.3151638743001968e-05,CT5__armor,False
lag_06__T3__Y,2.312894503120333e-05,2.312894503120333e-05,T3__Y,False
lag_05__T_bomb_carrier_alive,2.309897718077991e-05,2.309897718077991e-05,T_bomb_carrier_alive,False
lag_05__CT4__hp,2.3097756638890132e-05,2.3097756638890132e-05,CT4__hp,False
lag_14__T3__flash,2.3010590666672215e-05,2.3010590666672215e-05,T3__flash,True
lag_14__T_B_site_active_infernos,2.3010068616713397e-05,2.3010068616713397e-05,T_B_site_active_infernos,True
lag_12__T4__Y,-2.2999578504823148e-05,2.2999578504823148e-05,T4__Y,False
lag_15__T3__has_helmet,2.2945276214159094e-05,2.2945276214159094e-05,T3__has_helmet,False
lag_11__T5__smoke,-2.2928774342290126e-05,2.2928774342290126e-05,T5__smoke,True
lag_02__CT2__alive,2.2918038666830398e-05,2.2918038666830398e-05,CT2__alive,False
lag_06__CT_molly_inv,-2.2897587768966332e-05,2.2897587768966332e-05,CT_molly_inv,True
lag_05__CT1__flash,-2.289589974679984e-05,2.289589974679984e-05,CT1__flash,True
lag_02__CT3__alive,2.2873975467518903e-05,2.2873975467518903e-05,CT3__alive,False
lag_11__CT_macro_MID,-2.28504268307006e-05,2.28504268307006e-05,CT_macro_MID,False
lag_02__T4__duck_amount,-2.2844078557682224e-05,2.2844078557682224e-05,T4__duck_amount,False
lag_15__CT2__alive,2.2840118617750704e-05,2.2840118617750704e-05,CT2__alive,False
lag_15__T1__alive,2.2837821234134026e-05,2.2837821234134026e-05,T1__alive,False
lag_03__CT2__alive,2.2825057385489345e-05,2.2825057385489345e-05,CT2__alive,False
lag_08__T_molly_inv,-2.2811656890553422e-05,2.2811656890553422e-05,T_molly_inv,True
lag_15__CT3__alive,2.2796195480623282e-05,2.2796195480623282e-05,CT3__alive,False
lag_11__T4__has_bomb,-2.278336432937067e-05,2.278336432937067e-05,T4__has_bomb,False
lag_10__CT5__X,-2.278310785186477e-05,2.278310785186477e-05,CT5__X,False
lag_03__CT3__alive,2.2781156076234765e-05,2.2781156076234765e-05,CT3__alive,False
lag_01__CT1__armor,-2.2767329937778413e-05,2.2767329937778413e-05,CT1__armor,False
lag_02__CT5__alive,2.274558210046962e-05,2.274558210046962e-05,CT5__alive,False
lag_07__T_place_TSPAWN,2.2709604309056886e-05,2.2709604309056886e-05,T_place_TSPAWN,False
lag_05__CT5__shots_fired,-2.2685755538986996e-05,2.2685755538986996e-05,CT5__shots_fired,False
lag_15__CT5__alive,2.266824412799906e-05,2.266824412799906e-05,CT5__alive,False
lag_03__CT5__alive,2.2653292035101913e-05,2.2653292035101913e-05,CT5__alive,False
lag_09__CT_alive,2.258045060443692e-05,2.258045060443692e-05,CT_alive,False
lag_05__CT_B_site_active_smokes,-2.2574060494662262e-05,2.2574060494662262e-05,CT_B_site_active_smokes,True
lag_10__T1__hp,2.253600541735068e-05,2.253600541735068e-05,T1__hp,False
lag_08__CT5__is_walking,-2.2492409698315896e-05,2.2492409698315896e-05,CT5__is_walking,False
lag_10__T4__Y,-2.2481011910713278e-05,2.2481011910713278e-05,T4__Y,False
lag_06__CT_place_SNIPERSNEST,2.2475700461654924e-05,2.2475700461654924e-05,CT_place_SNIPERSNEST,False
lag_11__T4__is_walking,2.2466940208687447e-05,2.2466940208687447e-05,T4__is_walking,False
lag_12__CT5__molly,-2.2464711946668103e-05,2.2464711946668103e-05,CT5__molly,True
lag_08__T_active_smokes,-2.2454305508290417e-05,2.2454305508290417e-05,T_active_smokes,True
lag_04__T2__armor,2.2429163436754607e-05,2.2429163436754607e-05,T2__armor,False
lag_08__T1__smoke,-2.242774462501984e-05,2.242774462501984e-05,T1__smoke,True
lag_08__T4__Y,-2.2410971723729745e-05,2.2410971723729745e-05,T4__Y,False
lag_02__CT4__alive,2.240398680442013e-05,2.240398680442013e-05,CT4__alive,False
lag_14__T4__flash_duration,-2.2394884581444785e-05,2.2394884581444785e-05,T4__flash_duration,True
lag_02__T4__is_walking,-2.2388288925867528e-05,2.2388288925867528e-05,T4__is_walking,False
lag_15__bomb_events_last_5s,2.236268665001262e-05,2.236268665001262e-05,bomb_events_last_5s,False
lag_15__CT4__Y,-2.2350141080096364e-05,2.2350141080096364e-05,CT4__Y,False
lag_14__T4__Y,-2.2347006961354055e-05,2.2347006961354055e-05,T4__Y,False
lag_15__CT4__alive,2.2327807528199628e-05,2.2327807528199628e-05,CT4__alive,False
lag_08__CT3__hp,2.2318514311336912e-05,2.2318514311336912e-05,CT3__hp,False
lag_03__CT4__alive,2.2313088265946135e-05,2.2313088265946135e-05,CT4__alive,False
lag_14__CT_A_site_active_infernos,-2.2303926016320474e-05,2.2303926016320474e-05,CT_A_site_active_infernos,True
lag_02__CT_A_site_active_smokes,-2.2298858311842196e-05,2.2298858311842196e-05,CT_A_site_active_smokes,True
lag_13__CT_mean_Y,-2.2244992578634992e-05,2.2244992578634992e-05,CT_mean_Y,False
lag_15__CT_A_site_active_smokes,-2.222303555754479e-05,2.222303555754479e-05,CT_A_site_active_smokes,True
lag_03__CT_A_site_active_smokes,-2.2208385416888632e-05,2.2208385416888632e-05,CT_A_site_active_smokes,True
lag_04__T1__utility_total,-2.2175703634275123e-05,2.2175703634275123e-05,T1__utility_total,True
lag_07__T2__smoke,2.211976061516907e-05,2.211976061516907e-05,T2__smoke,True
lag_01__CT_shots_fired_sum,-2.2020905817043968e-05,2.2020905817043968e-05,CT_shots_fired_sum,False
lag_03__CT3__hp,-2.1968273358652368e-05,2.1968273358652368e-05,CT3__hp,False
lag_00__T_place_CONNECTOR,-2.1930201910436153e-05,2.1930201910436153e-05,T_place_CONNECTOR,False
lag_05__CT_place_BOMBSITEB,-2.1914816898060963e-05,2.1914816898060963e-05,CT_place_BOMBSITEB,False
lag_05__CT_macro_B,-2.1914816898060963e-05,2.1914816898060963e-05,CT_macro_B,False
lag_01__T3__has_bomb,-2.1896490579820238e-05,2.1896490579820238e-05,T3__has_bomb,False
lag_13__T4__Y,-2.1868609110242687e-05,2.1868609110242687e-05,T4__Y,False
lag_11__T1__has_bomb,-2.182146090490278e-05,2.182146090490278e-05,T1__has_bomb,False
lag_09__CT_macro_MID,-2.1721232769778e-05,2.1721232769778e-05,CT_macro_MID,False
lag_01__T_mean_X,-2.1714227841584943e-05,2.1714227841584943e-05,T_mean_X,False
lag_11__CT2__duck_amount,2.170571133319754e-05,2.170571133319754e-05,CT2__duck_amount,False
lag_07__T1__flash,2.1607649614452384e-05,2.1607649614452384e-05,T1__flash,True
lag_06__T_macro_A,2.1602745619020425e-05,2.1602745619020425e-05,T_macro_A,False
lag_06__T_place_BOMBSITEA,2.1602745619020425e-05,2.1602745619020425e-05,T_place_BOMBSITEA,False
lag_05__CT_flashed_players,2.1601415937766433e-05,2.1601415937766433e-05,CT_flashed_players,False
lag_02__T5__flash,-2.1573414414888248e-05,2.1573414414888248e-05,T5__flash,True
lag_02__CT2__shots_fired,2.1539612134802155e-05,2.1539612134802155e-05,CT2__shots_fired,False
lag_04__T2__has_helmet,2.1501829905901104e-05,2.1501829905901104e-05,T2__has_helmet,False
lag_01__CT_duck_amount_mean,2.1417858079075813e-05,2.1417858079075813e-05,CT_duck_amount_mean,False
lag_06__bomb_planted,-2.1417519747046754e-05,2.1417519747046754e-05,bomb_planted,False
lag_02__CT5__X,-2.1399217075668275e-05,2.1399217075668275e-05,CT5__X,False
lag_11__T_scoped_count,-2.13691164390184e-05,2.13691164390184e-05,T_scoped_count,False
lag_10__closest_enemy_dist_diff,-2.1333278709789738e-05,2.1333278709789738e-05,closest_enemy_dist_diff,False
lag_14__CT_alive,2.1329658920876682e-05,2.1329658920876682e-05,CT_alive,False
lag_12__T4__X,-2.1319841835065745e-05,2.1319841835065745e-05,T4__X,False
lag_08__T4__is_walking,-2.1294314137776382e-05,2.1294314137776382e-05,T4__is_walking,False
lag_05__T3__Y,2.123610465787351e-05,2.123610465787351e-05,T3__Y,False
lag_12__T3__has_bomb,-2.1211073544691317e-05,2.1211073544691317e-05,T3__has_bomb,False
lag_07__T_spread_xy,2.1201674826443195e-05,2.1201674826443195e-05,T_spread_xy,False
lag_08__T1__flash,2.1201271010795608e-05,2.1201271010795608e-05,T1__flash,True
lag_14__T3__has_bomb,-2.119969212799333e-05,2.119969212799333e-05,T3__has_bomb,False
lag_07__T4__Y,-2.1181211195653304e-05,2.1181211195653304e-05,T4__Y,False
lag_07__T3__has_bomb,-2.114891685778275e-05,2.114891685778275e-05,T3__has_bomb,False
lag_07__CT3__is_walking,2.113689697580412e-05,2.113689697580412e-05,CT3__is_walking,False
lag_13__bomb_events_last_5s,2.1128887965460308e-05,2.1128887965460308e-05,bomb_events_last_5s,False
lag_01__T_utility_damage_last_5s,-2.1098665456520393e-05,2.1098665456520393e-05,T_utility_damage_last_5s,True
lag_11__T5__has_bomb,-2.10888701985823e-05,2.10888701985823e-05,T5__has_bomb,False
lag_10__bomb_planted,-2.1078973077237606e-05,2.1078973077237606e-05,bomb_planted,False
lag_05__CT5__armor,2.106228748743888e-05,2.106228748743888e-05,CT5__armor,False
lag_05__CT_kills_last_3s,-2.1025514797656797e-05,2.1025514797656797e-05,CT_kills_last_3s,False
lag_10__CT2__is_walking,2.102157668559812e-05,2.102157668559812e-05,CT2__is_walking,False
lag_13__bomb_planted,-2.101256359310355e-05,2.101256359310355e-05,bomb_planted,False
lag_08__T3__has_bomb,-2.0986326489946805e-05,2.0986326489946805e-05,T3__has_bomb,False
lag_11__CT_helmet_count,2.0942579794791527e-05,2.0942579794791527e-05,CT_helmet_count,False
lag_15__T4__Y,-2.0904053599224426e-05,2.0904053599224426e-05,T4__Y,False
lag_10__CT_hp_sum,-2.089979716402013e-05,2.089979716402013e-05,CT_hp_sum,False
lag_07__CT5__utility_total,2.0836800104007125e-05,2.0836800104007125e-05,CT5__utility_total,True
lag_02__T_damage_last_5s,2.0777339159394614e-05,2.0777339159394614e-05,T_damage_last_5s,False
lag_09__T1__has_bomb,-2.0743118511745706e-05,2.0743118511745706e-05,T1__has_bomb,False
lag_12__T_macro_MID,2.050164584943559e-05,2.050164584943559e-05,T_macro_MID,False
lag_07__CT_place_UNDERPASS,2.0492823750828393e-05,2.0492823750828393e-05,CT_place_UNDERPASS,False
lag_05__CT_macro_A,2.049182694463525e-05,2.049182694463525e-05,CT_macro_A,False
lag_05__CT_place_BOMBSITEA,2.049182694463525e-05,2.049182694463525e-05,CT_place_BOMBSITEA,False
lag_08__CT_armor_sum,2.0490424503805116e-05,2.0490424503805116e-05,CT_armor_sum,False
lag_09__T4__Y,-2.0449630028451793e-05,2.0449630028451793e-05,T4__Y,False
lag_01__T4__Y,-2.044403117906768e-05,2.044403117906768e-05,T4__Y,False
lag_00__T_round_start_equip_sum,-2.0439334548427723e-05,2.0439334548427723e-05,T_round_start_equip_sum,False
lag_05__T_place_CATWALK,-2.0426181436050683e-05,2.0426181436050683e-05,T_place_CATWALK,False
lag_01__CT_A_site_active_infernos,-2.0385665266076103e-05,2.0385665266076103e-05,CT_A_site_active_infernos,True
lag_05__CT1__has_defuser,-2.0338024114607833e-05,2.0338024114607833e-05,CT1__has_defuser,False
lag_05__CT1__smoke,-2.0321700503700413e-05,2.0321700503700413e-05,CT1__smoke,True
lag_01__T_place_OUTSIDE,-2.031905205512885e-05,2.031905205512885e-05,T_place_OUTSIDE,False
lag_09__T_scoped_count,-2.0313133063609712e-05,2.0313133063609712e-05,T_scoped_count,False
lag_00__CT_macro_OTHER,-2.0148381736362353e-05,2.0148381736362353e-05,CT_macro_OTHER,False
lag_03__T3__Y,2.0147146642557345e-05,2.0147146642557345e-05,T3__Y,False
lag_08__CT_walking_count,-2.0142933863098733e-05,2.0142933863098733e-05,CT_walking_count,False
lag_15__CT_mean_Y,-2.0119008695473894e-05,2.0119008695473894e-05,CT_mean_Y,False
lag_05__T2__alive,2.010937168961391e-05,2.010937168961391e-05,T2__alive,False
lag_04__T2__hp,2.009323907259386e-05,2.009323907259386e-05,T2__hp,False
lag_06__CT_macro_MID,-2.007823422900401e-05,2.007823422900401e-05,CT_macro_MID,False
lag_12__T_place_HOUSE,2.006549584621098e-05,2.006549584621098e-05,T_place_HOUSE,False
lag_09__T5__has_bomb,-2.0046727513545193e-05,2.0046727513545193e-05,T5__has_bomb,False
lag_12__CT_molly_inv,-2.003531153604854e-05,2.003531153604854e-05,CT_molly_inv,True
lag_14__T_place_BACKALLEY,2.0008075807709247e-05,2.0008075807709247e-05,T_place_BACKALLEY,False
lag_15__CT3__hp,-2.0002738892799243e-05,2.0002738892799243e-05,CT3__hp,False
lag_15__T4__is_walking,1.9985165636171587e-05,1.9985165636171587e-05,T4__is_walking,False
lag_04__CT1__X,-1.9976259864051826e-05,1.9976259864051826e-05,CT1__X,False
lag_04__CT2__armor,1.9974084352725185e-05,1.9974084352725185e-05,CT2__armor,False
lag_06__CT_utility_inv,-1.9934162992285565e-05,1.9934162992285565e-05,CT_utility_inv,True
lag_13__T_macro_A,1.992260331462603e-05,1.992260331462603e-05,T_macro_A,False
lag_13__T_place_BOMBSITEA,1.992260331462603e-05,1.992260331462603e-05,T_place_BOMBSITEA,False
lag_15__T3__armor,1.9918456018785946e-05,1.9918456018785946e-05,T3__armor,False
lag_01__T4__X,-1.9917484678444453e-05,1.9917484678444453e-05,T4__X,False
lag_10__CT_flash_duration_sum,-1.9914839867851697e-05,1.9914839867851697e-05,CT_flash_duration_sum,True
lag_03__T_kills_last_3s,-1.9904317014152184e-05,1.9904317014152184e-05,T_kills_last_3s,False
lag_02__T4__Y,-1.987756331800483e-05,1.987756331800483e-05,T4__Y,False
lag_01__CT4__is_scoped,-1.9872451957780868e-05,1.9872451957780868e-05,CT4__is_scoped,False
lag_07__CT4__duck_amount,-1.9854258425766602e-05,1.9854258425766602e-05,CT4__duck_amount,False
lag_04__CT4__armor,1.9816765416180715e-05,1.9816765416180715e-05,CT4__armor,False
lag_03__T2__Y,-1.978926593437791e-05,1.978926593437791e-05,T2__Y,False
lag_13__CT_helmet_count,1.978872205654625e-05,1.978872205654625e-05,CT_helmet_count,False
lag_02__bomb_planted,-1.9785456970566884e-05,1.9785456970566884e-05,bomb_planted,False
lag_14__T_place_MIDDLE,1.9772627638303675e-05,1.9772627638303675e-05,T_place_MIDDLE,False
lag_09__CT1__armor,-1.976986459339969e-05,1.976986459339969e-05,CT1__armor,False
lag_11__T3__is_walking,1.9762466763495468e-05,1.9762466763495468e-05,T3__is_walking,False
lag_05__CT2__alive,1.9761368093895726e-05,1.9761368093895726e-05,CT2__alive,False
lag_10__CT_macro_MID,-1.976086241484154e-05,1.976086241484154e-05,CT_macro_MID,False
lag_05__CT3__alive,1.972337304323446e-05,1.972337304323446e-05,CT3__alive,False
lag_11__CT_active_infernos,1.971979691006709e-05,1.971979691006709e-05,CT_active_infernos,True
lag_15__bomb_planted,-1.9718188923434354e-05,1.9718188923434354e-05,bomb_planted,False
lag_03__bomb_planted,-1.9705175873241387e-05,1.9705175873241387e-05,bomb_planted,False
lag_13__CT_macro_MID,-1.969861114048399e-05,1.969861114048399e-05,CT_macro_MID,False
lag_13__T5__is_walking,-1.9689865439431742e-05,1.9689865439431742e-05,T5__is_walking,False
lag_12__T_place_OUTSIDE,-1.9683033315232024e-05,1.9683033315232024e-05,T_place_OUTSIDE,False
lag_14__T_place_OUTSIDE,-1.967247408174444e-05,1.967247408174444e-05,T_place_OUTSIDE,False
lag_14__CT_closest_enemy_dist,-1.967023308679927e-05,1.967023308679927e-05,CT_closest_enemy_dist,False
lag_07__T_place_OUTSIDE,-1.9625353161245584e-05,1.9625353161245584e-05,T_place_OUTSIDE,False
lag_05__CT5__alive,1.9612652977230027e-05,1.9612652977230027e-05,CT5__alive,False
lag_15__T_shots_fired_sum,1.9588254872360267e-05,1.9588254872360267e-05,T_shots_fired_sum,False
lag_10__utility_damage_diff_last_5s,1.9534896637196653e-05,1.9534896637196653e-05,utility_damage_diff_last_5s,True
lag_01__T2__Y,-1.9498289475450292e-05,1.9498289475450292e-05,T2__Y,False
lag_08__CT1__duck_amount,-1.9491169950924814e-05,1.9491169950924814e-05,CT1__duck_amount,False
lag_10__CT_equip_value_sum,1.9482091374811716e-05,1.9482091374811716e-05,CT_equip_value_sum,False
lag_08__T_place_OUTSIDE,-1.947448072314728e-05,1.947448072314728e-05,T_place_OUTSIDE,False
lag_02__T1__flash,-1.9465296645648777e-05,1.9465296645648777e-05,T1__flash,True
lag_11__active_infernos_total,-1.9448454622761346e-05,1.9448454622761346e-05,active_infernos_total,True
lag_03__CT1__armor,-1.943842289620079e-05,1.943842289620079e-05,CT1__armor,False
lag_06__CT5__shots_fired,1.940593392646406e-05,1.940593392646406e-05,CT5__shots_fired,False
lag_05__CT4__alive,1.9318122213007882e-05,1.9318122213007882e-05,CT4__alive,False
lag_01__T_macro_B,-1.928286837937776e-05,1.928286837937776e-05,T_macro_B,False
lag_01__T_place_BOMBSITEB,-1.928286837937776e-05,1.928286837937776e-05,T_place_BOMBSITEB,False
lag_12__CT4__is_scoped,-1.9250424884376116e-05,1.9250424884376116e-05,CT4__is_scoped,False
lag_14__CT4__is_scoped,-1.924008029163815e-05,1.924008029163815e-05,CT4__is_scoped,False
lag_05__CT_A_site_active_smokes,-1.922746560012456e-05,1.922746560012456e-05,CT_A_site_active_smokes,True
lag_06__CT2__duck_amount,-1.922683441080153e-05,1.922683441080153e-05,CT2__duck_amount,False
lag_00__CT_alive,1.9198534573661163e-05,1.9198534573661163e-05,CT_alive,False
lag_07__CT4__is_scoped,-1.919399255712051e-05,1.919399255712051e-05,CT4__is_scoped,False
lag_01__T5__flash,-1.917643385240808e-05,1.917643385240808e-05,T5__flash,True
lag_06__T1__has_bomb,-1.917409827001393e-05,1.917409827001393e-05,T1__has_bomb,False
lag_04__T4__smoke,-1.9140135918860324e-05,1.9140135918860324e-05,T4__smoke,True
lag_15__T_flashed_players,1.914008862513583e-05,1.914008862513583e-05,T_flashed_players,False
lag_15__T1__is_walking,1.9117687770631164e-05,1.9117687770631164e-05,T1__is_walking,False
lag_05__T3__utility_total,-1.9115144823445007e-05,1.9115144823445007e-05,T3__utility_total,True
lag_11__T3__has_bomb,-1.909486309159547e-05,1.909486309159547e-05,T3__has_bomb,False
lag_08__CT4__is_scoped,-1.9046443412662484e-05,1.9046443412662484e-05,CT4__is_scoped,False
lag_01__T1__hp,-1.904363489302341e-05,1.904363489302341e-05,T1__hp,False
lag_03__T4__has_bomb,-1.9031886040465906e-05,1.9031886040465906e-05,T4__has_bomb,False
lag_05__CT5__hp,-1.9021630578208715e-05,1.9021630578208715e-05,CT5__hp,False
lag_06__T_cash_spent_round_sum,-1.8873039152822457e-05,1.8873039152822457e-05,T_cash_spent_round_sum,False
lag_10__T1__has_bomb,-1.8871018255595118e-05,1.8871018255595118e-05,T1__has_bomb,False
lag_11__T_utility_damage_last_5s,-1.8862978322431445e-05,1.8862978322431445e-05,T_utility_damage_last_5s,True
lag_05__CT_hp_sum,-1.8857756003853865e-05,1.8857756003853865e-05,CT_hp_sum,False
lag_13__T1__has_bomb,-1.8811571862897836e-05,1.8811571862897836e-05,T1__has_bomb,False
lag_06__T_scoped_count,-1.877664544736035e-05,1.877664544736035e-05,T_scoped_count,False
lag_10__CT_flashed_players,-1.8776565411826596e-05,1.8776565411826596e-05,CT_flashed_players,False
lag_01__CT5__is_scoped,-1.8740665836958215e-05,1.8740665836958215e-05,CT5__is_scoped,False
lag_12__CT3__Y,1.8735432604444213e-05,1.8735432604444213e-05,CT3__Y,False
lag_12__T_closest_enemy_dist,-1.87320401892066e-05,1.87320401892066e-05,T_closest_enemy_dist,False
lag_01__T1__alive,-1.8684693714021705e-05,1.8684693714021705e-05,T1__alive,False
lag_12__T_place_BOMBSITEB,-1.8679276763577946e-05,1.8679276763577946e-05,T_place_BOMBSITEB,False
lag_12__T_macro_B,-1.8679276763577946e-05,1.8679276763577946e-05,T_macro_B,False
lag_14__T_place_BOMBSITEB,-1.866925595095381e-05,1.866925595095381e-05,T_place_BOMBSITEB,False
lag_14__T_macro_B,-1.866925595095381e-05,1.866925595095381e-05,T_macro_B,False
lag_10__armor_diff,1.8665881725610234e-05,1.8665881725610234e-05,armor_diff,False
lag_07__T1__utility_total,1.8633703803061508e-05,1.8633703803061508e-05,T1__utility_total,True
lag_02__CT_closest_enemy_dist,1.8632599676493555e-05,1.8632599676493555e-05,CT_closest_enemy_dist,False
lag_07__T_place_BOMBSITEB,-1.8624541553435847e-05,1.8624541553435847e-05,T_place_BOMBSITEB,False
lag_07__T_macro_B,-1.8624541553435847e-05,1.8624541553435847e-05,T_macro_B,False
lag_14__CT3__is_walking,-1.8610382539918646e-05,1.8610382539918646e-05,CT3__is_walking,False
lag_06__CT2__shots_fired,-1.85793742275564e-05,1.85793742275564e-05,CT2__shots_fired,False
lag_02__CT_macro_MID,-1.85482349479571e-05,1.85482349479571e-05,CT_macro_MID,False
lag_06__CT_cash_spent_round_sum,-1.8545324564911425e-05,1.8545324564911425e-05,CT_cash_spent_round_sum,False
lag_06__T5__has_bomb,-1.853038884291891e-05,1.853038884291891e-05,T5__has_bomb,False
lag_08__T4__flash,-1.8527753127273172e-05,1.8527753127273172e-05,T4__flash,True
lag_13__T_macro_OTHER,-1.8493692550691776e-05,1.8493692550691776e-05,T_macro_OTHER,False
lag_15__T_B_site_active_smokes,-1.848894498834852e-05,1.848894498834852e-05,T_B_site_active_smokes,True
lag_15__CT_macro_MID,-1.8485170585336164e-05,1.8485170585336164e-05,CT_macro_MID,False
lag_08__T_place_BOMBSITEB,-1.848137253546156e-05,1.848137253546156e-05,T_place_BOMBSITEB,False
lag_08__T_macro_B,-1.848137253546156e-05,1.848137253546156e-05,T_macro_B,False
lag_10__T_scoped_count,-1.8479837308404967e-05,1.8479837308404967e-05,T_scoped_count,False
lag_03__CT_macro_MID,-1.847297062340658e-05,1.847297062340658e-05,CT_macro_MID,False
lag_13__T_scoped_count,-1.8421620552544482e-05,1.8421620552544482e-05,T_scoped_count,False
lag_08__T4__molly,-1.8376735170022584e-05,1.8376735170022584e-05,T4__molly,True
lag_04__molly_inv_diff,1.836672890931368e-05,1.836672890931368e-05,molly_inv_diff,True
lag_03__CT_alive,1.833753049140796e-05,1.833753049140796e-05,CT_alive,False
lag_06__active_smokes_total,1.8305980120203458e-05,1.8305980120203458e-05,active_smokes_total,True
lag_10__CT_alive,-1.8300295778317377e-05,1.8300295778317377e-05,CT_alive,False
lag_04__CT2__hp,1.8246799299959093e-05,1.8246799299959093e-05,CT2__hp,False
lag_10__T5__has_bomb,-1.823748607421294e-05,1.823748607421294e-05,T5__has_bomb,False
lag_05__closest_enemy_dist_diff,-1.8237067706650123e-05,1.8237067706650123e-05,closest_enemy_dist_diff,False
lag_07__T1__has_helmet,1.8235175957670435e-05,1.8235175957670435e-05,T1__has_helmet,False
lag_14__CT3__Y,1.822118974814657e-05,1.822118974814657e-05,CT3__Y,False
lag_13__T5__has_bomb,-1.8180027836933732e-05,1.8180027836933732e-05,T5__has_bomb,False
lag_12__CT5__is_scoped,-1.8154056306229904e-05,1.8154056306229904e-05,CT5__is_scoped,False
lag_09__T3__has_bomb,-1.8151262338506058e-05,1.8151262338506058e-05,T3__has_bomb,False
lag_14__CT5__is_scoped,-1.8144301066058688e-05,1.8144301066058688e-05,CT5__is_scoped,False
lag_06__seconds_in_round,1.8135368009097874e-05,1.8135368009097874e-05,seconds_in_round,False
lag_00__CT_round_start_equip_sum,1.8119451851816848e-05,1.8119451851816848e-05,CT_round_start_equip_sum,False
lag_07__CT5__is_scoped,-1.810084722819738e-05,1.810084722819738e-05,CT5__is_scoped,False
lag_12__CT1__armor,-1.8088518118020147e-05,1.8088518118020147e-05,CT1__armor,False
lag_07__CT2__Y,1.8085238480125554e-05,1.8085238480125554e-05,CT2__Y,False
lag_06__CT5__is_walking,1.8062502931570634e-05,1.8062502931570634e-05,CT5__is_walking,False
lag_07__T4__flash,1.8040502254734747e-05,1.8040502254734747e-05,T4__flash,True
lag_12__T_B_site_active_smokes,1.8022232325165533e-05,1.8022232325165533e-05,T_B_site_active_smokes,True
lag_13__T2__flash_duration,1.8017564798356034e-05,1.8017564798356034e-05,T2__flash_duration,True
lag_08__CT5__is_scoped,-1.7961701814783737e-05,1.7961701814783737e-05,CT5__is_scoped,False
lag_04__CT4__hp,1.788929512258619e-05,1.788929512258619e-05,CT4__hp,False
lag_00__CT5__is_walking,1.785637141438201e-05,1.785637141438201e-05,CT5__is_walking,False
lag_08__CT_utility_damage_last_5s,-1.7820142602431588e-05,1.7820142602431588e-05,CT_utility_damage_last_5s,True
lag_00__T4__Y,-1.7807165932026692e-05,1.7807165932026692e-05,T4__Y,False
lag_11__T5__is_walking,1.7780695998226292e-05,1.7780695998226292e-05,T5__is_walking,False
lag_01__T1__utility_total,1.7758768080966547e-05,1.7758768080966547e-05,T1__utility_total,True
lag_15__CT_alive,-1.7758422472979873e-05,1.7758422472979873e-05,CT_alive,False
lag_08__T1__X,-1.7737591406330466e-05,1.7737591406330466e-05,T1__X,False
lag_08__T1__has_helmet,1.7735159417497925e-05,1.7735159417497925e-05,T1__has_helmet,False
lag_11__T_place_OUTSIDE,-1.771926872606855e-05,1.771926872606855e-05,T_place_OUTSIDE,False
lag_02__T1__has_bomb,-1.771298957464751e-05,1.771298957464751e-05,T1__has_bomb,False
lag_03__T4__Y,-1.7669310182100162e-05,1.7669310182100162e-05,T4__Y,False
lag_12__T_cash_spent_round_sum,-1.765576053003315e-05,1.765576053003315e-05,T_cash_spent_round_sum,False
lag_15__T1__has_bomb,-1.7652771930443123e-05,1.7652771930443123e-05,T1__has_bomb,False
lag_03__T1__has_bomb,-1.7641119484324008e-05,1.7641119484324008e-05,T1__has_bomb,False
lag_07__T1__armor,1.7628723071538843e-05,1.7628723071538843e-05,T1__armor,False
lag_11__T2__molly,-1.76172106876038e-05,1.76172106876038e-05,T2__molly,True
lag_08__CT_alive,1.757708378136158e-05,1.757708378136158e-05,CT_alive,False
lag_05__T_molly_inv,-1.7542388377478346e-05,1.7542388377478346e-05,T_molly_inv,True
lag_03__CT_armor_sum,1.7530055629322305e-05,1.7530055629322305e-05,CT_armor_sum,False
lag_00__T_active_infernos,1.748789509292692e-05,1.748789509292692e-05,T_active_infernos,True
lag_03__CT1__smoke,1.748684371705167e-05,1.748684371705167e-05,CT1__smoke,True
lag_04__CT_B_site_active_smokes,-1.7483676856500097e-05,1.7483676856500097e-05,CT_B_site_active_smokes,True
lag_14__CT1__utility_total,-1.7476095308666117e-05,1.7476095308666117e-05,CT1__utility_total,True
lag_02__T_A_site_active_smokes,-1.747108944982756e-05,1.747108944982756e-05,T_A_site_active_smokes,True
lag_03__CT1__has_defuser,1.7458261936553754e-05,1.7458261936553754e-05,CT1__has_defuser,False
lag_02__CT1__has_helmet,-1.745376539474819e-05,1.745376539474819e-05,CT1__has_helmet,False
lag_15__CT_equip_value_sum,1.740144034556579e-05,1.740144034556579e-05,CT_equip_value_sum,False
lag_00__T_B_site_active_smokes,1.7397309420630336e-05,1.7397309420630336e-05,T_B_site_active_smokes,True
lag_11__T_place_BOMBSITEA,1.7393544112564996e-05,1.7393544112564996e-05,T_place_BOMBSITEA,False
lag_11__T_macro_A,1.7393544112564996e-05,1.7393544112564996e-05,T_macro_A,False
lag_01__T_A_site_active_infernos,-1.7392721929354593e-05,1.7392721929354593e-05,T_A_site_active_infernos,True
lag_02__T_scoped_count,-1.7345832020509988e-05,1.7345832020509988e-05,T_scoped_count,False
lag_11__CT4__is_scoped,-1.7329804904875346e-05,1.7329804904875346e-05,CT4__is_scoped,False
lag_13__T5__duck_amount,1.7319340258836746e-05,1.7319340258836746e-05,T5__duck_amount,False
lag_02__T3__Y,1.7308771930402145e-05,1.7308771930402145e-05,T3__Y,False
lag_15__T_scoped_count,-1.728684947011061e-05,1.728684947011061e-05,T_scoped_count,False
lag_03__T_scoped_count,-1.727544622553978e-05,1.727544622553978e-05,T_scoped_count,False
lag_03__bomb_events_last_5s,-1.7267744624405168e-05,1.7267744624405168e-05,bomb_events_last_5s,False
lag_08__CT_macro_B,-1.7261172615690157e-05,1.7261172615690157e-05,CT_macro_B,False
lag_08__CT_place_BOMBSITEB,-1.7261172615690157e-05,1.7261172615690157e-05,CT_place_BOMBSITEB,False
lag_07__CT_cash_spent_round_sum,-1.724942740111146e-05,1.724942740111146e-05,CT_cash_spent_round_sum,False
lag_14__CT3__hp,-1.7209840734722093e-05,1.7209840734722093e-05,CT3__hp,False
lag_10__T1__utility_total,1.7191952792927623e-05,1.7191952792927623e-05,T1__utility_total,True
lag_04__CT_macro_OTHER,-1.7188594938488677e-05,1.7188594938488677e-05,CT_macro_OTHER,False
lag_07__CT_helmet_count,1.717361737973988e-05,1.717361737973988e-05,CT_helmet_count,False
lag_00__CT_defuser_count,1.715225698717404e-05,1.715225698717404e-05,CT_defuser_count,False
lag_01__T1__X,-1.7141926946351305e-05,1.7141926946351305e-05,T1__X,False
lag_02__T5__has_bomb,-1.7118329196819104e-05,1.7118329196819104e-05,T5__has_bomb,False
lag_06__molly_inv_diff,1.711630648060236e-05,1.711630648060236e-05,molly_inv_diff,True
lag_05__CT_place_CTSPAWN,-1.7113621652242728e-05,1.7113621652242728e-05,CT_place_CTSPAWN,False
lag_08__T1__armor,1.7100872355513275e-05,1.7100872355513275e-05,T1__armor,False
lag_01__T_place_APARTMENTS,-1.7071153706638142e-05,1.7071153706638142e-05,T_place_APARTMENTS,False
lag_10__CT_damage_last_5s,1.706102011667099e-05,1.706102011667099e-05,CT_damage_last_5s,False
lag_05__bomb_planted,-1.7060257960110903e-05,1.7060257960110903e-05,bomb_planted,False
lag_15__T5__has_bomb,-1.706013426883146e-05,1.706013426883146e-05,T5__has_bomb,False
lag_06__T4__Y,-1.7056432625395246e-05,1.7056432625395246e-05,T4__Y,False
lag_03__T5__has_bomb,-1.7048887457349338e-05,1.7048887457349338e-05,T5__has_bomb,False
lag_04__CT5__armor,1.7019425285980105e-05,1.7019425285980105e-05,CT5__armor,False
lag_01__CT3__shots_fired,-1.7014473996823654e-05,1.7014473996823654e-05,CT3__shots_fired,False
lag_09__CT_flash_inv,1.6999052604660392e-05,1.6999052604660392e-05,CT_flash_inv,True
lag_12__CT1__flash,1.694736783974804e-05,1.694736783974804e-05,CT1__flash,True
lag_04__CT_equip_value_sum,1.6906160453800112e-05,1.6906160453800112e-05,CT_equip_value_sum,False
lag_12__T_A_site_active_infernos,-1.6848307495820336e-05,1.6848307495820336e-05,T_A_site_active_infernos,True
lag_09__T_place_OUTSIDE,-1.6843652701936662e-05,1.6843652701936662e-05,T_place_OUTSIDE,False
lag_14__T_A_site_active_infernos,-1.6839263480505906e-05,1.6839263480505906e-05,T_A_site_active_infernos,True
lag_11__T_place_BOMBSITEB,-1.6815663911984302e-05,1.6815663911984302e-05,T_place_BOMBSITEB,False
lag_11__T_macro_B,-1.6815663911984302e-05,1.6815663911984302e-05,T_macro_B,False
lag_07__T_A_site_active_infernos,-1.6798927390482277e-05,1.6798927390482277e-05,T_A_site_active_infernos,True
lag_08__CT1__has_helmet,-1.679126580711454e-05,1.679126580711454e-05,CT1__has_helmet,False
lag_06__T3__has_bomb,-1.6778292774688452e-05,1.6778292774688452e-05,T3__has_bomb,False
lag_15__T_active_smokes,1.6726256944821216e-05,1.6726256944821216e-05,T_active_smokes,True
lag_07__T2__utility_total,-1.6722788132028654e-05,1.6722788132028654e-05,T2__utility_total,True
lag_08__T_A_site_active_infernos,-1.666978459979873e-05,1.666978459979873e-05,T_A_site_active_infernos,True
lag_12__T_spread_xy,-1.665273157414049e-05,1.665273157414049e-05,T_spread_xy,False
lag_04__T_spread_xy,1.665234231040813e-05,1.665234231040813e-05,T_spread_xy,False
lag_07__T2__molly,1.6608044461463578e-05,1.6608044461463578e-05,T2__molly,True
lag_15__seconds_in_round,1.66056961461436e-05,1.66056961461436e-05,seconds_in_round,False
lag_04__CT5__X,-1.6553218301851302e-05,1.6553218301851302e-05,CT5__X,False
lag_07__CT_macro_OTHER,-1.6552836314076558e-05,1.6552836314076558e-05,CT_macro_OTHER,False
lag_06__CT_smoke_inv,1.654268453421537e-05,1.654268453421537e-05,CT_smoke_inv,True
lag_12__T_place_APARTMENTS,-1.6536787370569073e-05,1.6536787370569073e-05,T_place_APARTMENTS,False
lag_14__T_place_APARTMENTS,-1.6527914340258576e-05,1.6527914340258576e-05,T_place_APARTMENTS,False
lag_10__T3__has_bomb,-1.651308048167266e-05,1.651308048167266e-05,T3__has_bomb,False
lag_05__CT_helmet_count,1.651147431402933e-05,1.651147431402933e-05,CT_helmet_count,False
lag_06__T1__armor,-1.6510699424543418e-05,1.6510699424543418e-05,T1__armor,False
lag_15__CT5__is_walking,1.648881698201876e-05,1.648881698201876e-05,CT5__is_walking,False
lag_07__T_place_APARTMENTS,-1.648832949285861e-05,1.648832949285861e-05,T_place_APARTMENTS,False
lag_12__CT3__shots_fired,-1.648189572733827e-05,1.648189572733827e-05,CT3__shots_fired,False
lag_09__CT4__is_scoped,-1.6473419236717746e-05,1.6473419236717746e-05,CT4__is_scoped,False
lag_14__CT3__shots_fired,-1.6473049981868826e-05,1.6473049981868826e-05,CT3__shots_fired,False
lag_13__T3__has_bomb,-1.6461057384731248e-05,1.6461057384731248e-05,T3__has_bomb,False
lag_01__CT_flashed_players,-1.6459141988889314e-05,1.6459141988889314e-05,CT_flashed_players,False
lag_07__CT3__shots_fired,-1.643358336878009e-05,1.643358336878009e-05,CT3__shots_fired,False
lag_07__CT_place_BOMBSITEB,-1.641185190237593e-05,1.641185190237593e-05,CT_place_BOMBSITEB,False
lag_07__CT_macro_B,-1.641185190237593e-05,1.641185190237593e-05,CT_macro_B,False
lag_01__CT_place_RAMP,-1.6406438589910977e-05,1.6406438589910977e-05,CT_place_RAMP,False
lag_01__T2__shots_fired,-1.6396619685110636e-05,1.6396619685110636e-05,T2__shots_fired,False
lag_05__CT_mean_Y,-1.6381969544454478e-05,1.6381969544454478e-05,CT_mean_Y,False
lag_08__T_place_APARTMENTS,-1.636157503526192e-05,1.636157503526192e-05,T_place_APARTMENTS,False
lag_11__CT5__is_scoped,-1.6342823073500767e-05,1.6342823073500767e-05,CT5__is_scoped,False
lag_07__T4__flash_duration,1.632130442885682e-05,1.632130442885682e-05,T4__flash_duration,True
lag_08__CT3__shots_fired,-1.630725819268264e-05,1.630725819268264e-05,CT3__shots_fired,False
lag_01__CT_place_MIDDLE,-1.62441920110723e-05,1.62441920110723e-05,CT_place_MIDDLE,False
lag_01__T3__shots_fired,-1.620119837753009e-05,1.620119837753009e-05,T3__shots_fired,False
lag_05__T3__flash,-1.6183144907699898e-05,1.6183144907699898e-05,T3__flash,True
lag_00__T4__is_walking,1.6141770174726844e-05,1.6141770174726844e-05,T4__is_walking,False
lag_01__T_place_TSPAWN,1.6081985450000502e-05,1.6081985450000502e-05,T_place_TSPAWN,False
lag_07__CT_flashed_players,-1.607296144356951e-05,1.607296144356951e-05,CT_flashed_players,False
lag_10__seconds_in_round,1.6012472769943997e-05,1.6012472769943997e-05,seconds_in_round,False
lag_01__CT_place_TUNNELS,-1.6006839359761216e-05,1.6006839359761216e-05,CT_place_TUNNELS,False
lag_06__T_place_STAIRS,1.600677023816388e-05,1.600677023816388e-05,T_place_STAIRS,False
lag_05__CT_macro_MID,-1.59934425028041e-05,1.59934425028041e-05,CT_macro_MID,False
lag_09__T_macro_B,-1.5984696801751852e-05,1.5984696801751852e-05,T_macro_B,False
lag_09__T_place_BOMBSITEB,-1.5984696801751852e-05,1.5984696801751852e-05,T_place_BOMBSITEB,False
lag_07__T5__molly,-1.59766677825246e-05,1.59766677825246e-05,T5__molly,True
lag_04__T4__Y,-1.5936917407088913e-05,1.5936917407088913e-05,T4__Y,False
lag_05__CT1__Y,-1.589322528161574e-05,1.589322528161574e-05,CT1__Y,False
lag_12__CT_place_RAMP,-1.5892886949586682e-05,1.5892886949586682e-05,CT_place_RAMP,False
lag_14__CT_place_RAMP,-1.5884355889284052e-05,1.5884355889284052e-05,CT_place_RAMP,False
lag_12__T2__shots_fired,-1.5883368178037927e-05,1.5883368178037927e-05,T2__shots_fired,False
lag_14__T2__shots_fired,-1.5874848031671718e-05,1.5874848031671718e-05,T2__shots_fired,False
lag_02__T1__molly,-1.5851244825171307e-05,1.5851244825171307e-05,T1__molly,True
lag_07__CT_place_RAMP,-1.584631172590889e-05,1.584631172590889e-05,CT_place_RAMP,False
lag_07__T2__shots_fired,-1.5836823877179995e-05,1.5836823877179995e-05,T2__shots_fired,False
lag_01__T_place_BANANA,-1.5818695828784257e-05,1.5818695828784257e-05,T_place_BANANA,False
lag_03__CT2__smoke,-1.5787336451467127e-05,1.5787336451467127e-05,CT2__smoke,True
lag_07__T5__flash_duration,1.5760591850266792e-05,1.5760591850266792e-05,T5__flash_duration,True
lag_12__CT_place_MIDDLE,-1.5735713532194495e-05,1.5735713532194495e-05,CT_place_MIDDLE,False
lag_14__CT_place_MIDDLE,-1.572726250742562e-05,1.572726250742562e-05,CT_place_MIDDLE,False
lag_08__CT_place_RAMP,-1.5724494005553424e-05,1.5724494005553424e-05,CT_place_RAMP,False
lag_08__T2__shots_fired,-1.5715075278421864e-05,1.5715075278421864e-05,T2__shots_fired,False
lag_12__T3__shots_fired,-1.5694080502726138e-05,1.5694080502726138e-05,T3__shots_fired,False
lag_07__CT_place_MIDDLE,-1.5689591236878186e-05,1.5689591236878186e-05,CT_place_MIDDLE,False
lag_14__T3__shots_fired,-1.5685651305830106e-05,1.5685651305830106e-05,T3__shots_fired,False
lag_05__T3__molly,-1.5672929293941706e-05,1.5672929293941706e-05,T3__molly,True
lag_15__T_mean_Y,-1.5661698853364214e-05,1.5661698853364214e-05,T_mean_Y,False
lag_05__T4__Y,-1.565990714880172e-05,1.565990714880172e-05,T4__Y,False
lag_07__T3__shots_fired,-1.5648085536668077e-05,1.5648085536668077e-05,T3__shots_fired,False
lag_04__T2__alive,1.5574776625726372e-05,1.5574776625726372e-05,T2__alive,False
lag_06__T_place_OUTSIDE,-1.5569581591989845e-05,1.5569581591989845e-05,T_place_OUTSIDE,False
lag_08__CT_place_MIDDLE,-1.556897950649727e-05,1.556897950649727e-05,CT_place_MIDDLE,False
lag_13__molly_inv_diff,-1.5563329725409858e-05,1.5563329725409858e-05,molly_inv_diff,True
lag_08__CT2__Y,1.5551297110505402e-05,1.5551297110505402e-05,CT2__Y,False
lag_15__T3__smoke,1.5536292266915552e-05,1.5536292266915552e-05,T3__smoke,True
lag_09__CT5__is_scoped,-1.553523361508269e-05,1.553523361508269e-05,CT5__is_scoped,False
lag_08__T3__shots_fired,-1.5527788491453975e-05,1.5527788491453975e-05,T3__shots_fired,False
lag_12__CT5__shots_fired,-1.5527286450378597e-05,1.5527286450378597e-05,CT5__shots_fired,False
lag_01__CT4__shots_fired,-1.5524519767495804e-05,1.5524519767495804e-05,CT4__shots_fired,False
lag_14__CT5__shots_fired,-1.5518944564973935e-05,1.5518944564973935e-05,CT5__shots_fired,False
lag_12__CT_place_TUNNELS,-1.55057932715863e-05,1.55057932715863e-05,CT_place_TUNNELS,False
lag_03__CT_active_infernos,-1.550478918943554e-05,1.550478918943554e-05,CT_active_infernos,True
lag_02__T3__has_bomb,-1.5499759683734737e-05,1.5499759683734737e-05,T3__has_bomb,False
lag_11__T_place_MIDDLE,-1.549828448332846e-05,1.549828448332846e-05,T_place_MIDDLE,False
lag_14__CT_place_TUNNELS,-1.549747321405448e-05,1.549747321405448e-05,CT_place_TUNNELS,False
lag_00__CT_armor_sum,1.5479563444387168e-05,1.5479563444387168e-05,CT_armor_sum,False
lag_13__T2__duck_amount,-1.5468993296963163e-05,1.5468993296963163e-05,T2__duck_amount,False
lag_07__CT_place_TUNNELS,-1.5460354916285723e-05,1.5460354916285723e-05,CT_place_TUNNELS,False
lag_15__T3__has_bomb,-1.5447049008798786e-05,1.5447049008798786e-05,T3__has_bomb,False
lag_03__T3__has_bomb,-1.5436869944096543e-05,1.5436869944096543e-05,T3__has_bomb,False
lag_01__CT_flash_duration_sum,-1.543324106023647e-05,1.543324106023647e-05,CT_flash_duration_sum,True
lag_13__T2__smoke,-1.542367863294203e-05,1.542367863294203e-05,T2__smoke,True
lag_00__T_closest_enemy_dist,-1.5418136172229424e-05,1.5418136172229424e-05,T_closest_enemy_dist,False
lag_02__T2__molly,1.539648110338021e-05,1.539648110338021e-05,T2__molly,True
lag_13__CT5__utility_total,-1.5370951587101445e-05,1.5370951587101445e-05,CT5__utility_total,True
lag_10__CT_cash_spent_round_sum,-1.5347441149060614e-05,1.5347441149060614e-05,CT_cash_spent_round_sum,False
lag_08__CT_place_TUNNELS,-1.534150396764744e-05,1.534150396764744e-05,CT_place_TUNNELS,False
lag_12__T_place_BANANA,-1.5323545085266232e-05,1.5323545085266232e-05,T_place_BANANA,False
lag_10__T_place_OUTSIDE,-1.5323483239626512e-05,1.5323483239626512e-05,T_place_OUTSIDE,False
lag_13__T2__molly,1.5317671568482183e-05,1.5317671568482183e-05,T2__molly,True
lag_14__T_place_BANANA,-1.5315312339225784e-05,1.5315312339225784e-05,T_place_BANANA,False
lag_04__CT2__alive,1.530524059489835e-05,1.530524059489835e-05,CT2__alive,False
lag_07__utility_damage_diff_last_5s,1.5278686987585388e-05,1.5278686987585388e-05,utility_damage_diff_last_5s,True
lag_07__T_place_BANANA,-1.5278628779924475e-05,1.5278628779924475e-05,T_place_BANANA,False
lag_04__CT3__alive,1.5275818441295996e-05,1.5275818441295996e-05,CT3__alive,False
lag_13__T_place_OUTSIDE,-1.5275210898835212e-05,1.5275210898835212e-05,T_place_OUTSIDE,False
lag_05__T1__has_bomb,-1.5273253666236997e-05,1.5273253666236997e-05,T1__has_bomb,False
lag_06__hp_diff,1.5231029465212487e-05,1.5231029465212487e-05,hp_diff,False
lag_06__CT4__is_scoped,-1.5227372387016658e-05,1.5227372387016658e-05,CT4__is_scoped,False
lag_04__CT5__alive,1.5190054000413511e-05,1.5190054000413511e-05,CT5__alive,False
lag_01__CT1__is_scoped,-1.5189464647846762e-05,1.5189464647846762e-05,CT1__is_scoped,False
lag_01__T3__Y,1.517763939773431e-05,1.517763939773431e-05,T3__Y,False
lag_14__T5__smoke,-1.5176360648183618e-05,1.5176360648183618e-05,T5__smoke,True
lag_11__T_A_site_active_infernos,-1.516735846962547e-05,1.516735846962547e-05,T_A_site_active_infernos,True
lag_08__T_place_BANANA,-1.516118209110573e-05,1.516118209110573e-05,T_place_BANANA,False
lag_07__CT_flash_duration_sum,-1.5134859495447017e-05,1.5134859495447017e-05,CT_flash_duration_sum,True
lag_01__T4__shots_fired,-1.5127057849895209e-05,1.5127057849895209e-05,T4__shots_fired,False
lag_05__T1__flash_duration,-1.5126951439015102e-05,1.5126951439015102e-05,T1__flash_duration,True
lag_02__CT2__is_walking,-1.5125824575079605e-05,1.5125824575079605e-05,CT2__is_walking,False
lag_08__CT5__hp,1.5117961993382778e-05,1.5117961993382778e-05,CT5__hp,False
lag_08__CT_hp_sum,1.5117649127205368e-05,1.5117649127205368e-05,CT_hp_sum,False
lag_01__CT_place_ALLEY,-1.5086148778209463e-05,1.5086148778209463e-05,CT_place_ALLEY,False
lag_14__CT3__molly,-1.504926876805257e-05,1.504926876805257e-05,CT3__molly,True
lag_12__CT4__shots_fired,-1.503858766227495e-05,1.503858766227495e-05,CT4__shots_fired,False
lag_14__CT4__shots_fired,-1.5030517715786118e-05,1.5030517715786118e-05,CT4__shots_fired,False
lag_03__T1__hp,-1.5028308553155512e-05,1.5028308553155512e-05,T1__hp,False
lag_07__CT4__shots_fired,-1.4994512639532331e-05,1.4994512639532331e-05,CT4__shots_fired,False
lag_10__CT4__is_scoped,-1.498667370469775e-05,1.498667370469775e-05,CT4__is_scoped,False
lag_06__armor_diff,1.497281209594803e-05,1.497281209594803e-05,armor_diff,False
lag_06__T4__is_walking,-1.4965795344323851e-05,1.4965795344323851e-05,T4__is_walking,False
lag_04__CT4__alive,1.4961944543756545e-05,1.4961944543756545e-05,CT4__alive,False
lag_05__T_scoped_count,-1.4956661289033946e-05,1.4956661289033946e-05,T_scoped_count,False
lag_07__molly_inv_diff,1.4945488146622665e-05,1.4945488146622665e-05,molly_inv_diff,True
lag_03__CT_flashed_players,1.4940874280000571e-05,1.4940874280000571e-05,CT_flashed_players,False
lag_13__CT4__is_scoped,-1.4939466382202227e-05,1.4939466382202227e-05,CT4__is_scoped,False
lag_06__CT1__flash_duration,1.4926269614079501e-05,1.4926269614079501e-05,CT1__flash_duration,True
lag_07__CT1__molly,-1.4899436791893095e-05,1.4899436791893095e-05,CT1__molly,True
lag_01__CT_place_LONGA,-1.4898887457093224e-05,1.4898887457093224e-05,CT_place_LONGA,False
lag_04__CT_A_site_active_smokes,-1.489173973823199e-05,1.489173973823199e-05,CT_A_site_active_smokes,True
lag_11__T_place_APARTMENTS,-1.488692760176491e-05,1.488692760176491e-05,T_place_APARTMENTS,False
lag_08__CT4__shots_fired,-1.4879241462040227e-05,1.4879241462040227e-05,CT4__shots_fired,False
lag_11__CT3__shots_fired,-1.4837502931186464e-05,1.4837502931186464e-05,CT3__shots_fired,False
lag_14__CT5__molly,-1.4835995898465626e-05,1.4835995898465626e-05,CT5__molly,True
lag_03__T_damage_last_5s,-1.483329469920136e-05,1.483329469920136e-05,T_damage_last_5s,False
lag_05__T1__hp,-1.4816199836786836e-05,1.4816199836786836e-05,T1__hp,False
lag_09__CT_hp_sum,1.481434992456343e-05,1.481434992456343e-05,CT_hp_sum,False
lag_10__CT_macro_B,1.4805580576648936e-05,1.4805580576648936e-05,CT_macro_B,False
lag_10__CT_place_BOMBSITEB,1.4805580576648936e-05,1.4805580576648936e-05,CT_place_BOMBSITEB,False
lag_06__T_macro_B,-1.4775604540773202e-05,1.4775604540773202e-05,T_macro_B,False
lag_06__T_place_BOMBSITEB,-1.4775604540773202e-05,1.4775604540773202e-05,T_place_BOMBSITEB,False
lag_05__T5__has_bomb,-1.4760506928723771e-05,1.4760506928723771e-05,T5__has_bomb,False
lag_04__T1__flash,-1.4745989574294072e-05,1.4745989574294072e-05,T1__flash,True
lag_10__T4__utility_total,-1.473919201089302e-05,1.473919201089302e-05,T4__utility_total,True
lag_12__CT1__is_scoped,-1.4714008102600928e-05,1.4714008102600928e-05,CT1__is_scoped,False
lag_14__CT1__is_scoped,-1.4706110050610732e-05,1.4706110050610732e-05,CT1__is_scoped,False
lag_07__CT1__is_scoped,-1.4670882592326961e-05,1.4670882592326961e-05,CT1__is_scoped,False
lag_12__T4__shots_fired,-1.4653553989774082e-05,1.4653553989774082e-05,T4__shots_fired,False
lag_14__T4__shots_fired,-1.4645690498582553e-05,1.4645690498582553e-05,T4__shots_fired,False
lag_07__T_cash_spent_round_sum,-1.4635878869739827e-05,1.4635878869739827e-05,T_cash_spent_round_sum,False
lag_01__CT_place_MIDDOORS,-1.4631576050305739e-05,1.4631576050305739e-05,CT_place_MIDDOORS,False
lag_12__CT_place_ALLEY,-1.4613932762586046e-05,1.4613932762586046e-05,CT_place_ALLEY,False
lag_07__T4__shots_fired,-1.4610614925913978e-05,1.4610614925913978e-05,T4__shots_fired,False
lag_14__CT_place_ALLEY,-1.4606083823309746e-05,1.4606083823309746e-05,CT_place_ALLEY,False
lag_13__CT3__molly,-1.4603942872781772e-05,1.4603942872781772e-05,CT3__molly,True
lag_07__CT_place_ALLEY,-1.457110010960605e-05,1.457110010960605e-05,CT_place_ALLEY,False
lag_08__CT1__is_scoped,-1.455810615880182e-05,1.455810615880182e-05,CT1__is_scoped,False
lag_06__CT5__molly,-1.4543734323524404e-05,1.4543734323524404e-05,CT5__molly,True
lag_10__T_macro_B,-1.4542053577315528e-05,1.4542053577315528e-05,T_macro_B,False
lag_10__T_place_BOMBSITEB,-1.4542053577315528e-05,1.4542053577315528e-05,T_place_BOMBSITEB,False
lag_11__CT_cash_spent_round_sum,-1.454029006708879e-05,1.454029006708879e-05,CT_cash_spent_round_sum,False
lag_12__CT4__molly,-1.4503271813737229e-05,1.4503271813737229e-05,CT4__molly,True
lag_08__T4__shots_fired,-1.4498293239739724e-05,1.4498293239739724e-05,T4__shots_fired,False
lag_13__T_place_BOMBSITEB,-1.4496241419692524e-05,1.4496241419692524e-05,T_place_BOMBSITEB,False
lag_13__T_macro_B,-1.4496241419692524e-05,1.4496241419692524e-05,T_macro_B,False
lag_01__T4__has_bomb,1.4467022992903367e-05,1.4467022992903367e-05,T4__has_bomb,False
lag_08__CT_place_ALLEY,-1.4459084923146293e-05,1.4459084923146293e-05,CT_place_ALLEY,False
lag_15__CT_cash_spent_round_sum,-1.444653116777772e-05,1.444653116777772e-05,CT_cash_spent_round_sum,False
lag_12__CT_place_LONGA,-1.4432527677854523e-05,1.4432527677854523e-05,CT_place_LONGA,False
lag_14__CT_place_LONGA,-1.4424776964006014e-05,1.4424776964006014e-05,CT_place_LONGA,False
lag_09__T_A_site_active_infernos,-1.4417837519431487e-05,1.4417837519431487e-05,T_A_site_active_infernos,True
lag_07__CT2__duck_amount,1.4416311387321912e-05,1.4416311387321912e-05,CT2__duck_amount,False
lag_11__CT_utility_inv,1.4407173694053199e-05,1.4407173694053199e-05,CT_utility_inv,True
lag_07__T_walking_count,1.4393589481187519e-05,1.4393589481187519e-05,T_walking_count,False
lag_07__CT_place_LONGA,-1.4390224350790959e-05,1.4390224350790959e-05,CT_place_LONGA,False
lag_02__T_place_OUTSIDE,-1.4383158486452885e-05,1.4383158486452885e-05,T_place_OUTSIDE,False
lag_06__CT1__shots_fired,-1.437498394807335e-05,1.437498394807335e-05,CT1__shots_fired,False
lag_06__T4__flash,-1.4364641174324788e-05,1.4364641174324788e-05,T4__flash,True
lag_06__CT5__is_scoped,-1.4360140994540416e-05,1.4360140994540416e-05,CT5__is_scoped,False
lag_01__T_place_OUTSIDELONG,-1.4357912732521072e-05,1.4357912732521072e-05,T_place_OUTSIDELONG,False
lag_12__T_bomb_carrier_alive,1.4356086467159912e-05,1.4356086467159912e-05,T_bomb_carrier_alive,False
lag_15__T_place_OUTSIDE,-1.433425222785445e-05,1.433425222785445e-05,T_place_OUTSIDE,False
lag_06__T4__molly,-1.4332536920846906e-05,1.4332536920846906e-05,T4__molly,True
lag_03__T_place_OUTSIDE,-1.4324793482956011e-05,1.4324793482956011e-05,T_place_OUTSIDE,False
lag_11__CT_place_RAMP,-1.4307260244095232e-05,1.4307260244095232e-05,CT_place_RAMP,False
lag_11__T2__shots_fired,-1.4298694622993935e-05,1.4298694622993935e-05,T2__shots_fired,False
lag_00__CT1__utility_total,1.428132236469537e-05,1.428132236469537e-05,CT1__utility_total,True
lag_08__CT_place_LONGA,-1.4279605238698423e-05,1.4279605238698423e-05,CT_place_LONGA,False
lag_01__T_flash_alpha_mean,1.4257577277021483e-05,1.4257577277021483e-05,T_flash_alpha_mean,True
lag_01__CT1__flash,1.4255254427553155e-05,1.4255254427553155e-05,CT1__flash,True
lag_06__T2__Y,-1.4252773326006718e-05,1.4252773326006718e-05,T2__Y,False
lag_01__CT_flash_alpha_mean,1.4240171367418952e-05,1.4240171367418952e-05,CT_flash_alpha_mean,True
lag_00__CT_helmet_count,1.4188513887347654e-05,1.4188513887347654e-05,CT_helmet_count,False
lag_00__CT1__X,1.4184586689225398e-05,1.4184586689225398e-05,CT1__X,False
lag_12__CT_place_MIDDOORS,-1.4173581803333946e-05,1.4173581803333946e-05,CT_place_MIDDOORS,False
lag_14__CT_place_MIDDOORS,-1.4165977518132422e-05,1.4165977518132422e-05,CT_place_MIDDOORS,False
lag_11__CT_place_MIDDLE,-1.4165763786877505e-05,1.4165763786877505e-05,CT_place_MIDDLE,False
lag_09__T_place_APARTMENTS,-1.4151265531836543e-05,1.4151265531836543e-05,T_place_APARTMENTS,False
lag_10__CT5__is_scoped,-1.413315021636663e-05,1.413315021636663e-05,CT5__is_scoped,False
lag_07__CT_place_MIDDOORS,-1.413204245181987e-05,1.413204245181987e-05,CT_place_MIDDOORS,False
lag_11__T3__shots_fired,-1.4128288057690952e-05,1.4128288057690952e-05,T3__shots_fired,False
lag_06__T1__duck_amount,-1.4116155398369301e-05,1.4116155398369301e-05,T1__duck_amount,False
lag_09__CT3__shots_fired,-1.4104284673521761e-05,1.4104284673521761e-05,CT3__shots_fired,False
lag_13__CT5__is_scoped,-1.408862226526253e-05,1.408862226526253e-05,CT5__is_scoped,False
lag_01__T_place_TRAMP,-1.408330808772007e-05,1.408330808772007e-05,T_place_TRAMP,False
lag_02__CT4__is_scoped,-1.4067016309127212e-05,1.4067016309127212e-05,CT4__is_scoped,False
lag_02__CT3__is_walking,1.40570073199342e-05,1.40570073199342e-05,CT3__is_walking,False
lag_08__CT_place_MIDDOORS,-1.4023403309693094e-05,1.4023403309693094e-05,CT_place_MIDDOORS,False
lag_15__CT4__is_scoped,-1.4019186892255675e-05,1.4019186892255675e-05,CT4__is_scoped,False
lag_15__T1__smoke,-1.4019011359778233e-05,1.4019011359778233e-05,T1__smoke,True
lag_03__CT4__is_scoped,-1.4009939150128048e-05,1.4009939150128048e-05,CT4__is_scoped,False
lag_01__T_place_RUINS,-1.3998041140439454e-05,1.3998041140439454e-05,T_place_RUINS,False
lag_01__CT_place_CONNECTOR,-1.3985374607727863e-05,1.3985374607727863e-05,CT_place_CONNECTOR,False
lag_11__CT5__shots_fired,-1.397813502990175e-05,1.397813502990175e-05,CT5__shots_fired,False
lag_11__CT_place_TUNNELS,-1.3958785530121531e-05,1.3958785530121531e-05,CT_place_TUNNELS,False
lag_14__CT2__Y,1.3957735063740984e-05,1.3957735063740984e-05,CT2__Y,False
lag_04__T2__Y,-1.3951240362075623e-05,1.3951240362075623e-05,T2__Y,False
lag_12__CT2__shots_fired,-1.3933746231487021e-05,1.3933746231487021e-05,CT2__shots_fired,False
lag_14__CT_duck_amount_mean,-1.3919963748776354e-05,1.3919963748776354e-05,CT_duck_amount_mean,False
lag_12__T_place_OUTSIDELONG,-1.3908487744629383e-05,1.3908487744629383e-05,T_place_OUTSIDELONG,False
lag_14__T_place_OUTSIDELONG,-1.3901020793127827e-05,1.3901020793127827e-05,T_place_OUTSIDELONG,False
lag_01__T4__is_scoped,-1.3870532711734995e-05,1.3870532711734995e-05,T4__is_scoped,False
lag_07__T_place_OUTSIDELONG,-1.3867726920580026e-05,1.3867726920580026e-05,T_place_OUTSIDELONG,False
lag_15__T_macro_MID,1.3845153262082022e-05,1.3845153262082022e-05,T_macro_MID,False
lag_13__seconds_in_round,1.3828223018208519e-05,1.3828223018208519e-05,seconds_in_round,False
lag_12__T_flash_alpha_mean,1.3811287317366805e-05,1.3811287317366805e-05,T_flash_alpha_mean,True
lag_14__T_flash_alpha_mean,1.3803874935547356e-05,1.3803874935547356e-05,T_flash_alpha_mean,True
lag_11__T_place_BANANA,-1.3794714504911099e-05,1.3794714504911099e-05,T_place_BANANA,False
lag_12__CT_flash_alpha_mean,1.3794426195090637e-05,1.3794426195090637e-05,CT_flash_alpha_mean,True
lag_14__CT_flash_alpha_mean,1.3787018360744696e-05,1.3787018360744696e-05,CT_flash_alpha_mean,True
lag_07__T_flash_alpha_mean,1.3770811165159103e-05,1.3770811165159103e-05,T_flash_alpha_mean,True
lag_08__CT_cash_spent_round_sum,-1.3766581105301157e-05,1.3766581105301157e-05,CT_cash_spent_round_sum,False
lag_08__T_place_OUTSIDELONG,-1.376111958961701e-05,1.376111958961701e-05,T_place_OUTSIDELONG,False
lag_00__bomb_events_last_5s,1.3756611224380322e-05,1.3756611224380322e-05,bomb_events_last_5s,False
lag_07__CT_flash_alpha_mean,1.3753992789133918e-05,1.3753992789133918e-05,CT_flash_alpha_mean,True
lag_01__T_place_PALACEINTERIOR,-1.3738661436946131e-05,1.3738661436946131e-05,T_place_PALACEINTERIOR,False
lag_01__T_place_TSIDEUPPER,-1.3723340089200065e-05,1.3723340089200065e-05,T_place_TSIDEUPPER,False
lag_14__CT_active_infernos,1.3720474271394778e-05,1.3720474271394778e-05,CT_active_infernos,True
lag_03__CT2__duck_amount,1.3689761544810608e-05,1.3689761544810608e-05,CT2__duck_amount,False
lag_08__T_flash_alpha_mean,1.3664952348335646e-05,1.3664952348335646e-05,T_flash_alpha_mean,True
lag_02__T_macro_B,-1.3649680113303475e-05,1.3649680113303475e-05,T_macro_B,False
lag_02__T_place_BOMBSITEB,-1.3649680113303475e-05,1.3649680113303475e-05,T_place_BOMBSITEB,False
lag_08__CT_flash_alpha_mean,1.3648264030052815e-05,1.3648264030052815e-05,CT_flash_alpha_mean,True
lag_12__T_place_TRAMP,-1.3642472367791925e-05,1.3642472367791925e-05,T_place_TRAMP,False
lag_14__T_place_TRAMP,-1.3635152754432056e-05,1.3635152754432056e-05,T_place_TRAMP,False
lag_15__T_place_BOMBSITEB,-1.3603268598672003e-05,1.3603268598672003e-05,T_place_BOMBSITEB,False
lag_15__T_macro_B,-1.3603268598672003e-05,1.3603268598672003e-05,T_macro_B,False
lag_07__T_place_TRAMP,-1.3602494618680794e-05,1.3602494618680794e-05,T_place_TRAMP,False
lag_09__CT_place_RAMP,-1.3600247257272713e-05,1.3600247257272713e-05,CT_place_RAMP,False
lag_03__T_macro_B,-1.3594294614449609e-05,1.3594294614449609e-05,T_macro_B,False
lag_03__T_place_BOMBSITEB,-1.3594294614449609e-05,1.3594294614449609e-05,T_place_BOMBSITEB,False
lag_09__T2__shots_fired,-1.359211000817595e-05,1.359211000817595e-05,T2__shots_fired,False
lag_12__T_place_RUINS,-1.3559871149482206e-05,1.3559871149482206e-05,T_place_RUINS,False
lag_14__T_place_RUINS,-1.3552596101362724e-05,1.3552596101362724e-05,T_place_RUINS,False
lag_01__CT_place_UNDERA,-1.3548308743338566e-05,1.3548308743338566e-05,CT_place_UNDERA,False
lag_12__CT_place_CONNECTOR,-1.3547611160902306e-05,1.3547611160902306e-05,CT_place_CONNECTOR,False
lag_14__CT_place_CONNECTOR,-1.3540340660256334e-05,1.3540340660256334e-05,CT_place_CONNECTOR,False
lag_11__CT4__shots_fired,-1.3538187886297237e-05,1.3538187886297237e-05,CT4__shots_fired,False
lag_08__T_bomb_carrier_alive,-1.3532314369513188e-05,1.3532314369513188e-05,T_bomb_carrier_alive,False
lag_07__T_place_RUINS,-1.3520133506972343e-05,1.3520133506972343e-05,T_place_RUINS,False
lag_07__CT_place_CONNECTOR,-1.3507908988685813e-05,1.3507908988685813e-05,CT_place_CONNECTOR,False
lag_06__T1__has_helmet,-1.3507099538401235e-05,1.3507099538401235e-05,T1__has_helmet,False
lag_08__T_place_TRAMP,-1.3497930922312662e-05,1.3497930922312662e-05,T_place_TRAMP,False
lag_01__CT_place_BANANA,-1.348487967334222e-05,1.348487967334222e-05,CT_place_BANANA,False
lag_01__T5__is_scoped,-1.3469986697600689e-05,1.3469986697600689e-05,T5__is_scoped,False
lag_14__CT_hp_sum,1.3466056770994328e-05,1.3466056770994328e-05,CT_hp_sum,False
lag_09__CT_place_MIDDLE,-1.3465743904816918e-05,1.3465743904816918e-05,CT_place_MIDDLE,False
lag_08__closest_enemy_dist_diff,1.3456641681841575e-05,1.3456641681841575e-05,closest_enemy_dist_diff,False
lag_11__CT_unique_places,1.344574320683023e-05,1.344574320683023e-05,CT_unique_places,False
lag_03__T1__alive,-1.3443006537272595e-05,1.3443006537272595e-05,T1__alive,False
lag_01__CT_place_OUTSIDE,-1.3441504961519968e-05,1.3441504961519968e-05,CT_place_OUTSIDE,False
lag_12__T4__is_scoped,-1.3436359040497337e-05,1.3436359040497337e-05,T4__is_scoped,False
lag_06__CT5__X,-1.3433379535854328e-05,1.3433379535854328e-05,CT5__X,False
lag_09__T3__shots_fired,-1.3430120816337876e-05,1.3430120816337876e-05,T3__shots_fired,False
lag_14__T4__is_scoped,-1.3429144019028172e-05,1.3429144019028172e-05,T4__is_scoped,False
lag_08__T_place_RUINS,-1.3416201909421943e-05,1.3416201909421943e-05,T_place_RUINS,False
lag_14__CT_cash_spent_round_sum,-1.3404317542153876e-05,1.3404317542153876e-05,CT_cash_spent_round_sum,False
lag_08__CT_place_CONNECTOR,-1.3404064702626783e-05,1.3404064702626783e-05,CT_place_CONNECTOR,False
lag_07__T4__is_scoped,-1.3396980648394674e-05,1.3396980648394674e-05,T4__is_scoped,False
lag_05__T3__has_bomb,-1.3364858205022756e-05,1.3364858205022756e-05,T3__has_bomb,False
lag_06__T_A_site_active_infernos,-1.3327265151019674e-05,1.3327265151019674e-05,T_A_site_active_infernos,True
lag_01__CT_place_TOPOFMID,-1.331766543444246e-05,1.331766543444246e-05,CT_place_TOPOFMID,False
lag_12__T_place_PALACEINTERIOR,-1.3308619600138627e-05,1.3308619600138627e-05,T_place_PALACEINTERIOR,False
lag_14__T_place_PALACEINTERIOR,-1.3301470971782692e-05,1.3301470971782692e-05,T_place_PALACEINTERIOR,False
lag_08__T4__is_scoped,-1.329400129179703e-05,1.329400129179703e-05,T4__is_scoped,False
lag_12__T_place_TSIDEUPPER,-1.3293779375089798e-05,1.3293779375089798e-05,T_place_TSIDEUPPER,False
lag_14__T_place_TSIDEUPPER,-1.3286630746733863e-05,1.3286630746733863e-05,T_place_TSIDEUPPER,False
lag_07__T_place_PALACEINTERIOR,-1.3269611372379586e-05,1.3269611372379586e-05,T_place_PALACEINTERIOR,False
lag_09__CT_place_TUNNELS,-1.3269000191939995e-05,1.3269000191939995e-05,CT_place_TUNNELS,False
lag_02__CT5__is_scoped,-1.3265864254208282e-05,1.3265864254208282e-05,CT5__is_scoped,False
lag_07__T_place_TSIDEUPPER,-1.3254812984087039e-05,1.3254812984087039e-05,T_place_TSIDEUPPER,False
lag_11__CT1__is_scoped,-1.3246001799416263e-05,1.3246001799416263e-05,CT1__is_scoped,False
lag_15__CT5__is_scoped,-1.3220762411947362e-05,1.3220762411947362e-05,CT5__is_scoped,False
lag_11__T_cash_spent_round_sum,-1.3220092114352155e-05,1.3220092114352155e-05,T_cash_spent_round_sum,False
lag_04__bomb_planted,-1.3213221791374963e-05,1.3213221791374963e-05,bomb_planted,False
lag_03__CT5__is_scoped,-1.3212043086241465e-05,1.3212043086241465e-05,CT5__is_scoped,False
lag_11__T4__shots_fired,-1.3191580364946276e-05,1.3191580364946276e-05,T4__shots_fired,False
lag_08__T_place_PALACEINTERIOR,-1.3167601537134033e-05,1.3167601537134033e-05,T_place_PALACEINTERIOR,False
lag_11__CT_place_ALLEY,-1.3155904525774531e-05,1.3155904525774531e-05,CT_place_ALLEY,False
lag_08__T_place_TSIDEUPPER,-1.3152916835679207e-05,1.3152916835679207e-05,T_place_TSIDEUPPER,False
lag_12__CT_place_UNDERA,-1.3124230463290587e-05,1.3124230463290587e-05,CT_place_UNDERA,False
lag_14__CT_place_UNDERA,-1.3117184607835952e-05,1.3117184607835952e-05,CT_place_UNDERA,False
lag_10__T_A_site_active_infernos,-1.3116612535668537e-05,1.3116612535668537e-05,T_A_site_active_infernos,True
lag_09__T_place_BANANA,-1.3113035493006464e-05,1.3113035493006464e-05,T_place_BANANA,False
lag_07__CT_place_UNDERA,-1.3085767022857908e-05,1.3085767022857908e-05,CT_place_UNDERA,False
lag_06__T_place_APARTMENTS,-1.3080861208436545e-05,1.3080861208436545e-05,T_place_APARTMENTS,False
lag_13__T_A_site_active_infernos,-1.3075281458441168e-05,1.3075281458441168e-05,T_A_site_active_infernos,True
lag_09__damage_diff_last_5s,1.3063233382126782e-05,1.3063233382126782e-05,damage_diff_last_5s,False
lag_12__CT_place_BANANA,-1.3062776815786492e-05,1.3062776815786492e-05,CT_place_BANANA,False
lag_01__CT_cash_spent_round_sum,-1.3062746802461334e-05,1.3062746802461334e-05,CT_cash_spent_round_sum,False
lag_14__CT_place_BANANA,-1.3055761883151717e-05,1.3055761883151717e-05,CT_place_BANANA,False
lag_12__T5__is_scoped,-1.3048354958300479e-05,1.3048354958300479e-05,T5__is_scoped,False
lag_14__T5__is_scoped,-1.3041346392128617e-05,1.3041346392128617e-05,T5__is_scoped,False
lag_06__CT3__shots_fired,-1.3037431017437484e-05,1.3037431017437484e-05,CT3__shots_fired,False
lag_01__CT_place_ARCH,-1.3026569831708912e-05,1.3026569831708912e-05,CT_place_ARCH,False
lag_07__CT_place_BANANA,-1.3024493455304764e-05,1.3024493455304764e-05,CT_place_BANANA,False
lag_12__CT_place_OUTSIDE,-1.3020758160564583e-05,1.3020758160564583e-05,CT_place_OUTSIDE,False
lag_14__CT_place_OUTSIDE,-1.3013772331760265e-05,1.3013772331760265e-05,CT_place_OUTSIDE,False
lag_07__T5__is_scoped,-1.3010108887101524e-05,1.3010108887101524e-05,T5__is_scoped,False
lag_01__CT_place_PIT,-1.3001797924516723e-05,1.3001797924516723e-05,CT_place_PIT,False
lag_11__CT_place_LONGA,-1.2992600204597693e-05,1.2992600204597693e-05,CT_place_LONGA,False
lag_08__CT_place_UNDERA,-1.2985168723389506e-05,1.2985168723389506e-05,CT_place_UNDERA,False
lag_07__CT_place_OUTSIDE,-1.2982594853383489e-05,1.2982594853383489e-05,CT_place_OUTSIDE,False
lag_08__CT_place_BANANA,-1.2924371731060091e-05,1.2924371731060091e-05,CT_place_BANANA,False
lag_08__CT1__shots_fired,-1.291491662414046e-05,1.291491662414046e-05,CT1__shots_fired,False
lag_08__T5__is_scoped,-1.2910098121210467e-05,1.2910098121210467e-05,T5__is_scoped,False
lag_01__T_place_UPPERTUNNEL,-1.290778618567856e-05,1.290778618567856e-05,T_place_UPPERTUNNEL,False
lag_12__CT_place_TOPOFMID,-1.290080399485305e-05,1.290080399485305e-05,CT_place_TOPOFMID,False
lag_14__active_infernos_total,1.2898525710625108e-05,1.2898525710625108e-05,active_infernos_total,True
lag_14__CT_place_TOPOFMID,-1.2893876373709645e-05,1.2893876373709645e-05,CT_place_TOPOFMID,False
lag_01__T_place_LOBBY,-1.2888399396615569e-05,1.2888399396615569e-05,T_place_LOBBY,False
lag_08__CT_place_OUTSIDE,-1.2882795999757946e-05,1.2882795999757946e-05,CT_place_OUTSIDE,False
lag_10__T_place_APARTMENTS,-1.2874094863946084e-05,1.2874094863946084e-05,T_place_APARTMENTS,False
lag_09__CT4__shots_fired,-1.2869182683061808e-05,1.2869182683061808e-05,CT4__shots_fired,False
lag_07__CT_place_TOPOFMID,-1.2862993571616244e-05,1.2862993571616244e-05,CT_place_TOPOFMID,False
lag_09__T_macro_MID,1.285711277887458e-05,1.285711277887458e-05,T_macro_MID,False
lag_13__T_place_APARTMENTS,-1.2833537766709924e-05,1.2833537766709924e-05,T_place_APARTMENTS,False
lag_10__CT3__shots_fired,-1.2831346793973353e-05,1.2831346793973353e-05,CT3__shots_fired,False
lag_14__CT1__smoke,1.2821406926377676e-05,1.2821406926377676e-05,CT1__smoke,True
lag_13__CT3__shots_fired,-1.2790925211447757e-05,1.2790925211447757e-05,CT3__shots_fired,False
lag_14__CT1__has_defuser,1.2784818864020053e-05,1.2784818864020053e-05,CT1__has_defuser,False
lag_10__T_flash_duration_sum,1.2779982171196025e-05,1.2779982171196025e-05,T_flash_duration_sum,True
lag_08__CT_place_TOPOFMID,-1.2764106031681877e-05,1.2764106031681877e-05,CT_place_TOPOFMID,False
lag_11__CT_place_MIDDOORS,-1.2759497622027993e-05,1.2759497622027993e-05,CT_place_MIDDOORS,False
lag_08__T_spread_xy,1.2740580132231116e-05,1.2740580132231116e-05,T_spread_xy,False
lag_14__T4__duck_amount,-1.2707058886007871e-05,1.2707058886007871e-05,T4__duck_amount,False
lag_10__CT_armor_sum,-1.265130140382098e-05,1.265130140382098e-05,CT_armor_sum,False
lag_01__CT_place_RUINS,-1.263414651475614e-05,1.263414651475614e-05,CT_place_RUINS,False
lag_12__CT_place_ARCH,-1.2618820619536564e-05,1.2618820619536564e-05,CT_place_ARCH,False
lag_15__T3__alive,1.261560191778699e-05,1.261560191778699e-05,T3__alive,False
lag_14__CT_place_ARCH,-1.2612043974513654e-05,1.2612043974513654e-05,CT_place_ARCH,False
lag_15__CT_armor_sum,-1.2610276826308109e-05,1.2610276826308109e-05,CT_armor_sum,False
lag_12__CT_place_PIT,-1.2594816325872671e-05,1.2594816325872671e-05,CT_place_PIT,False
lag_09__CT1__is_scoped,-1.2591433915076777e-05,1.2591433915076777e-05,CT1__is_scoped,False
lag_14__CT_place_PIT,-1.2588052413775586e-05,1.2588052413775586e-05,CT_place_PIT,False
lag_07__CT_place_ARCH,-1.2581834198499564e-05,1.2581834198499564e-05,CT_place_ARCH,False
lag_06__CT_place_RAMP,-1.2571524166560266e-05,1.2571524166560266e-05,CT_place_RAMP,False
lag_12__CT_utility_damage_last_5s,-1.2568354577524588e-05,1.2568354577524588e-05,CT_utility_damage_last_5s,True
lag_06__T2__shots_fired,-1.2563999916892499e-05,1.2563999916892499e-05,T2__shots_fired,False
lag_07__CT_place_PIT,-1.2557901754917111e-05,1.2557901754917111e-05,CT_place_PIT,False
lag_09__T4__shots_fired,-1.2539694580482319e-05,1.2539694580482319e-05,T4__shots_fired,False
lag_05__T2__utility_total,-1.2529210835054982e-05,1.2529210835054982e-05,T2__utility_total,True
lag_11__T_place_OUTSIDELONG,-1.2520846212282777e-05,1.2520846212282777e-05,T_place_OUTSIDELONG,False
lag_02__CT_armor_sum,1.25119322547107e-05,1.25119322547107e-05,CT_armor_sum,False
lag_09__CT_place_ALLEY,-1.2505785889516119e-05,1.2505785889516119e-05,CT_place_ALLEY,False
lag_12__T_place_UPPERTUNNEL,-1.2503747711889446e-05,1.2503747711889446e-05,T_place_UPPERTUNNEL,False
lag_14__T_place_UPPERTUNNEL,-1.249704018846387e-05,1.249704018846387e-05,T_place_UPPERTUNNEL,False
lag_08__CT_place_ARCH,-1.248511307494482e-05,1.248511307494482e-05,CT_place_ARCH,False
lag_12__T_place_LOBBY,-1.2484975741244853e-05,1.2484975741244853e-05,T_place_LOBBY,False
lag_14__T_place_LOBBY,-1.2478269127313979e-05,1.2478269127313979e-05,T_place_LOBBY,False
lag_02__active_smokes_total,1.2470453839341644e-05,1.2470453839341644e-05,active_smokes_total,True
lag_12__CT_cash_spent_round_sum,-1.2469957255234476e-05,1.2469957255234476e-05,CT_cash_spent_round_sum,False
lag_07__T_place_UPPERTUNNEL,-1.2467108717828523e-05,1.2467108717828523e-05,T_place_UPPERTUNNEL,False
lag_08__CT_place_PIT,-1.2461367077776231e-05,1.2461367077776231e-05,CT_place_PIT,False
lag_07__T_place_LOBBY,-1.2448380402929615e-05,1.2448380402929615e-05,T_place_LOBBY,False
lag_06__CT_place_MIDDLE,-1.2447194421838503e-05,1.2447194421838503e-05,CT_place_MIDDLE,False
lag_04__T_macro_MID,1.243867154698819e-05,1.243867154698819e-05,T_macro_MID,False
lag_05__T1__armor,-1.2437442819646094e-05,1.2437442819646094e-05,T1__armor,False
lag_11__T_flash_alpha_mean,1.2433342817530502e-05,1.2433342817530502e-05,T_flash_alpha_mean,True
lag_11__CT_flash_alpha_mean,1.2418159712979104e-05,1.2418159712979104e-05,CT_flash_alpha_mean,True
lag_06__T3__shots_fired,-1.2414262528182007e-05,1.2414262528182007e-05,T3__shots_fired,False
lag_05__T_place_OUTSIDE,-1.2402052561810706e-05,1.2402052561810706e-05,T_place_OUTSIDE,False
lag_04__CT_macro_MID,-1.23869676826871e-05,1.23869676826871e-05,CT_macro_MID,False
lag_10__CT_place_RAMP,-1.2372806850180496e-05,1.2372806850180496e-05,CT_place_RAMP,False
lag_08__T_place_UPPERTUNNEL,-1.2371262528176885e-05,1.2371262528176885e-05,T_place_UPPERTUNNEL,False
lag_10__T2__shots_fired,-1.2365393558866344e-05,1.2365393558866344e-05,T2__shots_fired,False
lag_08__T_place_LOBBY,-1.235267973243026e-05,1.235267973243026e-05,T_place_LOBBY,False
lag_09__CT_place_LONGA,-1.2350548786344007e-05,1.2350548786344007e-05,CT_place_LONGA,False
lag_14__T_active_smokes,-1.2343506568868179e-05,1.2343506568868179e-05,T_active_smokes,True
lag_13__CT_place_RAMP,-1.2333824997767806e-05,1.2333824997767806e-05,CT_place_RAMP,False
lag_13__T2__shots_fired,-1.2326443538768217e-05,1.2326443538768217e-05,T2__shots_fired,False
lag_07__active_smokes_total,1.2315625099290628e-05,1.2315625099290628e-05,active_smokes_total,True
lag_02__T_A_site_active_infernos,-1.2311704267631285e-05,1.2311704267631285e-05,T_A_site_active_infernos,True
lag_11__T_place_TRAMP,-1.2281377166800667e-05,1.2281377166800667e-05,T_place_TRAMP,False
lag_15__T_A_site_active_infernos,-1.2269845683476888e-05,1.2269845683476888e-05,T_A_site_active_infernos,True
lag_06__CT_place_TUNNELS,-1.226532731379848e-05,1.226532731379848e-05,CT_place_TUNNELS,False
lag_03__T_A_site_active_infernos,-1.226175209012581e-05,1.226175209012581e-05,T_A_site_active_infernos,True
lag_10__CT_place_MIDDLE,-1.2250439795025159e-05,1.2250439795025159e-05,CT_place_MIDDLE,False
lag_12__CT_place_RUINS,-1.2238678209541831e-05,1.2238678209541831e-05,CT_place_RUINS,False
lag_14__CT_place_RUINS,-1.2232101653353311e-05,1.2232101653353311e-05,CT_place_RUINS,False
lag_10__T3__shots_fired,-1.2218030860822182e-05,1.2218030860822182e-05,T3__shots_fired,False
lag_13__CT_place_MIDDLE,-1.2211849025334232e-05,1.2211849025334232e-05,CT_place_MIDDLE,False
lag_11__T_place_RUINS,-1.22070105135208e-05,1.22070105135208e-05,T_place_RUINS,False
lag_13__CT_cash_spent_round_sum,-1.2204843187646475e-05,1.2204843187646475e-05,CT_cash_spent_round_sum,False
lag_07__CT_place_RUINS,-1.2202808647998609e-05,1.2202808647998609e-05,CT_place_RUINS,False
lag_11__CT_place_CONNECTOR,-1.2195970157335978e-05,1.2195970157335978e-05,CT_place_CONNECTOR,False
lag_08__T5__molly,-1.219136993313441e-05,1.219136993313441e-05,T5__molly,True
lag_13__T3__shots_fired,-1.2179536497569643e-05,1.2179536497569643e-05,T3__shots_fired,False
lag_14__CT2__shots_fired,-1.212993902299786e-05,1.212993902299786e-05,CT2__shots_fired,False
lag_05__CT4__is_scoped,-1.2129453352827113e-05,1.2129453352827113e-05,CT4__is_scoped,False
lag_09__CT_place_MIDDOORS,-1.212896404467756e-05,1.212896404467756e-05,CT_place_MIDDOORS,False
lag_06__T_place_BANANA,-1.2121162399125751e-05,1.2121162399125751e-05,T_place_BANANA,False
lag_08__CT_place_RUINS,-1.2108999726478942e-05,1.2108999726478942e-05,CT_place_RUINS,False
lag_11__T4__is_scoped,-1.2095819329260848e-05,1.2095819329260848e-05,T4__is_scoped,False
lag_10__CT5__shots_fired,-1.2088177754776552e-05,1.2088177754776552e-05,CT5__shots_fired,False
lag_02__T_place_APARTMENTS,-1.2084075933671556e-05,1.2084075933671556e-05,T_place_APARTMENTS,False
lag_10__CT_place_TUNNELS,-1.2071449418726843e-05,1.2071449418726843e-05,CT_place_TUNNELS,False
lag_01__utility_damage_diff_last_5s,1.2051455996697769e-05,1.2051455996697769e-05,utility_damage_diff_last_5s,True
lag_13__CT5__shots_fired,-1.2050094483129214e-05,1.2050094483129214e-05,CT5__shots_fired,False
lag_02__CT3__shots_fired,-1.2043952665408142e-05,1.2043952665408142e-05,CT3__shots_fired,False
lag_15__T_place_APARTMENTS,-1.2042984963045456e-05,1.2042984963045456e-05,T_place_APARTMENTS,False
lag_03__T_place_APARTMENTS,-1.203504143632017e-05,1.203504143632017e-05,T_place_APARTMENTS,False
lag_13__CT_place_TUNNELS,-1.2033424354740418e-05,1.2033424354740418e-05,CT_place_TUNNELS,False
lag_00__CT4__X,1.2031943697365932e-05,1.2031943697365932e-05,CT4__X,False
lag_15__CT_flash_inv,1.2023646377201658e-05,1.2023646377201658e-05,CT_flash_inv,True
lag_14__T_place_SNIPERSNEST,-1.2011509170406498e-05,1.2011509170406498e-05,T_place_SNIPERSNEST,False
lag_15__CT3__shots_fired,-1.200300448545022e-05,1.200300448545022e-05,CT3__shots_fired,False
lag_07__T_macro_A,1.199684356834041e-05,1.199684356834041e-05,T_macro_A,False
lag_07__T_place_BOMBSITEA,1.199684356834041e-05,1.199684356834041e-05,T_place_BOMBSITEA,False
lag_03__CT3__shots_fired,-1.1995087334071286e-05,1.1995087334071286e-05,CT3__shots_fired,False
lag_11__T_place_PALACEINTERIOR,-1.1980820090684574e-05,1.1980820090684574e-05,T_place_PALACEINTERIOR,False
lag_08__T_place_SNIPERSNEST,-1.19701117000659e-05,1.19701117000659e-05,T_place_SNIPERSNEST,False
lag_11__T_place_TSIDEUPPER,-1.1967455975536723e-05,1.1967455975536723e-05,T_place_TSIDEUPPER,False
lag_01__T1__flash_duration,1.1943361641897354e-05,1.1943361641897354e-05,T1__flash_duration,True
lag_06__CT_helmet_count,-1.193809112010058e-05,1.193809112010058e-05,CT_helmet_count,False
lag_10__T_place_BANANA,-1.1929560969292652e-05,1.1929560969292652e-05,T_place_BANANA,False
lag_10__T5__duck_amount,1.1925514627364464e-05,1.1925514627364464e-05,T5__duck_amount,False
lag_01__CT_place_SIDEENTRANCE,-1.1916516996279825e-05,1.1916516996279825e-05,CT_place_SIDEENTRANCE,False
lag_09__T_place_OUTSIDELONG,-1.190210969070904e-05,1.190210969070904e-05,T_place_OUTSIDELONG,False
lag_05__CT_macro_OTHER,1.1898568118340336e-05,1.1898568118340336e-05,CT_macro_OTHER,False
lag_06__CT4__shots_fired,-1.189575414173305e-05,1.189575414173305e-05,CT4__shots_fired,False
lag_13__T_place_BANANA,-1.1891981557710096e-05,1.1891981557710096e-05,T_place_BANANA,False
lag_04__T1__has_bomb,-1.182917822006857e-05,1.182917822006857e-05,T1__has_bomb,False
lag_09__T_flash_alpha_mean,1.1818929124274291e-05,1.1818929124274291e-05,T_flash_alpha_mean,True
lag_14__T3__molly,1.1817953236459289e-05,1.1817953236459289e-05,T3__molly,True
lag_11__CT_place_UNDERA,-1.1814831850642804e-05,1.1814831850642804e-05,CT_place_UNDERA,False
lag_05__T3__smoke,-1.1812373486463912e-05,1.1812373486463912e-05,T3__smoke,True
lag_09__CT_flash_alpha_mean,1.180450362880947e-05,1.180450362880947e-05,CT_flash_alpha_mean,True
lag_01__CT_place_LONGDOORS,-1.179998344014166e-05,1.179998344014166e-05,CT_place_LONGDOORS,False
lag_05__T_place_BOMBSITEB,-1.1769606317102443e-05,1.1769606317102443e-05,T_place_BOMBSITEB,False
lag_05__T_macro_B,-1.1769606317102443e-05,1.1769606317102443e-05,T_macro_B,False
lag_11__CT_place_BANANA,-1.1759506378439255e-05,1.1759506378439255e-05,CT_place_BANANA,False
lag_11__T5__is_scoped,-1.1746521522582043e-05,1.1746521522582043e-05,T5__is_scoped,False
lag_05__T2__Y,-1.1743582945200615e-05,1.1743582945200615e-05,T2__Y,False
lag_01__T_place_SECONDMID,-1.1738733519450761e-05,1.1738733519450761e-05,T_place_SECONDMID,False
lag_11__CT_place_OUTSIDE,-1.1721684131771326e-05,1.1721684131771326e-05,CT_place_OUTSIDE,False
lag_10__CT4__shots_fired,-1.1707719750120305e-05,1.1707719750120305e-05,CT4__shots_fired,False
lag_09__T_place_TRAMP,-1.1674473171296995e-05,1.1674473171296995e-05,T_place_TRAMP,False
lag_13__CT4__shots_fired,-1.1670835192489903e-05,1.1670835192489903e-05,CT4__shots_fired,False
lag_01__T_place_UNDERPASS,-1.1668229490169324e-05,1.1668229490169324e-05,T_place_UNDERPASS,False
lag_01__T3__flash_duration,-1.1666268619592302e-05,1.1666268619592302e-05,T3__flash_duration,True
lag_12__CT2__Y,1.1642215213214513e-05,1.1642215213214513e-05,CT2__Y,False
lag_06__CT1__is_scoped,-1.163901288236957e-05,1.163901288236957e-05,CT1__is_scoped,False
lag_11__CT_place_TOPOFMID,-1.1613693459366914e-05,1.1613693459366914e-05,CT_place_TOPOFMID,False
lag_02__CT_place_RAMP,-1.1613558854151051e-05,1.1613558854151051e-05,CT_place_RAMP,False
lag_02__T2__shots_fired,-1.160660212917719e-05,1.160660212917719e-05,T2__shots_fired,False
lag_09__T_place_RUINS,-1.1603789062064607e-05,1.1603789062064607e-05,T_place_RUINS,False
lag_01__T_B_site_active_smokes,-1.159589555754792e-05,1.159589555754792e-05,T_B_site_active_smokes,True
lag_09__CT_place_CONNECTOR,-1.1593287126743235e-05,1.1593287126743235e-05,CT_place_CONNECTOR,False
lag_06__T4__shots_fired,-1.1591188012971543e-05,1.1591188012971543e-05,T4__shots_fired,False
lag_01__CT_place_PALACEINTERIOR,-1.1585618267417885e-05,1.1585618267417885e-05,CT_place_PALACEINTERIOR,False
lag_04__T_scoped_count,-1.158397935796529e-05,1.158397935796529e-05,T_scoped_count,False
lag_15__CT_place_RAMP,-1.1574060408747755e-05,1.1574060408747755e-05,CT_place_RAMP,False
lag_15__T2__shots_fired,-1.156713278760435e-05,1.156713278760435e-05,T2__shots_fired,False
lag_03__CT_place_RAMP,-1.1566436114662793e-05,1.1566436114662793e-05,CT_place_RAMP,False
lag_14__T_kills_last_3s,1.1562434337974992e-05,1.1562434337974992e-05,T_kills_last_3s,False
lag_06__CT_place_ALLEY,-1.1559842278074939e-05,1.1559842278074939e-05,CT_place_ALLEY,False
lag_03__T2__shots_fired,-1.1559515769477002e-05,1.1559515769477002e-05,T2__shots_fired,False
lag_00__T_place_HOUSE,-1.1556199751794338e-05,1.1556199751794338e-05,T_place_HOUSE,False
lag_12__CT_place_SIDEENTRANCE,-1.1543507753231097e-05,1.1543507753231097e-05,CT_place_SIDEENTRANCE,False
lag_07__T2__Y,-1.1543333130248357e-05,1.1543333130248357e-05,T2__Y,False
lag_14__CT_place_SIDEENTRANCE,-1.1537305908859707e-05,1.1537305908859707e-05,CT_place_SIDEENTRANCE,False
lag_07__T5__duck_amount,-1.1511086995596997e-05,1.1511086995596997e-05,T5__duck_amount,False
lag_07__CT_place_SIDEENTRANCE,-1.1509674550325144e-05,1.1509674550325144e-05,CT_place_SIDEENTRANCE,False
lag_02__CT_place_MIDDLE,-1.1498696949274745e-05,1.1498696949274745e-05,CT_place_MIDDLE,False
lag_09__T4__is_scoped,-1.1498095773276873e-05,1.1498095773276873e-05,T4__is_scoped,False
lag_01__CT5__flash_duration,-1.1496525985421613e-05,1.1496525985421613e-05,CT5__flash_duration,True
lag_02__T3__shots_fired,-1.1468267075542826e-05,1.1468267075542826e-05,T3__shots_fired,False
lag_15__CT_place_MIDDLE,-1.1459597772045527e-05,1.1459597772045527e-05,CT_place_MIDDLE,False
lag_10__CT1__is_scoped,-1.1455038475105539e-05,1.1455038475105539e-05,CT1__is_scoped,False
lag_03__CT_place_MIDDLE,-1.1452048966020811e-05,1.1452048966020811e-05,CT_place_MIDDLE,False
lag_05__CT5__is_scoped,-1.143865938502131e-05,1.143865938502131e-05,CT5__is_scoped,False
lag_04__T5__has_bomb,-1.1432060091465246e-05,1.1432060091465246e-05,T5__has_bomb,False
lag_12__CT_place_LONGDOORS,-1.143062036135234e-05,1.143062036135234e-05,CT_place_LONGDOORS,False
lag_15__T3__shots_fired,-1.1429279766161926e-05,1.1429279766161926e-05,T3__shots_fired,False
lag_14__CT_place_LONGDOORS,-1.1424483091104776e-05,1.1424483091104776e-05,CT_place_LONGDOORS,False
lag_03__T3__shots_fired,-1.1421740055084229e-05,1.1421740055084229e-05,T3__shots_fired,False
lag_08__CT_place_SIDEENTRANCE,-1.1421200724726077e-05,1.1421200724726077e-05,CT_place_SIDEENTRANCE,False
lag_13__CT1__is_scoped,-1.1418946996855084e-05,1.1418946996855084e-05,CT1__is_scoped,False
lag_06__CT_place_LONGA,-1.1416347660997417e-05,1.1416347660997417e-05,CT_place_LONGA,False
lag_10__T4__shots_fired,-1.140797212428879e-05,1.140797212428879e-05,T4__shots_fired,False
lag_07__CT_place_LONGDOORS,-1.139711730502313e-05,1.139711730502313e-05,CT_place_LONGDOORS,False
lag_09__T_place_PALACEINTERIOR,-1.1388771781639662e-05,1.1388771781639662e-05,T_place_PALACEINTERIOR,False
lag_10__CT_place_ALLEY,-1.1377120245015249e-05,1.1377120245015249e-05,CT_place_ALLEY,False
lag_09__T_place_TSIDEUPPER,-1.1376072507118806e-05,1.1376072507118806e-05,T_place_TSIDEUPPER,False
lag_01__CT2__flash_duration,-1.137426352215698e-05,1.137426352215698e-05,CT2__flash_duration,True
lag_13__T4__shots_fired,-1.1372035260137636e-05,1.1372035260137636e-05,T4__shots_fired,False
lag_12__T_place_SECONDMID,-1.137129311246099e-05,1.137129311246099e-05,T_place_SECONDMID,False
lag_14__T_place_SECONDMID,-1.1365186765033286e-05,1.1365186765033286e-05,T_place_SECONDMID,False
lag_11__CT_place_ARCH,-1.1359842574165668e-05,1.1359842574165668e-05,CT_place_ARCH,False
lag_13__CT_place_ALLEY,-1.134127796831308e-05,1.134127796831308e-05,CT_place_ALLEY,False
lag_11__CT_place_PIT,-1.133823661803035e-05,1.133823661803035e-05,CT_place_PIT,False
lag_07__T_place_SECONDMID,-1.1337961950630415e-05,1.1337961950630415e-05,T_place_SECONDMID,False
lag_02__CT_place_TUNNELS,-1.133068508352153e-05,1.133068508352153e-05,CT_place_TUNNELS,False
lag_08__CT_place_LONGDOORS,-1.1309506589896046e-05,1.1309506589896046e-05,CT_place_LONGDOORS,False
lag_15__CT5__shots_fired,-1.130780037783552e-05,1.130780037783552e-05,CT5__shots_fired,False
lag_12__T_place_UNDERPASS,-1.130298915086314e-05,1.130298915086314e-05,T_place_UNDERPASS,False
lag_12__T3__flash_duration,-1.1301097401883453e-05,1.1301097401883453e-05,T3__flash_duration,True
lag_14__T_place_UNDERPASS,-1.1296918273728807e-05,1.1296918273728807e-05,T_place_UNDERPASS,False
lag_14__T3__flash_duration,-1.1295029253233224e-05,1.1295029253233224e-05,T3__flash_duration,True
lag_15__CT_place_TUNNELS,-1.1292157978459727e-05,1.1292157978459727e-05,CT_place_TUNNELS,False
lag_03__CT_place_TUNNELS,-1.128471103584161e-05,1.128471103584161e-05,CT_place_TUNNELS,False
lag_12__T1__smoke,-1.1282744708296377e-05,1.1282744708296377e-05,T1__smoke,True
lag_07__T_place_UNDERPASS,-1.1269868082308676e-05,1.1269868082308676e-05,T_place_UNDERPASS,False
lag_07__T3__flash_duration,-1.1267974514339585e-05,1.1267974514339585e-05,T3__flash_duration,True
lag_11__T_place_UPPERTUNNEL,-1.1256253856117837e-05,1.1256253856117837e-05,T_place_UPPERTUNNEL,False
lag_08__T_place_SECONDMID,-1.1250803254370112e-05,1.1250803254370112e-05,T_place_SECONDMID,False
lag_11__T_place_LOBBY,-1.1239351806580089e-05,1.1239351806580089e-05,T_place_LOBBY,False
lag_10__CT_place_LONGA,-1.1235893907723948e-05,1.1235893907723948e-05,CT_place_LONGA,False
lag_09__CT_place_UNDERA,-1.1230978998355567e-05,1.1230978998355567e-05,CT_place_UNDERA,False
lag_12__CT_place_PALACEINTERIOR,-1.1222965440538246e-05,1.1222965440538246e-05,CT_place_PALACEINTERIOR,False
lag_14__CT_place_PALACEINTERIOR,-1.1216943676117808e-05,1.1216943676117808e-05,CT_place_PALACEINTERIOR,False
lag_06__CT_place_MIDDOORS,-1.121152763516875e-05,1.121152763516875e-05,CT_place_MIDDOORS,False
lag_13__CT_place_LONGA,-1.1200494554941542e-05,1.1200494554941542e-05,CT_place_LONGA,False
lag_02__T_place_BANANA,-1.1197511412319727e-05,1.1197511412319727e-05,T_place_BANANA,False
lag_01__CT3__flash_duration,-1.1190334589628037e-05,1.1190334589628037e-05,CT3__flash_duration,True
lag_07__CT_place_PALACEINTERIOR,-1.1190069926669821e-05,1.1190069926669821e-05,CT_place_PALACEINTERIOR,False
lag_08__T_place_UNDERPASS,-1.1183229617017787e-05,1.1183229617017787e-05,T_place_UNDERPASS,False
lag_08__T3__flash_duration,-1.1181352419953328e-05,1.1181352419953328e-05,T3__flash_duration,True
lag_09__CT_place_BANANA,-1.1178399290656671e-05,1.1178399290656671e-05,CT_place_BANANA,False
lag_09__T5__is_scoped,-1.11660510810907e-05,1.11660510810907e-05,T5__is_scoped,False
lag_15__T_place_BANANA,-1.1159427231177688e-05,1.1159427231177688e-05,T_place_BANANA,False
lag_01__CT_place_HOUSE,-1.1154363164678216e-05,1.1154363164678216e-05,CT_place_HOUSE,False
lag_03__T_place_BANANA,-1.115207760449266e-05,1.115207760449266e-05,T_place_BANANA,False
lag_09__CT_place_OUTSIDE,-1.1142445146106184e-05,1.1142445146106184e-05,CT_place_OUTSIDE,False
lag_12__CT5__flash_duration,-1.1136673492728733e-05,1.1136673492728733e-05,CT5__flash_duration,True
lag_01__CT4__flash_duration,-1.1135955901409034e-05,1.1135955901409034e-05,CT4__flash_duration,True
lag_14__CT5__flash_duration,-1.1130689927085768e-05,1.1130689927085768e-05,CT5__flash_duration,True
lag_01__CT_place_SIDEHALL,-1.1124268894491252e-05,1.1124268894491252e-05,CT_place_SIDEHALL,False
lag_01__T1__flash,1.111651181417983e-05,1.111651181417983e-05,T1__flash,True
lag_09__CT1__flash,1.1107456884928979e-05,1.1107456884928979e-05,CT1__flash,True
lag_08__CT_place_PALACEINTERIOR,-1.110405082727084e-05,1.110405082727084e-05,CT_place_PALACEINTERIOR,False
lag_07__CT5__flash_duration,-1.1104029908892699e-05,1.1104029908892699e-05,CT5__flash_duration,True
lag_02__CT_alive,1.1100431038357783e-05,1.1100431038357783e-05,CT_alive,False
lag_05__CT_velocity_mean,1.1098288268840406e-05,1.1098288268840406e-05,CT_velocity_mean,False
lag_01__T_place_CANAL,-1.1093248758697882e-05,1.1093248758697882e-05,T_place_CANAL,False
lag_01__T1__is_scoped,-1.1078082025051117e-05,1.1078082025051117e-05,T1__is_scoped,False
lag_09__CT_place_TOPOFMID,-1.1039792298106477e-05,1.1039792298106477e-05,CT_place_TOPOFMID,False
lag_10__CT_place_MIDDOORS,-1.103430531657068e-05,1.103430531657068e-05,CT_place_MIDDOORS,False
lag_08__CT5__flash_duration,-1.1018667464668397e-05,1.1018667464668397e-05,CT5__flash_duration,True
lag_12__CT2__flash_duration,-1.101823272620095e-05,1.101823272620095e-05,CT2__flash_duration,True
lag_11__CT_place_RUINS,-1.101763245969778e-05,1.101763245969778e-05,CT_place_RUINS,False
lag_14__CT2__flash_duration,-1.1012317372660618e-05,1.1012317372660618e-05,CT2__flash_duration,True
lag_11__CT5__utility_total,1.101016914617503e-05,1.101016914617503e-05,CT5__utility_total,True
lag_06__T_place_OUTSIDELONG,-1.1001831808243878e-05,1.1001831808243878e-05,T_place_OUTSIDELONG,False
lag_13__CT_place_MIDDOORS,-1.0999546248058323e-05,1.0999546248058323e-05,CT_place_MIDDOORS,False
lag_02__CT4__shots_fired,-1.0989273505401798e-05,1.0989273505401798e-05,CT4__shots_fired,False
lag_07__CT2__flash_duration,-1.0985937478835694e-05,1.0985937478835694e-05,CT2__flash_duration,True
lag_15__CT4__shots_fired,-1.095190873456886e-05,1.095190873456886e-05,CT4__shots_fired,False
lag_03__CT4__shots_fired,-1.0944687346636783e-05,1.0944687346636783e-05,CT4__shots_fired,False
lag_07__T4__molly,1.0929837117146235e-05,1.0929837117146235e-05,T4__molly,True
lag_06__T_flash_alpha_mean,1.09249458546401e-05,1.09249458546401e-05,T_flash_alpha_mean,True
lag_06__CT_flash_alpha_mean,1.0911609024333302e-05,1.0911609024333302e-05,CT_flash_alpha_mean,True
lag_15__CT2__duck_amount,1.0903650945692789e-05,1.0903650945692789e-05,CT2__duck_amount,False
lag_08__CT2__flash_duration,-1.0901480891334359e-05,1.0901480891334359e-05,CT2__flash_duration,True
lag_13__T_bomb_carrier_alive,1.088620956579689e-05,1.088620956579689e-05,T_bomb_carrier_alive,False
lag_09__CT_cash_spent_round_sum,-1.0870046935451683e-05,1.0870046935451683e-05,CT_cash_spent_round_sum,False
lag_01__T_bomb_zone_count,-1.0858355381060392e-05,1.0858355381060392e-05,T_bomb_zone_count,False
lag_12__CT3__flash_duration,-1.0840053619176615e-05,1.0840053619176615e-05,CT3__flash_duration,True
lag_14__CT3__flash_duration,-1.083423376257997e-05,1.083423376257997e-05,CT3__flash_duration,True
lag_10__T_place_OUTSIDELONG,-1.082792368833907e-05,1.082792368833907e-05,T_place_OUTSIDELONG,False
lag_05__CT5__X,-1.0818122973432764e-05,1.0818122973432764e-05,CT5__X,False
lag_07__CT3__flash_duration,-1.0808284059748985e-05,1.0808284059748985e-05,CT3__flash_duration,True
lag_12__CT_place_HOUSE,-1.0805208148667589e-05,1.0805208148667589e-05,CT_place_HOUSE,False
lag_14__CT_place_HOUSE,-1.0799413757922594e-05,1.0799413757922594e-05,CT_place_HOUSE,False
lag_09__CT_place_ARCH,-1.0798482435347978e-05,1.0798482435347978e-05,CT_place_ARCH,False
lag_13__T_place_OUTSIDELONG,-1.0793816727527883e-05,1.0793816727527883e-05,T_place_OUTSIDELONG,False
lag_06__T_place_TRAMP,-1.0791412023536395e-05,1.0791412023536395e-05,T_place_TRAMP,False
lag_12__CT4__flash_duration,-1.078738205251284e-05,1.078738205251284e-05,CT4__flash_duration,True
lag_14__CT4__flash_duration,-1.0781588571262546e-05,1.0781588571262546e-05,CT4__flash_duration,True
lag_09__CT_place_PIT,-1.0777946044981945e-05,1.0777946044981945e-05,CT_place_PIT,False
lag_12__CT_place_SIDEHALL,-1.0776057933981065e-05,1.0776057933981065e-05,CT_place_SIDEHALL,False
lag_07__CT_place_HOUSE,-1.0773541362141259e-05,1.0773541362141259e-05,CT_place_HOUSE,False
lag_14__CT_place_SIDEHALL,-1.077026900020428e-05,1.077026900020428e-05,CT_place_SIDEHALL,False
lag_11__CT_A_site_active_infernos,-1.0762691090349108e-05,1.0762691090349108e-05,CT_A_site_active_infernos,True
lag_07__CT4__flash_duration,-1.0755766197689809e-05,1.0755766197689809e-05,CT4__flash_duration,True
lag_10__T_flash_alpha_mean,1.0752261005109176e-05,1.0752261005109176e-05,T_flash_alpha_mean,True
lag_02__CT1__is_scoped,-1.0752100024546962e-05,1.0752100024546962e-05,CT1__is_scoped,False
lag_12__T_place_CANAL,-1.074601004802389e-05,1.074601004802389e-05,T_place_CANAL,False
lag_07__CT_place_SIDEHALL,-1.0744475730462e-05,1.0744475730462e-05,CT_place_SIDEHALL,False
lag_14__T_place_CANAL,-1.0740239304141141e-05,1.0740239304141141e-05,T_place_CANAL,False
lag_10__CT_flash_alpha_mean,1.0739127901615575e-05,1.0739127901615575e-05,CT_flash_alpha_mean,True
lag_12__T1__is_scoped,-1.0731324437074363e-05,1.0731324437074363e-05,T1__is_scoped,False
lag_06__T_place_RUINS,-1.0726075743150432e-05,1.0726075743150432e-05,T_place_RUINS,False
lag_14__T1__is_scoped,-1.0725564607128035e-05,1.0725564607128035e-05,T1__is_scoped,False
lag_08__CT3__flash_duration,-1.0725193533289712e-05,1.0725193533289712e-05,CT3__flash_duration,True
lag_13__T_flash_alpha_mean,1.0718384146457538e-05,1.0718384146457538e-05,T_flash_alpha_mean,True
lag_06__CT_place_CONNECTOR,-1.0716359611251391e-05,1.0716359611251391e-05,CT_place_CONNECTOR,False
lag_15__CT1__is_scoped,-1.0715537428040989e-05,1.0715537428040989e-05,CT1__is_scoped,False
lag_07__T_place_CANAL,-1.071451242751209e-05,1.071451242751209e-05,T_place_CANAL,False
lag_03__CT1__is_scoped,-1.0708476111176424e-05,1.0708476111176424e-05,CT1__is_scoped,False
lag_02__T4__shots_fired,-1.070792040991364e-05,1.070792040991364e-05,T4__shots_fired,False
lag_13__CT_flash_alpha_mean,1.0705298336688429e-05,1.0705298336688429e-05,CT_flash_alpha_mean,True
lag_09__T_place_UPPERTUNNEL,-1.0700016900955234e-05,1.0700016900955234e-05,T_place_UPPERTUNNEL,False
lag_07__T1__is_scoped,-1.0699874110287055e-05,1.0699874110287055e-05,T1__is_scoped,False
lag_08__CT_place_HOUSE,-1.0690720955608413e-05,1.0690720955608413e-05,CT_place_HOUSE,False
lag_09__T_place_LOBBY,-1.0683944310585503e-05,1.0683944310585503e-05,T_place_LOBBY,False
lag_01__T_place_TUNNELS,-1.068340952770086e-05,1.068340952770086e-05,T_place_TUNNELS,False
lag_02__CT_place_ALLEY,-1.0678963917598594e-05,1.0678963917598594e-05,CT_place_ALLEY,False
lag_15__T_place_BOMBSITEA,1.0677568752726074e-05,1.0677568752726074e-05,T_place_BOMBSITEA,False
lag_15__T_macro_A,1.0677568752726074e-05,1.0677568752726074e-05,T_macro_A,False
lag_08__CT4__flash_duration,-1.067308312485693e-05,1.067308312485693e-05,CT4__flash_duration,True
lag_15__T4__shots_fired,-1.0671509699022863e-05,1.0671509699022863e-05,T4__shots_fired,False
lag_03__T4__shots_fired,-1.0664472938515246e-05,1.0664472938515246e-05,T4__shots_fired,False
lag_08__CT_place_SIDEHALL,-1.066187451215228e-05,1.066187451215228e-05,CT_place_SIDEHALL,False
lag_14__T_smoke_inv,1.0649953765096143e-05,1.0649953765096143e-05,T_smoke_inv,True
lag_15__CT_place_ALLEY,-1.0642653251125012e-05,1.0642653251125012e-05,CT_place_ALLEY,False
lag_03__CT_place_ALLEY,-1.0635635590006132e-05,1.0635635590006132e-05,CT_place_ALLEY,False
lag_08__T_place_CANAL,-1.0632143130351324e-05,1.0632143130351324e-05,T_place_CANAL,False
lag_06__T4__is_scoped,-1.0628373274812475e-05,1.0628373274812475e-05,T4__is_scoped,False
lag_12__CT1__has_helmet,1.0625019058352336e-05,1.0625019058352336e-05,CT1__has_helmet,False
lag_10__T_place_TRAMP,-1.062082992575597e-05,1.062082992575597e-05,T_place_TRAMP,False
lag_08__T1__is_scoped,-1.0617623047437519e-05,1.0617623047437519e-05,T1__is_scoped,False
lag_05__T_A_site_active_infernos,-1.061591501638759e-05,1.061591501638759e-05,T_A_site_active_infernos,True
lag_13__T_place_TRAMP,-1.0587373253656551e-05,1.0587373253656551e-05,T_place_TRAMP,False
lag_09__CT3__is_walking,1.0559454494796228e-05,1.0559454494796228e-05,CT3__is_walking,False
lag_10__T_place_RUINS,-1.0556528650340624e-05,1.0556528650340624e-05,T_place_RUINS,False
lag_10__CT_place_CONNECTOR,-1.0546978046477307e-05,1.0546978046477307e-05,CT_place_CONNECTOR,False
lag_02__CT_place_LONGA,-1.0546403245825786e-05,1.0546403245825786e-05,CT_place_LONGA,False
lag_12__CT_flash_duration_sum,1.0545636541792192e-05,1.0545636541792192e-05,CT_flash_duration_sum,True
lag_06__T_place_PALACEINTERIOR,-1.0527325684961397e-05,1.0527325684961397e-05,T_place_PALACEINTERIOR,False
lag_13__T_A_site_active_smokes,1.0526355254114605e-05,1.0526355254114605e-05,T_A_site_active_smokes,True
lag_13__T_place_RUINS,-1.0523270248086192e-05,1.0523270248086192e-05,T_place_RUINS,False
lag_08__T_place_TSPAWN,-1.052199695550371e-05,1.052199695550371e-05,T_place_TSPAWN,False
lag_12__T_bomb_zone_count,-1.051846811606083e-05,1.051846811606083e-05,T_bomb_zone_count,False
lag_06__T_place_TSIDEUPPER,-1.051558956532972e-05,1.051558956532972e-05,T_place_TSIDEUPPER,False
lag_13__CT_place_CONNECTOR,-1.0513746929063927e-05,1.0513746929063927e-05,CT_place_CONNECTOR,False
lag_14__T_bomb_zone_count,-1.051282015396282e-05,1.051282015396282e-05,T_bomb_zone_count,False
lag_15__CT_place_LONGA,-1.0510543688724283e-05,1.0510543688724283e-05,CT_place_LONGA,False
lag_03__CT_place_LONGA,-1.0503613339096773e-05,1.0503613339096773e-05,CT_place_LONGA,False
lag_01__CT_place_BDOORS,-1.0488988664292265e-05,1.0488988664292265e-05,CT_place_BDOORS,False
lag_07__T_bomb_zone_count,-1.0487641702638939e-05,1.0487641702638939e-05,T_bomb_zone_count,False
lag_09__CT_place_RUINS,-1.0473178008396644e-05,1.0473178008396644e-05,CT_place_RUINS,False
lag_10__T4__is_scoped,-1.046037141350098e-05,1.046037141350098e-05,T4__is_scoped,False
lag_14__T2__molly,1.0454869880049955e-05,1.0454869880049955e-05,T2__molly,True
lag_02__CT_cash_spent_round_sum,-1.0431886039441451e-05,1.0431886039441451e-05,CT_cash_spent_round_sum,False
lag_13__T4__is_scoped,-1.0427420420455746e-05,1.0427420420455746e-05,T4__is_scoped,False
lag_05__T_place_APARTMENTS,-1.0419649697723798e-05,1.0419649697723798e-05,T_place_APARTMENTS,False
lag_08__T_bomb_zone_count,-1.0407021363789681e-05,1.0407021363789681e-05,T_bomb_zone_count,False
lag_11__CT_place_SIDEENTRANCE,-1.0391816431365442e-05,1.0391816431365442e-05,CT_place_SIDEENTRANCE,False
lag_05__CT3__shots_fired,-1.0385042514826637e-05,1.0385042514826637e-05,CT3__shots_fired,False
lag_06__CT_place_UNDERA,-1.038146820064867e-05,1.038146820064867e-05,CT_place_UNDERA,False
lag_10__T_place_PALACEINTERIOR,-1.0360924534325022e-05,1.0360924534325022e-05,T_place_PALACEINTERIOR,False
lag_02__CT_place_MIDDOORS,-1.035717832564842e-05,1.035717832564842e-05,CT_place_MIDDOORS,False
lag_04__T3__has_bomb,-1.0351132004871033e-05,1.0351132004871033e-05,T3__has_bomb,False
lag_10__T_place_TSIDEUPPER,-1.0349363037676085e-05,1.0349363037676085e-05,T_place_TSIDEUPPER,False
lag_12__T_place_TUNNELS,-1.0348993782827165e-05,1.0348993782827165e-05,T_place_TUNNELS,False
lag_14__T_place_TUNNELS,-1.0343438589188736e-05,1.0343438589188736e-05,T_place_TUNNELS,False
lag_09__T4__duck_amount,-1.0336737432226073e-05,1.0336737432226073e-05,T4__duck_amount,False
lag_06__CT_place_BANANA,-1.0332863894291222e-05,1.0332863894291222e-05,CT_place_BANANA,False
lag_01__T_place_TSIDELOWER,-1.0329365977668203e-05,1.0329365977668203e-05,T_place_TSIDELOWER,False
lag_13__T_place_PALACEINTERIOR,-1.0328278222004883e-05,1.0328278222004883e-05,T_place_PALACEINTERIOR,False
lag_15__CT_place_MIDDOORS,-1.0321973604732193e-05,1.0321973604732193e-05,CT_place_MIDDOORS,False
lag_06__T5__is_scoped,-1.0321446097805165e-05,1.0321446097805165e-05,T5__is_scoped,False
lag_07__T_place_TUNNELS,-1.0318667591491248e-05,1.0318667591491248e-05,T_place_TUNNELS,False
lag_13__T_place_TSIDEUPPER,-1.0316756743122824e-05,1.0316756743122824e-05,T_place_TSIDEUPPER,False
lag_03__CT_place_MIDDOORS,-1.0315163308405317e-05,1.0315163308405317e-05,CT_place_MIDDOORS,False
lag_06__CT_place_OUTSIDE,-1.0299625500920229e-05,1.0299625500920229e-05,CT_place_OUTSIDE,False
lag_01__CT2__is_scoped,-1.0296126674802508e-05,1.0296126674802508e-05,CT2__is_scoped,False
lag_11__CT_place_LONGDOORS,-1.0290191312378738e-05,1.0290191312378738e-05,CT_place_LONGDOORS,False
lag_14__CT5__is_walking,1.0281633876729757e-05,1.0281633876729757e-05,CT5__is_walking,False
lag_10__CT2__shots_fired,-1.02555450212094e-05,1.02555450212094e-05,CT2__shots_fired,False
lag_08__T_place_TUNNELS,-1.0239338735118508e-05,1.0239338735118508e-05,T_place_TUNNELS,False
lag_11__T_place_SECONDMID,-1.0236782145511825e-05,1.0236782145511825e-05,T_place_SECONDMID,False
lag_10__CT_place_UNDERA,-1.021736807160778e-05,1.021736807160778e-05,CT_place_UNDERA,False
lag_06__CT_place_TOPOFMID,-1.0204736099694856e-05,1.0204736099694856e-05,CT_place_TOPOFMID,False
lag_01__T2__molly,1.0191449291596655e-05,1.0191449291596655e-05,T2__molly,True
lag_13__CT_place_UNDERA,-1.0185181963606738e-05,1.0185181963606738e-05,CT_place_UNDERA,False
lag_01__T_place_LONGDOORS,-1.0177431249758229e-05,1.0177431249758229e-05,T_place_LONGDOORS,False
lag_11__T_place_UNDERPASS,-1.017529302771436e-05,1.017529302771436e-05,T_place_UNDERPASS,False
lag_11__T3__flash_duration,-1.0173591363127343e-05,1.0173591363127343e-05,T3__flash_duration,True
lag_10__CT_place_BANANA,-1.0169530469283927e-05,1.0169530469283927e-05,CT_place_BANANA,False
lag_02__T_place_OUTSIDELONG,-1.0163465958612505e-05,1.0163465958612505e-05,T_place_OUTSIDELONG,False
lag_12__CT_place_BDOORS,-1.0160660167457536e-05,1.0160660167457536e-05,CT_place_BDOORS,False
lag_10__T5__is_scoped,-1.015829730022233e-05,1.015829730022233e-05,T5__is_scoped,False
lag_14__CT_place_BDOORS,-1.0155208656215109e-05,1.0155208656215109e-05,CT_place_BDOORS,False
lag_13__CT_place_BANANA,-1.0137491699424572e-05,1.0137491699424572e-05,CT_place_BANANA,False
lag_10__CT_place_OUTSIDE,-1.0136819582839962e-05,1.0136819582839962e-05,CT_place_OUTSIDE,False
lag_02__CT1__flash,-1.0134897820535116e-05,1.0134897820535116e-05,CT1__flash,True
lag_07__CT_place_BDOORS,-1.0130884220416192e-05,1.0130884220416192e-05,CT_place_BDOORS,False
lag_15__T_place_OUTSIDELONG,-1.0128916983376257e-05,1.0128916983376257e-05,T_place_OUTSIDELONG,False
lag_13__T5__is_scoped,-1.0126297638635151e-05,1.0126297638635151e-05,T5__is_scoped,False
lag_01__T_place_PALACEALLEY,-1.012582015391672e-05,1.012582015391672e-05,T_place_PALACEALLEY,False
lag_03__T_place_OUTSIDELONG,-1.0122232197318226e-05,1.0122232197318226e-05,T_place_OUTSIDELONG,False
lag_13__CT_place_OUTSIDE,-1.0104885404871311e-05,1.0104885404871311e-05,CT_place_OUTSIDE,False
lag_05__T1__has_helmet,-1.0103987733600661e-05,1.0103987733600661e-05,T1__has_helmet,False
lag_11__CT_place_PALACEINTERIOR,-1.0103257409355137e-05,1.0103257409355137e-05,CT_place_PALACEINTERIOR,False
lag_03__T_macro_OTHER,-1.0098371603817213e-05,1.0098371603817213e-05,T_macro_OTHER,False
lag_07__CT_kills_last_3s,1.009589232126018e-05,1.009589232126018e-05,CT_kills_last_3s,False
lag_02__T_flash_alpha_mean,1.0092447155329864e-05,1.0092447155329864e-05,T_flash_alpha_mean,True
lag_01__T_place_LOWERTUNNEL,-1.0086293514177669e-05,1.0086293514177669e-05,T_place_LOWERTUNNEL,False
lag_13__T1__hp,1.0083188499265816e-05,1.0083188499265816e-05,T1__hp,False
lag_02__CT_flash_alpha_mean,1.0080119864142034e-05,1.0080119864142034e-05,CT_flash_alpha_mean,True
lag_01__CT_place_WALKWAY,-1.006884758680826e-05,1.006884758680826e-05,CT_place_WALKWAY,False
lag_15__T_flash_alpha_mean,1.005812100629555e-05,1.005812100629555e-05,T_flash_alpha_mean,True
lag_08__CT_place_BDOORS,-1.0053004189103376e-05,1.0053004189103376e-05,CT_place_BDOORS,False
lag_03__T_flash_alpha_mean,1.0051496246887837e-05,1.0051496246887837e-05,T_flash_alpha_mean,True
lag_15__CT_flash_alpha_mean,1.0045846465800423e-05,1.0045846465800423e-05,CT_flash_alpha_mean,True
lag_10__CT_place_TOPOFMID,-1.0043429938377813e-05,1.0043429938377813e-05,CT_place_TOPOFMID,False
lag_03__CT_flash_alpha_mean,1.0039223525382113e-05,1.0039223525382113e-05,CT_flash_alpha_mean,True
lag_11__CT5__flash_duration,-1.0025569281424396e-05,1.0025569281424396e-05,CT5__flash_duration,True
lag_05__CT_place_RAMP,-1.0013932296715211e-05,1.0013932296715211e-05,CT_place_RAMP,False
lag_13__CT_place_TOPOFMID,-1.0011789527197834e-05,1.0011789527197834e-05,CT_place_TOPOFMID,False
lag_05__T2__shots_fired,-1.0007932360167615e-05,1.0007932360167615e-05,T2__shots_fired,False
lag_12__T_place_TSIDELOWER,-1.0006040611187927e-05,1.0006040611187927e-05,T_place_TSIDELOWER,False
lag_14__T_place_TSIDELOWER,-1.0000667316489853e-05,1.0000667316489853e-05,T_place_TSIDELOWER,False
lag_07__CT5__shots_fired,-9.995246728067286e-06,9.995246728067286e-06,CT5__shots_fired,False
lag_06__CT_place_ARCH,-9.981677976611536e-06,9.981677976611536e-06,CT_place_ARCH,False
lag_07__T_place_TSIDELOWER,-9.976710316550452e-06,9.976710316550452e-06,T_place_TSIDELOWER,False
lag_12__CT2__is_scoped,-9.973839041776955e-06,9.973839041776955e-06,CT2__is_scoped,False
lag_09__CT5__hp,9.971251529350411e-06,9.971251529350411e-06,CT5__hp,False
lag_13__CT3__hp,-9.970155588234775e-06,9.970155588234775e-06,CT3__hp,False
lag_08__CT2__smoke,-9.969919119612314e-06,9.969919119612314e-06,CT2__smoke,True
lag_02__T_place_TRAMP,-9.96908602246549e-06,9.96908602246549e-06,T_place_TRAMP,False
lag_14__CT2__is_scoped,-9.968486665457021e-06,9.968486665457021e-06,CT2__is_scoped,False
lag_06__CT_place_PIT,-9.962691365217324e-06,9.962691365217324e-06,CT_place_PIT,False
lag_07__CT2__is_scoped,-9.944609701051377e-06,9.944609701051377e-06,CT2__is_scoped,False
lag_15__T_place_TRAMP,-9.935189154930413e-06,9.935189154930413e-06,T_place_TRAMP,False
lag_03__T_utility_damage_last_5s,-9.931341992341913e-06,9.931341992341913e-06,T_utility_damage_last_5s,True
lag_03__T_place_TRAMP,-9.928638064593542e-06,9.928638064593542e-06,T_place_TRAMP,False
lag_01__CT_place_HEAVEN,-9.927927749231458e-06,9.927927749231458e-06,CT_place_HEAVEN,False
lag_11__CT2__flash_duration,-9.918949217535555e-06,9.918949217535555e-06,CT2__flash_duration,True
lag_05__CT_place_MIDDLE,-9.914896509144455e-06,9.914896509144455e-06,CT_place_MIDDLE,False
lag_02__T_place_RUINS,-9.908731044561137e-06,9.908731044561137e-06,T_place_RUINS,False
lag_11__utility_damage_diff_last_5s,9.90864009509096e-06,9.90864009509096e-06,utility_damage_diff_last_5s,True
lag_08__T_place_TSIDELOWER,-9.900018994812854e-06,9.900018994812854e-06,T_place_TSIDELOWER,False
lag_02__CT_place_CONNECTOR,-9.89976069831755e-06,9.89976069831755e-06,CT_place_CONNECTOR,False
lag_14__CT_place_CTSPAWN,-9.89719592325855e-06,9.89719592325855e-06,CT_place_CTSPAWN,False
lag_06__T_place_UPPERTUNNEL,-9.890662113321014e-06,9.890662113321014e-06,T_place_UPPERTUNNEL,False
lag_05__T3__shots_fired,-9.888656677503604e-06,9.888656677503604e-06,T3__shots_fired,False
lag_09__CT_place_SIDEENTRANCE,-9.878290256892797e-06,9.878290256892797e-06,CT_place_SIDEENTRANCE,False
lag_06__T_place_LOBBY,-9.87580915534636e-06,9.87580915534636e-06,T_place_LOBBY,False
lag_15__T_place_RUINS,-9.875031537376344e-06,9.875031537376344e-06,T_place_RUINS,False
lag_11__T5__duck_amount,-9.873035196505953e-06,9.873035196505953e-06,T5__duck_amount,False
lag_03__T_place_RUINS,-9.868526831269264e-06,9.868526831269264e-06,T_place_RUINS,False
lag_08__CT2__is_scoped,-9.868159395409748e-06,9.868159395409748e-06,CT2__is_scoped,False
lag_15__CT_place_CONNECTOR,-9.866096661426127e-06,9.866096661426127e-06,CT_place_CONNECTOR,False
lag_01__CT_place_RAFTERS,-9.864393177849706e-06,9.864393177849706e-06,CT_place_RAFTERS,False
lag_03__CT_place_CONNECTOR,-9.859592864813749e-06,9.859592864813749e-06,CT_place_CONNECTOR,False
lag_12__T_place_LONGDOORS,-9.858856174105313e-06,9.858856174105313e-06,T_place_LONGDOORS,False
lag_14__T_place_LONGDOORS,-9.853562005446292e-06,9.853562005446292e-06,T_place_LONGDOORS,False
lag_07__T_place_LONGDOORS,-9.829962436924689e-06,9.829962436924689e-06,T_place_LONGDOORS,False
lag_05__CT_cash_spent_round_sum,-9.824611879594158e-06,9.824611879594158e-06,CT_cash_spent_round_sum,False
lag_10__CT_place_ARCH,-9.823907021200284e-06,9.823907021200284e-06,CT_place_ARCH,False
lag_02__T4__is_scoped,-9.8184773378307e-06,9.8184773378307e-06,T4__is_scoped,False
lag_12__T_place_PALACEALLEY,-9.808863069338258e-06,9.808863069338258e-06,T_place_PALACEALLEY,False
lag_10__CT_place_PIT,-9.805215086089447e-06,9.805215086089447e-06,CT_place_PIT,False
lag_14__T_place_PALACEALLEY,-9.8036007329938e-06,9.8036007329938e-06,T_place_PALACEALLEY,False
lag_01__T3__is_scoped,-9.798290193430148e-06,9.798290193430148e-06,T3__is_scoped,False
lag_01__CT_place_MINI,-9.793246135814115e-06,9.793246135814115e-06,CT_place_MINI,False
lag_13__CT_place_ARCH,-9.792954188014846e-06,9.792954188014846e-06,CT_place_ARCH,False
lag_15__T4__is_scoped,-9.785085239855107e-06,9.785085239855107e-06,T4__is_scoped,False
lag_09__CT_place_LONGDOORS,-9.78168554865988e-06,9.78168554865988e-06,CT_place_LONGDOORS,False
lag_07__T_place_PALACEALLEY,-9.780116670299321e-06,9.780116670299321e-06,T_place_PALACEALLEY,False
lag_03__T4__is_scoped,-9.77863328444073e-06,9.77863328444073e-06,T4__is_scoped,False
lag_13__CT_place_PIT,-9.774330465006642e-06,9.774330465006642e-06,CT_place_PIT,False
lag_12__T_place_LOWERTUNNEL,-9.770566066436004e-06,9.770566066436004e-06,T_place_LOWERTUNNEL,False
lag_05__CT_place_TUNNELS,-9.770016731636133e-06,9.770016731636133e-06,CT_place_TUNNELS,False
lag_14__T_place_LOWERTUNNEL,-9.765322829480283e-06,9.765322829480283e-06,T_place_LOWERTUNNEL,False
lag_11__CT3__flash_duration,-9.758538908499759e-06,9.758538908499759e-06,CT3__flash_duration,True
lag_08__T_place_LONGDOORS,-9.754397979122587e-06,9.754397979122587e-06,T_place_LONGDOORS,False
lag_12__CT_place_WALKWAY,-9.753674021339975e-06,9.753674021339975e-06,CT_place_WALKWAY,False
lag_14__CT_place_WALKWAY,-9.748435331857763e-06,9.748435331857763e-06,CT_place_WALKWAY,False
lag_07__T_place_LOWERTUNNEL,-9.741932444740087e-06,9.741932444740087e-06,T_place_LOWERTUNNEL,False
lag_00__CT5__Y,-9.7379379440099e-06,9.7379379440099e-06,CT5__Y,False
lag_10__T_place_UPPERTUNNEL,-9.734322702570353e-06,9.734322702570353e-06,T_place_UPPERTUNNEL,False
lag_09__T_place_SECONDMID,-9.730924830364529e-06,9.730924830364529e-06,T_place_SECONDMID,False
lag_11__CT_place_HOUSE,-9.727176802698523e-06,9.727176802698523e-06,CT_place_HOUSE,False
lag_02__T_place_PALACEINTERIOR,-9.725124073156621e-06,9.725124073156621e-06,T_place_PALACEINTERIOR,False
lag_07__CT_place_WALKWAY,-9.725090421852656e-06,9.725090421852656e-06,CT_place_WALKWAY,False
lag_10__T_place_LOBBY,-9.71969620877644e-06,9.71969620877644e-06,T_place_LOBBY,False
lag_09__seconds_in_round,9.715552550915163e-06,9.715552550915163e-06,seconds_in_round,False
lag_02__T_place_TSIDEUPPER,-9.71428380580619e-06,9.71428380580619e-06,T_place_TSIDEUPPER,False
lag_11__CT4__flash_duration,-9.711130587675143e-06,9.711130587675143e-06,CT4__flash_duration,True
lag_08__T_place_PALACEALLEY,-9.704928743303753e-06,9.704928743303753e-06,T_place_PALACEALLEY,False
lag_13__T_place_UPPERTUNNEL,-9.703657269710675e-06,9.703657269710675e-06,T_place_UPPERTUNNEL,False
lag_11__CT_place_SIDEHALL,-9.70093606156297e-06,9.70093606156297e-06,CT_place_SIDEHALL,False
lag_15__T_place_PALACEINTERIOR,-9.692049388831947e-06,9.692049388831947e-06,T_place_PALACEINTERIOR,False
lag_13__T_place_LOBBY,-9.68908079812536e-06,9.68908079812536e-06,T_place_LOBBY,False
lag_03__T_place_PALACEINTERIOR,-9.685668374004308e-06,9.685668374004308e-06,T_place_PALACEINTERIOR,False
lag_15__T_place_TSIDEUPPER,-9.681240953796078e-06,9.681240953796078e-06,T_place_TSIDEUPPER,False
lag_06__CT_place_RUINS,-9.68098538578488e-06,9.68098538578488e-06,CT_place_RUINS,False
lag_03__T_place_TSIDEUPPER,-9.674864486441948e-06,9.674864486441948e-06,T_place_TSIDEUPPER,False
lag_11__T_place_CANAL,-9.67387586570112e-06,9.67387586570112e-06,T_place_CANAL,False
lag_09__T_place_UNDERPASS,-9.672467967902776e-06,9.672467967902776e-06,T_place_UNDERPASS,False
lag_09__T3__flash_duration,-9.670846338849515e-06,9.670846338849515e-06,T3__flash_duration,True
lag_08__T_place_LOWERTUNNEL,-9.667048288974911e-06,9.667048288974911e-06,T_place_LOWERTUNNEL,False
lag_11__T1__is_scoped,-9.660662726673763e-06,9.660662726673763e-06,T1__is_scoped,False
lag_15__active_smokes_total,-9.655401299824007e-06,9.655401299824007e-06,active_smokes_total,True
lag_05__T_place_BANANA,-9.65518756856909e-06,9.65518756856909e-06,T_place_BANANA,False
lag_08__CT_place_WALKWAY,-9.650330866861623e-06,9.650330866861623e-06,CT_place_WALKWAY,False
lag_01__T_place_ALLEY,-9.642920304031577e-06,9.642920304031577e-06,T_place_ALLEY,False
lag_12__CT_place_HEAVEN,-9.617168871045578e-06,9.617168871045578e-06,CT_place_HEAVEN,False
lag_14__CT_place_HEAVEN,-9.61200385063421e-06,9.61200385063421e-06,CT_place_HEAVEN,False
lag_04__T_place_OUTSIDE,-9.605426384950988e-06,9.605426384950988e-06,T_place_OUTSIDE,False
lag_09__CT_place_PALACEINTERIOR,-9.603986654838081e-06,9.603986654838081e-06,CT_place_PALACEINTERIOR,False
lag_13__CT_shots_fired_sum,9.59499811870046e-06,9.59499811870046e-06,CT_shots_fired_sum,False
lag_02__CT_place_UNDERA,-9.590379704604857e-06,9.590379704604857e-06,CT_place_UNDERA,False
lag_07__CT_place_HEAVEN,-9.588979992258828e-06,9.588979992258828e-06,CT_place_HEAVEN,False
lag_15__CT_place_UNDERA,-9.557768862578087e-06,9.557768862578087e-06,CT_place_UNDERA,False
lag_12__CT_place_RAFTERS,-9.555617907608394e-06,9.555617907608394e-06,CT_place_RAFTERS,False
lag_03__CT_place_UNDERA,-9.55146060732659e-06,9.55146060732659e-06,CT_place_UNDERA,False
lag_14__CT_place_RAFTERS,-9.550483810016885e-06,9.550483810016885e-06,CT_place_RAFTERS,False
lag_02__CT_place_BANANA,-9.545482498651836e-06,9.545482498651836e-06,CT_place_BANANA,False
lag_02__CT5__hp,-9.53582457441371e-06,9.53582457441371e-06,CT5__hp,False
lag_02__T5__is_scoped,-9.534933269605972e-06,9.534933269605972e-06,T5__is_scoped,False
lag_09__CT5__flash_duration,-9.530138413538225e-06,9.530138413538225e-06,CT5__flash_duration,True
lag_10__CT_place_RUINS,-9.527960173727479e-06,9.527960173727479e-06,CT_place_RUINS,False
lag_07__CT_place_RAFTERS,-9.527610927761998e-06,9.527610927761998e-06,CT_place_RAFTERS,False
lag_08__CT_place_HEAVEN,-9.51526453718543e-06,9.51526453718543e-06,CT_place_HEAVEN,False
lag_02__CT_place_OUTSIDE,-9.514768862572964e-06,9.514768862572964e-06,CT_place_OUTSIDE,False
lag_15__CT_place_BANANA,-9.51302263274556e-06,9.51302263274556e-06,CT_place_BANANA,False
lag_03__CT_place_BANANA,-9.50674893829273e-06,9.50674893829273e-06,CT_place_BANANA,False
lag_15__T5__is_scoped,-9.502515240455978e-06,9.502515240455978e-06,T5__is_scoped,False
lag_13__CT_place_RUINS,-9.497941391600762e-06,9.497941391600762e-06,CT_place_RUINS,False
lag_03__T5__is_scoped,-9.496246093476657e-06,9.496246093476657e-06,T5__is_scoped,False
lag_12__T3__is_scoped,-9.491585842624772e-06,9.491585842624772e-06,T3__is_scoped,False
lag_12__CT_place_MINI,-9.486704584560357e-06,9.486704584560357e-06,CT_place_MINI,False
lag_14__T3__is_scoped,-9.48649085330544e-06,9.48649085330544e-06,T3__is_scoped,False
lag_15__CT_place_OUTSIDE,-9.48241267906269e-06,9.48241267906269e-06,CT_place_OUTSIDE,False
lag_14__CT_place_MINI,-9.481611414230429e-06,9.481611414230429e-06,CT_place_MINI,False
lag_01__CT_place_BALCONY,-9.476362720306497e-06,9.476362720306497e-06,CT_place_BALCONY,False
lag_03__CT_place_OUTSIDE,-9.476169907429721e-06,9.476169907429721e-06,CT_place_OUTSIDE,False
lag_05__CT4__shots_fired,-9.475634215050377e-06,9.475634215050377e-06,CT4__shots_fired,False
lag_01__T_place_TMAIN,-9.470364602748305e-06,9.470364602748305e-06,T_place_TMAIN,False
lag_11__T_bomb_zone_count,-9.469046744925436e-06,9.469046744925436e-06,T_bomb_zone_count,False
lag_07__T3__is_scoped,-9.463771675655153e-06,9.463771675655153e-06,T3__is_scoped,False
lag_05__CT3__utility_total,-9.4596407507197e-06,9.4596407507197e-06,CT3__utility_total,True
lag_07__CT_place_MINI,-9.458897693548352e-06,9.458897693548352e-06,CT_place_MINI,False
lag_08__CT_place_RAFTERS,-9.454364771954715e-06,9.454364771954715e-06,CT_place_RAFTERS,False
lag_06__T2__smoke,9.429286365048029e-06,9.429286365048029e-06,T2__smoke,True
lag_09__CT2__flash_duration,-9.42878978094086e-06,9.42878978094086e-06,CT2__flash_duration,True
lag_02__CT_place_TOPOFMID,-9.427110853721388e-06,9.427110853721388e-06,CT_place_TOPOFMID,False
lag_01__CT_place_TRUCK,-9.423324627277907e-06,9.423324627277907e-06,CT_place_TRUCK,False
lag_14__T1__hp,-9.413238331035245e-06,9.413238331035245e-06,T1__hp,False
lag_15__CT_place_TOPOFMID,-9.395062079420313e-06,9.395062079420313e-06,CT_place_TOPOFMID,False
lag_04__CT4__is_scoped,-9.394297194376122e-06,9.394297194376122e-06,CT4__is_scoped,False
lag_08__T3__is_scoped,-9.391020284965634e-06,9.391020284965634e-06,T3__is_scoped,False
lag_03__CT_place_TOPOFMID,-9.38886842050124e-06,9.38886842050124e-06,CT_place_TOPOFMID,False
lag_08__CT_place_MINI,-9.386184501636308e-06,9.386184501636308e-06,CT_place_MINI,False
lag_01__CT_place_ARAMP,-9.368804967380129e-06,9.368804967380129e-06,CT_place_ARAMP,False
lag_03__CT_cash_spent_round_sum,-9.366222911921795e-06,9.366222911921795e-06,CT_cash_spent_round_sum,False
lag_12__T_place_ALLEY,-9.341082659375388e-06,9.341082659375388e-06,T_place_ALLEY,False
lag_14__T_place_ALLEY,-9.33607134356862e-06,9.33607134356862e-06,T_place_ALLEY,False
lag_11__T_place_TUNNELS,-9.31648537516594e-06,9.31648537516594e-06,T_place_TUNNELS,False
lag_02__T_utility_damage_last_5s,-9.315876923210453e-06,9.315876923210453e-06,T_utility_damage_last_5s,True
lag_07__T_place_ALLEY,-9.313706868852023e-06,9.313706868852023e-06,T_place_ALLEY,False
lag_09__CT3__flash_duration,-9.276314813178033e-06,9.276314813178033e-06,CT3__flash_duration,True
lag_05__CT1__is_scoped,-9.271130693377927e-06,9.271130693377927e-06,CT1__is_scoped,False
lag_05__T_flash_duration_sum,9.263257197744679e-06,9.263257197744679e-06,T_flash_duration_sum,True
lag_09__CT_place_HOUSE,-9.246497938875109e-06,9.246497938875109e-06,CT_place_HOUSE,False
lag_08__T_place_ALLEY,-9.24211235542316e-06,9.24211235542316e-06,T_place_ALLEY,False
lag_05__T4__shots_fired,-9.233036507794168e-06,9.233036507794168e-06,T4__shots_fired,False
lag_09__CT4__flash_duration,-9.231239346263465e-06,9.231239346263465e-06,CT4__flash_duration,True
lag_09__CT_place_SIDEHALL,-9.221545042237267e-06,9.221545042237267e-06,CT_place_SIDEHALL,False
lag_02__CT_place_ARCH,-9.221056643582415e-06,9.221056643582415e-06,CT_place_ARCH,False
lag_05__CT_place_ALLEY,-9.2080699687358e-06,9.2080699687358e-06,CT_place_ALLEY,False
lag_07__CT1__flash_duration,-9.206665708916262e-06,9.206665708916262e-06,CT1__flash_duration,True
lag_12__T_utility_damage_last_5s,-9.204827620123979e-06,9.204827620123979e-06,T_utility_damage_last_5s,True
lag_02__CT_place_PIT,-9.20351976674283e-06,9.20351976674283e-06,CT_place_PIT,False
lag_09__T_place_CANAL,-9.195832717523444e-06,9.195832717523444e-06,T_place_CANAL,False
lag_10__CT3__hp,-9.19044396141544e-06,9.19044396141544e-06,CT3__hp,False
lag_15__CT_place_ARCH,-9.189702723233495e-06,9.189702723233495e-06,CT_place_ARCH,False
lag_03__CT_place_ARCH,-9.183645488519687e-06,9.183645488519687e-06,CT_place_ARCH,False
lag_09__T1__is_scoped,-9.183268957713153e-06,9.183268957713153e-06,T1__is_scoped,False
lag_12__CT_place_BALCONY,-9.17973284231266e-06,9.17973284231266e-06,CT_place_BALCONY,False
lag_14__CT_place_BALCONY,-9.174806109513156e-06,9.174806109513156e-06,CT_place_BALCONY,False
lag_12__T_place_TMAIN,-9.173922990157735e-06,9.173922990157735e-06,T_place_TMAIN,False
lag_15__CT_place_PIT,-9.172229511023033e-06,9.172229511023033e-06,CT_place_PIT,False
lag_14__T_place_TMAIN,-9.16900080483174e-06,9.16900080483174e-06,T_place_TMAIN,False
lag_03__CT_place_PIT,-9.166177733277436e-06,9.166177733277436e-06,CT_place_PIT,False
lag_07__CT_place_BALCONY,-9.152829079539515e-06,9.152829079539515e-06,CT_place_BALCONY,False
lag_07__T_place_TMAIN,-9.147039236268029e-06,9.147039236268029e-06,T_place_TMAIN,False
lag_11__CT_place_BDOORS,-9.146935553872027e-06,9.146935553872027e-06,CT_place_BDOORS,False
lag_02__T_place_UPPERTUNNEL,-9.136978405877016e-06,9.136978405877016e-06,T_place_UPPERTUNNEL,False
lag_06__CT_place_SIDEENTRANCE,-9.13109124667244e-06,9.13109124667244e-06,CT_place_SIDEENTRANCE,False
lag_12__CT_place_TRUCK,-9.12836731004063e-06,9.12836731004063e-06,CT_place_TRUCK,False
lag_14__CT_place_TRUCK,-9.123466043092776e-06,9.123466043092776e-06,CT_place_TRUCK,False
lag_02__T_place_LOBBY,-9.123248673859052e-06,9.123248673859052e-06,T_place_LOBBY,False
lag_01__CT_place_JUNGLE,-9.118930393015034e-06,9.118930393015034e-06,CT_place_JUNGLE,False
lag_04__T_place_BOMBSITEB,-9.115599823417142e-06,9.115599823417142e-06,T_place_BOMBSITEB,False
lag_04__T_macro_B,-9.115599823417142e-06,9.115599823417142e-06,T_macro_B,False
lag_15__T_place_UPPERTUNNEL,-9.105910066864453e-06,9.105910066864453e-06,T_place_UPPERTUNNEL,False
lag_07__CT_place_TRUCK,-9.101612704398576e-06,9.101612704398576e-06,CT_place_TRUCK,False
lag_03__T_place_UPPERTUNNEL,-9.099908311327454e-06,9.099908311327454e-06,T_place_UPPERTUNNEL,False
lag_05__CT_place_LONGA,-9.093766493606381e-06,9.093766493606381e-06,CT_place_LONGA,False
lag_15__T_place_LOBBY,-9.092230357055087e-06,9.092230357055087e-06,T_place_LOBBY,False
lag_03__T_place_LOBBY,-9.086232239496894e-06,9.086232239496894e-06,T_place_LOBBY,False
lag_08__CT_place_BALCONY,-9.08246965991566e-06,9.08246965991566e-06,CT_place_BALCONY,False
lag_08__T_place_TMAIN,-9.076719834411051e-06,9.076719834411051e-06,T_place_TMAIN,False
lag_12__CT_place_ARAMP,-9.07554476725636e-06,9.07554476725636e-06,CT_place_ARAMP,False
lag_14__CT_place_ARAMP,-9.070671694644261e-06,9.070671694644261e-06,CT_place_ARAMP,False
lag_07__CT_place_ARAMP,-9.048943866218906e-06,9.048943866218906e-06,CT_place_ARAMP,False
lag_06__CT_place_LONGDOORS,-9.041798875841778e-06,9.041798875841778e-06,CT_place_LONGDOORS,False
lag_08__CT_place_TRUCK,-9.031646186485887e-06,9.031646186485887e-06,CT_place_TRUCK,False
lag_11__T_place_TSIDELOWER,-9.007741937239189e-06,9.007741937239189e-06,T_place_TSIDELOWER,False
lag_01__CT1__flash_duration,-9.005457286548335e-06,9.005457286548335e-06,CT1__flash_duration,True
lag_09__T_bomb_zone_count,-9.001124453789089e-06,9.001124453789089e-06,T_bomb_zone_count,False
lag_12__T4__duck_amount,-8.99572842172347e-06,8.99572842172347e-06,T4__duck_amount,False
lag_06__T_place_SECONDMID,-8.994865311251488e-06,8.994865311251488e-06,T_place_SECONDMID,False
lag_02__T_closest_enemy_dist,-8.99156839295756e-06,8.99156839295756e-06,T_closest_enemy_dist,False
lag_10__CT_place_SIDEENTRANCE,-8.986763532448094e-06,8.986763532448094e-06,CT_place_SIDEENTRANCE,False
lag_08__CT_place_ARAMP,-8.979380254459102e-06,8.979380254459102e-06,CT_place_ARAMP,False
lag_11__CT2__is_scoped,-8.978755431598984e-06,8.978755431598984e-06,CT2__is_scoped,False
lag_01__T_B_site_active_infernos,8.973973308457062e-06,8.973973308457062e-06,T_B_site_active_infernos,True
lag_13__CT_place_SIDEENTRANCE,-8.958445505413692e-06,8.958445505413692e-06,CT_place_SIDEENTRANCE,False
lag_01__T_place_RAMP,-8.94458298716927e-06,8.94458298716927e-06,T_place_RAMP,False
lag_02__CT_place_RUINS,-8.943277862272225e-06,8.943277862272225e-06,CT_place_RUINS,False
lag_06__T_place_UNDERPASS,-8.940845873439685e-06,8.940845873439685e-06,T_place_UNDERPASS,False
lag_06__T3__flash_duration,-8.939337021729443e-06,8.939337021729443e-06,T3__flash_duration,True
lag_05__CT_place_MIDDOORS,-8.930604963097721e-06,8.930604963097721e-06,CT_place_MIDDOORS,False
lag_15__CT_place_RUINS,-8.912862540455535e-06,8.912862540455535e-06,CT_place_RUINS,False
lag_03__CT_place_RUINS,-8.906988114176784e-06,8.906988114176784e-06,CT_place_RUINS,False
lag_10__CT_place_LONGDOORS,-8.898874511942267e-06,8.898874511942267e-06,CT_place_LONGDOORS,False
lag_01__T_place_BACKOFB,-8.898766282072756e-06,8.898766282072756e-06,T_place_BACKOFB,False
lag_01__T_damage_last_5s,-8.884382623364218e-06,8.884382623364218e-06,T_damage_last_5s,False
lag_06__CT_place_PALACEINTERIOR,-8.877536856743973e-06,8.877536856743973e-06,CT_place_PALACEINTERIOR,False
lag_11__T_place_LONGDOORS,-8.875239473127294e-06,8.875239473127294e-06,T_place_LONGDOORS,False
lag_13__CT_place_LONGDOORS,-8.870838428265415e-06,8.870838428265415e-06,CT_place_LONGDOORS,False
lag_04__CT5__is_scoped,-8.859276931616478e-06,8.859276931616478e-06,CT5__is_scoped,False
lag_09__T_place_TUNNELS,-8.856091881170869e-06,8.856091881170869e-06,T_place_TUNNELS,False
lag_10__T_place_SECONDMID,-8.852684914018027e-06,8.852684914018027e-06,T_place_SECONDMID,False
lag_12__CT_place_JUNGLE,-8.833496394800022e-06,8.833496394800022e-06,CT_place_JUNGLE,False
lag_11__T_place_PALACEALLEY,-8.830236765788868e-06,8.830236765788868e-06,T_place_PALACEALLEY,False
lag_14__CT_place_JUNGLE,-8.828753379930276e-06,8.828753379930276e-06,CT_place_JUNGLE,False
lag_13__T_place_SECONDMID,-8.82479980646167e-06,8.82479980646167e-06,T_place_SECONDMID,False
lag_06__CT5__flash_duration,-8.809279279375914e-06,8.809279279375914e-06,CT5__flash_duration,True
lag_07__CT_place_JUNGLE,-8.807606718619354e-06,8.807606718619354e-06,CT_place_JUNGLE,False
lag_10__T_place_UNDERPASS,-8.799512215773575e-06,8.799512215773575e-06,T_place_UNDERPASS,False
lag_10__T3__flash_duration,-8.798034286883194e-06,8.798034286883194e-06,T3__flash_duration,True
lag_11__T_place_LOWERTUNNEL,-8.795761459623463e-06,8.795761459623463e-06,T_place_LOWERTUNNEL,False
lag_11__CT_place_WALKWAY,-8.780553798715118e-06,8.780553798715118e-06,CT_place_WALKWAY,False
lag_11__T2__Y,-8.775449714448769e-06,8.775449714448769e-06,T2__Y,False
lag_13__T_place_UNDERPASS,-8.771795364737045e-06,8.771795364737045e-06,T_place_UNDERPASS,False
lag_13__T3__flash_duration,-8.770323802309576e-06,8.770323802309576e-06,T3__flash_duration,True
lag_04__CT_cash_spent_round_sum,-8.76878675626358e-06,8.76878675626358e-06,CT_cash_spent_round_sum,False
lag_01__CT_place_EXTENDEDA,-8.764273843553383e-06,8.764273843553383e-06,CT_place_EXTENDEDA,False
lag_05__T_place_OUTSIDELONG,-8.76357444212772e-06,8.76357444212772e-06,T_place_OUTSIDELONG,False
lag_12__CT1__shots_fired,8.74480974744074e-06,8.74480974744074e-06,CT1__shots_fired,False
lag_08__CT_place_JUNGLE,-8.73990029504057e-06,8.73990029504057e-06,CT_place_JUNGLE,False
lag_10__CT_place_PALACEINTERIOR,-8.737215466680937e-06,8.737215466680937e-06,CT_place_PALACEINTERIOR,False
lag_06__CT2__flash_duration,-8.715590411156882e-06,8.715590411156882e-06,CT2__flash_duration,True
lag_13__CT_place_PALACEINTERIOR,-8.709686881047674e-06,8.709686881047674e-06,CT_place_PALACEINTERIOR,False
lag_05__T_flash_alpha_mean,8.702337254362646e-06,8.702337254362646e-06,T_flash_alpha_mean,True
lag_09__CT_place_BDOORS,-8.694928510522004e-06,8.694928510522004e-06,CT_place_BDOORS,False
lag_10__T3__is_walking,8.69261293701129e-06,8.69261293701129e-06,T3__is_walking,False
lag_05__CT_flash_alpha_mean,8.691711627761833e-06,8.691711627761833e-06,CT_flash_alpha_mean,True
lag_10__CT5__flash_duration,-8.670033821545076e-06,8.670033821545076e-06,CT5__flash_duration,True
lag_12__T_place_RAMP,-8.66459868120728e-06,8.66459868120728e-06,T_place_RAMP,False
lag_14__T_place_RAMP,-8.659946615807712e-06,8.659946615807712e-06,T_place_RAMP,False
lag_11__CT_place_HEAVEN,-8.657664693600964e-06,8.657664693600964e-06,CT_place_HEAVEN,False
lag_13__CT5__flash_duration,-8.642717148177326e-06,8.642717148177326e-06,CT5__flash_duration,True
lag_07__T_place_RAMP,-8.639207408123184e-06,8.639207408123184e-06,T_place_RAMP,False
lag_12__T_place_BACKOFB,-8.620211701781955e-06,8.620211701781955e-06,T_place_BACKOFB,False
lag_14__T_place_BACKOFB,-8.615585102234036e-06,8.615585102234036e-06,T_place_BACKOFB,False
lag_01__CT_place_LOWERPARK,-8.604829417890869e-06,8.604829417890869e-06,CT_place_LOWERPARK,False
lag_11__CT_place_RAFTERS,-8.602255547884852e-06,8.602255547884852e-06,CT_place_RAFTERS,False
lag_05__T_place_TRAMP,-8.595971848990303e-06,8.595971848990303e-06,T_place_TRAMP,False
lag_07__T_place_BACKOFB,-8.594945029472001e-06,8.594945029472001e-06,T_place_BACKOFB,False
lag_06__T_place_CONNECTOR,8.586273906985298e-06,8.586273906985298e-06,T_place_CONNECTOR,False
lag_10__CT2__flash_duration,-8.577819244237617e-06,8.577819244237617e-06,CT2__flash_duration,True
lag_06__CT3__flash_duration,-8.574648745707236e-06,8.574648745707236e-06,CT3__flash_duration,True
lag_08__T_place_RAMP,-8.572790648031514e-06,8.572790648031514e-06,T_place_RAMP,False
lag_09__T_place_TSIDELOWER,-8.562611583329272e-06,8.562611583329272e-06,T_place_TSIDELOWER,False
lag_13__CT2__flash_duration,-8.550800885132048e-06,8.550800885132048e-06,CT2__flash_duration,True
lag_06__CT_place_HOUSE,-8.547091965738218e-06,8.547091965738218e-06,CT_place_HOUSE,False
lag_11__T3__is_scoped,-8.544616321159992e-06,8.544616321159992e-06,T3__is_scoped,False
lag_05__T_place_RUINS,-8.543926014681347e-06,8.543926014681347e-06,T_place_RUINS,False
lag_11__CT_place_MINI,-8.540223461750429e-06,8.540223461750429e-06,CT_place_MINI,False
lag_05__CT_place_CONNECTOR,-8.536188943253364e-06,8.536188943253364e-06,CT_place_CONNECTOR,False
lag_09__CT2__is_scoped,-8.53505298437085e-06,8.53505298437085e-06,CT2__is_scoped,False
lag_06__CT4__flash_duration,-8.532982974429615e-06,8.532982974429615e-06,CT4__flash_duration,True
lag_08__T_place_BACKOFB,-8.528882972314022e-06,8.528882972314022e-06,T_place_BACKOFB,False
lag_06__CT_place_SIDEHALL,-8.524025361111853e-06,8.524025361111853e-06,CT_place_SIDEHALL,False
lag_06__T_place_CANAL,-8.50025207910221e-06,8.50025207910221e-06,T_place_CANAL,False
lag_01__T_place_ROOF,-8.497987437294796e-06,8.497987437294796e-06,T_place_ROOF,False
lag_12__CT_place_EXTENDEDA,-8.48993022373179e-06,8.48993022373179e-06,CT_place_EXTENDEDA,False
lag_06__T1__is_scoped,-8.488639650749974e-06,8.488639650749974e-06,T1__is_scoped,False
lag_01__CT_place_BACKOFB,-8.486866136081517e-06,8.486866136081517e-06,CT_place_BACKOFB,False
lag_14__CT_place_EXTENDEDA,-8.485370926791802e-06,8.485370926791802e-06,CT_place_EXTENDEDA,False
lag_05__T4__is_scoped,-8.466101462545339e-06,8.466101462545339e-06,T4__is_scoped,False
lag_07__CT_place_EXTENDEDA,-8.465052815154195e-06,8.465052815154195e-06,CT_place_EXTENDEDA,False
lag_10__CT3__flash_duration,-8.439111297775526e-06,8.439111297775526e-06,CT3__flash_duration,True
lag_09__T_place_LONGDOORS,-8.436660209554248e-06,8.436660209554248e-06,T_place_LONGDOORS,False
lag_02__CT_place_SIDEENTRANCE,-8.435288691543974e-06,8.435288691543974e-06,CT_place_SIDEENTRANCE,False
lag_01__CT_place_HUTROOF,-8.424561201536562e-06,8.424561201536562e-06,CT_place_HUTROOF,False
lag_13__CT3__flash_duration,-8.412527677137405e-06,8.412527677137405e-06,CT3__flash_duration,True
lag_10__CT_place_HOUSE,-8.411988346779253e-06,8.411988346779253e-06,CT_place_HOUSE,False
lag_11__T_place_ALLEY,-8.409131623920985e-06,8.409131623920985e-06,T_place_ALLEY,False
lag_01__T_place_SILO,-8.406864253629465e-06,8.406864253629465e-06,T_place_SILO,False
lag_15__CT_place_SIDEENTRANCE,-8.40661050460767e-06,8.40661050460767e-06,CT_place_SIDEENTRANCE,False
lag_03__CT_place_SIDEENTRANCE,-8.401064405916259e-06,8.401064405916259e-06,CT_place_SIDEENTRANCE,False
lag_08__CT_place_EXTENDEDA,-8.39997210277943e-06,8.39997210277943e-06,CT_place_EXTENDEDA,False
lag_10__CT4__flash_duration,-8.39810491015669e-06,8.39810491015669e-06,CT4__flash_duration,True
lag_01__CT_place_GARAGE,-8.394055839744397e-06,8.394055839744397e-06,CT_place_GARAGE,False
lag_09__T_place_PALACEALLEY,-8.393876669288147e-06,8.393876669288147e-06,T_place_PALACEALLEY,False
lag_10__CT_place_SIDEHALL,-8.389289178012405e-06,8.389289178012405e-06,CT_place_SIDEHALL,False
lag_05__T_place_PALACEINTERIOR,-8.38560845295433e-06,8.38560845295433e-06,T_place_PALACEINTERIOR,False
lag_13__CT_place_HOUSE,-8.385484761674888e-06,8.385484761674888e-06,CT_place_HOUSE,False
lag_01__T_place_CTSPAWN,-8.384606189792976e-06,8.384606189792976e-06,T_place_CTSPAWN,False
lag_05__T_place_TSIDEUPPER,-8.37625157146249e-06,8.37625157146249e-06,T_place_TSIDEUPPER,False
lag_13__CT4__flash_duration,-8.37165043776622e-06,8.37165043776622e-06,CT4__flash_duration,True
lag_10__T_place_CANAL,-8.365898793272208e-06,8.365898793272208e-06,T_place_CANAL,False
lag_13__CT_place_SIDEHALL,-8.362865628441796e-06,8.362865628441796e-06,CT_place_SIDEHALL,False
lag_09__T_place_LOWERTUNNEL,-8.361111213162076e-06,8.361111213162076e-06,T_place_LOWERTUNNEL,False
lag_10__T1__is_scoped,-8.354463716386817e-06,8.354463716386817e-06,T1__is_scoped,False
lag_02__CT_place_LONGDOORS,-8.352799341082573e-06,8.352799341082573e-06,CT_place_LONGDOORS,False
lag_09__CT_place_WALKWAY,-8.346648428414483e-06,8.346648428414483e-06,CT_place_WALKWAY,False
lag_13__T_place_CANAL,-8.33954254630953e-06,8.33954254630953e-06,T_place_CANAL,False
lag_12__CT_place_LOWERPARK,-8.335488928423729e-06,8.335488928423729e-06,CT_place_LOWERPARK,False
lag_14__CT_place_LOWERPARK,-8.3310114860069e-06,8.3310114860069e-06,CT_place_LOWERPARK,False
lag_13__T1__is_scoped,-8.328151125169825e-06,8.328151125169825e-06,T1__is_scoped,False
lag_15__CT_place_LONGDOORS,-8.324396731040906e-06,8.324396731040906e-06,CT_place_LONGDOORS,False
lag_06__T_bomb_zone_count,-8.320271263073664e-06,8.320271263073664e-06,T_bomb_zone_count,False
lag_03__CT_place_LONGDOORS,-8.318907930515707e-06,8.318907930515707e-06,CT_place_LONGDOORS,False
lag_07__CT_place_LOWERPARK,-8.311056262755301e-06,8.311056262755301e-06,CT_place_LOWERPARK,False
lag_02__T_place_SECONDMID,-8.309445547638461e-06,8.309445547638461e-06,T_place_SECONDMID,False
lag_15__T_place_SECONDMID,-8.281188456749078e-06,8.281188456749078e-06,T_place_SECONDMID,False
lag_01__CT4__duck_amount,8.276993867184501e-06,8.276993867184501e-06,CT4__duck_amount,False
lag_03__T_place_SECONDMID,-8.27573148853844e-06,8.27573148853844e-06,T_place_SECONDMID,False
lag_05__CT_place_UNDERA,-8.269422323792242e-06,8.269422323792242e-06,CT_place_UNDERA,False
lag_11__CT_place_BALCONY,-8.26387622510083e-06,8.26387622510083e-06,CT_place_BALCONY,False
lag_02__T_place_UNDERPASS,-8.259539754362777e-06,8.259539754362777e-06,T_place_UNDERPASS,False
lag_11__T_place_TMAIN,-8.25864844955504e-06,8.25864844955504e-06,T_place_TMAIN,False
lag_02__T3__flash_duration,-8.258145498984959e-06,8.258145498984959e-06,T3__flash_duration,True
lag_06__T_burning_players,-8.251568942796439e-06,8.251568942796439e-06,T_burning_players,False
lag_08__CT_place_LOWERPARK,-8.247162440966349e-06,8.247162440966349e-06,CT_place_LOWERPARK,False
lag_01__CT_place_LIBRARY,-8.236090252466965e-06,8.236090252466965e-06,CT_place_LIBRARY,False
lag_12__T_place_ROOF,-8.231985702877864e-06,8.231985702877864e-06,T_place_ROOF,False
lag_15__T_place_UNDERPASS,-8.231450919993222e-06,8.231450919993222e-06,T_place_UNDERPASS,False
lag_05__CT_place_BANANA,-8.230707862821873e-06,8.230707862821873e-06,CT_place_BANANA,False
lag_15__T3__flash_duration,-8.230067578551825e-06,8.230067578551825e-06,T3__flash_duration,True
lag_09__CT_place_HEAVEN,-8.22982929093996e-06,8.22982929093996e-06,CT_place_HEAVEN,False
lag_14__T_place_ROOF,-8.227564649132546e-06,8.227564649132546e-06,T_place_ROOF,False
lag_03__T_place_UNDERPASS,-8.226021236623637e-06,8.226021236623637e-06,T_place_UNDERPASS,False
lag_03__T3__flash_duration,-8.224639714171644e-06,8.224639714171644e-06,T3__flash_duration,True
lag_04__T_A_site_active_infernos,-8.222060387197416e-06,8.222060387197416e-06,T_A_site_active_infernos,True
lag_05__T5__is_scoped,-8.221609277825337e-06,8.221609277825337e-06,T5__is_scoped,False
lag_12__CT_place_BACKOFB,-8.221212738135364e-06,8.221212738135364e-06,CT_place_BACKOFB,False
lag_06__CT3__hp,-8.219155461119954e-06,8.219155461119954e-06,CT3__hp,False
lag_11__CT_place_TRUCK,-8.217623872042168e-06,8.217623872042168e-06,CT_place_TRUCK,False
lag_14__CT_place_BACKOFB,-8.216798050852958e-06,8.216798050852958e-06,CT_place_BACKOFB,False
lag_08__T5__flash_duration,-8.210779014916625e-06,8.210779014916625e-06,T5__flash_duration,True
lag_07__T_place_ROOF,-8.207855898945127e-06,8.207855898945127e-06,T_place_ROOF,False
lag_05__CT_place_OUTSIDE,-8.204237019526772e-06,8.204237019526772e-06,CT_place_OUTSIDE,False
lag_02__CT_place_PALACEINTERIOR,-8.201047421607655e-06,8.201047421607655e-06,CT_place_PALACEINTERIOR,False
lag_07__CT_place_BACKOFB,-8.197117495001294e-06,8.197117495001294e-06,CT_place_BACKOFB,False
lag_10__T_bomb_zone_count,-8.188757419702597e-06,8.188757419702597e-06,T_bomb_zone_count,False
lag_01__T_place_BRIDGE,-8.187559615180362e-06,8.187559615180362e-06,T_place_BRIDGE,False
lag_06__T_place_TUNNELS,-8.186212653527036e-06,8.186212653527036e-06,T_place_TUNNELS,False
lag_13__CT2__shots_fired,-8.185314072761685e-06,8.185314072761685e-06,CT2__shots_fired,False
lag_07__T_B_site_active_smokes,8.180995791917667e-06,8.180995791917667e-06,T_B_site_active_smokes,True
lag_09__CT_place_RAFTERS,-8.177158633770887e-06,8.177158633770887e-06,CT_place_RAFTERS,False
lag_05__T5__flash_duration,8.174484719347674e-06,8.174484719347674e-06,T5__flash_duration,True
lag_01__T_place_SQUEAKY,-8.174089089152403e-06,8.174089089152403e-06,T_place_SQUEAKY,False
lag_15__CT_place_PALACEINTERIOR,-8.173167771019507e-06,8.173167771019507e-06,CT_place_PALACEINTERIOR,False
lag_11__CT_place_ARAMP,-8.17008094600169e-06,8.17008094600169e-06,CT_place_ARAMP,False
lag_03__CT_place_PALACEINTERIOR,-8.167775376932696e-06,8.167775376932696e-06,CT_place_PALACEINTERIOR,False
lag_13__T_bomb_zone_count,-8.162956874002703e-06,8.162956874002703e-06,T_bomb_zone_count,False
lag_12__CT_place_HUTROOF,-8.160859579220414e-06,8.160859579220414e-06,CT_place_HUTROOF,False
lag_01__CT_place_SHORTSTAIRS,-8.159418939612806e-06,8.159418939612806e-06,CT_place_SHORTSTAIRS,False
lag_14__CT_place_HUTROOF,-8.156479452736676e-06,8.156479452736676e-06,CT_place_HUTROOF,False
lag_13__T_spread_xy,-8.15266503195744e-06,8.15266503195744e-06,T_spread_xy,False
lag_08__T_place_ROOF,-8.144760613504332e-06,8.144760613504332e-06,T_place_ROOF,False
lag_12__T_place_SILO,-8.143716513586696e-06,8.143716513586696e-06,T_place_SILO,False
lag_14__T_place_SILO,-8.139339115587063e-06,8.139339115587063e-06,T_place_SILO,False
lag_02__CT5__flash_duration,-8.137992153933737e-06,8.137992153933737e-06,CT5__flash_duration,True
lag_07__CT_place_HUTROOF,-8.136945325531997e-06,8.136945325531997e-06,CT_place_HUTROOF,False
lag_08__CT_place_BACKOFB,-8.13409951661015e-06,8.13409951661015e-06,CT_place_BACKOFB,False
lag_01__bomb_events_last_5s,-8.131977665470913e-06,8.131977665470913e-06,bomb_events_last_5s,False
lag_12__CT_place_GARAGE,-8.131302820402198e-06,8.131302820402198e-06,CT_place_GARAGE,False
lag_05__CT_place_TOPOFMID,-8.128644367388915e-06,8.128644367388915e-06,CT_place_TOPOFMID,False
lag_14__CT_place_GARAGE,-8.126936336338986e-06,8.126936336338986e-06,CT_place_GARAGE,False
lag_09__closest_enemy_dist_diff,8.124823580146767e-06,8.124823580146767e-06,closest_enemy_dist_diff,False
lag_09__T3__is_scoped,-8.122371582430787e-06,8.122371582430787e-06,T3__is_scoped,False
lag_12__T_place_CTSPAWN,-8.122160579659976e-06,8.122160579659976e-06,T_place_CTSPAWN,False
lag_07__T_place_SILO,-8.11984409665456e-06,8.11984409665456e-06,T_place_SILO,False
lag_09__CT_place_MINI,-8.118191544781439e-06,8.118191544781439e-06,CT_place_MINI,False
lag_14__T_place_CTSPAWN,-8.117798643070273e-06,8.117798643070273e-06,T_place_CTSPAWN,False
lag_15__CT5__flash_duration,-8.110324415611103e-06,8.110324415611103e-06,CT5__flash_duration,True
lag_07__CT_place_GARAGE,-8.107474059215747e-06,8.107474059215747e-06,CT_place_GARAGE,False
lag_03__CT5__flash_duration,-8.104976586764678e-06,8.104976586764678e-06,CT5__flash_duration,True
lag_07__T_place_CTSPAWN,-8.098356374830473e-06,8.098356374830473e-06,T_place_CTSPAWN,False
lag_08__CT_place_HUTROOF,-8.074390279944055e-06,8.074390279944055e-06,CT_place_HUTROOF,False
lag_04__T_place_APARTMENTS,-8.070043804764282e-06,8.070043804764282e-06,T_place_APARTMENTS,False
lag_01__T_place_MIDDOORS,-8.061952030402608e-06,8.061952030402608e-06,T_place_MIDDOORS,False
lag_08__T_place_SILO,-8.057422746787779e-06,8.057422746787779e-06,T_place_SILO,False
lag_10__T_place_TUNNELS,-8.0568179328111e-06,8.0568179328111e-06,T_place_TUNNELS,False
lag_02__CT2__flash_duration,-8.051448276091833e-06,8.051448276091833e-06,CT2__flash_duration,True
lag_01__T_place_MAINHALL,-8.047129995247815e-06,8.047129995247815e-06,T_place_MAINHALL,False
lag_08__CT_place_GARAGE,-8.045143658819143e-06,8.045143658819143e-06,CT_place_GARAGE,False
lag_04__CT3__shots_fired,-8.043248271860648e-06,8.043248271860648e-06,CT3__shots_fired,False
lag_06__CT_place_BDOORS,-8.037245606828947e-06,8.037245606828947e-06,CT_place_BDOORS,False
lag_08__T_place_CTSPAWN,-8.036102371988818e-06,8.036102371988818e-06,T_place_CTSPAWN,False
lag_13__T_place_TUNNELS,-8.031437573663425e-06,8.031437573663425e-06,T_place_TUNNELS,False
lag_15__CT2__flash_duration,-8.02406884758966e-06,8.02406884758966e-06,CT2__flash_duration,True
lag_03__CT2__flash_duration,-8.018778316909447e-06,8.018778316909447e-06,CT2__flash_duration,True
lag_05__T_smoke_inv,-7.998913133633323e-06,7.998913133633323e-06,T_smoke_inv,True
lag_09__T_place_ALLEY,-7.993580766196828e-06,7.993580766196828e-06,T_place_ALLEY,False
lag_01__CT_place_ADMIN,-7.990895937837195e-06,7.990895937837195e-06,CT_place_ADMIN,False
lag_12__CT_place_LIBRARY,-7.978286703291815e-06,7.978286703291815e-06,CT_place_LIBRARY,False
lag_14__CT_place_LIBRARY,-7.974000254762359e-06,7.974000254762359e-06,CT_place_LIBRARY,False
lag_01__T_place_SIDEENTRANCE,-7.96025778981857e-06,7.96025778981857e-06,T_place_SIDEENTRANCE,False
lag_07__CT_place_LIBRARY,-7.954899956530426e-06,7.954899956530426e-06,CT_place_LIBRARY,False
lag_11__CT_place_JUNGLE,-7.952182386361528e-06,7.952182386361528e-06,CT_place_JUNGLE,False
lag_05__CT_place_ARCH,-7.950968210934661e-06,7.950968210934661e-06,CT_place_ARCH,False
lag_04__CT5__hp,-7.937054760986939e-06,7.937054760986939e-06,CT5__hp,False
lag_05__CT_place_PIT,-7.935842404549476e-06,7.935842404549476e-06,CT_place_PIT,False
lag_12__T_place_BRIDGE,-7.93127401266247e-06,7.93127401266247e-06,T_place_BRIDGE,False
lag_14__T_place_BRIDGE,-7.92701121099526e-06,7.92701121099526e-06,T_place_BRIDGE,False
lag_05__CT_utility_inv,-7.926617399789393e-06,7.926617399789393e-06,CT_utility_inv,True
lag_02__CT3__flash_duration,-7.921251381048933e-06,7.921251381048933e-06,CT3__flash_duration,True
lag_03__CT_hp_sum,-7.92100399849005e-06,7.92100399849005e-06,CT_hp_sum,False
lag_12__T_place_SQUEAKY,-7.918229130154941e-06,7.918229130154941e-06,T_place_SQUEAKY,False
lag_06__T_place_TSIDELOWER,-7.91493039287161e-06,7.91493039287161e-06,T_place_TSIDELOWER,False
lag_14__T_place_SQUEAKY,-7.913977242424153e-06,7.913977242424153e-06,T_place_SQUEAKY,False
lag_10__CT_place_BDOORS,-7.910203748906497e-06,7.910203748906497e-06,CT_place_BDOORS,False
lag_07__T_place_BRIDGE,-7.908029147074558e-06,7.908029147074558e-06,T_place_BRIDGE,False
lag_12__CT_place_SHORTSTAIRS,-7.904014637460932e-06,7.904014637460932e-06,CT_place_SHORTSTAIRS,False
lag_14__CT_place_SHORTSTAIRS,-7.899770025687758e-06,7.899770025687758e-06,CT_place_SHORTSTAIRS,False
lag_02__CT_place_HOUSE,-7.895782800915185e-06,7.895782800915185e-06,CT_place_HOUSE,False
lag_07__T_place_SQUEAKY,-7.895019734860398e-06,7.895019734860398e-06,T_place_SQUEAKY,False
lag_15__CT3__flash_duration,-7.894308510003611e-06,7.894308510003611e-06,CT3__flash_duration,True
lag_08__CT_place_LIBRARY,-7.89374826126732e-06,7.89374826126732e-06,CT_place_LIBRARY,False
lag_06__CT2__is_scoped,-7.889463631727267e-06,7.889463631727267e-06,CT2__is_scoped,False
lag_03__CT3__flash_duration,-7.889108928793576e-06,7.889108928793576e-06,CT3__flash_duration,True
lag_13__CT_place_BDOORS,-7.885277227615006e-06,7.885277227615006e-06,CT_place_BDOORS,False
lag_02__CT4__flash_duration,-7.882750651333481e-06,7.882750651333481e-06,CT4__flash_duration,True
lag_07__CT_place_SHORTSTAIRS,-7.880846169427969e-06,7.880846169427969e-06,CT_place_SHORTSTAIRS,False
lag_05__T_place_UPPERTUNNEL,-7.87847147876164e-06,7.87847147876164e-06,T_place_UPPERTUNNEL,False
lag_02__CT_place_SIDEHALL,-7.874476978031453e-06,7.874476978031453e-06,CT_place_SIDEHALL,False
lag_15__CT_place_HOUSE,-7.868938155297656e-06,7.868938155297656e-06,CT_place_HOUSE,False
lag_05__T_place_LOBBY,-7.866635314712767e-06,7.866635314712767e-06,T_place_LOBBY,False
lag_03__CT_place_HOUSE,-7.86374857852934e-06,7.86374857852934e-06,CT_place_HOUSE,False
lag_15__CT4__flash_duration,-7.855953299440444e-06,7.855953299440444e-06,CT4__flash_duration,True
lag_09__CT_place_BALCONY,-7.855504009057768e-06,7.855504009057768e-06,CT_place_BALCONY,False
lag_02__T_place_CANAL,-7.852517228457145e-06,7.852517228457145e-06,T_place_CANAL,False
lag_03__CT4__flash_duration,-7.850776455597952e-06,7.850776455597952e-06,CT4__flash_duration,True
lag_09__T_place_TMAIN,-7.850536348996684e-06,7.850536348996684e-06,T_place_TMAIN,False
lag_15__CT_place_SIDEHALL,-7.847708729968872e-06,7.847708729968872e-06,CT_place_SIDEHALL,False
lag_08__T_place_BRIDGE,-7.847240340197459e-06,7.847240340197459e-06,T_place_BRIDGE,False
lag_03__CT_place_SIDEHALL,-7.842530067136977e-06,7.842530067136977e-06,CT_place_SIDEHALL,False
lag_02__T1__is_scoped,-7.841792466933839e-06,7.841792466933839e-06,T1__is_scoped,False
lag_08__T_place_SQUEAKY,-7.83432915341109e-06,7.83432915341109e-06,T_place_SQUEAKY,False
lag_11__CT5__is_walking,7.833771633158904e-06,7.833771633158904e-06,CT5__is_walking,False
lag_15__T_place_CANAL,-7.825821739970706e-06,7.825821739970706e-06,T_place_CANAL,False
lag_01__T_place_LOWERMID,-7.822049155947752e-06,7.822049155947752e-06,T_place_LOWERMID,False
lag_03__T_place_CANAL,-7.820661267032847e-06,7.820661267032847e-06,T_place_CANAL,False
lag_08__CT_place_SHORTSTAIRS,-7.820264727342874e-06,7.820264727342874e-06,CT_place_SHORTSTAIRS,False
lag_15__T1__is_scoped,-7.815129720256664e-06,7.815129720256664e-06,T1__is_scoped,False
lag_01__CT_place_WATER,-7.813233423803467e-06,7.813233423803467e-06,CT_place_WATER,False
lag_07__closest_enemy_dist_diff,7.81298876972869e-06,7.81298876972869e-06,closest_enemy_dist_diff,False
lag_09__CT_place_TRUCK,-7.81154176365817e-06,7.81154176365817e-06,CT_place_TRUCK,False
lag_03__T1__is_scoped,-7.809975613781717e-06,7.809975613781717e-06,T1__is_scoped,False
lag_12__T_place_MIDDOORS,-7.809597263985779e-06,7.809597263985779e-06,T_place_MIDDOORS,False
lag_14__T_place_MIDDOORS,-7.805404493410606e-06,7.805404493410606e-06,T_place_MIDDOORS,False
lag_11__T_place_RAMP,-7.80013851908734e-06,7.80013851908734e-06,T_place_RAMP,False
lag_06__T_place_LONGDOORS,-7.798507795087062e-06,7.798507795087062e-06,T_place_LONGDOORS,False
lag_12__T_place_MAINHALL,-7.795240890118293e-06,7.795240890118293e-06,T_place_MAINHALL,False
lag_14__T_place_MAINHALL,-7.791059033479542e-06,7.791059033479542e-06,T_place_MAINHALL,False
lag_10__T_place_TSIDELOWER,-7.789824849169236e-06,7.789824849169236e-06,T_place_TSIDELOWER,False
lag_07__T_place_MIDDOORS,-7.786711648805067e-06,7.786711648805067e-06,T_place_MIDDOORS,False
lag_07__T_place_MAINHALL,-7.772394383209758e-06,7.772394383209758e-06,T_place_MAINHALL,False
lag_09__CT_place_ARAMP,-7.76634260546416e-06,7.76634260546416e-06,CT_place_ARAMP,False
lag_13__T_place_TSIDELOWER,-7.765283953631297e-06,7.765283953631297e-06,T_place_TSIDELOWER,False
lag_10__CT2__is_scoped,-7.764756446704268e-06,7.764756446704268e-06,CT2__is_scoped,False
lag_01__T_place_LONGDOG,-7.764460860926192e-06,7.764460860926192e-06,T_place_LONGDOG,False
lag_11__T_place_BACKOFB,-7.760180778859649e-06,7.760180778859649e-06,T_place_BACKOFB,False
lag_06__T_place_PALACEALLEY,-7.758964784443378e-06,7.758964784443378e-06,T_place_PALACEALLEY,False
lag_04__CT_place_RAMP,-7.75582066125935e-06,7.75582066125935e-06,CT_place_RAMP,False
lag_04__T2__shots_fired,-7.751184966764413e-06,7.751184966764413e-06,T2__shots_fired,False
lag_12__CT3__molly,-7.744163667666726e-06,7.744163667666726e-06,CT3__molly,True
lag_12__CT_place_ADMIN,-7.740770342934411e-06,7.740770342934411e-06,CT_place_ADMIN,False
lag_13__CT2__is_scoped,-7.740294677205384e-06,7.740294677205384e-06,CT2__is_scoped,False
lag_14__CT_place_ADMIN,-7.73661486164201e-06,7.73661486164201e-06,CT_place_ADMIN,False
lag_06__T_place_LOWERTUNNEL,-7.728672244411428e-06,7.728672244411428e-06,T_place_LOWERTUNNEL,False
lag_08__T_place_MIDDOORS,-7.726849617029075e-06,7.726849617029075e-06,T_place_MIDDOORS,False
lag_07__CT_place_ADMIN,-7.718082997598685e-06,7.718082997598685e-06,CT_place_ADMIN,False
lag_06__CT_place_WALKWAY,-7.71530540077947e-06,7.71530540077947e-06,CT_place_WALKWAY,False
lag_08__T_place_MAINHALL,-7.712646038271487e-06,7.712646038271487e-06,T_place_MAINHALL,False
lag_05__CT_place_RUINS,-7.711449143243954e-06,7.711449143243954e-06,CT_place_RUINS,False
lag_12__T_place_SIDEENTRANCE,-7.711084435868543e-06,7.711084435868543e-06,T_place_SIDEENTRANCE,False
lag_14__T_place_SIDEENTRANCE,-7.706945325480774e-06,7.706945325480774e-06,T_place_SIDEENTRANCE,False
lag_00__CT_equip_value_sum,7.701065442233812e-06,7.701065442233812e-06,CT_equip_value_sum,False
lag_11__T1__X,-7.699988600506913e-06,7.699988600506913e-06,T1__X,False
lag_07__T_place_SIDEENTRANCE,-7.688488040002994e-06,7.688488040002994e-06,T_place_SIDEENTRANCE,False
lag_02__T_bomb_zone_count,-7.686256140004843e-06,7.686256140004843e-06,T_bomb_zone_count,False
lag_03__T1__flash,7.681727765884716e-06,7.681727765884716e-06,T1__flash,True
lag_04__CT_place_MIDDLE,-7.679122973058838e-06,7.679122973058838e-06,CT_place_MIDDLE,False
lag_10__T_place_LONGDOORS,-7.675237611692864e-06,7.675237611692864e-06,T_place_LONGDOORS,False
lag_15__T_bomb_zone_count,-7.660118171770591e-06,7.660118171770591e-06,T_bomb_zone_count,False
lag_04__T3__shots_fired,-7.658797585463617e-06,7.658797585463617e-06,T3__shots_fired,False
lag_08__CT_place_ADMIN,-7.658751201233827e-06,7.658751201233827e-06,CT_place_ADMIN,False
lag_03__T_bomb_zone_count,-7.65506956668105e-06,7.65506956668105e-06,T_bomb_zone_count,False
lag_13__T_place_LONGDOORS,-7.651059604540933e-06,7.651059604540933e-06,T_place_LONGDOORS,False
lag_01__T_place_VENDING,-7.646018275409006e-06,7.646018275409006e-06,T_place_VENDING,False
lag_11__CT_place_EXTENDEDA,-7.642895980097819e-06,7.642895980097819e-06,CT_place_EXTENDEDA,False
lag_10__T_place_PALACEALLEY,-7.636317604919896e-06,7.636317604919896e-06,T_place_PALACEALLEY,False
lag_08__T_place_SIDEENTRANCE,-7.629381343576824e-06,7.629381343576824e-06,T_place_SIDEENTRANCE,False
lag_03__CT_flash_inv,7.620632004545769e-06,7.620632004545769e-06,CT_flash_inv,True
lag_08__CT1__flash,-7.613762136315927e-06,7.613762136315927e-06,CT1__flash,True
lag_13__T_place_PALACEALLEY,-7.6122660175315104e-06,7.6122660175315104e-06,T_place_PALACEALLEY,False
lag_06__CT_place_HEAVEN,-7.607325187564129e-06,7.607325187564129e-06,CT_place_HEAVEN,False
lag_10__T_place_LOWERTUNNEL,-7.606508916069288e-06,7.606508916069288e-06,T_place_LOWERTUNNEL,False
lag_10__CT_place_WALKWAY,-7.593353075208142e-06,7.593353075208142e-06,CT_place_WALKWAY,False
lag_13__T_place_LOWERTUNNEL,-7.582545094919624e-06,7.582545094919624e-06,T_place_LOWERTUNNEL,False
lag_12__T_place_LOWERMID,-7.577205451525515e-06,7.577205451525515e-06,T_place_LOWERMID,False
lag_14__T_place_LOWERMID,-7.573138645966537e-06,7.573138645966537e-06,T_place_LOWERMID,False
lag_13__CT_place_WALKWAY,-7.569428362330655e-06,7.569428362330655e-06,CT_place_WALKWAY,False
lag_12__CT_place_WATER,-7.568671207991429e-06,7.568671207991429e-06,CT_place_WATER,False
lag_04__CT_place_TUNNELS,-7.5669136094802525e-06,7.5669136094802525e-06,CT_place_TUNNELS,False
lag_14__CT_place_WATER,-7.564605766674504e-06,7.564605766674504e-06,CT_place_WATER,False
lag_02__T_place_TUNNELS,-7.562411155959126e-06,7.562411155959126e-06,T_place_TUNNELS,False
lag_09__T_cash_spent_round_sum,-7.559536697954172e-06,7.559536697954172e-06,T_cash_spent_round_sum,False
lag_09__CT_place_JUNGLE,-7.559213372587692e-06,7.559213372587692e-06,CT_place_JUNGLE,False
lag_06__CT_place_RAFTERS,-7.558634933957364e-06,7.558634933957364e-06,CT_place_RAFTERS,False
lag_07__T_place_LOWERMID,-7.554998774139676e-06,7.554998774139676e-06,T_place_LOWERMID,False
lag_07__CT_place_WATER,-7.5464863584784325e-06,7.5464863584784325e-06,CT_place_WATER,False
lag_06__CT2__smoke,-7.541312243120046e-06,7.541312243120046e-06,CT2__smoke,True
lag_15__T_place_TUNNELS,-7.536694283771794e-06,7.536694283771794e-06,T_place_TUNNELS,False
lag_03__T_place_TUNNELS,-7.531728442700114e-06,7.531728442700114e-06,T_place_TUNNELS,False
lag_14__CT_molly_inv,7.524923148594098e-06,7.524923148594098e-06,CT_molly_inv,True
lag_12__T_place_LONGDOG,-7.521413863287307e-06,7.521413863287307e-06,T_place_LONGDOG,False
lag_14__T_place_LONGDOG,-7.517375252064085e-06,7.517375252064085e-06,T_place_LONGDOG,False
lag_06__T3__is_scoped,-7.50799017623649e-06,7.50799017623649e-06,T3__is_scoped,False
lag_06__CT_place_MINI,-7.504126642743358e-06,7.504126642743358e-06,CT_place_MINI,False
lag_11__CT_place_LOWERPARK,-7.503857432311634e-06,7.503857432311634e-06,CT_place_LOWERPARK,False
lag_07__T_place_LONGDOG,-7.499368621211033e-06,7.499368621211033e-06,T_place_LONGDOG,False
lag_08__T_place_LOWERMID,-7.496921625715913e-06,7.496921625715913e-06,T_place_LOWERMID,False
lag_08__CT_place_WATER,-7.4884733294311445e-06,7.4884733294311445e-06,CT_place_WATER,False
lag_10__CT_place_HEAVEN,-7.487076800316572e-06,7.487076800316572e-06,CT_place_HEAVEN,False
lag_01__T_place_SHORTSTAIRS,-7.485270998586202e-06,7.485270998586202e-06,T_place_SHORTSTAIRS,False
lag_04__T_place_BANANA,-7.477977305825334e-06,7.477977305825334e-06,T_place_BANANA,False
lag_13__CT_place_HEAVEN,-7.463493147952249e-06,7.463493147952249e-06,CT_place_HEAVEN,False
lag_08__T_place_LONGDOG,-7.441718935297104e-06,7.441718935297104e-06,T_place_LONGDOG,False
lag_10__CT_place_RAFTERS,-7.439158252964262e-06,7.439158252964262e-06,CT_place_RAFTERS,False
lag_01__CT_place_CANAL,-7.428965091094142e-06,7.428965091094142e-06,CT_place_CANAL,False
lag_02__CT_place_BDOORS,-7.424796422128566e-06,7.424796422128566e-06,CT_place_BDOORS,False
lag_13__CT_place_RAFTERS,-7.415722848236328e-06,7.415722848236328e-06,CT_place_RAFTERS,False
lag_09__T_place_RAMP,-7.414684205286903e-06,7.414684205286903e-06,T_place_RAMP,False
lag_11__T_place_ROOF,-7.410683338093804e-06,7.410683338093804e-06,T_place_ROOF,False
lag_12__T_place_VENDING,-7.406684289890109e-06,7.406684289890109e-06,T_place_VENDING,False
lag_14__T_place_VENDING,-7.402708888548659e-06,7.402708888548659e-06,T_place_VENDING,False
lag_11__CT_place_BACKOFB,-7.40098585083615e-06,7.40098585083615e-06,CT_place_BACKOFB,False
lag_15__CT_place_BDOORS,-7.399543846986489e-06,7.399543846986489e-06,CT_place_BDOORS,False
lag_03__CT_place_BDOORS,-7.394668500637636e-06,7.394668500637636e-06,CT_place_BDOORS,False
lag_10__T3__is_scoped,-7.389315214823e-06,7.389315214823e-06,T3__is_scoped,False
lag_06__T_place_ALLEY,-7.388942321995273e-06,7.388942321995273e-06,T_place_ALLEY,False
lag_10__CT_place_MINI,-7.38551398171694e-06,7.38551398171694e-06,CT_place_MINI,False
lag_07__T_place_VENDING,-7.384975560853491e-06,7.384975560853491e-06,T_place_VENDING,False
lag_10__T_A_site_active_smokes,-7.383128831861541e-06,7.383128831861541e-06,T_A_site_active_smokes,True
lag_09__T_place_BACKOFB,-7.376698249572655e-06,7.376698249572655e-06,T_place_BACKOFB,False
lag_03__CT1__flash,7.369279501290293e-06,7.369279501290293e-06,CT1__flash,True
lag_13__T3__is_scoped,-7.366036697931122e-06,7.366036697931122e-06,T3__is_scoped,False
lag_14__CT1__has_helmet,-7.364379143837141e-06,7.364379143837141e-06,CT1__has_helmet,False
lag_13__CT_place_MINI,-7.362245014519431e-06,7.362245014519431e-06,CT_place_MINI,False
lag_00__T_utility_damage_last_5s,7.353089131356683e-06,7.353089131356683e-06,T_utility_damage_last_5s,True
lag_11__CT_place_HUTROOF,-7.346654001594288e-06,7.346654001594288e-06,CT_place_HUTROOF,False
lag_01__CT1__has_helmet,7.340317552007036e-06,7.340317552007036e-06,CT1__has_helmet,False
lag_04__CT4__shots_fired,-7.338907835219288e-06,7.338907835219288e-06,CT4__shots_fired,False
lag_11__T_place_SILO,-7.331218057515798e-06,7.331218057515798e-06,T_place_SILO,False
lag_08__T_place_VENDING,-7.328203992074123e-06,7.328203992074123e-06,T_place_VENDING,False
lag_11__CT_place_GARAGE,-7.320044915104518e-06,7.320044915104518e-06,CT_place_GARAGE,False
lag_11__T_place_CTSPAWN,-7.311816716537578e-06,7.311816716537578e-06,T_place_CTSPAWN,False
lag_02__T_place_TSIDELOWER,-7.311798071896192e-06,7.311798071896192e-06,T_place_TSIDELOWER,False
lag_14__seconds_in_round,-7.309938609978417e-06,7.309938609978417e-06,seconds_in_round,False
lag_01__CT3__hp,7.295005161722656e-06,7.295005161722656e-06,CT3__hp,False
lag_01__T_place_PIT,-7.290476787602529e-06,7.290476787602529e-06,T_place_PIT,False
lag_02__CT2__is_scoped,-7.288274446182186e-06,7.288274446182186e-06,CT2__is_scoped,False
lag_15__T_place_TSIDELOWER,-7.286938398465281e-06,7.286938398465281e-06,T_place_TSIDELOWER,False
lag_01__CT_scoped_count,7.286879736057017e-06,7.286879736057017e-06,CT_scoped_count,False
lag_03__T_place_TSIDELOWER,-7.282132173713762e-06,7.282132173713762e-06,T_place_TSIDELOWER,False
lag_01__CT_place_STAIRS,-7.275840289366897e-06,7.275840289366897e-06,CT_place_STAIRS,False
lag_05__CT_place_SIDEENTRANCE,-7.273434221133357e-06,7.273434221133357e-06,CT_place_SIDEENTRANCE,False
lag_10__T_place_ALLEY,-7.2721463766356464e-06,7.2721463766356464e-06,T_place_ALLEY,False
lag_09__CT_place_EXTENDEDA,-7.265211024787277e-06,7.265211024787277e-06,CT_place_EXTENDEDA,False
lag_15__CT2__is_scoped,-7.263489351316821e-06,7.263489351316821e-06,CT2__is_scoped,False
lag_06__CT_place_BALCONY,-7.261310656758724e-06,7.261310656758724e-06,CT_place_BALCONY,False
lag_03__CT2__is_scoped,-7.258699497469934e-06,7.258699497469934e-06,CT2__is_scoped,False
lag_06__T_place_TMAIN,-7.2567218012409285e-06,7.2567218012409285e-06,T_place_TMAIN,False
lag_01__T_place_OUTSIDETUNNEL,-7.2565617301734164e-06,7.2565617301734164e-06,T_place_OUTSIDETUNNEL,False
lag_12__T_place_SHORTSTAIRS,-7.250972885231022e-06,7.250972885231022e-06,T_place_SHORTSTAIRS,False
lag_13__T_place_ALLEY,-7.249237569340039e-06,7.249237569340039e-06,T_place_ALLEY,False
lag_14__T_place_SHORTSTAIRS,-7.24707842891803e-06,7.24707842891803e-06,T_place_SHORTSTAIRS,False
lag_13__T_molly_inv,-7.235253633552929e-06,7.235253633552929e-06,T_molly_inv,True
lag_07__T_place_SHORTSTAIRS,-7.22971890354529e-06,7.22971890354529e-06,T_place_SHORTSTAIRS,False
lag_09__T3__smoke,-7.2247271418746095e-06,7.2247271418746095e-06,T3__smoke,True
lag_06__CT_place_TRUCK,-7.220675342978211e-06,7.220675342978211e-06,CT_place_TRUCK,False
lag_03__CT_molly_inv,-7.2086218096956145e-06,7.2086218096956145e-06,CT_molly_inv,True
lag_02__T_place_LONGDOORS,-7.204251687653596e-06,7.204251687653596e-06,T_place_LONGDOORS,False
lag_05__CT_place_LONGDOORS,-7.202306278486503e-06,7.202306278486503e-06,CT_place_LONGDOORS,False
lag_12__CT_place_CANAL,-7.196423212008085e-06,7.196423212008085e-06,CT_place_CANAL,False
lag_14__CT_place_CANAL,-7.192561497504357e-06,7.192561497504357e-06,CT_place_CANAL,False
lag_11__CT_place_LIBRARY,-7.182293302321341e-06,7.182293302321341e-06,CT_place_LIBRARY,False
lag_04__CT1__is_scoped,-7.180523880379042e-06,7.180523880379042e-06,CT1__is_scoped,False
lag_15__T_place_LONGDOORS,-7.179748990893131e-06,7.179748990893131e-06,T_place_LONGDOORS,False
lag_06__CT_place_ARAMP,-7.178892701631412e-06,7.178892701631412e-06,CT_place_ARAMP,False
lag_07__CT_place_CANAL,-7.175334758358076e-06,7.175334758358076e-06,CT_place_CANAL,False
lag_03__T_place_LONGDOORS,-7.175020527938614e-06,7.175020527938614e-06,T_place_LONGDOORS,False
lag_08__T_place_SHORTSTAIRS,-7.174143320298754e-06,7.174143320298754e-06,T_place_SHORTSTAIRS,False
lag_08__CT_active_infernos,7.174039183155401e-06,7.174039183155401e-06,CT_active_infernos,True
lag_01__T_place_WATER,-7.170237950049341e-06,7.170237950049341e-06,T_place_WATER,False
lag_02__T_place_PALACEALLEY,-7.167716375988675e-06,7.167716375988675e-06,T_place_PALACEALLEY,False
lag_05__T_place_SECONDMID,-7.1649196797807235e-06,7.1649196797807235e-06,T_place_SECONDMID,False
lag_04__T4__shots_fired,-7.1510175985167734e-06,7.1510175985167734e-06,T4__shots_fired,False
lag_10__CT_place_BALCONY,-7.146533789637033e-06,7.146533789637033e-06,CT_place_BALCONY,False
lag_15__T_place_PALACEALLEY,-7.143341008486459e-06,7.143341008486459e-06,T_place_PALACEALLEY,False
lag_10__T_place_TMAIN,-7.142012236727169e-06,7.142012236727169e-06,T_place_TMAIN,False
lag_11__T_place_BRIDGE,-7.139973149605794e-06,7.139973149605794e-06,T_place_BRIDGE,False
lag_02__T_place_LOWERTUNNEL,-7.139733497751877e-06,7.139733497751877e-06,T_place_LOWERTUNNEL,False
lag_03__T_place_PALACEALLEY,-7.138634373404784e-06,7.138634373404784e-06,T_place_PALACEALLEY,False
lag_09__CT_place_LOWERPARK,-7.133045073715039e-06,7.133045073715039e-06,CT_place_LOWERPARK,False
lag_04__CT_place_ALLEY,-7.1316758294415195e-06,7.1316758294415195e-06,CT_place_ALLEY,False
lag_11__T_place_SQUEAKY,-7.128229299269151e-06,7.128229299269151e-06,T_place_SQUEAKY,False
lag_02__CT_place_WALKWAY,-7.127388016670011e-06,7.127388016670011e-06,CT_place_WALKWAY,False
lag_13__CT_place_BALCONY,-7.124020157789346e-06,7.124020157789346e-06,CT_place_BALCONY,False
lag_05__T_place_UNDERPASS,-7.1218905759451445e-06,7.1218905759451445e-06,T_place_UNDERPASS,False
lag_05__T3__flash_duration,-7.12068776920205e-06,7.12068776920205e-06,T3__flash_duration,True
lag_08__CT_place_CANAL,-7.120177997421706e-06,7.120177997421706e-06,CT_place_CANAL,False
lag_13__T_place_TMAIN,-7.1195117925526574e-06,7.1195117925526574e-06,T_place_TMAIN,False
lag_01__T_place_TSTAIRS,-7.118815119611099e-06,7.118815119611099e-06,T_place_TSTAIRS,False
lag_01__T_place_FOUNTAIN,-7.116424512787489e-06,7.116424512787489e-06,T_place_FOUNTAIN,False
lag_15__T_place_LOWERTUNNEL,-7.115457719919505e-06,7.115457719919505e-06,T_place_LOWERTUNNEL,False
lag_11__CT_place_SHORTSTAIRS,-7.115431799320504e-06,7.115431799320504e-06,CT_place_SHORTSTAIRS,False
lag_03__T_place_LOWERTUNNEL,-7.11076654624776e-06,7.11076654624776e-06,T_place_LOWERTUNNEL,False
lag_10__CT_place_TRUCK,-7.1065383053792175e-06,7.1065383053792175e-06,CT_place_TRUCK,False
lag_11__T_molly_inv,-7.103499228833243e-06,7.103499228833243e-06,T_molly_inv,True
lag_15__CT_place_WALKWAY,-7.1031499828677624e-06,7.1031499828677624e-06,CT_place_WALKWAY,False
lag_03__CT_place_WALKWAY,-7.098466994648334e-06,7.098466994648334e-06,CT_place_WALKWAY,False
lag_13__CT_place_TRUCK,-7.084153821779182e-06,7.084153821779182e-06,CT_place_TRUCK,False
lag_05__CT_place_PALACEINTERIOR,-7.0714559115003794e-06,7.0714559115003794e-06,CT_place_PALACEINTERIOR,False
lag_10__CT_place_ARAMP,-7.065421414154116e-06,7.065421414154116e-06,CT_place_ARAMP,False
lag_12__T_place_PIT,-7.062273198243929e-06,7.062273198243929e-06,T_place_PIT,False
lag_01__T_place_TUNNELSTAIRS,-7.059185008984059e-06,7.059185008984059e-06,T_place_TUNNELSTAIRS,False
lag_14__T_place_PIT,-7.058478786348132e-06,7.058478786348132e-06,T_place_PIT,False
lag_12__CT_place_STAIRS,-7.0480969043273944e-06,7.0480969043273944e-06,CT_place_STAIRS,False
lag_01__T2__is_scoped,-7.044670383038465e-06,7.044670383038465e-06,T2__is_scoped,False
lag_09__T_place_ROOF,-7.044471203698777e-06,7.044471203698777e-06,T_place_ROOF,False
lag_14__CT_place_STAIRS,-7.044308404147159e-06,7.044308404147159e-06,CT_place_STAIRS,False
lag_13__CT_place_ARAMP,-7.043160167086171e-06,7.043160167086171e-06,CT_place_ARAMP,False
lag_04__CT_place_LONGA,-7.043148343655048e-06,7.043148343655048e-06,CT_place_LONGA,False
lag_07__T_place_PIT,-7.041574008326279e-06,7.041574008326279e-06,T_place_PIT,False
lag_09__CT_place_BACKOFB,-7.0352557486330625e-06,7.0352557486330625e-06,CT_place_BACKOFB,False
lag_11__T_place_MIDDOORS,-7.030439519439824e-06,7.030439519439824e-06,T_place_MIDDOORS,False
lag_12__T_place_OUTSIDETUNNEL,-7.029419521131786e-06,7.029419521131786e-06,T_place_OUTSIDETUNNEL,False
lag_02__CT_place_HEAVEN,-7.0276314545481e-06,7.0276314545481e-06,CT_place_HEAVEN,False
lag_07__CT_place_STAIRS,-7.027437732176622e-06,7.027437732176622e-06,CT_place_STAIRS,False
lag_14__T_place_OUTSIDETUNNEL,-7.02564602761413e-06,7.02564602761413e-06,T_place_OUTSIDETUNNEL,False
lag_13__CT_armor_sum,7.018704764050199e-06,7.018704764050199e-06,CT_armor_sum,False
lag_09__T_place_SNIPERSNEST,-7.018144060566556e-06,7.018144060566556e-06,T_place_SNIPERSNEST,False
lag_11__T_place_MAINHALL,-7.0175119617488235e-06,7.0175119617488235e-06,T_place_MAINHALL,False
lag_05__CT5__flash_duration,-7.01708449923899e-06,7.01708449923899e-06,CT5__flash_duration,True
lag_07__T_place_OUTSIDETUNNEL,-7.008817647147225e-06,7.008817647147225e-06,T_place_OUTSIDETUNNEL,False
lag_01__T_place_LONGA,-7.0059168137959205e-06,7.0059168137959205e-06,T_place_LONGA,False
lag_10__molly_inv_diff,-7.005426141404314e-06,7.005426141404314e-06,molly_inv_diff,True
lag_15__CT_place_HEAVEN,-7.003736754995771e-06,7.003736754995771e-06,CT_place_HEAVEN,False
lag_03__CT_place_HEAVEN,-6.999118795647519e-06,6.999118795647519e-06,CT_place_HEAVEN,False
lag_14__T2__flash_duration,6.9898992478556465e-06,6.9898992478556465e-06,T2__flash_duration,True
lag_08__T_place_PIT,-6.987444521655561e-06,6.987444521655561e-06,T_place_PIT,False
lag_06__CT_place_JUNGLE,-6.9874322434770875e-06,6.9874322434770875e-06,CT_place_JUNGLE,False
lag_09__CT_place_HUTROOF,-6.983613275224343e-06,6.983613275224343e-06,CT_place_HUTROOF,False
lag_02__CT_place_RAFTERS,-6.982656032050727e-06,6.982656032050727e-06,CT_place_RAFTERS,False
lag_07__CT_hp_sum,-6.981778369663516e-06,6.981778369663516e-06,CT_hp_sum,False
lag_08__CT_place_STAIRS,-6.973416475375416e-06,6.973416475375416e-06,CT_place_STAIRS,False
lag_09__T_place_SILO,-6.96893494023243e-06,6.96893494023243e-06,T_place_SILO,False
lag_11__CT_place_ADMIN,-6.968476100155385e-06,6.968476100155385e-06,CT_place_ADMIN,False
lag_15__CT_place_RAFTERS,-6.958911853871541e-06,6.958911853871541e-06,CT_place_RAFTERS,False
lag_09__CT_place_GARAGE,-6.958315680094529e-06,6.958315680094529e-06,CT_place_GARAGE,False
lag_01__CT_place_VENTS,-6.956884135433938e-06,6.956884135433938e-06,CT_place_VENTS,False
lag_08__T_place_OUTSIDETUNNEL,-6.954937816772144e-06,6.954937816772144e-06,T_place_OUTSIDETUNNEL,False
lag_03__CT_place_RAFTERS,-6.954325726837851e-06,6.954325726837851e-06,CT_place_RAFTERS,False
lag_09__T_place_CTSPAWN,-6.950492661417229e-06,6.950492661417229e-06,T_place_CTSPAWN,False
lag_12__T_place_WATER,-6.945796485524625e-06,6.945796485524625e-06,T_place_WATER,False
lag_05__CT2__flash_duration,-6.94245954946382e-06,6.94245954946382e-06,CT2__flash_duration,True
lag_14__T_place_WATER,-6.942066647752654e-06,6.942066647752654e-06,T_place_WATER,False
lag_11__T_place_SIDEENTRANCE,-6.941754691069946e-06,6.941754691069946e-06,T_place_SIDEENTRANCE,False
lag_02__T3__is_scoped,-6.935867077118019e-06,6.935867077118019e-06,T3__is_scoped,False
lag_02__CT_place_MINI,-6.932300493645016e-06,6.932300493645016e-06,CT_place_MINI,False
lag_07__T_place_WATER,-6.925438356120139e-06,6.925438356120139e-06,T_place_WATER,False
lag_04__CT_place_MIDDOORS,-6.916782695043366e-06,6.916782695043366e-06,CT_place_MIDDOORS,False
lag_05__CT_A_site_active_infernos,-6.913515335327247e-06,6.913515335327247e-06,CT_A_site_active_infernos,True
lag_15__T3__is_scoped,-6.91228569849045e-06,6.91228569849045e-06,T3__is_scoped,False
lag_15__CT_place_MINI,-6.908728664711816e-06,6.908728664711816e-06,CT_place_MINI,False
lag_03__T3__is_scoped,-6.907723673066357e-06,6.907723673066357e-06,T3__is_scoped,False
lag_03__CT_place_MINI,-6.904172096255934e-06,6.904172096255934e-06,CT_place_MINI,False
lag_12__T_place_TSTAIRS,-6.895983915455872e-06,6.895983915455872e-06,T_place_TSTAIRS,False
lag_12__T_place_FOUNTAIN,-6.893671070429264e-06,6.893671070429264e-06,T_place_FOUNTAIN,False
lag_14__T_place_TSTAIRS,-6.892283636261709e-06,6.892283636261709e-06,T_place_TSTAIRS,False
lag_14__T_place_FOUNTAIN,-6.889968972245697e-06,6.889968972245697e-06,T_place_FOUNTAIN,False
lag_10__CT_place_JUNGLE,-6.876984571135836e-06,6.876984571135836e-06,CT_place_JUNGLE,False
lag_07__T_place_TSTAIRS,-6.875773578940425e-06,6.875773578940425e-06,T_place_TSTAIRS,False
lag_07__T_place_FOUNTAIN,-6.873463917145273e-06,6.873463917145273e-06,T_place_FOUNTAIN,False
lag_08__T_place_WATER,-6.8721992647624575e-06,6.8721992647624575e-06,T_place_WATER,False
lag_13__CT_place_JUNGLE,-6.8553167693607975e-06,6.8553167693607975e-06,CT_place_JUNGLE,False
lag_06__T_place_RAMP,-6.8538306550181005e-06,6.8538306550181005e-06,T_place_RAMP,False
lag_01__CT_place_LONGDOG,-6.840883088443661e-06,6.840883088443661e-06,CT_place_LONGDOG,False
lag_12__T_place_TUNNELSTAIRS,-6.838219633209519e-06,6.838219633209519e-06,T_place_TUNNELSTAIRS,False
lag_14__T_place_TUNNELSTAIRS,-6.834551186329918e-06,6.834551186329918e-06,T_place_TUNNELSTAIRS,False
lag_05__CT3__flash_duration,-6.830192432971671e-06,6.830192432971671e-06,CT3__flash_duration,True
lag_09__CT_place_LIBRARY,-6.827368906670017e-06,6.827368906670017e-06,CT_place_LIBRARY,False
lag_02__T_place_ALLEY,-6.8258896135375835e-06,6.8258896135375835e-06,T_place_ALLEY,False
lag_12__T2__is_scoped,-6.824158390372759e-06,6.824158390372759e-06,T2__is_scoped,False
lag_08__T_place_TSTAIRS,-6.822916020610137e-06,6.822916020610137e-06,T_place_TSTAIRS,False
lag_11__T_place_LOWERMID,-6.821228907938348e-06,6.821228907938348e-06,T_place_LOWERMID,False
lag_08__T_place_FOUNTAIN,-6.8206263676984236e-06,6.8206263676984236e-06,T_place_FOUNTAIN,False
lag_14__T2__is_scoped,-6.820494945714017e-06,6.820494945714017e-06,T2__is_scoped,False
lag_06__T_place_BACKOFB,-6.818725069024367e-06,6.818725069024367e-06,T_place_BACKOFB,False
lag_07__T_place_TUNNELSTAIRS,-6.818176643719198e-06,6.818176643719198e-06,T_place_TUNNELSTAIRS,False
lag_11__CT_place_WATER,-6.813545951445121e-06,6.813545951445121e-06,CT_place_WATER,False
lag_05__CT_place_HOUSE,-6.80824086884968e-06,6.80824086884968e-06,CT_place_HOUSE,False
lag_00__CT_mean_X,-6.805088105465984e-06,6.805088105465984e-06,CT_mean_X,False
lag_07__T2__is_scoped,-6.80416269460693e-06,6.80416269460693e-06,T2__is_scoped,False
lag_15__T_place_ALLEY,-6.802682037232444e-06,6.802682037232444e-06,T_place_ALLEY,False
lag_03__T_place_ALLEY,-6.798193680879194e-06,6.798193680879194e-06,T_place_ALLEY,False
lag_05__CT4__flash_duration,-6.7969995143357664e-06,6.7969995143357664e-06,CT4__flash_duration,True
lag_05__CT_place_SIDEHALL,-6.789866802137112e-06,6.789866802137112e-06,CT_place_SIDEHALL,False
lag_12__T_place_CONNECTOR,-6.789146027585957e-06,6.789146027585957e-06,T_place_CONNECTOR,False
lag_04__T_place_OUTSIDELONG,-6.78741344017908e-06,6.78741344017908e-06,T_place_OUTSIDELONG,False
lag_09__T_place_BRIDGE,-6.787139682273846e-06,6.787139682273846e-06,T_place_BRIDGE,False
lag_12__T_place_LONGA,-6.786618087062379e-06,6.786618087062379e-06,T_place_LONGA,False
lag_14__T_place_LONGA,-6.782975560781779e-06,6.782975560781779e-06,T_place_LONGA,False
lag_06__CT_equip_value_sum,6.782358468626626e-06,6.782358468626626e-06,CT_equip_value_sum,False
lag_14__T_spread_xy,-6.776370355510153e-06,6.776370355510153e-06,T_spread_xy,False
lag_09__T_place_SQUEAKY,-6.775976089556934e-06,6.775976089556934e-06,T_place_SQUEAKY,False
lag_11__T_place_LONGDOG,-6.771006610506447e-06,6.771006610506447e-06,T_place_LONGDOG,False
lag_05__T_place_CANAL,-6.770930667698849e-06,6.770930667698849e-06,T_place_CANAL,False
lag_07__T_place_LONGA,-6.766725164197851e-06,6.766725164197851e-06,T_place_LONGA,False
lag_08__T_place_TUNNELSTAIRS,-6.765764283045428e-06,6.765764283045428e-06,T_place_TUNNELSTAIRS,False
lag_09__CT_place_SHORTSTAIRS,-6.76381068842602e-06,6.76381068842602e-06,CT_place_SHORTSTAIRS,False
lag_05__T1__is_scoped,-6.761683380318573e-06,6.761683380318573e-06,T1__is_scoped,False
lag_03__T_spread_xy,-6.752211447746959e-06,6.752211447746959e-06,T_spread_xy,False
lag_08__T2__is_scoped,-6.751854471076513e-06,6.751854471076513e-06,T2__is_scoped,False
lag_10__T_place_RAMP,-6.745498012605822e-06,6.745498012605822e-06,T_place_RAMP,False
lag_04__T_flash_alpha_mean,6.7399914769339375e-06,6.7399914769339375e-06,T_flash_alpha_mean,True
lag_12__CT_place_VENTS,-6.73912063575699e-06,6.73912063575699e-06,CT_place_VENTS,False
lag_14__CT_place_VENTS,-6.7355013015912846e-06,6.7355013015912846e-06,CT_place_VENTS,False
lag_01__CT_place_TSIDEUPPER,-6.733336249453714e-06,6.733336249453714e-06,CT_place_TSIDEUPPER,False
lag_04__CT_flash_alpha_mean,6.731759640388191e-06,6.731759640388191e-06,CT_flash_alpha_mean,True
lag_13__T_place_RAMP,-6.72424403092009e-06,6.72424403092009e-06,T_place_RAMP,False
lag_07__CT_place_VENTS,-6.719370048813289e-06,6.719370048813289e-06,CT_place_VENTS,False
lag_06__CT_place_EXTENDEDA,-6.715668860124424e-06,6.715668860124424e-06,CT_place_EXTENDEDA,False
lag_08__T_place_LONGA,-6.714707069477299e-06,6.714707069477299e-06,T_place_LONGA,False
lag_10__T_place_BACKOFB,-6.7109408519172575e-06,6.7109408519172575e-06,T_place_BACKOFB,False
lag_02__CT_place_BALCONY,-6.7079849941364955e-06,6.7079849941364955e-06,CT_place_BALCONY,False
lag_02__T_place_TMAIN,-6.7037435655947775e-06,6.7037435655947775e-06,T_place_TMAIN,False
lag_13__T_place_BACKOFB,-6.689801466563949e-06,6.689801466563949e-06,T_place_BACKOFB,False
lag_04__CT_helmet_count,6.6897928263642825e-06,6.6897928263642825e-06,CT_helmet_count,False
lag_15__CT_place_BALCONY,-6.685178050247487e-06,6.685178050247487e-06,CT_place_BALCONY,False
lag_09__T_place_MIDDOORS,-6.68302027406753e-06,6.68302027406753e-06,T_place_MIDDOORS,False
lag_15__T_place_TMAIN,-6.680946171400137e-06,6.680946171400137e-06,T_place_TMAIN,False
lag_03__CT_place_BALCONY,-6.680767455691239e-06,6.680767455691239e-06,CT_place_BALCONY,False
lag_03__T_place_TMAIN,-6.676545581285609e-06,6.676545581285609e-06,T_place_TMAIN,False
lag_09__T_place_MAINHALL,-6.670733000646578e-06,6.670733000646578e-06,T_place_MAINHALL,False
lag_02__CT_place_TRUCK,-6.670445600320818e-06,6.670445600320818e-06,CT_place_TRUCK,False
lag_11__T_place_VENDING,-6.6677234826784115e-06,6.6677234826784115e-06,T_place_VENDING,False
lag_08__CT_place_VENTS,-6.667713478236692e-06,6.667713478236692e-06,CT_place_VENTS,False
lag_04__T_place_TRAMP,-6.657598987658275e-06,6.657598987658275e-06,T_place_TRAMP,False
lag_15__CT_place_TRUCK,-6.647768714174163e-06,6.647768714174163e-06,CT_place_TRUCK,False
lag_03__CT_place_TRUCK,-6.643380856985459e-06,6.643380856985459e-06,CT_place_TRUCK,False
lag_02__CT_place_ARAMP,-6.631849828409031e-06,6.631849828409031e-06,CT_place_ARAMP,False
lag_05__T_bomb_zone_count,-6.6275665631110314e-06,6.6275665631110314e-06,T_bomb_zone_count,False
lag_12__CT_place_LONGDOG,-6.6267534748476464e-06,6.6267534748476464e-06,CT_place_LONGDOG,False
lag_09__CT_place_ADMIN,-6.624117304454558e-06,6.624117304454558e-06,CT_place_ADMIN,False
lag_14__CT_place_LONGDOG,-6.623191438848153e-06,6.623191438848153e-06,CT_place_LONGDOG,False
lag_04__T_place_RUINS,-6.617300186917419e-06,6.617300186917419e-06,T_place_RUINS,False
lag_04__CT_place_CONNECTOR,-6.611302524106577e-06,6.611302524106577e-06,CT_place_CONNECTOR,False
lag_04__CT5__shots_fired,6.610438958887244e-06,6.610438958887244e-06,CT5__shots_fired,False
lag_10__CT_place_EXTENDEDA,-6.6095144575228915e-06,6.6095144575228915e-06,CT_place_EXTENDEDA,False
lag_09__CT5__shots_fired,-6.609412139368942e-06,6.609412139368942e-06,CT5__shots_fired,False
lag_15__CT_place_ARAMP,-6.609297543036519e-06,6.609297543036519e-06,CT_place_ARAMP,False
lag_07__CT_place_LONGDOG,-6.607329851249233e-06,6.607329851249233e-06,CT_place_LONGDOG,False
lag_01__CT_place_MAIN,-6.6052766669599805e-06,6.6052766669599805e-06,CT_place_MAIN,False
lag_03__CT_place_ARAMP,-6.604940608667675e-06,6.604940608667675e-06,CT_place_ARAMP,False
lag_09__T_place_SIDEENTRANCE,-6.5987160269287415e-06,6.5987160269287415e-06,T_place_SIDEENTRANCE,False
lag_06__CT_place_LOWERPARK,-6.593500074814074e-06,6.593500074814074e-06,CT_place_LOWERPARK,False
lag_13__CT_place_EXTENDEDA,-6.588696123799309e-06,6.588696123799309e-06,CT_place_EXTENDEDA,False
lag_09__T_bomb_carrier_alive,-6.58348972137901e-06,6.58348972137901e-06,T_bomb_carrier_alive,False
lag_01__CT_place_HELL,-6.571092399099143e-06,6.571092399099143e-06,CT_place_HELL,False
lag_04__T4__is_scoped,-6.557026154041523e-06,6.557026154041523e-06,T4__is_scoped,False
lag_08__CT_place_LONGDOG,-6.55653730063932e-06,6.55653730063932e-06,CT_place_LONGDOG,False
lag_15__T_active_infernos,-6.549363661179086e-06,6.549363661179086e-06,T_active_infernos,True
lag_09__T_active_smokes,-6.5421249928476755e-06,6.5421249928476755e-06,T_active_smokes,True
lag_01__T_place_LOWERPARK,-6.536935416079359e-06,6.536935416079359e-06,T_place_LOWERPARK,False
lag_14__T_cash_spent_round_sum,6.531575763801811e-06,6.531575763801811e-06,T_cash_spent_round_sum,False
lag_11__T_place_SHORTSTAIRS,-6.527545792778255e-06,6.527545792778255e-06,T_place_SHORTSTAIRS,False
lag_12__CT_place_TSIDEUPPER,-6.522571311506908e-06,6.522571311506908e-06,CT_place_TSIDEUPPER,False
lag_05__T_place_TUNNELS,-6.520784154417925e-06,6.520784154417925e-06,T_place_TUNNELS,False
lag_14__CT_place_TSIDEUPPER,-6.519072485389188e-06,6.519072485389188e-06,CT_place_TSIDEUPPER,False
lag_08__CT_molly_inv,6.516109806398163e-06,6.516109806398163e-06,CT_molly_inv,True
lag_06__T_place_ROOF,-6.511625542771071e-06,6.511625542771071e-06,T_place_ROOF,False
lag_07__CT_place_TSIDEUPPER,-6.503455551865045e-06,6.503455551865045e-06,CT_place_TSIDEUPPER,False
lag_06__CT_place_BACKOFB,-6.503105396404862e-06,6.503105396404862e-06,CT_place_BACKOFB,False
lag_01__T_place_SECRET,-6.4967248363245744e-06,6.4967248363245744e-06,T_place_SECRET,False
lag_04__T_place_PALACEINTERIOR,-6.494681201729691e-06,6.494681201729691e-06,T_place_PALACEINTERIOR,False
lag_10__CT_place_LOWERPARK,-6.489273346232949e-06,6.489273346232949e-06,CT_place_LOWERPARK,False
lag_04__T_place_TSIDEUPPER,-6.48744253339828e-06,6.48744253339828e-06,T_place_TSIDEUPPER,False
lag_09__T_place_LOWERMID,-6.484150617325213e-06,6.484150617325213e-06,T_place_LOWERMID,False
lag_11__CT_place_CANAL,-6.478439900092781e-06,6.478439900092781e-06,CT_place_CANAL,False
lag_09__CT_place_WATER,-6.476845555880573e-06,6.476845555880573e-06,CT_place_WATER,False
lag_13__CT_place_LOWERPARK,-6.468833362305304e-06,6.468833362305304e-06,CT_place_LOWERPARK,False
lag_01__CT3__Y,-6.465057140303543e-06,6.465057140303543e-06,CT3__Y,False
lag_06__CT_place_HUTROOF,-6.455368293245556e-06,6.455368293245556e-06,CT_place_HUTROOF,False
lag_02__CT_place_JUNGLE,-6.454974936787039e-06,6.454974936787039e-06,CT_place_JUNGLE,False
lag_08__CT_place_TSIDEUPPER,-6.453460173361236e-06,6.453460173361236e-06,CT_place_TSIDEUPPER,False
lag_12__T1__X,-6.450512955780141e-06,6.450512955780141e-06,T1__X,False
lag_06__T_place_SILO,-6.441802270273911e-06,6.441802270273911e-06,T_place_SILO,False
lag_09__T_place_LONGDOG,-6.436407602450345e-06,6.436407602450345e-06,T_place_LONGDOG,False
lag_15__CT_place_JUNGLE,-6.433027010643855e-06,6.433027010643855e-06,CT_place_JUNGLE,False
lag_06__CT_place_GARAGE,-6.431989277189132e-06,6.431989277189132e-06,CT_place_GARAGE,False
lag_03__CT_place_JUNGLE,-6.428788765333593e-06,6.428788765333593e-06,CT_place_JUNGLE,False
lag_06__T_place_CTSPAWN,-6.424754246836528e-06,6.424754246836528e-06,T_place_CTSPAWN,False
lag_10__T_place_ROOF,-6.408697572624078e-06,6.408697572624078e-06,T_place_ROOF,False
lag_04__CT_place_UNDERA,-6.404689884220716e-06,6.404689884220716e-06,CT_place_UNDERA,False
lag_05__CT_place_BDOORS,-6.402120561688207e-06,6.402120561688207e-06,CT_place_BDOORS,False
lag_10__CT_place_BACKOFB,-6.400314759957837e-06,6.400314759957837e-06,CT_place_BACKOFB,False
lag_12__CT_place_MAIN,-6.398518962669186e-06,6.398518962669186e-06,CT_place_MAIN,False
lag_14__CT_place_MAIN,-6.395086529664695e-06,6.395086529664695e-06,CT_place_MAIN,False
lag_01__CT_place_LOWERTUNNEL,-6.391454917320516e-06,6.391454917320516e-06,CT_place_LOWERTUNNEL,False
lag_01__CT_defusing_count,-6.390949693013681e-06,6.390949693013681e-06,CT_defusing_count,False
lag_13__T_place_ROOF,-6.388510882970877e-06,6.388510882970877e-06,T_place_ROOF,False
lag_01__CT_place_QUAD,-6.3842830968496855e-06,6.3842830968496855e-06,CT_place_QUAD,False
lag_13__CT_place_BACKOFB,-6.3801494434301276e-06,6.3801494434301276e-06,CT_place_BACKOFB,False
lag_07__CT_place_MAIN,-6.37976609141333e-06,6.37976609141333e-06,CT_place_MAIN,False
lag_04__CT_place_BANANA,-6.374711574608227e-06,6.374711574608227e-06,CT_place_BANANA,False
lag_04__T5__is_scoped,-6.367663900164189e-06,6.367663900164189e-06,T5__is_scoped,False
lag_12__CT_place_HELL,-6.365403351082932e-06,6.365403351082932e-06,CT_place_HELL,False
lag_14__CT_place_HELL,-6.361988198477775e-06,6.361988198477775e-06,CT_place_HELL,False
lag_11__T_place_PIT,-6.357672646117862e-06,6.357672646117862e-06,T_place_PIT,False
lag_04__CT_place_OUTSIDE,-6.354205197567353e-06,6.354205197567353e-06,CT_place_OUTSIDE,False
lag_10__CT_place_HUTROOF,-6.353330718411598e-06,6.353330718411598e-06,CT_place_HUTROOF,False
lag_07__CT_place_HELL,-6.3467496147495694e-06,6.3467496147495694e-06,CT_place_HELL,False
lag_11__CT_place_STAIRS,-6.34490834272583e-06,6.34490834272583e-06,CT_place_STAIRS,False
lag_10__T_place_SILO,-6.33997842669487e-06,6.33997842669487e-06,T_place_SILO,False
lag_09__T_place_VENDING,-6.338226739899255e-06,6.338226739899255e-06,T_place_VENDING,False
lag_01__CT5__molly,6.336064870993141e-06,6.336064870993141e-06,CT5__molly,True
lag_13__CT_place_HUTROOF,-6.333314104267629e-06,6.333314104267629e-06,CT_place_HUTROOF,False
lag_12__T_place_LOWERPARK,-6.332319117063889e-06,6.332319117063889e-06,T_place_LOWERPARK,False
lag_02__T_place_RAMP,-6.331559688987909e-06,6.331559688987909e-06,T_place_RAMP,False
lag_08__CT_place_MAIN,-6.330724772851681e-06,6.330724772851681e-06,CT_place_MAIN,False
lag_10__CT_place_GARAGE,-6.330318228719989e-06,6.330318228719989e-06,CT_place_GARAGE,False
lag_14__T_place_LOWERPARK,-6.328920790110715e-06,6.328920790110715e-06,T_place_LOWERPARK,False
lag_11__T_place_OUTSIDETUNNEL,-6.3280963331635576e-06,6.3280963331635576e-06,T_place_OUTSIDETUNNEL,False
lag_10__T_place_CTSPAWN,-6.323199613689212e-06,6.323199613689212e-06,T_place_CTSPAWN,False
lag_13__T_place_SILO,-6.320005468296586e-06,6.320005468296586e-06,T_place_SILO,False
lag_07__T_place_LOWERPARK,-6.313759968179511e-06,6.313759968179511e-06,T_place_LOWERPARK,False
lag_07__CT_alive,-6.312191999313654e-06,6.312191999313654e-06,CT_alive,False
lag_06__CT_place_LIBRARY,-6.31094326308812e-06,6.31094326308812e-06,CT_place_LIBRARY,False
lag_13__CT_place_GARAGE,-6.310375738394214e-06,6.310375738394214e-06,CT_place_GARAGE,False
lag_15__T_place_RAMP,-6.310029220912838e-06,6.310029220912838e-06,T_place_RAMP,False
lag_03__T_place_RAMP,-6.305870101641631e-06,6.305870101641631e-06,T_place_RAMP,False
lag_05__T_place_TSIDELOWER,-6.3046895775187295e-06,6.3046895775187295e-06,T_place_TSIDELOWER,False
lag_13__T_place_CTSPAWN,-6.303281679720385e-06,6.303281679720385e-06,T_place_CTSPAWN,False
lag_02__T_place_BACKOFB,-6.299123015196528e-06,6.299123015196528e-06,T_place_BACKOFB,False
lag_08__CT_place_HELL,-6.297957952483557e-06,6.297957952483557e-06,CT_place_HELL,False
lag_14__T_active_infernos,6.295892944763182e-06,6.295892944763182e-06,T_active_infernos,True
lag_04__CT_place_TOPOFMID,-6.29566102361423e-06,6.29566102361423e-06,CT_place_TOPOFMID,False
lag_12__T_place_SECRET,-6.293360911513446e-06,6.293360911513446e-06,T_place_SECRET,False
lag_14__T_place_SECRET,-6.289984412433114e-06,6.289984412433114e-06,T_place_SECRET,False
lag_05__CT2__is_scoped,-6.284401933953632e-06,6.284401933953632e-06,CT2__is_scoped,False
lag_15__T_place_BACKOFB,-6.277703960222425e-06,6.277703960222425e-06,T_place_BACKOFB,False
lag_07__T_place_SECRET,-6.274915449466789e-06,6.274915449466789e-06,T_place_SECRET,False
lag_06__T_place_BRIDGE,-6.273759936448187e-06,6.273759936448187e-06,T_place_BRIDGE,False
lag_03__T_place_BACKOFB,-6.2735680330661125e-06,6.2735680330661125e-06,T_place_BACKOFB,False
lag_08__T_place_LOWERPARK,-6.265222054935293e-06,6.265222054935293e-06,T_place_LOWERPARK,False
lag_06__T_place_SQUEAKY,-6.2634385358251166e-06,6.2634385358251166e-06,T_place_SQUEAKY,False
lag_11__T_place_WATER,-6.252817456697812e-06,6.252817456697812e-06,T_place_WATER,False
lag_06__CT_place_SHORTSTAIRS,-6.252193998079747e-06,6.252193998079747e-06,CT_place_SHORTSTAIRS,False
lag_06__T5__molly,-6.251639661059016e-06,6.251639661059016e-06,T5__molly,True
lag_01__T_place_IVY,-6.2510462157661095e-06,6.2510462157661095e-06,T_place_IVY,False
lag_10__T1__flash_duration,-6.2487515606335364e-06,6.2487515606335364e-06,T1__flash_duration,True
lag_15__T2__Y,6.248679710552096e-06,6.248679710552096e-06,T2__Y,False
lag_09__CT_macro_B,6.245443273655837e-06,6.245443273655837e-06,CT_macro_B,False
lag_09__CT_place_BOMBSITEB,6.245443273655837e-06,6.245443273655837e-06,CT_place_BOMBSITEB,False
lag_01__T_place_TROPHY,-6.238004516490037e-06,6.238004516490037e-06,T_place_TROPHY,False
lag_08__T_place_SECRET,-6.226679033716209e-06,6.226679033716209e-06,T_place_SECRET,False
lag_05__T_place_LONGDOORS,-6.2119543144945055e-06,6.2119543144945055e-06,T_place_LONGDOORS,False
lag_10__CT_place_LIBRARY,-6.211190793692367e-06,6.211190793692367e-06,CT_place_LIBRARY,False
lag_11__T_place_TSTAIRS,-6.207974820426898e-06,6.207974820426898e-06,T_place_TSTAIRS,False
lag_11__T_place_FOUNTAIN,-6.205892077559838e-06,6.205892077559838e-06,T_place_FOUNTAIN,False
lag_09__T_place_SHORTSTAIRS,-6.204978944879258e-06,6.204978944879258e-06,T_place_SHORTSTAIRS,False
lag_02__CT_place_EXTENDEDA,-6.203922566783149e-06,6.203922566783149e-06,CT_place_EXTENDEDA,False
lag_13__CT2__is_walking,6.1964656197233126e-06,6.1964656197233126e-06,CT2__is_walking,False
lag_13__CT_place_LIBRARY,-6.1916234699310735e-06,6.1916234699310735e-06,CT_place_LIBRARY,False
lag_12__CT_place_LOWERTUNNEL,-6.191390184540069e-06,6.191390184540069e-06,CT_place_LOWERTUNNEL,False
lag_12__CT_defusing_count,-6.190901785885217e-06,6.190901785885217e-06,CT_defusing_count,False
lag_14__CT_place_LOWERTUNNEL,-6.1880664361524396e-06,6.1880664361524396e-06,CT_place_LOWERTUNNEL,False
lag_14__CT_defusing_count,-6.187577128002886e-06,6.187577128002886e-06,CT_defusing_count,False
lag_12__CT_place_QUAD,-6.184443464007927e-06,6.184443464007927e-06,CT_place_QUAD,False
lag_15__CT_place_EXTENDEDA,-6.182828201417578e-06,6.182828201417578e-06,CT_place_EXTENDEDA,False
lag_14__CT_place_QUAD,-6.181124263093807e-06,6.181124263093807e-06,CT_place_QUAD,False
lag_05__T_place_PALACEALLEY,-6.180449872772442e-06,6.180449872772442e-06,T_place_PALACEALLEY,False
lag_03__CT_place_EXTENDEDA,-6.1787504819221795e-06,6.1787504819221795e-06,CT_place_EXTENDEDA,False
lag_06__T_place_MIDDOORS,-6.177513569127768e-06,6.177513569127768e-06,T_place_MIDDOORS,False
lag_10__T_place_BRIDGE,-6.174593636387726e-06,6.174593636387726e-06,T_place_BRIDGE,False
lag_07__CT_place_LOWERTUNNEL,-6.173244400997646e-06,6.173244400997646e-06,CT_place_LOWERTUNNEL,False
lag_07__CT_defusing_count,-6.172759640321601e-06,6.172759640321601e-06,CT_defusing_count,False
lag_07__CT_place_QUAD,-6.166319508338347e-06,6.166319508338347e-06,CT_place_QUAD,False
lag_06__T_place_MAINHALL,-6.166155344544677e-06,6.166155344544677e-06,T_place_MAINHALL,False
lag_10__T_place_SQUEAKY,-6.1644350353162736e-06,6.1644350353162736e-06,T_place_SQUEAKY,False
lag_01__CT_place_UPPERPARK,-6.1642713262699544e-06,6.1642713262699544e-06,CT_place_UPPERPARK,False
lag_09__CT_place_CANAL,-6.158298219816061e-06,6.158298219816061e-06,CT_place_CANAL,False
lag_04__CT_place_ARCH,-6.158049473015126e-06,6.158049473015126e-06,CT_place_ARCH,False
lag_05__T_place_LOWERTUNNEL,-6.156326890049968e-06,6.156326890049968e-06,T_place_LOWERTUNNEL,False
lag_11__T_place_TUNNELSTAIRS,-6.155975370347733e-06,6.155975370347733e-06,T_place_TUNNELSTAIRS,False
lag_13__T_place_BRIDGE,-6.155139544716803e-06,6.155139544716803e-06,T_place_BRIDGE,False
lag_10__CT_place_SHORTSTAIRS,-6.153367394290399e-06,6.153367394290399e-06,CT_place_SHORTSTAIRS,False
lag_04__CT_place_PIT,-6.146339728729799e-06,6.146339728729799e-06,CT_place_PIT,False
lag_05__CT_place_WALKWAY,-6.145675797597505e-06,6.145675797597505e-06,CT_place_WALKWAY,False
lag_13__T_place_SQUEAKY,-6.145015049696667e-06,6.145015049696667e-06,T_place_SQUEAKY,False
lag_01__T_flashes_last_5s,-6.144487542769639e-06,6.144487542769639e-06,T_flashes_last_5s,True
lag_11__T2__is_scoped,-6.143314294604352e-06,6.143314294604352e-06,T2__is_scoped,False
lag_07__T_molly_inv,6.143286555015948e-06,6.143286555015948e-06,T_molly_inv,True
lag_13__CT_place_SHORTSTAIRS,-6.133984243206214e-06,6.133984243206214e-06,CT_place_SHORTSTAIRS,False
lag_01__CT_place_LOBBY,-6.126587777544046e-06,6.126587777544046e-06,CT_place_LOBBY,False
lag_08__CT_place_LOWERTUNNEL,-6.125787422206486e-06,6.125787422206486e-06,CT_place_LOWERTUNNEL,False
lag_08__CT_defusing_count,-6.125301297288388e-06,6.125301297288388e-06,CT_defusing_count,False
lag_06__CT_place_ADMIN,-6.123065304564079e-06,6.123065304564079e-06,CT_place_ADMIN,False
lag_08__CT_place_QUAD,-6.118913461250486e-06,6.118913461250486e-06,CT_place_QUAD,False
lag_11__T_place_LONGA,-6.109522018959979e-06,6.109522018959979e-06,T_place_LONGA,False
lag_04__T_place_UPPERTUNNEL,-6.1019040913379285e-06,6.1019040913379285e-06,T_place_UPPERTUNNEL,False
lag_06__T_place_SIDEENTRANCE,-6.0995894273219164e-06,6.0995894273219164e-06,T_place_SIDEENTRANCE,False
lag_04__T_place_LOBBY,-6.092731382523198e-06,6.092731382523198e-06,T_place_LOBBY,False
lag_01__T_place_DUMPSTER,-6.091218438086798e-06,6.091218438086798e-06,T_place_DUMPSTER,False
lag_02__CT_place_LOWERPARK,-6.091061550250743e-06,6.091061550250743e-06,CT_place_LOWERPARK,False
lag_01__T_place_EXTENDEDA,-6.081414539949037e-06,6.081414539949037e-06,T_place_EXTENDEDA,False
lag_10__T_place_MIDDOORS,-6.079865670471918e-06,6.079865670471918e-06,T_place_MIDDOORS,False
lag_01__CT_place_TSPAWN,-6.075224519008771e-06,6.075224519008771e-06,CT_place_TSPAWN,False
lag_15__CT_place_LOWERPARK,-6.070347808417864e-06,6.070347808417864e-06,CT_place_LOWERPARK,False
lag_10__T_place_MAINHALL,-6.068689344829181e-06,6.068689344829181e-06,T_place_MAINHALL,False
lag_11__CT_place_VENTS,-6.066763035050826e-06,6.066763035050826e-06,CT_place_VENTS,False
lag_03__CT_place_LOWERPARK,-6.0663492149615195e-06,6.0663492149615195e-06,CT_place_LOWERPARK,False
lag_13__T_place_MIDDOORS,-6.06071171205258e-06,6.06071171205258e-06,T_place_MIDDOORS,False
lag_05__CT_place_HEAVEN,-6.059662155166734e-06,6.059662155166734e-06,CT_place_HEAVEN,False
lag_12__T_place_IVY,-6.055380708858138e-06,6.055380708858138e-06,T_place_IVY,False
lag_14__T_place_IVY,-6.052131993783405e-06,6.052131993783405e-06,T_place_IVY,False
lag_13__T_place_MAINHALL,-6.049568128219107e-06,6.049568128219107e-06,T_place_MAINHALL,False
lag_09__T_place_PIT,-6.043499979568878e-06,6.043499979568878e-06,T_place_PIT,False
lag_12__T_place_TROPHY,-6.042745098966407e-06,6.042745098966407e-06,T_place_TROPHY,False
lag_14__T_place_TROPHY,-6.039498657628428e-06,6.039498657628428e-06,T_place_TROPHY,False
lag_07__T_place_IVY,-6.037634193489794e-06,6.037634193489794e-06,T_place_IVY,False
lag_09__CT_place_STAIRS,-6.0313705034786835e-06,6.0313705034786835e-06,CT_place_STAIRS,False
lag_10__CT_place_ADMIN,-6.026281880622264e-06,6.026281880622264e-06,CT_place_ADMIN,False
lag_07__T_place_TROPHY,-6.025033599144081e-06,6.025033599144081e-06,T_place_TROPHY,False
lag_05__CT_place_RAFTERS,-6.020879936841084e-06,6.020879936841084e-06,CT_place_RAFTERS,False
lag_02__T_place_ROOF,-6.015431608830113e-06,6.015431608830113e-06,T_place_ROOF,False
lag_09__T_place_OUTSIDETUNNEL,-6.01538386035827e-06,6.01538386035827e-06,T_place_OUTSIDETUNNEL,False
lag_02__CT_place_BACKOFB,-6.00756084168097e-06,6.00756084168097e-06,CT_place_BACKOFB,False
lag_13__CT_place_ADMIN,-6.0072948144807015e-06,6.0072948144807015e-06,CT_place_ADMIN,False
lag_10__T_place_SIDEENTRANCE,-6.003174348734319e-06,6.003174348734319e-06,T_place_SIDEENTRANCE,False
lag_15__T1__shots_fired,6.000523171678651e-06,6.000523171678651e-06,T1__shots_fired,False
lag_15__T_place_ROOF,-5.994976618239889e-06,5.994976618239889e-06,T_place_ROOF,False
lag_12__active_infernos_total,5.994768343953183e-06,5.994768343953183e-06,active_infernos_total,True
lag_06__T_place_LOWERMID,-5.993687409500126e-06,5.993687409500126e-06,T_place_LOWERMID,False
lag_08__T_place_IVY,-5.991220859868918e-06,5.991220859868918e-06,T_place_IVY,False
lag_03__T_place_ROOF,-5.991025773255387e-06,5.991025773255387e-06,T_place_ROOF,False
lag_15__CT_place_BACKOFB,-5.987130862195045e-06,5.987130862195045e-06,CT_place_BACKOFB,False
lag_06__CT_place_WATER,-5.98693350184476e-06,5.98693350184476e-06,CT_place_WATER,False
lag_13__T_place_SIDEENTRANCE,-5.9842609516636e-06,5.9842609516636e-06,T_place_SIDEENTRANCE,False
lag_03__CT_place_BACKOFB,-5.983185019431403e-06,5.983185019431403e-06,CT_place_BACKOFB,False
lag_05__T3__is_scoped,-5.980540208838647e-06,5.980540208838647e-06,T3__is_scoped,False
lag_08__T_place_TROPHY,-5.978718945698347e-06,5.978718945698347e-06,T_place_TROPHY,False
lag_05__CT_place_MINI,-5.977461569273146e-06,5.977461569273146e-06,CT_place_MINI,False
lag_04__CT_place_RUINS,-5.972543476673309e-06,5.972543476673309e-06,CT_place_RUINS,False
lag_12__CT_place_UPPERPARK,-5.971319751552073e-06,5.971319751552073e-06,CT_place_UPPERPARK,False
lag_14__CT_place_UPPERPARK,-5.968111054244218e-06,5.968111054244218e-06,CT_place_UPPERPARK,False
lag_11__CT_place_LONGDOG,-5.965606305835536e-06,5.965606305835536e-06,CT_place_LONGDOG,False
lag_01__T_place_STREET,-5.9643657550623175e-06,5.9643657550623175e-06,T_place_STREET,False
lag_02__CT_place_HUTROOF,-5.963459443592001e-06,5.963459443592001e-06,CT_place_HUTROOF,False
lag_07__CT_place_UPPERPARK,-5.953818345005857e-06,5.953818345005857e-06,CT_place_UPPERPARK,False
lag_12__T_flashes_last_5s,-5.952156243438367e-06,5.952156243438367e-06,T_flashes_last_5s,True
lag_02__T_place_SILO,-5.950930244580377e-06,5.950930244580377e-06,T_place_SILO,False
lag_06__T_place_LONGDOG,-5.9495537243492436e-06,5.9495537243492436e-06,T_place_LONGDOG,False
lag_14__T_flashes_last_5s,-5.9489570958248805e-06,5.9489570958248805e-06,T_flashes_last_5s,True
lag_09__T_place_WATER,-5.94382709095953e-06,5.94382709095953e-06,T_place_WATER,False
lag_15__CT_place_HUTROOF,-5.94318044022657e-06,5.94318044022657e-06,CT_place_HUTROOF,False
lag_02__CT_place_GARAGE,-5.941861218161648e-06,5.941861218161648e-06,CT_place_GARAGE,False
lag_11__CT_armor_sum,5.941546532994835e-06,5.941546532994835e-06,CT_armor_sum,False
lag_03__CT_place_HUTROOF,-5.939263701293385e-06,5.939263701293385e-06,CT_place_HUTROOF,False
lag_02__T_place_CTSPAWN,-5.935173703619512e-06,5.935173703619512e-06,T_place_CTSPAWN,False
lag_12__CT_place_LOBBY,-5.934812179475557e-06,5.934812179475557e-06,CT_place_LOBBY,False
lag_07__T_flashes_last_5s,-5.934711680311011e-06,5.934711680311011e-06,T_flashes_last_5s,True
lag_14__CT_place_LOBBY,-5.931626674282597e-06,5.931626674282597e-06,CT_place_LOBBY,False
lag_15__T_place_SILO,-5.930690804234473e-06,5.930690804234473e-06,T_place_SILO,False
lag_03__T_place_SILO,-5.926782250753604e-06,5.926782250753604e-06,T_place_SILO,False
lag_15__CT_place_GARAGE,-5.921652245888254e-06,5.921652245888254e-06,CT_place_GARAGE,False
lag_03__CT_place_GARAGE,-5.917749149375595e-06,5.917749149375595e-06,CT_place_GARAGE,False
lag_07__CT_place_LOBBY,-5.917418548051501e-06,5.917418548051501e-06,CT_place_LOBBY,False
lag_15__T_place_CTSPAWN,-5.914998837397434e-06,5.914998837397434e-06,T_place_CTSPAWN,False
lag_01__centroid_distance_xy,-5.913532731938176e-06,5.913532731938176e-06,centroid_distance_xy,False
lag_03__T_place_CTSPAWN,-5.9110907386639155e-06,5.9110907386639155e-06,T_place_CTSPAWN,False
lag_11__CT5__flash,-5.9106782828166615e-06,5.9106782828166615e-06,CT5__flash,True
lag_07__T4__has_bomb,-5.909327683184529e-06,5.909327683184529e-06,T4__has_bomb,False
lag_08__CT_place_UPPERPARK,-5.908048933633836e-06,5.908048933633836e-06,CT_place_UPPERPARK,False
lag_09__T_place_TSTAIRS,-5.901198619540082e-06,5.901198619540082e-06,T_place_TSTAIRS,False
lag_12__T_place_DUMPSTER,-5.900547876080964e-06,5.900547876080964e-06,T_place_DUMPSTER,False
lag_09__T_place_FOUNTAIN,-5.899217740079621e-06,5.899217740079621e-06,T_place_FOUNTAIN,False
lag_10__T_place_LOWERMID,-5.898944891669089e-06,5.898944891669089e-06,T_place_LOWERMID,False
lag_14__T_place_DUMPSTER,-5.8973805607820395e-06,5.8973805607820395e-06,T_place_DUMPSTER,False
lag_10__CT_place_WATER,-5.892298759135883e-06,5.892298759135883e-06,CT_place_WATER,False
lag_12__T_place_EXTENDEDA,-5.891057298867963e-06,5.891057298867963e-06,T_place_EXTENDEDA,False
lag_08__T_flashes_last_5s,-5.8890855143545195e-06,5.8890855143545195e-06,T_flashes_last_5s,True
lag_14__T_place_EXTENDEDA,-5.887894076295197e-06,5.887894076295197e-06,T_place_EXTENDEDA,False
lag_05__T_place_ALLEY,-5.885707651032135e-06,5.885707651032135e-06,T_place_ALLEY,False
lag_12__CT_place_TSPAWN,-5.885059636057122e-06,5.885059636057122e-06,CT_place_TSPAWN,False
lag_07__T_place_DUMPSTER,-5.883257017558208e-06,5.883257017558208e-06,T_place_DUMPSTER,False
lag_14__CT_place_TSPAWN,-5.881899141968461e-06,5.881899141968461e-06,CT_place_TSPAWN,False
lag_13__T_place_LOWERMID,-5.880361641175114e-06,5.880361641175114e-06,T_place_LOWERMID,False
lag_07__T_place_EXTENDEDA,-5.873792815691559e-06,5.873792815691559e-06,T_place_EXTENDEDA,False
lag_13__CT_place_WATER,-5.873738700756803e-06,5.873738700756803e-06,CT_place_WATER,False
lag_08__CT_place_LOBBY,-5.871929715794977e-06,5.871929715794977e-06,CT_place_LOBBY,False
lag_11__CT_place_TSIDEUPPER,-5.87181830269401e-06,5.87181830269401e-06,CT_place_TSIDEUPPER,False
lag_07__CT_place_TSPAWN,-5.867810614290647e-06,5.867810614290647e-06,CT_place_TSPAWN,False
lag_06__T_place_VENDING,-5.8588016145222355e-06,5.8588016145222355e-06,T_place_VENDING,False
lag_10__T_place_LONGDOG,-5.8555128816806246e-06,5.8555128816806246e-06,T_place_LONGDOG,False
lag_09__T_place_TUNNELSTAIRS,-5.851771220477531e-06,5.851771220477531e-06,T_place_TUNNELSTAIRS,False
lag_09__T2__is_scoped,-5.839735422341619e-06,5.839735422341619e-06,T2__is_scoped,False
lag_08__T_place_DUMPSTER,-5.838030574523145e-06,5.838030574523145e-06,T_place_DUMPSTER,False
lag_13__T_place_LONGDOG,-5.837065145897213e-06,5.837065145897213e-06,T_place_LONGDOG,False
lag_02__CT_place_LIBRARY,-5.830041573062772e-06,5.830041573062772e-06,CT_place_LIBRARY,False
lag_08__T_place_EXTENDEDA,-5.828639132232638e-06,5.828639132232638e-06,T_place_EXTENDEDA,False
lag_08__CT_place_TSPAWN,-5.822702405566815e-06,5.822702405566815e-06,CT_place_TSPAWN,False
lag_15__CT_place_LIBRARY,-5.810216407553526e-06,5.810216407553526e-06,CT_place_LIBRARY,False
lag_09__T_place_LONGA,-5.8076097957382444e-06,5.8076097957382444e-06,T_place_LONGA,False
lag_03__CT_place_LIBRARY,-5.8063837968802545e-06,5.8063837968802545e-06,CT_place_LIBRARY,False
lag_00__CT_A_site_active_infernos,-5.796453478978947e-06,5.796453478978947e-06,CT_A_site_active_infernos,True
lag_02__T_place_BRIDGE,-5.7956899581768084e-06,5.7956899581768084e-06,T_place_BRIDGE,False
lag_02__T_place_SQUEAKY,-5.786152087239316e-06,5.786152087239316e-06,T_place_SQUEAKY,False
lag_05__CT_place_BALCONY,-5.7840425142785534e-06,5.7840425142785534e-06,CT_place_BALCONY,False
lag_10__T2__smoke,-5.78343042434426e-06,5.78343042434426e-06,T2__smoke,True
lag_05__T_place_TMAIN,-5.780386800324777e-06,5.780386800324777e-06,T_place_TMAIN,False
lag_12__T_place_STREET,-5.777672868134687e-06,5.777672868134687e-06,T_place_STREET,False
lag_15__T_place_BRIDGE,-5.77598166273674e-06,5.77598166273674e-06,T_place_BRIDGE,False
lag_02__CT_place_SHORTSTAIRS,-5.775767931481823e-06,5.775767931481823e-06,CT_place_SHORTSTAIRS,False
lag_14__T_place_STREET,-5.774572400696343e-06,5.774572400696343e-06,T_place_STREET,False
lag_03__T_place_BRIDGE,-5.7721745179151185e-06,5.7721745179151185e-06,T_place_BRIDGE,False
lag_09__CT_place_VENTS,-5.76696311327396e-06,5.76696311327396e-06,CT_place_VENTS,False
lag_15__T_place_SQUEAKY,-5.766480171587318e-06,5.766480171587318e-06,T_place_SQUEAKY,False
lag_10__T_place_VENDING,-5.766192316514207e-06,5.766192316514207e-06,T_place_VENDING,False
lag_03__T_place_SQUEAKY,-5.762676209997153e-06,5.762676209997153e-06,T_place_SQUEAKY,False
lag_12__seconds_in_round,-5.762075943493983e-06,5.762075943493983e-06,seconds_in_round,False
lag_07__T_place_STREET,-5.760738076787675e-06,5.760738076787675e-06,T_place_STREET,False
lag_11__CT_place_MAIN,-5.760141448263312e-06,5.760141448263312e-06,CT_place_MAIN,False
lag_15__CT_place_SHORTSTAIRS,-5.756125574407633e-06,5.756125574407633e-06,CT_place_SHORTSTAIRS,False
lag_03__CT_place_SHORTSTAIRS,-5.75233298150124e-06,5.75233298150124e-06,CT_place_SHORTSTAIRS,False
lag_05__CT_place_TRUCK,-5.751675871579209e-06,5.751675871579209e-06,CT_place_TRUCK,False
lag_13__T_place_VENDING,-5.748027433583047e-06,5.748027433583047e-06,T_place_VENDING,False
lag_06__T_place_SHORTSTAIRS,-5.735627837566426e-06,5.735627837566426e-06,T_place_SHORTSTAIRS,False
lag_11__CT_place_HELL,-5.73033048567595e-06,5.73033048567595e-06,CT_place_HELL,False
lag_05__CT_place_ARAMP,-5.718392003473127e-06,5.718392003473127e-06,CT_place_ARAMP,False
lag_08__T_place_STREET,-5.716455689253053e-06,5.716455689253053e-06,T_place_STREET,False
lag_02__T_place_MIDDOORS,-5.7067754823947325e-06,5.7067754823947325e-06,T_place_MIDDOORS,False
lag_11__T_place_LOWERPARK,-5.7005472626769915e-06,5.7005472626769915e-06,T_place_LOWERPARK,False
lag_12__T2__Y,-5.696846983482828e-06,5.696846983482828e-06,T2__Y,False
lag_02__T_place_MAINHALL,-5.696282187273027e-06,5.696282187273027e-06,T_place_MAINHALL,False
lag_06__CT_place_CANAL,-5.6924845921457745e-06,5.6924845921457745e-06,CT_place_CANAL,False
lag_15__T_place_MIDDOORS,-5.68737277717446e-06,5.68737277717446e-06,T_place_MIDDOORS,False
lag_03__T_place_MIDDOORS,-5.683622021024348e-06,5.683622021024348e-06,T_place_MIDDOORS,False
lag_15__T_place_MAINHALL,-5.676914952346124e-06,5.676914952346124e-06,T_place_MAINHALL,False
lag_03__T_place_MAINHALL,-5.673169653164223e-06,5.673169653164223e-06,T_place_MAINHALL,False
lag_09__CT_place_LONGDOG,-5.6708040574449115e-06,5.6708040574449115e-06,CT_place_LONGDOG,False
lag_14__T_utility_damage_last_5s,-5.668998710461892e-06,5.668998710461892e-06,T_utility_damage_last_5s,True
lag_11__T_place_SECRET,-5.665474873239873e-06,5.665474873239873e-06,T_place_SECRET,False
lag_02__CT_place_ADMIN,-5.656478606397286e-06,5.656478606397286e-06,CT_place_ADMIN,False
lag_10__T_place_SHORTSTAIRS,-5.644968496198999e-06,5.644968496198999e-06,T_place_SHORTSTAIRS,False
lag_15__CT_place_ADMIN,-5.637244612444192e-06,5.637244612444192e-06,CT_place_ADMIN,False
lag_02__T_place_SIDEENTRANCE,-5.634789886244107e-06,5.634789886244107e-06,T_place_SIDEENTRANCE,False
lag_03__CT_place_ADMIN,-5.633529781334801e-06,5.633529781334801e-06,CT_place_ADMIN,False
lag_04__CT_place_SIDEENTRANCE,-5.633299679175252e-06,5.633299679175252e-06,CT_place_SIDEENTRANCE,False
lag_12__T4__has_bomb,5.629453426081454e-06,5.629453426081454e-06,T4__has_bomb,False
lag_13__T_place_SHORTSTAIRS,-5.627185146295233e-06,5.627185146295233e-06,T_place_SHORTSTAIRS,False
lag_15__T_place_SIDEENTRANCE,-5.6156263781304006e-06,5.6156263781304006e-06,T_place_SIDEENTRANCE,False
lag_08__T2__is_walking,5.613931080006296e-06,5.613931080006296e-06,T2__is_walking,False
lag_03__T_place_SIDEENTRANCE,-5.611926098936237e-06,5.611926098936237e-06,T_place_SIDEENTRANCE,False
lag_09__CT_utility_damage_last_5s,-5.611472261080053e-06,5.611472261080053e-06,CT_utility_damage_last_5s,True
lag_10__CT_place_CANAL,-5.602504188573221e-06,5.602504188573221e-06,CT_place_CANAL,False
lag_01__CT_place_UPPERTUNNEL,-5.589951797446702e-06,5.589951797446702e-06,CT_place_UPPERTUNNEL,False
lag_03__T1__molly,-5.587982286670012e-06,5.587982286670012e-06,T1__molly,True
lag_01__CT_place_HUT,-5.586762199527584e-06,5.586762199527584e-06,CT_place_HUT,False
lag_06__T_place_PIT,-5.586366569332313e-06,5.586366569332313e-06,T_place_PIT,False
lag_13__CT_place_CANAL,-5.584855898632668e-06,5.584855898632668e-06,CT_place_CANAL,False
lag_09__CT_place_TSIDEUPPER,-5.581650384556269e-06,5.581650384556269e-06,CT_place_TSIDEUPPER,False
lag_04__CT_place_LONGDOORS,-5.578209311352111e-06,5.578209311352111e-06,CT_place_LONGDOORS,False
lag_06__CT_place_STAIRS,-5.575153409154154e-06,5.575153409154154e-06,CT_place_STAIRS,False
lag_11__CT_place_LOWERTUNNEL,-5.573678208747879e-06,5.573678208747879e-06,CT_place_LOWERTUNNEL,False
lag_11__CT_defusing_count,-5.5732380133122206e-06,5.5732380133122206e-06,CT_defusing_count,False
lag_11__CT_place_QUAD,-5.56742543267319e-06,5.56742543267319e-06,CT_place_QUAD,False
lag_05__CT_place_JUNGLE,-5.565883384406334e-06,5.565883384406334e-06,CT_place_JUNGLE,False
lag_06__T_place_OUTSIDETUNNEL,-5.56037684873445e-06,5.56037684873445e-06,T_place_OUTSIDETUNNEL,False
lag_03__T4__duck_amount,5.54986581846606e-06,5.54986581846606e-06,T4__duck_amount,False
lag_04__T_place_SECONDMID,-5.549253728531767e-06,5.549253728531767e-06,T_place_SECONDMID,False
lag_02__T_place_LOWERMID,-5.536954631679691e-06,5.536954631679691e-06,T_place_LOWERMID,False
lag_01__T_place_UPPERPARK,-5.536823209695285e-06,5.536823209695285e-06,T_place_UPPERPARK,False
lag_02__CT_place_WATER,-5.530715498025529e-06,5.530715498025529e-06,CT_place_WATER,False
lag_01__CT_place_LADDER,-5.522381343325833e-06,5.522381343325833e-06,CT_place_LADDER,False
lag_15__T_place_LOWERMID,-5.518129910342395e-06,5.518129910342395e-06,T_place_LOWERMID,False
lag_04__T_place_UNDERPASS,-5.515924385690596e-06,5.515924385690596e-06,T_place_UNDERPASS,False
lag_04__T3__flash_duration,-5.514993517863331e-06,5.514993517863331e-06,T3__flash_duration,True
lag_03__T_place_LOWERMID,-5.514488748303847e-06,5.514488748303847e-06,T_place_LOWERMID,False
lag_15__CT_place_WATER,-5.511911695066374e-06,5.511911695066374e-06,CT_place_WATER,False
lag_01__T_flash_duration_sum,5.511402378033381e-06,5.511402378033381e-06,T_flash_duration_sum,True
lag_03__CT_place_WATER,-5.508276899490738e-06,5.508276899490738e-06,CT_place_WATER,False
lag_10__T_place_PIT,-5.4980664572212845e-06,5.4980664572212845e-06,T_place_PIT,False
lag_02__T_place_LONGDOG,-5.496188805409474e-06,5.496188805409474e-06,T_place_LONGDOG,False
lag_06__T_place_WATER,-5.494230663316557e-06,5.494230663316557e-06,T_place_WATER,False
lag_10__CT_place_STAIRS,-5.487028829520568e-06,5.487028829520568e-06,CT_place_STAIRS,False
lag_13__T_place_PIT,-5.480741492647212e-06,5.480741492647212e-06,T_place_PIT,False
lag_09__T2__smoke,-5.4794527386548e-06,5.4794527386548e-06,T2__smoke,True
lag_01__T_place_TUNNEL,-5.477977992995875e-06,5.477977992995875e-06,T_place_TUNNEL,False
lag_15__T_place_LONGDOG,-5.4774991440353915e-06,5.4774991440353915e-06,T_place_LONGDOG,False
lag_04__CT_place_PALACEINTERIOR,-5.476865680975607e-06,5.476865680975607e-06,CT_place_PALACEINTERIOR,False
lag_09__CT_place_MAIN,-5.475495527207386e-06,5.475495527207386e-06,CT_place_MAIN,False
lag_03__T_place_LONGDOG,-5.473887540574651e-06,5.473887540574651e-06,T_place_LONGDOG,False
lag_10__T_place_OUTSIDETUNNEL,-5.4724846449971665e-06,5.4724846449971665e-06,T_place_OUTSIDETUNNEL,False
lag_13__active_smokes_total,5.47035733688972e-06,5.47035733688972e-06,active_smokes_total,True
lag_13__CT_place_STAIRS,-5.4697411542292684e-06,5.4697411542292684e-06,CT_place_STAIRS,False
lag_01__T_place_SIDEHALL,-5.468524705065647e-06,5.468524705065647e-06,T_place_SIDEHALL,False
lag_10__CT2__smoke,-5.463018624141114e-06,5.463018624141114e-06,CT2__smoke,True
lag_01__CT_place_MAINHALL,-5.461925411509583e-06,5.461925411509583e-06,CT_place_MAINHALL,False
lag_05__T_place_RAMP,-5.459465683088638e-06,5.459465683088638e-06,T_place_RAMP,False
lag_13__T_place_OUTSIDETUNNEL,-5.45525017514592e-06,5.45525017514592e-06,T_place_OUTSIDETUNNEL,False
lag_06__T_place_TSTAIRS,-5.454827714856947e-06,5.454827714856947e-06,T_place_TSTAIRS,False
lag_06__T_place_FOUNTAIN,-5.45299781151698e-06,5.45299781151698e-06,T_place_FOUNTAIN,False
lag_11__T_place_IVY,-5.451237484521698e-06,5.451237484521698e-06,T_place_IVY,False
lag_09__CT_place_HELL,-5.447158400784247e-06,5.447158400784247e-06,CT_place_HELL,False
lag_01__CT_place_HOLE,-5.440902896225452e-06,5.440902896225452e-06,CT_place_HOLE,False
lag_11__T_place_TROPHY,-5.439861979539273e-06,5.439861979539273e-06,T_place_TROPHY,False
lag_04__CT5__flash_duration,-5.434752438304713e-06,5.434752438304713e-06,CT5__flash_duration,True
lag_05__T_place_BACKOFB,-5.431500539998524e-06,5.431500539998524e-06,T_place_BACKOFB,False
lag_04__CT2__shots_fired,5.431271347333677e-06,5.431271347333677e-06,CT2__shots_fired,False
lag_09__T_place_LOWERPARK,-5.418845830718055e-06,5.418845830718055e-06,T_place_LOWERPARK,False
lag_12__CT_place_UPPERTUNNEL,-5.414978659246117e-06,5.414978659246117e-06,CT_place_UPPERTUNNEL,False
lag_10__T4__molly,-5.414299721451243e-06,5.414299721451243e-06,T4__molly,True
lag_02__T_place_VENDING,-5.4123488553159405e-06,5.4123488553159405e-06,T_place_VENDING,False
lag_14__CT_place_UPPERTUNNEL,-5.412070095189847e-06,5.412070095189847e-06,CT_place_UPPERTUNNEL,False
lag_12__CT_place_HUT,-5.41188683200744e-06,5.41188683200744e-06,CT_place_HUT,False
lag_04__CT_alive,-5.4109350458020344e-06,5.4109350458020344e-06,CT_alive,False
lag_06__T_place_TUNNELSTAIRS,-5.409137884271331e-06,5.409137884271331e-06,T_place_TUNNELSTAIRS,False
lag_14__CT_place_HUT,-5.408982815424679e-06,5.408982815424679e-06,CT_place_HUT,False
lag_10__T_place_WATER,-5.407385287981015e-06,5.407385287981015e-06,T_place_WATER,False
lag_07__CT_place_UPPERTUNNEL,-5.399105702963425e-06,5.399105702963425e-06,CT_place_UPPERTUNNEL,False
lag_06__T2__is_scoped,-5.398018402047455e-06,5.398018402047455e-06,T2__is_scoped,False
lag_07__CT_place_HUT,-5.396027972892625e-06,5.396027972892625e-06,CT_place_HUT,False
lag_15__T_place_VENDING,-5.393945230025565e-06,5.393945230025565e-06,T_place_VENDING,False
lag_03__T_place_VENDING,-5.390385013015475e-06,5.390385013015475e-06,T_place_VENDING,False
lag_13__T_place_WATER,-5.3903513617115095e-06,5.3903513617115095e-06,T_place_WATER,False
lag_09__T_place_SECRET,-5.385510121413972e-06,5.385510121413972e-06,T_place_SECRET,False
lag_04__CT2__flash_duration,-5.376955414249096e-06,5.376955414249096e-06,CT2__flash_duration,True
lag_11__CT_place_UPPERPARK,-5.375562977860682e-06,5.375562977860682e-06,CT_place_UPPERPARK,False
lag_10__T_place_TSTAIRS,-5.368608526623575e-06,5.368608526623575e-06,T_place_TSTAIRS,False
lag_06__T_place_LONGA,-5.368321126297815e-06,5.368321126297815e-06,T_place_LONGA,False
lag_10__T_place_FOUNTAIN,-5.36680545337731e-06,5.36680545337731e-06,T_place_FOUNTAIN,False
lag_12__T_place_UPPERPARK,-5.363514446798945e-06,5.363514446798945e-06,T_place_UPPERPARK,False
lag_14__T_place_UPPERPARK,-5.360635441320483e-06,5.360635441320483e-06,T_place_UPPERPARK,False
lag_11__T_flashes_last_5s,-5.358308499125997e-06,5.358308499125997e-06,T_flashes_last_5s,True
lag_08__CT_place_UPPERTUNNEL,-5.357598638511263e-06,5.357598638511263e-06,CT_place_UPPERTUNNEL,False
lag_08__CT_place_HUT,-5.3545436458080076e-06,5.3545436458080076e-06,CT_place_HUT,False
lag_13__T_place_TSTAIRS,-5.3516928346653e-06,5.3516928346653e-06,T_place_TSTAIRS,False
lag_13__T_place_FOUNTAIN,-5.349896582629299e-06,5.349896582629299e-06,T_place_FOUNTAIN,False
lag_12__CT_place_LADDER,-5.349523689801572e-06,5.349523689801572e-06,CT_place_LADDER,False
lag_05__CT_place_EXTENDEDA,-5.349408638721798e-06,5.349408638721798e-06,CT_place_EXTENDEDA,False
lag_07__T_place_UPPERPARK,-5.347792921384098e-06,5.347792921384098e-06,T_place_UPPERPARK,False
lag_14__CT_place_LADDER,-5.346651505533373e-06,5.346651505533373e-06,CT_place_LADDER,False
lag_11__CT_place_LOBBY,-5.342697932064766e-06,5.342697932064766e-06,CT_place_LOBBY,False
lag_04__CT3__flash,-5.337662969395751e-06,5.337662969395751e-06,CT3__flash,True
lag_07__CT_place_LADDER,-5.3338444558903575e-06,5.3338444558903575e-06,CT_place_LADDER,False
lag_01__CT_place_FOUNTAIN,-5.3313010539568495e-06,5.3313010539568495e-06,CT_place_FOUNTAIN,False
lag_06__CT_place_VENTS,-5.330748990672873e-06,5.330748990672873e-06,CT_place_VENTS,False
lag_01__T_place_HUT,-5.327695816959022e-06,5.327695816959022e-06,T_place_HUT,False
lag_10__T_place_TUNNELSTAIRS,-5.323635377862956e-06,5.323635377862956e-06,T_place_TUNNELSTAIRS,False
lag_10__T2__is_scoped,-5.312690518621821e-06,5.312690518621821e-06,T2__is_scoped,False
lag_11__T_place_DUMPSTER,-5.311854692990892e-06,5.311854692990892e-06,T_place_DUMPSTER,False
lag_13__T_place_TUNNELSTAIRS,-5.306866569299018e-06,5.306866569299018e-06,T_place_TUNNELSTAIRS,False
lag_08__T_place_UPPERPARK,-5.306681941874558e-06,5.306681941874558e-06,T_place_UPPERPARK,False
lag_12__T_place_TUNNEL,-5.306507773639169e-06,5.306507773639169e-06,T_place_TUNNEL,False
lag_14__T_place_TUNNEL,-5.3036601457279176e-06,5.3036601457279176e-06,T_place_TUNNEL,False
lag_11__T_place_EXTENDEDA,-5.3033077165309805e-06,5.3033077165309805e-06,T_place_EXTENDEDA,False
lag_02__T_place_SHORTSTAIRS,-5.298562882671831e-06,5.298562882671831e-06,T_place_SHORTSTAIRS,False
lag_09__CT_place_LOWERTUNNEL,-5.298248197505018e-06,5.298248197505018e-06,CT_place_LOWERTUNNEL,False
lag_11__CT_place_TSPAWN,-5.297913048707414e-06,5.297913048707414e-06,CT_place_TSPAWN,False
lag_09__CT_defusing_count,-5.297830284689553e-06,5.297830284689553e-06,CT_defusing_count,False
lag_12__T_place_SIDEHALL,-5.297349161992315e-06,5.297349161992315e-06,T_place_SIDEHALL,False
lag_13__T2__is_scoped,-5.295953542372445e-06,5.295953542372445e-06,T2__is_scoped,False
lag_14__T_place_SIDEHALL,-5.294505626807222e-06,5.294505626807222e-06,T_place_SIDEHALL,False
lag_08__CT_place_LADDER,-5.292840342008276e-06,5.292840342008276e-06,CT_place_LADDER,False
lag_09__CT_place_QUAD,-5.2923014663974755e-06,5.2923014663974755e-06,CT_place_QUAD,False
lag_12__CT_place_MAINHALL,-5.290961325954413e-06,5.290961325954413e-06,CT_place_MAINHALL,False
lag_07__T_place_TUNNEL,-5.29095450474415e-06,5.29095450474415e-06,T_place_TUNNEL,False
lag_10__T_macro_OTHER,5.290897206577938e-06,5.290897206577938e-06,T_macro_OTHER,False
lag_09__CT1__has_helmet,5.290243734634714e-06,5.290243734634714e-06,CT1__has_helmet,False
lag_04__CT3__flash_duration,-5.290007720759604e-06,5.290007720759604e-06,CT3__flash_duration,True
lag_14__CT_place_MAINHALL,-5.2881196097587235e-06,5.2881196097587235e-06,CT_place_MAINHALL,False
lag_01__CT_place_SECRET,-5.287500698614167e-06,5.287500698614167e-06,CT_place_SECRET,False
lag_10__T_place_LONGA,-5.283468908601208e-06,5.283468908601208e-06,T_place_LONGA,False
lag_07__T_place_SIDEHALL,-5.281825451675104e-06,5.281825451675104e-06,T_place_SIDEHALL,False
lag_15__T_place_SHORTSTAIRS,-5.28055124959792e-06,5.28055124959792e-06,T_place_SHORTSTAIRS,False
lag_03__T_place_SHORTSTAIRS,-5.27706788489013e-06,5.27706788489013e-06,T_place_SHORTSTAIRS,False
lag_07__CT_place_MAINHALL,-5.275452622299781e-06,5.275452622299781e-06,CT_place_MAINHALL,False
lag_04__CT_place_HOUSE,-5.2730033530679066e-06,5.2730033530679066e-06,CT_place_HOUSE,False
lag_12__CT_place_HOLE,-5.270595011097612e-06,5.270595011097612e-06,CT_place_HOLE,False
lag_14__CT_place_HOLE,-5.267765573080396e-06,5.267765573080396e-06,CT_place_HOLE,False
lag_13__T_place_LONGA,-5.266816970106447e-06,5.266816970106447e-06,T_place_LONGA,False
lag_04__CT4__flash_duration,-5.264296760287834e-06,5.264296760287834e-06,CT4__flash_duration,True
lag_13__CT_unique_places,5.264097580948146e-06,5.264097580948146e-06,CT_unique_places,False
lag_04__CT_place_SIDEHALL,-5.2587724894692656e-06,5.2587724894692656e-06,CT_place_SIDEHALL,False
lag_02__CT_place_CANAL,-5.25870791534544e-06,5.25870791534544e-06,CT_place_CANAL,False
lag_07__CT_place_HOLE,-5.2551517910615075e-06,5.2551517910615075e-06,CT_place_HOLE,False
lag_05__CT_place_LOWERPARK,-5.252093615126796e-06,5.252093615126796e-06,CT_place_LOWERPARK,False
lag_08__T_place_TUNNEL,-5.250282356428215e-06,5.250282356428215e-06,T_place_TUNNEL,False
lag_10__CT_place_VENTS,-5.246490218269173e-06,5.246490218269173e-06,CT_place_VENTS,False
lag_04__T_place_CANAL,-5.244106887403177e-06,5.244106887403177e-06,T_place_CANAL,False
lag_06__CT_place_LONGDOG,-5.241863163973903e-06,5.241863163973903e-06,CT_place_LONGDOG,False
lag_08__T_place_SIDEHALL,-5.241221970209153e-06,5.241221970209153e-06,T_place_SIDEHALL,False
lag_15__CT_place_CANAL,-5.2408249757718295e-06,5.2408249757718295e-06,CT_place_CANAL,False
lag_03__CT_place_CANAL,-5.237370260147145e-06,5.237370260147145e-06,CT_place_CANAL,False
lag_04__T1__is_scoped,-5.236944616626715e-06,5.236944616626715e-06,T1__is_scoped,False
lag_08__CT_place_MAINHALL,-5.2349009820318315e-06,5.2349009820318315e-06,CT_place_MAINHALL,False
lag_13__CT_place_VENTS,-5.229961061559152e-06,5.229961061559152e-06,CT_place_VENTS,False
lag_08__CT_place_HOLE,-5.214751581661403e-06,5.214751581661403e-06,CT_place_HOLE,False
lag_15__CT_utility_inv,5.20671665071859e-06,5.20671665071859e-06,CT_utility_inv,True
lag_14__T1__smoke,-5.204231456445996e-06,5.204231456445996e-06,T1__smoke,True
lag_11__T_place_STREET,-5.20123785463511e-06,5.20123785463511e-06,T_place_STREET,False
lag_01__T5__flash_duration,-5.201154181122547e-06,5.201154181122547e-06,T5__flash_duration,True
lag_05__T_place_ROOF,-5.186878752283519e-06,5.186878752283519e-06,T_place_ROOF,False
lag_09__T_place_IVY,-5.181859251024434e-06,5.181859251024434e-06,T_place_IVY,False
lag_05__CT_place_BACKOFB,-5.1800925575662404e-06,5.1800925575662404e-06,CT_place_BACKOFB,False
lag_09__T_place_TROPHY,-5.171040811546845e-06,5.171040811546845e-06,T_place_TROPHY,False
lag_12__CT_place_FOUNTAIN,-5.164422418602044e-06,5.164422418602044e-06,CT_place_FOUNTAIN,False
lag_14__CT_place_FOUNTAIN,-5.161648914508987e-06,5.161648914508987e-06,CT_place_FOUNTAIN,False
lag_12__T_place_HUT,-5.160931777936639e-06,5.160931777936639e-06,T_place_HUT,False
lag_02__T_place_PIT,-5.160673026693985e-06,5.160673026693985e-06,T_place_PIT,False
lag_06__CT_place_TSIDEUPPER,-5.159455213288311e-06,5.159455213288311e-06,CT_place_TSIDEUPPER,False
lag_10__CT_place_LONGDOG,-5.159005468158284e-06,5.159005468158284e-06,CT_place_LONGDOG,False
lag_14__T_place_HUT,-5.158161457075039e-06,5.158161457075039e-06,T_place_HUT,False
lag_01__CT_flashes_last_5s,-5.15498140885029e-06,5.15498140885029e-06,CT_flashes_last_5s,True
lag_02__CT_place_STAIRS,-5.150319793756353e-06,5.150319793756353e-06,CT_place_STAIRS,False
lag_07__CT_place_FOUNTAIN,-5.149284788785735e-06,5.149284788785735e-06,CT_place_FOUNTAIN,False
lag_01__T_place_MAIN,-5.147397587279556e-06,5.147397587279556e-06,T_place_MAIN,False
lag_07__T_place_HUT,-5.1458068810461555e-06,5.1458068810461555e-06,T_place_HUT,False
lag_15__T_place_PIT,-5.143127509654732e-06,5.143127509654732e-06,T_place_PIT,False
lag_13__CT_place_LONGDOG,-5.142755071574356e-06,5.142755071574356e-06,CT_place_LONGDOG,False
lag_05__CT_place_HUTROOF,-5.14206431034836e-06,5.14206431034836e-06,CT_place_HUTROOF,False
lag_03__T_place_PIT,-5.139732820680365e-06,5.139732820680365e-06,T_place_PIT,False
lag_02__T_place_OUTSIDETUNNEL,-5.1366705520194955e-06,5.1366705520194955e-06,T_place_OUTSIDETUNNEL,False
lag_04__T_bomb_zone_count,-5.133073500473984e-06,5.133073500473984e-06,T_bomb_zone_count,False
lag_15__CT_place_STAIRS,-5.132802925800206e-06,5.132802925800206e-06,CT_place_STAIRS,False
lag_05__T_place_SILO,-5.131264970259508e-06,5.131264970259508e-06,T_place_SILO,False
lag_03__CT_place_STAIRS,-5.12941915076226e-06,5.12941915076226e-06,CT_place_STAIRS,False
lag_05__CT_place_GARAGE,-5.123441951582208e-06,5.123441951582208e-06,CT_place_GARAGE,False
lag_12__CT_place_SECRET,-5.121991762280231e-06,5.121991762280231e-06,CT_place_SECRET,False
lag_14__CT_place_SECRET,-5.1192432692914736e-06,5.1192432692914736e-06,CT_place_SECRET,False
lag_15__T_place_OUTSIDETUNNEL,-5.11920052304049e-06,5.11920052304049e-06,T_place_OUTSIDETUNNEL,False
lag_05__T_place_CTSPAWN,-5.117678483657073e-06,5.117678483657073e-06,T_place_CTSPAWN,False
lag_03__T_place_OUTSIDETUNNEL,-5.115828116686316e-06,5.115828116686316e-06,T_place_OUTSIDETUNNEL,False
lag_09__CT_place_UPPERPARK,-5.109921858093003e-06,5.109921858093003e-06,CT_place_UPPERPARK,False
lag_08__CT_place_FOUNTAIN,-5.1096990318910684e-06,5.1096990318910684e-06,CT_place_FOUNTAIN,False
lag_07__CT_place_SECRET,-5.106980097480118e-06,5.106980097480118e-06,CT_place_SECRET,False
lag_08__T_place_HUT,-5.106249773234595e-06,5.106249773234595e-06,T_place_HUT,False
lag_09__T_flashes_last_5s,-5.09352003064123e-06,5.09352003064123e-06,T_flashes_last_5s,True
lag_09__CT_place_LOBBY,-5.078682988823857e-06,5.078682988823857e-06,CT_place_LOBBY,False
lag_10__CT_place_TSIDEUPPER,-5.077903097117087e-06,5.077903097117087e-06,CT_place_TSIDEUPPER,False
lag_02__T_place_WATER,-5.075561148260022e-06,5.075561148260022e-06,T_place_WATER,False
lag_06__CT_flashed_players,-5.071476607554359e-06,5.071476607554359e-06,CT_flashed_players,False
lag_08__CT_place_SECRET,-5.067722668172792e-06,5.067722668172792e-06,CT_place_SECRET,False
lag_13__CT_place_TSIDEUPPER,-5.061904175818199e-06,5.061904175818199e-06,CT_place_TSIDEUPPER,False
lag_06__CT_place_MAIN,-5.061333467892837e-06,5.061333467892837e-06,CT_place_MAIN,False
lag_15__T_place_WATER,-5.058301667304477e-06,5.058301667304477e-06,T_place_WATER,False
lag_03__T_place_WATER,-5.054965640738374e-06,5.054965640738374e-06,T_place_WATER,False
lag_04__T_place_TUNNELS,-5.0503681450209115e-06,5.0503681450209115e-06,T_place_TUNNELS,False
lag_09__T_place_DUMPSTER,-5.049360424891347e-06,5.049360424891347e-06,T_place_DUMPSTER,False
lag_09__T_place_EXTENDEDA,-5.041238182457164e-06,5.041238182457164e-06,T_place_EXTENDEDA,False
lag_02__T_place_TSTAIRS,-5.0391608965583146e-06,5.0391608965583146e-06,T_place_TSTAIRS,False
lag_02__T_place_FOUNTAIN,-5.037468781665666e-06,5.037468781665666e-06,T_place_FOUNTAIN,False
lag_09__CT_place_TSPAWN,-5.036107722844463e-06,5.036107722844463e-06,CT_place_TSPAWN,False
lag_06__CT_place_HELL,-5.0351318350294605e-06,5.0351318350294605e-06,CT_place_HELL,False
lag_01__CT_place_ELECTRICALBOX,-5.034051810071105e-06,5.034051810071105e-06,CT_place_ELECTRICALBOX,False
lag_01__CT1__utility_total,-5.030434294894803e-06,5.030434294894803e-06,CT1__utility_total,True
lag_05__CT_place_LIBRARY,-5.02702641824726e-06,5.02702641824726e-06,CT_place_LIBRARY,False
lag_15__T_place_TSTAIRS,-5.022029199608369e-06,5.022029199608369e-06,T_place_TSTAIRS,False
lag_15__T_place_FOUNTAIN,-5.020341177441878e-06,5.020341177441878e-06,T_place_FOUNTAIN,False
lag_03__T_place_TSTAIRS,-5.018715455662459e-06,5.018715455662459e-06,T_place_TSTAIRS,False
lag_03__T_place_FOUNTAIN,-5.017030616727425e-06,5.017030616727425e-06,T_place_FOUNTAIN,False
lag_06__T_place_LOWERPARK,-5.008962943975348e-06,5.008962943975348e-06,T_place_LOWERPARK,False
lag_05__T_place_BRIDGE,-4.997405085305218e-06,4.997405085305218e-06,T_place_BRIDGE,False
lag_02__T_place_TUNNELSTAIRS,-4.996953521185787e-06,4.996953521185787e-06,T_place_TUNNELSTAIRS,False
lag_12__CT_flashes_last_5s,-4.993625225324649e-06,4.993625225324649e-06,CT_flashes_last_5s,True
lag_14__CT_flashes_last_5s,-4.990944489691174e-06,4.990944489691174e-06,CT_flashes_last_5s,True
lag_05__T_place_SQUEAKY,-4.9891827984538395e-06,4.9891827984538395e-06,T_place_SQUEAKY,False
lag_02__T2__is_scoped,-4.986678959539859e-06,4.986678959539859e-06,T2__is_scoped,False
lag_12__T_place_MAIN,-4.9862746891449206e-06,4.9862746891449206e-06,T_place_MAIN,False
lag_14__T_place_MAIN,-4.983594863006147e-06,4.983594863006147e-06,T_place_MAIN,False
lag_10__CT_place_MAIN,-4.981325218977872e-06,4.981325218977872e-06,CT_place_MAIN,False
lag_05__CT_place_SHORTSTAIRS,-4.980226549378131e-06,4.980226549378131e-06,CT_place_SHORTSTAIRS,False
lag_15__T_place_TUNNELSTAIRS,-4.979963250661967e-06,4.979963250661967e-06,T_place_TUNNELSTAIRS,False
lag_07__CT_flashes_last_5s,-4.978986908099614e-06,4.978986908099614e-06,CT_flashes_last_5s,True
lag_06__T_place_SECRET,-4.978146534995176e-06,4.978146534995176e-06,T_place_SECRET,False
lag_14__CT5__utility_total,4.977365279046353e-06,4.977365279046353e-06,CT5__utility_total,True
lag_03__T_place_TUNNELSTAIRS,-4.976675427315058e-06,4.976675427315058e-06,T_place_TUNNELSTAIRS,False
lag_07__T_place_MAIN,-4.9716595640347805e-06,4.9716595640347805e-06,T_place_MAIN,False
lag_15__T2__is_scoped,-4.969718702341197e-06,4.969718702341197e-06,T2__is_scoped,False
lag_03__T2__is_scoped,-4.966444976162165e-06,4.966444976162165e-06,T2__is_scoped,False
lag_13__CT_place_MAIN,-4.965632342646131e-06,4.965632342646131e-06,CT_place_MAIN,False
lag_01__round_num,-4.959484158462146e-06,4.959484158462146e-06,round_num,False
lag_02__T_place_LONGA,-4.959248144587036e-06,4.959248144587036e-06,T_place_LONGA,False
lag_04__CT_place_BDOORS,-4.958466888638213e-06,4.958466888638213e-06,CT_place_BDOORS,False
lag_10__CT_place_HELL,-4.955543772666715e-06,4.955543772666715e-06,CT_place_HELL,False
lag_02__utility_damage_diff_last_5s,4.944949978380464e-06,4.944949978380464e-06,utility_damage_diff_last_5s,True
lag_09__T_place_STREET,-4.944208285451168e-06,4.944208285451168e-06,T_place_STREET,False
lag_15__T_place_LONGA,-4.942383384332061e-06,4.942383384332061e-06,T_place_LONGA,False
lag_08__CT_flashes_last_5s,-4.940713552059606e-06,4.940713552059606e-06,CT_flashes_last_5s,True
lag_13__CT_place_HELL,-4.939931386616081e-06,4.939931386616081e-06,CT_place_HELL,False
lag_03__T_place_LONGA,-4.93912557431031e-06,4.93912557431031e-06,T_place_LONGA,False
lag_08__T_place_MAIN,-4.93344168717158e-06,4.93344168717158e-06,T_place_MAIN,False
lag_10__T_place_LOWERPARK,-4.929784608975751e-06,4.929784608975751e-06,T_place_LOWERPARK,False
lag_02__CT_place_VENTS,-4.9245409172726795e-06,4.9245409172726795e-06,CT_place_VENTS,False
lag_05__T_place_MIDDOORS,-4.920741048408672e-06,4.920741048408672e-06,T_place_MIDDOORS,False
lag_13__T_place_LOWERPARK,-4.914257715427084e-06,4.914257715427084e-06,T_place_LOWERPARK,False
lag_05__T_place_MAINHALL,-4.911689757136628e-06,4.911689757136628e-06,T_place_MAINHALL,False
lag_15__CT_place_VENTS,-4.9077907533501275e-06,4.9077907533501275e-06,CT_place_VENTS,False
lag_03__CT_place_VENTS,-4.904557499685325e-06,4.904557499685325e-06,CT_place_VENTS,False
lag_10__T_place_SECRET,-4.899458417639835e-06,4.899458417639835e-06,T_place_SECRET,False
lag_06__CT_place_LOWERTUNNEL,-4.897490725852549e-06,4.897490725852549e-06,CT_place_LOWERTUNNEL,False
lag_06__CT_defusing_count,-4.897098278888734e-06,4.897098278888734e-06,CT_defusing_count,False
lag_01__CT_place_LOCKERROOM,-4.895889105682727e-06,4.895889105682727e-06,CT_place_LOCKERROOM,False
lag_06__CT_place_QUAD,-4.891992375632981e-06,4.891992375632981e-06,CT_place_QUAD,False
lag_13__T_place_SECRET,-4.884024747298099e-06,4.884024747298099e-06,T_place_SECRET,False
lag_04__T_place_TSIDELOWER,-4.883002930000657e-06,4.883002930000657e-06,T_place_TSIDELOWER,False
lag_05__CT_place_ADMIN,-4.8773704293125775e-06,4.8773704293125775e-06,CT_place_ADMIN,False
lag_12__CT_place_ELECTRICALBOX,-4.876475031778682e-06,4.876475031778682e-06,CT_place_ELECTRICALBOX,False
lag_11__CT_place_UPPERTUNNEL,-4.874725618719822e-06,4.874725618719822e-06,CT_place_UPPERTUNNEL,False
lag_14__CT_place_ELECTRICALBOX,-4.873859325016383e-06,4.873859325016383e-06,CT_place_ELECTRICALBOX,False
lag_11__CT_place_HUT,-4.871948021900607e-06,4.871948021900607e-06,CT_place_HUT,False
lag_04__CT2__is_scoped,-4.867290499532828e-06,4.867290499532828e-06,CT2__is_scoped,False
lag_07__CT_place_ELECTRICALBOX,-4.862187779508531e-06,4.862187779508531e-06,CT_place_ELECTRICALBOX,False
lag_05__T_place_SIDEENTRANCE,-4.858664851781214e-06,4.858664851781214e-06,T_place_SIDEENTRANCE,False
lag_01__CT_place_CONTROL,-4.8553251872363035e-06,4.8553251872363035e-06,CT_place_CONTROL,False
lag_03__CT1__utility_total,-4.848297066928353e-06,4.848297066928353e-06,CT1__utility_total,True
lag_02__CT_place_LONGDOG,-4.842424914386356e-06,4.842424914386356e-06,CT_place_LONGDOG,False
lag_00__active_infernos_total,-4.841613190365024e-06,4.841613190365024e-06,active_infernos_total,True
lag_04__CT_macro_B,-4.839635039388668e-06,4.839635039388668e-06,CT_macro_B,False
lag_04__CT_place_BOMBSITEB,-4.839635039388668e-06,4.839635039388668e-06,CT_place_BOMBSITEB,False
lag_11__T_place_UPPERPARK,-4.828397777600912e-06,4.828397777600912e-06,T_place_UPPERPARK,False
lag_15__CT_place_LONGDOG,-4.825956693821354e-06,4.825956693821354e-06,CT_place_LONGDOG,False
lag_08__CT_place_ELECTRICALBOX,-4.824810275749769e-06,4.824810275749769e-06,CT_place_ELECTRICALBOX,False
lag_03__CT_place_LONGDOG,-4.822774826607201e-06,4.822774826607201e-06,CT_place_LONGDOG,False
lag_10__CT_place_LOWERTUNNEL,-4.820069534616778e-06,4.820069534616778e-06,CT_place_LOWERTUNNEL,False
lag_10__CT_defusing_count,-4.81969118482084e-06,4.81969118482084e-06,CT_defusing_count,False
lag_11__CT_place_LADDER,-4.815802185476059e-06,4.815802185476059e-06,CT_place_LADDER,False
lag_10__CT_place_QUAD,-4.814664407604141e-06,4.814664407604141e-06,CT_place_QUAD,False
lag_04__T_place_LONGDOORS,-4.811179223906947e-06,4.811179223906947e-06,T_place_LONGDOORS,False
lag_13__CT_place_LOWERTUNNEL,-4.804888249054784e-06,4.804888249054784e-06,CT_place_LOWERTUNNEL,False
lag_13__CT_defusing_count,-4.80450671602739e-06,4.80450671602739e-06,CT_defusing_count,False
lag_12__round_num,-4.804243872058578e-06,4.804243872058578e-06,round_num,False
lag_14__round_num,-4.801664999831701e-06,4.801664999831701e-06,round_num,False
lag_13__CT_place_QUAD,-4.799496764462674e-06,4.799496764462674e-06,CT_place_QUAD,False
lag_07__round_num,-4.790163984580431e-06,4.790163984580431e-06,round_num,False
lag_06__T_place_IVY,-4.789898866874864e-06,4.789898866874864e-06,T_place_IVY,False
lag_04__T_place_PALACEALLEY,-4.786774752574274e-06,4.786774752574274e-06,T_place_PALACEALLEY,False
lag_04__CT3__armor,-4.780819836014416e-06,4.780819836014416e-06,CT3__armor,False
lag_06__T_place_TROPHY,-4.779904429597082e-06,4.779904429597082e-06,T_place_TROPHY,False
lag_11__T_place_TUNNEL,-4.777079539053375e-06,4.777079539053375e-06,T_place_TUNNEL,False
lag_05__T_place_LOWERMID,-4.774305125465617e-06,4.774305125465617e-06,T_place_LOWERMID,False
lag_05__CT_place_WATER,-4.768925919051981e-06,4.768925919051981e-06,CT_place_WATER,False
lag_11__T_place_SIDEHALL,-4.768833605339751e-06,4.768833605339751e-06,T_place_SIDEHALL,False
lag_04__T_place_LOWERTUNNEL,-4.768096005136613e-06,4.768096005136613e-06,T_place_LOWERTUNNEL,False
lag_02__CT_place_TSIDEUPPER,-4.766296115121804e-06,4.766296115121804e-06,CT_place_TSIDEUPPER,False
lag_11__CT_place_MAINHALL,-4.763084689329844e-06,4.763084689329844e-06,CT_place_MAINHALL,False
lag_04__CT_place_WALKWAY,-4.7598459786968306e-06,4.7598459786968306e-06,CT_place_WALKWAY,False
lag_01__CT_place_OUTSIDELONG,-4.758267550641904e-06,4.758267550641904e-06,CT_place_OUTSIDELONG,False
lag_08__round_num,-4.753342182084452e-06,4.753342182084452e-06,round_num,False
lag_15__CT_place_TSIDEUPPER,-4.750088010041509e-06,4.750088010041509e-06,CT_place_TSIDEUPPER,False
lag_03__CT_place_TSIDEUPPER,-4.746955710288603e-06,4.746955710288603e-06,CT_place_TSIDEUPPER,False
lag_11__CT_place_HOLE,-4.744750640384154e-06,4.744750640384154e-06,CT_place_HOLE,False
lag_12__CT_place_LOCKERROOM,-4.742638338939287e-06,4.742638338939287e-06,CT_place_LOCKERROOM,False
lag_14__CT_place_LOCKERROOM,-4.740092663269024e-06,4.740092663269024e-06,CT_place_LOCKERROOM,False
lag_05__T_place_LONGDOG,-4.7391567932209e-06,4.7391567932209e-06,T_place_LONGDOG,False
lag_01__T_place_ARAMP,-4.733552032121224e-06,4.733552032121224e-06,T_place_ARAMP,False
lag_12__CT3__flash,-4.728747171611758e-06,4.728747171611758e-06,CT3__flash,True
lag_07__CT_place_LOCKERROOM,-4.72873807666474e-06,4.72873807666474e-06,CT_place_LOCKERROOM,False
lag_09__CT3__hp,4.727105988422409e-06,4.727105988422409e-06,CT3__hp,False
lag_06__CT_place_UPPERPARK,-4.723408437712351e-06,4.723408437712351e-06,CT_place_UPPERPARK,False
lag_10__T_place_IVY,-4.714187980425777e-06,4.714187980425777e-06,T_place_IVY,False
lag_06__T_flashes_last_5s,-4.708247161033796e-06,4.708247161033796e-06,T_flashes_last_5s,True
lag_10__T_place_TROPHY,-4.704349066741997e-06,4.704349066741997e-06,T_place_TROPHY,False
lag_12__CT_place_CONTROL,-4.703348167822696e-06,4.703348167822696e-06,CT_place_CONTROL,False
lag_14__CT_place_CONTROL,-4.7008238652779255e-06,4.7008238652779255e-06,CT_place_CONTROL,False
lag_13__T_place_IVY,-4.699336841440527e-06,4.699336841440527e-06,T_place_IVY,False
lag_06__CT_place_LOBBY,-4.69453198093106e-06,4.69453198093106e-06,CT_place_LOBBY,False
lag_04__CT_place_HEAVEN,-4.693225037044613e-06,4.693225037044613e-06,CT_place_HEAVEN,False
lag_08__CT_place_LOCKERROOM,-4.692386937676929e-06,4.692386937676929e-06,CT_place_LOCKERROOM,False
lag_07__CT_place_CONTROL,-4.689562956627924e-06,4.689562956627924e-06,CT_place_CONTROL,False
lag_13__T_place_TROPHY,-4.689527941081906e-06,4.689527941081906e-06,T_place_TROPHY,False
lag_02__CT_place_MAIN,-4.6756485971855e-06,4.6756485971855e-06,CT_place_MAIN,False
lag_06__T_place_DUMPSTER,-4.667424946092069e-06,4.667424946092069e-06,T_place_DUMPSTER,False
lag_05__T_place_VENDING,-4.6668665163451806e-06,4.6668665163451806e-06,T_place_VENDING,False
lag_04__CT_place_RAFTERS,-4.6631898840132635e-06,4.6631898840132635e-06,CT_place_RAFTERS,False
lag_06__T_place_EXTENDEDA,-4.659916157834232e-06,4.659916157834232e-06,T_place_EXTENDEDA,False
lag_15__CT_place_MAIN,-4.6597492655564565e-06,4.6597492655564565e-06,CT_place_MAIN,False
lag_03__CT_place_MAIN,-4.656676082959166e-06,4.656676082959166e-06,CT_place_MAIN,False
lag_06__CT_place_TSPAWN,-4.6551713239750825e-06,4.6551713239750825e-06,CT_place_TSPAWN,False
lag_01__CT_place_TMAIN,-4.654187705455115e-06,4.654187705455115e-06,CT_place_TMAIN,False
lag_08__CT_place_CONTROL,-4.6535133151337504e-06,4.6535133151337504e-06,CT_place_CONTROL,False
lag_02__CT_place_HELL,-4.651447852666024e-06,4.651447852666024e-06,CT_place_HELL,False
lag_11__CT_place_FOUNTAIN,-4.649169568438083e-06,4.649169568438083e-06,CT_place_FOUNTAIN,False
lag_10__CT_place_UPPERPARK,-4.648744834412355e-06,4.648744834412355e-06,CT_place_UPPERPARK,False
lag_11__T_place_HUT,-4.646026354748756e-06,4.646026354748756e-06,T_place_HUT,False
lag_15__CT_place_HELL,-4.635630830307491e-06,4.635630830307491e-06,CT_place_HELL,False
lag_11__T_spread_xy,4.634434390027309e-06,4.634434390027309e-06,T_spread_xy,False
lag_13__CT_place_UPPERPARK,-4.634100150724407e-06,4.634100150724407e-06,CT_place_UPPERPARK,False
lag_09__CT_place_UPPERTUNNEL,-4.633832759282086e-06,4.633832759282086e-06,CT_place_UPPERTUNNEL,False
lag_10__T_flashes_last_5s,-4.633825028577121e-06,4.633825028577121e-06,T_flashes_last_5s,True
lag_03__CT_place_HELL,-4.6325731091201305e-06,4.6325731091201305e-06,CT_place_HELL,False
lag_04__T3__is_scoped,-4.631942829291802e-06,4.631942829291802e-06,T3__is_scoped,False
lag_09__CT_place_HUT,-4.63119295091019e-06,4.63119295091019e-06,CT_place_HUT,False
lag_04__CT_place_MINI,-4.629563136404613e-06,4.629563136404613e-06,CT_place_MINI,False
lag_02__T_place_LOWERPARK,-4.627272573998198e-06,4.627272573998198e-06,T_place_LOWERPARK,False
lag_11__CT3__hp,-4.621472271537641e-06,4.621472271537641e-06,CT3__hp,False
lag_10__CT_place_LOBBY,-4.620325398718705e-06,4.620325398718705e-06,CT_place_LOBBY,False
lag_13__T_flashes_last_5s,-4.619223091140157e-06,4.619223091140157e-06,T_flashes_last_5s,True
lag_15__T_place_LOWERPARK,-4.61153513242607e-06,4.61153513242607e-06,T_place_LOWERPARK,False
lag_11__CT_place_SECRET,-4.61097079096362e-06,4.61097079096362e-06,CT_place_SECRET,False
lag_12__CT_place_OUTSIDELONG,-4.609327334037516e-06,4.609327334037516e-06,CT_place_OUTSIDELONG,False
lag_03__T_place_LOWERPARK,-4.608494691638043e-06,4.608494691638043e-06,T_place_LOWERPARK,False
lag_14__CT_place_OUTSIDELONG,-4.606852144206641e-06,4.606852144206641e-06,CT_place_OUTSIDELONG,False
lag_13__CT_place_LOBBY,-4.605766662280075e-06,4.605766662280075e-06,CT_place_LOBBY,False
lag_10__T_cash_spent_round_sum,-4.599142812367063e-06,4.599142812367063e-06,T_cash_spent_round_sum,False
lag_02__T_place_SECRET,-4.598805389832705e-06,4.598805389832705e-06,T_place_SECRET,False
lag_07__CT_place_OUTSIDELONG,-4.595815880747978e-06,4.595815880747978e-06,CT_place_OUTSIDELONG,False
lag_10__T_place_DUMPSTER,-4.593647645378951e-06,4.593647645378951e-06,T_place_DUMPSTER,False
lag_09__T_place_UPPERPARK,-4.5897963900642935e-06,4.5897963900642935e-06,T_place_UPPERPARK,False
lag_10__T_place_EXTENDEDA,-4.586257546179695e-06,4.586257546179695e-06,T_place_EXTENDEDA,False
lag_12__T_place_ARAMP,-4.5853826122765895e-06,4.5853826122765895e-06,T_place_ARAMP,False
lag_15__T_place_SECRET,-4.583165264193667e-06,4.583165264193667e-06,T_place_SECRET,False
lag_14__T_place_ARAMP,-4.582921519613592e-06,4.582921519613592e-06,T_place_ARAMP,False
lag_10__CT_place_TSPAWN,-4.581590019370196e-06,4.581590019370196e-06,CT_place_TSPAWN,False
lag_03__T_place_SECRET,-4.58014528703643e-06,4.58014528703643e-06,T_place_SECRET,False
lag_13__T_place_DUMPSTER,-4.579177584673744e-06,4.579177584673744e-06,T_place_DUMPSTER,False
lag_09__CT_place_LADDER,-4.5778215280734e-06,4.5778215280734e-06,CT_place_LADDER,False
lag_07__T_place_ARAMP,-4.571942099573789e-06,4.571942099573789e-06,T_place_ARAMP,False
lag_13__T_place_EXTENDEDA,-4.571811132336734e-06,4.571811132336734e-06,T_place_EXTENDEDA,False
lag_06__T_place_STREET,-4.570227247313596e-06,4.570227247313596e-06,T_place_STREET,False
lag_05__T_place_SHORTSTAIRS,-4.568750227917917e-06,4.568750227917917e-06,T_place_SHORTSTAIRS,False
lag_13__CT_place_TSPAWN,-4.567159521684516e-06,4.567159521684516e-06,CT_place_TSPAWN,False
lag_08__CT_place_OUTSIDELONG,-4.560490651783766e-06,4.560490651783766e-06,CT_place_OUTSIDELONG,False
lag_04__T_place_ALLEY,-4.558500677376287e-06,4.558500677376287e-06,T_place_ALLEY,False
lag_15__T_A_site_active_smokes,4.556320618576137e-06,4.556320618576137e-06,T_A_site_active_smokes,True
lag_09__T_place_TUNNEL,-4.541014732240001e-06,4.541014732240001e-06,T_place_TUNNEL,False
lag_08__T_place_ARAMP,-4.536798769549932e-06,4.536798769549932e-06,T_place_ARAMP,False
lag_05__CT_place_CANAL,-4.534385880106129e-06,4.534385880106129e-06,CT_place_CANAL,False
lag_09__T_place_SIDEHALL,-4.53317579740542e-06,4.53317579740542e-06,T_place_SIDEHALL,False
lag_09__CT_place_MAINHALL,-4.527708824753063e-06,4.527708824753063e-06,CT_place_MAINHALL,False
lag_02__CT_place_LOWERTUNNEL,-4.5242895794217475e-06,4.5242895794217475e-06,CT_place_LOWERTUNNEL,False
lag_02__CT_defusing_count,-4.523932148003951e-06,4.523932148003951e-06,CT_defusing_count,False
lag_02__CT_place_QUAD,-4.5192109610070474e-06,4.5192109610070474e-06,CT_place_QUAD,False
lag_09__CT_place_HOLE,-4.510281996772392e-06,4.510281996772392e-06,CT_place_HOLE,False
lag_15__CT_place_LOWERTUNNEL,-4.508904567046557e-06,4.508904567046557e-06,CT_place_LOWERTUNNEL,False
lag_15__CT_defusing_count,-4.50854713562876e-06,4.50854713562876e-06,CT_defusing_count,False
lag_12__CT_place_TMAIN,-4.508505298872478e-06,4.508505298872478e-06,CT_place_TMAIN,False
lag_14__CT_place_TMAIN,-4.5060851334710605e-06,4.5060851334710605e-06,CT_place_TMAIN,False
lag_03__CT_place_LOWERTUNNEL,-4.505933702603215e-06,4.505933702603215e-06,CT_place_LOWERTUNNEL,False
lag_03__CT_defusing_count,-4.505576271185419e-06,4.505576271185419e-06,CT_defusing_count,False
lag_15__CT_place_QUAD,-4.503847776504699e-06,4.503847776504699e-06,CT_place_QUAD,False
lag_03__CT_place_QUAD,-4.500879185798112e-06,4.500879185798112e-06,CT_place_QUAD,False
lag_10__T_place_STREET,-4.497988356888527e-06,4.497988356888527e-06,T_place_STREET,False
lag_11__CT_flashes_last_5s,-4.495412667893106e-06,4.495412667893106e-06,CT_flashes_last_5s,True
lag_07__CT_place_TMAIN,-4.495293978834525e-06,4.495293978834525e-06,CT_place_TMAIN,False
lag_12__CT3__hp,4.491568688536063e-06,4.491568688536063e-06,CT3__hp,False
lag_11__T_place_MAIN,-4.488794729695655e-06,4.488794729695655e-06,T_place_MAIN,False
lag_12__utility_damage_diff_last_5s,-4.488400008995086e-06,4.488400008995086e-06,utility_damage_diff_last_5s,True
lag_13__T_place_STREET,-4.483817519940203e-06,4.483817519940203e-06,T_place_STREET,False
lag_04__CT_place_BALCONY,-4.4797543523600325e-06,4.4797543523600325e-06,CT_place_BALCONY,False
lag_04__T_place_TMAIN,-4.476929916563677e-06,4.476929916563677e-06,T_place_TMAIN,False
lag_08__CT_place_TMAIN,-4.460739091882715e-06,4.460739091882715e-06,CT_place_TMAIN,False
lag_04__CT_place_TRUCK,-4.454690952115925e-06,4.454690952115925e-06,CT_place_TRUCK,False
lag_11__bomb_events_last_5s,4.451771019375883e-06,4.451771019375883e-06,bomb_events_last_5s,False
lag_05__T_place_PIT,-4.449851985555142e-06,4.449851985555142e-06,T_place_PIT,False
lag_00__T2__Y,-4.445242211659206e-06,4.445242211659206e-06,T2__Y,False
lag_05__CT_place_STAIRS,-4.4409266592992935e-06,4.4409266592992935e-06,CT_place_STAIRS,False
lag_05__T_place_OUTSIDETUNNEL,-4.429158252605703e-06,4.429158252605703e-06,T_place_OUTSIDETUNNEL,False
lag_04__CT_place_ARAMP,-4.428914053278277e-06,4.428914053278277e-06,CT_place_ARAMP,False
lag_02__T_place_IVY,-4.4249018174014054e-06,4.4249018174014054e-06,T_place_IVY,False
lag_05__CT_armor_sum,4.422974598128349e-06,4.422974598128349e-06,CT_armor_sum,False
lag_09__CT_place_FOUNTAIN,-4.41942529505468e-06,4.41942529505468e-06,CT_place_FOUNTAIN,False
lag_09__T_place_HUT,-4.416436240717303e-06,4.416436240717303e-06,T_place_HUT,False
lag_02__T_place_TROPHY,-4.4156649892101996e-06,4.4156649892101996e-06,T_place_TROPHY,False
lag_15__T_place_IVY,-4.409856956044678e-06,4.409856956044678e-06,T_place_IVY,False
lag_03__T_place_IVY,-4.406946572999004e-06,4.406946572999004e-06,T_place_IVY,False
lag_15__T_place_TROPHY,-4.400651505420683e-06,4.400651505420683e-06,T_place_TROPHY,False
lag_03__T_place_TROPHY,-4.397747488837922e-06,4.397747488837922e-06,T_place_TROPHY,False
lag_01__T_active_infernos,-4.393503331812099e-06,4.393503331812099e-06,T_active_infernos,True
lag_11__CT_place_ELECTRICALBOX,-4.3899553929804824e-06,4.3899553929804824e-06,CT_place_ELECTRICALBOX,False
lag_09__CT_place_SECRET,-4.383116447570501e-06,4.383116447570501e-06,CT_place_SECRET,False
lag_01__T_place_CONTROL,-4.380996870168019e-06,4.380996870168019e-06,T_place_CONTROL,False
lag_05__T_place_WATER,-4.376466222311137e-06,4.376466222311137e-06,T_place_WATER,False
lag_07__T1__hp,4.373520368972095e-06,4.373520368972095e-06,T1__hp,False
lag_02__CT_place_UPPERPARK,-4.3634759094857145e-06,4.3634759094857145e-06,CT_place_UPPERPARK,False
lag_04__CT_armor_sum,-4.356146746431477e-06,4.356146746431477e-06,CT_armor_sum,False
lag_02__T_flashes_last_5s,-4.3494655983522534e-06,4.3494655983522534e-06,T_flashes_last_5s,True
lag_15__CT_place_UPPERPARK,-4.348634320194833e-06,4.348634320194833e-06,CT_place_UPPERPARK,False
lag_03__CT_place_UPPERPARK,-4.345771685621003e-06,4.345771685621003e-06,CT_place_UPPERPARK,False
lag_05__T_place_TSTAIRS,-4.345080924395006e-06,4.345080924395006e-06,T_place_TSTAIRS,False
lag_05__T_place_FOUNTAIN,-4.3436175474198535e-06,4.3436175474198535e-06,T_place_FOUNTAIN,False
lag_02__CT_place_LOBBY,-4.336797701398609e-06,4.336797701398609e-06,CT_place_LOBBY,False
lag_15__T_flashes_last_5s,-4.334679033490829e-06,4.334679033490829e-06,T_flashes_last_5s,True
lag_03__T_flashes_last_5s,-4.331820036895806e-06,4.331820036895806e-06,T_flashes_last_5s,True
lag_11__round_num,-4.324925157561665e-06,4.324925157561665e-06,round_num,False
lag_15__CT_place_LOBBY,-4.322053428040817e-06,4.322053428040817e-06,CT_place_LOBBY,False
lag_03__CT_place_LOBBY,-4.319203071645461e-06,4.319203071645461e-06,CT_place_LOBBY,False
lag_02__T_place_DUMPSTER,-4.31175885751145e-06,4.31175885751145e-06,T_place_DUMPSTER,False
lag_04__CT_place_JUNGLE,-4.310797066864325e-06,4.310797066864325e-06,CT_place_JUNGLE,False
lag_05__T_place_TUNNELSTAIRS,-4.308685674914159e-06,4.308685674914159e-06,T_place_TUNNELSTAIRS,False
lag_06__CT3__Y,-4.306165919842897e-06,4.306165919842897e-06,CT3__Y,False
lag_02__T_place_EXTENDEDA,-4.304821686673677e-06,4.304821686673677e-06,T_place_EXTENDEDA,False
lag_02__CT_place_TSPAWN,-4.300437012716429e-06,4.300437012716429e-06,CT_place_TSPAWN,False
lag_05__T2__is_scoped,-4.299825377529487e-06,4.299825377529487e-06,T2__is_scoped,False
lag_15__T_place_DUMPSTER,-4.2970996219082735e-06,4.2970996219082735e-06,T_place_DUMPSTER,False
lag_03__T_place_DUMPSTER,-4.294267000659602e-06,4.294267000659602e-06,T_place_DUMPSTER,False
lag_15__T_place_EXTENDEDA,-4.290184278943343e-06,4.290184278943343e-06,T_place_EXTENDEDA,False
lag_03__T_place_EXTENDEDA,-4.2873589336522855e-06,4.2873589336522855e-06,T_place_EXTENDEDA,False
lag_15__CT_place_TSPAWN,-4.285819613869535e-06,4.285819613869535e-06,CT_place_TSPAWN,False
lag_03__T3__smoke,4.2857086555159185e-06,4.2857086555159185e-06,T3__smoke,True
lag_06__CT_place_UPPERTUNNEL,-4.2833294173760805e-06,4.2833294173760805e-06,CT_place_UPPERTUNNEL,False
lag_03__CT_place_TSPAWN,-4.282990175852319e-06,4.282990175852319e-06,CT_place_TSPAWN,False
lag_06__CT_place_HUT,-4.280886969354469e-06,4.280886969354469e-06,CT_place_HUT,False
lag_05__T_place_LONGA,-4.276171694073128e-06,4.276171694073128e-06,T_place_LONGA,False
lag_09__CT_flashes_last_5s,-4.2732640395115595e-06,4.2732640395115595e-06,CT_flashes_last_5s,True
lag_11__CT_place_LOCKERROOM,-4.269467808626359e-06,4.269467808626359e-06,CT_place_LOCKERROOM,False
lag_09__T_place_MAIN,-4.2669748836488e-06,4.2669748836488e-06,T_place_MAIN,False
lag_05__CT_place_VENTS,-4.246243406669237e-06,4.246243406669237e-06,CT_place_VENTS,False
lag_12__T_place_CONTROL,-4.243865987518802e-06,4.243865987518802e-06,T_place_CONTROL,False
lag_06__T_place_UPPERPARK,-4.24262316300883e-06,4.24262316300883e-06,T_place_UPPERPARK,False
lag_14__T_place_CONTROL,-4.2415863390488084e-06,4.2415863390488084e-06,T_place_CONTROL,False
lag_01__CT_place_BRIDGE,-4.2392107388877776e-06,4.2392107388877776e-06,CT_place_BRIDGE,False
lag_10__T2__Y,-4.235610504110809e-06,4.235610504110809e-06,T2__Y,False
lag_11__CT_place_CONTROL,-4.234094831190305e-06,4.234094831190305e-06,CT_place_CONTROL,False
lag_06__CT_place_LADDER,-4.231551884004148e-06,4.231551884004148e-06,CT_place_LADDER,False
lag_07__T_place_CONTROL,-4.23142500949325e-06,4.23142500949325e-06,T_place_CONTROL,False
lag_04__T_place_RAMP,-4.228373654768802e-06,4.228373654768802e-06,T_place_RAMP,False
lag_02__T_place_STREET,-4.221967628836865e-06,4.221967628836865e-06,T_place_STREET,False
lag_10__CT_place_UPPERTUNNEL,-4.215625722281402e-06,4.215625722281402e-06,CT_place_UPPERTUNNEL,False
lag_01__CT_place_BACKOFA,-4.21359345637029e-06,4.21359345637029e-06,CT_place_BACKOFA,False
lag_10__CT_place_HUT,-4.213221018289914e-06,4.213221018289914e-06,CT_place_HUT,False
lag_15__T_place_STREET,-4.207612164464081e-06,4.207612164464081e-06,T_place_STREET,False
lag_04__T_place_BACKOFB,-4.206714493193431e-06,4.206714493193431e-06,T_place_BACKOFB,False
lag_03__T_place_STREET,-4.204836841381621e-06,4.204836841381621e-06,T_place_STREET,False
lag_13__CT_place_UPPERTUNNEL,-4.202344825898763e-06,4.202344825898763e-06,CT_place_UPPERTUNNEL,False
lag_13__CT_place_HUT,-4.19994785261224e-06,4.19994785261224e-06,CT_place_HUT,False
lag_08__T_place_CONTROL,-4.198899659968447e-06,4.198899659968447e-06,T_place_CONTROL,False
lag_06__T_place_TUNNEL,-4.197529960947577e-06,4.197529960947577e-06,T_place_TUNNEL,False
lag_06__T_place_SIDEHALL,-4.190289473626763e-06,4.190289473626763e-06,T_place_SIDEHALL,False
lag_01__T_place_STAIRS,-4.18916488342802e-06,4.18916488342802e-06,T_place_STAIRS,False
lag_06__CT_place_MAINHALL,-4.185230864095502e-06,4.185230864095502e-06,CT_place_MAINHALL,False
lag_01__CT_place_SQUEAKY,-4.184264980722219e-06,4.184264980722219e-06,CT_place_SQUEAKY,False
lag_01__T_place_BALCONY,-4.177287792117568e-06,4.177287792117568e-06,T_place_BALCONY,False
lag_11__seconds_in_round,4.175813046458643e-06,4.175813046458643e-06,seconds_in_round,False
lag_10__T_place_UPPERPARK,-4.175559752184199e-06,4.175559752184199e-06,T_place_UPPERPARK,False
lag_05__CT_place_LONGDOG,-4.175443336862372e-06,4.175443336862372e-06,CT_place_LONGDOG,False
lag_15__CT2__shots_fired,4.175010872131679e-06,4.175010872131679e-06,CT2__shots_fired,False
lag_09__CT_place_ELECTRICALBOX,-4.1730190787347965e-06,4.1730190787347965e-06,CT_place_ELECTRICALBOX,False
lag_06__CT_place_HOLE,-4.169122803432401e-06,4.169122803432401e-06,CT_place_HOLE,False
lag_10__CT_place_LADDER,-4.164665369899012e-06,4.164665369899012e-06,CT_place_LADDER,False
lag_13__CT1__shots_fired,-4.163035100646084e-06,4.163035100646084e-06,CT1__shots_fired,False
lag_13__T_place_UPPERPARK,-4.162405730312457e-06,4.162405730312457e-06,T_place_UPPERPARK,False
lag_13__CT_place_LADDER,-4.151548637310043e-06,4.151548637310043e-06,CT_place_LADDER,False
lag_11__CT_place_OUTSIDELONG,-4.149456344748614e-06,4.149456344748614e-06,CT_place_OUTSIDELONG,False
lag_04__CT_place_EXTENDEDA,-4.143138085055398e-06,4.143138085055398e-06,CT_place_EXTENDEDA,False
lag_01__T_place_VENTS,-4.136217739869608e-06,4.136217739869608e-06,T_place_VENTS,False
lag_02__T_place_BOMBSITEA,-4.135679773753509e-06,4.135679773753509e-06,T_place_BOMBSITEA,False
lag_02__T_macro_A,-4.135679773753509e-06,4.135679773753509e-06,T_macro_A,False
lag_10__T_place_TUNNEL,-4.131180048716487e-06,4.131180048716487e-06,T_place_TUNNEL,False
lag_11__T_place_ARAMP,-4.127901320316596e-06,4.127901320316596e-06,T_place_ARAMP,False
lag_10__T_place_SIDEHALL,-4.1240500650019385e-06,4.1240500650019385e-06,T_place_SIDEHALL,False
lag_10__CT_place_MAINHALL,-4.119076947972644e-06,4.119076947972644e-06,CT_place_MAINHALL,False
lag_13__T_place_TUNNEL,-4.11816699852352e-06,4.11816699852352e-06,T_place_TUNNEL,False
lag_09__round_num,-4.111203452339396e-06,4.111203452339396e-06,round_num,False
lag_13__T_place_SIDEHALL,-4.111059297429165e-06,4.111059297429165e-06,T_place_SIDEHALL,False
lag_05__CT_place_TSIDEUPPER,-4.109796918783104e-06,4.109796918783104e-06,CT_place_TSIDEUPPER,False
lag_12__CT_place_BRIDGE,-4.106515916646458e-06,4.106515916646458e-06,CT_place_BRIDGE,False
lag_13__CT_place_MAINHALL,-4.106100732315099e-06,4.106100732315099e-06,CT_place_MAINHALL,False
lag_14__CT_place_BRIDGE,-4.104313575226115e-06,4.104313575226115e-06,CT_place_BRIDGE,False
lag_10__CT_place_HOLE,-4.103223091078689e-06,4.103223091078689e-06,CT_place_HOLE,False
lag_01__CT_place_TRAMP,-4.1021648939931765e-06,4.1021648939931765e-06,CT_place_TRAMP,False
lag_07__CT_place_BRIDGE,-4.094483756489353e-06,4.094483756489353e-06,CT_place_BRIDGE,False
lag_13__CT_place_HOLE,-4.090296897629742e-06,4.090296897629742e-06,CT_place_HOLE,False
lag_06__CT_place_FOUNTAIN,-4.08513551519718e-06,4.08513551519718e-06,CT_place_FOUNTAIN,False
lag_06__T_place_HUT,-4.082376563019352e-06,4.082376563019352e-06,T_place_HUT,False
lag_12__CT_place_BACKOFA,-4.081699444213882e-06,4.081699444213882e-06,CT_place_BACKOFA,False
lag_14__CT_place_BACKOFA,-4.079510290466715e-06,4.079510290466715e-06,CT_place_BACKOFA,False
lag_07__CT_place_BACKOFA,-4.069738224643515e-06,4.069738224643515e-06,CT_place_BACKOFA,False
lag_04__CT_place_LOWERPARK,-4.067761892656563e-06,4.067761892656563e-06,CT_place_LOWERPARK,False
lag_08__CT_place_BRIDGE,-4.063004325871589e-06,4.063004325871589e-06,CT_place_BRIDGE,False
lag_01__T_place_JUNGLE,-4.0627605812915135e-06,4.0627605812915135e-06,T_place_JUNGLE,False
lag_11__CT_place_TMAIN,-4.058694685227238e-06,4.058694685227238e-06,CT_place_TMAIN,False
lag_09__CT_place_LOCKERROOM,-4.058487320435233e-06,4.058487320435233e-06,CT_place_LOCKERROOM,False
lag_12__CT_place_SQUEAKY,-4.053287739225198e-06,4.053287739225198e-06,CT_place_SQUEAKY,False
lag_06__CT_place_SECRET,-4.05157561544911e-06,4.05157561544911e-06,CT_place_SECRET,False
lag_14__CT_place_SQUEAKY,-4.051110408909153e-06,4.051110408909153e-06,CT_place_SQUEAKY,False
lag_12__T_place_BALCONY,-4.046532012580428e-06,4.046532012580428e-06,T_place_BALCONY,False
lag_14__T_place_BALCONY,-4.044360593979945e-06,4.044360593979945e-06,T_place_BALCONY,False
lag_07__CT_place_SQUEAKY,-4.041409738420043e-06,4.041409738420043e-06,CT_place_SQUEAKY,False
lag_08__CT_place_BACKOFA,-4.038454335386632e-06,4.038454335386632e-06,CT_place_BACKOFA,False
lag_07__T_place_BALCONY,-4.03467265641666e-06,4.03467265641666e-06,T_place_BALCONY,False
lag_05__CT_place_MAIN,-4.031636308354791e-06,4.031636308354791e-06,CT_place_MAIN,False
lag_09__CT_place_CONTROL,-4.0248623918159865e-06,4.0248623918159865e-06,CT_place_CONTROL,False
lag_10__CT_place_FOUNTAIN,-4.020563210360706e-06,4.020563210360706e-06,CT_place_FOUNTAIN,False
lag_10__T_place_HUT,-4.017848368675914e-06,4.017848368675914e-06,T_place_HUT,False
lag_04__T_place_ROOF,-4.017257651867112e-06,4.017257651867112e-06,T_place_ROOF,False
lag_04__CT_place_BACKOFB,-4.01199849875411e-06,4.01199849875411e-06,CT_place_BACKOFB,False
lag_05__CT_place_HELL,-4.01076704292791e-06,4.01076704292791e-06,CT_place_HELL,False
lag_08__CT_place_SQUEAKY,-4.010339580418076e-06,4.010339580418076e-06,CT_place_SQUEAKY,False
lag_01__T_place_HEAVEN,-4.010324119008146e-06,4.010324119008146e-06,T_place_HEAVEN,False
lag_14__T2__utility_total,4.008175437775208e-06,4.008175437775208e-06,T2__utility_total,True
lag_13__CT_place_FOUNTAIN,-4.0078998608805705e-06,4.0078998608805705e-06,CT_place_FOUNTAIN,False
lag_12__T_place_VENTS,-4.006749804830179e-06,4.006749804830179e-06,T_place_VENTS,False
lag_13__T_place_HUT,-4.00519093091134e-06,4.00519093091134e-06,T_place_HUT,False
lag_14__T_place_VENTS,-4.004597940365784e-06,4.004597940365784e-06,T_place_VENTS,False
lag_08__T_place_BALCONY,-4.003660251328256e-06,4.003660251328256e-06,T_place_BALCONY,False
lag_01__T_place_ARCH,-3.999183263658779e-06,3.999183263658779e-06,T_place_ARCH,False
lag_07__T_place_VENTS,-3.99500822823029e-06,3.99500822823029e-06,T_place_VENTS,False
lag_01__T_place_GARAGE,-3.9903602555568796e-06,3.9903602555568796e-06,T_place_GARAGE,False
lag_05__T_place_LOWERPARK,-3.9899236981000286e-06,3.9899236981000286e-06,T_place_LOWERPARK,False
lag_10__CT_place_SECRET,-3.987533546023769e-06,3.987533546023769e-06,CT_place_SECRET,False
lag_04__CT_place_HUTROOF,-3.982547241321299e-06,3.982547241321299e-06,CT_place_HUTROOF,False
lag_15__molly_inv_diff,3.982371254096506e-06,3.982371254096506e-06,molly_inv_diff,True
lag_13__CT_place_SECRET,-3.974970240960829e-06,3.974970240960829e-06,CT_place_SECRET,False
lag_04__T_place_SILO,-3.974181254307041e-06,3.974181254307041e-06,T_place_SILO,False
lag_12__CT_place_TRAMP,-3.973759248765418e-06,3.973759248765418e-06,CT_place_TRAMP,False
lag_14__CT_place_TRAMP,-3.971625574195059e-06,3.971625574195059e-06,CT_place_TRAMP,False
lag_04__CT_place_GARAGE,-3.968124019593233e-06,3.968124019593233e-06,CT_place_GARAGE,False
lag_05__T_place_SECRET,-3.965378255088581e-06,3.965378255088581e-06,T_place_SECRET,False
lag_08__T_place_VENTS,-3.964296411140822e-06,3.964296411140822e-06,T_place_VENTS,False
lag_04__T_place_CTSPAWN,-3.963656581618125e-06,3.963656581618125e-06,T_place_CTSPAWN,False
lag_07__CT_place_TRAMP,-3.962112714361865e-06,3.962112714361865e-06,CT_place_TRAMP,False
lag_02__CT_place_UPPERTUNNEL,-3.956931323045865e-06,3.956931323045865e-06,CT_place_UPPERTUNNEL,False
lag_02__CT_place_HUT,-3.954678049922222e-06,3.954678049922222e-06,CT_place_HUT,False
lag_06__CT_flashes_last_5s,-3.950033715227619e-06,3.950033715227619e-06,CT_flashes_last_5s,True
lag_09__CT_place_OUTSIDELONG,-3.944404852518346e-06,3.944404852518346e-06,CT_place_OUTSIDELONG,False
lag_06__T_place_MAIN,-3.944218406104483e-06,3.944218406104483e-06,T_place_MAIN,False
lag_15__CT_place_UPPERTUNNEL,-3.9434785321645904e-06,3.9434785321645904e-06,CT_place_UPPERTUNNEL,False
lag_15__CT_place_HUT,-3.941228442272404e-06,3.941228442272404e-06,CT_place_HUT,False
lag_03__CT_place_UPPERTUNNEL,-3.940876467822818e-06,3.940876467822818e-06,CT_place_UPPERTUNNEL,False
lag_03__CT_place_HUT,-3.938632744393544e-06,3.938632744393544e-06,CT_place_HUT,False
lag_12__T_place_JUNGLE,-3.935589120374061e-06,3.935589120374061e-06,T_place_JUNGLE,False
lag_14__T_place_JUNGLE,-3.933477728423895e-06,3.933477728423895e-06,T_place_JUNGLE,False
lag_08__CT_place_TRAMP,-3.93165373679949e-06,3.93165373679949e-06,CT_place_TRAMP,False
lag_07__T_place_JUNGLE,-3.924055818060879e-06,3.924055818060879e-06,T_place_JUNGLE,False
lag_09__T_place_ARAMP,-3.923915301129455e-06,3.923915301129455e-06,T_place_ARAMP,False
lag_02__T_place_UPPERPARK,-3.919324626622256e-06,3.919324626622256e-06,T_place_UPPERPARK,False
lag_02__CT_place_LADDER,-3.909100996679626e-06,3.909100996679626e-06,CT_place_LADDER,False
lag_15__T_place_UPPERPARK,-3.905999619746581e-06,3.905999619746581e-06,T_place_UPPERPARK,False
lag_03__T_place_UPPERPARK,-3.903422566509107e-06,3.903422566509107e-06,T_place_UPPERPARK,False
lag_05__CT_place_LOWERTUNNEL,-3.901126547134481e-06,3.901126547134481e-06,CT_place_LOWERTUNNEL,False
lag_05__CT_defusing_count,-3.900816864188528e-06,3.900816864188528e-06,CT_defusing_count,False
lag_01__CT_place_TSIDELOWER,-3.898628165188711e-06,3.898628165188711e-06,CT_place_TSIDELOWER,False
lag_05__CT_place_QUAD,-3.8967482396401465e-06,3.8967482396401465e-06,CT_place_QUAD,False
lag_15__CT_place_LADDER,-3.8958110053499695e-06,3.8958110053499695e-06,CT_place_LADDER,False
lag_08__T_place_JUNGLE,-3.893889243045123e-06,3.893889243045123e-06,T_place_JUNGLE,False
lag_04__CT_place_LIBRARY,-3.893445409630658e-06,3.893445409630658e-06,CT_place_LIBRARY,False
lag_03__CT_place_LADDER,-3.89324122807011e-06,3.89324122807011e-06,CT_place_LADDER,False
lag_01__CT_place_CONSTRUCTION,-3.8904195207578596e-06,3.8904195207578596e-06,CT_place_CONSTRUCTION,False
lag_10__CT_flashes_last_5s,-3.8875959944562055e-06,3.8875959944562055e-06,CT_flashes_last_5s,True
lag_12__T_place_HEAVEN,-3.884794296027394e-06,3.884794296027394e-06,T_place_HEAVEN,False
lag_14__T_place_HEAVEN,-3.882708369928878e-06,3.882708369928878e-06,T_place_HEAVEN,False
lag_10__T_place_MAIN,-3.881872999045299e-06,3.881872999045299e-06,T_place_MAIN,False
lag_02__T_place_TUNNEL,-3.877671588270459e-06,3.877671588270459e-06,T_place_TUNNEL,False
lag_13__CT_flashes_last_5s,-3.875349648296833e-06,3.875349648296833e-06,CT_flashes_last_5s,True
lag_12__T_place_ARCH,-3.874000867654104e-06,3.874000867654104e-06,T_place_ARCH,False
lag_07__T_place_HEAVEN,-3.873409696097951e-06,3.873409696097951e-06,T_place_HEAVEN,False
lag_01__CT_place_IVY,-3.873173682222841e-06,3.873173682222841e-06,CT_place_IVY,False
lag_14__T_place_ARCH,-3.871921762765851e-06,3.871921762765851e-06,T_place_ARCH,False
lag_02__T_place_SIDEHALL,-3.870979071507463e-06,3.870979071507463e-06,T_place_SIDEHALL,False
lag_04__T_place_BRIDGE,-3.870506589009892e-06,3.870506589009892e-06,T_place_BRIDGE,False
lag_13__T_place_MAIN,-3.869643023790559e-06,3.869643023790559e-06,T_place_MAIN,False
lag_02__CT_place_MAINHALL,-3.866309725708561e-06,3.866309725708561e-06,CT_place_MAINHALL,False
lag_12__T_place_GARAGE,-3.8654548006888945e-06,3.8654548006888945e-06,T_place_GARAGE,False
lag_15__T_place_TUNNEL,-3.864484824589454e-06,3.864484824589454e-06,T_place_TUNNEL,False
lag_04__T_place_SQUEAKY,-3.864135123876622e-06,3.864135123876622e-06,T_place_SQUEAKY,False
lag_14__T_place_GARAGE,-3.863378424284747e-06,3.863378424284747e-06,T_place_GARAGE,False
lag_07__T_place_ARCH,-3.86264628104982e-06,3.86264628104982e-06,T_place_ARCH,False
lag_03__T_place_TUNNEL,-3.861939603666542e-06,3.861939603666542e-06,T_place_TUNNEL,False
lag_09__CT_place_TMAIN,-3.8581288208661135e-06,3.8581288208661135e-06,CT_place_TMAIN,False
lag_15__T_place_SIDEHALL,-3.857815045194002e-06,3.857815045194002e-06,T_place_SIDEHALL,False
lag_06__CT_place_ELECTRICALBOX,-3.857369392790133e-06,3.857369392790133e-06,CT_place_ELECTRICALBOX,False
lag_04__CT_place_SHORTSTAIRS,-3.857200226775603e-06,3.857200226775603e-06,CT_place_SHORTSTAIRS,False
lag_03__T_place_SIDEHALL,-3.855274371744599e-06,3.855274371744599e-06,T_place_SIDEHALL,False
lag_07__T_place_GARAGE,-3.854124315694207e-06,3.854124315694207e-06,T_place_GARAGE,False
lag_15__CT_place_MAINHALL,-3.853162979794433e-06,3.853162979794433e-06,CT_place_MAINHALL,False
lag_02__CT_place_HOLE,-3.8514281186508015e-06,3.8514281186508015e-06,CT_place_HOLE,False
lag_03__CT_place_MAINHALL,-3.8506232158397324e-06,3.8506232158397324e-06,CT_place_MAINHALL,False
lag_08__T_place_HEAVEN,-3.843631930067204e-06,3.843631930067204e-06,T_place_HEAVEN,False
lag_15__CT_place_HOLE,-3.838332759187324e-06,3.838332759187324e-06,CT_place_HOLE,False
lag_03__CT_place_HOLE,-3.83580163543229e-06,3.83580163543229e-06,CT_place_HOLE,False
lag_08__T_place_ARCH,-3.832953098026337e-06,3.832953098026337e-06,T_place_ARCH,False
lag_00__CT5__armor,-3.831482899840921e-06,3.831482899840921e-06,CT5__armor,False
lag_08__T_place_GARAGE,-3.824498435278656e-06,3.824498435278656e-06,T_place_GARAGE,False
lag_11__T_place_CONTROL,-3.820456640823977e-06,3.820456640823977e-06,T_place_CONTROL,False
lag_05__T_place_IVY,-3.815424861386418e-06,3.815424861386418e-06,T_place_IVY,False
lag_04__T_place_MIDDOORS,-3.81113204639405e-06,3.81113204639405e-06,T_place_MIDDOORS,False
lag_05__T_place_TROPHY,-3.80746155315137e-06,3.80746155315137e-06,T_place_TROPHY,False
lag_04__T_place_MAINHALL,-3.8041159768908983e-06,3.8041159768908983e-06,T_place_MAINHALL,False
lag_06__round_num,-3.8002322071406525e-06,3.8002322071406525e-06,round_num,False
lag_10__CT_place_ELECTRICALBOX,-3.796397322730627e-06,3.796397322730627e-06,CT_place_ELECTRICALBOX,False
lag_13__CT_place_ELECTRICALBOX,-3.7844376947759883e-06,3.7844376947759883e-06,CT_place_ELECTRICALBOX,False
lag_04__CT_place_ADMIN,-3.7775380405946635e-06,3.7775380405946635e-06,CT_place_ADMIN,False
lag_12__CT_place_TSIDELOWER,-3.776591938731144e-06,3.776591938731144e-06,CT_place_TSIDELOWER,False
lag_13__CT_alive,3.7763725231343415e-06,3.7763725231343415e-06,CT_alive,False
lag_14__CT_place_TSIDELOWER,-3.7745662666566204e-06,3.7745662666566204e-06,CT_place_TSIDELOWER,False
lag_02__CT_place_FOUNTAIN,-3.773841626752983e-06,3.773841626752983e-06,CT_place_FOUNTAIN,False
lag_02__T_place_HUT,-3.7712918583565624e-06,3.7712918583565624e-06,T_place_HUT,False
lag_12__CT_place_CONSTRUCTION,-3.7686434097849997e-06,3.7686434097849997e-06,CT_place_CONSTRUCTION,False
lag_14__CT_place_CONSTRUCTION,-3.7666191019525286e-06,3.7666191019525286e-06,CT_place_CONSTRUCTION,False
lag_07__CT_place_TSIDELOWER,-3.765524525078945e-06,3.765524525078945e-06,CT_place_TSIDELOWER,False
lag_04__T_place_SIDEENTRANCE,-3.7630547922162805e-06,3.7630547922162805e-06,T_place_SIDEENTRANCE,False
lag_05__CT_place_UPPERPARK,-3.7624608921760228e-06,3.7624608921760228e-06,CT_place_UPPERPARK,False
lag_15__CT_place_FOUNTAIN,-3.761009338631993e-06,3.761009338631993e-06,CT_place_FOUNTAIN,False
lag_03__CT_place_FOUNTAIN,-3.7585291465802584e-06,3.7585291465802584e-06,CT_place_FOUNTAIN,False
lag_15__T_place_HUT,-3.758470484171994e-06,3.758470484171994e-06,T_place_HUT,False
lag_08__CT1__utility_total,-3.7577785860776203e-06,3.7577785860776203e-06,CT1__utility_total,True
lag_07__CT_place_CONSTRUCTION,-3.7575980513793183e-06,3.7575980513793183e-06,CT_place_CONSTRUCTION,False
lag_03__T_place_HUT,-3.7559902921202593e-06,3.7559902921202593e-06,T_place_HUT,False
lag_12__CT_place_IVY,-3.751935992113431e-06,3.751935992113431e-06,CT_place_IVY,False
lag_06__CT_place_LOCKERROOM,-3.751498979909229e-06,3.751498979909229e-06,CT_place_LOCKERROOM,False
lag_05__T_flashes_last_5s,-3.7503814382944256e-06,3.7503814382944256e-06,T_flashes_last_5s,True
lag_14__CT_place_IVY,-3.7499223708437057e-06,3.7499223708437057e-06,CT_place_IVY,False
lag_02__CT_place_SECRET,-3.742838543985272e-06,3.742838543985272e-06,CT_place_SECRET,False
lag_07__CT_place_IVY,-3.740939064300619e-06,3.740939064300619e-06,CT_place_IVY,False
lag_10__round_num,-3.7401625831989804e-06,3.7401625831989804e-06,round_num,False
lag_05__CT_place_LOBBY,-3.739459998541861e-06,3.739459998541861e-06,CT_place_LOBBY,False
lag_01__CT_place_TUNNELSTAIRS,-3.73697412214824e-06,3.73697412214824e-06,CT_place_TUNNELSTAIRS,False
lag_08__CT_place_TSIDELOWER,-3.736577582458267e-06,3.736577582458267e-06,CT_place_TSIDELOWER,False
lag_01__T_place_PIPE,-3.73640727957536e-06,3.73640727957536e-06,T_place_PIPE,False
lag_15__CT_place_SECRET,-3.7301085740182316e-06,3.7301085740182316e-06,CT_place_SECRET,False
lag_08__CT_place_CONSTRUCTION,-3.7287106806616066e-06,3.7287106806616066e-06,CT_place_CONSTRUCTION,False
lag_13__round_num,-3.7283782603481086e-06,3.7283782603481086e-06,round_num,False
lag_03__CT_place_SECRET,-3.727651119334041e-06,3.727651119334041e-06,CT_place_SECRET,False
lag_01__T_place_CONSTRUCTION,-3.722534529515542e-06,3.722534529515542e-06,T_place_CONSTRUCTION,False
lag_06__CT_place_CONTROL,-3.720420863828622e-06,3.720420863828622e-06,CT_place_CONTROL,False
lag_05__T_place_DUMPSTER,-3.717868821695447e-06,3.717868821695447e-06,T_place_DUMPSTER,False
lag_01__T_place_PLAYGROUND,-3.7129525480850134e-06,3.7129525480850134e-06,T_place_PLAYGROUND,False
lag_08__CT_place_IVY,-3.71218129657791e-06,3.71218129657791e-06,CT_place_IVY,False
lag_05__T_place_EXTENDEDA,-3.7118877571629127e-06,3.7118877571629127e-06,T_place_EXTENDEDA,False
lag_05__CT_place_TSPAWN,-3.7081063055666164e-06,3.7081063055666164e-06,CT_place_TSPAWN,False
lag_02__CT1__has_defuser,-3.704322807607241e-06,3.704322807607241e-06,CT1__has_defuser,False
lag_01__CT_place_DECON,-3.702450840137317e-06,3.702450840137317e-06,CT_place_DECON,False
lag_04__T_place_LOWERMID,-3.697715101225185e-06,3.697715101225185e-06,T_place_LOWERMID,False
lag_11__CT_place_BRIDGE,-3.6968128824810265e-06,3.6968128824810265e-06,CT_place_BRIDGE,False
lag_09__CT3__Y,3.6957658267056104e-06,3.6957658267056104e-06,CT3__Y,False
lag_04__CT_place_WATER,-3.6935491607437143e-06,3.6935491607437143e-06,CT_place_WATER,False
lag_10__CT_place_LOCKERROOM,-3.6922021990903886e-06,3.6922021990903886e-06,CT_place_LOCKERROOM,False
lag_01__CT_place_ENTRANCE,-3.689478489832254e-06,3.689478489832254e-06,CT_place_ENTRANCE,False
lag_02__CT1__smoke,-3.6806261505262228e-06,3.6806261505262228e-06,CT1__smoke,True
lag_13__CT_place_LOCKERROOM,-3.6805722629651427e-06,3.6805722629651427e-06,CT_place_LOCKERROOM,False
lag_11__CT_place_BACKOFA,-3.6744711451319745e-06,3.6744711451319745e-06,CT_place_BACKOFA,False
lag_13__CT3__flash,-3.673324272313039e-06,3.673324272313039e-06,CT3__flash,True
lag_04__T_place_LONGDOG,-3.6704955164168496e-06,3.6704955164168496e-06,T_place_LONGDOG,False
lag_05__CT_alive,3.668004183055018e-06,3.668004183055018e-06,CT_alive,False
lag_10__CT_place_CONTROL,-3.661613391159335e-06,3.661613391159335e-06,CT_place_CONTROL,False
lag_12__CT_flashed_players,3.661611344796256e-06,3.661611344796256e-06,CT_flashed_players,False
lag_01__CT_place_TROPHY,-3.650903181551257e-06,3.650903181551257e-06,CT_place_TROPHY,False
lag_13__CT_place_CONTROL,-3.650078269856749e-06,3.650078269856749e-06,CT_place_CONTROL,False
lag_02__CT_flashes_last_5s,-3.649033715191763e-06,3.649033715191763e-06,CT_flashes_last_5s,True
lag_11__CT_place_SQUEAKY,-3.648892743512988e-06,3.648892743512988e-06,CT_place_SQUEAKY,False
lag_06__CT_place_OUTSIDELONG,-3.646048071459518e-06,3.646048071459518e-06,CT_place_OUTSIDELONG,False
lag_02__T_place_MAIN,-3.6436629216041183e-06,3.6436629216041183e-06,T_place_MAIN,False
lag_11__T_place_BALCONY,-3.6428114071895834e-06,3.6428114071895834e-06,T_place_BALCONY,False
lag_05__T_place_STREET,-3.640443765107193e-06,3.640443765107193e-06,T_place_STREET,False
lag_15__CT_flashes_last_5s,-3.636625478975475e-06,3.636625478975475e-06,CT_flashes_last_5s,True
lag_01__CT_place_CRANE,-3.636517249105964e-06,3.636517249105964e-06,CT_place_CRANE,False
lag_01__T_place_MINI,-3.6352059851196827e-06,3.6352059851196827e-06,T_place_MINI,False
lag_03__CT_flashes_last_5s,-3.634226914073224e-06,3.634226914073224e-06,CT_flashes_last_5s,True
lag_09__T_place_CONTROL,-3.6316646401246544e-06,3.6316646401246544e-06,T_place_CONTROL,False
lag_15__T_place_MAIN,-3.631271965787164e-06,3.631271965787164e-06,T_place_MAIN,False
lag_03__T_place_MAIN,-3.628879994721501e-06,3.628879994721501e-06,T_place_MAIN,False
lag_06__T_place_ARAMP,-3.6271096632845e-06,3.6271096632845e-06,T_place_ARAMP,False
lag_12__CT_place_TUNNELSTAIRS,-3.620001052695443e-06,3.620001052695443e-06,CT_place_TUNNELSTAIRS,False
lag_12__T_place_PIPE,-3.619450581027195e-06,3.619450581027195e-06,T_place_PIPE,False
lag_14__CT_place_TUNNELSTAIRS,-3.618057462517754e-06,3.618057462517754e-06,CT_place_TUNNELSTAIRS,False
lag_14__T_place_PIPE,-3.6175083550915588e-06,3.6175083550915588e-06,T_place_PIPE,False
lag_04__T_place_VENDING,-3.614498837123392e-06,3.614498837123392e-06,T_place_VENDING,False
lag_07__CT_place_TUNNELSTAIRS,-3.609390432757209e-06,3.609390432757209e-06,CT_place_TUNNELSTAIRS,False
lag_07__T_place_PIPE,-3.6088438264414435e-06,3.6088438264414435e-06,T_place_PIPE,False
lag_11__T_place_VENTS,-3.6069970974494936e-06,3.6069970974494936e-06,T_place_VENTS,False
lag_12__T_place_CONSTRUCTION,-3.606013478929526e-06,3.606013478929526e-06,T_place_CONSTRUCTION,False
lag_14__T_place_CONSTRUCTION,-3.60407625521475e-06,3.60407625521475e-06,T_place_CONSTRUCTION,False
lag_13__T_utility_damage_last_5s,-3.599237743401318e-06,3.599237743401318e-06,T_utility_damage_last_5s,True
lag_12__T_place_PLAYGROUND,-3.5967307212558808e-06,3.5967307212558808e-06,T_place_PLAYGROUND,False
lag_07__T_place_CONSTRUCTION,-3.5954451504949247e-06,3.5954451504949247e-06,T_place_CONSTRUCTION,False
lag_14__T_place_PLAYGROUND,-3.5948007734987186e-06,3.5948007734987186e-06,T_place_PLAYGROUND,False
lag_10__CT_place_OUTSIDELONG,-3.5884165754396236e-06,3.5884165754396236e-06,CT_place_OUTSIDELONG,False
lag_12__CT_place_DECON,-3.5865580230165506e-06,3.5865580230165506e-06,CT_place_DECON,False
lag_07__T_place_PLAYGROUND,-3.5861892229149817e-06,3.5861892229149817e-06,T_place_PLAYGROUND,False
lag_14__CT_place_DECON,-3.58463148586452e-06,3.58463148586452e-06,CT_place_DECON,False
lag_08__CT_place_TUNNELSTAIRS,-3.5816435683955206e-06,3.5816435683955206e-06,CT_place_TUNNELSTAIRS,False
lag_08__T_place_PIPE,-3.581101054805913e-06,3.581101054805913e-06,T_place_PIPE,False
lag_11__CT_place_TRAMP,-3.5772991395788267e-06,3.5772991395788267e-06,CT_place_TRAMP,False
lag_13__CT_place_OUTSIDELONG,-3.577113147912314e-06,3.577113147912314e-06,CT_place_OUTSIDELONG,False
lag_07__CT_place_DECON,-3.5760458558797836e-06,3.5760458558797836e-06,CT_place_DECON,False
lag_12__CT_place_ENTRANCE,-3.573991079974803e-06,3.573991079974803e-06,CT_place_ENTRANCE,False
lag_07__CT5__hp,-3.5734567518375115e-06,3.5734567518375115e-06,CT5__hp,False
lag_14__CT_place_ENTRANCE,-3.5720731830224395e-06,3.5720731830224395e-06,CT_place_ENTRANCE,False
lag_10__T_place_ARAMP,-3.5697764815267874e-06,3.5697764815267874e-06,T_place_ARAMP,False
lag_08__T_place_CONSTRUCTION,-3.5678046970133437e-06,3.5678046970133437e-06,T_place_CONSTRUCTION,False
lag_06__CT_place_TMAIN,-3.5662990285345586e-06,3.5662990285345586e-06,CT_place_TMAIN,False
lag_07__CT_place_ENTRANCE,-3.5635166568681598e-06,3.5635166568681598e-06,CT_place_ENTRANCE,False
lag_02__CT_place_ELECTRICALBOX,-3.5634313917398686e-06,3.5634313917398686e-06,CT_place_ELECTRICALBOX,False
lag_08__T_place_PLAYGROUND,-3.5586219837568933e-06,3.5586219837568933e-06,T_place_PLAYGROUND,False
lag_13__T_place_ARAMP,-3.5585296700446634e-06,3.5585296700446634e-06,T_place_ARAMP,False
lag_15__CT_place_ELECTRICALBOX,-3.551314875949174e-06,3.551314875949174e-06,CT_place_ELECTRICALBOX,False
lag_01__CT_place_BACKALLEY,-3.550275550878723e-06,3.550275550878723e-06,CT_place_BACKALLEY,False
lag_03__CT_place_ELECTRICALBOX,-3.5489717902237317e-06,3.5489717902237317e-06,CT_place_ELECTRICALBOX,False
lag_08__CT_place_DECON,-3.5485552416503197e-06,3.5485552416503197e-06,CT_place_DECON,False
lag_11__T_place_JUNGLE,-3.542936610756442e-06,3.542936610756442e-06,T_place_JUNGLE,False
lag_04__T_place_SHORTSTAIRS,-3.5385114642849658e-06,3.5385114642849658e-06,T_place_SHORTSTAIRS,False
lag_12__CT_place_TROPHY,-3.5366235806577606e-06,3.5366235806577606e-06,CT_place_TROPHY,False
lag_08__CT_place_ENTRANCE,-3.5361233585717855e-06,3.5361233585717855e-06,CT_place_ENTRANCE,False
lag_14__CT_place_TROPHY,-3.534723646225757e-06,3.534723646225757e-06,CT_place_TROPHY,False
lag_10__CT_helmet_count,3.5269424643047387e-06,3.5269424643047387e-06,CT_helmet_count,False
lag_07__CT_place_TROPHY,-3.52625829691533e-06,3.52625829691533e-06,CT_place_TROPHY,False
lag_12__CT_place_CRANE,-3.5226880754635204e-06,3.5226880754635204e-06,CT_place_CRANE,False
lag_12__T_place_MINI,-3.521416601870442e-06,3.521416601870442e-06,T_place_MINI,False
lag_14__CT_place_CRANE,-3.5207979180995608e-06,3.5207979180995608e-06,CT_place_CRANE,False
lag_14__T_place_MINI,-3.519526899253833e-06,3.519526899253833e-06,T_place_MINI,False
lag_09__CT_place_BRIDGE,-3.51412859345146e-06,3.51412859345146e-06,CT_place_BRIDGE,False
lag_07__CT_place_CRANE,-3.5123641737300204e-06,3.5123641737300204e-06,CT_place_CRANE,False
lag_04__CT_place_CANAL,-3.5118969208269846e-06,3.5118969208269846e-06,CT_place_CANAL,False
lag_07__T_place_MINI,-3.5110977023578016e-06,3.5110977023578016e-06,T_place_MINI,False
lag_02__round_num,-3.510650003590854e-06,3.510650003590854e-06,round_num,False
lag_10__CT_place_TMAIN,-3.509926273181918e-06,3.509926273181918e-06,CT_place_TMAIN,False
lag_01__T_place_BDOORS,-3.5016914807783905e-06,3.5016914807783905e-06,T_place_BDOORS,False
lag_08__CT_place_TROPHY,-3.4991510347026633e-06,3.4991510347026633e-06,CT_place_TROPHY,False
lag_13__CT_place_TMAIN,-3.498869318718789e-06,3.498869318718789e-06,CT_place_TMAIN,False
lag_15__round_num,-3.4987099297723034e-06,3.4987099297723034e-06,round_num,False
lag_11__T_place_HEAVEN,-3.497209718261729e-06,3.497209718261729e-06,T_place_HEAVEN,False
lag_03__round_num,-3.49640481545066e-06,3.49640481545066e-06,round_num,False
lag_09__CT_place_BACKOFA,-3.4928937111544656e-06,3.4928937111544656e-06,CT_place_BACKOFA,False
lag_09__CT1__utility_total,-3.4895397220680024e-06,3.4895397220680024e-06,CT1__utility_total,True
lag_11__T_place_ARCH,-3.4874938137363642e-06,3.4874938137363642e-06,T_place_ARCH,False
lag_08__CT_place_CRANE,-3.4853635497711366e-06,3.4853635497711366e-06,CT_place_CRANE,False
lag_08__T_place_MINI,-3.4841070828406373e-06,3.4841070828406373e-06,T_place_MINI,False
lag_11__T_place_GARAGE,-3.4797985790646635e-06,3.4797985790646635e-06,T_place_GARAGE,False
lag_01__T_place_WALKWAY,-3.479090992186684e-06,3.479090992186684e-06,T_place_WALKWAY,False
lag_01__CT_place_CTSIDEUPPER,-3.4703334677033126e-06,3.4703334677033126e-06,CT_place_CTSIDEUPPER,False
lag_09__CT_place_SQUEAKY,-3.4685774608078646e-06,3.4685774608078646e-06,CT_place_SQUEAKY,False
lag_02__CT_place_LOCKERROOM,-3.4656286516110413e-06,3.4656286516110413e-06,CT_place_LOCKERROOM,False
lag_09__T_place_BALCONY,-3.462796712483396e-06,3.462796712483396e-06,T_place_BALCONY,False
lag_15__CT_place_LOCKERROOM,-3.453846147749573e-06,3.453846147749573e-06,CT_place_LOCKERROOM,False
lag_06__T_utility_damage_last_5s,-3.452688360994216e-06,3.452688360994216e-06,T_utility_damage_last_5s,True
lag_03__CT_place_LOCKERROOM,-3.4515676361479564e-06,3.4515676361479564e-06,CT_place_LOCKERROOM,False
lag_04__T_place_PIT,-3.446426262598834e-06,3.446426262598834e-06,T_place_PIT,False
lag_04__CT_place_STAIRS,-3.4395125112496316e-06,3.4395125112496316e-06,CT_place_STAIRS,False
lag_12__CT_place_BACKALLEY,-3.4391441658954136e-06,3.4391441658954136e-06,CT_place_BACKALLEY,False
lag_14__CT_place_BACKALLEY,-3.4372990285191918e-06,3.4372990285191918e-06,CT_place_BACKALLEY,False
lag_02__CT_place_CONTROL,-3.4369165859970963e-06,3.4369165859970963e-06,CT_place_CONTROL,False
lag_10__CT3__molly,-3.4351812701061135e-06,3.4351812701061135e-06,CT3__molly,True
lag_04__CT1__Y,-3.4316949495405424e-06,3.4316949495405424e-06,CT1__Y,False
lag_04__T_place_OUTSIDETUNNEL,-3.4303955089853844e-06,3.4303955089853844e-06,T_place_OUTSIDETUNNEL,False
lag_07__CT_place_BACKALLEY,-3.4290669645997696e-06,3.4290669645997696e-06,CT_place_BACKALLEY,False
lag_09__T_place_VENTS,-3.4287520520592807e-06,3.4287520520592807e-06,T_place_VENTS,False
lag_15__CT_place_CONTROL,-3.425232534937095e-06,3.425232534937095e-06,CT_place_CONTROL,False
lag_03__CT_place_CONTROL,-3.4229731227242155e-06,3.4229731227242155e-06,CT_place_CONTROL,False
lag_05__CT_place_UPPERTUNNEL,-3.4119141218980076e-06,3.4119141218980076e-06,CT_place_UPPERTUNNEL,False
lag_05__CT_place_HUT,-3.4099687127309153e-06,3.4099687127309153e-06,CT_place_HUT,False
lag_08__CT_place_BACKALLEY,-3.4027048059215304e-06,3.4027048059215304e-06,CT_place_BACKALLEY,False
lag_09__CT_place_TRAMP,-3.4005215638899244e-06,3.4005215638899244e-06,CT_place_TRAMP,False
lag_11__CT_place_TSIDELOWER,-3.399804199943901e-06,3.399804199943901e-06,CT_place_TSIDELOWER,False
lag_09__molly_inv_diff,3.394731720618438e-06,3.394731720618438e-06,molly_inv_diff,True
lag_11__CT_place_CONSTRUCTION,-3.392646931388299e-06,3.392646931388299e-06,CT_place_CONSTRUCTION,False
lag_12__T_place_BDOORS,-3.3920844089152524e-06,3.3920844089152524e-06,T_place_BDOORS,False
lag_14__T_place_BDOORS,-3.390264055269654e-06,3.390264055269654e-06,T_place_BDOORS,False
lag_04__T_place_WATER,-3.389583980606403e-06,3.389583980606403e-06,T_place_WATER,False
lag_07__T_place_BDOORS,-3.3821427223301725e-06,3.3821427223301725e-06,T_place_BDOORS,False
lag_05__T_place_UPPERPARK,-3.3794858609326184e-06,3.3794858609326184e-06,T_place_UPPERPARK,False
lag_05__CT3__armor,-3.3780106605263427e-06,3.3780106605263427e-06,CT3__armor,False
lag_11__CT_place_IVY,-3.3776079817471327e-06,3.3776079817471327e-06,CT_place_IVY,False
lag_05__CT_place_LADDER,-3.370671947777737e-06,3.370671947777737e-06,CT_place_LADDER,False
lag_12__T_place_WALKWAY,-3.370192416696227e-06,3.370192416696227e-06,T_place_WALKWAY,False
lag_14__T_place_WALKWAY,-3.368381385371322e-06,3.368381385371322e-06,T_place_WALKWAY,False
lag_02__CT_place_OUTSIDELONG,-3.3682156299619237e-06,3.3682156299619237e-06,CT_place_OUTSIDELONG,False
lag_09__T_place_JUNGLE,-3.367858653291478e-06,3.367858653291478e-06,T_place_JUNGLE,False
lag_04__T_place_TSTAIRS,-3.3652777347015217e-06,3.3652777347015217e-06,T_place_TSTAIRS,False
lag_04__T_place_FOUNTAIN,-3.36414564117149e-06,3.36414564117149e-06,T_place_FOUNTAIN,False
lag_12__CT_place_CTSIDEUPPER,-3.3617061490076594e-06,3.3617061490076594e-06,CT_place_CTSIDEUPPER,False
lag_07__T_place_WALKWAY,-3.3603128031245433e-06,3.3603128031245433e-06,T_place_WALKWAY,False
lag_14__CT_place_CTSIDEUPPER,-3.3599005746509647e-06,3.3599005746509647e-06,CT_place_CTSIDEUPPER,False
lag_06__T_place_CONTROL,-3.3569640436326154e-06,3.3569640436326154e-06,T_place_CONTROL,False
lag_15__CT_place_OUTSIDELONG,-3.356759634698392e-06,3.356759634698392e-06,CT_place_OUTSIDELONG,False
lag_08__T_place_BDOORS,-3.35614299729059e-06,3.35614299729059e-06,T_place_BDOORS,False
lag_03__CT_place_OUTSIDELONG,-3.3545472888363292e-06,3.3545472888363292e-06,CT_place_OUTSIDELONG,False
lag_07__CT_place_CTSIDEUPPER,-3.3518542750243796e-06,3.3518542750243796e-06,CT_place_CTSIDEUPPER,False
lag_02__T_place_ARAMP,-3.3507174066471634e-06,3.3507174066471634e-06,T_place_ARAMP,False
lag_01__CT_hp_sum,3.34972810378531e-06,3.34972810378531e-06,CT_hp_sum,False
lag_05__T_place_TUNNEL,-3.34356968778593e-06,3.34356968778593e-06,T_place_TUNNEL,False
lag_15__T_place_ARAMP,-3.3393234843970276e-06,3.3393234843970276e-06,T_place_ARAMP,False
lag_05__T_place_SIDEHALL,-3.3378009902662598e-06,3.3378009902662598e-06,T_place_SIDEHALL,False
lag_03__T_place_ARAMP,-3.337122961966088e-06,3.337122961966088e-06,T_place_ARAMP,False
lag_04__T_place_TUNNELSTAIRS,-3.3370897654094733e-06,3.3370897654094733e-06,T_place_TUNNELSTAIRS,False
lag_08__T_place_WALKWAY,-3.3344817893521395e-06,3.3344817893521395e-06,T_place_WALKWAY,False
lag_05__CT_place_MAINHALL,-3.3337744298478356e-06,3.3337744298478356e-06,CT_place_MAINHALL,False
lag_04__T2__is_scoped,-3.330229446874e-06,3.330229446874e-06,T2__is_scoped,False
lag_08__CT_place_CTSIDEUPPER,-3.3260873806284508e-06,3.3260873806284508e-06,CT_place_CTSIDEUPPER,False
lag_09__T_place_HEAVEN,-3.324390945635969e-06,3.324390945635969e-06,T_place_HEAVEN,False
lag_05__CT_place_HOLE,-3.3209423691005213e-06,3.3209423691005213e-06,CT_place_HOLE,False
lag_09__T_place_ARCH,-3.3151543448184384e-06,3.3151543448184384e-06,T_place_ARCH,False
lag_01__CT_place_OBSERVATION,-3.312887656647945e-06,3.312887656647945e-06,CT_place_OBSERVATION,False
lag_04__T_place_LONGA,-3.3119117688329425e-06,3.3119117688329425e-06,T_place_LONGA,False
lag_01__CT_place_PALACEALLEY,-3.3090909710153937e-06,3.3090909710153937e-06,CT_place_PALACEALLEY,False
lag_09__T_place_GARAGE,-3.3078417800425086e-06,3.3078417800425086e-06,T_place_GARAGE,False
lag_10__T_place_CONTROL,-3.3038998026313493e-06,3.3038998026313493e-06,T_place_CONTROL,False
lag_10__T4__flash,-3.3023045489244396e-06,3.3023045489244396e-06,T4__flash,True
lag_02__CT_place_TMAIN,-3.2945392831607023e-06,3.2945392831607023e-06,CT_place_TMAIN,False
lag_13__T_place_CONTROL,-3.2934929095063126e-06,3.2934929095063126e-06,T_place_CONTROL,False
lag_04__CT_place_VENTS,-3.2887312499951804e-06,3.2887312499951804e-06,CT_place_VENTS,False
lag_09__T5__molly,3.2870841550902696e-06,3.2870841550902696e-06,T5__molly,True
lag_15__CT_place_TMAIN,-3.2833372642926406e-06,3.2833372642926406e-06,CT_place_TMAIN,False
lag_03__CT_place_TMAIN,-3.2811717574077193e-06,3.2811717574077193e-06,CT_place_TMAIN,False
lag_01__T_place_TRUCK,-3.2769130484666675e-06,3.2769130484666675e-06,T_place_TRUCK,False
lag_11__CT_place_TUNNELSTAIRS,-3.258832975916448e-06,3.258832975916448e-06,CT_place_TUNNELSTAIRS,False
lag_11__T_place_PIPE,-3.258340939282789e-06,3.258340939282789e-06,T_place_PIPE,False
lag_05__CT_place_FOUNTAIN,-3.2540413030801574e-06,3.2540413030801574e-06,CT_place_FOUNTAIN,False
lag_03__CT3__armor,-3.2519862998015014e-06,3.2519862998015014e-06,CT3__armor,False
lag_05__T_place_HUT,-3.251843509133323e-06,3.251843509133323e-06,T_place_HUT,False
lag_01__T_place_UNDERA,-3.2492155241925502e-06,3.2492155241925502e-06,T_place_UNDERA,False
lag_06__CT_place_BRIDGE,-3.248316716053523e-06,3.248316716053523e-06,CT_place_BRIDGE,False
lag_00__CT_utility_damage_last_5s,3.2472021302965004e-06,3.2472021302965004e-06,CT_utility_damage_last_5s,True
lag_11__T_place_CONSTRUCTION,-3.246243068133481e-06,3.246243068133481e-06,T_place_CONSTRUCTION,False
lag_11__T_place_PLAYGROUND,-3.2378882224293193e-06,3.2378882224293193e-06,T_place_PLAYGROUND,False
lag_04__CT_place_LONGDOG,-3.233890765841352e-06,3.233890765841352e-06,CT_place_LONGDOG,False
lag_01__CT_place_RESTROOM,-3.2319007914338727e-06,3.2319007914338727e-06,CT_place_RESTROOM,False
lag_09__CT_place_TSIDELOWER,-3.231797336411546e-06,3.231797336411546e-06,CT_place_TSIDELOWER,False
lag_11__CT_place_DECON,-3.228728019166738e-06,3.228728019166738e-06,CT_place_DECON,False
lag_06__CT_place_BACKOFA,-3.228689138268237e-06,3.228689138268237e-06,CT_place_BACKOFA,False
lag_05__CT_place_SECRET,-3.2273082979372703e-06,3.2273082979372703e-06,CT_place_SECRET,False
lag_09__CT_place_CONSTRUCTION,-3.2249943160422845e-06,3.2249943160422845e-06,CT_place_CONSTRUCTION,False
lag_11__CT_place_ENTRANCE,-3.2174154966924107e-06,3.2174154966924107e-06,CT_place_ENTRANCE,False
lag_09__CT_place_IVY,-3.210698650946142e-06,3.210698650946142e-06,CT_place_IVY,False
lag_12__CT_place_OBSERVATION,-3.20918684337812e-06,3.20918684337812e-06,CT_place_OBSERVATION,False
lag_14__CT_place_OBSERVATION,-3.207464715160313e-06,3.207464715160313e-06,CT_place_OBSERVATION,False
lag_06__CT_place_SQUEAKY,-3.206214614692726e-06,3.206214614692726e-06,CT_place_SQUEAKY,False
lag_12__CT_place_PALACEALLEY,-3.2055095289251767e-06,3.2055095289251767e-06,CT_place_PALACEALLEY,False
lag_07__CT3__armor,3.2041700706031406e-06,3.2041700706031406e-06,CT3__armor,False
lag_14__CT_place_PALACEALLEY,-3.2037887649494223e-06,3.2037887649494223e-06,CT_place_PALACEALLEY,False
lag_01__T_smokes_last_5s,-3.20138678944204e-06,3.20138678944204e-06,T_smokes_last_5s,True
lag_06__T_place_BALCONY,-3.2008692869567312e-06,3.2008692869567312e-06,T_place_BALCONY,False
lag_07__CT_place_OBSERVATION,-3.1997813039197354e-06,3.1997813039197354e-06,CT_place_OBSERVATION,False
lag_01__CT_place_VENDING,-3.198569856976974e-06,3.198569856976974e-06,CT_place_VENDING,False
lag_10__CT_place_BRIDGE,-3.1969723295333097e-06,3.1969723295333097e-06,CT_place_BRIDGE,False
lag_07__CT_place_PALACEALLEY,-3.1961151307768887e-06,3.1961151307768887e-06,CT_place_PALACEALLEY,False
lag_13__CT_place_BRIDGE,-3.1869008125795517e-06,3.1869008125795517e-06,CT_place_BRIDGE,False
lag_11__CT_place_TROPHY,-3.18377578878426e-06,3.18377578878426e-06,CT_place_TROPHY,False
lag_04__CT_place_TSIDEUPPER,-3.1830511488806223e-06,3.1830511488806223e-06,CT_place_TSIDEUPPER,False
lag_10__CT_place_BACKOFA,-3.177654207320302e-06,3.177654207320302e-06,CT_place_BACKOFA,False
lag_08__CT_place_OBSERVATION,-3.175183792336611e-06,3.175183792336611e-06,CT_place_OBSERVATION,False
lag_12__T_place_TRUCK,-3.1743379622639623e-06,3.1743379622639623e-06,T_place_TRUCK,False
lag_14__T_place_TRUCK,-3.1726344786875416e-06,3.1726344786875416e-06,T_place_TRUCK,False
lag_08__CT_place_PALACEALLEY,-3.1715449040348176e-06,3.1715449040348176e-06,CT_place_PALACEALLEY,False
lag_11__CT_place_CRANE,-3.1712304462416796e-06,3.1712304462416796e-06,CT_place_CRANE,False
lag_11__T_place_MINI,-3.1700878935225774e-06,3.1700878935225774e-06,T_place_MINI,False
lag_06__T_place_VENTS,-3.1694009976490634e-06,3.1694009976490634e-06,T_place_VENTS,False
lag_13__CT_place_BACKOFA,-3.167642717016861e-06,3.167642717016861e-06,CT_place_BACKOFA,False
lag_07__T_place_TRUCK,-3.165034740959527e-06,3.165034740959527e-06,T_place_TRUCK,False
lag_01__T_place_OBSERVATION,-3.160433152515907e-06,3.160433152515907e-06,T_place_OBSERVATION,False
lag_10__CT_place_SQUEAKY,-3.155533249810105e-06,3.155533249810105e-06,CT_place_SQUEAKY,False
lag_10__T_place_BALCONY,-3.1502727324550506e-06,3.1502727324550506e-06,T_place_BALCONY,False
lag_12__T_place_UNDERA,-3.1475083233090118e-06,3.1475083233090118e-06,T_place_UNDERA,False
lag_05__CT_flashes_last_5s,-3.1464242056244984e-06,3.1464242056244984e-06,CT_flashes_last_5s,True
lag_14__T_place_UNDERA,-3.145818709526793e-06,3.145818709526793e-06,T_place_UNDERA,False
lag_13__CT_place_SQUEAKY,-3.1455922453460516e-06,3.1455922453460516e-06,CT_place_SQUEAKY,False
lag_06__CT_place_TRAMP,-3.1433057756657945e-06,3.1433057756657945e-06,CT_place_TRAMP,False
lag_05__T_place_MAIN,-3.1417946502187988e-06,3.1417946502187988e-06,T_place_MAIN,False
lag_08__T_place_TRUCK,-3.140703711324022e-06,3.140703711324022e-06,T_place_TRUCK,False
lag_13__T_place_BALCONY,-3.140350600006059e-06,3.140350600006059e-06,T_place_BALCONY,False
lag_07__T_place_UNDERA,-3.1382842280436307e-06,3.1382842280436307e-06,T_place_UNDERA,False
lag_12__CT_place_RESTROOM,-3.1307381505030207e-06,3.1307381505030207e-06,CT_place_RESTROOM,False
lag_14__CT_place_RESTROOM,-3.1290558126784163e-06,3.1290558126784163e-06,CT_place_RESTROOM,False
lag_01__CT_he_last_5s,-3.1273175409296528e-06,3.1273175409296528e-06,CT_he_last_5s,True
lag_04__CT_place_MAIN,-3.122516091025318e-06,3.122516091025318e-06,CT_place_MAIN,False
lag_07__CT_place_RESTROOM,-3.1215597573464038e-06,3.1215597573464038e-06,CT_place_RESTROOM,False
lag_10__T1__X,-3.1195947940432234e-06,3.1195947940432234e-06,T1__X,False
lag_10__T_place_VENTS,-3.119303300991305e-06,3.119303300991305e-06,T_place_VENTS,False
lag_01__CT_place_BRICKS,-3.117450205536443e-06,3.117450205536443e-06,CT_place_BRICKS,False
lag_08__T_place_UNDERA,-3.1141587442107266e-06,3.1141587442107266e-06,T_place_UNDERA,False
lag_06__T_place_JUNGLE,-3.1131121431826614e-06,3.1131121431826614e-06,T_place_JUNGLE,False
lag_13__T_place_VENTS,-3.1094757559912978e-06,3.1094757559912978e-06,T_place_VENTS,False
lag_04__CT_place_HELL,-3.106350277448655e-06,3.106350277448655e-06,CT_place_HELL,False
lag_12__T_smokes_last_5s,-3.101178663200699e-06,3.101178663200699e-06,T_smokes_last_5s,True
lag_02__T_place_CONTROL,-3.101157744822558e-06,3.101157744822558e-06,T_place_CONTROL,False
lag_14__T_smokes_last_5s,-3.099513151028077e-06,3.099513151028077e-06,T_smokes_last_5s,True
lag_12__CT_place_VENDING,-3.0984492696006782e-06,3.0984492696006782e-06,CT_place_VENDING,False
lag_01__T_place_SIDE,-3.097818762398674e-06,3.097818762398674e-06,T_place_SIDE,False
lag_09__CT_place_TUNNELSTAIRS,-3.097794660789077e-06,3.097794660789077e-06,CT_place_TUNNELSTAIRS,False
lag_08__CT_place_RESTROOM,-3.0975654681242304e-06,3.0975654681242304e-06,CT_place_RESTROOM,False
lag_09__T_place_PIPE,-3.0973228604125325e-06,3.0973228604125325e-06,T_place_PIPE,False
lag_14__CT_place_VENDING,-3.096786031164811e-06,3.096786031164811e-06,CT_place_VENDING,False
lag_11__CT_place_BACKALLEY,-3.096022282988997e-06,3.096022282988997e-06,CT_place_BACKALLEY,False
lag_01__T_place_UPSTAIRS,-3.093739906034898e-06,3.093739906034898e-06,T_place_UPSTAIRS,False
lag_10__CT_place_TRAMP,-3.0936200801079394e-06,3.0936200801079394e-06,CT_place_TRAMP,False
lag_07__T_smokes_last_5s,-3.0920887184038293e-06,3.0920887184038293e-06,T_smokes_last_5s,True
lag_15__T_place_CONTROL,-3.0906119263818255e-06,3.0906119263818255e-06,T_place_CONTROL,False
lag_04__T_place_LOWERPARK,-3.0902103844709927e-06,3.0902103844709927e-06,T_place_LOWERPARK,False
lag_07__CT_place_VENDING,-3.089369783992879e-06,3.089369783992879e-06,CT_place_VENDING,False
lag_03__T_place_CONTROL,-3.0885728392604506e-06,3.0885728392604506e-06,T_place_CONTROL,False
lag_09__T_place_CONSTRUCTION,-3.08582548314007e-06,3.08582548314007e-06,T_place_CONSTRUCTION,False
lag_13__CT_place_TRAMP,-3.0838743896310916e-06,3.0838743896310916e-06,CT_place_TRAMP,False
lag_09__T_place_PLAYGROUND,-3.077881274293759e-06,3.077881274293759e-06,T_place_PLAYGROUND,False
lag_06__T_place_HEAVEN,-3.072930894632009e-06,3.072930894632009e-06,T_place_HEAVEN,False
lag_05__CT_place_ELECTRICALBOX,-3.0726130262337392e-06,3.0726130262337392e-06,CT_place_ELECTRICALBOX,False
lag_04__T_place_SECRET,-3.071198534598807e-06,3.071198534598807e-06,T_place_SECRET,False
lag_09__CT_place_DECON,-3.0691762731294148e-06,3.0691762731294148e-06,CT_place_DECON,False
lag_08__T_smokes_last_5s,-3.0683193017466692e-06,3.0683193017466692e-06,T_smokes_last_5s,True
lag_01__T_place_DECON,-3.066718136324198e-06,3.066718136324198e-06,T_place_DECON,False
lag_08__CT_place_VENDING,-3.065619921471807e-06,3.065619921471807e-06,CT_place_VENDING,False
lag_06__T_place_ARCH,-3.064394832108519e-06,3.064394832108519e-06,T_place_ARCH,False
lag_10__T_place_JUNGLE,-3.0639032502222108e-06,3.0639032502222108e-06,T_place_JUNGLE,False
lag_12__T_place_OBSERVATION,-3.0615058221883373e-06,3.0615058221883373e-06,T_place_OBSERVATION,False
lag_14__T_place_OBSERVATION,-3.0598616831412073e-06,3.0598616831412073e-06,T_place_OBSERVATION,False
lag_09__CT_place_ENTRANCE,-3.0584221804019762e-06,3.0584221804019762e-06,CT_place_ENTRANCE,False
lag_06__T_place_GARAGE,-3.057635694858618e-06,3.057635694858618e-06,T_place_GARAGE,False
lag_04__T2__flash_duration,3.056606146856211e-06,3.056606146856211e-06,T2__flash_duration,True
lag_13__T_place_JUNGLE,-3.0542507829522947e-06,3.0542507829522947e-06,T_place_JUNGLE,False
lag_11__T_place_BDOORS,-3.0536571102857124e-06,3.0536571102857124e-06,T_place_BDOORS,False
lag_07__T_place_OBSERVATION,-3.05253252008697e-06,3.05253252008697e-06,T_place_OBSERVATION,False
lag_06__closest_enemy_dist_diff,-3.0519063329847995e-06,3.0519063329847995e-06,closest_enemy_dist_diff,False
lag_01__T_place_GRAVEYARD,-3.048617372769513e-06,3.048617372769513e-06,T_place_GRAVEYARD,False
lag_11__T_place_WALKWAY,-3.0339474506035913e-06,3.0339474506035913e-06,T_place_WALKWAY,False
lag_12__CT_he_last_5s,-3.029423851330648e-06,3.029423851330648e-06,CT_he_last_5s,True
lag_08__T_place_OBSERVATION,-3.029066647286527e-06,3.029066647286527e-06,T_place_OBSERVATION,False
lag_14__CT_he_last_5s,-3.02779858429858e-06,3.02779858429858e-06,CT_he_last_5s,True
lag_05__round_num,-3.0271007744886447e-06,3.0271007744886447e-06,round_num,False
lag_09__CT_place_TROPHY,-3.0264461656770436e-06,3.0264461656770436e-06,CT_place_TROPHY,False
lag_11__CT_place_CTSIDEUPPER,-3.0263101962191286e-06,3.0263101962191286e-06,CT_place_CTSIDEUPPER,False
lag_12__T_place_STAIRS,-3.0251580938056577e-06,3.0251580938056577e-06,T_place_STAIRS,False
lag_10__T_place_HEAVEN,-3.0243586479627993e-06,3.0243586479627993e-06,T_place_HEAVEN,False
lag_14__CT3__armor,-3.0235953545343364e-06,3.0235953545343364e-06,CT3__armor,False
lag_14__T_place_STAIRS,-3.0235339636419667e-06,3.0235339636419667e-06,T_place_STAIRS,False
lag_04__CT_place_LOWERTUNNEL,-3.021437123607029e-06,3.021437123607029e-06,CT_place_LOWERTUNNEL,False
lag_04__CT_defusing_count,-3.021195880137384e-06,3.021195880137384e-06,CT_defusing_count,False
lag_07__CT_he_last_5s,-3.02054741041502e-06,3.02054741041502e-06,CT_he_last_5s,True
lag_12__CT_place_BRICKS,-3.01986779049912e-06,3.01986779049912e-06,CT_place_BRICKS,False
lag_14__CT_place_BRICKS,-3.0182459340721834e-06,3.0182459340721834e-06,CT_place_BRICKS,False
lag_04__CT_place_QUAD,-3.0180458452377934e-06,3.0180458452377934e-06,CT_place_QUAD,False
lag_10__T_place_ARCH,-3.0159558264131192e-06,3.0159558264131192e-06,T_place_ARCH,False
lag_13__T_place_HEAVEN,-3.0148319183354033e-06,3.0148319183354033e-06,T_place_HEAVEN,False
lag_09__CT_place_CRANE,-3.0145206437737215e-06,3.0145206437737215e-06,CT_place_CRANE,False
lag_09__T_place_MINI,-3.0134342523524538e-06,3.0134342523524538e-06,T_place_MINI,False
lag_07__CT_place_BRICKS,-3.011017270182492e-06,3.011017270182492e-06,CT_place_BRICKS,False
lag_10__T_place_GARAGE,-3.009303327417001e-06,3.009303327417001e-06,T_place_GARAGE,False
lag_13__T_place_ARCH,-3.006455244758399e-06,3.006455244758399e-06,T_place_ARCH,False
lag_12__T_place_SIDE,-3.0008509384060744e-06,3.0008509384060744e-06,T_place_SIDE,False
lag_02__CT_place_BRIDGE,-3.0007900022610556e-06,3.0007900022610556e-06,CT_place_BRIDGE,False
lag_13__T_place_GARAGE,-2.999823664140422e-06,2.999823664140422e-06,T_place_GARAGE,False
lag_14__T_place_SIDE,-2.9992406780365855e-06,2.9992406780365855e-06,T_place_SIDE,False
lag_10__CT_A_site_active_infernos,2.9990908387844684e-06,2.9990908387844684e-06,CT_A_site_active_infernos,True
lag_08__CT_he_last_5s,-2.997326419063029e-06,2.997326419063029e-06,CT_he_last_5s,True
lag_12__T_place_UPSTAIRS,-2.99689872917952e-06,2.99689872917952e-06,T_place_UPSTAIRS,False
lag_14__T_place_UPSTAIRS,-2.9952902877994347e-06,2.9952902877994347e-06,T_place_UPSTAIRS,False
lag_07__T_place_SIDE,-2.9920563520136056e-06,2.9920563520136056e-06,T_place_SIDE,False
lag_15__CT_place_BRIDGE,-2.9905870633228915e-06,2.9905870633228915e-06,CT_place_BRIDGE,False
lag_03__CT_place_BRIDGE,-2.988614824062097e-06,2.988614824062097e-06,CT_place_BRIDGE,False
lag_05__CT_place_LOCKERROOM,-2.9882810395065462e-06,2.9882810395065462e-06,CT_place_LOCKERROOM,False
lag_07__T_place_UPSTAIRS,-2.9881171030865517e-06,2.9881171030865517e-06,T_place_UPSTAIRS,False
lag_08__CT_place_BRICKS,-2.9878701752750203e-06,2.9878701752750203e-06,CT_place_BRICKS,False
lag_06__CT_place_TSIDELOWER,-2.987343123095343e-06,2.987343123095343e-06,CT_place_TSIDELOWER,False
lag_01__T_place_SHOP,-2.9863215331715764e-06,2.9863215331715764e-06,T_place_SHOP,False
lag_02__CT_place_BACKOFA,-2.9826583158865105e-06,2.9826583158865105e-06,CT_place_BACKOFA,False
lag_06__CT_place_CONSTRUCTION,-2.981052830364206e-06,2.981052830364206e-06,CT_place_CONSTRUCTION,False
lag_01__CT_place_TUNNEL,-2.97662018056144e-06,2.97662018056144e-06,CT_place_TUNNEL,False
lag_15__CT_place_BACKOFA,-2.972516767840716e-06,2.972516767840716e-06,CT_place_BACKOFA,False
lag_12__T_place_DECON,-2.970723926409846e-06,2.970723926409846e-06,T_place_DECON,False
lag_03__CT_place_BACKOFA,-2.9705574888794217e-06,2.9705574888794217e-06,CT_place_BACKOFA,False
lag_14__T_place_DECON,-2.9691298095713137e-06,2.9691298095713137e-06,T_place_DECON,False
lag_08__T_place_SIDE,-2.9690554583794437e-06,2.9690554583794437e-06,T_place_SIDE,False
lag_06__CT_place_IVY,-2.9678394639631733e-06,2.9678394639631733e-06,CT_place_IVY,False
lag_08__T_place_UPSTAIRS,-2.965145540656522e-06,2.965145540656522e-06,T_place_UPSTAIRS,False
lag_05__CT_place_CONTROL,-2.963525048471638e-06,2.963525048471638e-06,CT_place_CONTROL,False
lag_07__T_place_DECON,-2.962014832519344e-06,2.962014832519344e-06,T_place_DECON,False
lag_02__CT_place_SQUEAKY,-2.96189477921871e-06,2.96189477921871e-06,CT_place_SQUEAKY,False
lag_02__T_place_BALCONY,-2.956956677735434e-06,2.956956677735434e-06,T_place_BALCONY,False
lag_04__T_place_IVY,-2.955058562292834e-06,2.955058562292834e-06,T_place_IVY,False
lag_12__T_place_GRAVEYARD,-2.953189778054366e-06,2.953189778054366e-06,T_place_GRAVEYARD,False
lag_15__CT_place_SQUEAKY,-2.9518239443859784e-06,2.9518239443859784e-06,CT_place_SQUEAKY,False
lag_14__T_place_GRAVEYARD,-2.9516038466681493e-06,2.9516038466681493e-06,T_place_GRAVEYARD,False
lag_03__CT_place_SQUEAKY,-2.9498767162294826e-06,2.9498767162294826e-06,CT_place_SQUEAKY,False
lag_04__T_place_TROPHY,-2.9488885502360063e-06,2.9488885502360063e-06,T_place_TROPHY,False
lag_15__T_place_BALCONY,-2.9469033506757114e-06,2.9469033506757114e-06,T_place_BALCONY,False
lag_03__T_place_BALCONY,-2.9449597604980227e-06,2.9449597604980227e-06,T_place_BALCONY,False
lag_07__T_place_GRAVEYARD,-2.9445347990986193e-06,2.9445347990986193e-06,T_place_GRAVEYARD,False
lag_09__CT_place_BACKALLEY,-2.943029585367185e-06,2.943029585367185e-06,CT_place_BACKALLEY,False
lag_03__T1__utility_total,2.9416689812933328e-06,2.9416689812933328e-06,T1__utility_total,True
lag_10__CT_place_TSIDELOWER,-2.940123977168696e-06,2.940123977168696e-06,CT_place_TSIDELOWER,False
lag_08__T_place_DECON,-2.9392458600341342e-06,2.9392458600341342e-06,T_place_DECON,False
lag_10__CT_place_CONSTRUCTION,-2.933933274107403e-06,2.933933274107403e-06,CT_place_CONSTRUCTION,False
lag_01__CT_smokes_last_5s,-2.9314089715626324e-06,2.9314089715626324e-06,CT_smokes_last_5s,True
lag_13__CT_place_TSIDELOWER,-2.930860318883788e-06,2.930860318883788e-06,CT_place_TSIDELOWER,False
lag_02__T_place_VENTS,-2.9278867259563413e-06,2.9278867259563413e-06,T_place_VENTS,False
lag_13__CT_place_CONSTRUCTION,-2.924690761574311e-06,2.924690761574311e-06,CT_place_CONSTRUCTION,False
lag_08__T_place_GRAVEYARD,-2.9218988402135437e-06,2.9218988402135437e-06,T_place_GRAVEYARD,False
lag_10__CT_place_IVY,-2.920927954619401e-06,2.920927954619401e-06,CT_place_IVY,False
lag_15__T_place_VENTS,-2.9179295779613312e-06,2.9179295779613312e-06,T_place_VENTS,False
lag_03__T_place_VENTS,-2.916006678788108e-06,2.916006678788108e-06,T_place_VENTS,False
lag_04__CT_place_UPPERPARK,-2.914038987000822e-06,2.914038987000822e-06,CT_place_UPPERPARK,False
lag_13__CT_place_IVY,-2.911725914600538e-06,2.911725914600538e-06,CT_place_IVY,False
lag_01__CT_place_SCAFFOLDING,-2.9084014840918826e-06,2.9084014840918826e-06,CT_place_SCAFFOLDING,False
lag_04__T_flashes_last_5s,-2.904681423387956e-06,2.904681423387956e-06,T_flashes_last_5s,True
lag_05__CT_place_OUTSIDELONG,-2.904283974203281e-06,2.904283974203281e-06,CT_place_OUTSIDELONG,False
lag_02__CT_place_TRAMP,-2.9037814783805516e-06,2.9037814783805516e-06,CT_place_TRAMP,False
lag_09__T_place_BDOORS,-2.9027564778516535e-06,2.9027564778516535e-06,T_place_BDOORS,False
lag_04__CT_place_LOBBY,-2.8962251690245466e-06,2.8962251690245466e-06,CT_place_LOBBY,False
lag_15__CT_place_TRAMP,-2.8939068670297274e-06,2.8939068670297274e-06,CT_place_TRAMP,False
lag_12__T_place_SHOP,-2.892843212976004e-06,2.892843212976004e-06,T_place_SHOP,False
lag_03__CT_place_TRAMP,-2.891998747145408e-06,2.891998747145408e-06,CT_place_TRAMP,False
lag_14__T_place_SHOP,-2.891290478146402e-06,2.891290478146402e-06,T_place_SHOP,False
lag_05__T_place_ARAMP,-2.8891965939692454e-06,2.8891965939692454e-06,T_place_ARAMP,False
lag_11__CT_place_OBSERVATION,-2.889008555939654e-06,2.889008555939654e-06,CT_place_OBSERVATION,False
lag_11__CT_place_PALACEALLEY,-2.8856968583568232e-06,2.8856968583568232e-06,CT_place_PALACEALLEY,False
lag_07__T_place_SHOP,-2.8843646759924013e-06,2.8843646759924013e-06,T_place_SHOP,False
lag_09__T_place_WALKWAY,-2.8840215691161575e-06,2.8840215691161575e-06,T_place_WALKWAY,False
lag_12__CT_place_TUNNEL,-2.8834465410909615e-06,2.8834465410909615e-06,CT_place_TUNNEL,False
lag_14__CT_place_TUNNEL,-2.8818978989875177e-06,2.8818978989875177e-06,CT_place_TUNNEL,False
lag_04__T_place_DUMPSTER,-2.8795016078220215e-06,2.8795016078220215e-06,T_place_DUMPSTER,False
lag_09__CT_place_CTSIDEUPPER,-2.8767608455382288e-06,2.8767608455382288e-06,CT_place_CTSIDEUPPER,False
lag_02__T_place_JUNGLE,-2.8758856842614478e-06,2.8758856842614478e-06,T_place_JUNGLE,False
lag_07__CT_place_TUNNEL,-2.8749964258167893e-06,2.8749964258167893e-06,CT_place_TUNNEL,False
lag_04__T_place_EXTENDEDA,-2.874869096558541e-06,2.874869096558541e-06,T_place_EXTENDEDA,False
lag_04__CT_place_TSPAWN,-2.871938932003104e-06,2.871938932003104e-06,CT_place_TSPAWN,False
lag_15__T_place_JUNGLE,-2.8661063424806343e-06,2.8661063424806343e-06,T_place_JUNGLE,False
lag_03__T_place_JUNGLE,-2.864218458853429e-06,2.864218458853429e-06,T_place_JUNGLE,False
lag_06__CT_place_TUNNELSTAIRS,-2.8634767659241334e-06,2.8634767659241334e-06,CT_place_TUNNELSTAIRS,False
lag_06__T_place_PIPE,-2.8630427095777122e-06,2.8630427095777122e-06,T_place_PIPE,False
lag_08__T_place_SHOP,-2.8621918772842037e-06,2.8621918772842037e-06,T_place_SHOP,False
lag_11__T_place_TRUCK,-2.857635763575672e-06,2.857635763575672e-06,T_place_TRUCK,False
lag_08__CT_place_TUNNEL,-2.85289456769533e-06,2.85289456769533e-06,CT_place_TUNNEL,False
lag_06__T_place_CONSTRUCTION,-2.8524116260086885e-06,2.8524116260086885e-06,T_place_CONSTRUCTION,False
lag_06__T_place_PLAYGROUND,-2.845067911039223e-06,2.845067911039223e-06,T_place_PLAYGROUND,False
lag_05__CT_place_TMAIN,-2.840756224031793e-06,2.840756224031793e-06,CT_place_TMAIN,False
lag_12__CT_smokes_last_5s,-2.839652324837516e-06,2.839652324837516e-06,CT_smokes_last_5s,True
lag_02__T_place_HEAVEN,-2.8387703423504718e-06,2.8387703423504718e-06,T_place_HEAVEN,False
lag_14__CT_smokes_last_5s,-2.838126647475292e-06,2.838126647475292e-06,CT_smokes_last_5s,True
lag_06__CT_place_DECON,-2.8370234304020414e-06,2.8370234304020414e-06,CT_place_DECON,False
lag_11__T_place_UNDERA,-2.8334832222753903e-06,2.8334832222753903e-06,T_place_UNDERA,False
lag_05__T1__utility_total,-2.831757910826127e-06,2.831757910826127e-06,T1__utility_total,True
lag_07__CT_smokes_last_5s,-2.8313286293268902e-06,2.8313286293268902e-06,CT_smokes_last_5s,True
lag_02__T_place_ARCH,-2.830883659044048e-06,2.830883659044048e-06,T_place_ARCH,False
lag_15__T_place_HEAVEN,-2.8291158287174767e-06,2.8291158287174767e-06,T_place_HEAVEN,False
lag_03__T_place_HEAVEN,-2.827250227710465e-06,2.827250227710465e-06,T_place_HEAVEN,False
lag_06__CT_place_ENTRANCE,-2.8270812890696106e-06,2.8270812890696106e-06,CT_place_ENTRANCE,False
lag_15__CT_helmet_count,2.8265903893043287e-06,2.8265903893043287e-06,CT_helmet_count,False
lag_02__T_place_GARAGE,-2.8246395231690258e-06,2.8246395231690258e-06,T_place_GARAGE,False
lag_15__T_place_ARCH,-2.821256430252106e-06,2.821256430252106e-06,T_place_ARCH,False
lag_04__T_place_STREET,-2.819533392539597e-06,2.819533392539597e-06,T_place_STREET,False
lag_03__T_place_ARCH,-2.819398332576384e-06,2.819398332576384e-06,T_place_ARCH,False
lag_11__CT_place_RESTROOM,-2.8183853828522842e-06,2.8183853828522842e-06,CT_place_RESTROOM,False
lag_10__CT_place_TUNNELSTAIRS,-2.8182132609799737e-06,2.8182132609799737e-06,CT_place_TUNNELSTAIRS,False
lag_10__T_place_PIPE,-2.8177869353385177e-06,2.8177869353385177e-06,T_place_PIPE,False
lag_12__CT_place_SCAFFOLDING,-2.8173642476758687e-06,2.8173642476758687e-06,CT_place_SCAFFOLDING,False
lag_14__CT_place_SCAFFOLDING,-2.8158513032394694e-06,2.8158513032394694e-06,CT_place_SCAFFOLDING,False
lag_15__T_place_GARAGE,-2.8150334401289e-06,2.8150334401289e-06,T_place_GARAGE,False
lag_03__T_place_GARAGE,-2.8131780709372833e-06,2.8131780709372833e-06,T_place_GARAGE,False
lag_08__CT_smokes_last_5s,-2.809563284245087e-06,2.809563284245087e-06,CT_smokes_last_5s,True
lag_13__CT_place_TUNNELSTAIRS,-2.8093363653169945e-06,2.8093363653169945e-06,CT_place_TUNNELSTAIRS,False
lag_07__CT_place_SCAFFOLDING,-2.8091069452784723e-06,2.8091069452784723e-06,CT_place_SCAFFOLDING,False
lag_13__T_place_PIPE,-2.8089095849281875e-06,2.8089095849281875e-06,T_place_PIPE,False
lag_10__T_place_CONSTRUCTION,-2.8073238809156464e-06,2.8073238809156464e-06,T_place_CONSTRUCTION,False
lag_10__T_place_PLAYGROUND,-2.800097718136385e-06,2.800097718136385e-06,T_place_PLAYGROUND,False
lag_13__T_place_CONSTRUCTION,-2.798481318677659e-06,2.798481318677659e-06,T_place_CONSTRUCTION,False
lag_06__CT_place_TROPHY,-2.7975238481303677e-06,2.7975238481303677e-06,CT_place_TROPHY,False
lag_10__CT_place_DECON,-2.7921778382733464e-06,2.7921778382733464e-06,CT_place_DECON,False
lag_11__T_smokes_last_5s,-2.7917747047467856e-06,2.7917747047467856e-06,T_smokes_last_5s,True
lag_13__T_place_PLAYGROUND,-2.7912776658922667e-06,2.7912776658922667e-06,T_place_PLAYGROUND,False
lag_11__CT_place_VENDING,-2.7893174774362706e-06,2.7893174774362706e-06,CT_place_VENDING,False
lag_08__CT_place_SCAFFOLDING,-2.7875107662111986e-06,2.7875107662111986e-06,CT_place_SCAFFOLDING,False
lag_06__CT_place_CRANE,-2.786502363960608e-06,2.786502363960608e-06,CT_place_CRANE,False
lag_06__T_place_MINI,-2.785496462820447e-06,2.785496462820447e-06,T_place_MINI,False
lag_13__CT_place_DECON,-2.7833805233967723e-06,2.7833805233967723e-06,CT_place_DECON,False
lag_10__CT_place_ENTRANCE,-2.7823946311400505e-06,2.7823946311400505e-06,CT_place_ENTRANCE,False
lag_13__CT_place_ENTRANCE,-2.7736286938306876e-06,2.7736286938306876e-06,CT_place_ENTRANCE,False
lag_05__active_smokes_total,2.772691686914186e-06,2.772691686914186e-06,active_smokes_total,True
lag_01__CT_place_SIDEALLEY,-2.7682328891387442e-06,2.7682328891387442e-06,CT_place_SIDEALLEY,False
lag_02__CT_place_TSIDELOWER,-2.7597041025728686e-06,2.7597041025728686e-06,CT_place_TSIDELOWER,False
lag_11__T_place_OBSERVATION,-2.756061121544917e-06,2.756061121544917e-06,T_place_OBSERVATION,False
lag_04__T_utility_damage_last_5s,2.755777359197964e-06,2.755777359197964e-06,T_utility_damage_last_5s,True
lag_02__CT_place_CONSTRUCTION,-2.7538928861758905e-06,2.7538928861758905e-06,CT_place_CONSTRUCTION,False
lag_10__CT_place_TROPHY,-2.753302169367089e-06,2.753302169367089e-06,CT_place_TROPHY,False
lag_15__CT_place_TSIDELOWER,-2.750318571997923e-06,2.750318571997923e-06,CT_place_TSIDELOWER,False
lag_09__T_place_TSPAWN,-2.7498506369738607e-06,2.7498506369738607e-06,T_place_TSPAWN,False
lag_03__CT_place_TSIDELOWER,-2.748506176430965e-06,2.748506176430965e-06,CT_place_TSIDELOWER,False
lag_09__CT_place_OBSERVATION,-2.7462435809866292e-06,2.7462435809866292e-06,CT_place_OBSERVATION,False
lag_13__CT_place_TROPHY,-2.7446319563750876e-06,2.7446319563750876e-06,CT_place_TROPHY,False
lag_15__CT_place_CONSTRUCTION,-2.744528956100112e-06,2.744528956100112e-06,CT_place_CONSTRUCTION,False
lag_09__CT_place_PALACEALLEY,-2.743095819823793e-06,2.743095819823793e-06,CT_place_PALACEALLEY,False
lag_03__CT_place_CONSTRUCTION,-2.7427190616435837e-06,2.7427190616435837e-06,CT_place_CONSTRUCTION,False
lag_10__CT_place_CRANE,-2.7424564450484468e-06,2.7424564450484468e-06,CT_place_CRANE,False
lag_02__CT_place_IVY,-2.7416858756623697e-06,2.7416858756623697e-06,CT_place_IVY,False
lag_10__T_place_MINI,-2.7414666874392424e-06,2.7414666874392424e-06,T_place_MINI,False
lag_13__CT_place_CRANE,-2.7338155632605776e-06,2.7338155632605776e-06,CT_place_CRANE,False
lag_13__T_place_MINI,-2.7328305804985575e-06,2.7328305804985575e-06,T_place_MINI,False
lag_15__CT_place_IVY,-2.7323612812324427e-06,2.7323612812324427e-06,CT_place_IVY,False
lag_03__CT_place_IVY,-2.730560936470283e-06,2.730560936470283e-06,CT_place_IVY,False
lag_11__CT_he_last_5s,-2.727180799411144e-06,2.727180799411144e-06,CT_he_last_5s,True
lag_11__T_place_STAIRS,-2.7233393211645307e-06,2.7233393211645307e-06,T_place_STAIRS,False
lag_06__CT_place_BACKALLEY,-2.7204162051930325e-06,2.7204162051930325e-06,CT_place_BACKALLEY,False
lag_11__CT_place_BRICKS,-2.718576979532372e-06,2.718576979532372e-06,CT_place_BRICKS,False
lag_09__T_place_TRUCK,-2.7164235234522494e-06,2.7164235234522494e-06,T_place_TRUCK,False
lag_11__T_place_SIDE,-2.701457788134576e-06,2.701457788134576e-06,T_place_SIDE,False
lag_02__CT_macro_OTHER,2.7000664886145387e-06,2.7000664886145387e-06,CT_macro_OTHER,False
lag_00__CT_cash_spent_round_sum,2.697906893445179e-06,2.697906893445179e-06,CT_cash_spent_round_sum,False
lag_11__T_place_UPSTAIRS,-2.697899162740214e-06,2.697899162740214e-06,T_place_UPSTAIRS,False
lag_09__T_place_UNDERA,-2.693462874958641e-06,2.693462874958641e-06,T_place_UNDERA,False
lag_02__CT_place_CTSPAWN,-2.683682168935775e-06,2.683682168935775e-06,CT_place_CTSPAWN,False
lag_06__T_place_BDOORS,-2.6831905870494666e-06,2.6831905870494666e-06,T_place_BDOORS,False
lag_12__CT_place_SIDEALLEY,-2.6815828277904075e-06,2.6815828277904075e-06,CT_place_SIDEALLEY,False
lag_14__CT_place_SIDEALLEY,-2.6801424155564746e-06,2.6801424155564746e-06,CT_place_SIDEALLEY,False
lag_09__CT_place_RESTROOM,-2.679109002201585e-06,2.679109002201585e-06,CT_place_RESTROOM,False
lag_10__CT_place_BACKALLEY,-2.677417569429963e-06,2.677417569429963e-06,CT_place_BACKALLEY,False
lag_11__T_place_DECON,-2.67433551925933e-06,2.67433551925933e-06,T_place_DECON,False
lag_05__T_place_CONTROL,-2.6740115117718233e-06,2.6740115117718233e-06,T_place_CONTROL,False
lag_07__CT_place_SIDEALLEY,-2.6737207008409314e-06,2.6737207008409314e-06,CT_place_SIDEALLEY,False
lag_13__CT_place_BACKALLEY,-2.6689810965763172e-06,2.6689810965763172e-06,CT_place_BACKALLEY,False
lag_06__T_place_WALKWAY,-2.6658724436856573e-06,2.6658724436856573e-06,T_place_WALKWAY,False
lag_06__CT_place_CTSIDEUPPER,-2.6591619644023012e-06,2.6591619644023012e-06,CT_place_CTSIDEUPPER,False
lag_11__T_place_GRAVEYARD,-2.658551466083736e-06,2.658551466083736e-06,T_place_GRAVEYARD,False
lag_09__T_smokes_last_5s,-2.6538145903032273e-06,2.6538145903032273e-06,T_smokes_last_5s,True
lag_08__CT_place_SIDEALLEY,-2.6531693038123194e-06,2.6531693038123194e-06,CT_place_SIDEALLEY,False
lag_09__CT_place_VENDING,-2.6514796900301008e-06,2.6514796900301008e-06,CT_place_VENDING,False
lag_05__CT2__shots_fired,-2.651194563441095e-06,2.651194563441095e-06,CT2__shots_fired,False
lag_02__CT_place_TUNNELSTAIRS,-2.6452732981852023e-06,2.6452732981852023e-06,CT_place_TUNNELSTAIRS,False
lag_02__T_place_PIPE,-2.6448728931427468e-06,2.6448728931427468e-06,T_place_PIPE,False
lag_04__CT_place_UPPERTUNNEL,-2.6425375381222693e-06,2.6425375381222693e-06,CT_place_UPPERTUNNEL,False
lag_04__CT_place_HUT,-2.6410341433802387e-06,2.6410341433802387e-06,CT_place_HUT,False
lag_10__T_place_BDOORS,-2.6407781206216896e-06,2.6407781206216896e-06,T_place_BDOORS,False
lag_15__CT_place_TUNNELSTAIRS,-2.6362806693214225e-06,2.6362806693214225e-06,CT_place_TUNNELSTAIRS,False
lag_15__T_place_PIPE,-2.6358816285210196e-06,2.6358816285210196e-06,T_place_PIPE,False
lag_02__T_place_CONSTRUCTION,-2.6350526241003536e-06,2.6350526241003536e-06,T_place_CONSTRUCTION,False
lag_03__CT_place_TUNNELSTAIRS,-2.6345396690885536e-06,2.6345396690885536e-06,CT_place_TUNNELSTAIRS,False
lag_03__T_place_PIPE,-2.6341424472775543e-06,2.6341424472775543e-06,T_place_PIPE,False
lag_00__T5__is_walking,-2.6326051738578826e-06,2.6326051738578826e-06,T5__is_walking,False
lag_13__T_place_BDOORS,-2.632460791573976e-06,2.632460791573976e-06,T_place_BDOORS,False
lag_02__T_place_PLAYGROUND,-2.6282687031198293e-06,2.6282687031198293e-06,T_place_PLAYGROUND,False
lag_01__T1__smoke,-2.6264983716828283e-06,2.6264983716828283e-06,T1__smoke,True
lag_15__T_place_CONSTRUCTION,-2.626093419166864e-06,2.626093419166864e-06,T_place_CONSTRUCTION,False
lag_03__T_place_CONSTRUCTION,-2.624361513881013e-06,2.624361513881013e-06,T_place_CONSTRUCTION,False
lag_10__T_place_WALKWAY,-2.6237344172841404e-06,2.6237344172841404e-06,T_place_WALKWAY,False
lag_02__CT_place_DECON,-2.6208369945379673e-06,2.6208369945379673e-06,CT_place_DECON,False
lag_09__T_place_OBSERVATION,-2.6198658815701492e-06,2.6198658815701492e-06,T_place_OBSERVATION,False
lag_15__T_place_PLAYGROUND,-2.619332690301235e-06,2.619332690301235e-06,T_place_PLAYGROUND,False
lag_03__T_place_PLAYGROUND,-2.61760646935727e-06,2.61760646935727e-06,T_place_PLAYGROUND,False
lag_04__T_place_UPPERPARK,-2.617422978801187e-06,2.617422978801187e-06,T_place_UPPERPARK,False
lag_10__CT_place_CTSIDEUPPER,-2.6171276203967864e-06,2.6171276203967864e-06,CT_place_CTSIDEUPPER,False
lag_13__T_place_WALKWAY,-2.6154682473134017e-06,2.6154682473134017e-06,T_place_WALKWAY,False
lag_01__T_mollies_last_5s,-2.6134275685762987e-06,2.6134275685762987e-06,T_mollies_last_5s,True
lag_15__CT_place_DECON,-2.6119253107026452e-06,2.6119253107026452e-06,CT_place_DECON,False
lag_02__CT_place_ENTRANCE,-2.6116529170394642e-06,2.6116529170394642e-06,CT_place_ENTRANCE,False
lag_04__CT_place_LADDER,-2.610595629448653e-06,2.610595629448653e-06,CT_place_LADDER,False
lag_03__CT_place_DECON,-2.6102022729901364e-06,2.6102022729901364e-06,CT_place_DECON,False
lag_13__CT_place_CTSIDEUPPER,-2.608884187793592e-06,2.608884187793592e-06,CT_place_CTSIDEUPPER,False
lag_11__T_place_SHOP,-2.60422530118376e-06,2.60422530118376e-06,T_place_SHOP,False
lag_15__CT_place_ENTRANCE,-2.602772383397678e-06,2.602772383397678e-06,CT_place_ENTRANCE,False
lag_01__CT_place_SECONDMID,-2.601448386485572e-06,2.601448386485572e-06,CT_place_SECONDMID,False
lag_03__CT_place_ENTRANCE,-2.601057531137485e-06,2.601057531137485e-06,CT_place_ENTRANCE,False
lag_11__CT_place_TUNNEL,-2.5957658635888947e-06,2.5957658635888947e-06,CT_place_TUNNEL,False
lag_09__CT_he_last_5s,-2.5924134661181597e-06,2.5924134661181597e-06,CT_he_last_5s,True
lag_04__T_place_TUNNEL,-2.5896042643580586e-06,2.5896042643580586e-06,T_place_TUNNEL,False
lag_05__CT_place_BRIDGE,-2.587467861303594e-06,2.587467861303594e-06,CT_place_BRIDGE,False
lag_04__T_place_SIDEHALL,-2.58513932749338e-06,2.58513932749338e-06,T_place_SIDEHALL,False
lag_02__CT_place_TROPHY,-2.584347384981811e-06,2.584347384981811e-06,CT_place_TROPHY,False
lag_09__CT_place_BRICKS,-2.584234607638791e-06,2.584234607638791e-06,CT_place_BRICKS,False
lag_04__CT_place_MAINHALL,-2.5820186237979215e-06,2.5820186237979215e-06,CT_place_MAINHALL,False
lag_15__CT_place_TROPHY,-2.5755600745469565e-06,2.5755600745469565e-06,CT_place_TROPHY,False
lag_02__CT_place_CRANE,-2.5741667286638403e-06,2.5741667286638403e-06,CT_place_CRANE,False
lag_03__CT_place_TROPHY,-2.5738600015756674e-06,2.5738600015756674e-06,CT_place_TROPHY,False
lag_02__T_place_MINI,-2.573236542957602e-06,2.573236542957602e-06,T_place_MINI,False
lag_04__CT_place_HOLE,-2.5720805751916487e-06,2.5720805751916487e-06,CT_place_HOLE,False
lag_05__CT_place_BACKOFA,-2.5718343295011437e-06,2.5718343295011437e-06,CT_place_BACKOFA,False
lag_09__T_place_SIDE,-2.5679621558083454e-06,2.5679621558083454e-06,T_place_SIDE,False
lag_15__CT_place_CRANE,-2.5654126147856005e-06,2.5654126147856005e-06,CT_place_CRANE,False
lag_09__T_place_UPSTAIRS,-2.5645786081440747e-06,2.5645786081440747e-06,T_place_UPSTAIRS,False
lag_15__T_place_MINI,-2.5644856123108184e-06,2.5644856123108184e-06,T_place_MINI,False
lag_03__CT_place_CRANE,-2.56372209150868e-06,2.56372209150868e-06,CT_place_CRANE,False
lag_03__T_place_MINI,-2.5627944069128716e-06,2.5627944069128716e-06,T_place_MINI,False
lag_11__CT_smokes_last_5s,-2.55634017776174e-06,2.55634017776174e-06,CT_smokes_last_5s,True
lag_05__CT_place_SQUEAKY,-2.5539304715493927e-06,2.5539304715493927e-06,CT_place_SQUEAKY,False
lag_05__T_place_BALCONY,-2.5496724447293673e-06,2.5496724447293673e-06,T_place_BALCONY,False
lag_09__T_place_DECON,-2.542180027376162e-06,2.542180027376162e-06,T_place_DECON,False
lag_06__CT_place_OBSERVATION,-2.5385177195857977e-06,2.5385177195857977e-06,CT_place_OBSERVATION,False
lag_11__CT_place_SCAFFOLDING,-2.536276042519603e-06,2.536276042519603e-06,CT_place_SCAFFOLDING,False
lag_06__CT_place_PALACEALLEY,-2.5356089281558525e-06,2.5356089281558525e-06,CT_place_PALACEALLEY,False
lag_12__T_mollies_last_5s,-2.5316223855043063e-06,2.5316223855043063e-06,T_mollies_last_5s,True
lag_14__T_mollies_last_5s,-2.530262236177805e-06,2.530262236177805e-06,T_mollies_last_5s,True
lag_15__CT3__armor,-2.5299891603935976e-06,2.5299891603935976e-06,CT3__armor,False
lag_09__T_place_GRAVEYARD,-2.527175638533663e-06,2.527175638533663e-06,T_place_GRAVEYARD,False
lag_05__T_place_VENTS,-2.5246067707485054e-06,2.5246067707485054e-06,T_place_VENTS,False
lag_07__T_mollies_last_5s,-2.524202955100918e-06,2.524202955100918e-06,T_mollies_last_5s,True
lag_04__CT_place_FOUNTAIN,-2.520265752536943e-06,2.520265752536943e-06,CT_place_FOUNTAIN,False
lag_12__CT_place_SECONDMID,-2.5200197342201136e-06,2.5200197342201136e-06,CT_place_SECONDMID,False
lag_14__CT_place_SECONDMID,-2.5186661787302e-06,2.5186661787302e-06,CT_place_SECONDMID,False
lag_04__T_place_HUT,-2.5185622689605225e-06,2.5185622689605225e-06,T_place_HUT,False
lag_12__CT5__flash,-2.514857669666526e-06,2.514857669666526e-06,CT5__flash,True
lag_02__CT_place_BACKALLEY,-2.5131173515546834e-06,2.5131173515546834e-06,CT_place_BACKALLEY,False
lag_07__CT_place_SECONDMID,-2.512634409868042e-06,2.512634409868042e-06,CT_place_SECONDMID,False
lag_06__T_place_TRUCK,-2.5109511625487357e-06,2.5109511625487357e-06,T_place_TRUCK,False
lag_01__CT_place_OUTSIDETUNNEL,-2.510361809981987e-06,2.510361809981987e-06,CT_place_OUTSIDETUNNEL,False
lag_05__T4__flash_duration,-2.5103461211983813e-06,2.5103461211983813e-06,T4__flash_duration,True
lag_08__T_mollies_last_5s,-2.504798430891242e-06,2.504798430891242e-06,T_mollies_last_5s,True
lag_15__CT_place_BACKALLEY,-2.5045710572157986e-06,2.5045710572157986e-06,CT_place_BACKALLEY,False
lag_05__CT_place_TRAMP,-2.5038220883288886e-06,2.5038220883288886e-06,CT_place_TRAMP,False
lag_03__CT_place_BACKALLEY,-2.50291986958473e-06,2.50291986958473e-06,CT_place_BACKALLEY,False
lag_04__CT_place_SECRET,-2.4995620151457842e-06,2.4995620151457842e-06,CT_place_SECRET,False
lag_10__CT_place_OBSERVATION,-2.498391268090927e-06,2.498391268090927e-06,CT_place_OBSERVATION,False
lag_10__CT_place_PALACEALLEY,-2.495527724022395e-06,2.495527724022395e-06,CT_place_PALACEALLEY,False
lag_08__CT_place_SECONDMID,-2.493316287655034e-06,2.493316287655034e-06,CT_place_SECONDMID,False
lag_13__CT_place_OBSERVATION,-2.490520500941784e-06,2.490520500941784e-06,CT_place_OBSERVATION,False
lag_06__T_place_UNDERA,-2.48972833105654e-06,2.48972833105654e-06,T_place_UNDERA,False
lag_13__CT_place_PALACEALLEY,-2.4876669613149716e-06,2.4876669613149716e-06,CT_place_PALACEALLEY,False
lag_08__T_kills_last_3s,-2.482348008925328e-06,2.482348008925328e-06,T_kills_last_3s,False
lag_05__T_place_JUNGLE,-2.4797684545774246e-06,2.4797684545774246e-06,T_place_JUNGLE,False
lag_02__T_place_BDOORS,-2.478725264154491e-06,2.478725264154491e-06,T_place_BDOORS,False
lag_06__CT_place_RESTROOM,-2.4764597128523747e-06,2.4764597128523747e-06,CT_place_RESTROOM,False
lag_09__T_place_SHOP,-2.4755347567406716e-06,2.4755347567406716e-06,T_place_SHOP,False
lag_10__T_place_TRUCK,-2.471262178005418e-06,2.471262178005418e-06,T_place_TRUCK,False
lag_15__T_place_BDOORS,-2.470297886247863e-06,2.470297886247863e-06,T_place_BDOORS,False
lag_03__T_place_BDOORS,-2.4686689812369877e-06,2.4686689812369877e-06,T_place_BDOORS,False
lag_09__CT_place_TUNNEL,-2.4674934593349462e-06,2.4674934593349462e-06,CT_place_TUNNEL,False
lag_01__T_place_RESTROOM,-2.465543957441696e-06,2.465543957441696e-06,T_place_RESTROOM,False
lag_13__T_place_TRUCK,-2.4634762212372152e-06,2.4634762212372152e-06,T_place_TRUCK,False
lag_02__T_place_WALKWAY,-2.462729298713384e-06,2.462729298713384e-06,T_place_WALKWAY,False
lag_11__CT_utility_damage_last_5s,-2.4624082470836584e-06,2.4624082470836584e-06,CT_utility_damage_last_5s,True
lag_01__T_place_DECK,-2.4590365228505107e-06,2.4590365228505107e-06,T_place_DECK,False
lag_02__CT_place_CTSIDEUPPER,-2.456528136463021e-06,2.456528136463021e-06,CT_place_CTSIDEUPPER,False
lag_15__T_place_WALKWAY,-2.4543553536204854e-06,2.4543553536204854e-06,T_place_WALKWAY,False
lag_06__T_smokes_last_5s,-2.453079332553898e-06,2.453079332553898e-06,T_smokes_last_5s,True
lag_03__T_place_WALKWAY,-2.452737135172356e-06,2.452737135172356e-06,T_place_WALKWAY,False
lag_06__CT_place_VENDING,-2.450921783747617e-06,2.450921783747617e-06,CT_place_VENDING,False
lag_10__T_place_UNDERA,-2.450373813189799e-06,2.450373813189799e-06,T_place_UNDERA,False
lag_15__CT_place_CTSIDEUPPER,-2.4481760192429647e-06,2.4481760192429647e-06,CT_place_CTSIDEUPPER,False
lag_05__T_place_HEAVEN,-2.447762199153658e-06,2.447762199153658e-06,T_place_HEAVEN,False
lag_03__CT_place_CTSIDEUPPER,-2.4465614387736423e-06,2.4465614387736423e-06,CT_place_CTSIDEUPPER,False
lag_13__T_place_UNDERA,-2.442654249534826e-06,2.442654249534826e-06,T_place_UNDERA,False
lag_05__T_place_ARCH,-2.4409637262579054e-06,2.4409637262579054e-06,T_place_ARCH,False
lag_10__CT_place_RESTROOM,-2.4373148335143924e-06,2.4373148335143924e-06,CT_place_RESTROOM,False
lag_04__CT_flashes_last_5s,-2.436915565340314e-06,2.436915565340314e-06,CT_flashes_last_5s,True
lag_05__T_place_GARAGE,-2.435579290249734e-06,2.435579290249734e-06,T_place_GARAGE,False
lag_04__T_place_MAIN,-2.433330337225925e-06,2.433330337225925e-06,T_place_MAIN,False
lag_12__CT_place_OUTSIDETUNNEL,-2.4317832867382094e-06,2.4317832867382094e-06,CT_place_OUTSIDETUNNEL,False
lag_14__CT_place_OUTSIDETUNNEL,-2.4304797534568934e-06,2.4304797534568934e-06,CT_place_OUTSIDETUNNEL,False
lag_09__CT_smokes_last_5s,-2.430015229037963e-06,2.430015229037963e-06,CT_smokes_last_5s,True
lag_13__CT_place_RESTROOM,-2.429637333989376e-06,2.429637333989376e-06,CT_place_RESTROOM,False
lag_01__CT_place_STORAGEROOM,-2.4249482066807104e-06,2.4249482066807104e-06,CT_place_STORAGEROOM,False
lag_07__CT_place_OUTSIDETUNNEL,-2.4246564862551168e-06,2.4246564862551168e-06,CT_place_OUTSIDETUNNEL,False
lag_06__T_place_OBSERVATION,-2.421699264232302e-06,2.421699264232302e-06,T_place_OBSERVATION,False
lag_06__CT5__hp,-2.4157848201866727e-06,2.4157848201866727e-06,CT5__hp,False
lag_08__CT1__smoke,2.415723884041654e-06,2.415723884041654e-06,CT1__smoke,True
lag_10__T_smokes_last_5s,-2.4143068912962917e-06,2.4143068912962917e-06,T_smokes_last_5s,True
lag_11__CT_place_SIDEALLEY,-2.4140420009644004e-06,2.4140420009644004e-06,CT_place_SIDEALLEY,False
lag_10__CT_place_VENDING,-2.412179128441494e-06,2.412179128441494e-06,CT_place_VENDING,False
lag_09__CT_place_SCAFFOLDING,-2.410943807262811e-06,2.410943807262811e-06,CT_place_SCAFFOLDING,False
lag_13__T_smokes_last_5s,-2.4066996502369875e-06,2.4066996502369875e-06,T_smokes_last_5s,True
lag_08__CT_place_OUTSIDETUNNEL,-2.4060173018369824e-06,2.4060173018369824e-06,CT_place_OUTSIDETUNNEL,False
lag_13__CT_place_VENDING,-2.4045818918239092e-06,2.4045818918239092e-06,CT_place_VENDING,False
lag_06__CT_he_last_5s,-2.3963214061950566e-06,2.3963214061950566e-06,CT_he_last_5s,True
lag_06__CT_place_BRICKS,-2.3887628231022973e-06,2.3887628231022973e-06,CT_place_BRICKS,False
lag_12__T_place_RESTROOM,-2.3883658286649734e-06,2.3883658286649734e-06,T_place_RESTROOM,False
lag_14__T_place_RESTROOM,-2.3870863969932543e-06,2.3870863969932543e-06,T_place_RESTROOM,False
lag_10__T_place_OBSERVATION,-2.3834181774873286e-06,2.3834181774873286e-06,T_place_OBSERVATION,False
lag_12__T_place_DECK,-2.382063485129038e-06,2.382063485129038e-06,T_place_DECK,False
lag_08__CT1__has_defuser,2.381922968197614e-06,2.381922968197614e-06,CT1__has_defuser,False
lag_07__T_place_RESTROOM,-2.3813681764295325e-06,2.3813681764295325e-06,T_place_RESTROOM,False
lag_14__T_place_DECK,-2.380784053457319e-06,2.380784053457319e-06,T_place_DECK,False
lag_04__CT_place_ELECTRICALBOX,-2.3797508674761048e-06,2.3797508674761048e-06,CT_place_ELECTRICALBOX,False
lag_05__CT_place_TSIDELOWER,-2.379587385803461e-06,2.379587385803461e-06,CT_place_TSIDELOWER,False
lag_13__T_place_OBSERVATION,-2.3759100713505177e-06,2.3759100713505177e-06,T_place_OBSERVATION,False
lag_07__T_place_DECK,-2.3750826585455798e-06,2.3750826585455798e-06,T_place_DECK,False
lag_05__CT_place_CONSTRUCTION,-2.3745772068650695e-06,2.3745772068650695e-06,CT_place_CONSTRUCTION,False
lag_06__T_place_SIDE,-2.373719780734973e-06,2.373719780734973e-06,T_place_SIDE,False
lag_06__T_place_UPSTAIRS,-2.370594074818655e-06,2.370594074818655e-06,T_place_UPSTAIRS,False
lag_05__CT_place_IVY,-2.364052988923504e-06,2.364052988923504e-06,CT_place_IVY,False
lag_08__T_place_RESTROOM,-2.363061412324896e-06,2.363061412324896e-06,T_place_RESTROOM,False
lag_10__CT_he_last_5s,-2.358443452976644e-06,2.358443452976644e-06,CT_he_last_5s,True
lag_08__T_place_DECK,-2.356823870286462e-06,2.356823870286462e-06,T_place_DECK,False
lag_13__CT_he_last_5s,-2.3510144728788873e-06,2.3510144728788873e-06,CT_he_last_5s,True
lag_10__CT_place_BRICKS,-2.351004013689817e-06,2.351004013689817e-06,CT_place_BRICKS,False
lag_06__T_place_DECON,-2.349888745811768e-06,2.349888745811768e-06,T_place_DECON,False
lag_12__CT_place_STORAGEROOM,-2.3490422336180927e-06,2.3490422336180927e-06,CT_place_STORAGEROOM,False
lag_14__CT_place_STORAGEROOM,-2.3477821287087863e-06,2.3477821287087863e-06,CT_place_STORAGEROOM,False
lag_13__T_place_STAIRS,-2.347701865801355e-06,2.347701865801355e-06,T_place_STAIRS,False
lag_02__CT_place_OBSERVATION,-2.3450772914657136e-06,2.3450772914657136e-06,CT_place_OBSERVATION,False
lag_04__round_num,-2.344499307582737e-06,2.344499307582737e-06,round_num,False
lag_13__CT_place_BRICKS,-2.3435957245965255e-06,2.3435957245965255e-06,CT_place_BRICKS,False
lag_02__CT_place_PALACEALLEY,-2.3423901893693255e-06,2.3423901893693255e-06,CT_place_PALACEALLEY,False
lag_07__CT_place_STORAGEROOM,-2.3421578134730225e-06,2.3421578134730225e-06,CT_place_STORAGEROOM,False
lag_15__CT_place_OBSERVATION,-2.3371017050521914e-06,2.3371017050521914e-06,CT_place_OBSERVATION,False
lag_10__T_place_SIDE,-2.336198576813331e-06,2.336198576813331e-06,T_place_SIDE,False
lag_06__T_place_GRAVEYARD,-2.336019178983406e-06,2.336019178983406e-06,T_place_GRAVEYARD,False
lag_03__CT_place_OBSERVATION,-2.335562612643116e-06,2.335562612643116e-06,CT_place_OBSERVATION,False
lag_15__CT_place_PALACEALLEY,-2.3344239252764964e-06,2.3344239252764964e-06,CT_place_PALACEALLEY,False
lag_10__T_place_UPSTAIRS,-2.3331231204792857e-06,2.3331231204792857e-06,T_place_UPSTAIRS,False
lag_03__CT_place_PALACEALLEY,-2.332884832867421e-06,2.332884832867421e-06,CT_place_PALACEALLEY,False
lag_01__CT4__molly,-2.330687038920587e-06,2.330687038920587e-06,CT4__molly,True
lag_13__T_place_SIDE,-2.3288389456865843e-06,2.3288389456865843e-06,T_place_SIDE,False
lag_15__T5__duck_amount,-2.3277304990187986e-06,2.3277304990187986e-06,T5__duck_amount,False
lag_13__T_place_UPSTAIRS,-2.325770992683829e-06,2.325770992683829e-06,T_place_UPSTAIRS,False
lag_08__CT_place_STORAGEROOM,-2.3241523194883484e-06,2.3241523194883484e-06,CT_place_STORAGEROOM,False
lag_02__T_place_TRUCK,-2.3196128040581243e-06,2.3196128040581243e-06,T_place_TRUCK,False
lag_08__T1__hp,2.318591896255384e-06,2.318591896255384e-06,T1__hp,False
lag_01__T_place_QUAD,-2.3172838155005593e-06,2.3172838155005593e-06,T_place_QUAD,False
lag_04__CT_place_LOCKERROOM,-2.3144341412262293e-06,2.3144341412262293e-06,CT_place_LOCKERROOM,False
lag_10__T_place_DECON,-2.3127438453229843e-06,2.3127438453229843e-06,T_place_DECON,False
lag_15__T_place_TRUCK,-2.311723392267595e-06,2.311723392267595e-06,T_place_TRUCK,False
lag_03__T_place_TRUCK,-2.310201807631529e-06,2.310201807631529e-06,T_place_TRUCK,False
lag_13__T_place_DECON,-2.3054594748828094e-06,2.3054594748828094e-06,T_place_DECON,False
lag_13__T_place_BACKALLEY,-2.300171445313026e-06,2.300171445313026e-06,T_place_BACKALLEY,False
lag_02__T_place_UNDERA,-2.30000659939833e-06,2.30000659939833e-06,T_place_UNDERA,False
lag_10__T_place_GRAVEYARD,-2.299094603586127e-06,2.299094603586127e-06,T_place_GRAVEYARD,False
lag_04__CT_place_CONTROL,-2.2952585823077243e-06,2.2952585823077243e-06,CT_place_CONTROL,False
lag_09__CT_place_SIDEALLEY,-2.294749037901056e-06,2.294749037901056e-06,CT_place_SIDEALLEY,False
lag_15__T_place_UNDERA,-2.29218608183146e-06,2.29218608183146e-06,T_place_UNDERA,False
lag_13__T_place_GRAVEYARD,-2.2918502509128302e-06,2.2918502509128302e-06,T_place_GRAVEYARD,False
lag_03__T_place_UNDERA,-2.290674956384464e-06,2.290674956384464e-06,T_place_UNDERA,False
lag_06__T_place_SHOP,-2.288284349560854e-06,2.288284349560854e-06,T_place_SHOP,False
lag_02__CT_place_RESTROOM,-2.287748202434159e-06,2.287748202434159e-06,CT_place_RESTROOM,False
lag_01__T_place_LIBRARY,-2.283860339957755e-06,2.283860339957755e-06,T_place_LIBRARY,False
lag_05__CT_place_TUNNELSTAIRS,-2.280919261465897e-06,2.280919261465897e-06,CT_place_TUNNELSTAIRS,False
lag_06__CT_place_TUNNEL,-2.2808512767369393e-06,2.2808512767369393e-06,CT_place_TUNNEL,False
lag_05__T_place_PIPE,-2.2805754724686267e-06,2.2805754724686267e-06,T_place_PIPE,False
lag_15__CT_place_RESTROOM,-2.279971340612974e-06,2.279971340612974e-06,CT_place_RESTROOM,False
lag_11__T_mollies_last_5s,-2.2790429738961393e-06,2.2790429738961393e-06,T_mollies_last_5s,True
lag_03__CT_place_RESTROOM,-2.2784670363762416e-06,2.2784670363762416e-06,CT_place_RESTROOM,False
lag_05__T_place_CONSTRUCTION,-2.272106712553068e-06,2.272106712553068e-06,T_place_CONSTRUCTION,False
lag_10__active_smokes_total,-2.2686492684442783e-06,2.2686492684442783e-06,active_smokes_total,True
lag_11__CT_place_SECONDMID,-2.2685969724989263e-06,2.2685969724989263e-06,CT_place_SECONDMID,False
lag_05__T_place_PLAYGROUND,-2.266257524752291e-06,2.266257524752291e-06,T_place_PLAYGROUND,False
lag_02__T_smokes_last_5s,-2.2661502043774817e-06,2.2661502043774817e-06,T_smokes_last_5s,True
lag_02__CT_place_VENDING,-2.2641577288595727e-06,2.2641577288595727e-06,CT_place_VENDING,False
lag_03__CT3__molly,-2.2631654701399384e-06,2.2631654701399384e-06,CT3__molly,True
lag_05__CT_place_DECON,-2.2598480882152217e-06,2.2598480882152217e-06,CT_place_DECON,False
lag_15__T_smokes_last_5s,-2.258444283143035e-06,2.258444283143035e-06,T_smokes_last_5s,True
lag_03__T_smokes_last_5s,-2.2569547581952065e-06,2.2569547581952065e-06,T_smokes_last_5s,True
lag_15__CT_place_VENDING,-2.256457946714363e-06,2.256457946714363e-06,CT_place_VENDING,False
lag_03__CT_place_VENDING,-2.254972287119017e-06,2.254972287119017e-06,CT_place_VENDING,False
lag_01__T2__flash_duration,-2.2544616058439715e-06,2.2544616058439715e-06,T2__flash_duration,True
lag_10__T_place_SHOP,-2.2521132905239938e-06,2.2521132905239938e-06,T_place_SHOP,False
lag_05__CT_place_ENTRANCE,-2.2519295725942357e-06,2.2519295725942357e-06,CT_place_ENTRANCE,False
lag_01__T_place_ADMIN,-2.2504336811834946e-06,2.2504336811834946e-06,T_place_ADMIN,False
lag_04__CT_place_OUTSIDELONG,-2.2493788947031135e-06,2.2493788947031135e-06,CT_place_OUTSIDELONG,False
lag_06__CT_smokes_last_5s,-2.246207941425382e-06,2.246207941425382e-06,CT_smokes_last_5s,True
lag_13__T_place_SHOP,-2.245018777102814e-06,2.245018777102814e-06,T_place_SHOP,False
lag_10__CT_place_TUNNEL,-2.2447998162533622e-06,2.2447998162533622e-06,CT_place_TUNNEL,False
lag_12__T_place_QUAD,-2.2447495666710893e-06,2.2447495666710893e-06,T_place_QUAD,False
lag_14__T_place_QUAD,-2.2435440314438893e-06,2.2435440314438893e-06,T_place_QUAD,False
lag_07__T_place_QUAD,-2.238171873614192e-06,2.238171873614192e-06,T_place_QUAD,False
lag_13__CT_place_TUNNEL,-2.237726675957674e-06,2.237726675957674e-06,CT_place_TUNNEL,False
lag_04__T_place_ARAMP,-2.237692797280033e-06,2.237692797280033e-06,T_place_ARAMP,False
lag_02__T_place_OBSERVATION,-2.2371614250005223e-06,2.2371614250005223e-06,T_place_OBSERVATION,False
lag_01__T_place_HOLE,-2.233431814602227e-06,2.233431814602227e-06,T_place_HOLE,False
lag_15__T_place_OBSERVATION,-2.229553729193867e-06,2.229553729193867e-06,T_place_OBSERVATION,False
lag_06__CT_place_SCAFFOLDING,-2.228578523499891e-06,2.228578523499891e-06,CT_place_SCAFFOLDING,False
lag_01__T_place_HELL,-2.2285289560386445e-06,2.2285289560386445e-06,T_place_HELL,False
lag_05__CT_place_TROPHY,-2.2283843463810626e-06,2.2283843463810626e-06,CT_place_TROPHY,False
lag_03__T_place_OBSERVATION,-2.2280851226241793e-06,2.2280851226241793e-06,T_place_OBSERVATION,False
lag_08__T_place_QUAD,-2.220964688603999e-06,2.220964688603999e-06,T_place_QUAD,False
lag_05__CT_place_CRANE,-2.2196065856405767e-06,2.2196065856405767e-06,CT_place_CRANE,False
lag_01__T_place_ELECTRICALBOX,-2.219054749730276e-06,2.219054749730276e-06,T_place_ELECTRICALBOX,False
lag_05__T_place_MINI,-2.218804866060964e-06,2.218804866060964e-06,T_place_MINI,False
lag_02__CT_he_last_5s,-2.2137185169412987e-06,2.2137185169412987e-06,CT_he_last_5s,True
lag_12__T_place_LIBRARY,-2.212370418419596e-06,2.212370418419596e-06,T_place_LIBRARY,False
lag_14__T_place_LIBRARY,-2.2111826183390804e-06,2.2111826183390804e-06,T_place_LIBRARY,False
lag_10__CT_smokes_last_5s,-2.210703314631246e-06,2.210703314631246e-06,CT_smokes_last_5s,True
lag_02__CT_place_BRICKS,-2.2067329155106563e-06,2.2067329155106563e-06,CT_place_BRICKS,False
lag_15__CT_he_last_5s,-2.206190629294724e-06,2.206190629294724e-06,CT_he_last_5s,True
lag_07__T_place_LIBRARY,-2.2058859485696303e-06,2.2058859485696303e-06,T_place_LIBRARY,False
lag_03__CT_he_last_5s,-2.2047363472665893e-06,2.2047363472665893e-06,CT_he_last_5s,True
lag_13__CT_smokes_last_5s,-2.2037381768313935e-06,2.2037381768313935e-06,CT_smokes_last_5s,True
lag_15__T_place_STAIRS,-2.2030826585250907e-06,2.2030826585250907e-06,T_place_STAIRS,False
lag_04__CT_place_TMAIN,-2.2001745492161717e-06,2.2001745492161717e-06,CT_place_TMAIN,False
lag_15__CT_place_BRICKS,-2.1992309484630823e-06,2.1992309484630823e-06,CT_place_BRICKS,False
lag_03__CT_place_BRICKS,-2.1977803044137545e-06,2.1977803044137545e-06,CT_place_BRICKS,False
lag_10__CT_place_SCAFFOLDING,-2.1933522020844975e-06,2.1933522020844975e-06,CT_place_SCAFFOLDING,False
lag_02__T_place_SIDE,-2.192839019699022e-06,2.192839019699022e-06,T_place_SIDE,False
lag_02__T_place_UPSTAIRS,-2.1899509192735422e-06,2.1899509192735422e-06,T_place_UPSTAIRS,False
lag_11__CT_place_OUTSIDETUNNEL,-2.189166934840614e-06,2.189166934840614e-06,CT_place_OUTSIDETUNNEL,False
lag_08__T_place_LIBRARY,-2.1889295567234512e-06,2.1889295567234512e-06,T_place_LIBRARY,False
lag_13__CT_place_SCAFFOLDING,-2.186441861340427e-06,2.186441861340427e-06,CT_place_SCAFFOLDING,False
lag_15__T_place_SIDE,-2.1853823000128614e-06,2.1853823000128614e-06,T_place_SIDE,False
lag_03__T_place_SIDE,-2.183941205657902e-06,2.183941205657902e-06,T_place_SIDE,False
lag_15__T_place_UPSTAIRS,-2.1825030671607237e-06,2.1825030671607237e-06,T_place_UPSTAIRS,False
lag_03__T_place_UPSTAIRS,-2.1810656107845716e-06,2.1810656107845716e-06,T_place_UPSTAIRS,False
lag_12__T_place_ADMIN,-2.1799896785523742e-06,2.1799896785523742e-06,T_place_ADMIN,False
lag_14__T_place_ADMIN,-2.1788196136185434e-06,2.1788196136185434e-06,T_place_ADMIN,False
lag_07__T_place_ADMIN,-2.1736000235250685e-06,2.1736000235250685e-06,T_place_ADMIN,False
lag_03__CT1__has_helmet,2.1730409116571536e-06,2.1730409116571536e-06,CT1__has_helmet,False
lag_02__T_place_DECON,-2.1708221993321786e-06,2.1708221993321786e-06,T_place_DECON,False
lag_05__CT_place_BACKALLEY,-2.1669666239176877e-06,2.1669666239176877e-06,CT_place_BACKALLEY,False
lag_09__T_mollies_last_5s,-2.166420017601922e-06,2.166420017601922e-06,T_mollies_last_5s,True
lag_12__T_place_HOLE,-2.1635207758663455e-06,2.1635207758663455e-06,T_place_HOLE,False
lag_15__T_place_DECON,-2.163440058211563e-06,2.163440058211563e-06,T_place_DECON,False
lag_14__T_place_HOLE,-2.162359578505857e-06,2.162359578505857e-06,T_place_HOLE,False
lag_03__T_place_DECON,-2.162014880013885e-06,2.162014880013885e-06,T_place_DECON,False
lag_12__T_place_HELL,-2.158771849281038e-06,2.158771849281038e-06,T_place_HELL,False
lag_02__T_place_GRAVEYARD,-2.158011056963005e-06,2.158011056963005e-06,T_place_GRAVEYARD,False
lag_14__T_place_HELL,-2.1576136077783303e-06,2.1576136077783303e-06,T_place_HELL,False
lag_07__T_place_HOLE,-2.1571806883002864e-06,2.1571806883002864e-06,T_place_HOLE,False
lag_08__T_place_ADMIN,-2.1568919237324735e-06,2.1568919237324735e-06,T_place_ADMIN,False
lag_09__CT_place_SECONDMID,-2.156491973437369e-06,2.156491973437369e-06,CT_place_SECONDMID,False
lag_07__T_place_HELL,-2.1524463136302074e-06,2.1524463136302074e-06,T_place_HELL,False
lag_15__T_place_GRAVEYARD,-2.1506718894670485e-06,2.1506718894670485e-06,T_place_GRAVEYARD,False
lag_11__T_place_RESTROOM,-2.150080717910896e-06,2.150080717910896e-06,T_place_RESTROOM,False
lag_12__T_place_ELECTRICALBOX,-2.149594820366474e-06,2.149594820366474e-06,T_place_ELECTRICALBOX,False
lag_03__T_place_GRAVEYARD,-2.1492548967216862e-06,2.1492548967216862e-06,T_place_GRAVEYARD,False
lag_08__CT1__molly,-2.1491221104952274e-06,2.1491221104952274e-06,CT1__molly,True
lag_14__T_place_ELECTRICALBOX,-2.1484404442162486e-06,2.1484404442162486e-06,T_place_ELECTRICALBOX,False
lag_11__T_place_DECK,-2.1444052435981575e-06,2.1444052435981575e-06,T_place_DECK,False
lag_07__T_place_ELECTRICALBOX,-2.143294750567293e-06,2.143294750567293e-06,T_place_ELECTRICALBOX,False
lag_08__T_place_HOLE,-2.1405971892818343e-06,2.1405971892818343e-06,T_place_HOLE,False
lag_05__T_place_BDOORS,-2.137311867045355e-06,2.137311867045355e-06,T_place_BDOORS,False
lag_08__T_place_HELL,-2.1358991943998262e-06,2.1358991943998262e-06,T_place_HELL,False
lag_08__T_place_ELECTRICALBOX,-2.1268183445499744e-06,2.1268183445499744e-06,T_place_ELECTRICALBOX,False
lag_05__T_place_WALKWAY,-2.123519152519293e-06,2.123519152519293e-06,T_place_WALKWAY,False
lag_06__CT_place_SIDEALLEY,-2.121174247804447e-06,2.121174247804447e-06,CT_place_SIDEALLEY,False
lag_05__CT_place_CTSIDEUPPER,-2.1181715510465438e-06,2.1181715510465438e-06,CT_place_CTSIDEUPPER,False
lag_10__CT_utility_damage_last_5s,-2.116402811225271e-06,2.116402811225271e-06,CT_utility_damage_last_5s,True
lag_11__CT_place_STORAGEROOM,-2.1146800008864375e-06,2.1146800008864375e-06,CT_place_STORAGEROOM,False
lag_02__T_place_SHOP,-2.1139139789738692e-06,2.1139139789738692e-06,T_place_SHOP,False
lag_02__CT_place_TUNNEL,-2.107046384480782e-06,2.107046384480782e-06,CT_place_TUNNEL,False
lag_15__T_place_SHOP,-2.1067251054773806e-06,2.1067251054773806e-06,T_place_SHOP,False
lag_03__T_place_SHOP,-2.1053374439361505e-06,2.1053374439361505e-06,T_place_SHOP,False
lag_15__CT_place_TUNNEL,-2.0998811578465393e-06,2.0998811578465393e-06,CT_place_TUNNEL,False
lag_01__CT_place_UNKNOWN,-2.0989732547604945e-06,2.0989732547604945e-06,CT_place_UNKNOWN,False
lag_03__CT_place_TUNNEL,-2.09849645216309e-06,2.09849645216309e-06,CT_place_TUNNEL,False
lag_10__CT_place_SIDEALLEY,-2.0876443613815354e-06,2.0876443613815354e-06,CT_place_SIDEALLEY,False
lag_13__CT_place_SIDEALLEY,-2.081066668324638e-06,2.081066668324638e-06,CT_place_SIDEALLEY,False
lag_09__CT_place_OUTSIDETUNNEL,-2.0809852685488295e-06,2.0809852685488295e-06,CT_place_OUTSIDETUNNEL,False
lag_02__CT_smokes_last_5s,-2.075043084914796e-06,2.075043084914796e-06,CT_smokes_last_5s,True
lag_04__T_place_CONTROL,-2.0710292574221967e-06,2.0710292574221967e-06,T_place_CONTROL,False
lag_15__CT_smokes_last_5s,-2.067988361886819e-06,2.067988361886819e-06,CT_smokes_last_5s,True
lag_03__CT_smokes_last_5s,-2.0666245745815104e-06,2.0666245745815104e-06,CT_smokes_last_5s,True
lag_02__CT_place_SCAFFOLDING,-2.0587579001585254e-06,2.0587579001585254e-06,CT_place_SCAFFOLDING,False
lag_15__CT_place_SCAFFOLDING,-2.0517566099442774e-06,2.0517566099442774e-06,CT_place_SCAFFOLDING,False
lag_03__CT_place_SCAFFOLDING,-2.050405100817443e-06,2.050405100817443e-06,CT_place_SCAFFOLDING,False
lag_09__T_place_RESTROOM,-2.04383218260773e-06,2.04383218260773e-06,T_place_RESTROOM,False
lag_09__T_place_DECK,-2.0384379695315147e-06,2.0384379695315147e-06,T_place_DECK,False
lag_12__CT_place_UNKNOWN,-2.03327226699912e-06,2.03327226699912e-06,CT_place_UNKNOWN,False
lag_14__CT_place_UNKNOWN,-2.032181100730668e-06,2.032181100730668e-06,CT_place_UNKNOWN,False
lag_07__CT_place_UNKNOWN,-2.027314394581481e-06,2.027314394581481e-06,CT_place_UNKNOWN,False
lag_01__T1__has_helmet,2.0234672319929814e-06,2.0234672319929814e-06,T1__has_helmet,False
lag_01__T_place_RAFTERS,-2.023116167038097e-06,2.023116167038097e-06,T_place_RAFTERS,False
lag_05__CT_place_OBSERVATION,-2.022073203988839e-06,2.022073203988839e-06,CT_place_OBSERVATION,False
lag_11__T_place_QUAD,-2.0207924080750672e-06,2.0207924080750672e-06,T_place_QUAD,False
lag_15__T_utility_damage_last_5s,-2.0200450308038853e-06,2.0200450308038853e-06,T_utility_damage_last_5s,True
lag_06__CT_flash_duration_sum,-2.019939756792155e-06,2.019939756792155e-06,CT_flash_duration_sum,True
lag_05__CT_place_PALACEALLEY,-2.019755584115046e-06,2.019755584115046e-06,CT_place_PALACEALLEY,False
lag_08__CT_place_UNKNOWN,-2.0117290659982245e-06,2.0117290659982245e-06,CT_place_UNKNOWN,False
lag_09__CT_place_STORAGEROOM,-2.0101797417737544e-06,2.0101797417737544e-06,CT_place_STORAGEROOM,False
lag_01__CT_place_GRAVEYARD,-2.0060138012922835e-06,2.0060138012922835e-06,CT_place_GRAVEYARD,False
lag_04__CT_place_BRIDGE,-2.0040013168909354e-06,2.0040013168909354e-06,CT_place_BRIDGE,False
lag_06__T_mollies_last_5s,-2.0025527192046866e-06,2.0025527192046866e-06,T_mollies_last_5s,True
lag_05__T_place_TRUCK,-2.0001148186565842e-06,2.0001148186565842e-06,T_place_TRUCK,False
lag_01__CT_place_LOWERMID,-1.9944570794905303e-06,1.9944570794905303e-06,CT_place_LOWERMID,False
lag_06__CT_place_SECONDMID,-1.9933736439270433e-06,1.9933736439270433e-06,CT_place_SECONDMID,False
lag_04__CT_place_BACKOFA,-1.9918952602893114e-06,1.9918952602893114e-06,CT_place_BACKOFA,False
lag_11__T_place_LIBRARY,-1.991643785004271e-06,1.991643785004271e-06,T_place_LIBRARY,False
lag_12__active_smokes_total,-1.987555606319802e-06,1.987555606319802e-06,active_smokes_total,True
lag_00__utility_damage_diff_last_5s,-1.986365532502532e-06,1.986365532502532e-06,utility_damage_diff_last_5s,True
lag_05__T_place_UNDERA,-1.983209131140029e-06,1.983209131140029e-06,T_place_UNDERA,False
lag_04__CT_place_SQUEAKY,-1.9780275124503532e-06,1.9780275124503532e-06,CT_place_SQUEAKY,False
lag_04__T_place_BALCONY,-1.974727865672321e-06,1.974727865672321e-06,T_place_BALCONY,False
lag_05__CT_place_RESTROOM,-1.9726387563423486e-06,1.9726387563423486e-06,CT_place_RESTROOM,False
lag_13__CT3__armor,-1.9711885670403717e-06,1.9711885670403717e-06,CT3__armor,False
lag_10__T_mollies_last_5s,-1.9708986656041816e-06,1.9708986656041816e-06,T_mollies_last_5s,True
lag_13__T_mollies_last_5s,-1.9646888631541515e-06,1.9646888631541515e-06,T_mollies_last_5s,True
lag_11__T_place_ADMIN,-1.962493570317747e-06,1.962493570317747e-06,T_place_ADMIN,False
lag_10__CT_place_SECONDMID,-1.9618637452367693e-06,1.9618637452367693e-06,CT_place_SECONDMID,False
lag_12__T_place_RAFTERS,-1.9597907794377534e-06,1.9597907794377534e-06,T_place_RAFTERS,False
lag_02__CT_place_SIDEALLEY,-1.959535211426555e-06,1.959535211426555e-06,CT_place_SIDEALLEY,False
lag_14__T_place_RAFTERS,-1.958738948815153e-06,1.958738948815153e-06,T_place_RAFTERS,False
lag_13__CT_place_SECONDMID,-1.955684183485573e-06,1.955684183485573e-06,CT_place_SECONDMID,False
lag_04__T_place_VENTS,-1.955316292878706e-06,1.955316292878706e-06,T_place_VENTS,False
lag_07__T_place_RAFTERS,-1.9540480025170837e-06,1.9540480025170837e-06,T_place_RAFTERS,False
lag_05__T_smokes_last_5s,-1.9540157154551707e-06,1.9540157154551707e-06,T_smokes_last_5s,True
lag_15__CT_place_SIDEALLEY,-1.952872935362393e-06,1.952872935362393e-06,CT_place_SIDEALLEY,False
lag_05__CT_place_VENDING,-1.9522985894582234e-06,1.9522985894582234e-06,CT_place_VENDING,False
lag_03__CT_place_SIDEALLEY,-1.9515862277330598e-06,1.9515862277330598e-06,CT_place_SIDEALLEY,False
lag_10__CT3__armor,-1.948811586771626e-06,1.948811586771626e-06,CT3__armor,False
lag_11__T_place_HOLE,-1.9476674424367957e-06,1.9476674424367957e-06,T_place_HOLE,False
lag_11__T_place_HELL,-1.9433925899647875e-06,1.9433925899647875e-06,T_place_HELL,False
lag_12__CT_place_GRAVEYARD,-1.943222059708205e-06,1.943222059708205e-06,CT_place_GRAVEYARD,False
lag_14__CT_place_GRAVEYARD,-1.942178187164245e-06,1.942178187164245e-06,CT_place_GRAVEYARD,False
lag_01__CT_place_ROOF,-1.9414005691942293e-06,1.9414005691942293e-06,CT_place_ROOF,False
lag_04__CT_place_TRAMP,-1.9392180092836497e-06,1.9392180092836497e-06,CT_place_TRAMP,False
lag_08__T_place_RAFTERS,-1.939025196406874e-06,1.939025196406874e-06,T_place_RAFTERS,False
lag_07__CT_place_GRAVEYARD,-1.9375261217646766e-06,1.9375261217646766e-06,CT_place_GRAVEYARD,False
lag_11__T_place_ELECTRICALBOX,-1.9351302853465313e-06,1.9351302853465313e-06,T_place_ELECTRICALBOX,False
lag_12__CT_place_LOWERMID,-1.932027089424082e-06,1.932027089424082e-06,CT_place_LOWERMID,False
lag_14__CT_place_LOWERMID,-1.9309891285956837e-06,1.9309891285956837e-06,CT_place_LOWERMID,False
lag_05__T_place_OBSERVATION,-1.9290200725663453e-06,1.9290200725663453e-06,T_place_OBSERVATION,False
lag_07__CT_place_LOWERMID,-1.9263643480371684e-06,1.9263643480371684e-06,CT_place_LOWERMID,False
lag_06__CT_place_OUTSIDETUNNEL,-1.9235792478866642e-06,1.9235792478866642e-06,CT_place_OUTSIDETUNNEL,False
lag_08__CT_place_GRAVEYARD,-1.9226317817810923e-06,1.9226317817810923e-06,CT_place_GRAVEYARD,False
lag_09__T_place_QUAD,-1.9209323909308296e-06,1.9209323909308296e-06,T_place_QUAD,False
lag_04__T_place_JUNGLE,-1.9205876924388576e-06,1.9205876924388576e-06,T_place_JUNGLE,False
lag_08__CT_place_LOWERMID,-1.9115555005555507e-06,1.9115555005555507e-06,CT_place_LOWERMID,False
lag_05__CT_he_last_5s,-1.9088063254457666e-06,1.9088063254457666e-06,CT_he_last_5s,True
lag_05__CT_place_BRICKS,-1.9027834241569508e-06,1.9027834241569508e-06,CT_place_BRICKS,False
lag_04__T_place_HEAVEN,-1.8958006648972514e-06,1.8958006648972514e-06,T_place_HEAVEN,False
lag_09__T_place_LIBRARY,-1.893222702165076e-06,1.893222702165076e-06,T_place_LIBRARY,False
lag_10__CT_place_OUTSIDETUNNEL,-1.893174157885369e-06,1.893174157885369e-06,CT_place_OUTSIDETUNNEL,False
lag_05__T_place_SIDE,-1.8908012862084433e-06,1.8908012862084433e-06,T_place_SIDE,False
lag_04__T_place_ARCH,-1.8905361685028765e-06,1.8905361685028765e-06,T_place_ARCH,False
lag_06__T_place_RESTROOM,-1.8892355910793412e-06,1.8892355910793412e-06,T_place_RESTROOM,False
lag_05__T_place_UPSTAIRS,-1.8883119992096908e-06,1.8883119992096908e-06,T_place_UPSTAIRS,False
lag_13__CT_place_OUTSIDETUNNEL,-1.8872095779443043e-06,1.8872095779443043e-06,CT_place_OUTSIDETUNNEL,False
lag_04__T_place_GARAGE,-1.886365566861059e-06,1.886365566861059e-06,T_place_GARAGE,False
lag_06__T_place_DECK,-1.8842498548110598e-06,1.8842498548110598e-06,T_place_DECK,False
lag_01__CT_place_SIDE,-1.8831676698027877e-06,1.8831676698027877e-06,CT_place_SIDE,False
lag_12__CT_place_ROOF,-1.8806316575137316e-06,1.8806316575137316e-06,CT_place_ROOF,False
lag_14__CT_place_ROOF,-1.87962280051579e-06,1.87962280051579e-06,CT_place_ROOF,False
lag_07__CT_place_ROOF,-1.8751193238131236e-06,1.8751193238131236e-06,CT_place_ROOF,False
lag_05__T_place_DECON,-1.8718183127930388e-06,1.8718183127930388e-06,T_place_DECON,False
lag_05__T_utility_damage_last_5s,-1.8671535144676454e-06,1.8671535144676454e-06,T_utility_damage_last_5s,True
lag_09__T_place_ADMIN,-1.865514491328213e-06,1.865514491328213e-06,T_place_ADMIN,False
lag_05__T_place_GRAVEYARD,-1.8607715901453048e-06,1.8607715901453048e-06,T_place_GRAVEYARD,False
lag_08__CT_place_ROOF,-1.860704514911049e-06,1.860704514911049e-06,CT_place_ROOF,False
lag_10__T_place_RESTROOM,-1.8593725599203026e-06,1.8593725599203026e-06,T_place_RESTROOM,False
lag_01__CT_place_TSTAIRS,-1.8585765246825758e-06,1.8585765246825758e-06,CT_place_TSTAIRS,False
lag_06__CT_place_STORAGEROOM,-1.8581291669761413e-06,1.8581291669761413e-06,CT_place_STORAGEROOM,False
lag_10__T_place_DECK,-1.8544654949437245e-06,1.8544654949437245e-06,T_place_DECK,False
lag_13__T_place_RESTROOM,-1.853514959293534e-06,1.853514959293534e-06,T_place_RESTROOM,False
lag_09__T_place_HOLE,-1.8514213024900528e-06,1.8514213024900528e-06,T_place_HOLE,False
lag_02__T_mollies_last_5s,-1.8499532643545535e-06,1.8499532643545535e-06,T_mollies_last_5s,True
lag_13__T_place_DECK,-1.8486239241610747e-06,1.8486239241610747e-06,T_place_DECK,False
lag_09__T_place_HELL,-1.8473572254151804e-06,1.8473572254151804e-06,T_place_HELL,False
lag_15__T_mollies_last_5s,-1.8436642221786315e-06,1.8436642221786315e-06,T_mollies_last_5s,True
lag_04__CT_place_TSIDELOWER,-1.8429992678647977e-06,1.8429992678647977e-06,CT_place_TSIDELOWER,False
lag_03__T_mollies_last_5s,-1.8424481140755233e-06,1.8424481140755233e-06,T_mollies_last_5s,True
lag_02__CT_place_SECONDMID,-1.8414737041894114e-06,1.8414737041894114e-06,CT_place_SECONDMID,False
lag_09__T_place_ELECTRICALBOX,-1.8395037386653712e-06,1.8395037386653712e-06,T_place_ELECTRICALBOX,False
lag_04__CT_place_CONSTRUCTION,-1.8391176581644686e-06,1.8391176581644686e-06,CT_place_CONSTRUCTION,False
lag_15__CT_place_SECONDMID,-1.835212970036082e-06,1.835212970036082e-06,CT_place_SECONDMID,False
lag_03__CT_place_SECONDMID,-1.8340032283958863e-06,1.8340032283958863e-06,CT_place_SECONDMID,False
lag_04__CT_place_IVY,-1.8309668803340173e-06,1.8309668803340173e-06,CT_place_IVY,False
lag_11__CT_place_UNKNOWN,-1.8304150444237166e-06,1.8304150444237166e-06,CT_place_UNKNOWN,False
lag_10__CT_place_STORAGEROOM,-1.8287582861375995e-06,1.8287582861375995e-06,CT_place_STORAGEROOM,False
lag_12__CT_place_SIDE,-1.8242214991914807e-06,1.8242214991914807e-06,CT_place_SIDE,False
lag_14__CT_place_SIDE,-1.8232417460239958e-06,1.8232417460239958e-06,CT_place_SIDE,False
lag_13__CT_place_STORAGEROOM,-1.8229961824545171e-06,1.8229961824545171e-06,CT_place_STORAGEROOM,False
lag_05__T_place_SHOP,-1.8227482314614463e-06,1.8227482314614463e-06,T_place_SHOP,False
lag_07__CT_place_SIDE,-1.8188745798397576e-06,1.8188745798397576e-06,CT_place_SIDE,False
lag_05__CT_place_TUNNEL,-1.816826397771365e-06,1.816826397771365e-06,CT_place_TUNNEL,False
lag_08__CT_place_SIDE,-1.8048920082947006e-06,1.8048920082947006e-06,CT_place_SIDE,False
lag_00__CT3__armor,-1.8031920490102493e-06,1.8031920490102493e-06,CT3__armor,False
lag_12__CT_place_TSTAIRS,-1.800400468709995e-06,1.800400468709995e-06,CT_place_TSTAIRS,False
lag_14__CT_place_TSTAIRS,-1.7994336758420104e-06,1.7994336758420104e-06,CT_place_TSTAIRS,False
lag_07__CT_place_TSTAIRS,-1.7951234667634708e-06,1.7951234667634708e-06,CT_place_TSTAIRS,False
lag_05__CT_smokes_last_5s,-1.7892318737722235e-06,1.7892318737722235e-06,CT_smokes_last_5s,True
lag_08__CT_place_TSTAIRS,-1.7813240447139833e-06,1.7813240447139833e-06,CT_place_TSTAIRS,False
lag_02__CT_place_OUTSIDETUNNEL,-1.7769987152860267e-06,1.7769987152860267e-06,CT_place_OUTSIDETUNNEL,False
lag_06__T_place_QUAD,-1.7756327679308015e-06,1.7756327679308015e-06,T_place_QUAD,False
lag_05__CT_place_SCAFFOLDING,-1.7751883660821477e-06,1.7751883660821477e-06,CT_place_SCAFFOLDING,False
lag_15__CT_place_OUTSIDETUNNEL,-1.7709577377900132e-06,1.7709577377900132e-06,CT_place_OUTSIDETUNNEL,False
lag_03__CT_place_OUTSIDETUNNEL,-1.7697888097245595e-06,1.7697888097245595e-06,CT_place_OUTSIDETUNNEL,False
lag_01__CT_place_STREET,-1.7673578440735582e-06,1.7673578440735582e-06,CT_place_STREET,False
lag_04__CT_place_TUNNELSTAIRS,-1.7665786344878143e-06,1.7665786344878143e-06,CT_place_TUNNELSTAIRS,False
lag_04__T_place_PIPE,-1.7663130620348966e-06,1.7663130620348966e-06,T_place_PIPE,False
lag_01__T_place_HUTROOF,-1.7659360764810117e-06,1.7659360764810117e-06,T_place_HUTROOF,False
lag_11__T_place_RAFTERS,-1.7642629472902627e-06,1.7642629472902627e-06,T_place_RAFTERS,False
lag_04__T_place_CONSTRUCTION,-1.7597541273062234e-06,1.7597541273062234e-06,T_place_CONSTRUCTION,False
lag_01__T_place_SCAFFOLDING,-1.7563891105965013e-06,1.7563891105965013e-06,T_place_SCAFFOLDING,False
lag_04__T_place_PLAYGROUND,-1.7552227973283152e-06,1.7552227973283152e-06,T_place_PLAYGROUND,False
lag_01__CT2__Y,-1.7515181980343186e-06,1.7515181980343186e-06,CT2__Y,False
lag_04__CT_place_DECON,-1.750259798427578e-06,1.750259798427578e-06,CT_place_DECON,False
lag_06__T_place_LIBRARY,-1.7500187823316082e-06,1.7500187823316082e-06,T_place_LIBRARY,False
lag_11__CT_place_GRAVEYARD,-1.7493476889285375e-06,1.7493476889285375e-06,CT_place_GRAVEYARD,False
lag_10__T_place_QUAD,-1.7475655340604135e-06,1.7475655340604135e-06,T_place_QUAD,False
lag_02__T_place_RESTROOM,-1.7452731526645948e-06,1.7452731526645948e-06,T_place_RESTROOM,False
lag_04__CT_place_ENTRANCE,-1.7441270756535232e-06,1.7441270756535232e-06,CT_place_ENTRANCE,False
lag_13__T_place_QUAD,-1.7420593394490425e-06,1.7420593394490425e-06,T_place_QUAD,False
lag_02__T_place_DECK,-1.7406670167474658e-06,1.7406670167474658e-06,T_place_DECK,False
lag_09__CT_place_UNKNOWN,-1.7399609077983769e-06,1.7399609077983769e-06,CT_place_UNKNOWN,False
lag_15__T_place_RESTROOM,-1.739337221806636e-06,1.739337221806636e-06,T_place_RESTROOM,False
lag_11__CT_place_LOWERMID,-1.73926866864349e-06,1.73926866864349e-06,CT_place_LOWERMID,False
lag_03__T_place_RESTROOM,-1.7381912584824022e-06,1.7381912584824022e-06,T_place_RESTROOM,False
lag_15__T_place_DECK,-1.7347481389151653e-06,1.7347481389151653e-06,T_place_DECK,False
lag_03__T_place_DECK,-1.7336043356408481e-06,1.7336043356408481e-06,T_place_DECK,False
lag_04__CT_place_TROPHY,-1.7258907973882742e-06,1.7258907973882742e-06,CT_place_TROPHY,False
lag_06__T_place_ADMIN,-1.7244066157218185e-06,1.7244066157218185e-06,T_place_ADMIN,False
lag_10__T_place_LIBRARY,-1.7223569557245355e-06,1.7223569557245355e-06,T_place_LIBRARY,False
lag_04__CT_place_CRANE,-1.7190928929267102e-06,1.7190928929267102e-06,CT_place_CRANE,False
lag_04__T_place_MINI,-1.7184714806717238e-06,1.7184714806717238e-06,T_place_MINI,False
lag_13__T_place_LIBRARY,-1.7169302282127319e-06,1.7169302282127319e-06,T_place_LIBRARY,False
lag_02__CT_place_STORAGEROOM,-1.7165376675620792e-06,1.7165376675620792e-06,CT_place_STORAGEROOM,False
lag_14__T_bomb_carrier_alive,-1.7153147382487077e-06,1.7153147382487077e-06,T_bomb_carrier_alive,False
lag_01__CT_mollies_last_5s,-1.7130388414443587e-06,1.7130388414443587e-06,CT_mollies_last_5s,True
lag_12__CT_place_STREET,-1.712036919343518e-06,1.712036919343518e-06,CT_place_STREET,False
lag_06__T_place_HOLE,-1.7113791273004608e-06,1.7113791273004608e-06,T_place_HOLE,False
lag_14__CT_place_STREET,-1.7111178749473765e-06,1.7111178749473765e-06,CT_place_STREET,False
lag_15__CT_place_STORAGEROOM,-1.7106990526372101e-06,1.7106990526372101e-06,CT_place_STORAGEROOM,False
lag_12__T_place_HUTROOF,-1.7106593759308453e-06,1.7106593759308453e-06,T_place_HUTROOF,False
lag_14__T_place_HUTROOF,-1.7097412410294055e-06,1.7097412410294055e-06,T_place_HUTROOF,False
lag_03__CT_place_STORAGEROOM,-1.7095720750148757e-06,1.7095720750148757e-06,CT_place_STORAGEROOM,False
lag_06__T_place_HELL,-1.7076232552426518e-06,1.7076232552426518e-06,T_place_HELL,False
lag_07__CT_place_STREET,-1.7070188960133237e-06,1.7070188960133237e-06,CT_place_STREET,False
lag_07__T_place_HUTROOF,-1.7056463548215106e-06,1.7056463548215106e-06,T_place_HUTROOF,False
lag_12__T_place_SCAFFOLDING,-1.7014102695611655e-06,1.7014102695611655e-06,T_place_SCAFFOLDING,False
lag_14__T_place_SCAFFOLDING,-1.700497364254261e-06,1.700497364254261e-06,T_place_SCAFFOLDING,False
lag_06__T_place_ELECTRICALBOX,-1.7003627590383985e-06,1.7003627590383985e-06,T_place_ELECTRICALBOX,False
lag_10__T_place_ADMIN,-1.6971489458228461e-06,1.6971489458228461e-06,T_place_ADMIN,False
lag_07__T_place_SCAFFOLDING,-1.6964241922323708e-06,1.6964241922323708e-06,T_place_SCAFFOLDING,False
lag_08__CT_place_STREET,-1.6938961380219553e-06,1.6938961380219553e-06,CT_place_STREET,False
lag_11__CT_place_ROOF,-1.693001877356437e-06,1.693001877356437e-06,CT_place_ROOF,False
lag_08__T_place_HUTROOF,-1.6925336012718617e-06,1.6925336012718617e-06,T_place_HUTROOF,False
lag_13__T_place_ADMIN,-1.6918023675316363e-06,1.6918023675316363e-06,T_place_ADMIN,False
lag_05__CT_place_SIDEALLEY,-1.689634359536285e-06,1.689634359536285e-06,CT_place_SIDEALLEY,False
lag_10__T_place_HOLE,-1.6843275716382777e-06,1.6843275716382777e-06,T_place_HOLE,False
lag_08__T_place_SCAFFOLDING,-1.6833830613904865e-06,1.6833830613904865e-06,T_place_SCAFFOLDING,False
lag_10__T_place_HELL,-1.6806309304229217e-06,1.6806309304229217e-06,T_place_HELL,False
lag_13__T_place_HOLE,-1.6790222616691608e-06,1.6790222616691608e-06,T_place_HOLE,False
lag_04__CT_place_BACKALLEY,-1.6783219507487956e-06,1.6783219507487956e-06,CT_place_BACKALLEY,False
lag_09__T_place_RAFTERS,-1.6770798083598493e-06,1.6770798083598493e-06,T_place_RAFTERS,False
lag_13__T_place_HELL,-1.6753364207033883e-06,1.6753364207033883e-06,T_place_HELL,False
lag_10__T_place_ELECTRICALBOX,-1.6734846894905786e-06,1.6734846894905786e-06,T_place_ELECTRICALBOX,False
lag_03__T_velocity_mean,1.6702780385458027e-06,1.6702780385458027e-06,T_velocity_mean,False
lag_13__T_place_ELECTRICALBOX,-1.6682125760780764e-06,1.6682125760780764e-06,T_place_ELECTRICALBOX,False
lag_01__T_place_ENTRANCE,-1.663687044128892e-06,1.663687044128892e-06,T_place_ENTRANCE,False
lag_09__CT_place_GRAVEYARD,-1.6629006722723716e-06,1.6629006722723716e-06,CT_place_GRAVEYARD,False
lag_12__CT_mollies_last_5s,-1.6594175349382567e-06,1.6594175349382567e-06,CT_mollies_last_5s,True
lag_14__CT_mollies_last_5s,-1.6585267985647079e-06,1.6585267985647079e-06,CT_mollies_last_5s,True
lag_11__CT_alive,1.6576354937569704e-06,1.6576354937569704e-06,CT_alive,False
lag_04__T_place_BDOORS,-1.655355617913301e-06,1.655355617913301e-06,T_place_BDOORS,False
lag_07__CT_mollies_last_5s,-1.6545542393942014e-06,1.6545542393942014e-06,CT_mollies_last_5s,True
lag_09__CT_place_LOWERMID,-1.6533199413970578e-06,1.6533199413970578e-06,CT_place_LOWERMID,False
lag_15__T_B_site_active_infernos,1.6473283039886155e-06,1.6473283039886155e-06,T_B_site_active_infernos,True
lag_04__T_place_WALKWAY,-1.6446723520857631e-06,1.6446723520857631e-06,T_place_WALKWAY,False
lag_11__CT_place_SIDE,-1.6422194448750815e-06,1.6422194448750815e-06,CT_place_SIDE,False
lag_08__CT_mollies_last_5s,-1.641834955989907e-06,1.641834955989907e-06,CT_mollies_last_5s,True
lag_04__CT_place_CTSIDEUPPER,-1.6405307405875647e-06,1.6405307405875647e-06,CT_place_CTSIDEUPPER,False
lag_02__T_place_QUAD,-1.6403253084718017e-06,1.6403253084718017e-06,T_place_QUAD,False
lag_01__T_place_KITCHEN,-1.6362060932806344e-06,1.6362060932806344e-06,T_place_KITCHEN,False
lag_15__T_place_QUAD,-1.6347486280210433e-06,1.6347486280210433e-06,T_place_QUAD,False
lag_03__T_place_QUAD,-1.6336698536179028e-06,1.6336698536179028e-06,T_place_QUAD,False
lag_03__T1__smoke,1.6286630852846429e-06,1.6286630852846429e-06,T1__smoke,True
lag_08__seconds_in_round,-1.624058540983242e-06,1.624058540983242e-06,seconds_in_round,False
lag_10__CT5__utility_total,1.622349486751773e-06,1.622349486751773e-06,CT5__utility_total,True
lag_11__CT_place_TSTAIRS,-1.620775151423004e-06,1.620775151423004e-06,CT_place_TSTAIRS,False
lag_02__T_place_LIBRARY,-1.6166646901183412e-06,1.6166646901183412e-06,T_place_LIBRARY,False
lag_12__T_place_ENTRANCE,-1.6116109691211022e-06,1.6116109691211022e-06,T_place_ENTRANCE,False
lag_15__T_place_LIBRARY,-1.6111667946461239e-06,1.6111667946461239e-06,T_place_LIBRARY,False
lag_14__T_place_ENTRANCE,-1.6107460396597162e-06,1.6107460396597162e-06,T_place_ENTRANCE,False
lag_03__T_place_LIBRARY,-1.6101046185212908e-06,1.6101046185212908e-06,T_place_LIBRARY,False
lag_09__CT_place_ROOF,-1.6093393924165866e-06,1.6093393924165866e-06,CT_place_ROOF,False
lag_06__CT_place_UNKNOWN,-1.6083503169284086e-06,1.6083503169284086e-06,CT_place_UNKNOWN,False
lag_07__T_place_ENTRANCE,-1.6068876220742823e-06,1.6068876220742823e-06,T_place_ENTRANCE,False
lag_05__T2__molly,1.60302113272337e-06,1.60302113272337e-06,T2__molly,True
lag_05__T_mollies_last_5s,-1.5951455907270429e-06,1.5951455907270429e-06,T_mollies_last_5s,True
lag_08__T_place_ENTRANCE,-1.5945350924084778e-06,1.5945350924084778e-06,T_place_ENTRANCE,False
lag_02__T_place_ADMIN,-1.5930045265122317e-06,1.5930045265122317e-06,T_place_ADMIN,False
lag_05__CT_place_SECONDMID,-1.5878335943853017e-06,1.5878335943853017e-06,CT_place_SECONDMID,False
lag_15__T_place_ADMIN,-1.5875874623816344e-06,1.5875874623816344e-06,T_place_ADMIN,False
lag_03__T_place_ADMIN,-1.5865399518588674e-06,1.5865399518588674e-06,T_place_ADMIN,False
lag_12__T_place_KITCHEN,-1.5849901728870464e-06,1.5849901728870464e-06,T_place_KITCHEN,False
lag_14__T_place_KITCHEN,-1.5841389995330246e-06,1.5841389995330246e-06,T_place_KITCHEN,False
lag_10__CT_place_UNKNOWN,-1.5829270978429122e-06,1.5829270978429122e-06,CT_place_UNKNOWN,False
lag_02__T_place_HOLE,-1.5809691831236705e-06,1.5809691831236705e-06,T_place_HOLE,False
lag_07__T_place_KITCHEN,-1.5803439055162016e-06,1.5803439055162016e-06,T_place_KITCHEN,False
lag_13__CT_place_UNKNOWN,-1.5779410205141176e-06,1.5779410205141176e-06,CT_place_UNKNOWN,False
lag_02__T_place_HELL,-1.5774992334627314e-06,1.5774992334627314e-06,T_place_HELL,False
lag_15__T_place_HOLE,-1.5755932736283285e-06,1.5755932736283285e-06,T_place_HOLE,False
lag_03__T_place_HOLE,-1.5745539485578774e-06,1.5745539485578774e-06,T_place_HOLE,False
lag_01__CT_utility_damage_last_5s,-1.5736263776489068e-06,1.5736263776489068e-06,CT_utility_damage_last_5s,True
lag_15__T_place_HELL,-1.5721348063379992e-06,1.5721348063379992e-06,T_place_HELL,False
lag_03__T_place_HELL,-1.5710988918726798e-06,1.5710988918726798e-06,T_place_HELL,False
lag_02__T_place_ELECTRICALBOX,-1.5707913689766428e-06,1.5707913689766428e-06,T_place_ELECTRICALBOX,False
lag_08__T_place_KITCHEN,-1.5681955574109452e-06,1.5681955574109452e-06,T_place_KITCHEN,False
lag_01__T4__flash_duration,1.5663913472963031e-06,1.5663913472963031e-06,T4__flash_duration,True
lag_04__CT_place_OBSERVATION,-1.5661030374758411e-06,1.5661030374758411e-06,CT_place_OBSERVATION,False
lag_15__T_place_ELECTRICALBOX,-1.5654508160878322e-06,1.5654508160878322e-06,T_place_ELECTRICALBOX,False
lag_03__T_place_ELECTRICALBOX,-1.5644183122276445e-06,1.5644183122276445e-06,T_place_ELECTRICALBOX,False
lag_04__CT_place_PALACEALLEY,-1.5643068991266773e-06,1.5643068991266773e-06,CT_place_PALACEALLEY,False
lag_09__CT_place_SIDE,-1.5610665968779358e-06,1.5610665968779358e-06,CT_place_SIDE,False
lag_15__T3__hp,-1.5546111171715893e-06,1.5546111171715893e-06,T3__hp,False
lag_11__CT_flash_inv,-1.5526057950410177e-06,1.5526057950410177e-06,CT_flash_inv,True
lag_06__T_place_RAFTERS,-1.550225647406478e-06,1.550225647406478e-06,T_place_RAFTERS,False
lag_04__T_place_TRUCK,-1.5490959413000382e-06,1.5490959413000382e-06,T_place_TRUCK,False
lag_01__T_place_LOCKERROOM,-1.5443066558873397e-06,1.5443066558873397e-06,T_place_LOCKERROOM,False
lag_11__CT_place_STREET,-1.5412271068271366e-06,1.5412271068271366e-06,CT_place_STREET,False
lag_09__CT_place_TSTAIRS,-1.5406818647534237e-06,1.5406818647534237e-06,CT_place_TSTAIRS,False
lag_11__T_place_HUTROOF,-1.5399867834275938e-06,1.5399867834275938e-06,T_place_HUTROOF,False
lag_06__CT_place_GRAVEYARD,-1.5371178960776888e-06,1.5371178960776888e-06,CT_place_GRAVEYARD,False
lag_04__T_place_UNDERA,-1.536002969260153e-06,1.536002969260153e-06,T_place_UNDERA,False
lag_06__T1__flash,-1.5358458540504216e-06,1.5358458540504216e-06,T1__flash,True
lag_05__CT_place_OUTSIDETUNNEL,-1.5322398212447297e-06,1.5322398212447297e-06,CT_place_OUTSIDETUNNEL,False
lag_11__T_place_SCAFFOLDING,-1.5316621784222662e-06,1.5316621784222662e-06,T_place_SCAFFOLDING,False
lag_06__CT_place_LOWERMID,-1.528262487227039e-06,1.528262487227039e-06,CT_place_LOWERMID,False
lag_04__CT_place_RESTROOM,-1.5278154705811176e-06,1.5278154705811176e-06,CT_place_RESTROOM,False
lag_10__T_place_RAFTERS,-1.5257214727171231e-06,1.5257214727171231e-06,T_place_RAFTERS,False
lag_13__T_place_RAFTERS,-1.5209145658445777e-06,1.5209145658445777e-06,T_place_RAFTERS,False
lag_04__T_smokes_last_5s,-1.5133922488530516e-06,1.5133922488530516e-06,T_smokes_last_5s,True
lag_10__CT_place_GRAVEYARD,-1.5128213135540136e-06,1.5128213135540136e-06,CT_place_GRAVEYARD,False
lag_04__CT_place_VENDING,-1.5120622265385464e-06,1.5120622265385464e-06,CT_place_VENDING,False
lag_02__CT_hp_sum,-1.509662297394243e-06,1.509662297394243e-06,CT_hp_sum,False
lag_13__CT_place_GRAVEYARD,-1.5080551065693726e-06,1.5080551065693726e-06,CT_place_GRAVEYARD,False
lag_05__T_place_RESTROOM,-1.504883016423264e-06,1.504883016423264e-06,T_place_RESTROOM,False
lag_10__CT_place_LOWERMID,-1.5041052847664105e-06,1.5041052847664105e-06,CT_place_LOWERMID,False
lag_05__T_place_DECK,-1.5009115941211348e-06,1.5009115941211348e-06,T_place_DECK,False
lag_11__CT3__armor,-1.5001247675172635e-06,1.5001247675172635e-06,CT3__armor,False
lag_13__CT_place_LOWERMID,-1.4993674994911999e-06,1.4993674994911999e-06,CT_place_LOWERMID,False
lag_12__T_place_LOCKERROOM,-1.4959674672354595e-06,1.4959674672354595e-06,T_place_LOCKERROOM,False
lag_14__T_place_LOCKERROOM,-1.4951648381611449e-06,1.4951648381611449e-06,T_place_LOCKERROOM,False
lag_04__T_place_OBSERVATION,-1.4940334267521393e-06,1.4940334267521393e-06,T_place_OBSERVATION,False
lag_11__CT_mollies_last_5s,-1.493858349022048e-06,1.493858349022048e-06,CT_mollies_last_5s,True
lag_07__T_place_LOCKERROOM,-1.491582452217699e-06,1.491582452217699e-06,T_place_LOCKERROOM,False
lag_06__CT_place_ROOF,-1.4876083014314645e-06,1.4876083014314645e-06,CT_place_ROOF,False
lag_02__CT_place_UNKNOWN,-1.4857909036436467e-06,1.4857909036436467e-06,CT_place_UNKNOWN,False
lag_15__CT_place_UNKNOWN,-1.4807392290094867e-06,1.4807392290094867e-06,CT_place_UNKNOWN,False
lag_08__T_place_LOCKERROOM,-1.4801165661992854e-06,1.4801165661992854e-06,T_place_LOCKERROOM,False
lag_05__CT_place_STORAGEROOM,-1.4801049701418378e-06,1.4801049701418378e-06,CT_place_STORAGEROOM,False
lag_03__CT_place_UNKNOWN,-1.4797622043261072e-06,1.4797622043261072e-06,CT_place_UNKNOWN,False
lag_04__CT_he_last_5s,-1.4783772712689824e-06,1.4783772712689824e-06,CT_he_last_5s,True
lag_06__CT3__armor,-1.4744389318366302e-06,1.4744389318366302e-06,CT3__armor,False
lag_04__CT_place_BRICKS,-1.473711677135725e-06,1.473711677135725e-06,CT_place_BRICKS,False
lag_09__CT_place_STREET,-1.4650651110059698e-06,1.4650651110059698e-06,CT_place_STREET,False
lag_04__T_place_SIDE,-1.4644319890066981e-06,1.4644319890066981e-06,T_place_SIDE,False
lag_10__CT_place_ROOF,-1.4640944527855027e-06,1.4640944527855027e-06,CT_place_ROOF,False
lag_09__T_place_HUTROOF,-1.4638869743066607e-06,1.4638869743066607e-06,T_place_HUTROOF,False
lag_04__T_place_UPSTAIRS,-1.4625043149862904e-06,1.4625043149862904e-06,T_place_UPSTAIRS,False
lag_13__CT_place_ROOF,-1.4594818367186235e-06,1.4594818367186235e-06,CT_place_ROOF,False
lag_09__T_place_SCAFFOLDING,-1.4559718692908064e-06,1.4559718692908064e-06,T_place_SCAFFOLDING,False
lag_11__T_place_ENTRANCE,-1.450821059734153e-06,1.450821059734153e-06,T_place_ENTRANCE,False
lag_04__T_place_DECON,-1.4497296660920256e-06,1.4497296660920256e-06,T_place_DECON,False
lag_06__CT_place_SIDE,-1.442987127120432e-06,1.442987127120432e-06,CT_place_SIDE,False
lag_04__T_place_GRAVEYARD,-1.44117393574561e-06,1.44117393574561e-06,T_place_GRAVEYARD,False
lag_01__CT_place_UPSTAIRS,-1.4376693115991657e-06,1.4376693115991657e-06,CT_place_UPSTAIRS,False
lag_02__T_place_RAFTERS,-1.4320953596325126e-06,1.4320953596325126e-06,T_place_RAFTERS,False
lag_07__seconds_in_round,-1.428801965630555e-06,1.428801965630555e-06,seconds_in_round,False
lag_15__T_place_RAFTERS,-1.427226038686058e-06,1.427226038686058e-06,T_place_RAFTERS,False
lag_11__T_place_KITCHEN,-1.4268554195950856e-06,1.4268554195950856e-06,T_place_KITCHEN,False
lag_03__T_place_RAFTERS,-1.4262856211644248e-06,1.4262856211644248e-06,T_place_RAFTERS,False
lag_06__CT_place_TSTAIRS,-1.4241441022022627e-06,1.4241441022022627e-06,CT_place_TSTAIRS,False
lag_10__CT_place_SIDE,-1.4201782505551819e-06,1.4201782505551819e-06,CT_place_SIDE,False
lag_09__CT_mollies_last_5s,-1.4200363693817053e-06,1.4200363693817053e-06,CT_mollies_last_5s,True
lag_02__CT_place_GRAVEYARD,-1.4199864608599455e-06,1.4199864608599455e-06,CT_place_GRAVEYARD,False
lag_13__CT_place_SIDE,-1.4157042187434854e-06,1.4157042187434854e-06,CT_place_SIDE,False
lag_15__CT_place_GRAVEYARD,-1.4151594314171234e-06,1.4151594314171234e-06,CT_place_GRAVEYARD,False
lag_05__T_place_QUAD,-1.414391817888827e-06,1.414391817888827e-06,T_place_QUAD,False
lag_03__CT_place_GRAVEYARD,-1.414225266671565e-06,1.414225266671565e-06,CT_place_GRAVEYARD,False
lag_02__CT_place_LOWERMID,-1.4118061244516866e-06,1.4118061244516866e-06,CT_place_LOWERMID,False
lag_04__T_place_SHOP,-1.411723928868014e-06,1.411723928868014e-06,T_place_SHOP,False
lag_04__CT_place_TUNNEL,-1.4071372334001353e-06,1.4071372334001353e-06,CT_place_TUNNEL,False
lag_15__CT_place_LOWERMID,-1.4070060387894046e-06,1.4070060387894046e-06,CT_place_LOWERMID,False
lag_03__CT_place_LOWERMID,-1.4060771036383812e-06,1.4060771036383812e-06,CT_place_LOWERMID,False
lag_10__CT_place_TSTAIRS,-1.4016330851518433e-06,1.4016330851518433e-06,CT_place_TSTAIRS,False
lag_13__CT_place_TSTAIRS,-1.3972170336273848e-06,1.3972170336273848e-06,CT_place_TSTAIRS,False
lag_03__CT4__molly,-1.396552079313551e-06,1.396552079313551e-06,CT4__molly,True
lag_05__T_place_LIBRARY,-1.3939894643044681e-06,1.3939894643044681e-06,T_place_LIBRARY,False
lag_12__CT_place_UPSTAIRS,-1.3926686506238184e-06,1.3926686506238184e-06,CT_place_UPSTAIRS,False
lag_14__CT_place_UPSTAIRS,-1.3919205912316102e-06,1.3919205912316102e-06,CT_place_UPSTAIRS,False
lag_07__CT_place_UPSTAIRS,-1.3885862699680729e-06,1.3885862699680729e-06,CT_place_UPSTAIRS,False
lag_04__CT_smokes_last_5s,-1.3857650174031733e-06,1.3857650174031733e-06,CT_smokes_last_5s,True
lag_01__T4__duck_amount,-1.384420329486602e-06,1.384420329486602e-06,T4__duck_amount,False
lag_09__T_place_ENTRANCE,-1.379126047140744e-06,1.379126047140744e-06,T_place_ENTRANCE,False
lag_08__CT_place_UPSTAIRS,-1.3779122127743904e-06,1.3779122127743904e-06,CT_place_UPSTAIRS,False
lag_04__CT_place_SCAFFOLDING,-1.3748889386988594e-06,1.3748889386988594e-06,CT_place_SCAFFOLDING,False
lag_02__CT_place_ROOF,-1.3742496776103508e-06,1.3742496776103508e-06,CT_place_ROOF,False
lag_05__T_place_ADMIN,-1.3735876791542978e-06,1.3735876791542978e-06,T_place_ADMIN,False
lag_15__CT_place_ROOF,-1.3695770348931546e-06,1.3695770348931546e-06,CT_place_ROOF,False
lag_03__CT_place_ROOF,-1.3686734519069432e-06,1.3686734519069432e-06,CT_place_ROOF,False
lag_05__T_place_HOLE,-1.3632095487992046e-06,1.3632095487992046e-06,T_place_HOLE,False
lag_05__T_place_HELL,-1.360217993351398e-06,1.360217993351398e-06,T_place_HELL,False
lag_09__T_place_KITCHEN,-1.356346160719113e-06,1.356346160719113e-06,T_place_KITCHEN,False
lag_05__T_place_ELECTRICALBOX,-1.3544347439164994e-06,1.3544347439164994e-06,T_place_ELECTRICALBOX,False
lag_06__CT_place_STREET,-1.3542477290684474e-06,1.3542477290684474e-06,CT_place_STREET,False
lag_06__T_place_HUTROOF,-1.3531582681025611e-06,1.3531582681025611e-06,T_place_HUTROOF,False
lag_07__CT3__molly,1.3469878012983827e-06,1.3469878012983827e-06,CT3__molly,True
lag_11__T_place_LOCKERROOM,-1.3467151802615263e-06,1.3467151802615263e-06,T_place_LOCKERROOM,False
lag_01__T_place_BACKOFA,-1.3463570667227032e-06,1.3463570667227032e-06,T_place_BACKOFA,False
lag_06__T_place_SCAFFOLDING,-1.3458422927214997e-06,1.3458422927214997e-06,T_place_SCAFFOLDING,False
lag_02__CT_place_SIDE,-1.333028762928734e-06,1.333028762928734e-06,CT_place_SIDE,False
lag_10__CT_place_STREET,-1.3328407248991425e-06,1.3328407248991425e-06,CT_place_STREET,False
lag_10__T_place_HUTROOF,-1.33176854433259e-06,1.33176854433259e-06,T_place_HUTROOF,False
lag_14__T2__Y,-1.3293353049448342e-06,1.3293353049448342e-06,T2__Y,False
lag_13__CT_place_STREET,-1.3286426110425964e-06,1.3286426110425964e-06,CT_place_STREET,False
lag_15__CT_place_SIDE,-1.3284960687087732e-06,1.3284960687087732e-06,CT_place_SIDE,False
lag_03__CT_place_SIDE,-1.3276204526846414e-06,1.3276204526846414e-06,CT_place_SIDE,False
lag_13__T_place_HUTROOF,-1.3275736137075e-06,1.3275736137075e-06,T_place_HUTROOF,False
lag_10__T_place_SCAFFOLDING,-1.3245689842733555e-06,1.3245689842733555e-06,T_place_SCAFFOLDING,False
lag_13__T_place_SCAFFOLDING,-1.3203959952079458e-06,1.3203959952079458e-06,T_place_SCAFFOLDING,False
lag_02__CT_place_TSTAIRS,-1.315621943831502e-06,1.315621943831502e-06,CT_place_TSTAIRS,False
lag_06__CT_mollies_last_5s,-1.3126250451023225e-06,1.3126250451023225e-06,CT_mollies_last_5s,True
lag_15__CT_place_TSTAIRS,-1.3111484804539941e-06,1.3111484804539941e-06,CT_place_TSTAIRS,False
lag_03__CT_place_TSTAIRS,-1.3102836646794458e-06,1.3102836646794458e-06,CT_place_TSTAIRS,False
lag_04__CT_place_SIDEALLEY,-1.308627588514355e-06,1.308627588514355e-06,CT_place_SIDEALLEY,False
lag_12__T_place_BACKOFA,-1.304213810726651e-06,1.304213810726651e-06,T_place_BACKOFA,False
lag_14__T_place_BACKOFA,-1.3035134998062858e-06,1.3035134998062858e-06,T_place_BACKOFA,False
lag_07__T_place_BACKOFA,-1.3003921139898011e-06,1.3003921139898011e-06,T_place_BACKOFA,False
lag_10__CT_mollies_last_5s,-1.2918767424707767e-06,1.2918767424707767e-06,CT_mollies_last_5s,True
lag_08__T_place_BACKOFA,-1.2903944934805622e-06,1.2903944934805622e-06,T_place_BACKOFA,False
lag_13__CT_mollies_last_5s,-1.2878075494882069e-06,1.2878075494882069e-06,CT_mollies_last_5s,True
lag_05__CT_place_UNKNOWN,-1.2811416354452376e-06,1.2811416354452376e-06,CT_place_UNKNOWN,False
lag_09__T_place_LOCKERROOM,-1.280165065509209e-06,1.280165065509209e-06,T_place_LOCKERROOM,False
lag_06__T_place_ENTRANCE,-1.2748089375236304e-06,1.2748089375236304e-06,T_place_ENTRANCE,False
lag_10__T_place_ENTRANCE,-1.2546589687190135e-06,1.2546589687190135e-06,T_place_ENTRANCE,False
lag_06__T_place_KITCHEN,-1.253751747753995e-06,1.253751747753995e-06,T_place_KITCHEN,False
lag_11__CT_place_UPSTAIRS,-1.2537223028630251e-06,1.2537223028630251e-06,CT_place_UPSTAIRS,False
lag_02__CT_place_STREET,-1.2510502074292162e-06,1.2510502074292162e-06,CT_place_STREET,False
lag_13__T_place_ENTRANCE,-1.250706077371433e-06,1.250706077371433e-06,T_place_ENTRANCE,False
lag_02__T_place_HUTROOF,-1.2500447610364063e-06,1.2500447610364063e-06,T_place_HUTROOF,False
lag_15__CT_place_STREET,-1.2467972965168883e-06,1.2467972965168883e-06,CT_place_STREET,False
lag_03__CT_place_STREET,-1.2459746585591347e-06,1.2459746585591347e-06,CT_place_STREET,False
lag_15__T_place_HUTROOF,-1.245794010173995e-06,1.245794010173995e-06,T_place_HUTROOF,False
lag_03__T_place_HUTROOF,-1.2449729638319695e-06,1.2449729638319695e-06,T_place_HUTROOF,False
lag_02__T_place_SCAFFOLDING,-1.2432875564627466e-06,1.2432875564627466e-06,T_place_SCAFFOLDING,False
lag_15__T_place_SCAFFOLDING,-1.2390590882205288e-06,1.2390590882205288e-06,T_place_SCAFFOLDING,False
lag_03__T_place_SCAFFOLDING,-1.2382424756651744e-06,1.2382424756651744e-06,T_place_SCAFFOLDING,False
lag_04__T_mollies_last_5s,-1.2354457794572227e-06,1.2354457794572227e-06,T_mollies_last_5s,True
lag_05__T_place_RAFTERS,-1.2348419886620832e-06,1.2348419886620832e-06,T_place_RAFTERS,False
lag_10__T_place_KITCHEN,-1.2339343129497138e-06,1.2339343129497138e-06,T_place_KITCHEN,False
lag_09__T_A_site_active_smokes,-1.2305285963520873e-06,1.2305285963520873e-06,T_A_site_active_smokes,True
lag_13__T_place_KITCHEN,-1.2300469052206608e-06,1.2300469052206608e-06,T_place_KITCHEN,False
lag_04__CT_place_SECONDMID,-1.2297815601414186e-06,1.2297815601414186e-06,CT_place_SECONDMID,False
lag_05__CT_place_GRAVEYARD,-1.2244011031725677e-06,1.2244011031725677e-06,CT_place_GRAVEYARD,False
lag_05__CT_place_LOWERMID,-1.2173469485787791e-06,1.2173469485787791e-06,CT_place_LOWERMID,False
lag_02__CT_mollies_last_5s,-1.2126009778512525e-06,1.2126009778512525e-06,CT_mollies_last_5s,True
lag_15__CT_mollies_last_5s,-1.2084775562470895e-06,1.2084775562470895e-06,CT_mollies_last_5s,True
lag_03__CT_mollies_last_5s,-1.2076811799488496e-06,1.2076811799488496e-06,CT_mollies_last_5s,True
lag_03__T1__has_helmet,1.193869934468239e-06,1.193869934468239e-06,T1__has_helmet,False
lag_09__CT_place_UPSTAIRS,-1.191767637465091e-06,1.191767637465091e-06,CT_place_UPSTAIRS,False
lag_04__CT_place_OUTSIDETUNNEL,-1.1867248304042732e-06,1.1867248304042732e-06,CT_place_OUTSIDETUNNEL,False
lag_05__CT_place_ROOF,-1.1849632528537768e-06,1.1849632528537768e-06,CT_place_ROOF,False
lag_06__T_place_LOCKERROOM,-1.183333324661362e-06,1.183333324661362e-06,T_place_LOCKERROOM,False
lag_02__T_place_ENTRANCE,-1.1776662631746149e-06,1.1776662631746149e-06,T_place_ENTRANCE,False
lag_11__T_place_BACKOFA,-1.1740918353098095e-06,1.1740918353098095e-06,T_place_BACKOFA,False
lag_15__T_place_ENTRANCE,-1.1736617580027087e-06,1.1736617580027087e-06,T_place_ENTRANCE,False
lag_03__T_place_ENTRANCE,-1.1728876643246622e-06,1.1728876643246622e-06,T_place_ENTRANCE,False
lag_04__T_place_RESTROOM,-1.1655361049633939e-06,1.1655361049633939e-06,T_place_RESTROOM,False
lag_10__T_place_LOCKERROOM,-1.1646285429378622e-06,1.1646285429378622e-06,T_place_LOCKERROOM,False
lag_01__T_place_CTSIDEUPPER,-1.1632877203737735e-06,1.1632877203737735e-06,T_place_CTSIDEUPPER,False
lag_04__T_place_DECK,-1.1624606486293487e-06,1.1624606486293487e-06,T_place_DECK,False
lag_01__CT_place_PIPE,-1.1616116353252437e-06,1.1616116353252437e-06,CT_place_PIPE,False
lag_13__T_place_LOCKERROOM,-1.1609595276240725e-06,1.1609595276240725e-06,T_place_LOCKERROOM,False
lag_02__T_place_KITCHEN,-1.1582136494325823e-06,1.1582136494325823e-06,T_place_KITCHEN,False
lag_15__T_place_KITCHEN,-1.1542754236870678e-06,1.1542754236870678e-06,T_place_KITCHEN,False
lag_03__T_place_KITCHEN,-1.1535147450558725e-06,1.1535147450558725e-06,T_place_KITCHEN,False
lag_02__CT_utility_damage_last_5s,-1.1534939403645694e-06,1.1534939403645694e-06,CT_utility_damage_last_5s,True
lag_05__CT_place_SIDE,-1.1494195177874644e-06,1.1494195177874644e-06,CT_place_SIDE,False
lag_04__CT_place_STORAGEROOM,-1.146345425695472e-06,1.146345425695472e-06,CT_place_STORAGEROOM,False
lag_03__CT2__shots_fired,-1.1425231605244335e-06,1.1425231605244335e-06,CT2__shots_fired,False
lag_01__CT_place_DUMPSTER,-1.141063421528088e-06,1.141063421528088e-06,CT_place_DUMPSTER,False
lag_05__CT_place_TSTAIRS,-1.1344105814714567e-06,1.1344105814714567e-06,CT_place_TSTAIRS,False
lag_01__CT_place_PLAYGROUND,-1.1332840585964732e-06,1.1332840585964732e-06,CT_place_PLAYGROUND,False
lag_01__CT_place_KITCHEN,-1.1316163863739348e-06,1.1316163863739348e-06,CT_place_KITCHEN,False
lag_12__T_place_CTSIDEUPPER,-1.1268743946857285e-06,1.1268743946857285e-06,T_place_CTSIDEUPPER,False
lag_14__T_place_CTSIDEUPPER,-1.1262704902037513e-06,1.1262704902037513e-06,T_place_CTSIDEUPPER,False
lag_12__CT_place_PIPE,-1.1252515150772524e-06,1.1252515150772524e-06,CT_place_PIPE,False
lag_14__CT_place_PIPE,-1.124648065342626e-06,1.124648065342626e-06,CT_place_PIPE,False
lag_07__T_place_CTSIDEUPPER,-1.1235724741709419e-06,1.1235724741709419e-06,T_place_CTSIDEUPPER,False
lag_07__CT_place_PIPE,-1.1219536872886238e-06,1.1219536872886238e-06,CT_place_PIPE,False
lag_09__T_place_BACKOFA,-1.1160731219206355e-06,1.1160731219206355e-06,T_place_BACKOFA,False
lag_08__T_place_CTSIDEUPPER,-1.114935571422393e-06,1.114935571422393e-06,T_place_CTSIDEUPPER,False
lag_08__CT_place_PIPE,-1.1133287216580356e-06,1.1133287216580356e-06,CT_place_PIPE,False
lag_12__CT_place_DUMPSTER,-1.1053457456000615e-06,1.1053457456000615e-06,CT_place_DUMPSTER,False
lag_14__CT_place_DUMPSTER,-1.10475252768083e-06,1.10475252768083e-06,CT_place_DUMPSTER,False
lag_07__CT_place_DUMPSTER,-1.1021060117855086e-06,1.1021060117855086e-06,CT_place_DUMPSTER,False
lag_06__CT_place_UPSTAIRS,-1.1016221606041654e-06,1.1016221606041654e-06,CT_place_UPSTAIRS,False
lag_12__CT_place_PLAYGROUND,-1.0978093314406578e-06,1.0978093314406578e-06,CT_place_PLAYGROUND,False
lag_14__CT_place_PLAYGROUND,-1.0972198651870713e-06,1.0972198651870713e-06,CT_place_PLAYGROUND,False
lag_11__CT_hp_sum,-1.0970960602207924e-06,1.0970960602207924e-06,CT_hp_sum,False
lag_12__CT_place_KITCHEN,-1.0961948646581732e-06,1.0961948646581732e-06,CT_place_KITCHEN,False
lag_14__CT_place_KITCHEN,-1.0956058531519375e-06,1.0956058531519375e-06,CT_place_KITCHEN,False
lag_04__T_place_QUAD,-1.0954507843052852e-06,1.0954507843052852e-06,T_place_QUAD,False
lag_07__CT_place_PLAYGROUND,-1.0945922213068116e-06,1.0945922213068116e-06,CT_place_PLAYGROUND,False
lag_08__CT_place_DUMPSTER,-1.0936346370726824e-06,1.0936346370726824e-06,CT_place_DUMPSTER,False
lag_02__T_place_LOCKERROOM,-1.093161472454085e-06,1.093161472454085e-06,T_place_LOCKERROOM,False
lag_07__CT_place_KITCHEN,-1.0929816198768094e-06,1.0929816198768094e-06,CT_place_KITCHEN,False
lag_15__T_place_LOCKERROOM,-1.0894440265474259e-06,1.0894440265474259e-06,T_place_LOCKERROOM,False
lag_03__T_place_LOCKERROOM,-1.088725639419863e-06,1.088725639419863e-06,T_place_LOCKERROOM,False
lag_08__CT_place_PLAYGROUND,-1.0861774626391707e-06,1.0861774626391707e-06,CT_place_PLAYGROUND,False
lag_08__CT_place_KITCHEN,-1.0845802762560197e-06,1.0845802762560197e-06,CT_place_KITCHEN,False
lag_10__CT_place_UPSTAIRS,-1.0842088613571832e-06,1.0842088613571832e-06,CT_place_UPSTAIRS,False
lag_13__CT_place_UPSTAIRS,-1.0807934813783504e-06,1.0807934813783504e-06,CT_place_UPSTAIRS,False
lag_04__T_place_LIBRARY,-1.0796483138619806e-06,1.0796483138619806e-06,T_place_LIBRARY,False
lag_05__CT_place_STREET,-1.0787342716866988e-06,1.0787342716866988e-06,CT_place_STREET,False
lag_05__T_place_HUTROOF,-1.077866386367532e-06,1.077866386367532e-06,T_place_HUTROOF,False
lag_09__T2__Y,-1.0731380370998522e-06,1.0731380370998522e-06,T2__Y,False
lag_05__T_place_SCAFFOLDING,-1.0720399359342991e-06,1.0720399359342991e-06,T_place_SCAFFOLDING,False
lag_04__T_place_ADMIN,-1.0638483445291058e-06,1.0638483445291058e-06,T_place_ADMIN,False
lag_04__T_place_HOLE,-1.055809661920648e-06,1.055809661920648e-06,T_place_HOLE,False
lag_04__T_place_HELL,-1.0534940884099342e-06,1.0534940884099342e-06,T_place_HELL,False
lag_04__T_place_ELECTRICALBOX,-1.0490134627616499e-06,1.0490134627616499e-06,T_place_ELECTRICALBOX,False
lag_05__CT_mollies_last_5s,-1.0455803476361325e-06,1.0455803476361325e-06,CT_mollies_last_5s,True
lag_01__T_place_BRICKS,-1.033376065606717e-06,1.033376065606717e-06,T_place_BRICKS,False
lag_06__T_place_BACKOFA,-1.031653482641559e-06,1.031653482641559e-06,T_place_BACKOFA,False
lag_02__CT_place_UPSTAIRS,-1.0176763680647127e-06,1.0176763680647127e-06,CT_place_UPSTAIRS,False
lag_05__T_place_ENTRANCE,-1.0154566325581982e-06,1.0154566325581982e-06,T_place_ENTRANCE,False
lag_10__T_place_BACKOFA,-1.0153454468309064e-06,1.0153454468309064e-06,T_place_BACKOFA,False
lag_11__T_place_CTSIDEUPPER,-1.0144470934392302e-06,1.0144470934392302e-06,T_place_CTSIDEUPPER,False
lag_15__CT_place_UPSTAIRS,-1.014216422845493e-06,1.014216422845493e-06,CT_place_UPSTAIRS,False
lag_03__CT_place_UPSTAIRS,-1.0135469210581505e-06,1.0135469210581505e-06,CT_place_UPSTAIRS,False
lag_11__CT_place_PIPE,-1.0129855354534811e-06,1.0129855354534811e-06,CT_place_PIPE,False
lag_13__T_place_BACKOFA,-1.012147208712122e-06,1.012147208712122e-06,T_place_BACKOFA,False
lag_04__CT_mean_Y,1.004130240289669e-06,1.004130240289669e-06,CT_mean_Y,False
lag_01__T_place_STORAGEROOM,-1.0025092933574342e-06,1.0025092933574342e-06,T_place_STORAGEROOM,False
lag_12__T_place_BRICKS,-1.0010296591644874e-06,1.0010296591644874e-06,T_place_BRICKS,False
lag_14__T_place_BRICKS,-1.0004920341089019e-06,1.0004920341089019e-06,T_place_BRICKS,False
lag_05__T_place_KITCHEN,-9.986844133891282e-07,9.986844133891282e-07,T_place_KITCHEN,False
lag_07__T_place_BRICKS,-9.98095629256568e-07,9.98095629256568e-07,T_place_BRICKS,False
lag_11__CT_place_DUMPSTER,-9.950661024049623e-07,9.950661024049623e-07,CT_place_DUMPSTER,False
lag_04__CT_place_UNKNOWN,-9.922480330715189e-07,9.922480330715189e-07,CT_place_UNKNOWN,False
lag_08__T_place_BRICKS,-9.90422904578736e-07,9.90422904578736e-07,T_place_BRICKS,False
lag_11__CT_place_PLAYGROUND,-9.882817266770871e-07,9.882817266770871e-07,CT_place_PLAYGROUND,False
lag_11__CT_place_KITCHEN,-9.868281267699786e-07,9.868281267699786e-07,CT_place_KITCHEN,False
lag_08__T2__Y,9.805307854549028e-07,9.805307854549028e-07,T2__Y,False
lag_05__T4__is_walking,-9.752515097716241e-07,9.752515097716241e-07,T4__is_walking,False
lag_12__T_place_STORAGEROOM,-9.711294524095138e-07,9.711294524095138e-07,T_place_STORAGEROOM,False
lag_14__T_place_STORAGEROOM,-9.70607857198047e-07,9.70607857198047e-07,T_place_STORAGEROOM,False
lag_07__T_place_STORAGEROOM,-9.6828296136664e-07,9.6828296136664e-07,T_place_STORAGEROOM,False
lag_00__CT_flash_inv,-9.651246273278957e-07,9.651246273278957e-07,CT_flash_inv,True
lag_09__T_place_CTSIDEUPPER,-9.643169960327214e-07,9.643169960327214e-07,T_place_CTSIDEUPPER,False
lag_09__CT_place_PIPE,-9.629271744415746e-07,9.629271744415746e-07,CT_place_PIPE,False
lag_08__T_place_STORAGEROOM,-9.608394293536549e-07,9.608394293536549e-07,T_place_STORAGEROOM,False
lag_01__T_place_CRANE,-9.588601415089215e-07,9.588601415089215e-07,T_place_CRANE,False
lag_15__T_bomb_carrier_alive,-9.578303661328391e-07,9.578303661328391e-07,T_bomb_carrier_alive,False
lag_04__T_place_RAFTERS,-9.563898402120685e-07,9.563898402120685e-07,T_place_RAFTERS,False
lag_02__T_place_BACKOFA,-9.530390343570616e-07,9.530390343570616e-07,T_place_BACKOFA,False
lag_15__T_place_BACKOFA,-9.497985615780635e-07,9.497985615780635e-07,T_place_BACKOFA,False
lag_03__T_place_BACKOFA,-9.491722039456363e-07,9.491722039456363e-07,T_place_BACKOFA,False
lag_04__CT_place_GRAVEYARD,-9.483024996370659e-07,9.483024996370659e-07,CT_place_GRAVEYARD,False
lag_09__CT_place_DUMPSTER,-9.458933618589072e-07,9.458933618589072e-07,CT_place_DUMPSTER,False
lag_04__CT_place_LOWERMID,-9.428387670595839e-07,9.428387670595839e-07,CT_place_LOWERMID,False
lag_05__T_place_LOCKERROOM,-9.425917255612148e-07,9.425917255612148e-07,T_place_LOCKERROOM,False
lag_09__CT_place_PLAYGROUND,-9.394444759891485e-07,9.394444759891485e-07,CT_place_PLAYGROUND,False
lag_09__CT_place_KITCHEN,-9.380626124766422e-07,9.380626124766422e-07,CT_place_KITCHEN,False
lag_12__T_place_CRANE,-9.288460205425508e-07,9.288460205425508e-07,T_place_CRANE,False
lag_14__T_place_CRANE,-9.28347333228885e-07,9.28347333228885e-07,T_place_CRANE,False
lag_07__T_place_CRANE,-9.26124073430401e-07,9.26124073430401e-07,T_place_CRANE,False
lag_08__T_place_CRANE,-9.190045489049226e-07,9.190045489049226e-07,T_place_CRANE,False
lag_04__CT_place_ROOF,-9.177576316687919e-07,9.177576316687919e-07,CT_place_ROOF,False
lag_11__T_place_BRICKS,-9.011573638417758e-07,9.011573638417758e-07,T_place_BRICKS,False
lag_06__T_place_CTSIDEUPPER,-8.913754072636948e-07,8.913754072636948e-07,T_place_CTSIDEUPPER,False
lag_04__CT_place_SIDE,-8.902295007828798e-07,8.902295007828798e-07,CT_place_SIDE,False
lag_06__CT_place_PIPE,-8.900912575882103e-07,8.900912575882103e-07,CT_place_PIPE,False
lag_00__CT2__X,8.839324436848983e-07,8.839324436848983e-07,CT2__X,False
lag_14__CT1__flash,8.792325729700678e-07,8.792325729700678e-07,CT1__flash,True
lag_04__CT_place_TSTAIRS,-8.786046237219125e-07,8.786046237219125e-07,CT_place_TSTAIRS,False
lag_05__CT_place_UPSTAIRS,-8.775043625064427e-07,8.775043625064427e-07,CT_place_UPSTAIRS,False
lag_10__T_place_CTSIDEUPPER,-8.772855721872475e-07,8.772855721872475e-07,T_place_CTSIDEUPPER,False
lag_10__CT_place_PIPE,-8.76021829299134e-07,8.76021829299134e-07,CT_place_PIPE,False
lag_07__T1__alive,8.745448667468736e-07,8.745448667468736e-07,T1__alive,False
lag_13__T_place_CTSIDEUPPER,-8.745221293793293e-07,8.745221293793293e-07,T_place_CTSIDEUPPER,False
lag_06__CT_place_DUMPSTER,-8.743459147808608e-07,8.743459147808608e-07,CT_place_DUMPSTER,False
lag_11__T_place_STORAGEROOM,-8.742402428651985e-07,8.742402428651985e-07,T_place_STORAGEROOM,False
lag_13__CT_place_PIPE,-8.732618539397663e-07,8.732618539397663e-07,CT_place_PIPE,False
lag_06__CT_place_PLAYGROUND,-8.683842906975769e-07,8.683842906975769e-07,CT_place_PLAYGROUND,False
lag_06__CT_place_KITCHEN,-8.671070759191934e-07,8.671070759191934e-07,CT_place_KITCHEN,False
lag_10__CT_place_DUMPSTER,-8.605252901361382e-07,8.605252901361382e-07,CT_place_DUMPSTER,False
lag_13__CT_place_DUMPSTER,-8.578139727433154e-07,8.578139727433154e-07,CT_place_DUMPSTER,False
lag_09__T_place_BRICKS,-8.566250357944227e-07,8.566250357944227e-07,T_place_BRICKS,False
lag_10__CT_place_PLAYGROUND,-8.54658139815001e-07,8.54658139815001e-07,CT_place_PLAYGROUND,False
lag_10__CT_place_KITCHEN,-8.534009907634754e-07,8.534009907634754e-07,CT_place_KITCHEN,False
lag_13__CT_place_PLAYGROUND,-8.519659786543343e-07,8.519659786543343e-07,CT_place_PLAYGROUND,False
lag_13__CT_place_KITCHEN,-8.507129791723855e-07,8.507129791723855e-07,CT_place_KITCHEN,False
lag_11__T_place_CRANE,-8.361755021724093e-07,8.361755021724093e-07,T_place_CRANE,False
lag_04__CT_place_STREET,-8.354829219570092e-07,8.354829219570092e-07,CT_place_STREET,False
lag_04__T_place_HUTROOF,-8.348110327460745e-07,8.348110327460745e-07,T_place_HUTROOF,False
lag_02__CT3__armor,-8.338744805769238e-07,8.338744805769238e-07,CT3__armor,False
lag_09__T_place_STORAGEROOM,-8.310382781928638e-07,8.310382781928638e-07,T_place_STORAGEROOM,False
lag_04__T_place_SCAFFOLDING,-8.302987453134847e-07,8.302987453134847e-07,T_place_SCAFFOLDING,False
lag_02__T_place_CTSIDEUPPER,-8.234507617999043e-07,8.234507617999043e-07,T_place_CTSIDEUPPER,False
lag_02__CT_place_PIPE,-8.222644964916981e-07,8.222644964916981e-07,CT_place_PIPE,False
lag_05__T_place_BACKOFA,-8.217697313739336e-07,8.217697313739336e-07,T_place_BACKOFA,False
lag_15__T_place_CTSIDEUPPER,-8.206511097341718e-07,8.206511097341718e-07,T_place_CTSIDEUPPER,False
lag_03__T_place_CTSIDEUPPER,-8.201101309168735e-07,8.201101309168735e-07,T_place_CTSIDEUPPER,False
lag_15__CT_place_PIPE,-8.194683687179349e-07,8.194683687179349e-07,CT_place_PIPE,False
lag_03__CT_place_PIPE,-8.189282993953384e-07,8.189282993953384e-07,CT_place_PIPE,False
lag_01__CT3__armor,-8.168628369276121e-07,8.168628369276121e-07,CT3__armor,False
lag_15__T2__flash_duration,-8.146251957441564e-07,8.146251957441564e-07,T2__flash_duration,True
lag_09__CT2__shots_fired,-8.118754522001836e-07,8.118754522001836e-07,CT2__shots_fired,False
lag_04__CT_mollies_last_5s,-8.098057833194616e-07,8.098057833194616e-07,CT_mollies_last_5s,True
lag_01__CT_place_SILO,-8.088910021797346e-07,8.088910021797346e-07,CT_place_SILO,False
lag_02__CT_place_DUMPSTER,-8.077190614130814e-07,8.077190614130814e-07,CT_place_DUMPSTER,False
lag_15__CT_place_DUMPSTER,-8.04972842161078e-07,8.04972842161078e-07,CT_place_DUMPSTER,False
lag_03__CT_place_DUMPSTER,-8.044420383157558e-07,8.044420383157558e-07,CT_place_DUMPSTER,False
lag_02__CT_place_PLAYGROUND,-8.022120141504274e-07,8.022120141504274e-07,CT_place_PLAYGROUND,False
lag_02__CT_place_KITCHEN,-8.010324563656468e-07,8.010324563656468e-07,CT_place_KITCHEN,False
lag_15__CT_place_PLAYGROUND,-7.994844963832293e-07,7.994844963832293e-07,CT_place_PLAYGROUND,False
lag_03__CT_place_PLAYGROUND,-7.98957387360133e-07,7.98957387360133e-07,CT_place_PLAYGROUND,False
lag_15__CT_place_KITCHEN,-7.983080081430671e-07,7.983080081430671e-07,CT_place_KITCHEN,False
lag_03__CT_place_KITCHEN,-7.977819223015103e-07,7.977819223015103e-07,CT_place_KITCHEN,False
lag_09__T_place_CRANE,-7.948547136038542e-07,7.948547136038542e-07,T_place_CRANE,False
lag_06__T_place_BRICKS,-7.918297910691763e-07,7.918297910691763e-07,T_place_BRICKS,False
lag_04__T_place_ENTRANCE,-7.864742883612053e-07,7.864742883612053e-07,T_place_ENTRANCE,False
lag_05__T1__flash,-7.859198376536369e-07,7.859198376536369e-07,T1__flash,True
lag_12__CT_place_SILO,-7.835710675863083e-07,7.835710675863083e-07,CT_place_SILO,False
lag_14__CT_place_SILO,-7.831502557564818e-07,7.831502557564818e-07,CT_place_SILO,False
lag_07__CT_place_SILO,-7.812747639945883e-07,7.812747639945883e-07,CT_place_SILO,False
lag_10__T_place_BRICKS,-7.793136660438904e-07,7.793136660438904e-07,T_place_BRICKS,False
lag_13__T_place_BRICKS,-7.768584282530355e-07,7.768584282530355e-07,T_place_BRICKS,False
lag_08__CT_place_SILO,-7.752689157314308e-07,7.752689157314308e-07,CT_place_SILO,False
lag_04__T_place_KITCHEN,-7.734846576568088e-07,7.734846576568088e-07,T_place_KITCHEN,False
lag_06__T_place_STORAGEROOM,-7.68178097132477e-07,7.68178097132477e-07,T_place_STORAGEROOM,False
lag_09__CT3__armor,-7.595760962431086e-07,7.595760962431086e-07,CT3__armor,False
lag_10__T_place_STORAGEROOM,-7.560358312730386e-07,7.560358312730386e-07,T_place_STORAGEROOM,False
lag_13__T_place_STORAGEROOM,-7.536543193964462e-07,7.536543193964462e-07,T_place_STORAGEROOM,False
lag_12__CT3__armor,-7.496622629332705e-07,7.496622629332705e-07,CT3__armor,False
lag_06__T_place_CRANE,-7.347317705352907e-07,7.347317705352907e-07,T_place_CRANE,False
lag_02__T_place_BRICKS,-7.314914114431303e-07,7.314914114431303e-07,T_place_BRICKS,False
lag_04__T_place_LOCKERROOM,-7.300404831767082e-07,7.300404831767082e-07,T_place_LOCKERROOM,False
lag_15__T_place_BRICKS,-7.290036592166871e-07,7.290036592166871e-07,T_place_BRICKS,False
lag_03__T_place_BRICKS,-7.285227638931246e-07,7.285227638931246e-07,T_place_BRICKS,False
lag_10__T_place_CRANE,-7.23118091627839e-07,7.23118091627839e-07,T_place_CRANE,False
lag_13__T_place_CRANE,-7.208402053038299e-07,7.208402053038299e-07,T_place_CRANE,False
lag_01__CT5__flash,-7.191060831246432e-07,7.191060831246432e-07,CT5__flash,True
lag_05__T_place_CTSIDEUPPER,-7.100311449903529e-07,7.100311449903529e-07,T_place_CTSIDEUPPER,False
lag_02__T_place_STORAGEROOM,-7.096416538843187e-07,7.096416538843187e-07,T_place_STORAGEROOM,False
lag_05__CT_place_PIPE,-7.090076792337641e-07,7.090076792337641e-07,CT_place_PIPE,False
lag_15__T_place_STORAGEROOM,-7.072285370668396e-07,7.072285370668396e-07,T_place_STORAGEROOM,False
lag_03__T_place_STORAGEROOM,-7.06762421032181e-07,7.06762421032181e-07,T_place_STORAGEROOM,False
lag_11__CT_place_SILO,-7.053946546875522e-07,7.053946546875522e-07,CT_place_SILO,False
lag_01__seconds_in_round,-6.971548032197461e-07,6.971548032197461e-07,seconds_in_round,False
lag_05__CT_place_DUMPSTER,-6.964658041397342e-07,6.964658041397342e-07,CT_place_DUMPSTER,False
lag_05__CT_place_PLAYGROUND,-6.917174459886155e-07,6.917174459886155e-07,CT_place_PLAYGROUND,False
lag_05__CT_place_KITCHEN,-6.907001761646825e-07,6.907001761646825e-07,CT_place_KITCHEN,False
lag_04__CT_place_UPSTAIRS,-6.796294087507704e-07,6.796294087507704e-07,CT_place_UPSTAIRS,False
lag_02__T_place_CRANE,-6.787442430322699e-07,6.787442430322699e-07,T_place_CRANE,False
lag_05__CT_flash_inv,-6.770958975721442e-07,6.770958975721442e-07,CT_flash_inv,True
lag_15__T_place_CRANE,-6.76436002322589e-07,6.76436002322589e-07,T_place_CRANE,False
lag_03__T_place_CRANE,-6.759902930753015e-07,6.759902930753015e-07,T_place_CRANE,False
lag_09__CT_place_SILO,-6.705366217829578e-07,6.705366217829578e-07,CT_place_SILO,False
lag_04__T_place_BACKOFA,-6.364629712152237e-07,6.364629712152237e-07,T_place_BACKOFA,False
lag_05__T_place_BRICKS,-6.307371336333745e-07,6.307371336333745e-07,T_place_BRICKS,False
lag_06__CT_place_SILO,-6.198167170623492e-07,6.198167170623492e-07,CT_place_SILO,False
lag_05__T_place_STORAGEROOM,-6.118976330071746e-07,6.118976330071746e-07,T_place_STORAGEROOM,False
lag_10__CT_place_SILO,-6.10019299074338e-07,6.10019299074338e-07,CT_place_SILO,False
lag_13__CT_place_SILO,-6.080981620470993e-07,6.080981620470993e-07,CT_place_SILO,False
lag_05__T_place_CRANE,-5.852558615515591e-07,5.852558615515591e-07,T_place_CRANE,False
lag_13__T2__Y,-5.753703931077325e-07,5.753703931077325e-07,T2__Y,False
lag_02__CT_place_SILO,-5.72585861391417e-07,5.72585861391417e-07,CT_place_SILO,False
lag_15__CT_place_SILO,-5.706387469217589e-07,5.706387469217589e-07,CT_place_SILO,False
lag_03__CT_place_SILO,-5.702628413928323e-07,5.702628413928323e-07,CT_place_SILO,False
lag_09__T1__X,5.511515155376401e-07,5.511515155376401e-07,T1__X,False
lag_04__T_place_CTSIDEUPPER,-5.499214807969111e-07,5.499214807969111e-07,T_place_CTSIDEUPPER,False
lag_04__CT_place_PIPE,-5.491285719472216e-07,5.491285719472216e-07,CT_place_PIPE,False
lag_04__CT_place_DUMPSTER,-5.394153390625434e-07,5.394153390625434e-07,CT_place_DUMPSTER,False
lag_04__CT_place_PLAYGROUND,-5.357376835490868e-07,5.357376835490868e-07,CT_place_PLAYGROUND,False
lag_04__CT_place_KITCHEN,-5.349491516426497e-07,5.349491516426497e-07,CT_place_KITCHEN,False
lag_02__CT_macro_B,-5.193822403271042e-07,5.193822403271042e-07,CT_macro_B,False
lag_02__CT_place_BOMBSITEB,-5.193822403271042e-07,5.193822403271042e-07,CT_place_BOMBSITEB,False
lag_07__CT_armor_sum,-5.185610234548221e-07,5.185610234548221e-07,CT_armor_sum,False
lag_13__CT_hp_sum,-4.989449848835648e-07,4.989449848835648e-07,CT_hp_sum,False
lag_05__CT_place_SILO,-4.937189714837587e-07,4.937189714837587e-07,CT_place_SILO,False
lag_04__T_place_BRICKS,-4.885076805294375e-07,4.885076805294375e-07,T_place_BRICKS,False
lag_04__T1__molly,-4.822348955713096e-07,4.822348955713096e-07,T1__molly,True
lag_04__T_place_STORAGEROOM,-4.7391631596838124e-07,4.7391631596838124e-07,T_place_STORAGEROOM,False
lag_03__CT4__flash,-4.6153732569109707e-07,4.6153732569109707e-07,CT4__flash,True
lag_01__CT_place_DECK,-4.5737436948911636e-07,4.5737436948911636e-07,CT_place_DECK,False
lag_04__T_place_CRANE,-4.532823822955834e-07,4.532823822955834e-07,T_place_CRANE,False
lag_08__T1__alive,4.495985592711804e-07,4.495985592711804e-07,T1__alive,False
lag_12__CT_place_DECK,-4.430578144365427e-07,4.430578144365427e-07,CT_place_DECK,False
lag_14__CT_place_DECK,-4.428198110417725e-07,4.428198110417725e-07,CT_place_DECK,False
lag_07__CT_place_DECK,-4.417590275807015e-07,4.417590275807015e-07,CT_place_DECK,False
lag_08__CT_place_DECK,-4.3836320173795684e-07,4.3836320173795684e-07,CT_place_DECK,False
lag_11__CT_place_DECK,-3.9885392766336736e-07,3.9885392766336736e-07,CT_place_DECK,False
lag_04__CT_place_SILO,-3.8238709976212704e-07,3.8238709976212704e-07,CT_place_SILO,False
lag_09__CT_place_DECK,-3.7914401218586136e-07,3.7914401218586136e-07,CT_place_DECK,False
lag_00__CT_hp_sum,3.721845303061855e-07,3.721845303061855e-07,CT_hp_sum,False
lag_06__CT_place_DECK,-3.504654841890442e-07,3.504654841890442e-07,CT_place_DECK,False
lag_10__CT_place_DECK,-3.44925666695417e-07,3.44925666695417e-07,CT_place_DECK,False
lag_13__CT_place_DECK,-3.4383916158731154e-07,3.4383916158731154e-07,CT_place_DECK,False
lag_03__T1__armor,-3.4133691428905877e-07,3.4133691428905877e-07,T1__armor,False
lag_08__CT3__armor,3.3732760584825883e-07,3.3732760584825883e-07,CT3__armor,False
lag_02__CT3__hp,-3.2923551884778135e-07,3.2923551884778135e-07,CT3__hp,False
lag_02__CT_place_DECK,-3.237593091398594e-07,3.237593091398594e-07,CT_place_DECK,False
lag_15__CT_place_DECK,-3.22658479490201e-07,3.22658479490201e-07,CT_place_DECK,False
lag_03__CT_place_DECK,-3.2244588510366157e-07,3.2244588510366157e-07,CT_place_DECK,False
lag_05__CT_place_DECK,-2.7916559020013665e-07,2.7916559020013665e-07,CT_place_DECK,False
lag_07__T4__utility_total,2.394932039351261e-07,2.394932039351261e-07,T4__utility_total,True
lag_06__T_B_site_active_smokes,-2.38084936654559e-07,2.38084936654559e-07,T_B_site_active_smokes,True
lag_04__CT_place_DECK,-2.162146159889744e-07,2.162146159889744e-07,CT_place_DECK,False
lag_14__CT4__molly,2.0674222867000935e-07,2.0674222867000935e-07,CT4__molly,True
lag_09__CT_macro_OTHER,2.0410627143974125e-07,2.0410627143974125e-07,CT_macro_OTHER,False
lag_13__closest_enemy_dist_diff,1.986046385127338e-07,1.986046385127338e-07,closest_enemy_dist_diff,False
lag_00__CT_place_BOMBSITEB,-1.8173864191339817e-07,1.8173864191339817e-07,CT_place_BOMBSITEB,False
lag_00__CT_macro_B,-1.8173864191339817e-07,1.8173864191339817e-07,CT_macro_B,False
lag_04__CT3__duck_amount,-1.4835620731901145e-07,1.4835620731901145e-07,CT3__duck_amount,False
lag_01__T1__armor,-1.2435761220785935e-07,1.2435761220785935e-07,T1__armor,False
lag_10__utility_inv_diff,-1.0628141922097711e-07,1.0628141922097711e-07,utility_inv_diff,True
lag_00__CT4__has_defuser,-9.930555683324016e-11,9.930555683324016e-11,CT4__has_defuser,False
lag_00__CT2__molly,6.454856094073591e-11,6.454856094073591e-11,CT2__molly,True
lag_00__CT3__has_defuser,-4.468746900299081e-11,4.468746900299081e-11,CT3__has_defuser,False
lag_00__CT2__has_defuser,-4.468746900299081e-11,4.468746900299081e-11,CT2__has_defuser,False
lag_00__CT5__has_defuser,-4.468746900299081e-11,4.468746900299081e-11,CT5__has_defuser,False
lag_00__CT4__has_helmet,3.9722187344937154e-11,3.9722187344937154e-11,CT4__has_helmet,False
lag_00__CT5__smoke,3.9722187344937154e-11,3.9722187344937154e-11,CT5__smoke,True
lag_00__CT2__has_helmet,3.4756936911906067e-11,3.4756936911906067e-11,CT2__has_helmet,False
lag_00__CT2__flash,-3.4756936911906067e-11,3.4756936911906067e-11,CT2__flash,True
lag_00__CT2__hp,2.7309002281761252e-11,2.7309002281761252e-11,CT2__hp,False
lag_00__T2__has_helmet,2.4826390943033516e-11,2.4826390943033516e-11,T2__has_helmet,False
lag_00__CT4__armor,2.482638920831004e-11,2.482638920831004e-11,CT4__armor,False
lag_00__CT_A_site_active_smokes,-2.482638920831004e-11,2.482638920831004e-11,CT_A_site_active_smokes,True
lag_00__CT3__alive,2.482638920831004e-11,2.482638920831004e-11,CT3__alive,False
lag_00__CT4__is_scoped,2.110240628072635e-11,2.110240628072635e-11,CT4__is_scoped,False
lag_00__CT5__alive,-1.9861093672468577e-11,1.9861093672468577e-11,CT5__alive,False
lag_00__CT4__smoke,1.9861093672468577e-11,1.9861093672468577e-11,CT4__smoke,True
lag_00__T2__shots_fired,-1.8619772390593425e-11,1.8619772390593425e-11,T2__shots_fired,False
lag_00__CT_place_MIDDLE,-1.8619772390593425e-11,1.8619772390593425e-11,CT_place_MIDDLE,False
lag_00__CT_active_smokes,1.7378468455953033e-11,1.7378468455953033e-11,CT_active_smokes,True
lag_00__CT2__alive,-1.7378468455953033e-11,1.7378468455953033e-11,CT2__alive,False
lag_00__T2__alive,-1.7378459782335653e-11,1.7378459782335653e-11,T2__alive,False
lag_00__T4__smoke,1.489581721858535e-11,1.489581721858535e-11,T4__smoke,True
lag_00__T3__has_bomb,-1.489581721858535e-11,1.489581721858535e-11,T3__has_bomb,False
lag_00__CT3__smoke,1.4895813749138398e-11,1.4895813749138398e-11,CT3__smoke,True
lag_00__bomb_planted,1.3654502008242364e-11,1.3654502008242364e-11,bomb_planted,False
lag_00__T4__is_scoped,-1.3654502008242364e-11,1.3654502008242364e-11,T4__is_scoped,False
lag_00__CT_place_UNDERA,1.3654501140880626e-11,1.3654501140880626e-11,CT_place_UNDERA,False
lag_00__T2__armor,-1.2413195471516758e-11,1.2413195471516758e-11,T2__armor,False
lag_00__T_place_BOMBSITEB,-1.2413195471516758e-11,1.2413195471516758e-11,T_place_BOMBSITEB,False
lag_00__T_place_UNDERPASS,-1.2413195471516758e-11,1.2413195471516758e-11,T_place_UNDERPASS,False
lag_00__T_macro_B,-1.2413195471516758e-11,1.2413195471516758e-11,T_macro_B,False
lag_00__CT5__is_scoped,1.241319460415502e-11,1.241319460415502e-11,CT5__is_scoped,False
lag_00__T_place_RUINS,-1.1792530493770492e-11,1.1792530493770492e-11,T_place_RUINS,False
lag_00__CT_place_BDOORS,-1.1792520085429636e-11,1.1792520085429636e-11,CT_place_BDOORS,False
lag_00__CT3__shots_fired,1.1171867250747702e-11,1.1171867250747702e-11,CT3__shots_fired,False
lag_00__CT_place_OUTSIDE,-1.1171867250747702e-11,1.1171867250747702e-11,CT_place_OUTSIDE,False
lag_00__T_scoped_count,-1.1171862913939012e-11,1.1171862913939012e-11,T_scoped_count,False
lag_00__CT_place_BALCONY,1.055120921189534e-11,1.055120921189534e-11,CT_place_BALCONY,False
lag_00__CT_place_PALACEINTERIOR,1.0551203140363175e-11,1.0551203140363175e-11,CT_place_PALACEINTERIOR,False
lag_00__T2__hp,-9.930556377213406e-12,9.930556377213406e-12,T2__hp,False
lag_00__T_place_BANANA,-9.930556377213406e-12,9.930556377213406e-12,T_place_BANANA,False
lag_00__T_flash_alpha_mean,9.930556377213406e-12,9.930556377213406e-12,T_flash_alpha_mean,True
lag_00__CT_place_MIDDOORS,9.930546836234289e-12,9.930546836234289e-12,CT_place_MIDDOORS,False
lag_00__CT4__hp,-9.930546836234289e-12,9.930546836234289e-12,CT4__hp,False
lag_00__CT_place_CONNECTOR,9.930546836234289e-12,9.930546836234289e-12,CT_place_CONNECTOR,False
lag_00__CT_place_RAMP,-9.930546836234289e-12,9.930546836234289e-12,CT_place_RAMP,False
lag_00__T_place_UPPERTUNNEL,-9.309893134190617e-12,9.309893134190617e-12,T_place_UPPERTUNNEL,False
lag_00__T_place_TMAIN,-8.68923683006173e-12,8.68923683006173e-12,T_place_TMAIN,False
lag_00__CT_place_HEAVEN,8.689234227976517e-12,8.689234227976517e-12,CT_place_HEAVEN,False
lag_00__CT4__shots_fired,8.689234227976517e-12,8.689234227976517e-12,CT4__shots_fired,False
lag_00__CT1__is_scoped,-8.689234227976517e-12,8.689234227976517e-12,CT1__is_scoped,False
lag_00__T5__is_scoped,8.689234227976517e-12,8.689234227976517e-12,T5__is_scoped,False
lag_00__T5__has_bomb,8.689234227976517e-12,8.689234227976517e-12,T5__has_bomb,False
lag_00__T3__is_scoped,8.689229891167827e-12,8.689229891167827e-12,T3__is_scoped,False
lag_00__CT_macro_MID,8.689229891167827e-12,8.689229891167827e-12,CT_macro_MID,False
lag_00__T_place_APARTMENTS,8.689229891167827e-12,8.689229891167827e-12,T_place_APARTMENTS,False
lag_00__T_place_CANAL,8.068577056485893e-12,8.068577056485893e-12,T_place_CANAL,False
lag_00__T_place_PALACEALLEY,8.068570117591989e-12,8.068570117591989e-12,T_place_PALACEALLEY,False
lag_00__CT_place_WATER,8.068570117591989e-12,8.068570117591989e-12,CT_place_WATER,False
lag_00__CT_place_SIDEENTRANCE,-8.068570117591989e-12,8.068570117591989e-12,CT_place_SIDEENTRANCE,False
lag_00__CT_place_ALLEY,8.068570117591989e-12,8.068570117591989e-12,CT_place_ALLEY,False
lag_00__CT_place_SIDEHALL,8.068570117591989e-12,8.068570117591989e-12,CT_place_SIDEHALL,False
lag_00__CT_place_LONGA,8.068570117591989e-12,8.068570117591989e-12,CT_place_LONGA,False
lag_00__T_place_LONGA,-7.758241965527546e-12,7.758241965527546e-12,T_place_LONGA,False
lag_00__T1__has_bomb,7.447908609292675e-12,7.447908609292675e-12,T1__has_bomb,False
lag_00__T_place_LOWERMID,7.447908609292675e-12,7.447908609292675e-12,T_place_LOWERMID,False
lag_00__CT_place_PIT,7.447908609292675e-12,7.447908609292675e-12,CT_place_PIT,False
lag_00__T3__flash_duration,7.447908609292675e-12,7.447908609292675e-12,T3__flash_duration,True
lag_00__CT_B_site_active_smokes,-7.447906874569199e-12,7.447906874569199e-12,CT_B_site_active_smokes,True
lag_00__CT_place_TUNNELS,7.447906874569199e-12,7.447906874569199e-12,CT_place_TUNNELS,False
lag_00__CT3__has_helmet,7.447906874569199e-12,7.447906874569199e-12,CT3__has_helmet,False
lag_00__T_place_MAINHALL,7.447906874569199e-12,7.447906874569199e-12,T_place_MAINHALL,False
lag_00__T_place_FOUNTAIN,7.13758566139866e-12,7.13758566139866e-12,T_place_FOUNTAIN,False
lag_00__CT_place_ARCH,6.827251004121182e-12,6.827251004121182e-12,CT_place_ARCH,False
lag_00__T_place_TRAMP,6.827251004121182e-12,6.827251004121182e-12,T_place_TRAMP,False
lag_00__T_place_TSIDEUPPER,-6.827250570440313e-12,6.827250570440313e-12,T_place_TSIDEUPPER,False
lag_00__CT4__flash_duration,6.827250570440313e-12,6.827250570440313e-12,CT4__flash_duration,True
lag_00__T_place_ALLEY,6.827250570440313e-12,6.827250570440313e-12,T_place_ALLEY,False
lag_00__CT_place_STAIRS,-6.827250570440313e-12,6.827250570440313e-12,CT_place_STAIRS,False
lag_00__CT_place_LOWERTUNNEL,-6.516924153099346e-12,6.516924153099346e-12,CT_place_LOWERTUNNEL,False
lag_00__T_place_VENDING,6.20659730207751e-12,6.20659730207751e-12,T_place_VENDING,False
lag_00__T_place_TROPHY,6.20659730207751e-12,6.20659730207751e-12,T_place_TROPHY,False
lag_00__T_place_SILO,-6.20659730207751e-12,6.20659730207751e-12,T_place_SILO,False
lag_00__T_place_SQUEAKY,6.20659730207751e-12,6.20659730207751e-12,T_place_SQUEAKY,False
lag_00__CT3__flash_duration,-6.20659730207751e-12,6.20659730207751e-12,CT3__flash_duration,True
lag_00__T_place_OUTSIDELONG,6.20659730207751e-12,6.20659730207751e-12,T_place_OUTSIDELONG,False
lag_00__CT_place_LOBBY,-6.20659730207751e-12,6.20659730207751e-12,CT_place_LOBBY,False
lag_00__T_flashes_last_5s,5.896265246885246e-12,5.896265246885246e-12,T_flashes_last_5s,True
lag_00__CT_place_BACKOFB,-5.585936227459065e-12,5.585936227459065e-12,CT_place_BACKOFB,False
lag_00__CT_place_HOUSE,-5.585933625373851e-12,5.585933625373851e-12,CT_place_HOUSE,False
lag_00__CT5__flash_duration,5.585933625373851e-12,5.585933625373851e-12,CT5__flash_duration,True
lag_00__CT_place_GARAGE,-5.585933625373851e-12,5.585933625373851e-12,CT_place_GARAGE,False
lag_00__CT_flash_alpha_mean,5.585931456969506e-12,5.585931456969506e-12,CT_flash_alpha_mean,True
lag_00__CT_place_CANAL,-5.27560460594767e-12,5.27560460594767e-12,CT_place_CANAL,False
lag_00__T_place_STREET,5.27560460594767e-12,5.27560460594767e-12,T_place_STREET,False
lag_00__CT_place_TMAIN,5.27560460594767e-12,5.27560460594767e-12,CT_place_TMAIN,False
lag_00__T_place_SIDEHALL,-5.275601570181587e-12,5.275601570181587e-12,T_place_SIDEHALL,False
lag_00__T_place_CTSPAWN,4.965278188606703e-12,4.965278188606703e-12,T_place_CTSPAWN,False
lag_00__CT_place_BANANA,-4.965278188606703e-12,4.965278188606703e-12,CT_place_BANANA,False
lag_00__CT_place_WALKWAY,4.965274719159751e-12,4.965274719159751e-12,CT_place_WALKWAY,False
lag_00__T_place_RAMP,-4.965273418117144e-12,4.965273418117144e-12,T_place_RAMP,False
lag_00__CT_place_HUT,-4.965273418117144e-12,4.965273418117144e-12,CT_place_HUT,False
lag_00__CT_place_LONGDOORS,-4.965273418117144e-12,4.965273418117144e-12,CT_place_LONGDOORS,False
lag_00__T_A_site_active_infernos,4.965273418117144e-12,4.965273418117144e-12,T_A_site_active_infernos,True
lag_00__T_place_LOBBY,4.965273418117144e-12,4.965273418117144e-12,T_place_LOBBY,False
lag_00__T_place_LOWERTUNNEL,-4.965273418117144e-12,4.965273418117144e-12,T_place_LOWERTUNNEL,False
lag_00__T_place_MIDDOORS,-4.965273418117144e-12,4.965273418117144e-12,T_place_MIDDOORS,False
lag_00__T_place_SHORTSTAIRS,4.965273418117144e-12,4.965273418117144e-12,T_place_SHORTSTAIRS,False
lag_00__CT_place_VENTS,-4.654946567095308e-12,4.654946567095308e-12,CT_place_VENTS,False
lag_00__CT_place_BACKOFA,-4.654946567095308e-12,4.654946567095308e-12,CT_place_BACKOFA,False
lag_00__T_place_SECRET,-4.654946567095308e-12,4.654946567095308e-12,T_place_SECRET,False
lag_00__T_place_BALCONY,4.654943097648356e-12,4.654943097648356e-12,T_place_BALCONY,False
lag_00__T_place_LONGDOG,-4.344618415030865e-12,4.344618415030865e-12,T_place_LONGDOG,False
lag_00__T_place_PALACEINTERIOR,-4.344617113988258e-12,4.344617113988258e-12,T_place_PALACEINTERIOR,False
lag_00__T_place_SIDEENTRANCE,-4.344617113988258e-12,4.344617113988258e-12,T_place_SIDEENTRANCE,False
lag_00__T_place_ROOF,-4.344617113988258e-12,4.344617113988258e-12,T_place_ROOF,False
lag_00__CT_place_EXTENDEDA,-4.344617113988258e-12,4.344617113988258e-12,CT_place_EXTENDEDA,False
lag_00__CT_place_HUTROOF,-4.344617113988258e-12,4.344617113988258e-12,CT_place_HUTROOF,False
lag_00__CT2__flash_duration,4.344617113988258e-12,4.344617113988258e-12,CT2__flash_duration,True
lag_00__T_place_BRIDGE,-4.344614945583913e-12,4.344614945583913e-12,T_place_BRIDGE,False
lag_00__T4__shots_fired,4.344614945583913e-12,4.344614945583913e-12,T4__shots_fired,False
lag_00__CT_place_OUTSIDELONG,-4.034288528242946e-12,4.034288528242946e-12,CT_place_OUTSIDELONG,False
lag_00__CT_place_TSPAWN,4.034286359838601e-12,4.034286359838601e-12,CT_place_TSPAWN,False
lag_00__CT_place_HELL,4.0342850587959944e-12,4.0342850587959944e-12,CT_place_HELL,False
lag_00__CT_place_TRAMP,-3.7239543046463375e-12,3.7239543046463375e-12,CT_place_TRAMP,False
lag_00__T2__is_scoped,-3.7239543046463375e-12,3.7239543046463375e-12,T2__is_scoped,False
lag_00__T1__is_scoped,3.7239543046463375e-12,3.7239543046463375e-12,T1__is_scoped,False
lag_00__CT_place_MINI,3.7239534372845995e-12,3.7239534372845995e-12,CT_place_MINI,False
lag_00__T_place_PLAYGROUND,3.56879283069933e-12,3.56879283069933e-12,T_place_PLAYGROUND,False
lag_00__T_place_UPPERPARK,3.4136261525818945e-12,3.4136261525818945e-12,T_place_UPPERPARK,False
lag_00__CT_place_FOUNTAIN,3.4136261525818945e-12,3.4136261525818945e-12,CT_place_FOUNTAIN,False
lag_00__CT_defusing_count,-3.413625502060591e-12,3.413625502060591e-12,CT_defusing_count,False
lag_00__T_place_JUNGLE,3.4136252852201565e-12,3.4136252852201565e-12,T_place_JUNGLE,False
lag_00__T_place_UNDERA,-3.258462076549673e-12,3.258462076549673e-12,T_place_UNDERA,False
lag_00__T_place_SECONDMID,3.1032988678791895e-12,3.1032988678791895e-12,T_place_SECONDMID,False
lag_00__CT_place_QUAD,-3.1032988678791895e-12,3.1032988678791895e-12,CT_place_QUAD,False
lag_00__CT_place_LIBRARY,3.1032988678791895e-12,3.1032988678791895e-12,CT_place_LIBRARY,False
lag_00__CT_place_RUINS,-3.1032988678791895e-12,3.1032988678791895e-12,CT_place_RUINS,False
lag_00__CT_place_SHORTSTAIRS,3.103298651038755e-12,3.103298651038755e-12,CT_place_SHORTSTAIRS,False
lag_00__T_place_GARAGE,-3.103298651038755e-12,3.103298651038755e-12,T_place_GARAGE,False
lag_00__T_place_OBSERVATION,-3.103298651038755e-12,3.103298651038755e-12,T_place_OBSERVATION,False
lag_00__CT_place_TUNNELSTAIRS,3.103298651038755e-12,3.103298651038755e-12,CT_place_TUNNELSTAIRS,False
lag_00__CT_place_OBSERVATION,-3.103298651038755e-12,3.103298651038755e-12,CT_place_OBSERVATION,False
lag_00__CT_place_RESTROOM,3.1032936637087616e-12,3.1032936637087616e-12,CT_place_RESTROOM,False
lag_00__CT_place_MAIN,-3.1032936637087616e-12,3.1032936637087616e-12,CT_place_MAIN,False
lag_00__CT_place_ARAMP,3.1032936637087616e-12,3.1032936637087616e-12,CT_place_ARAMP,False
lag_00__CT_place_CRANE,-2.948130021357409e-12,2.948130021357409e-12,CT_place_CRANE,False
lag_00__CT_place_VENDING,-2.948130021357409e-12,2.948130021357409e-12,CT_place_VENDING,False
lag_00__T_place_LOWERPARK,-2.7929681137295326e-12,2.7929681137295326e-12,T_place_LOWERPARK,False
lag_00__CT_place_TSIDELOWER,-2.7929668126869256e-12,2.7929668126869256e-12,CT_place_TSIDELOWER,False
lag_00__T_place_EXTENDEDA,2.7929668126869256e-12,2.7929668126869256e-12,T_place_EXTENDEDA,False
lag_00__T_place_PIT,2.792965728484753e-12,2.792965728484753e-12,T_place_PIT,False
lag_00__CT_place_BRIDGE,2.792965728484753e-12,2.792965728484753e-12,CT_place_BRIDGE,False
lag_00__CT_place_TOPOFMID,2.4826390943033516e-12,2.4826390943033516e-12,CT_place_TOPOFMID,False
lag_00__CT_place_UPPERPARK,-2.4826373595798756e-12,2.4826373595798756e-12,CT_place_UPPERPARK,False
lag_00__T_place_TUNNELS,2.482636709058572e-12,2.482636709058572e-12,T_place_TUNNELS,False
lag_00__CT_place_TRUCK,2.482636709058572e-12,2.482636709058572e-12,CT_place_TRUCK,False
lag_00__T_place_OUTSIDE,2.482636709058572e-12,2.482636709058572e-12,T_place_OUTSIDE,False
lag_00__T_place_LONGDOORS,-2.482636709058572e-12,2.482636709058572e-12,T_place_LONGDOORS,False
lag_00__T_place_WATER,2.482636709058572e-12,2.482636709058572e-12,T_place_WATER,False
lag_00__T_place_TRUCK,-2.327473283547654e-12,2.327473283547654e-12,T_place_TRUCK,False
lag_00__CT_place_ENTRANCE,2.327473283547654e-12,2.327473283547654e-12,CT_place_ENTRANCE,False
lag_00__CT_place_SECONDMID,2.327471548824178e-12,2.327471548824178e-12,CT_place_SECONDMID,False
lag_00__T_place_IVY,2.1723092075154327e-12,2.1723092075154327e-12,T_place_IVY,False
lag_00__CT_place_IVY,-2.1723092075154327e-12,2.1723092075154327e-12,CT_place_IVY,False
lag_00__CT_place_TROPHY,2.172308556994129e-12,2.172308556994129e-12,CT_place_TROPHY,False
lag_00__CT_place_SQUEAKY,-2.172308556994129e-12,2.172308556994129e-12,CT_place_SQUEAKY,False
lag_00__CT_place_ROOF,2.172308556994129e-12,2.172308556994129e-12,CT_place_ROOF,False
lag_00__CT_place_LOWERMID,2.1723074727919567e-12,2.1723074727919567e-12,CT_place_LOWERMID,False
lag_00__round_num,-1.8619771523231687e-12,1.8619771523231687e-12,round_num,False
lag_00__T_place_DUMPSTER,-1.8619767186422997e-12,1.8619767186422997e-12,T_place_DUMPSTER,False
lag_00__CT_place_CONSTRUCTION,1.8619767186422997e-12,1.8619767186422997e-12,CT_place_CONSTRUCTION,False
lag_00__CT2__is_scoped,-1.8619767186422997e-12,1.8619767186422997e-12,CT2__is_scoped,False
lag_00__T_place_ADMIN,-1.8619767186422997e-12,1.8619767186422997e-12,T_place_ADMIN,False
lag_00__CT_place_CONTROL,1.8619767186422997e-12,1.8619767186422997e-12,CT_place_CONTROL,False
lag_00__CT_place_UPPERTUNNEL,1.8619767186422997e-12,1.8619767186422997e-12,CT_place_UPPERTUNNEL,False
lag_00__T_place_ARAMP,-1.8619767186422997e-12,1.8619767186422997e-12,T_place_ARAMP,False
lag_00__CT_place_RAFTERS,1.8619767186422997e-12,1.8619767186422997e-12,CT_place_RAFTERS,False
lag_00__T_place_WALKWAY,-1.7068130762909473e-12,1.7068130762909473e-12,T_place_WALKWAY,False
lag_00__T_place_BDOORS,1.7068126426100783e-12,1.7068126426100783e-12,T_place_BDOORS,False
lag_00__CT_mollies_last_5s,-1.5516494339395948e-12,1.5516494339395948e-12,CT_mollies_last_5s,True
lag_00__T_place_RAFTERS,-1.5516493255193775e-12,1.5516493255193775e-12,T_place_RAFTERS,False
lag_00__CT_place_TSTAIRS,1.5516468318543808e-12,1.5516468318543808e-12,CT_place_TSTAIRS,False
lag_00__T_place_ENTRANCE,1.474066094880877e-12,1.474066094880877e-12,T_place_ENTRANCE,False
lag_00__T_place_SCAFFOLDING,-1.4740650106787045e-12,1.4740650106787045e-12,T_place_SCAFFOLDING,False
lag_00__T_place_ELECTRICALBOX,1.3964840568647663e-12,1.3964840568647663e-12,T_place_ELECTRICALBOX,False
lag_00__T_place_HELL,-1.3964834063434628e-12,1.3964834063434628e-12,T_place_HELL,False
lag_00__CT_place_UNKNOWN,1.3964828642423766e-12,1.3964828642423766e-12,CT_place_UNKNOWN,False
lag_00__T_place_GRAVEYARD,-1.3964828642423766e-12,1.3964828642423766e-12,T_place_GRAVEYARD,False
lag_00__T_mollies_last_5s,1.3964828642423766e-12,1.3964828642423766e-12,T_mollies_last_5s,True
lag_00__T_place_LIBRARY,1.2413195471516758e-12,1.2413195471516758e-12,T_place_LIBRARY,False
lag_00__T_place_KITCHEN,-1.2413195471516758e-12,1.2413195471516758e-12,T_place_KITCHEN,False
lag_00__T_place_ARCH,-1.2413195471516758e-12,1.2413195471516758e-12,T_place_ARCH,False
lag_00__CT_place_ELECTRICALBOX,-1.2413186797899378e-12,1.2413186797899378e-12,CT_place_ELECTRICALBOX,False
lag_00__T_place_PIPE,-1.2413186797899378e-12,1.2413186797899378e-12,T_place_PIPE,False
lag_00__T_place_TSTAIRS,1.2413186797899378e-12,1.2413186797899378e-12,T_place_TSTAIRS,False
lag_00__T_place_CONSTRUCTION,1.2413186797899378e-12,1.2413186797899378e-12,T_place_CONSTRUCTION,False
lag_00__T_place_HEAVEN,1.241318354529286e-12,1.241318354529286e-12,T_place_HEAVEN,False
lag_00__CT_place_TUNNEL,1.241318354529286e-12,1.241318354529286e-12,CT_place_TUNNEL,False
lag_00__T_place_TSIDELOWER,-1.241318354529286e-12,1.241318354529286e-12,T_place_TSIDELOWER,False
lag_00__T_place_TUNNELSTAIRS,1.241318354529286e-12,1.241318354529286e-12,T_place_TUNNELSTAIRS,False
lag_00__CT_place_STREET,1.0861546037577163e-12,1.0861546037577163e-12,CT_place_STREET,False
lag_00__CT_place_PALACEALLEY,-1.0861542784970646e-12,1.0861542784970646e-12,CT_place_PALACEALLEY,False
lag_00__CT_place_OUTSIDETUNNEL,-1.0861542784970646e-12,1.0861542784970646e-12,CT_place_OUTSIDETUNNEL,False
lag_00__CT_place_GRAVEYARD,1.0861537363959783e-12,1.0861537363959783e-12,CT_place_GRAVEYARD,False
lag_00__CT_place_BACKALLEY,-9.309885761615844e-13,9.309885761615844e-13,CT_place_BACKALLEY,False
lag_00__CT_he_last_5s,-9.309885761615844e-13,9.309885761615844e-13,CT_he_last_5s,True
lag_00__CT_smokes_last_5s,-9.309885761615844e-13,9.309885761615844e-13,CT_smokes_last_5s,True
lag_00__CT_flashes_last_5s,9.309885761615844e-13,9.309885761615844e-13,CT_flashes_last_5s,True
lag_00__CT_place_KITCHEN,-9.309885761615844e-13,9.309885761615844e-13,CT_place_KITCHEN,False
lag_00__CT_place_PIPE,9.309883593211499e-13,9.309883593211499e-13,CT_place_PIPE,False
lag_00__T_place_VENTS,9.309883593211499e-13,9.309883593211499e-13,T_place_VENTS,False
lag_00__T_place_BACKOFA,9.309883593211499e-13,9.309883593211499e-13,T_place_BACKOFA,False
lag_00__CT_place_TSIDEUPPER,-9.309883593211499e-13,9.309883593211499e-13,CT_place_TSIDEUPPER,False
lag_00__T_place_HOLE,9.309883593211499e-13,9.309883593211499e-13,T_place_HOLE,False
lag_00__T_place_MAIN,-9.309883593211499e-13,9.309883593211499e-13,T_place_MAIN,False
lag_00__T_place_QUAD,-7.758247169697974e-13,7.758247169697974e-13,T_place_QUAD,False
lag_00__T_place_UPSTAIRS,-7.758247169697974e-13,7.758247169697974e-13,T_place_UPSTAIRS,False
lag_00__T_place_DECON,7.758246627596888e-13,7.758246627596888e-13,T_place_DECON,False
lag_00__T_place_HUTROOF,7.758246627596888e-13,7.758246627596888e-13,T_place_HUTROOF,False
lag_00__CT_place_BRICKS,7.758234159271904e-13,7.758234159271904e-13,CT_place_BRICKS,False
lag_00__CT_place_PLAYGROUND,-6.982420284323831e-13,6.982420284323831e-13,CT_place_PLAYGROUND,False
lag_00__T_bomb_zone_count,6.206597735758379e-13,6.206597735758379e-13,T_bomb_zone_count,False
lag_00__T_place_BACKOFB,-6.206593398949689e-13,6.206593398949689e-13,T_place_BACKOFB,False
lag_00__T_place_BRICKS,6.206593398949689e-13,6.206593398949689e-13,T_place_BRICKS,False
lag_00__CT_place_LONGDOG,6.206593398949689e-13,6.206593398949689e-13,CT_place_LONGDOG,False
lag_00__T_place_TUNNEL,-6.20659177264643e-13,6.20659177264643e-13,T_place_TUNNEL,False
lag_00__CT_place_SECRET,-6.20659177264643e-13,6.20659177264643e-13,CT_place_SECRET,False
lag_00__CT_place_SIDE,6.20659177264643e-13,6.20659177264643e-13,CT_place_SIDE,False
lag_00__CT_place_LADDER,6.20659177264643e-13,6.20659177264643e-13,CT_place_LADDER,False
lag_00__T_place_HUT,6.20659177264643e-13,6.20659177264643e-13,T_place_HUT,False
lag_00__CT_place_DUMPSTER,-5.430773018788582e-13,5.430773018788582e-13,CT_place_DUMPSTER,False
lag_00__T_place_CRANE,-5.430771392485323e-13,5.430771392485323e-13,T_place_CRANE,False
lag_00__CT_place_UPSTAIRS,5.430768681979892e-13,5.430768681979892e-13,CT_place_UPSTAIRS,False
lag_00__T_smokes_last_5s,4.654942880807922e-13,4.654942880807922e-13,T_smokes_last_5s,True
lag_00__T_place_CTSIDEUPPER,-4.654941796605749e-13,4.654941796605749e-13,T_place_CTSIDEUPPER,False
lag_00__CT_place_CTSIDEUPPER,4.654941796605749e-13,4.654941796605749e-13,CT_place_CTSIDEUPPER,False
lag_00__T_place_RESTROOM,4.654941796605749e-13,4.654941796605749e-13,T_place_RESTROOM,False
lag_00__T_place_SHOP,-4.654941796605749e-13,4.654941796605749e-13,T_place_SHOP,False
lag_00__T_place_DECK,-4.654941796605749e-13,4.654941796605749e-13,T_place_DECK,False
lag_00__T_place_LOCKERROOM,3.879123313798444e-13,3.879123313798444e-13,T_place_LOCKERROOM,False
lag_00__T_place_STORAGEROOM,3.879117079635952e-13,3.879117079635952e-13,T_place_STORAGEROOM,False
lag_00__CT_place_HOLE,3.103295886323215e-13,3.103295886323215e-13,CT_place_HOLE,False
lag_00__T_place_OUTSIDETUNNEL,3.103295886323215e-13,3.103295886323215e-13,T_place_OUTSIDETUNNEL,False
lag_00__CT_place_LOCKERROOM,-3.103295886323215e-13,3.103295886323215e-13,CT_place_LOCKERROOM,False
lag_00__T_place_MINI,-3.103295886323215e-13,3.103295886323215e-13,T_place_MINI,False
lag_00__T_place_CONTROL,3.103295886323215e-13,3.103295886323215e-13,T_place_CONTROL,False
lag_00__CT_place_SIDEALLEY,-3.103295886323215e-13,3.103295886323215e-13,CT_place_SIDEALLEY,False
lag_00__CT_place_STORAGEROOM,-1.5516483497374223e-13,1.5516483497374223e-13,CT_place_STORAGEROOM,False
lag_00__CT_place_SCAFFOLDING,-1.5516479431616076e-13,1.5516479431616076e-13,CT_place_SCAFFOLDING,False
lag_00__CT_place_DECK,-1.1637354491514373e-13,1.1637354491514373e-13,CT_place_DECK,False
lag_00__CT_place_SILO,-3.879119857904019e-14,3.879119857904019e-14,CT_place_SILO,False
lag_00__T_B_site_flashes_last_5s,0.0,0.0,T_B_site_flashes_last_5s,True
lag_00__T_B_site_mollies_last_5s,0.0,0.0,T_B_site_mollies_last_5s,True
lag_00__T_B_site_he_last_5s,0.0,0.0,T_B_site_he_last_5s,True
lag_00__T2__has_defuser,0.0,0.0,T2__has_defuser,False
lag_00__CT_A_site_mollies_last_5s,0.0,0.0,CT_A_site_mollies_last_5s,True
lag_00__T_B_site_smokes_last_5s,0.0,0.0,T_B_site_smokes_last_5s,True
lag_00__CT_B_site_smokes_last_5s,0.0,0.0,CT_B_site_smokes_last_5s,True
lag_00__CT_A_site_he_last_5s,0.0,0.0,CT_A_site_he_last_5s,True
lag_00__CT_A_site_flashes_last_5s,0.0,0.0,CT_A_site_flashes_last_5s,True
lag_00__CT_A_site_smokes_last_5s,0.0,0.0,CT_A_site_smokes_last_5s,True
lag_15__CT_bomb_carrier_alive,0.0,0.0,CT_bomb_carrier_alive,False
lag_00__T5__has_defuser,0.0,0.0,T5__has_defuser,False
lag_00__CT_B_site_flashes_last_5s,0.0,0.0,CT_B_site_flashes_last_5s,True
lag_15__T_defusing_count,0.0,0.0,T_defusing_count,False
lag_00__CT_B_site_he_last_5s,0.0,0.0,CT_B_site_he_last_5s,True
lag_00__CT1__has_bomb,0.0,0.0,CT1__has_bomb,False
lag_00__CT_B_site_mollies_last_5s,0.0,0.0,CT_B_site_mollies_last_5s,True
lag_15__CT_he_inv,0.0,0.0,CT_he_inv,True
lag_00__T2__he,0.0,0.0,T2__he,True
lag_15__CT_bomb_zone_count,0.0,0.0,CT_bomb_zone_count,False
lag_00__T1__has_defuser,0.0,0.0,T1__has_defuser,False
lag_15__T_defuser_count,0.0,0.0,T_defuser_count,False
lag_00__CT_place_JUNGLE,0.0,0.0,CT_place_JUNGLE,False
lag_15__T_place_UNKNOWN,0.0,0.0,T_place_UNKNOWN,False
lag_15__T_he_inv,0.0,0.0,T_he_inv,True
lag_00__T1__he,0.0,0.0,T1__he,True
lag_14__T_B_site_he_last_5s,0.0,0.0,T_B_site_he_last_5s,True
lag_00__T_A_site_mollies_last_5s,0.0,0.0,T_A_site_mollies_last_5s,True
lag_00__T4__has_defuser,0.0,0.0,T4__has_defuser,False
lag_00__CT3__he,0.0,0.0,CT3__he,True
lag_15__T5__has_defuser,0.0,0.0,T5__has_defuser,False
lag_00__T3__he,0.0,0.0,T3__he,True
lag_15__T5__he,0.0,0.0,T5__he,True
lag_15__CT1__he,0.0,0.0,CT1__he,True
lag_15__CT1__has_bomb,0.0,0.0,CT1__has_bomb,False
lag_15__CT2__he,0.0,0.0,CT2__he,True
lag_15__CT2__has_bomb,0.0,0.0,CT2__has_bomb,False
lag_00__T_A_site_flashes_last_5s,0.0,0.0,T_A_site_flashes_last_5s,True
lag_00__CT2__has_bomb,0.0,0.0,CT2__has_bomb,False
lag_00__CT2__he,0.0,0.0,CT2__he,True
lag_15__CT3__he,0.0,0.0,CT3__he,True
lag_15__CT3__has_bomb,0.0,0.0,CT3__has_bomb,False
lag_15__CT4__he,0.0,0.0,CT4__he,True
lag_15__CT4__has_bomb,0.0,0.0,CT4__has_bomb,False
lag_15__CT5__he,0.0,0.0,CT5__he,True
lag_00__T3__shots_fired,0.0,0.0,T3__shots_fired,False
lag_15__T4__he,0.0,0.0,T4__he,True
lag_15__T4__has_defuser,0.0,0.0,T4__has_defuser,False
lag_00__T3__has_defuser,0.0,0.0,T3__has_defuser,False
lag_00__T_A_site_smokes_last_5s,0.0,0.0,T_A_site_smokes_last_5s,True
lag_00__CT5__has_bomb,0.0,0.0,CT5__has_bomb,False
lag_00__CT5__he,0.0,0.0,CT5__he,True
lag_00__CT5__has_helmet,0.0,0.0,CT5__has_helmet,False
lag_15__T1__has_defuser,0.0,0.0,T1__has_defuser,False
lag_00__CT4__has_bomb,0.0,0.0,CT4__has_bomb,False
lag_15__T1__he,0.0,0.0,T1__he,True
lag_15__T2__has_defuser,0.0,0.0,T2__has_defuser,False
lag_00__CT4__he,0.0,0.0,CT4__he,True
lag_15__T2__he,0.0,0.0,T2__he,True
lag_00__T4__he,0.0,0.0,T4__he,True
lag_15__T3__has_defuser,0.0,0.0,T3__has_defuser,False
lag_15__T3__he,0.0,0.0,T3__he,True
lag_00__CT4__alive,0.0,0.0,CT4__alive,False
lag_00__CT3__has_bomb,0.0,0.0,CT3__has_bomb,False
lag_00__T_A_site_he_last_5s,0.0,0.0,T_A_site_he_last_5s,True
lag_15__CT5__has_bomb,0.0,0.0,CT5__has_bomb,False
lag_00__CT_place_LOWERPARK,0.0,0.0,CT_place_LOWERPARK,False
lag_14__T4__he,0.0,0.0,T4__he,True
lag_14__CT5__he,0.0,0.0,CT5__he,True
lag_14__CT4__has_bomb,0.0,0.0,CT4__has_bomb,False
lag_14__CT4__he,0.0,0.0,CT4__he,True
lag_14__CT3__has_bomb,0.0,0.0,CT3__has_bomb,False
lag_14__CT3__he,0.0,0.0,CT3__he,True
lag_00__T_place_UNKNOWN,0.0,0.0,T_place_UNKNOWN,False
lag_15__CT_A_site_mollies_last_5s,0.0,0.0,CT_A_site_mollies_last_5s,True
lag_15__CT_B_site_smokes_last_5s,0.0,0.0,CT_B_site_smokes_last_5s,True
lag_14__CT2__has_bomb,0.0,0.0,CT2__has_bomb,False
lag_14__CT2__he,0.0,0.0,CT2__he,True
lag_14__CT1__has_bomb,0.0,0.0,CT1__has_bomb,False
lag_15__CT_A_site_he_last_5s,0.0,0.0,CT_A_site_he_last_5s,True
lag_15__CT_A_site_flashes_last_5s,0.0,0.0,CT_A_site_flashes_last_5s,True
lag_14__CT1__he,0.0,0.0,CT1__he,True
lag_14__T5__he,0.0,0.0,T5__he,True
lag_14__CT5__has_bomb,0.0,0.0,CT5__has_bomb,False
lag_15__T_B_site_mollies_last_5s,0.0,0.0,T_B_site_mollies_last_5s,True
lag_15__T_B_site_he_last_5s,0.0,0.0,T_B_site_he_last_5s,True
lag_14__CT_A_site_flashes_last_5s,0.0,0.0,CT_A_site_flashes_last_5s,True
lag_14__T_B_site_smokes_last_5s,0.0,0.0,T_B_site_smokes_last_5s,True
lag_14__CT_A_site_mollies_last_5s,0.0,0.0,CT_A_site_mollies_last_5s,True
lag_14__T_B_site_mollies_last_5s,0.0,0.0,T_B_site_mollies_last_5s,True
lag_14__CT_B_site_smokes_last_5s,0.0,0.0,CT_B_site_smokes_last_5s,True
lag_14__CT_A_site_he_last_5s,0.0,0.0,CT_A_site_he_last_5s,True
lag_00__T_defusing_count,0.0,0.0,T_defusing_count,False
lag_00__T_he_inv,0.0,0.0,T_he_inv,True
lag_15__T_B_site_flashes_last_5s,0.0,0.0,T_B_site_flashes_last_5s,True
lag_15__T_B_site_smokes_last_5s,0.0,0.0,T_B_site_smokes_last_5s,True
lag_14__CT_A_site_smokes_last_5s,0.0,0.0,CT_A_site_smokes_last_5s,True
lag_14__T_A_site_mollies_last_5s,0.0,0.0,T_A_site_mollies_last_5s,True
lag_14__T_A_site_he_last_5s,0.0,0.0,T_A_site_he_last_5s,True
lag_14__T_A_site_flashes_last_5s,0.0,0.0,T_A_site_flashes_last_5s,True
lag_14__T_A_site_smokes_last_5s,0.0,0.0,T_A_site_smokes_last_5s,True
lag_14__T5__has_defuser,0.0,0.0,T5__has_defuser,False
lag_14__T4__has_defuser,0.0,0.0,T4__has_defuser,False
lag_00__CT2__armor,0.0,0.0,CT2__armor,False
lag_14__T3__he,0.0,0.0,T3__he,True
lag_00__CT_place_ADMIN,0.0,0.0,CT_place_ADMIN,False
lag_15__CT_B_site_he_last_5s,0.0,0.0,CT_B_site_he_last_5s,True
lag_15__T_A_site_flashes_last_5s,0.0,0.0,T_A_site_flashes_last_5s,True
lag_15__CT_B_site_mollies_last_5s,0.0,0.0,CT_B_site_mollies_last_5s,True
lag_14__CT_bomb_carrier_alive,0.0,0.0,CT_bomb_carrier_alive,False
lag_00__CT1__he,0.0,0.0,CT1__he,True
lag_14__CT_he_inv,0.0,0.0,CT_he_inv,True
lag_14__CT_bomb_zone_count,0.0,0.0,CT_bomb_zone_count,False
lag_14__T_place_UNKNOWN,0.0,0.0,T_place_UNKNOWN,False
lag_00__CT_place_DECON,0.0,0.0,CT_place_DECON,False
lag_15__T_A_site_smokes_last_5s,0.0,0.0,T_A_site_smokes_last_5s,True
lag_14__T_he_inv,0.0,0.0,T_he_inv,True
lag_14__T_defusing_count,0.0,0.0,T_defusing_count,False
lag_14__T_defuser_count,0.0,0.0,T_defuser_count,False
lag_14__T_B_site_flashes_last_5s,0.0,0.0,T_B_site_flashes_last_5s,True
lag_15__T_A_site_he_last_5s,0.0,0.0,T_A_site_he_last_5s,True
lag_00__CT_place_MAINHALL,0.0,0.0,CT_place_MAINHALL,False
lag_15__T_A_site_mollies_last_5s,0.0,0.0,T_A_site_mollies_last_5s,True
lag_14__CT_B_site_he_last_5s,0.0,0.0,CT_B_site_he_last_5s,True
lag_14__T3__has_defuser,0.0,0.0,T3__has_defuser,False
lag_14__CT_B_site_flashes_last_5s,0.0,0.0,CT_B_site_flashes_last_5s,True
lag_14__T2__he,0.0,0.0,T2__he,True
lag_00__CT_bomb_zone_count,0.0,0.0,CT_bomb_zone_count,False
lag_00__T_defuser_count,0.0,0.0,T_defuser_count,False
lag_14__T2__has_defuser,0.0,0.0,T2__has_defuser,False
lag_14__CT_B_site_mollies_last_5s,0.0,0.0,CT_B_site_mollies_last_5s,True
lag_00__T_place_SIDE,0.0,0.0,T_place_SIDE,False
lag_14__T1__he,0.0,0.0,T1__he,True
lag_14__T1__has_defuser,0.0,0.0,T1__has_defuser,False
lag_00__CT_he_inv,0.0,0.0,CT_he_inv,True
lag_15__CT_A_site_smokes_last_5s,0.0,0.0,CT_A_site_smokes_last_5s,True
lag_15__CT_B_site_flashes_last_5s,0.0,0.0,CT_B_site_flashes_last_5s,True
lag_00__CT_bomb_carrier_alive,0.0,0.0,CT_bomb_carrier_alive,False
lag_00__T5__he,0.0,0.0,T5__he,True
lag_04__CT_B_site_he_last_5s,0.0,0.0,CT_B_site_he_last_5s,True
lag_13__T_defuser_count,0.0,0.0,T_defuser_count,False
lag_07__T_A_site_mollies_last_5s,0.0,0.0,T_A_site_mollies_last_5s,True
lag_07__CT4__has_bomb,0.0,0.0,CT4__has_bomb,False
lag_07__CT5__he,0.0,0.0,CT5__he,True
lag_07__CT5__has_bomb,0.0,0.0,CT5__has_bomb,False
lag_07__T_A_site_smokes_last_5s,0.0,0.0,T_A_site_smokes_last_5s,True
lag_07__T_A_site_flashes_last_5s,0.0,0.0,T_A_site_flashes_last_5s,True
lag_07__T_A_site_he_last_5s,0.0,0.0,T_A_site_he_last_5s,True
lag_07__CT_A_site_smokes_last_5s,0.0,0.0,CT_A_site_smokes_last_5s,True
lag_07__CT_B_site_smokes_last_5s,0.0,0.0,CT_B_site_smokes_last_5s,True
lag_07__CT_A_site_flashes_last_5s,0.0,0.0,CT_A_site_flashes_last_5s,True
lag_07__CT_A_site_he_last_5s,0.0,0.0,CT_A_site_he_last_5s,True
lag_07__CT_A_site_mollies_last_5s,0.0,0.0,CT_A_site_mollies_last_5s,True
lag_07__T_B_site_smokes_last_5s,0.0,0.0,T_B_site_smokes_last_5s,True
lag_07__T_B_site_flashes_last_5s,0.0,0.0,T_B_site_flashes_last_5s,True
lag_07__T_B_site_he_last_5s,0.0,0.0,T_B_site_he_last_5s,True
lag_07__CT4__he,0.0,0.0,CT4__he,True
lag_07__CT3__has_bomb,0.0,0.0,CT3__has_bomb,False
lag_07__CT3__he,0.0,0.0,CT3__he,True
lag_07__CT2__has_bomb,0.0,0.0,CT2__has_bomb,False
lag_07__CT2__he,0.0,0.0,CT2__he,True
lag_07__CT1__has_bomb,0.0,0.0,CT1__has_bomb,False
lag_07__CT1__he,0.0,0.0,CT1__he,True
lag_07__T5__he,0.0,0.0,T5__he,True
lag_07__T5__has_defuser,0.0,0.0,T5__has_defuser,False
lag_07__T4__he,0.0,0.0,T4__he,True
lag_07__T4__has_defuser,0.0,0.0,T4__has_defuser,False
lag_07__T3__he,0.0,0.0,T3__he,True
lag_07__T3__has_defuser,0.0,0.0,T3__has_defuser,False
lag_07__T2__he,0.0,0.0,T2__he,True
lag_07__T2__has_defuser,0.0,0.0,T2__has_defuser,False
lag_07__T1__he,0.0,0.0,T1__he,True
lag_07__T1__has_defuser,0.0,0.0,T1__has_defuser,False
lag_07__T_B_site_mollies_last_5s,0.0,0.0,T_B_site_mollies_last_5s,True
lag_07__CT_B_site_flashes_last_5s,0.0,0.0,CT_B_site_flashes_last_5s,True
lag_07__CT_he_inv,0.0,0.0,CT_he_inv,True
lag_03__T_A_site_smokes_last_5s,0.0,0.0,T_A_site_smokes_last_5s,True
lag_03__CT_A_site_he_last_5s,0.0,0.0,CT_A_site_he_last_5s,True
lag_03__CT_A_site_flashes_last_5s,0.0,0.0,CT_A_site_flashes_last_5s,True
lag_03__CT_A_site_smokes_last_5s,0.0,0.0,CT_A_site_smokes_last_5s,True
lag_03__T_A_site_mollies_last_5s,0.0,0.0,T_A_site_mollies_last_5s,True
lag_03__T_A_site_he_last_5s,0.0,0.0,T_A_site_he_last_5s,True
lag_03__T_A_site_flashes_last_5s,0.0,0.0,T_A_site_flashes_last_5s,True
lag_03__CT5__has_bomb,0.0,0.0,CT5__has_bomb,False
lag_07__CT_B_site_he_last_5s,0.0,0.0,CT_B_site_he_last_5s,True
lag_03__CT5__he,0.0,0.0,CT5__he,True
lag_06__T1__has_defuser,0.0,0.0,T1__has_defuser,False
lag_06__T1__he,0.0,0.0,T1__he,True
lag_06__T2__has_defuser,0.0,0.0,T2__has_defuser,False
lag_06__T2__he,0.0,0.0,T2__he,True
lag_06__T3__has_defuser,0.0,0.0,T3__has_defuser,False
lag_03__CT_A_site_mollies_last_5s,0.0,0.0,CT_A_site_mollies_last_5s,True
lag_03__T_B_site_smokes_last_5s,0.0,0.0,T_B_site_smokes_last_5s,True
lag_03__T_B_site_flashes_last_5s,0.0,0.0,T_B_site_flashes_last_5s,True
lag_03__T_B_site_he_last_5s,0.0,0.0,T_B_site_he_last_5s,True
lag_03__T_B_site_mollies_last_5s,0.0,0.0,T_B_site_mollies_last_5s,True
lag_03__CT_B_site_smokes_last_5s,0.0,0.0,CT_B_site_smokes_last_5s,True
lag_03__CT_B_site_flashes_last_5s,0.0,0.0,CT_B_site_flashes_last_5s,True
lag_03__CT_B_site_he_last_5s,0.0,0.0,CT_B_site_he_last_5s,True
lag_03__CT_B_site_mollies_last_5s,0.0,0.0,CT_B_site_mollies_last_5s,True
lag_06__CT_bomb_carrier_alive,0.0,0.0,CT_bomb_carrier_alive,False
lag_06__CT_he_inv,0.0,0.0,CT_he_inv,True
lag_06__CT_bomb_zone_count,0.0,0.0,CT_bomb_zone_count,False
lag_06__T_place_UNKNOWN,0.0,0.0,T_place_UNKNOWN,False
lag_06__T_he_inv,0.0,0.0,T_he_inv,True
lag_06__T_defusing_count,0.0,0.0,T_defusing_count,False
lag_06__T_defuser_count,0.0,0.0,T_defuser_count,False
lag_07__CT_B_site_mollies_last_5s,0.0,0.0,CT_B_site_mollies_last_5s,True
lag_07__CT_bomb_carrier_alive,0.0,0.0,CT_bomb_carrier_alive,False
lag_07__CT_bomb_zone_count,0.0,0.0,CT_bomb_zone_count,False
lag_06__T4__has_defuser,0.0,0.0,T4__has_defuser,False
lag_08__T2__he,0.0,0.0,T2__he,True
lag_08__CT_he_inv,0.0,0.0,CT_he_inv,True
lag_08__CT_bomb_carrier_alive,0.0,0.0,CT_bomb_carrier_alive,False
lag_02__T1__has_defuser,0.0,0.0,T1__has_defuser,False
lag_08__T1__has_defuser,0.0,0.0,T1__has_defuser,False
lag_08__T1__he,0.0,0.0,T1__he,True
lag_08__T2__has_defuser,0.0,0.0,T2__has_defuser,False
lag_08__T3__has_defuser,0.0,0.0,T3__has_defuser,False
lag_08__CT2__he,0.0,0.0,CT2__he,True
lag_08__T3__he,0.0,0.0,T3__he,True
lag_08__T4__has_defuser,0.0,0.0,T4__has_defuser,False
lag_08__T4__he,0.0,0.0,T4__he,True
lag_08__T5__has_defuser,0.0,0.0,T5__has_defuser,False
lag_08__T5__he,0.0,0.0,T5__he,True
lag_08__CT1__he,0.0,0.0,CT1__he,True
lag_08__CT_bomb_zone_count,0.0,0.0,CT_bomb_zone_count,False
lag_08__T_place_UNKNOWN,0.0,0.0,T_place_UNKNOWN,False
lag_02__T1__he,0.0,0.0,T1__he,True
lag_08__T_he_inv,0.0,0.0,T_he_inv,True
lag_08__T_defusing_count,0.0,0.0,T_defusing_count,False
lag_08__T_defuser_count,0.0,0.0,T_defuser_count,False
lag_02__T2__has_defuser,0.0,0.0,T2__has_defuser,False
lag_02__T2__he,0.0,0.0,T2__he,True
lag_02__T3__has_defuser,0.0,0.0,T3__has_defuser,False
lag_02__T3__he,0.0,0.0,T3__he,True
lag_02__T4__has_defuser,0.0,0.0,T4__has_defuser,False
lag_02__T4__he,0.0,0.0,T4__he,True
lag_02__T5__has_defuser,0.0,0.0,T5__has_defuser,False
lag_02__T5__he,0.0,0.0,T5__he,True
lag_09__CT_B_site_mollies_last_5s,0.0,0.0,CT_B_site_mollies_last_5s,True
lag_09__CT_B_site_he_last_5s,0.0,0.0,CT_B_site_he_last_5s,True
lag_09__CT_B_site_flashes_last_5s,0.0,0.0,CT_B_site_flashes_last_5s,True
lag_08__CT1__has_bomb,0.0,0.0,CT1__has_bomb,False
lag_08__CT2__has_bomb,0.0,0.0,CT2__has_bomb,False
lag_07__T_place_UNKNOWN,0.0,0.0,T_place_UNKNOWN,False
lag_02__CT_bomb_zone_count,0.0,0.0,CT_bomb_zone_count,False
lag_08__T_B_site_he_last_5s,0.0,0.0,T_B_site_he_last_5s,True
lag_08__T_B_site_mollies_last_5s,0.0,0.0,T_B_site_mollies_last_5s,True
lag_08__CT_B_site_smokes_last_5s,0.0,0.0,CT_B_site_smokes_last_5s,True
lag_08__CT_B_site_flashes_last_5s,0.0,0.0,CT_B_site_flashes_last_5s,True
lag_08__CT_B_site_he_last_5s,0.0,0.0,CT_B_site_he_last_5s,True
lag_08__CT_B_site_mollies_last_5s,0.0,0.0,CT_B_site_mollies_last_5s,True
lag_02__T_place_UNKNOWN,0.0,0.0,T_place_UNKNOWN,False
lag_08__CT3__he,0.0,0.0,CT3__he,True
lag_02__T_he_inv,0.0,0.0,T_he_inv,True
lag_07__T_defuser_count,0.0,0.0,T_defuser_count,False
lag_07__T_defusing_count,0.0,0.0,T_defusing_count,False
lag_07__T_he_inv,0.0,0.0,T_he_inv,True
lag_02__T_defusing_count,0.0,0.0,T_defusing_count,False
lag_02__T_defuser_count,0.0,0.0,T_defuser_count,False
lag_08__T_B_site_flashes_last_5s,0.0,0.0,T_B_site_flashes_last_5s,True
lag_08__T_B_site_smokes_last_5s,0.0,0.0,T_B_site_smokes_last_5s,True
lag_02__CT_he_inv,0.0,0.0,CT_he_inv,True
lag_08__CT_A_site_mollies_last_5s,0.0,0.0,CT_A_site_mollies_last_5s,True
lag_08__CT_A_site_he_last_5s,0.0,0.0,CT_A_site_he_last_5s,True
lag_02__CT_bomb_carrier_alive,0.0,0.0,CT_bomb_carrier_alive,False
lag_08__CT_A_site_flashes_last_5s,0.0,0.0,CT_A_site_flashes_last_5s,True
lag_08__CT_A_site_smokes_last_5s,0.0,0.0,CT_A_site_smokes_last_5s,True
lag_08__T_A_site_mollies_last_5s,0.0,0.0,T_A_site_mollies_last_5s,True
lag_08__T_A_site_he_last_5s,0.0,0.0,T_A_site_he_last_5s,True
lag_08__T_A_site_flashes_last_5s,0.0,0.0,T_A_site_flashes_last_5s,True
lag_08__T_A_site_smokes_last_5s,0.0,0.0,T_A_site_smokes_last_5s,True
lag_08__CT5__has_bomb,0.0,0.0,CT5__has_bomb,False
lag_08__CT5__he,0.0,0.0,CT5__he,True
lag_08__CT4__has_bomb,0.0,0.0,CT4__has_bomb,False
lag_08__CT4__he,0.0,0.0,CT4__he,True
lag_08__CT3__has_bomb,0.0,0.0,CT3__has_bomb,False
lag_06__T3__he,0.0,0.0,T3__he,True
lag_06__T4__he,0.0,0.0,T4__he,True
lag_13__T_defusing_count,0.0,0.0,T_defusing_count,False
lag_03__T_defusing_count,0.0,0.0,T_defusing_count,False
lag_05__CT_B_site_mollies_last_5s,0.0,0.0,CT_B_site_mollies_last_5s,True
lag_03__CT_bomb_carrier_alive,0.0,0.0,CT_bomb_carrier_alive,False
lag_03__CT_he_inv,0.0,0.0,CT_he_inv,True
lag_03__CT_bomb_zone_count,0.0,0.0,CT_bomb_zone_count,False
lag_03__T_place_UNKNOWN,0.0,0.0,T_place_UNKNOWN,False
lag_03__T_he_inv,0.0,0.0,T_he_inv,True
lag_03__T_defuser_count,0.0,0.0,T_defuser_count,False
lag_04__T1__has_defuser,0.0,0.0,T1__has_defuser,False
lag_04__T_defuser_count,0.0,0.0,T_defuser_count,False
lag_04__T_defusing_count,0.0,0.0,T_defusing_count,False
lag_04__T_he_inv,0.0,0.0,T_he_inv,True
lag_04__T_place_UNKNOWN,0.0,0.0,T_place_UNKNOWN,False
lag_04__CT_bomb_zone_count,0.0,0.0,CT_bomb_zone_count,False
lag_04__CT_he_inv,0.0,0.0,CT_he_inv,True
lag_05__CT_B_site_he_last_5s,0.0,0.0,CT_B_site_he_last_5s,True
lag_05__CT_B_site_flashes_last_5s,0.0,0.0,CT_B_site_flashes_last_5s,True
lag_05__CT_B_site_smokes_last_5s,0.0,0.0,CT_B_site_smokes_last_5s,True
lag_05__T_B_site_mollies_last_5s,0.0,0.0,T_B_site_mollies_last_5s,True
lag_05__T_B_site_he_last_5s,0.0,0.0,T_B_site_he_last_5s,True
lag_05__T_B_site_flashes_last_5s,0.0,0.0,T_B_site_flashes_last_5s,True
lag_05__T_B_site_smokes_last_5s,0.0,0.0,T_B_site_smokes_last_5s,True
lag_05__CT_A_site_mollies_last_5s,0.0,0.0,CT_A_site_mollies_last_5s,True
lag_05__CT_A_site_he_last_5s,0.0,0.0,CT_A_site_he_last_5s,True
lag_05__CT_A_site_flashes_last_5s,0.0,0.0,CT_A_site_flashes_last_5s,True
lag_05__CT_A_site_smokes_last_5s,0.0,0.0,CT_A_site_smokes_last_5s,True
lag_05__T_A_site_mollies_last_5s,0.0,0.0,T_A_site_mollies_last_5s,True
lag_05__T_A_site_he_last_5s,0.0,0.0,T_A_site_he_last_5s,True
lag_05__T_A_site_flashes_last_5s,0.0,0.0,T_A_site_flashes_last_5s,True
lag_05__T_A_site_smokes_last_5s,0.0,0.0,T_A_site_smokes_last_5s,True
lag_05__CT5__has_bomb,0.0,0.0,CT5__has_bomb,False
lag_05__CT5__he,0.0,0.0,CT5__he,True
lag_04__CT_bomb_carrier_alive,0.0,0.0,CT_bomb_carrier_alive,False
lag_04__T1__he,0.0,0.0,T1__he,True
lag_05__CT4__he,0.0,0.0,CT4__he,True
lag_04__CT_A_site_he_last_5s,0.0,0.0,CT_A_site_he_last_5s,True
lag_04__T_A_site_smokes_last_5s,0.0,0.0,T_A_site_smokes_last_5s,True
lag_04__T_A_site_flashes_last_5s,0.0,0.0,T_A_site_flashes_last_5s,True
lag_04__T_A_site_he_last_5s,0.0,0.0,T_A_site_he_last_5s,True
lag_04__T_A_site_mollies_last_5s,0.0,0.0,T_A_site_mollies_last_5s,True
lag_04__CT_A_site_smokes_last_5s,0.0,0.0,CT_A_site_smokes_last_5s,True
lag_04__CT_A_site_flashes_last_5s,0.0,0.0,CT_A_site_flashes_last_5s,True
lag_04__CT_A_site_mollies_last_5s,0.0,0.0,CT_A_site_mollies_last_5s,True
lag_04__T2__has_defuser,0.0,0.0,T2__has_defuser,False
lag_04__T_B_site_smokes_last_5s,0.0,0.0,T_B_site_smokes_last_5s,True
lag_04__T_B_site_flashes_last_5s,0.0,0.0,T_B_site_flashes_last_5s,True
lag_04__T_B_site_he_last_5s,0.0,0.0,T_B_site_he_last_5s,True
lag_04__T_B_site_mollies_last_5s,0.0,0.0,T_B_site_mollies_last_5s,True
lag_04__CT_B_site_smokes_last_5s,0.0,0.0,CT_B_site_smokes_last_5s,True
lag_04__CT_B_site_flashes_last_5s,0.0,0.0,CT_B_site_flashes_last_5s,True
lag_04__CT5__has_bomb,0.0,0.0,CT5__has_bomb,False
lag_04__CT5__he,0.0,0.0,CT5__he,True
lag_04__CT4__has_bomb,0.0,0.0,CT4__has_bomb,False
lag_04__CT4__he,0.0,0.0,CT4__he,True
lag_04__CT3__has_bomb,0.0,0.0,CT3__has_bomb,False
lag_04__CT3__he,0.0,0.0,CT3__he,True
lag_04__CT2__has_bomb,0.0,0.0,CT2__has_bomb,False
lag_04__CT2__he,0.0,0.0,CT2__he,True
lag_04__CT1__has_bomb,0.0,0.0,CT1__has_bomb,False
lag_04__CT1__he,0.0,0.0,CT1__he,True
lag_04__T5__he,0.0,0.0,T5__he,True
lag_04__T5__has_defuser,0.0,0.0,T5__has_defuser,False
lag_04__T4__he,0.0,0.0,T4__he,True
lag_04__T4__has_defuser,0.0,0.0,T4__has_defuser,False
lag_04__T3__he,0.0,0.0,T3__he,True
lag_04__T3__has_defuser,0.0,0.0,T3__has_defuser,False
lag_04__T2__he,0.0,0.0,T2__he,True
lag_05__CT4__has_bomb,0.0,0.0,CT4__has_bomb,False
lag_05__CT3__has_bomb,0.0,0.0,CT3__has_bomb,False
lag_06__T5__has_defuser,0.0,0.0,T5__has_defuser,False
lag_06__T_B_site_smokes_last_5s,0.0,0.0,T_B_site_smokes_last_5s,True
lag_03__CT3__he,0.0,0.0,CT3__he,True
lag_06__T_A_site_mollies_last_5s,0.0,0.0,T_A_site_mollies_last_5s,True
lag_06__CT_A_site_smokes_last_5s,0.0,0.0,CT_A_site_smokes_last_5s,True
lag_06__CT_A_site_flashes_last_5s,0.0,0.0,CT_A_site_flashes_last_5s,True
lag_06__CT_A_site_he_last_5s,0.0,0.0,CT_A_site_he_last_5s,True
lag_06__CT_A_site_mollies_last_5s,0.0,0.0,CT_A_site_mollies_last_5s,True
lag_06__T_B_site_flashes_last_5s,0.0,0.0,T_B_site_flashes_last_5s,True
lag_03__CT2__he,0.0,0.0,CT2__he,True
lag_06__T_B_site_he_last_5s,0.0,0.0,T_B_site_he_last_5s,True
lag_06__T_B_site_mollies_last_5s,0.0,0.0,T_B_site_mollies_last_5s,True
lag_06__CT_B_site_smokes_last_5s,0.0,0.0,CT_B_site_smokes_last_5s,True
lag_06__CT_B_site_flashes_last_5s,0.0,0.0,CT_B_site_flashes_last_5s,True
lag_06__CT_B_site_he_last_5s,0.0,0.0,CT_B_site_he_last_5s,True
lag_03__CT2__has_bomb,0.0,0.0,CT2__has_bomb,False
lag_06__T_A_site_he_last_5s,0.0,0.0,T_A_site_he_last_5s,True
lag_03__CT3__has_bomb,0.0,0.0,CT3__has_bomb,False
lag_06__T_A_site_flashes_last_5s,0.0,0.0,T_A_site_flashes_last_5s,True
lag_06__T_A_site_smokes_last_5s,0.0,0.0,T_A_site_smokes_last_5s,True
lag_06__CT5__has_bomb,0.0,0.0,CT5__has_bomb,False
lag_06__CT5__he,0.0,0.0,CT5__he,True
lag_06__CT4__has_bomb,0.0,0.0,CT4__has_bomb,False
lag_06__CT4__he,0.0,0.0,CT4__he,True
lag_06__CT3__has_bomb,0.0,0.0,CT3__has_bomb,False
lag_06__CT3__he,0.0,0.0,CT3__he,True
lag_06__CT2__has_bomb,0.0,0.0,CT2__has_bomb,False
lag_06__CT2__he,0.0,0.0,CT2__he,True
lag_06__CT1__has_bomb,0.0,0.0,CT1__has_bomb,False
lag_03__CT4__he,0.0,0.0,CT4__he,True
lag_06__CT1__he,0.0,0.0,CT1__he,True
lag_03__CT4__has_bomb,0.0,0.0,CT4__has_bomb,False
lag_06__T5__he,0.0,0.0,T5__he,True
lag_06__CT_B_site_mollies_last_5s,0.0,0.0,CT_B_site_mollies_last_5s,True
lag_03__CT1__has_bomb,0.0,0.0,CT1__has_bomb,False
lag_05__CT3__he,0.0,0.0,CT3__he,True
lag_05__T4__has_defuser,0.0,0.0,T4__has_defuser,False
lag_05__T1__he,0.0,0.0,T1__he,True
lag_05__T2__has_defuser,0.0,0.0,T2__has_defuser,False
lag_05__T2__he,0.0,0.0,T2__he,True
lag_05__T3__has_defuser,0.0,0.0,T3__has_defuser,False
lag_03__T1__has_defuser,0.0,0.0,T1__has_defuser,False
lag_05__T3__he,0.0,0.0,T3__he,True
lag_05__T4__he,0.0,0.0,T4__he,True
lag_03__CT1__he,0.0,0.0,CT1__he,True
lag_05__T5__has_defuser,0.0,0.0,T5__has_defuser,False
lag_05__T5__he,0.0,0.0,T5__he,True
lag_05__CT1__he,0.0,0.0,CT1__he,True
lag_05__CT1__has_bomb,0.0,0.0,CT1__has_bomb,False
lag_05__CT2__he,0.0,0.0,CT2__he,True
lag_05__CT2__has_bomb,0.0,0.0,CT2__has_bomb,False
lag_05__T1__has_defuser,0.0,0.0,T1__has_defuser,False
lag_03__T1__he,0.0,0.0,T1__he,True
lag_03__T2__has_defuser,0.0,0.0,T2__has_defuser,False
lag_03__T2__he,0.0,0.0,T2__he,True
lag_05__CT_bomb_carrier_alive,0.0,0.0,CT_bomb_carrier_alive,False
lag_05__CT_he_inv,0.0,0.0,CT_he_inv,True
lag_05__CT_bomb_zone_count,0.0,0.0,CT_bomb_zone_count,False
lag_03__T3__has_defuser,0.0,0.0,T3__has_defuser,False
lag_05__T_place_UNKNOWN,0.0,0.0,T_place_UNKNOWN,False
lag_05__T_he_inv,0.0,0.0,T_he_inv,True
lag_05__T_defusing_count,0.0,0.0,T_defusing_count,False
lag_05__T_defuser_count,0.0,0.0,T_defuser_count,False
lag_03__T3__he,0.0,0.0,T3__he,True
lag_03__T4__has_defuser,0.0,0.0,T4__has_defuser,False
lag_03__T4__he,0.0,0.0,T4__he,True
lag_03__T5__has_defuser,0.0,0.0,T5__has_defuser,False
lag_03__T5__he,0.0,0.0,T5__he,True
lag_09__CT_B_site_smokes_last_5s,0.0,0.0,CT_B_site_smokes_last_5s,True
lag_09__T_B_site_mollies_last_5s,0.0,0.0,T_B_site_mollies_last_5s,True
lag_09__T_B_site_he_last_5s,0.0,0.0,T_B_site_he_last_5s,True
lag_12__CT5__has_bomb,0.0,0.0,CT5__has_bomb,False
lag_12__CT2__has_bomb,0.0,0.0,CT2__has_bomb,False
lag_12__CT3__he,0.0,0.0,CT3__he,True
lag_12__CT3__has_bomb,0.0,0.0,CT3__has_bomb,False
lag_12__CT4__he,0.0,0.0,CT4__he,True
lag_12__CT4__has_bomb,0.0,0.0,CT4__has_bomb,False
lag_12__CT5__he,0.0,0.0,CT5__he,True
lag_12__T_A_site_smokes_last_5s,0.0,0.0,T_A_site_smokes_last_5s,True
lag_12__CT_A_site_mollies_last_5s,0.0,0.0,CT_A_site_mollies_last_5s,True
lag_12__T_A_site_flashes_last_5s,0.0,0.0,T_A_site_flashes_last_5s,True
lag_12__T_A_site_he_last_5s,0.0,0.0,T_A_site_he_last_5s,True
lag_12__T_A_site_mollies_last_5s,0.0,0.0,T_A_site_mollies_last_5s,True
lag_12__CT_A_site_smokes_last_5s,0.0,0.0,CT_A_site_smokes_last_5s,True
lag_12__CT_A_site_flashes_last_5s,0.0,0.0,CT_A_site_flashes_last_5s,True
lag_01__T5__he,0.0,0.0,T5__he,True
lag_12__CT2__he,0.0,0.0,CT2__he,True
lag_12__CT1__has_bomb,0.0,0.0,CT1__has_bomb,False
lag_01__CT1__he,0.0,0.0,CT1__he,True
lag_12__CT1__he,0.0,0.0,CT1__he,True
lag_12__T5__he,0.0,0.0,T5__he,True
lag_01__CT1__has_bomb,0.0,0.0,CT1__has_bomb,False
lag_12__T5__has_defuser,0.0,0.0,T5__has_defuser,False
lag_12__T4__he,0.0,0.0,T4__he,True
lag_12__T4__has_defuser,0.0,0.0,T4__has_defuser,False
lag_12__T3__he,0.0,0.0,T3__he,True
lag_12__T3__has_defuser,0.0,0.0,T3__has_defuser,False
lag_12__T2__he,0.0,0.0,T2__he,True
lag_12__T2__has_defuser,0.0,0.0,T2__has_defuser,False
lag_12__T1__he,0.0,0.0,T1__he,True
lag_12__T1__has_defuser,0.0,0.0,T1__has_defuser,False
lag_01__CT2__he,0.0,0.0,CT2__he,True
lag_01__CT2__has_bomb,0.0,0.0,CT2__has_bomb,False
lag_12__CT_A_site_he_last_5s,0.0,0.0,CT_A_site_he_last_5s,True
lag_12__T_B_site_smokes_last_5s,0.0,0.0,T_B_site_smokes_last_5s,True
lag_12__CT_he_inv,0.0,0.0,CT_he_inv,True
lag_11__T1__he,0.0,0.0,T1__he,True
lag_11__T_place_UNKNOWN,0.0,0.0,T_place_UNKNOWN,False
lag_11__CT_bomb_zone_count,0.0,0.0,CT_bomb_zone_count,False
lag_01__T1__has_defuser,0.0,0.0,T1__has_defuser,False
lag_11__CT_he_inv,0.0,0.0,CT_he_inv,True
lag_11__CT_bomb_carrier_alive,0.0,0.0,CT_bomb_carrier_alive,False
lag_11__T1__has_defuser,0.0,0.0,T1__has_defuser,False
lag_11__T2__has_defuser,0.0,0.0,T2__has_defuser,False
lag_12__T_B_site_flashes_last_5s,0.0,0.0,T_B_site_flashes_last_5s,True
lag_11__T2__he,0.0,0.0,T2__he,True
lag_11__T3__has_defuser,0.0,0.0,T3__has_defuser,False
lag_11__T3__he,0.0,0.0,T3__he,True
lag_11__T4__has_defuser,0.0,0.0,T4__has_defuser,False
lag_11__T4__he,0.0,0.0,T4__he,True
lag_11__T5__has_defuser,0.0,0.0,T5__has_defuser,False
lag_01__T1__he,0.0,0.0,T1__he,True
lag_11__T_he_inv,0.0,0.0,T_he_inv,True
lag_11__T_defusing_count,0.0,0.0,T_defusing_count,False
lag_11__T_defuser_count,0.0,0.0,T_defuser_count,False
lag_01__T2__has_defuser,0.0,0.0,T2__has_defuser,False
lag_01__T2__he,0.0,0.0,T2__he,True
lag_01__T3__has_defuser,0.0,0.0,T3__has_defuser,False
lag_01__T3__he,0.0,0.0,T3__he,True
lag_01__T4__has_defuser,0.0,0.0,T4__has_defuser,False
lag_01__T4__he,0.0,0.0,T4__he,True
lag_12__CT_B_site_mollies_last_5s,0.0,0.0,CT_B_site_mollies_last_5s,True
lag_01__T5__has_defuser,0.0,0.0,T5__has_defuser,False
lag_12__CT_B_site_he_last_5s,0.0,0.0,CT_B_site_he_last_5s,True
lag_12__CT_B_site_flashes_last_5s,0.0,0.0,CT_B_site_flashes_last_5s,True
lag_12__CT_B_site_smokes_last_5s,0.0,0.0,CT_B_site_smokes_last_5s,True
lag_12__T_B_site_mollies_last_5s,0.0,0.0,T_B_site_mollies_last_5s,True
lag_12__T_B_site_he_last_5s,0.0,0.0,T_B_site_he_last_5s,True
lag_12__CT_bomb_carrier_alive,0.0,0.0,CT_bomb_carrier_alive,False
lag_12__CT_bomb_zone_count,0.0,0.0,CT_bomb_zone_count,False
lag_09__T_B_site_flashes_last_5s,0.0,0.0,T_B_site_flashes_last_5s,True
lag_13__CT5__he,0.0,0.0,CT5__he,True
lag_13__CT2__he,0.0,0.0,CT2__he,True
lag_13__CT2__has_bomb,0.0,0.0,CT2__has_bomb,False
lag_13__CT3__he,0.0,0.0,CT3__he,True
lag_13__CT3__has_bomb,0.0,0.0,CT3__has_bomb,False
lag_13__CT4__he,0.0,0.0,CT4__he,True
lag_13__CT4__has_bomb,0.0,0.0,CT4__has_bomb,False
lag_13__CT5__has_bomb,0.0,0.0,CT5__has_bomb,False
lag_13__CT_A_site_mollies_last_5s,0.0,0.0,CT_A_site_mollies_last_5s,True
lag_13__T_A_site_smokes_last_5s,0.0,0.0,T_A_site_smokes_last_5s,True
lag_13__T_A_site_flashes_last_5s,0.0,0.0,T_A_site_flashes_last_5s,True
lag_13__T_A_site_he_last_5s,0.0,0.0,T_A_site_he_last_5s,True
lag_13__T_A_site_mollies_last_5s,0.0,0.0,T_A_site_mollies_last_5s,True
lag_13__CT_A_site_smokes_last_5s,0.0,0.0,CT_A_site_smokes_last_5s,True
lag_13__CT_A_site_flashes_last_5s,0.0,0.0,CT_A_site_flashes_last_5s,True
lag_13__CT1__has_bomb,0.0,0.0,CT1__has_bomb,False
lag_13__CT1__he,0.0,0.0,CT1__he,True
lag_13__T5__he,0.0,0.0,T5__he,True
lag_13__T5__has_defuser,0.0,0.0,T5__has_defuser,False
lag_13__T4__he,0.0,0.0,T4__he,True
lag_13__T4__has_defuser,0.0,0.0,T4__has_defuser,False
lag_13__T3__he,0.0,0.0,T3__he,True
lag_13__T3__has_defuser,0.0,0.0,T3__has_defuser,False
lag_13__T2__he,0.0,0.0,T2__he,True
lag_13__T2__has_defuser,0.0,0.0,T2__has_defuser,False
lag_13__T1__he,0.0,0.0,T1__he,True
lag_13__T1__has_defuser,0.0,0.0,T1__has_defuser,False
lag_13__CT_bomb_carrier_alive,0.0,0.0,CT_bomb_carrier_alive,False
lag_13__CT_he_inv,0.0,0.0,CT_he_inv,True
lag_13__CT_bomb_zone_count,0.0,0.0,CT_bomb_zone_count,False
lag_13__T_place_UNKNOWN,0.0,0.0,T_place_UNKNOWN,False
lag_13__T_he_inv,0.0,0.0,T_he_inv,True
lag_13__CT_A_site_he_last_5s,0.0,0.0,CT_A_site_he_last_5s,True
lag_13__T_B_site_smokes_last_5s,0.0,0.0,T_B_site_smokes_last_5s,True
lag_12__T_place_UNKNOWN,0.0,0.0,T_place_UNKNOWN,False
lag_01__CT5__he,0.0,0.0,CT5__he,True
lag_01__CT_A_site_smokes_last_5s,0.0,0.0,CT_A_site_smokes_last_5s,True
lag_01__T_A_site_mollies_last_5s,0.0,0.0,T_A_site_mollies_last_5s,True
lag_01__T_A_site_he_last_5s,0.0,0.0,T_A_site_he_last_5s,True
lag_01__T_A_site_flashes_last_5s,0.0,0.0,T_A_site_flashes_last_5s,True
lag_01__T_A_site_smokes_last_5s,0.0,0.0,T_A_site_smokes_last_5s,True
lag_01__CT5__has_bomb,0.0,0.0,CT5__has_bomb,False
lag_01__CT4__has_bomb,0.0,0.0,CT4__has_bomb,False
lag_13__T_B_site_flashes_last_5s,0.0,0.0,T_B_site_flashes_last_5s,True
lag_01__CT4__he,0.0,0.0,CT4__he,True
lag_12__T_defuser_count,0.0,0.0,T_defuser_count,False
lag_12__T_defusing_count,0.0,0.0,T_defusing_count,False
lag_12__T_he_inv,0.0,0.0,T_he_inv,True
lag_01__CT3__has_bomb,0.0,0.0,CT3__has_bomb,False
lag_01__CT3__he,0.0,0.0,CT3__he,True
lag_01__CT_A_site_flashes_last_5s,0.0,0.0,CT_A_site_flashes_last_5s,True
lag_01__CT_A_site_he_last_5s,0.0,0.0,CT_A_site_he_last_5s,True
lag_01__CT_A_site_mollies_last_5s,0.0,0.0,CT_A_site_mollies_last_5s,True
lag_01__T_B_site_smokes_last_5s,0.0,0.0,T_B_site_smokes_last_5s,True
lag_01__T_B_site_flashes_last_5s,0.0,0.0,T_B_site_flashes_last_5s,True
lag_01__T_B_site_he_last_5s,0.0,0.0,T_B_site_he_last_5s,True
lag_01__T_B_site_mollies_last_5s,0.0,0.0,T_B_site_mollies_last_5s,True
lag_01__CT_B_site_smokes_last_5s,0.0,0.0,CT_B_site_smokes_last_5s,True
lag_01__CT_B_site_flashes_last_5s,0.0,0.0,CT_B_site_flashes_last_5s,True
lag_01__CT_B_site_he_last_5s,0.0,0.0,CT_B_site_he_last_5s,True
lag_01__CT_B_site_mollies_last_5s,0.0,0.0,CT_B_site_mollies_last_5s,True
lag_13__CT_B_site_mollies_last_5s,0.0,0.0,CT_B_site_mollies_last_5s,True
lag_13__CT_B_site_he_last_5s,0.0,0.0,CT_B_site_he_last_5s,True
lag_13__CT_B_site_flashes_last_5s,0.0,0.0,CT_B_site_flashes_last_5s,True
lag_13__CT_B_site_smokes_last_5s,0.0,0.0,CT_B_site_smokes_last_5s,True
lag_13__T_B_site_mollies_last_5s,0.0,0.0,T_B_site_mollies_last_5s,True
lag_13__T_B_site_he_last_5s,0.0,0.0,T_B_site_he_last_5s,True
lag_11__T5__he,0.0,0.0,T5__he,True
lag_11__CT1__he,0.0,0.0,CT1__he,True
lag_11__CT1__has_bomb,0.0,0.0,CT1__has_bomb,False
lag_09__T_defusing_count,0.0,0.0,T_defusing_count,False
lag_02__T_A_site_he_last_5s,0.0,0.0,T_A_site_he_last_5s,True
lag_02__T_A_site_flashes_last_5s,0.0,0.0,T_A_site_flashes_last_5s,True
lag_02__T_A_site_smokes_last_5s,0.0,0.0,T_A_site_smokes_last_5s,True
lag_02__CT5__has_bomb,0.0,0.0,CT5__has_bomb,False
lag_02__CT5__he,0.0,0.0,CT5__he,True
lag_09__T_defuser_count,0.0,0.0,T_defuser_count,False
lag_09__T_he_inv,0.0,0.0,T_he_inv,True
lag_02__CT3__he,0.0,0.0,CT3__he,True
lag_09__T_place_UNKNOWN,0.0,0.0,T_place_UNKNOWN,False
lag_02__CT4__has_bomb,0.0,0.0,CT4__has_bomb,False
lag_09__CT_bomb_zone_count,0.0,0.0,CT_bomb_zone_count,False
lag_02__CT4__he,0.0,0.0,CT4__he,True
lag_09__CT_he_inv,0.0,0.0,CT_he_inv,True
lag_09__CT_bomb_carrier_alive,0.0,0.0,CT_bomb_carrier_alive,False
lag_02__T_A_site_mollies_last_5s,0.0,0.0,T_A_site_mollies_last_5s,True
lag_02__CT_A_site_smokes_last_5s,0.0,0.0,CT_A_site_smokes_last_5s,True
lag_02__CT_A_site_flashes_last_5s,0.0,0.0,CT_A_site_flashes_last_5s,True
lag_02__CT_A_site_he_last_5s,0.0,0.0,CT_A_site_he_last_5s,True
lag_02__CT_A_site_mollies_last_5s,0.0,0.0,CT_A_site_mollies_last_5s,True
lag_02__T_B_site_smokes_last_5s,0.0,0.0,T_B_site_smokes_last_5s,True
lag_02__T_B_site_flashes_last_5s,0.0,0.0,T_B_site_flashes_last_5s,True
lag_02__T_B_site_he_last_5s,0.0,0.0,T_B_site_he_last_5s,True
lag_02__T_B_site_mollies_last_5s,0.0,0.0,T_B_site_mollies_last_5s,True
lag_02__CT_B_site_smokes_last_5s,0.0,0.0,CT_B_site_smokes_last_5s,True
lag_02__CT_B_site_flashes_last_5s,0.0,0.0,CT_B_site_flashes_last_5s,True
lag_02__CT_B_site_he_last_5s,0.0,0.0,CT_B_site_he_last_5s,True
lag_02__CT_B_site_mollies_last_5s,0.0,0.0,CT_B_site_mollies_last_5s,True
lag_10__CT_B_site_mollies_last_5s,0.0,0.0,CT_B_site_mollies_last_5s,True
lag_10__CT_B_site_he_last_5s,0.0,0.0,CT_B_site_he_last_5s,True
lag_10__CT_B_site_flashes_last_5s,0.0,0.0,CT_B_site_flashes_last_5s,True
lag_10__CT_B_site_smokes_last_5s,0.0,0.0,CT_B_site_smokes_last_5s,True
lag_02__CT3__has_bomb,0.0,0.0,CT3__has_bomb,False
lag_09__T1__has_defuser,0.0,0.0,T1__has_defuser,False
lag_11__CT2__he,0.0,0.0,CT2__he,True
lag_02__CT1__he,0.0,0.0,CT1__he,True
lag_09__CT4__has_bomb,0.0,0.0,CT4__has_bomb,False
lag_09__CT5__he,0.0,0.0,CT5__he,True
lag_09__CT5__has_bomb,0.0,0.0,CT5__has_bomb,False
lag_02__CT1__has_bomb,0.0,0.0,CT1__has_bomb,False
lag_09__T_A_site_smokes_last_5s,0.0,0.0,T_A_site_smokes_last_5s,True
lag_09__T_A_site_flashes_last_5s,0.0,0.0,T_A_site_flashes_last_5s,True
lag_09__T_A_site_he_last_5s,0.0,0.0,T_A_site_he_last_5s,True
lag_09__T1__he,0.0,0.0,T1__he,True
lag_09__T_A_site_mollies_last_5s,0.0,0.0,T_A_site_mollies_last_5s,True
lag_09__CT_A_site_smokes_last_5s,0.0,0.0,CT_A_site_smokes_last_5s,True
lag_09__CT_A_site_flashes_last_5s,0.0,0.0,CT_A_site_flashes_last_5s,True
lag_09__CT_A_site_he_last_5s,0.0,0.0,CT_A_site_he_last_5s,True
lag_09__CT_A_site_mollies_last_5s,0.0,0.0,CT_A_site_mollies_last_5s,True
lag_09__T_B_site_smokes_last_5s,0.0,0.0,T_B_site_smokes_last_5s,True
lag_09__CT4__he,0.0,0.0,CT4__he,True
lag_09__CT3__has_bomb,0.0,0.0,CT3__has_bomb,False
lag_09__CT3__he,0.0,0.0,CT3__he,True
lag_09__CT2__has_bomb,0.0,0.0,CT2__has_bomb,False
lag_09__CT2__he,0.0,0.0,CT2__he,True
lag_09__CT1__has_bomb,0.0,0.0,CT1__has_bomb,False
lag_09__CT1__he,0.0,0.0,CT1__he,True
lag_02__CT2__he,0.0,0.0,CT2__he,True
lag_09__T5__he,0.0,0.0,T5__he,True
lag_02__CT2__has_bomb,0.0,0.0,CT2__has_bomb,False
lag_09__T5__has_defuser,0.0,0.0,T5__has_defuser,False
lag_09__T4__he,0.0,0.0,T4__he,True
lag_09__T4__has_defuser,0.0,0.0,T4__has_defuser,False
lag_09__T3__he,0.0,0.0,T3__he,True
lag_09__T3__has_defuser,0.0,0.0,T3__has_defuser,False
lag_09__T2__he,0.0,0.0,T2__he,True
lag_09__T2__has_defuser,0.0,0.0,T2__has_defuser,False
lag_10__T_B_site_mollies_last_5s,0.0,0.0,T_B_site_mollies_last_5s,True
lag_10__T_B_site_he_last_5s,0.0,0.0,T_B_site_he_last_5s,True
lag_04__CT_B_site_mollies_last_5s,0.0,0.0,CT_B_site_mollies_last_5s,True
lag_01__CT_he_inv,0.0,0.0,CT_he_inv,True
lag_11__T_B_site_he_last_5s,0.0,0.0,T_B_site_he_last_5s,True
lag_11__T_B_site_mollies_last_5s,0.0,0.0,T_B_site_mollies_last_5s,True
lag_11__CT_B_site_smokes_last_5s,0.0,0.0,CT_B_site_smokes_last_5s,True
lag_01__CT_bomb_carrier_alive,0.0,0.0,CT_bomb_carrier_alive,False
lag_11__CT_B_site_flashes_last_5s,0.0,0.0,CT_B_site_flashes_last_5s,True
lag_11__CT_B_site_he_last_5s,0.0,0.0,CT_B_site_he_last_5s,True
lag_11__CT_B_site_mollies_last_5s,0.0,0.0,CT_B_site_mollies_last_5s,True
lag_10__T_B_site_smokes_last_5s,0.0,0.0,T_B_site_smokes_last_5s,True
lag_01__CT_bomb_zone_count,0.0,0.0,CT_bomb_zone_count,False
lag_01__T_place_UNKNOWN,0.0,0.0,T_place_UNKNOWN,False
lag_01__T_he_inv,0.0,0.0,T_he_inv,True
lag_01__T_defusing_count,0.0,0.0,T_defusing_count,False
lag_10__T_defuser_count,0.0,0.0,T_defuser_count,False
lag_10__T_defusing_count,0.0,0.0,T_defusing_count,False
lag_11__T_B_site_flashes_last_5s,0.0,0.0,T_B_site_flashes_last_5s,True
lag_11__T_B_site_smokes_last_5s,0.0,0.0,T_B_site_smokes_last_5s,True
lag_11__CT_A_site_mollies_last_5s,0.0,0.0,CT_A_site_mollies_last_5s,True
lag_11__CT_A_site_he_last_5s,0.0,0.0,CT_A_site_he_last_5s,True
lag_11__CT_A_site_flashes_last_5s,0.0,0.0,CT_A_site_flashes_last_5s,True
lag_11__CT_A_site_smokes_last_5s,0.0,0.0,CT_A_site_smokes_last_5s,True
lag_11__T_A_site_mollies_last_5s,0.0,0.0,T_A_site_mollies_last_5s,True
lag_11__T_A_site_he_last_5s,0.0,0.0,T_A_site_he_last_5s,True
lag_11__T_A_site_flashes_last_5s,0.0,0.0,T_A_site_flashes_last_5s,True
lag_11__T_A_site_smokes_last_5s,0.0,0.0,T_A_site_smokes_last_5s,True
lag_11__CT5__has_bomb,0.0,0.0,CT5__has_bomb,False
lag_11__CT5__he,0.0,0.0,CT5__he,True
lag_11__CT4__has_bomb,0.0,0.0,CT4__has_bomb,False
lag_11__CT4__he,0.0,0.0,CT4__he,True
lag_11__CT3__has_bomb,0.0,0.0,CT3__has_bomb,False
lag_11__CT3__he,0.0,0.0,CT3__he,True
lag_11__CT2__has_bomb,0.0,0.0,CT2__has_bomb,False
lag_01__T_defuser_count,0.0,0.0,T_defuser_count,False
lag_10__T_he_inv,0.0,0.0,T_he_inv,True
lag_10__T_place_UNKNOWN,0.0,0.0,T_place_UNKNOWN,False
lag_10__CT2__has_bomb,0.0,0.0,CT2__has_bomb,False
lag_10__CT_A_site_mollies_last_5s,0.0,0.0,CT_A_site_mollies_last_5s,True
lag_10__CT_A_site_he_last_5s,0.0,0.0,CT_A_site_he_last_5s,True
lag_10__CT_A_site_flashes_last_5s,0.0,0.0,CT_A_site_flashes_last_5s,True
lag_10__CT_A_site_smokes_last_5s,0.0,0.0,CT_A_site_smokes_last_5s,True
lag_10__T_A_site_mollies_last_5s,0.0,0.0,T_A_site_mollies_last_5s,True
lag_10__T_A_site_he_last_5s,0.0,0.0,T_A_site_he_last_5s,True
lag_10__T_A_site_flashes_last_5s,0.0,0.0,T_A_site_flashes_last_5s,True
lag_10__T_A_site_smokes_last_5s,0.0,0.0,T_A_site_smokes_last_5s,True
lag_10__CT5__has_bomb,0.0,0.0,CT5__has_bomb,False
lag_10__CT5__he,0.0,0.0,CT5__he,True
lag_10__CT4__has_bomb,0.0,0.0,CT4__has_bomb,False
lag_10__CT4__he,0.0,0.0,CT4__he,True
lag_10__CT3__has_bomb,0.0,0.0,CT3__has_bomb,False
lag_10__CT3__he,0.0,0.0,CT3__he,True
lag_10__CT2__he,0.0,0.0,CT2__he,True
lag_10__CT_bomb_zone_count,0.0,0.0,CT_bomb_zone_count,False
lag_10__CT1__has_bomb,0.0,0.0,CT1__has_bomb,False
lag_10__CT1__he,0.0,0.0,CT1__he,True
lag_10__T5__he,0.0,0.0,T5__he,True
lag_10__T5__has_defuser,0.0,0.0,T5__has_defuser,False
lag_10__T4__he,0.0,0.0,T4__he,True
lag_10__T4__has_defuser,0.0,0.0,T4__has_defuser,False
lag_10__T3__he,0.0,0.0,T3__he,True
lag_10__T3__has_defuser,0.0,0.0,T3__has_defuser,False
lag_10__T2__he,0.0,0.0,T2__he,True
lag_10__T2__has_defuser,0.0,0.0,T2__has_defuser,False
lag_10__T1__he,0.0,0.0,T1__he,True
lag_10__T1__has_defuser,0.0,0.0,T1__has_defuser,False
lag_10__CT_bomb_carrier_alive,0.0,0.0,CT_bomb_carrier_alive,False
lag_10__CT_he_inv,0.0,0.0,CT_he_inv,True
lag_10__T_B_site_flashes_last_5s,0.0,0.0,T_B_site_flashes_last_5s,True
