csv_path,round_num,tick,seconds_in_round,bomb_planted,lstm_probability,ridge_probability,delta_from_prev,ridge_delta_from_prev,ct_win,xgboost_probability,lstm_abs_error,xgboost_abs_error,closer_model,probability_delta_lstm_minus_xgboost,active_smoke_inferno,utility_damage,recent_utility_last_5s,flash_effect_present,active_recent_utility,strong_utility_action,active_smoke_count,active_inferno_count,utility_damage_sum,recent_utility_count,flash_effect_sum
processed_full/esl_pro_league_season_21/esl-pro-league-season-21-vitality-vs-the-mongolz-bo3-7VmOOQFfF_Xgx4vOG4cYIY/vitality-vs-the-mongolz-m3-inferno.csv,3,15941,0.0,0,0.0495920553803443,0.04334676,0.0,0.0,0,0.0648632422089576,0.0495920553803443,0.0648632422089576,lstm,-0.0152711868286133,False,False,False,True,True,False,0,0,0.0,0,510.0
processed_full/esl_pro_league_season_21/esl-pro-league-season-21-vitality-vs-the-mongolz-bo3-7VmOOQFfF_Xgx4vOG4cYIY/vitality-vs-the-mongolz-m3-inferno.csv,3,15973,0.5,0,0.0185101237148046,0.02220072,-0.0310819316655397,-0.021146039,0,0.0648632422089576,0.0185101237148046,0.0648632422089576,lstm,-0.046353118494153,False,False,False,True,True,False,0,0,0.0,0,510.0
processed_full/esl_pro_league_season_21/esl-pro-league-season-21-vitality-vs-the-mongolz-bo3-7VmOOQFfF_Xgx4vOG4cYIY/vitality-vs-the-mongolz-m3-inferno.csv,3,16005,1.0,0,0.0137295424938201,0.014932545,-0.0047805812209844,-0.0072681755,0,0.0634348690509796,0.0137295424938201,0.0634348690509796,lstm,-0.0497053265571595,False,False,False,True,True,False,0,0,0.0,0,510.0
processed_full/esl_pro_league_season_21/esl-pro-league-season-21-vitality-vs-the-mongolz-bo3-7VmOOQFfF_Xgx4vOG4cYIY/vitality-vs-the-mongolz-m3-inferno.csv,3,16037,1.5,0,0.0121102621778845,0.012510704,-0.0016192803159356,-0.002421841,0,0.0634348690509796,0.0121102621778845,0.0634348690509796,lstm,-0.0513246068730951,False,False,False,True,True,False,0,0,0.0,0,510.0
processed_full/esl_pro_league_season_21/esl-pro-league-season-21-vitality-vs-the-mongolz-bo3-7VmOOQFfF_Xgx4vOG4cYIY/vitality-vs-the-mongolz-m3-inferno.csv,3,16069,2.0,0,0.012508763000369,0.0127684865,0.0003985008224844,0.00025778264,0,0.0634348690509796,0.012508763000369,0.0634348690509796,lstm,-0.0509261060506106,False,False,False,True,True,False,0,0,0.0,0,510.0
processed_full/esl_pro_league_season_21/esl-pro-league-season-21-vitality-vs-the-mongolz-bo3-7VmOOQFfF_Xgx4vOG4cYIY/vitality-vs-the-mongolz-m3-inferno.csv,3,16101,2.5,0,0.0131376255303621,0.01317198,0.000628862529993,0.00040349364,0,0.0634348690509796,0.0131376255303621,0.0634348690509796,lstm,-0.0502972435206175,False,False,False,True,True,False,0,0,0.0,0,510.0
processed_full/esl_pro_league_season_21/esl-pro-league-season-21-vitality-vs-the-mongolz-bo3-7VmOOQFfF_Xgx4vOG4cYIY/vitality-vs-the-mongolz-m3-inferno.csv,3,16133,3.0,0,0.0146963121369481,0.01495144,0.0015586866065859,0.0017794594,0,0.0655717253684997,0.0146963121369481,0.0655717253684997,lstm,-0.0508754132315516,False,False,False,True,True,False,0,0,0.0,0,510.0
processed_full/esl_pro_league_season_21/esl-pro-league-season-21-vitality-vs-the-mongolz-bo3-7VmOOQFfF_Xgx4vOG4cYIY/vitality-vs-the-mongolz-m3-inferno.csv,3,16165,3.5,0,0.0178017970174551,0.017699812,0.0031054848805069,0.002748372,0,0.0651476979255676,0.0178017970174551,0.0651476979255676,lstm,-0.0473459009081125,False,False,False,True,True,False,0,0,0.0,0,510.0
processed_full/esl_pro_league_season_21/esl-pro-league-season-21-vitality-vs-the-mongolz-bo3-7VmOOQFfF_Xgx4vOG4cYIY/vitality-vs-the-mongolz-m3-inferno.csv,3,16197,4.0,0,0.0194371175020933,0.01933811,0.0016353204846382,0.0016382989,0,0.0651476979255676,0.0194371175020933,0.0651476979255676,lstm,-0.0457105804234743,False,False,False,True,True,False,0,0,0.0,0,510.0
processed_full/esl_pro_league_season_21/esl-pro-league-season-21-vitality-vs-the-mongolz-bo3-7VmOOQFfF_Xgx4vOG4cYIY/vitality-vs-the-mongolz-m3-inferno.csv,3,16229,4.5,0,0.0204710643738508,0.020581596,0.0010339468717575,0.0012434851,0,0.064582772552967,0.0204710643738508,0.064582772552967,lstm,-0.0441117081791162,False,False,False,True,True,False,0,0,0.0,0,510.0
processed_full/esl_pro_league_season_21/esl-pro-league-season-21-vitality-vs-the-mongolz-bo3-7VmOOQFfF_Xgx4vOG4cYIY/vitality-vs-the-mongolz-m3-inferno.csv,3,16261,5.0,0,0.0237584244459867,0.023239601,0.0032873600721359,0.0026580058,0,0.064582772552967,0.0237584244459867,0.064582772552967,lstm,-0.0408243481069803,False,False,False,True,True,False,0,0,0.0,0,510.0
processed_full/esl_pro_league_season_21/esl-pro-league-season-21-vitality-vs-the-mongolz-bo3-7VmOOQFfF_Xgx4vOG4cYIY/vitality-vs-the-mongolz-m3-inferno.csv,3,16293,5.5,0,0.0245979763567447,0.023956435,0.000839551910758,0.0007168334,0,0.064582772552967,0.0245979763567447,0.064582772552967,lstm,-0.0399847961962223,False,False,False,True,True,False,0,0,0.0,0,510.0
processed_full/esl_pro_league_season_21/esl-pro-league-season-21-vitality-vs-the-mongolz-bo3-7VmOOQFfF_Xgx4vOG4cYIY/vitality-vs-the-mongolz-m3-inferno.csv,3,16325,6.0,0,0.0189183242619037,0.019307803,-0.005679652094841,-0.0046486314,0,0.064582772552967,0.0189183242619037,0.064582772552967,lstm,-0.0456644482910633,False,False,False,True,True,False,0,0,0.0,0,510.0
processed_full/esl_pro_league_season_21/esl-pro-league-season-21-vitality-vs-the-mongolz-bo3-7VmOOQFfF_Xgx4vOG4cYIY/vitality-vs-the-mongolz-m3-inferno.csv,3,16357,6.5,0,0.0173807777464389,0.017692605,-0.0015375465154647,-0.0016151983,0,0.064582772552967,0.0173807777464389,0.064582772552967,lstm,-0.0472019948065281,False,False,False,True,True,False,0,0,0.0,0,510.0
processed_full/esl_pro_league_season_21/esl-pro-league-season-21-vitality-vs-the-mongolz-bo3-7VmOOQFfF_Xgx4vOG4cYIY/vitality-vs-the-mongolz-m3-inferno.csv,3,16389,7.0,0,0.0166164524853229,0.016839296,-0.000764325261116,-0.0008533094,0,0.0633788555860519,0.0166164524853229,0.0633788555860519,lstm,-0.046762403100729,False,False,False,True,True,False,0,0,0.0,0,510.0
processed_full/esl_pro_league_season_21/esl-pro-league-season-21-vitality-vs-the-mongolz-bo3-7VmOOQFfF_Xgx4vOG4cYIY/vitality-vs-the-mongolz-m3-inferno.csv,3,16421,7.5,0,0.0197527855634689,0.019537527,0.0031363330781459,0.0026982315,0,0.0644438415765762,0.0197527855634689,0.0644438415765762,lstm,-0.0446910560131073,False,False,False,True,True,False,0,0,0.0,0,510.0
processed_full/esl_pro_league_season_21/esl-pro-league-season-21-vitality-vs-the-mongolz-bo3-7VmOOQFfF_Xgx4vOG4cYIY/vitality-vs-the-mongolz-m3-inferno.csv,3,16453,8.0,0,0.0204213168472051,0.02044442,0.0006685312837362,0.0009068921,0,0.0644438415765762,0.0204213168472051,0.0644438415765762,lstm,-0.0440225247293711,False,False,False,True,True,False,0,0,0.0,0,510.0
processed_full/esl_pro_league_season_21/esl-pro-league-season-21-vitality-vs-the-mongolz-bo3-7VmOOQFfF_Xgx4vOG4cYIY/vitality-vs-the-mongolz-m3-inferno.csv,3,16485,8.5,0,0.0216845981776714,0.021911656,0.0012632813304662,0.0014672372,0,0.0644438415765762,0.0216845981776714,0.0644438415765762,lstm,-0.0427592433989048,False,False,False,True,True,False,0,0,0.0,0,510.0
processed_full/esl_pro_league_season_21/esl-pro-league-season-21-vitality-vs-the-mongolz-bo3-7VmOOQFfF_Xgx4vOG4cYIY/vitality-vs-the-mongolz-m3-inferno.csv,3,16517,9.0,0,0.0229734424501657,0.022937771,0.0012888442724943,0.0010261144,0,0.0644438415765762,0.0229734424501657,0.0644438415765762,lstm,-0.0414703991264105,False,False,False,True,True,False,0,0,0.0,0,510.0
processed_full/esl_pro_league_season_21/esl-pro-league-season-21-vitality-vs-the-mongolz-bo3-7VmOOQFfF_Xgx4vOG4cYIY/vitality-vs-the-mongolz-m3-inferno.csv,3,16549,9.5,0,0.0231288522481918,0.023085477,0.000155409798026,0.0001477059,0,0.0640014186501503,0.0231288522481918,0.0640014186501503,lstm,-0.0408725664019585,False,False,False,True,True,False,0,0,0.0,0,510.0
processed_full/esl_pro_league_season_21/esl-pro-league-season-21-vitality-vs-the-mongolz-bo3-7VmOOQFfF_Xgx4vOG4cYIY/vitality-vs-the-mongolz-m3-inferno.csv,3,16581,10.0,0,0.0228416267782449,0.023023197,-0.0002872254699468,-6.22794e-05,0,0.0640014186501503,0.0228416267782449,0.0640014186501503,lstm,-0.0411597918719053,True,False,False,True,True,True,0,1,0.0,0,510.0
processed_full/esl_pro_league_season_21/esl-pro-league-season-21-vitality-vs-the-mongolz-bo3-7VmOOQFfF_Xgx4vOG4cYIY/vitality-vs-the-mongolz-m3-inferno.csv,3,16613,10.5,0,0.0252438988536596,0.025201624,0.0024022720754146,0.0021784268,0,0.0644396096467971,0.0252438988536596,0.0644396096467971,lstm,-0.0391957107931375,True,False,False,True,True,True,0,1,0.0,0,510.0
processed_full/esl_pro_league_season_21/esl-pro-league-season-21-vitality-vs-the-mongolz-bo3-7VmOOQFfF_Xgx4vOG4cYIY/vitality-vs-the-mongolz-m3-inferno.csv,3,16645,11.0,0,0.0274489466100931,0.027045779,0.0022050477564334,0.0018441547,0,0.0656134635210037,0.0274489466100931,0.0656134635210037,lstm,-0.0381645169109106,True,False,False,True,True,True,0,2,0.0,0,510.0
processed_full/esl_pro_league_season_21/esl-pro-league-season-21-vitality-vs-the-mongolz-bo3-7VmOOQFfF_Xgx4vOG4cYIY/vitality-vs-the-mongolz-m3-inferno.csv,3,16677,11.5,0,0.0270401183515787,0.027403671,-0.0004088282585144,0.00035789236,0,0.0657241120934486,0.0270401183515787,0.0657241120934486,lstm,-0.0386839937418699,True,False,False,True,True,True,0,2,0.0,0,510.0
processed_full/esl_pro_league_season_21/esl-pro-league-season-21-vitality-vs-the-mongolz-bo3-7VmOOQFfF_Xgx4vOG4cYIY/vitality-vs-the-mongolz-m3-inferno.csv,3,16709,12.0,0,0.0312228370457887,0.031701792,0.00418271869421,0.0042981207,0,0.0657241120934486,0.0312228370457887,0.0657241120934486,lstm,-0.0345012750476599,True,False,False,True,True,True,0,2,0.0,0,510.0
processed_full/esl_pro_league_season_21/esl-pro-league-season-21-vitality-vs-the-mongolz-bo3-7VmOOQFfF_Xgx4vOG4cYIY/vitality-vs-the-mongolz-m3-inferno.csv,3,16741,12.5,0,0.0363969653844833,0.036302432,0.0051741283386945,0.0046006404,0,0.0742001011967659,0.0363969653844833,0.0742001011967659,lstm,-0.0378031358122826,True,False,False,True,True,True,0,2,0.0,0,510.0
processed_full/esl_pro_league_season_21/esl-pro-league-season-21-vitality-vs-the-mongolz-bo3-7VmOOQFfF_Xgx4vOG4cYIY/vitality-vs-the-mongolz-m3-inferno.csv,3,16773,13.0,0,0.0446368567645549,0.043784354,0.0082398913800716,0.0074819215,0,0.0758581608533859,0.0446368567645549,0.0758581608533859,lstm,-0.031221304088831,True,False,False,True,True,True,0,2,0.0,0,510.0
processed_full/esl_pro_league_season_21/esl-pro-league-season-21-vitality-vs-the-mongolz-bo3-7VmOOQFfF_Xgx4vOG4cYIY/vitality-vs-the-mongolz-m3-inferno.csv,3,16805,13.5,0,0.0464051030576229,0.045173313,0.0017682462930679,0.0013889596,0,0.0770014747977256,0.0464051030576229,0.0770014747977256,lstm,-0.0305963717401027,True,False,False,True,True,True,0,2,0.0,0,510.0
processed_full/esl_pro_league_season_21/esl-pro-league-season-21-vitality-vs-the-mongolz-bo3-7VmOOQFfF_Xgx4vOG4cYIY/vitality-vs-the-mongolz-m3-inferno.csv,3,16837,14.0,0,0.0386842936277389,0.04004121,-0.0077208094298839,-0.005132105,0,0.0770014747977256,0.0386842936277389,0.0770014747977256,lstm,-0.0383171811699867,True,False,False,True,True,True,0,2,0.0,0,510.0
processed_full/esl_pro_league_season_21/esl-pro-league-season-21-vitality-vs-the-mongolz-bo3-7VmOOQFfF_Xgx4vOG4cYIY/vitality-vs-the-mongolz-m3-inferno.csv,3,16869,14.5,0,0.0437861420214176,0.0430351,0.0051018483936786,0.0029938929,0,0.0776079073548317,0.0437861420214176,0.0776079073548317,lstm,-0.0338217653334141,True,False,False,True,True,True,0,2,0.0,0,510.0
processed_full/esl_pro_league_season_21/esl-pro-league-season-21-vitality-vs-the-mongolz-bo3-7VmOOQFfF_Xgx4vOG4cYIY/vitality-vs-the-mongolz-m3-inferno.csv,3,16901,15.0,0,0.0422630086541175,0.042044148,-0.0015231333673,-0.0009909533,0,0.0776079073548317,0.0422630086541175,0.0776079073548317,lstm,-0.0353448987007141,True,False,False,True,True,True,0,2,0.0,0,510.0
processed_full/esl_pro_league_season_21/esl-pro-league-season-21-vitality-vs-the-mongolz-bo3-7VmOOQFfF_Xgx4vOG4cYIY/vitality-vs-the-mongolz-m3-inferno.csv,3,16933,15.5,0,0.0400359034538269,0.038780913,-0.0022271052002906,-0.003263235,0,0.0776079073548317,0.0400359034538269,0.0776079073548317,lstm,-0.0375720039010048,True,False,False,True,True,True,0,2,0.0,0,510.0
processed_full/esl_pro_league_season_21/esl-pro-league-season-21-vitality-vs-the-mongolz-bo3-7VmOOQFfF_Xgx4vOG4cYIY/vitality-vs-the-mongolz-m3-inferno.csv,3,16965,16.0,0,0.0254392921924591,0.026967833,-0.0145966112613677,-0.01181308,0,0.0522022694349288,0.0254392921924591,0.0522022694349288,lstm,-0.0267629772424697,True,False,False,True,True,True,0,2,89.0,0,510.0
processed_full/esl_pro_league_season_21/esl-pro-league-season-21-vitality-vs-the-mongolz-bo3-7VmOOQFfF_Xgx4vOG4cYIY/vitality-vs-the-mongolz-m3-inferno.csv,3,16997,16.5,0,0.0225988533347845,0.022917172,-0.0028404388576745,-0.004050661,0,0.0513826049864292,0.0225988533347845,0.0513826049864292,lstm,-0.0287837516516447,True,False,False,True,True,True,0,2,89.0,0,510.0
processed_full/esl_pro_league_season_21/esl-pro-league-season-21-vitality-vs-the-mongolz-bo3-7VmOOQFfF_Xgx4vOG4cYIY/vitality-vs-the-mongolz-m3-inferno.csv,3,17029,17.0,0,0.0234144981950521,0.023558991,0.0008156448602676,0.0006418191,0,0.0511077158153057,0.0234144981950521,0.0511077158153057,lstm,-0.0276932176202536,True,False,False,True,True,True,0,1,89.0,0,510.0
processed_full/esl_pro_league_season_21/esl-pro-league-season-21-vitality-vs-the-mongolz-bo3-7VmOOQFfF_Xgx4vOG4cYIY/vitality-vs-the-mongolz-m3-inferno.csv,3,17061,17.5,0,0.0254321824759244,0.025627198,0.0020176842808723,0.0020682067,0,0.0511077158153057,0.0254321824759244,0.0511077158153057,lstm,-0.0256755333393813,True,False,False,True,True,True,0,1,89.0,0,510.0
processed_full/esl_pro_league_season_21/esl-pro-league-season-21-vitality-vs-the-mongolz-bo3-7VmOOQFfF_Xgx4vOG4cYIY/vitality-vs-the-mongolz-m3-inferno.csv,3,17093,18.0,0,0.0282458774745464,0.028292732,0.0028136949986219,0.0026655346,0,0.0506545640528202,0.0282458774745464,0.0506545640528202,lstm,-0.0224086865782738,False,False,False,True,True,False,0,0,89.0,0,510.0
processed_full/esl_pro_league_season_21/esl-pro-league-season-21-vitality-vs-the-mongolz-bo3-7VmOOQFfF_Xgx4vOG4cYIY/vitality-vs-the-mongolz-m3-inferno.csv,3,17125,18.5,0,0.0300198625773191,0.030162375,0.0017739851027727,0.0018696431,0,0.0506545640528202,0.0300198625773191,0.0506545640528202,lstm,-0.0206347014755011,False,False,False,True,True,False,0,0,89.0,0,510.0
processed_full/esl_pro_league_season_21/esl-pro-league-season-21-vitality-vs-the-mongolz-bo3-7VmOOQFfF_Xgx4vOG4cYIY/vitality-vs-the-mongolz-m3-inferno.csv,3,17157,19.0,0,0.0293572880327701,0.029416397,-0.0006625745445489,-0.0007459782,0,0.0512644425034523,0.0293572880327701,0.0512644425034523,lstm,-0.0219071544706822,False,False,False,True,True,False,0,0,89.0,0,510.0
processed_full/esl_pro_league_season_21/esl-pro-league-season-21-vitality-vs-the-mongolz-bo3-7VmOOQFfF_Xgx4vOG4cYIY/vitality-vs-the-mongolz-m3-inferno.csv,3,17189,19.5,0,0.0314457826316356,0.031165298,0.0020884945988655,0.0017489009,0,0.0530404560267925,0.0314457826316356,0.0530404560267925,lstm,-0.0215946733951569,False,False,False,True,True,False,0,0,89.0,0,510.0
processed_full/esl_pro_league_season_21/esl-pro-league-season-21-vitality-vs-the-mongolz-bo3-7VmOOQFfF_Xgx4vOG4cYIY/vitality-vs-the-mongolz-m3-inferno.csv,3,17221,20.0,0,0.0309859439730644,0.0304837,-0.0004598386585712,-0.00068159774,0,0.0513793267309665,0.0309859439730644,0.0513793267309665,lstm,-0.0203933827579021,False,False,False,True,True,False,0,0,89.0,0,510.0
processed_full/esl_pro_league_season_21/esl-pro-league-season-21-vitality-vs-the-mongolz-bo3-7VmOOQFfF_Xgx4vOG4cYIY/vitality-vs-the-mongolz-m3-inferno.csv,3,17253,20.5,0,0.0312650837004184,0.030792858,0.000279139727354,0.00030915812,0,0.0530814379453659,0.0312650837004184,0.0530814379453659,lstm,-0.0218163542449475,False,False,False,True,True,False,0,0,89.0,0,510.0
processed_full/esl_pro_league_season_21/esl-pro-league-season-21-vitality-vs-the-mongolz-bo3-7VmOOQFfF_Xgx4vOG4cYIY/vitality-vs-the-mongolz-m3-inferno.csv,3,17285,21.0,0,0.0284706484526395,0.028170057,-0.0027944352477788,-0.0026228018,0,0.0512794479727745,0.0284706484526395,0.0512794479727745,lstm,-0.022808799520135,False,False,False,True,True,False,0,0,0.0,0,510.0
processed_full/esl_pro_league_season_21/esl-pro-league-season-21-vitality-vs-the-mongolz-bo3-7VmOOQFfF_Xgx4vOG4cYIY/vitality-vs-the-mongolz-m3-inferno.csv,3,17317,21.5,0,0.0252735521644353,0.02559972,-0.0031970962882041,-0.0025703367,0,0.0512036420404911,0.0252735521644353,0.0512036420404911,lstm,-0.0259300898760558,False,False,False,True,True,False,0,0,0.0,0,510.0
processed_full/esl_pro_league_season_21/esl-pro-league-season-21-vitality-vs-the-mongolz-bo3-7VmOOQFfF_Xgx4vOG4cYIY/vitality-vs-the-mongolz-m3-inferno.csv,3,17349,22.0,0,0.0239083357155323,0.024331808,-0.001365216448903,-0.0012679119,0,0.0492758452892303,0.0239083357155323,0.0492758452892303,lstm,-0.025367509573698,False,False,False,True,True,False,0,0,0.0,0,510.0
processed_full/esl_pro_league_season_21/esl-pro-league-season-21-vitality-vs-the-mongolz-bo3-7VmOOQFfF_Xgx4vOG4cYIY/vitality-vs-the-mongolz-m3-inferno.csv,3,17381,22.5,0,0.0182477124035358,0.018695384,-0.0056606233119964,-0.005636424,0,0.0491943024098873,0.0182477124035358,0.0491943024098873,lstm,-0.0309465900063515,True,False,False,True,True,True,0,1,0.0,0,510.0
processed_full/esl_pro_league_season_21/esl-pro-league-season-21-vitality-vs-the-mongolz-bo3-7VmOOQFfF_Xgx4vOG4cYIY/vitality-vs-the-mongolz-m3-inferno.csv,3,17413,23.0,0,0.0207376182079315,0.021155892,0.0024899058043956,0.0024605077,0,0.0502686314284801,0.0207376182079315,0.0502686314284801,lstm,-0.0295310132205486,True,False,False,True,True,True,0,1,0.0,0,510.0
processed_full/esl_pro_league_season_21/esl-pro-league-season-21-vitality-vs-the-mongolz-bo3-7VmOOQFfF_Xgx4vOG4cYIY/vitality-vs-the-mongolz-m3-inferno.csv,3,17445,23.5,0,0.0200242791324853,0.02039394,-0.0007133390754461,-0.00076195225,0,0.0495781935751438,0.0200242791324853,0.0495781935751438,lstm,-0.0295539144426585,True,False,False,True,True,True,0,1,0.0,0,510.0
processed_full/esl_pro_league_season_21/esl-pro-league-season-21-vitality-vs-the-mongolz-bo3-7VmOOQFfF_Xgx4vOG4cYIY/vitality-vs-the-mongolz-m3-inferno.csv,3,17477,24.0,0,0.0211789403110742,0.020817949,0.0011546611785888,0.00042400882,0,0.0482424423098564,0.0211789403110742,0.0482424423098564,lstm,-0.0270635019987822,True,False,False,True,True,True,0,2,0.0,0,510.0
processed_full/esl_pro_league_season_21/esl-pro-league-season-21-vitality-vs-the-mongolz-bo3-7VmOOQFfF_Xgx4vOG4cYIY/vitality-vs-the-mongolz-m3-inferno.csv,3,17509,24.5,0,0.0204398110508918,0.021171395,-0.0007391292601823,0.00035344623,0,0.0478134080767631,0.0204398110508918,0.0478134080767631,lstm,-0.0273735970258713,True,False,False,True,True,True,0,2,0.0,0,510.0
processed_full/esl_pro_league_season_21/esl-pro-league-season-21-vitality-vs-the-mongolz-bo3-7VmOOQFfF_Xgx4vOG4cYIY/vitality-vs-the-mongolz-m3-inferno.csv,3,17541,25.0,0,0.0218473095446825,0.021523857,0.0014074984937906,0.00035246275,0,0.0497839227318763,0.0218473095446825,0.0497839227318763,lstm,-0.0279366131871938,True,False,False,True,True,True,0,2,0.0,0,510.0
processed_full/esl_pro_league_season_21/esl-pro-league-season-21-vitality-vs-the-mongolz-bo3-7VmOOQFfF_Xgx4vOG4cYIY/vitality-vs-the-mongolz-m3-inferno.csv,3,17573,25.5,0,0.0209770277142524,0.020380026,-0.00087028183043,-0.0011438318,0,0.0497839227318763,0.0209770277142524,0.0497839227318763,lstm,-0.0288068950176239,True,False,False,True,True,True,0,2,0.0,0,510.0
processed_full/esl_pro_league_season_21/esl-pro-league-season-21-vitality-vs-the-mongolz-bo3-7VmOOQFfF_Xgx4vOG4cYIY/vitality-vs-the-mongolz-m3-inferno.csv,3,17605,26.0,0,0.0176657084375619,0.01827415,-0.0033113192766904,-0.002105875,0,0.0497839227318763,0.0176657084375619,0.0497839227318763,lstm,-0.0321182142943144,True,False,False,True,True,True,0,2,0.0,0,510.0
processed_full/esl_pro_league_season_21/esl-pro-league-season-21-vitality-vs-the-mongolz-bo3-7VmOOQFfF_Xgx4vOG4cYIY/vitality-vs-the-mongolz-m3-inferno.csv,3,17637,26.5,0,0.0172457341104745,0.017423224,-0.0004199743270874,-0.0008509271,0,0.0498735755681991,0.0172457341104745,0.0498735755681991,lstm,-0.0326278414577246,True,False,False,True,True,True,0,2,0.0,0,510.0
processed_full/esl_pro_league_season_21/esl-pro-league-season-21-vitality-vs-the-mongolz-bo3-7VmOOQFfF_Xgx4vOG4cYIY/vitality-vs-the-mongolz-m3-inferno.csv,3,17669,27.0,0,0.019865620881319,0.018895429,0.0026198867708444,0.0014722049,0,0.0499827787280082,0.019865620881319,0.0499827787280082,lstm,-0.0301171578466892,True,False,False,True,True,True,0,2,0.0,0,510.0
processed_full/esl_pro_league_season_21/esl-pro-league-season-21-vitality-vs-the-mongolz-bo3-7VmOOQFfF_Xgx4vOG4cYIY/vitality-vs-the-mongolz-m3-inferno.csv,3,17701,27.5,0,0.0163420904427766,0.017263308,-0.0035235304385423,-0.0016321205,0,0.0499827787280082,0.0163420904427766,0.0499827787280082,lstm,-0.0336406882852316,True,False,False,True,True,True,0,2,0.0,0,510.0
processed_full/esl_pro_league_season_21/esl-pro-league-season-21-vitality-vs-the-mongolz-bo3-7VmOOQFfF_Xgx4vOG4cYIY/vitality-vs-the-mongolz-m3-inferno.csv,3,17733,28.0,0,0.0187671817839145,0.019043703,0.0024250913411378,0.0017803945,0,0.0499827787280082,0.0187671817839145,0.0499827787280082,lstm,-0.0312155969440937,True,False,False,True,True,True,0,2,0.0,0,510.0
processed_full/esl_pro_league_season_21/esl-pro-league-season-21-vitality-vs-the-mongolz-bo3-7VmOOQFfF_Xgx4vOG4cYIY/vitality-vs-the-mongolz-m3-inferno.csv,3,17765,28.5,0,0.0210638139396905,0.020338057,0.002296632155776,0.001294354,0,0.0499827787280082,0.0210638139396905,0.0499827787280082,lstm,-0.0289189647883177,True,False,False,True,True,True,0,2,0.0,0,510.0
processed_full/esl_pro_league_season_21/esl-pro-league-season-21-vitality-vs-the-mongolz-bo3-7VmOOQFfF_Xgx4vOG4cYIY/vitality-vs-the-mongolz-m3-inferno.csv,3,17797,29.0,0,0.0218368973582983,0.021361254,0.0007730834186077,0.0010231975,0,0.0499827787280082,0.0218368973582983,0.0499827787280082,lstm,-0.0281458813697099,True,False,False,True,True,True,0,2,0.0,0,510.0
processed_full/esl_pro_league_season_21/esl-pro-league-season-21-vitality-vs-the-mongolz-bo3-7VmOOQFfF_Xgx4vOG4cYIY/vitality-vs-the-mongolz-m3-inferno.csv,3,17829,29.5,0,0.0196814406663179,0.01957643,-0.0021554566919803,-0.0017848238,0,0.0493343062698841,0.0196814406663179,0.0493343062698841,lstm,-0.0296528656035662,True,False,False,True,True,True,0,1,0.0,0,510.0
processed_full/esl_pro_league_season_21/esl-pro-league-season-21-vitality-vs-the-mongolz-bo3-7VmOOQFfF_Xgx4vOG4cYIY/vitality-vs-the-mongolz-m3-inferno.csv,3,17861,30.0,0,0.018147999420762,0.018455377,-0.0015334412455558,-0.0011210535,0,0.0479183346033096,0.018147999420762,0.0479183346033096,lstm,-0.0297703351825476,True,False,False,True,True,True,0,1,0.0,0,510.0
processed_full/esl_pro_league_season_21/esl-pro-league-season-21-vitality-vs-the-mongolz-bo3-7VmOOQFfF_Xgx4vOG4cYIY/vitality-vs-the-mongolz-m3-inferno.csv,3,17893,30.5,0,0.0212337654083967,0.021272955,0.0030857659876346,0.0028175786,0,0.0455038920044899,0.0212337654083967,0.0455038920044899,lstm,-0.0242701265960932,True,False,False,True,True,True,0,1,0.0,0,524.0537030696869
processed_full/esl_pro_league_season_21/esl-pro-league-season-21-vitality-vs-the-mongolz-bo3-7VmOOQFfF_Xgx4vOG4cYIY/vitality-vs-the-mongolz-m3-inferno.csv,3,17925,31.0,0,0.0199864637106657,0.020213353,-0.001247301697731,-0.001059603,0,0.0457300879061222,0.0199864637106657,0.0457300879061222,lstm,-0.0257436241954565,True,False,False,True,True,True,0,1,0.0,0,524.0537030696869
processed_full/esl_pro_league_season_21/esl-pro-league-season-21-vitality-vs-the-mongolz-bo3-7VmOOQFfF_Xgx4vOG4cYIY/vitality-vs-the-mongolz-m3-inferno.csv,3,17957,31.5,0,0.0179663263261318,0.018648604,-0.0020201373845338,-0.0015647486,0,0.0476190336048603,0.0179663263261318,0.0476190336048603,lstm,-0.0296527072787285,False,False,False,True,True,False,0,0,0.0,0,524.0537030696869
processed_full/esl_pro_league_season_21/esl-pro-league-season-21-vitality-vs-the-mongolz-bo3-7VmOOQFfF_Xgx4vOG4cYIY/vitality-vs-the-mongolz-m3-inferno.csv,3,17989,32.0,0,0.0205209199339151,0.020136995,0.0025545936077833,0.0014883913,0,0.0457300879061222,0.0205209199339151,0.0457300879061222,lstm,-0.0252091679722071,False,False,False,True,True,False,0,0,0.0,0,520.9861793518066
processed_full/esl_pro_league_season_21/esl-pro-league-season-21-vitality-vs-the-mongolz-bo3-7VmOOQFfF_Xgx4vOG4cYIY/vitality-vs-the-mongolz-m3-inferno.csv,3,18021,32.5,0,0.0178970508277416,0.017804295,-0.0026238691061735,-0.0023327004,0,0.0457300879061222,0.0178970508277416,0.0457300879061222,lstm,-0.0278330370783806,False,False,False,True,True,False,0,0,0.0,0,520.9861793518066
processed_full/esl_pro_league_season_21/esl-pro-league-season-21-vitality-vs-the-mongolz-bo3-7VmOOQFfF_Xgx4vOG4cYIY/vitality-vs-the-mongolz-m3-inferno.csv,3,18053,33.0,0,0.0224535726010799,0.02210552,0.0045565217733383,0.0043012258,0,0.0476190336048603,0.0224535726010799,0.0476190336048603,lstm,-0.0251654610037804,False,False,False,True,True,False,0,0,0.0,0,520.9861793518066
processed_full/esl_pro_league_season_21/esl-pro-league-season-21-vitality-vs-the-mongolz-bo3-7VmOOQFfF_Xgx4vOG4cYIY/vitality-vs-the-mongolz-m3-inferno.csv,3,18085,33.5,0,0.0196654796600341,0.020470085,-0.0027880929410457,-0.001635436,0,0.0475020632147789,0.0196654796600341,0.0475020632147789,lstm,-0.0278365835547448,False,False,False,True,True,False,0,0,0.0,0,520.9861793518066
processed_full/esl_pro_league_season_21/esl-pro-league-season-21-vitality-vs-the-mongolz-bo3-7VmOOQFfF_Xgx4vOG4cYIY/vitality-vs-the-mongolz-m3-inferno.csv,3,18117,34.0,0,0.0221082475036382,0.022009522,0.002442767843604,0.0015394371,0,0.0453918613493442,0.0221082475036382,0.0453918613493442,lstm,-0.023283613845706,False,False,False,True,True,False,0,0,0.0,0,520.9861793518066
processed_full/esl_pro_league_season_21/esl-pro-league-season-21-vitality-vs-the-mongolz-bo3-7VmOOQFfF_Xgx4vOG4cYIY/vitality-vs-the-mongolz-m3-inferno.csv,3,18149,34.5,0,0.0235358215868473,0.023196291,0.001427574083209,0.0011867695,0,0.0468841716647148,0.0235358215868473,0.0468841716647148,lstm,-0.0233483500778675,False,False,False,True,True,False,0,0,0.0,0,520.9861793518066
processed_full/esl_pro_league_season_21/esl-pro-league-season-21-vitality-vs-the-mongolz-bo3-7VmOOQFfF_Xgx4vOG4cYIY/vitality-vs-the-mongolz-m3-inferno.csv,3,18181,35.0,0,0.0210393201559782,0.021561468,-0.0024965014308691,-0.0016348232,0,0.0456175282597541,0.0210393201559782,0.0456175282597541,lstm,-0.0245782081037759,False,False,False,True,True,False,0,0,0.0,0,520.9861793518066
processed_full/esl_pro_league_season_21/esl-pro-league-season-21-vitality-vs-the-mongolz-bo3-7VmOOQFfF_Xgx4vOG4cYIY/vitality-vs-the-mongolz-m3-inferno.csv,3,18213,35.5,0,0.0260455124080181,0.025412753,0.0050061922520399,0.0038512852,0,0.0456175282597541,0.0260455124080181,0.0456175282597541,lstm,-0.019572015851736,False,False,False,True,True,False,0,0,0.0,0,520.9861793518066
processed_full/esl_pro_league_season_21/esl-pro-league-season-21-vitality-vs-the-mongolz-bo3-7VmOOQFfF_Xgx4vOG4cYIY/vitality-vs-the-mongolz-m3-inferno.csv,3,18245,36.0,0,0.024837639182806,0.024800967,-0.001207873225212,-0.0006117858,0,0.0468359962105751,0.024837639182806,0.0468359962105751,lstm,-0.0219983570277691,False,False,False,True,True,False,0,0,0.0,0,520.9861793518066
processed_full/esl_pro_league_season_21/esl-pro-league-season-21-vitality-vs-the-mongolz-bo3-7VmOOQFfF_Xgx4vOG4cYIY/vitality-vs-the-mongolz-m3-inferno.csv,3,18277,36.5,0,0.0247319471091032,0.024705153,-0.0001056920737028,-9.581447e-05,0,0.0447539947926998,0.0247319471091032,0.0447539947926998,lstm,-0.0200220476835966,False,False,False,True,True,False,0,0,0.0,0,520.9861793518066
processed_full/esl_pro_league_season_21/esl-pro-league-season-21-vitality-vs-the-mongolz-bo3-7VmOOQFfF_Xgx4vOG4cYIY/vitality-vs-the-mongolz-m3-inferno.csv,3,18309,37.0,0,0.0259429477155208,0.02548389,0.0012110006064176,0.00077873655,0,0.0479369461536407,0.0259429477155208,0.0479369461536407,lstm,-0.0219939984381199,False,False,False,True,True,False,0,0,0.0,0,520.9861793518066
processed_full/esl_pro_league_season_21/esl-pro-league-season-21-vitality-vs-the-mongolz-bo3-7VmOOQFfF_Xgx4vOG4cYIY/vitality-vs-the-mongolz-m3-inferno.csv,3,18341,37.5,0,0.0228295437991619,0.023266692,-0.0031134039163589,-0.0022171978,0,0.0504456833004951,0.0228295437991619,0.0504456833004951,lstm,-0.0276161395013332,False,False,False,True,True,False,0,0,0.0,0,510.0
processed_full/esl_pro_league_season_21/esl-pro-league-season-21-vitality-vs-the-mongolz-bo3-7VmOOQFfF_Xgx4vOG4cYIY/vitality-vs-the-mongolz-m3-inferno.csv,3,18373,38.0,0,0.0224132910370826,0.021689208,-0.0004162527620792,-0.0015774835,0,0.0502872578799724,0.0224132910370826,0.0502872578799724,lstm,-0.0278739668428898,False,False,False,True,True,False,0,0,0.0,0,510.0
processed_full/esl_pro_league_season_21/esl-pro-league-season-21-vitality-vs-the-mongolz-bo3-7VmOOQFfF_Xgx4vOG4cYIY/vitality-vs-the-mongolz-m3-inferno.csv,3,18405,38.5,0,0.0136212520301342,0.01436393,-0.0087920390069484,-0.0073252786,0,0.0452325567603111,0.0136212520301342,0.0452325567603111,lstm,-0.0316113047301769,False,False,False,True,True,False,0,0,0.0,0,510.0
processed_full/esl_pro_league_season_21/esl-pro-league-season-21-vitality-vs-the-mongolz-bo3-7VmOOQFfF_Xgx4vOG4cYIY/vitality-vs-the-mongolz-m3-inferno.csv,3,18437,39.0,0,0.012192920781672,0.0121333115,-0.0014283312484622,-0.0022306181,0,0.0450125895440578,0.012192920781672,0.0450125895440578,lstm,-0.0328196687623858,False,False,False,True,True,False,0,0,0.0,0,510.0
processed_full/esl_pro_league_season_21/esl-pro-league-season-21-vitality-vs-the-mongolz-bo3-7VmOOQFfF_Xgx4vOG4cYIY/vitality-vs-the-mongolz-m3-inferno.csv,3,18469,39.5,0,0.0132238352671265,0.013249038,0.0010309144854545,0.0011157263,0,0.0449775420129299,0.0132238352671265,0.0449775420129299,lstm,-0.0317537067458034,False,False,False,True,True,False,0,0,0.0,0,510.0
processed_full/esl_pro_league_season_21/esl-pro-league-season-21-vitality-vs-the-mongolz-bo3-7VmOOQFfF_Xgx4vOG4cYIY/vitality-vs-the-mongolz-m3-inferno.csv,3,18501,40.0,0,0.0128670958802104,0.012355685,-0.0003567393869161,-0.00089335255,0,0.04490277916193,0.0128670958802104,0.04490277916193,lstm,-0.0320356832817196,False,False,False,True,True,False,0,0,0.0,0,510.0
processed_full/esl_pro_league_season_21/esl-pro-league-season-21-vitality-vs-the-mongolz-bo3-7VmOOQFfF_Xgx4vOG4cYIY/vitality-vs-the-mongolz-m3-inferno.csv,3,18533,40.5,0,0.0128510380163788,0.012758777,-1.605786383152008e-05,0.0004030913,0,0.0448337271809577,0.0128510380163788,0.0448337271809577,lstm,-0.031982689164579,False,False,False,True,True,False,0,0,0.0,0,510.0
processed_full/esl_pro_league_season_21/esl-pro-league-season-21-vitality-vs-the-mongolz-bo3-7VmOOQFfF_Xgx4vOG4cYIY/vitality-vs-the-mongolz-m3-inferno.csv,3,18565,41.0,0,0.0127553269267082,0.012387358,-9.571108967065813e-05,-0.0003714189,0,0.0449775420129299,0.0127553269267082,0.0449775420129299,lstm,-0.0322222150862217,False,False,False,True,True,False,0,0,0.0,0,510.0
processed_full/esl_pro_league_season_21/esl-pro-league-season-21-vitality-vs-the-mongolz-bo3-7VmOOQFfF_Xgx4vOG4cYIY/vitality-vs-the-mongolz-m3-inferno.csv,3,18597,41.5,0,0.0110222483053803,0.011470677,-0.0017330786213278,-0.0009166803,0,0.0449775420129299,0.0110222483053803,0.0449775420129299,lstm,-0.0339552937075496,False,False,False,True,True,False,0,0,0.0,0,510.0
processed_full/esl_pro_league_season_21/esl-pro-league-season-21-vitality-vs-the-mongolz-bo3-7VmOOQFfF_Xgx4vOG4cYIY/vitality-vs-the-mongolz-m3-inferno.csv,3,18629,42.0,0,0.010971481911838,0.01147775,-5.0766393542289734e-05,7.0724636e-06,0,0.0449775420129299,0.010971481911838,0.0449775420129299,lstm,-0.0340060601010919,False,False,False,True,True,False,0,0,0.0,0,510.0
processed_full/esl_pro_league_season_21/esl-pro-league-season-21-vitality-vs-the-mongolz-bo3-7VmOOQFfF_Xgx4vOG4cYIY/vitality-vs-the-mongolz-m3-inferno.csv,3,18661,42.5,0,0.0120188053697347,0.011827959,0.0010473234578967,0.00035020895,0,0.0451858229935169,0.0120188053697347,0.0451858229935169,lstm,-0.0331670176237822,False,False,False,True,True,False,0,0,0.0,0,510.0
processed_full/esl_pro_league_season_21/esl-pro-league-season-21-vitality-vs-the-mongolz-bo3-7VmOOQFfF_Xgx4vOG4cYIY/vitality-vs-the-mongolz-m3-inferno.csv,3,18693,43.0,0,0.0116537800058722,0.012241812,-0.0003650253638625,0.00041385368,0,0.04586036875844,0.0116537800058722,0.04586036875844,lstm,-0.0342065887525678,False,False,False,True,True,False,0,0,0.0,0,510.0
processed_full/esl_pro_league_season_21/esl-pro-league-season-21-vitality-vs-the-mongolz-bo3-7VmOOQFfF_Xgx4vOG4cYIY/vitality-vs-the-mongolz-m3-inferno.csv,3,18725,43.5,0,0.0169012490659952,0.016845277,0.0052474690601229,0.004603464,0,0.04586036875844,0.0169012490659952,0.04586036875844,lstm,-0.0289591196924448,False,False,False,True,True,False,0,0,0.0,0,510.0
processed_full/esl_pro_league_season_21/esl-pro-league-season-21-vitality-vs-the-mongolz-bo3-7VmOOQFfF_Xgx4vOG4cYIY/vitality-vs-the-mongolz-m3-inferno.csv,3,18757,44.0,0,0.019015772268176,0.018773705,0.0021145232021808,0.0019284282,0,0.0463913343846797,0.019015772268176,0.0463913343846797,lstm,-0.0273755621165037,False,False,False,True,True,False,0,0,0.0,0,510.0
processed_full/esl_pro_league_season_21/esl-pro-league-season-21-vitality-vs-the-mongolz-bo3-7VmOOQFfF_Xgx4vOG4cYIY/vitality-vs-the-mongolz-m3-inferno.csv,3,18789,44.5,0,0.019125759601593,0.019328896,0.0001099873334169,0.0005551912,0,0.0464274324476718,0.019125759601593,0.0464274324476718,lstm,-0.0273016728460788,False,False,False,True,True,False,0,0,0.0,0,510.0
processed_full/esl_pro_league_season_21/esl-pro-league-season-21-vitality-vs-the-mongolz-bo3-7VmOOQFfF_Xgx4vOG4cYIY/vitality-vs-the-mongolz-m3-inferno.csv,3,18821,45.0,0,0.0204062238335609,0.020014083,0.0012804642319679,0.00068518706,0,0.0465698316693306,0.0204062238335609,0.0465698316693306,lstm,-0.0261636078357697,False,False,False,True,True,False,0,0,0.0,0,510.0
processed_full/esl_pro_league_season_21/esl-pro-league-season-21-vitality-vs-the-mongolz-bo3-7VmOOQFfF_Xgx4vOG4cYIY/vitality-vs-the-mongolz-m3-inferno.csv,3,18853,45.5,0,0.0201788116246461,0.019968195,-0.0002274122089147,-4.5888126e-05,0,0.0465698316693306,0.0201788116246461,0.0465698316693306,lstm,-0.0263910200446844,False,False,False,True,True,False,0,0,0.0,0,510.0
processed_full/esl_pro_league_season_21/esl-pro-league-season-21-vitality-vs-the-mongolz-bo3-7VmOOQFfF_Xgx4vOG4cYIY/vitality-vs-the-mongolz-m3-inferno.csv,3,18885,46.0,0,0.0231281816959381,0.022521142,0.0029493700712919,0.002552947,0,0.0468267276883125,0.0231281816959381,0.0468267276883125,lstm,-0.0236985459923744,False,False,False,True,True,False,0,0,0.0,0,510.0
processed_full/esl_pro_league_season_21/esl-pro-league-season-21-vitality-vs-the-mongolz-bo3-7VmOOQFfF_Xgx4vOG4cYIY/vitality-vs-the-mongolz-m3-inferno.csv,3,18917,46.5,0,0.0162648987025022,0.016358398,-0.0068632829934358,-0.006162744,0,0.0179191902279853,0.0162648987025022,0.0179191902279853,lstm,-0.0016542915254831,False,False,False,True,True,False,0,0,128.0,0,510.0
processed_full/esl_pro_league_season_21/esl-pro-league-season-21-vitality-vs-the-mongolz-bo3-7VmOOQFfF_Xgx4vOG4cYIY/vitality-vs-the-mongolz-m3-inferno.csv,3,18949,47.0,0,0.015878053382039,0.016272515,-0.0003868453204631,-8.588284e-05,0,0.0171136725693941,0.015878053382039,0.0171136725693941,lstm,-0.0012356191873551,False,False,False,True,True,False,0,0,128.0,0,510.0
processed_full/esl_pro_league_season_21/esl-pro-league-season-21-vitality-vs-the-mongolz-bo3-7VmOOQFfF_Xgx4vOG4cYIY/vitality-vs-the-mongolz-m3-inferno.csv,3,18981,47.5,0,0.0164890103042125,0.016638065,0.0006109569221735,0.0003655497,0,0.0171136725693941,0.0164890103042125,0.0171136725693941,lstm,-0.0006246622651816,False,False,False,True,True,False,0,0,128.0,0,510.0
processed_full/esl_pro_league_season_21/esl-pro-league-season-21-vitality-vs-the-mongolz-bo3-7VmOOQFfF_Xgx4vOG4cYIY/vitality-vs-the-mongolz-m3-inferno.csv,3,19013,48.0,0,0.0229724775999784,0.022471456,0.0064834672957658,0.005833391,0,0.0352671705186367,0.0229724775999784,0.0352671705186367,lstm,-0.0122946929186583,False,False,False,True,True,False,0,0,128.0,0,510.0
processed_full/esl_pro_league_season_21/esl-pro-league-season-21-vitality-vs-the-mongolz-bo3-7VmOOQFfF_Xgx4vOG4cYIY/vitality-vs-the-mongolz-m3-inferno.csv,3,19045,48.5,0,0.0239521395415067,0.024375945,0.0009796619415283,0.0019044895,0,0.0352671705186367,0.0239521395415067,0.0352671705186367,lstm,-0.01131503097713,False,False,False,True,True,False,0,0,128.0,0,510.0
processed_full/esl_pro_league_season_21/esl-pro-league-season-21-vitality-vs-the-mongolz-bo3-7VmOOQFfF_Xgx4vOG4cYIY/vitality-vs-the-mongolz-m3-inferno.csv,3,19077,49.0,0,0.0265568345785141,0.026711887,0.0026046950370073,0.0023359414,0,0.0353066809475421,0.0265568345785141,0.0353066809475421,lstm,-0.008749846369028,False,False,False,True,True,False,0,0,128.0,0,510.0
processed_full/esl_pro_league_season_21/esl-pro-league-season-21-vitality-vs-the-mongolz-bo3-7VmOOQFfF_Xgx4vOG4cYIY/vitality-vs-the-mongolz-m3-inferno.csv,3,19109,49.5,0,0.029847364872694,0.029670957,0.0032905302941799,0.0029590707,0,0.0353159792721271,0.029847364872694,0.0353159792721271,lstm,-0.0054686143994331,False,False,False,True,True,False,0,0,128.0,0,510.0
processed_full/esl_pro_league_season_21/esl-pro-league-season-21-vitality-vs-the-mongolz-bo3-7VmOOQFfF_Xgx4vOG4cYIY/vitality-vs-the-mongolz-m3-inferno.csv,3,19141,50.0,0,0.0292333513498306,0.029602675,-0.0006140135228633,-6.828271e-05,0,0.03532300516963,0.0292333513498306,0.03532300516963,lstm,-0.0060896538197994,False,False,False,True,True,False,0,0,128.0,0,510.0
processed_full/esl_pro_league_season_21/esl-pro-league-season-21-vitality-vs-the-mongolz-bo3-7VmOOQFfF_Xgx4vOG4cYIY/vitality-vs-the-mongolz-m3-inferno.csv,3,19173,50.5,0,0.0321205407381057,0.030988574,0.0028871893882751,0.0013858993,0,0.03532300516963,0.0321205407381057,0.03532300516963,lstm,-0.0032024644315243,False,False,False,True,True,False,0,0,128.0,0,510.0
processed_full/esl_pro_league_season_21/esl-pro-league-season-21-vitality-vs-the-mongolz-bo3-7VmOOQFfF_Xgx4vOG4cYIY/vitality-vs-the-mongolz-m3-inferno.csv,3,19205,51.0,0,0.0274241361767053,0.027297525,-0.0046964045614004,-0.0036910493,0,0.0353359095752239,0.0274241361767053,0.0353359095752239,lstm,-0.0079117733985186,False,False,False,True,True,False,0,0,128.0,0,510.0
processed_full/esl_pro_league_season_21/esl-pro-league-season-21-vitality-vs-the-mongolz-bo3-7VmOOQFfF_Xgx4vOG4cYIY/vitality-vs-the-mongolz-m3-inferno.csv,3,19237,51.5,0,0.0228160750120878,0.023900693,-0.0046080611646175,-0.0033968315,0,0.0351827256381511,0.0228160750120878,0.0351827256381511,lstm,-0.0123666506260633,False,False,False,True,True,False,0,0,0.0,0,510.0
processed_full/esl_pro_league_season_21/esl-pro-league-season-21-vitality-vs-the-mongolz-bo3-7VmOOQFfF_Xgx4vOG4cYIY/vitality-vs-the-mongolz-m3-inferno.csv,3,19269,52.0,0,0.0262740924954414,0.026304752,0.0034580174833536,0.0024040584,0,0.0353359095752239,0.0262740924954414,0.0353359095752239,lstm,-0.0090618170797825,False,False,False,True,True,False,0,0,0.0,0,510.0
processed_full/esl_pro_league_season_21/esl-pro-league-season-21-vitality-vs-the-mongolz-bo3-7VmOOQFfF_Xgx4vOG4cYIY/vitality-vs-the-mongolz-m3-inferno.csv,3,19301,52.5,0,0.0274426341056823,0.026836975,0.0011685416102409,0.0005322229,0,0.035403337329626,0.0274426341056823,0.035403337329626,lstm,-0.0079607032239437,False,False,False,True,True,False,0,0,0.0,0,510.0
processed_full/esl_pro_league_season_21/esl-pro-league-season-21-vitality-vs-the-mongolz-bo3-7VmOOQFfF_Xgx4vOG4cYIY/vitality-vs-the-mongolz-m3-inferno.csv,3,19333,53.0,0,0.0224972311407327,0.022464689,-0.0049454029649496,-0.0043722857,0,0.0356714241206646,0.0224972311407327,0.0356714241206646,lstm,-0.0131741929799318,False,False,False,True,True,False,0,0,0.0,0,510.0
processed_full/esl_pro_league_season_21/esl-pro-league-season-21-vitality-vs-the-mongolz-bo3-7VmOOQFfF_Xgx4vOG4cYIY/vitality-vs-the-mongolz-m3-inferno.csv,3,19365,53.5,0,0.0238593090325593,0.0238155,0.0013620778918266,0.0013508108,0,0.0356714241206646,0.0238593090325593,0.0356714241206646,lstm,-0.0118121150881052,False,False,False,True,True,False,0,0,0.0,0,510.0
processed_full/esl_pro_league_season_21/esl-pro-league-season-21-vitality-vs-the-mongolz-bo3-7VmOOQFfF_Xgx4vOG4cYIY/vitality-vs-the-mongolz-m3-inferno.csv,3,19397,54.0,0,0.0191725995391607,0.019435344,-0.0046867094933986,-0.0043801554,0,0.0356714241206646,0.0191725995391607,0.0356714241206646,lstm,-0.0164988245815038,False,False,False,True,True,False,0,0,0.0,0,510.0
processed_full/esl_pro_league_season_21/esl-pro-league-season-21-vitality-vs-the-mongolz-bo3-7VmOOQFfF_Xgx4vOG4cYIY/vitality-vs-the-mongolz-m3-inferno.csv,3,19429,54.5,0,0.0200686361640691,0.020288017,0.0008960366249084,0.0008526724,0,0.0356714241206646,0.0200686361640691,0.0356714241206646,lstm,-0.0156027879565954,False,False,False,True,True,False,0,0,0.0,0,510.0
processed_full/esl_pro_league_season_21/esl-pro-league-season-21-vitality-vs-the-mongolz-bo3-7VmOOQFfF_Xgx4vOG4cYIY/vitality-vs-the-mongolz-m3-inferno.csv,3,19461,55.0,0,0.0207726284861564,0.02039121,0.0007039923220872,0.00010319427,0,0.0356714241206646,0.0207726284861564,0.0356714241206646,lstm,-0.0148987956345081,False,False,False,True,True,False,0,0,0.0,0,510.0
processed_full/esl_pro_league_season_21/esl-pro-league-season-21-vitality-vs-the-mongolz-bo3-7VmOOQFfF_Xgx4vOG4cYIY/vitality-vs-the-mongolz-m3-inferno.csv,3,19493,55.5,0,0.0212095007300376,0.019758085,0.0004368722438812,-0.0006331261,0,0.0356714241206646,0.0212095007300376,0.0356714241206646,lstm,-0.0144619233906269,False,False,False,True,True,False,0,0,0.0,0,510.0
processed_full/esl_pro_league_season_21/esl-pro-league-season-21-vitality-vs-the-mongolz-bo3-7VmOOQFfF_Xgx4vOG4cYIY/vitality-vs-the-mongolz-m3-inferno.csv,3,19525,56.0,0,0.0093625131994485,0.009939458,-0.0118469875305891,-0.009818627,0,0.027731254696846,0.0093625131994485,0.027731254696846,lstm,-0.0183687414973975,False,False,False,True,True,False,0,0,0.0,0,510.0
processed_full/esl_pro_league_season_21/esl-pro-league-season-21-vitality-vs-the-mongolz-bo3-7VmOOQFfF_Xgx4vOG4cYIY/vitality-vs-the-mongolz-m3-inferno.csv,3,19557,56.5,0,0.008544310927391,0.008687239,-0.0008182022720575,-0.0012522191,0,0.0276527591049671,0.008544310927391,0.0276527591049671,lstm,-0.0191084481775761,False,False,False,True,True,False,0,0,0.0,0,510.0
processed_full/esl_pro_league_season_21/esl-pro-league-season-21-vitality-vs-the-mongolz-bo3-7VmOOQFfF_Xgx4vOG4cYIY/vitality-vs-the-mongolz-m3-inferno.csv,3,19589,57.0,0,0.0080964406952261,0.008151673,-0.0004478702321648,-0.00053556636,0,0.027548698708415,0.0080964406952261,0.027548698708415,lstm,-0.0194522580131889,False,False,False,True,True,False,0,0,0.0,0,510.0
processed_full/esl_pro_league_season_21/esl-pro-league-season-21-vitality-vs-the-mongolz-bo3-7VmOOQFfF_Xgx4vOG4cYIY/vitality-vs-the-mongolz-m3-inferno.csv,3,19621,57.5,0,0.0086709512397646,0.008802302,0.0005745105445384,0.0006506294,0,0.027548698708415,0.0086709512397646,0.027548698708415,lstm,-0.0188777474686504,False,False,False,True,True,False,0,0,0.0,0,510.0
processed_full/esl_pro_league_season_21/esl-pro-league-season-21-vitality-vs-the-mongolz-bo3-7VmOOQFfF_Xgx4vOG4cYIY/vitality-vs-the-mongolz-m3-inferno.csv,3,19653,58.0,0,0.0095413895323872,0.009164203,0.0008704382926225,0.00036190078,0,0.0276527591049671,0.0095413895323872,0.0276527591049671,lstm,-0.0181113695725799,False,False,False,True,True,False,0,0,0.0,0,510.0
processed_full/esl_pro_league_season_21/esl-pro-league-season-21-vitality-vs-the-mongolz-bo3-7VmOOQFfF_Xgx4vOG4cYIY/vitality-vs-the-mongolz-m3-inferno.csv,3,19685,58.5,0,0.0092666260898113,0.009436905,-0.0002747634425759,0.00027270243,0,0.0276527591049671,0.0092666260898113,0.0276527591049671,lstm,-0.0183861330151558,False,False,False,True,True,False,0,0,0.0,0,510.0
processed_full/esl_pro_league_season_21/esl-pro-league-season-21-vitality-vs-the-mongolz-bo3-7VmOOQFfF_Xgx4vOG4cYIY/vitality-vs-the-mongolz-m3-inferno.csv,3,19717,59.0,0,0.0092267328873276,0.009748325,-3.989320248365402e-05,0.00031141937,0,0.0274980161339044,0.0092267328873276,0.0274980161339044,lstm,-0.0182712832465768,False,False,False,True,True,False,0,0,0.0,0,510.0
processed_full/esl_pro_league_season_21/esl-pro-league-season-21-vitality-vs-the-mongolz-bo3-7VmOOQFfF_Xgx4vOG4cYIY/vitality-vs-the-mongolz-m3-inferno.csv,3,19749,59.5,0,0.009598009288311,0.0101394635,0.0003712764009833,0.00039113872,0,0.0274432189762592,0.009598009288311,0.0274432189762592,lstm,-0.0178452096879482,False,False,False,True,True,False,0,0,0.0,0,510.0
processed_full/esl_pro_league_season_21/esl-pro-league-season-21-vitality-vs-the-mongolz-bo3-7VmOOQFfF_Xgx4vOG4cYIY/vitality-vs-the-mongolz-m3-inferno.csv,3,19781,60.0,0,0.0115494085475802,0.011353543,0.0019513992592692,0.0012140796,0,0.027548698708415,0.0115494085475802,0.027548698708415,lstm,-0.0159992901608348,False,False,False,True,True,False,0,0,0.0,0,510.0
processed_full/esl_pro_league_season_21/esl-pro-league-season-21-vitality-vs-the-mongolz-bo3-7VmOOQFfF_Xgx4vOG4cYIY/vitality-vs-the-mongolz-m3-inferno.csv,3,19813,60.5,0,0.0110027892515063,0.010877661,-0.0005466192960739,-0.00047588162,0,0.0276527591049671,0.0110027892515063,0.0276527591049671,lstm,-0.0166499698534608,False,False,False,True,True,False,0,0,0.0,0,510.0
processed_full/esl_pro_league_season_21/esl-pro-league-season-21-vitality-vs-the-mongolz-bo3-7VmOOQFfF_Xgx4vOG4cYIY/vitality-vs-the-mongolz-m3-inferno.csv,3,19845,61.0,0,0.0118653355166316,0.011935327,0.0008625462651252,0.0010576658,0,0.0276527591049671,0.0118653355166316,0.0276527591049671,lstm,-0.0157874235883355,False,False,False,True,True,False,0,0,0.0,0,510.0
processed_full/esl_pro_league_season_21/esl-pro-league-season-21-vitality-vs-the-mongolz-bo3-7VmOOQFfF_Xgx4vOG4cYIY/vitality-vs-the-mongolz-m3-inferno.csv,3,19877,61.5,0,0.012242249213159,0.011837443,0.0003769136965274,-9.7883865e-05,0,0.0276527591049671,0.012242249213159,0.0276527591049671,lstm,-0.0154105098918081,False,False,False,True,True,False,0,0,0.0,0,510.0
processed_full/esl_pro_league_season_21/esl-pro-league-season-21-vitality-vs-the-mongolz-bo3-7VmOOQFfF_Xgx4vOG4cYIY/vitality-vs-the-mongolz-m3-inferno.csv,3,19909,62.0,0,0.0118534341454505,0.012528194,-0.0003888150677084,0.0006907508,0,0.0275991782546043,0.0118534341454505,0.0275991782546043,lstm,-0.0157457441091538,True,False,False,True,True,True,1,0,0.0,0,510.0
processed_full/esl_pro_league_season_21/esl-pro-league-season-21-vitality-vs-the-mongolz-bo3-7VmOOQFfF_Xgx4vOG4cYIY/vitality-vs-the-mongolz-m3-inferno.csv,3,19941,62.5,0,0.0126029569655656,0.013263918,0.000749522820115,0.00073572434,0,0.0275991782546043,0.0126029569655656,0.0275991782546043,lstm,-0.0149962212890387,True,False,False,True,True,True,1,0,0.0,0,510.0
processed_full/esl_pro_league_season_21/esl-pro-league-season-21-vitality-vs-the-mongolz-bo3-7VmOOQFfF_Xgx4vOG4cYIY/vitality-vs-the-mongolz-m3-inferno.csv,3,19973,63.0,0,0.0134859448298811,0.013773566,0.0008829878643155,0.00050964765,0,0.0275991782546043,0.0134859448298811,0.0275991782546043,lstm,-0.0141132334247232,True,False,False,True,True,True,1,0,0.0,0,510.0
processed_full/esl_pro_league_season_21/esl-pro-league-season-21-vitality-vs-the-mongolz-bo3-7VmOOQFfF_Xgx4vOG4cYIY/vitality-vs-the-mongolz-m3-inferno.csv,3,20005,63.5,0,0.0128894401714205,0.012247384,-0.0005965046584606,-0.0015261825,0,0.0260557644069194,0.0128894401714205,0.0260557644069194,lstm,-0.0131663242354989,True,False,False,True,True,True,1,0,0.0,0,510.0
processed_full/esl_pro_league_season_21/esl-pro-league-season-21-vitality-vs-the-mongolz-bo3-7VmOOQFfF_Xgx4vOG4cYIY/vitality-vs-the-mongolz-m3-inferno.csv,3,20037,64.0,0,0.0126570994034409,0.011679253,-0.0002323407679796,-0.000568131,0,0.0260557644069194,0.0126570994034409,0.0260557644069194,lstm,-0.0133986650034785,True,False,False,True,True,True,1,0,0.0,0,510.0
processed_full/esl_pro_league_season_21/esl-pro-league-season-21-vitality-vs-the-mongolz-bo3-7VmOOQFfF_Xgx4vOG4cYIY/vitality-vs-the-mongolz-m3-inferno.csv,3,20069,64.5,0,0.0113988975062966,0.010897817,-0.0012582018971443,-0.0007814355,0,0.0260557644069194,0.0113988975062966,0.0260557644069194,lstm,-0.0146568669006228,True,False,False,True,True,True,1,0,0.0,0,510.0
processed_full/esl_pro_league_season_21/esl-pro-league-season-21-vitality-vs-the-mongolz-bo3-7VmOOQFfF_Xgx4vOG4cYIY/vitality-vs-the-mongolz-m3-inferno.csv,3,20101,65.0,0,0.0106665408238768,0.011013959,-0.0007323566824197,0.00011614151,0,0.0260557644069194,0.0106665408238768,0.0260557644069194,lstm,-0.0153892235830426,True,False,False,True,True,True,1,0,0.0,0,510.0
processed_full/esl_pro_league_season_21/esl-pro-league-season-21-vitality-vs-the-mongolz-bo3-7VmOOQFfF_Xgx4vOG4cYIY/vitality-vs-the-mongolz-m3-inferno.csv,3,20133,65.5,0,0.01060411054641,0.011036709,-6.243027746677399e-05,2.2750348e-05,0,0.0260557644069194,0.01060411054641,0.0260557644069194,lstm,-0.0154516538605094,True,False,False,True,True,True,1,0,0.0,0,510.0
processed_full/esl_pro_league_season_21/esl-pro-league-season-21-vitality-vs-the-mongolz-bo3-7VmOOQFfF_Xgx4vOG4cYIY/vitality-vs-the-mongolz-m3-inferno.csv,3,20165,66.0,0,0.0119587043300271,0.01230876,0.001354593783617,0.0012720507,0,0.0260557644069194,0.0119587043300271,0.0260557644069194,lstm,-0.0140970600768923,True,False,False,True,True,True,1,0,0.0,0,510.0
processed_full/esl_pro_league_season_21/esl-pro-league-season-21-vitality-vs-the-mongolz-bo3-7VmOOQFfF_Xgx4vOG4cYIY/vitality-vs-the-mongolz-m3-inferno.csv,3,20197,66.5,0,0.0090910317376255,0.009429995,-0.0028676725924015,-0.0028787646,0,0.0260557644069194,0.0090910317376255,0.0260557644069194,lstm,-0.0169647326692939,True,False,False,True,True,True,1,0,0.0,0,510.0
processed_full/esl_pro_league_season_21/esl-pro-league-season-21-vitality-vs-the-mongolz-bo3-7VmOOQFfF_Xgx4vOG4cYIY/vitality-vs-the-mongolz-m3-inferno.csv,3,20229,67.0,0,0.008765016682446,0.008883189,-0.0003260150551795,-0.00054680556,0,0.0259097255766391,0.008765016682446,0.0259097255766391,lstm,-0.0171447088941931,True,False,False,True,True,True,1,0,0.0,0,510.0
processed_full/esl_pro_league_season_21/esl-pro-league-season-21-vitality-vs-the-mongolz-bo3-7VmOOQFfF_Xgx4vOG4cYIY/vitality-vs-the-mongolz-m3-inferno.csv,3,20261,67.5,0,0.0081802690401673,0.007874619,-0.0005847476422786,-0.0010085702,0,0.0252689588814973,0.0081802690401673,0.0252689588814973,lstm,-0.01708868984133,True,False,False,True,True,True,1,0,0.0,0,510.0
processed_full/esl_pro_league_season_21/esl-pro-league-season-21-vitality-vs-the-mongolz-bo3-7VmOOQFfF_Xgx4vOG4cYIY/vitality-vs-the-mongolz-m3-inferno.csv,3,20293,68.0,0,0.0076902704313397,0.008028381,-0.0004899986088275,0.00015376136,0,0.0251500662416219,0.0076902704313397,0.0251500662416219,lstm,-0.0174597958102822,True,False,False,True,True,True,1,0,0.0,0,510.0
processed_full/esl_pro_league_season_21/esl-pro-league-season-21-vitality-vs-the-mongolz-bo3-7VmOOQFfF_Xgx4vOG4cYIY/vitality-vs-the-mongolz-m3-inferno.csv,3,20325,68.5,0,0.0085925385355949,0.008803327,0.0009022681042551,0.00077494606,0,0.0251036826521158,0.0085925385355949,0.0251036826521158,lstm,-0.0165111441165209,True,False,False,True,True,True,1,0,0.0,0,510.0
processed_full/esl_pro_league_season_21/esl-pro-league-season-21-vitality-vs-the-mongolz-bo3-7VmOOQFfF_Xgx4vOG4cYIY/vitality-vs-the-mongolz-m3-inferno.csv,3,20357,69.0,0,0.0099235503003001,0.009972915,0.0013310117647051,0.0011695884,0,0.0251036826521158,0.0099235503003001,0.0251036826521158,lstm,-0.0151801323518157,True,False,False,True,True,True,1,0,0.0,0,510.0
processed_full/esl_pro_league_season_21/esl-pro-league-season-21-vitality-vs-the-mongolz-bo3-7VmOOQFfF_Xgx4vOG4cYIY/vitality-vs-the-mongolz-m3-inferno.csv,3,20389,69.5,0,0.0094694457948207,0.009579565,-0.0004541045054793,-0.00039334968,0,0.0239168889820575,0.0094694457948207,0.0239168889820575,lstm,-0.0144474431872368,True,False,False,True,True,True,1,0,0.0,0,510.0
processed_full/esl_pro_league_season_21/esl-pro-league-season-21-vitality-vs-the-mongolz-bo3-7VmOOQFfF_Xgx4vOG4cYIY/vitality-vs-the-mongolz-m3-inferno.csv,3,20421,70.0,0,0.0077380528673529,0.0076650493,-0.0017313929274678,-0.0019145161,0,0.0239168889820575,0.0077380528673529,0.0239168889820575,lstm,-0.0161788361147046,True,False,False,True,True,True,1,0,0.0,0,510.0
processed_full/esl_pro_league_season_21/esl-pro-league-season-21-vitality-vs-the-mongolz-bo3-7VmOOQFfF_Xgx4vOG4cYIY/vitality-vs-the-mongolz-m3-inferno.csv,3,20453,70.5,0,0.0070240534842014,0.0073300563,-0.0007139993831515,-0.000334993,0,0.0239168889820575,0.0070240534842014,0.0239168889820575,lstm,-0.0168928354978561,True,False,False,True,True,True,1,0,0.0,0,510.0
processed_full/esl_pro_league_season_21/esl-pro-league-season-21-vitality-vs-the-mongolz-bo3-7VmOOQFfF_Xgx4vOG4cYIY/vitality-vs-the-mongolz-m3-inferno.csv,3,20485,71.0,0,0.0079377498477697,0.008372635,0.0009136963635683,0.0010425784,0,0.0239168889820575,0.0079377498477697,0.0239168889820575,lstm,-0.0159791391342878,True,False,False,True,True,True,1,0,0.0,0,510.0
processed_full/esl_pro_league_season_21/esl-pro-league-season-21-vitality-vs-the-mongolz-bo3-7VmOOQFfF_Xgx4vOG4cYIY/vitality-vs-the-mongolz-m3-inferno.csv,3,20517,71.5,0,0.0078838383778929,0.008820087,-5.3911469876766205e-05,0.00044745207,0,0.0233666021376848,0.0078838383778929,0.0233666021376848,lstm,-0.0154827637597919,True,False,False,True,True,True,1,0,0.0,0,510.0
processed_full/esl_pro_league_season_21/esl-pro-league-season-21-vitality-vs-the-mongolz-bo3-7VmOOQFfF_Xgx4vOG4cYIY/vitality-vs-the-mongolz-m3-inferno.csv,3,20549,72.0,0,0.0113841937854886,0.011306766,0.0035003554075956,0.0024866797,0,0.0243240445852279,0.0113841937854886,0.0243240445852279,lstm,-0.0129398507997393,True,False,False,True,True,True,1,0,0.0,0,510.0
processed_full/esl_pro_league_season_21/esl-pro-league-season-21-vitality-vs-the-mongolz-bo3-7VmOOQFfF_Xgx4vOG4cYIY/vitality-vs-the-mongolz-m3-inferno.csv,3,20581,72.5,0,0.0130093116313219,0.012627315,0.0016251178458333,0.0013205484,0,0.0241499450057744,0.0130093116313219,0.0241499450057744,lstm,-0.0111406333744525,True,False,False,True,True,True,1,0,0.0,0,510.0
processed_full/esl_pro_league_season_21/esl-pro-league-season-21-vitality-vs-the-mongolz-bo3-7VmOOQFfF_Xgx4vOG4cYIY/vitality-vs-the-mongolz-m3-inferno.csv,3,20613,73.0,0,0.0129701299592852,0.012925066,-3.91816720366478e-05,0.00029775128,0,0.0241499450057744,0.0129701299592852,0.0241499450057744,lstm,-0.0111798150464892,True,False,False,True,True,True,1,0,0.0,0,510.0
processed_full/esl_pro_league_season_21/esl-pro-league-season-21-vitality-vs-the-mongolz-bo3-7VmOOQFfF_Xgx4vOG4cYIY/vitality-vs-the-mongolz-m3-inferno.csv,3,20645,73.5,0,0.0136589743196964,0.013423305,0.0006888443604111,0.00049823895,0,0.0244872327893972,0.0136589743196964,0.0244872327893972,lstm,-0.0108282584697008,True,False,False,True,True,True,1,0,0.0,0,510.0
processed_full/esl_pro_league_season_21/esl-pro-league-season-21-vitality-vs-the-mongolz-bo3-7VmOOQFfF_Xgx4vOG4cYIY/vitality-vs-the-mongolz-m3-inferno.csv,3,20677,74.0,0,0.0140189547091722,0.013618711,0.0003599803894758,0.00019540638,0,0.0244872327893972,0.0140189547091722,0.0244872327893972,lstm,-0.010468278080225,True,False,False,True,True,True,1,0,0.0,0,510.0
processed_full/esl_pro_league_season_21/esl-pro-league-season-21-vitality-vs-the-mongolz-bo3-7VmOOQFfF_Xgx4vOG4cYIY/vitality-vs-the-mongolz-m3-inferno.csv,3,20709,74.5,0,0.0158887635916471,0.0154054575,0.0018698088824748,0.0017867461,0,0.0244420412927865,0.0158887635916471,0.0244420412927865,lstm,-0.0085532777011394,True,False,False,True,True,True,1,0,0.0,0,510.0
processed_full/esl_pro_league_season_21/esl-pro-league-season-21-vitality-vs-the-mongolz-bo3-7VmOOQFfF_Xgx4vOG4cYIY/vitality-vs-the-mongolz-m3-inferno.csv,3,20741,75.0,0,0.0173573326319456,0.017320963,0.0014685690402984,0.0019155052,0,0.0243495367467403,0.0173573326319456,0.0243495367467403,lstm,-0.0069922041147947,True,False,False,True,True,True,1,0,0.0,0,510.0
processed_full/esl_pro_league_season_21/esl-pro-league-season-21-vitality-vs-the-mongolz-bo3-7VmOOQFfF_Xgx4vOG4cYIY/vitality-vs-the-mongolz-m3-inferno.csv,3,20773,75.5,0,0.0166753344237804,0.016340794,-0.0006819982081651,-0.0009801686,0,0.0243495367467403,0.0166753344237804,0.0243495367467403,lstm,-0.0076742023229599,True,False,False,True,True,True,1,0,0.0,0,510.0
processed_full/esl_pro_league_season_21/esl-pro-league-season-21-vitality-vs-the-mongolz-bo3-7VmOOQFfF_Xgx4vOG4cYIY/vitality-vs-the-mongolz-m3-inferno.csv,3,20805,76.0,0,0.0175976362079381,0.01753125,0.0009223017841577,0.0011904556,0,0.0243495367467403,0.0175976362079381,0.0243495367467403,lstm,-0.0067519005388022,True,False,False,True,True,True,1,0,0.0,0,510.0
processed_full/esl_pro_league_season_21/esl-pro-league-season-21-vitality-vs-the-mongolz-bo3-7VmOOQFfF_Xgx4vOG4cYIY/vitality-vs-the-mongolz-m3-inferno.csv,3,20837,76.5,0,0.0160324051976203,0.016174661,-0.0015652310103178,-0.0013565887,0,0.0250263176858425,0.0160324051976203,0.0250263176858425,lstm,-0.0089939124882222,True,False,False,True,True,True,1,0,0.0,0,510.0
processed_full/esl_pro_league_season_21/esl-pro-league-season-21-vitality-vs-the-mongolz-bo3-7VmOOQFfF_Xgx4vOG4cYIY/vitality-vs-the-mongolz-m3-inferno.csv,3,20869,77.0,0,0.0167302079498767,0.01646138,0.0006978027522563,0.00028671883,0,0.025368146598339,0.0167302079498767,0.025368146598339,lstm,-0.0086379386484623,True,False,False,True,True,True,1,0,0.0,0,510.0
processed_full/esl_pro_league_season_21/esl-pro-league-season-21-vitality-vs-the-mongolz-bo3-7VmOOQFfF_Xgx4vOG4cYIY/vitality-vs-the-mongolz-m3-inferno.csv,3,20901,77.5,0,0.015547121874988,0.01540467,-0.0011830860748887,-0.0010567103,0,0.0253251139074563,0.015547121874988,0.0253251139074563,lstm,-0.0097779920324683,True,False,False,True,True,True,1,0,0.0,0,510.0
processed_full/esl_pro_league_season_21/esl-pro-league-season-21-vitality-vs-the-mongolz-bo3-7VmOOQFfF_Xgx4vOG4cYIY/vitality-vs-the-mongolz-m3-inferno.csv,3,20933,78.0,0,0.0144825084134936,0.014140528,-0.0010646134614944,-0.0012641419,0,0.0243495367467403,0.0144825084134936,0.0243495367467403,lstm,-0.0098670283332467,True,False,False,True,True,True,1,0,0.0,0,510.0
processed_full/esl_pro_league_season_21/esl-pro-league-season-21-vitality-vs-the-mongolz-bo3-7VmOOQFfF_Xgx4vOG4cYIY/vitality-vs-the-mongolz-m3-inferno.csv,3,20965,78.5,0,0.0098574766889214,0.011109918,-0.0046250317245721,-0.0030306093,0,0.0171368513256311,0.0098574766889214,0.0171368513256311,lstm,-0.0072793746367097,True,False,False,True,True,True,1,0,0.0,0,510.0
processed_full/esl_pro_league_season_21/esl-pro-league-season-21-vitality-vs-the-mongolz-bo3-7VmOOQFfF_Xgx4vOG4cYIY/vitality-vs-the-mongolz-m3-inferno.csv,3,20997,79.0,0,0.0118385413661599,0.0124597065,0.0019810646772384,0.0013497882,0,0.017056681215763,0.0118385413661599,0.017056681215763,lstm,-0.0052181398496031,True,False,False,True,True,True,1,0,0.0,0,510.0
processed_full/esl_pro_league_season_21/esl-pro-league-season-21-vitality-vs-the-mongolz-bo3-7VmOOQFfF_Xgx4vOG4cYIY/vitality-vs-the-mongolz-m3-inferno.csv,3,21029,79.5,0,0.0144368223845958,0.01524093,0.0025982810184359,0.0027812235,0,0.0188490729779005,0.0144368223845958,0.0188490729779005,lstm,-0.0044122505933047,True,False,False,True,True,True,1,0,0.0,0,510.0
processed_full/esl_pro_league_season_21/esl-pro-league-season-21-vitality-vs-the-mongolz-bo3-7VmOOQFfF_Xgx4vOG4cYIY/vitality-vs-the-mongolz-m3-inferno.csv,3,21061,80.0,0,0.0137819619849324,0.014133174,-0.0006548603996634,-0.001107756,0,0.0185966864228248,0.0137819619849324,0.0185966864228248,lstm,-0.0048147244378924,True,False,False,True,True,True,1,0,0.0,0,510.0
processed_full/esl_pro_league_season_21/esl-pro-league-season-21-vitality-vs-the-mongolz-bo3-7VmOOQFfF_Xgx4vOG4cYIY/vitality-vs-the-mongolz-m3-inferno.csv,3,21093,80.5,0,0.015022337436676,0.014889158,0.0012403754517436,0.00075598434,0,0.017154699191451,0.015022337436676,0.017154699191451,lstm,-0.002132361754775,True,False,False,True,True,True,1,0,0.0,0,510.0
processed_full/esl_pro_league_season_21/esl-pro-league-season-21-vitality-vs-the-mongolz-bo3-7VmOOQFfF_Xgx4vOG4cYIY/vitality-vs-the-mongolz-m3-inferno.csv,3,21125,81.0,0,0.0118469670414924,0.012180565,-0.0031753703951835,-0.0027085934,0,0.017154699191451,0.0118469670414924,0.017154699191451,lstm,-0.0053077321499586,True,False,False,True,True,True,1,0,0.0,0,510.0
processed_full/esl_pro_league_season_21/esl-pro-league-season-21-vitality-vs-the-mongolz-bo3-7VmOOQFfF_Xgx4vOG4cYIY/vitality-vs-the-mongolz-m3-inferno.csv,3,21157,81.5,0,0.0145494993776083,0.014571356,0.0027025323361158,0.0023907907,0,0.018176881596446,0.0145494993776083,0.018176881596446,lstm,-0.0036273822188377,True,False,False,True,True,True,2,0,0.0,0,510.0
processed_full/esl_pro_league_season_21/esl-pro-league-season-21-vitality-vs-the-mongolz-bo3-7VmOOQFfF_Xgx4vOG4cYIY/vitality-vs-the-mongolz-m3-inferno.csv,3,21189,82.0,0,0.017042065039277,0.016014036,0.0024925656616687,0.0014426801,0,0.0176764279603958,0.017042065039277,0.0176764279603958,lstm,-0.0006343629211188,True,False,False,True,True,True,2,0,0.0,0,510.0
processed_full/esl_pro_league_season_21/esl-pro-league-season-21-vitality-vs-the-mongolz-bo3-7VmOOQFfF_Xgx4vOG4cYIY/vitality-vs-the-mongolz-m3-inferno.csv,3,21221,82.5,0,0.0172025598585605,0.01600408,0.0001604948192834,-9.955838e-06,0,0.0176764279603958,0.0172025598585605,0.0176764279603958,lstm,-0.0004738681018353,True,False,False,True,True,True,2,0,0.0,0,510.0
processed_full/esl_pro_league_season_21/esl-pro-league-season-21-vitality-vs-the-mongolz-bo3-7VmOOQFfF_Xgx4vOG4cYIY/vitality-vs-the-mongolz-m3-inferno.csv,3,21253,83.0,0,0.0168233439326286,0.016211517,-0.0003792159259319,0.0002074372,0,0.0176764279603958,0.0168233439326286,0.0176764279603958,lstm,-0.0008530840277672,True,False,False,True,True,True,2,0,0.0,0,510.0
processed_full/esl_pro_league_season_21/esl-pro-league-season-21-vitality-vs-the-mongolz-bo3-7VmOOQFfF_Xgx4vOG4cYIY/vitality-vs-the-mongolz-m3-inferno.csv,3,21285,83.5,0,0.014811866916716,0.014400717,-0.0020114770159125,-0.0018108003,0,0.0180157739669084,0.014811866916716,0.0180157739669084,lstm,-0.0032039070501924,True,False,False,True,True,True,2,0,0.0,0,510.0
processed_full/esl_pro_league_season_21/esl-pro-league-season-21-vitality-vs-the-mongolz-bo3-7VmOOQFfF_Xgx4vOG4cYIY/vitality-vs-the-mongolz-m3-inferno.csv,3,21317,84.0,0,0.0153589947149157,0.015689347,0.0005471277981996,0.0012886301,0,0.0177470929920673,0.0153589947149157,0.0177470929920673,lstm,-0.0023880982771516,True,False,False,True,True,True,1,0,0.0,0,510.0
processed_full/esl_pro_league_season_21/esl-pro-league-season-21-vitality-vs-the-mongolz-bo3-7VmOOQFfF_Xgx4vOG4cYIY/vitality-vs-the-mongolz-m3-inferno.csv,3,21349,84.5,0,0.0150559591129422,0.015374167,-0.0003030356019735,-0.00031518005,0,0.0176764279603958,0.0150559591129422,0.0176764279603958,lstm,-0.0026204688474536,True,False,False,True,True,True,1,0,0.0,0,510.0
processed_full/esl_pro_league_season_21/esl-pro-league-season-21-vitality-vs-the-mongolz-bo3-7VmOOQFfF_Xgx4vOG4cYIY/vitality-vs-the-mongolz-m3-inferno.csv,3,21381,85.0,0,0.0130391437560319,0.014253374,-0.0020168153569102,-0.0011207927,0,0.0166819337755441,0.0130391437560319,0.0166819337755441,lstm,-0.0036427900195122,True,False,False,True,True,True,1,1,0.0,0,510.0
processed_full/esl_pro_league_season_21/esl-pro-league-season-21-vitality-vs-the-mongolz-bo3-7VmOOQFfF_Xgx4vOG4cYIY/vitality-vs-the-mongolz-m3-inferno.csv,3,21413,85.5,0,0.0152043774724006,0.016414328,0.0021652337163686,0.0021609534,0,0.0169157143682241,0.0152043774724006,0.0169157143682241,lstm,-0.0017113368958235,True,False,False,True,True,True,1,1,0.0,0,510.0
processed_full/esl_pro_league_season_21/esl-pro-league-season-21-vitality-vs-the-mongolz-bo3-7VmOOQFfF_Xgx4vOG4cYIY/vitality-vs-the-mongolz-m3-inferno.csv,3,21445,86.0,0,0.0172544326633214,0.017799573,0.0020500551909208,0.0013852455,0,0.0167937148362398,0.0172544326633214,0.0167937148362398,xgboost,0.0004607178270815,True,False,False,True,True,True,1,1,0.0,0,510.0
processed_full/esl_pro_league_season_21/esl-pro-league-season-21-vitality-vs-the-mongolz-bo3-7VmOOQFfF_Xgx4vOG4cYIY/vitality-vs-the-mongolz-m3-inferno.csv,3,21477,86.5,0,0.0184462647885084,0.01842502,0.0011918321251869,0.00062544644,0,0.0167136192321777,0.0184462647885084,0.0167136192321777,xgboost,0.0017326455563306,True,False,False,True,True,True,1,1,0.0,0,510.0
processed_full/esl_pro_league_season_21/esl-pro-league-season-21-vitality-vs-the-mongolz-bo3-7VmOOQFfF_Xgx4vOG4cYIY/vitality-vs-the-mongolz-m3-inferno.csv,3,21509,87.0,0,0.0164257884025573,0.015893085,-0.002020476385951,-0.0025319345,0,0.0175671204924583,0.0164257884025573,0.0175671204924583,lstm,-0.001141332089901,True,False,False,True,True,True,1,1,0.0,0,510.0
processed_full/esl_pro_league_season_21/esl-pro-league-season-21-vitality-vs-the-mongolz-bo3-7VmOOQFfF_Xgx4vOG4cYIY/vitality-vs-the-mongolz-m3-inferno.csv,3,21541,87.5,0,0.0175283774733543,0.016563868,0.0011025890707969,0.0006707832,0,0.0175759121775627,0.0175283774733543,0.0175759121775627,lstm,-4.753470420841219e-05,True,False,False,True,True,True,1,1,0.0,0,510.0
processed_full/esl_pro_league_season_21/esl-pro-league-season-21-vitality-vs-the-mongolz-bo3-7VmOOQFfF_Xgx4vOG4cYIY/vitality-vs-the-mongolz-m3-inferno.csv,3,21573,88.0,0,0.0170904193073511,0.016798202,-0.0004379581660032,0.0002343338,0,0.0170041974633932,0.0170904193073511,0.0170041974633932,xgboost,8.622184395788712e-05,True,False,False,True,True,True,1,1,0.0,0,510.0
processed_full/esl_pro_league_season_21/esl-pro-league-season-21-vitality-vs-the-mongolz-bo3-7VmOOQFfF_Xgx4vOG4cYIY/vitality-vs-the-mongolz-m3-inferno.csv,3,21605,88.5,0,0.0198592897504568,0.01880389,0.0027688704431056,0.0020056888,0,0.0169157143682241,0.0198592897504568,0.0169157143682241,xgboost,0.0029435753822326,True,False,False,True,True,True,1,1,0.0,0,510.0
processed_full/esl_pro_league_season_21/esl-pro-league-season-21-vitality-vs-the-mongolz-bo3-7VmOOQFfF_Xgx4vOG4cYIY/vitality-vs-the-mongolz-m3-inferno.csv,3,21637,89.0,0,0.0194858536124229,0.01898701,-0.0003734361380338,0.0001831185,0,0.0167937148362398,0.0194858536124229,0.0167937148362398,xgboost,0.002692138776183,True,False,False,True,True,True,1,1,0.0,0,510.0
processed_full/esl_pro_league_season_21/esl-pro-league-season-21-vitality-vs-the-mongolz-bo3-7VmOOQFfF_Xgx4vOG4cYIY/vitality-vs-the-mongolz-m3-inferno.csv,3,21669,89.5,0,0.0212351791560649,0.020979293,0.001749325543642,0.0019922834,0,0.0169663950800895,0.0212351791560649,0.0169663950800895,xgboost,0.0042687840759753,True,False,False,True,True,True,2,1,0.0,0,510.0
processed_full/esl_pro_league_season_21/esl-pro-league-season-21-vitality-vs-the-mongolz-bo3-7VmOOQFfF_Xgx4vOG4cYIY/vitality-vs-the-mongolz-m3-inferno.csv,3,21701,90.0,0,0.0188381746411323,0.020150658,-0.0023970045149326,-0.00082863495,0,0.0173403248190879,0.0188381746411323,0.0173403248190879,xgboost,0.0014978498220443,True,False,False,True,True,True,2,0,0.0,0,510.0
processed_full/esl_pro_league_season_21/esl-pro-league-season-21-vitality-vs-the-mongolz-bo3-7VmOOQFfF_Xgx4vOG4cYIY/vitality-vs-the-mongolz-m3-inferno.csv,3,21733,90.5,0,0.0149450292810797,0.017150195,-0.0038931453600525,-0.0030004624,0,0.0157926827669143,0.0149450292810797,0.0157926827669143,lstm,-0.0008476534858346,True,False,False,True,True,True,2,0,0.0,0,510.0
processed_full/esl_pro_league_season_21/esl-pro-league-season-21-vitality-vs-the-mongolz-bo3-7VmOOQFfF_Xgx4vOG4cYIY/vitality-vs-the-mongolz-m3-inferno.csv,3,21765,91.0,0,0.0171387158334255,0.019921578,0.0021936865523457,0.0027713832,0,0.0157502852380275,0.0171387158334255,0.0157502852380275,xgboost,0.0013884305953979,True,False,False,True,True,True,2,0,0.0,0,510.0
processed_full/esl_pro_league_season_21/esl-pro-league-season-21-vitality-vs-the-mongolz-bo3-7VmOOQFfF_Xgx4vOG4cYIY/vitality-vs-the-mongolz-m3-inferno.csv,3,21797,91.5,0,0.0210623443126678,0.025094448,0.0039236284792423,0.005172869,0,0.0274371560662984,0.0210623443126678,0.0274371560662984,lstm,-0.0063748117536306,True,False,False,True,True,True,2,0,0.0,0,510.0
processed_full/esl_pro_league_season_21/esl-pro-league-season-21-vitality-vs-the-mongolz-bo3-7VmOOQFfF_Xgx4vOG4cYIY/vitality-vs-the-mongolz-m3-inferno.csv,3,21829,92.0,0,0.0511355213820934,0.047974978,0.0300731770694255,0.02288053,0,0.0599666833877563,0.0511355213820934,0.0599666833877563,lstm,-0.0088311620056629,True,False,False,True,True,True,2,0,0.0,0,510.0
processed_full/esl_pro_league_season_21/esl-pro-league-season-21-vitality-vs-the-mongolz-bo3-7VmOOQFfF_Xgx4vOG4cYIY/vitality-vs-the-mongolz-m3-inferno.csv,3,21861,92.5,0,0.0615912936627864,0.059329536,0.010455772280693,0.011354558,0,0.0745231434702873,0.0615912936627864,0.0745231434702873,lstm,-0.0129318498075009,True,False,False,True,True,True,2,0,0.0,0,510.0
processed_full/esl_pro_league_season_21/esl-pro-league-season-21-vitality-vs-the-mongolz-bo3-7VmOOQFfF_Xgx4vOG4cYIY/vitality-vs-the-mongolz-m3-inferno.csv,3,21893,93.0,0,0.0715687796473503,0.067047484,0.0099774859845638,0.0077179484,0,0.075032465159893,0.0715687796473503,0.075032465159893,lstm,-0.0034636855125427,True,False,False,True,True,True,3,0,0.0,0,510.0
processed_full/esl_pro_league_season_21/esl-pro-league-season-21-vitality-vs-the-mongolz-bo3-7VmOOQFfF_Xgx4vOG4cYIY/vitality-vs-the-mongolz-m3-inferno.csv,3,21925,93.5,0,0.0740652605891227,0.06767389,0.0024964809417724,0.00062640756,0,0.0716250985860824,0.0740652605891227,0.0716250985860824,xgboost,0.0024401620030402,True,False,False,True,True,True,3,0,0.0,0,510.0
processed_full/esl_pro_league_season_21/esl-pro-league-season-21-vitality-vs-the-mongolz-bo3-7VmOOQFfF_Xgx4vOG4cYIY/vitality-vs-the-mongolz-m3-inferno.csv,3,21957,94.0,0,0.0436449237167835,0.04611062,-0.0304203368723392,-0.021563273,0,0.0392982773482799,0.0436449237167835,0.0392982773482799,xgboost,0.0043466463685035,True,False,False,True,True,True,3,0,0.0,0,510.0
processed_full/esl_pro_league_season_21/esl-pro-league-season-21-vitality-vs-the-mongolz-bo3-7VmOOQFfF_Xgx4vOG4cYIY/vitality-vs-the-mongolz-m3-inferno.csv,3,21989,94.5,0,0.0449013262987136,0.044605974,0.0012564025819301,-0.0015046448,0,0.0367904379963874,0.0449013262987136,0.0367904379963874,xgboost,0.0081108883023261,True,False,False,True,True,True,3,0,0.0,0,510.0
processed_full/esl_pro_league_season_21/esl-pro-league-season-21-vitality-vs-the-mongolz-bo3-7VmOOQFfF_Xgx4vOG4cYIY/vitality-vs-the-mongolz-m3-inferno.csv,3,22021,95.0,0,0.0317659378051757,0.03313089,-0.0131353884935379,-0.0114750825,0,0.0370572991669178,0.0317659378051757,0.0370572991669178,lstm,-0.0052913613617421,True,False,False,True,True,True,3,0,0.0,0,510.0
processed_full/esl_pro_league_season_21/esl-pro-league-season-21-vitality-vs-the-mongolz-bo3-7VmOOQFfF_Xgx4vOG4cYIY/vitality-vs-the-mongolz-m3-inferno.csv,3,22053,95.5,0,0.0281757358461618,0.029656973,-0.0035902019590139,-0.003473919,0,0.0370572991669178,0.0281757358461618,0.0370572991669178,lstm,-0.008881563320756,True,False,False,True,True,True,3,0,0.0,0,510.0
processed_full/esl_pro_league_season_21/esl-pro-league-season-21-vitality-vs-the-mongolz-bo3-7VmOOQFfF_Xgx4vOG4cYIY/vitality-vs-the-mongolz-m3-inferno.csv,3,22085,96.0,0,0.025649219751358,0.026320118,-0.0025265160948038,-0.0033368543,0,0.0370572991669178,0.025649219751358,0.0370572991669178,lstm,-0.0114080794155598,True,False,False,True,True,True,3,0,0.0,0,510.0
processed_full/esl_pro_league_season_21/esl-pro-league-season-21-vitality-vs-the-mongolz-bo3-7VmOOQFfF_Xgx4vOG4cYIY/vitality-vs-the-mongolz-m3-inferno.csv,3,22117,96.5,0,0.0240193251520395,0.024055714,-0.0016298945993185,-0.0022644047,0,0.0370572991669178,0.0240193251520395,0.0370572991669178,lstm,-0.0130379740148783,True,False,False,True,True,True,3,0,0.0,0,510.0
processed_full/esl_pro_league_season_21/esl-pro-league-season-21-vitality-vs-the-mongolz-bo3-7VmOOQFfF_Xgx4vOG4cYIY/vitality-vs-the-mongolz-m3-inferno.csv,3,22149,97.0,0,0.0233350675553083,0.023557374,-0.0006842575967311,-0.00049833953,0,0.0363725945353508,0.0233350675553083,0.0363725945353508,lstm,-0.0130375269800425,True,False,False,True,True,True,3,0,0.0,0,510.0
processed_full/esl_pro_league_season_21/esl-pro-league-season-21-vitality-vs-the-mongolz-bo3-7VmOOQFfF_Xgx4vOG4cYIY/vitality-vs-the-mongolz-m3-inferno.csv,3,22181,97.5,0,0.0202769823372364,0.0202175,-0.0030580852180719,-0.0033398736,0,0.0363725945353508,0.0202769823372364,0.0363725945353508,lstm,-0.0160956121981144,True,False,False,True,True,True,3,0,0.0,0,510.0
processed_full/esl_pro_league_season_21/esl-pro-league-season-21-vitality-vs-the-mongolz-bo3-7VmOOQFfF_Xgx4vOG4cYIY/vitality-vs-the-mongolz-m3-inferno.csv,3,22213,98.0,0,0.016989441588521,0.017895227,-0.0032875407487154,-0.0023222733,0,0.0327743180096149,0.016989441588521,0.0327743180096149,lstm,-0.0157848764210939,True,False,False,True,True,True,3,0,0.0,0,510.0
processed_full/esl_pro_league_season_21/esl-pro-league-season-21-vitality-vs-the-mongolz-bo3-7VmOOQFfF_Xgx4vOG4cYIY/vitality-vs-the-mongolz-m3-inferno.csv,3,22245,98.5,0,0.019038014113903,0.019237442,0.002048572525382,0.0013422146,0,0.0363725945353508,0.019038014113903,0.0363725945353508,lstm,-0.0173345804214478,True,False,False,True,True,True,3,0,0.0,0,510.0
processed_full/esl_pro_league_season_21/esl-pro-league-season-21-vitality-vs-the-mongolz-bo3-7VmOOQFfF_Xgx4vOG4cYIY/vitality-vs-the-mongolz-m3-inferno.csv,3,22277,99.0,0,0.0220669321715831,0.021451473,0.0030289180576801,0.0022140313,0,0.0370572991669178,0.0220669321715831,0.0370572991669178,lstm,-0.0149903669953347,True,False,False,True,True,True,3,0,0.0,0,510.0
processed_full/esl_pro_league_season_21/esl-pro-league-season-21-vitality-vs-the-mongolz-bo3-7VmOOQFfF_Xgx4vOG4cYIY/vitality-vs-the-mongolz-m3-inferno.csv,3,22309,99.5,0,0.0195854008197784,0.01930903,-0.0024815313518047,-0.0021424424,0,0.0379461273550987,0.0195854008197784,0.0379461273550987,lstm,-0.0183607265353203,True,False,False,True,True,True,3,0,0.0,0,510.0
processed_full/esl_pro_league_season_21/esl-pro-league-season-21-vitality-vs-the-mongolz-bo3-7VmOOQFfF_Xgx4vOG4cYIY/vitality-vs-the-mongolz-m3-inferno.csv,3,22341,100.0,0,0.0179073885083198,0.01818804,-0.0016780123114585,-0.0011209901,0,0.0370572991669178,0.0179073885083198,0.0370572991669178,lstm,-0.019149910658598,True,False,False,True,True,True,3,0,0.0,0,510.0
processed_full/esl_pro_league_season_21/esl-pro-league-season-21-vitality-vs-the-mongolz-bo3-7VmOOQFfF_Xgx4vOG4cYIY/vitality-vs-the-mongolz-m3-inferno.csv,3,22373,100.5,0,0.0191836990416049,0.018611208,0.0012763105332851,0.0004231669,0,0.0370572991669178,0.0191836990416049,0.0370572991669178,lstm,-0.0178736001253129,True,False,False,True,True,True,3,0,0.0,0,510.0
processed_full/esl_pro_league_season_21/esl-pro-league-season-21-vitality-vs-the-mongolz-bo3-7VmOOQFfF_Xgx4vOG4cYIY/vitality-vs-the-mongolz-m3-inferno.csv,3,22405,101.0,0,0.0113899270072579,0.011921449,-0.007793772034347,-0.006689759,0,0.0156948436051607,0.0113899270072579,0.0156948436051607,lstm,-0.0043049165979028,True,False,False,True,True,True,3,0,0.0,0,510.0
processed_full/esl_pro_league_season_21/esl-pro-league-season-21-vitality-vs-the-mongolz-bo3-7VmOOQFfF_Xgx4vOG4cYIY/vitality-vs-the-mongolz-m3-inferno.csv,3,22437,101.5,0,0.0045678177848458,0.005095266,-0.0068221092224121,-0.006826183,0,0.0087006315588951,0.0045678177848458,0.0087006315588951,lstm,-0.0041328137740493,True,False,False,True,True,True,3,0,0.0,0,510.0
processed_full/esl_pro_league_season_21/esl-pro-league-season-21-vitality-vs-the-mongolz-bo3-7VmOOQFfF_Xgx4vOG4cYIY/vitality-vs-the-mongolz-m3-inferno.csv,3,22469,102.0,0,0.0038876570761203,0.0038194917,-0.0006801607087254,-0.0012757741,0,0.0077482014894485,0.0038876570761203,0.0077482014894485,lstm,-0.0038605444133282,True,False,False,True,True,True,3,0,0.0,0,510.0
processed_full/esl_pro_league_season_21/esl-pro-league-season-21-vitality-vs-the-mongolz-bo3-7VmOOQFfF_Xgx4vOG4cYIY/vitality-vs-the-mongolz-m3-inferno.csv,3,22501,102.5,0,0.00396258989349,0.0037018918,7.493281736969948e-05,-0.000117599964,0,0.0077482014894485,0.00396258989349,0.0077482014894485,lstm,-0.0037856115959585,True,False,False,True,True,True,3,0,0.0,0,510.0
processed_full/esl_pro_league_season_21/esl-pro-league-season-21-vitality-vs-the-mongolz-bo3-7VmOOQFfF_Xgx4vOG4cYIY/vitality-vs-the-mongolz-m3-inferno.csv,3,22533,103.0,0,0.0035329353995621,0.0032618344,-0.0004296544939279,-0.00044005737,0,0.0078981621190905,0.0035329353995621,0.0078981621190905,lstm,-0.0043652267195284,True,False,False,True,True,True,3,0,0.0,0,510.0
processed_full/esl_pro_league_season_21/esl-pro-league-season-21-vitality-vs-the-mongolz-bo3-7VmOOQFfF_Xgx4vOG4cYIY/vitality-vs-the-mongolz-m3-inferno.csv,3,22565,103.5,0,0.0031950788106769,0.0024434514,-0.0003378565888851,-0.00081838295,0,0.0079060569405555,0.0031950788106769,0.0079060569405555,lstm,-0.0047109781298786,True,False,False,True,True,True,2,0,0.0,0,510.0
processed_full/esl_pro_league_season_21/esl-pro-league-season-21-vitality-vs-the-mongolz-bo3-7VmOOQFfF_Xgx4vOG4cYIY/vitality-vs-the-mongolz-m3-inferno.csv,3,22597,104.0,0,0.0024678350891917,0.0022010133,-0.0007272437214851,-0.00024243817,0,0.0050758067518472,0.0024678350891917,0.0050758067518472,lstm,-0.0026079716626555,True,False,False,True,True,True,2,0,0.0,0,510.0
processed_full/esl_pro_league_season_21/esl-pro-league-season-21-vitality-vs-the-mongolz-bo3-7VmOOQFfF_Xgx4vOG4cYIY/vitality-vs-the-mongolz-m3-inferno.csv,3,22629,104.5,0,0.0021681417711079,0.0024577715,-0.0002996933180838,0.00025675818,0,0.0050060404464602,0.0021681417711079,0.0050060404464602,lstm,-0.0028378986753523,True,False,False,True,True,True,2,0,0.0,0,510.0
processed_full/esl_pro_league_season_21/esl-pro-league-season-21-vitality-vs-the-mongolz-bo3-7VmOOQFfF_Xgx4vOG4cYIY/vitality-vs-the-mongolz-m3-inferno.csv,3,22661,105.0,0,0.0021392360795289,0.0023744702,-2.890569157898426e-05,-8.330122e-05,0,0.0050367061048746,0.0021392360795289,0.0050367061048746,lstm,-0.0028974700253457,True,False,False,True,True,True,2,0,0.0,0,510.0
processed_full/esl_pro_league_season_21/esl-pro-league-season-21-vitality-vs-the-mongolz-bo3-7VmOOQFfF_Xgx4vOG4cYIY/vitality-vs-the-mongolz-m3-inferno.csv,3,22693,105.5,0,0.0020778970792889,0.0025126748,-6.13390002399683e-05,0.00013820454,0,0.0050367061048746,0.0020778970792889,0.0050367061048746,lstm,-0.0029588090255857,True,False,False,True,True,True,2,0,0.0,0,510.0
processed_full/esl_pro_league_season_21/esl-pro-league-season-21-vitality-vs-the-mongolz-bo3-7VmOOQFfF_Xgx4vOG4cYIY/vitality-vs-the-mongolz-m3-inferno.csv,3,22725,106.0,0,0.0021711003500968,0.002081249,9.320327080786228e-05,-0.00043142587,0,0.0051888856105506,0.0021711003500968,0.0051888856105506,lstm,-0.0030177852604538,True,False,False,True,True,True,2,0,0.0,0,510.0
processed_full/esl_pro_league_season_21/esl-pro-league-season-21-vitality-vs-the-mongolz-bo3-7VmOOQFfF_Xgx4vOG4cYIY/vitality-vs-the-mongolz-m3-inferno.csv,3,22757,106.5,0,0.0023404797539114,0.0024873987,0.0001693794038146,0.00040614977,0,0.0052402159199118,0.0023404797539114,0.0052402159199118,lstm,-0.0028997361660004,True,False,False,True,True,True,2,0,0.0,0,510.0
processed_full/esl_pro_league_season_21/esl-pro-league-season-21-vitality-vs-the-mongolz-bo3-7VmOOQFfF_Xgx4vOG4cYIY/vitality-vs-the-mongolz-m3-inferno.csv,3,22789,107.0,0,0.0025150580331683,0.002350565,0.0001745782792568,-0.00013683364,0,0.0068455706350505,0.0025150580331683,0.0068455706350505,lstm,-0.0043305126018822,True,False,False,True,True,True,2,0,0.0,0,510.0
processed_full/esl_pro_league_season_21/esl-pro-league-season-21-vitality-vs-the-mongolz-bo3-7VmOOQFfF_Xgx4vOG4cYIY/vitality-vs-the-mongolz-m3-inferno.csv,3,22821,107.5,0,0.0025230520404875,0.0025361404,7.99400731921196e-06,0.00018557534,0,0.0077179898507893,0.0025230520404875,0.0077179898507893,lstm,-0.0051949378103018,True,False,False,True,True,True,2,0,0.0,0,510.0
processed_full/esl_pro_league_season_21/esl-pro-league-season-21-vitality-vs-the-mongolz-bo3-7VmOOQFfF_Xgx4vOG4cYIY/vitality-vs-the-mongolz-m3-inferno.csv,3,22853,108.0,1,0.0020654445979744,0.0018678308,-0.0004576074425131,-0.0006683096,0,0.006162283476442,0.0020654445979744,0.006162283476442,lstm,-0.0040968388784676,True,False,False,True,True,True,2,0,0.0,0,510.0
processed_full/esl_pro_league_season_21/esl-pro-league-season-21-vitality-vs-the-mongolz-bo3-7VmOOQFfF_Xgx4vOG4cYIY/vitality-vs-the-mongolz-m3-inferno.csv,3,22885,108.5,1,0.001924636773765,0.0017814077,-0.0001408078242093,-8.642301e-05,0,0.0060534924268722,0.001924636773765,0.0060534924268722,lstm,-0.0041288556531072,True,False,False,True,True,True,2,0,0.0,0,510.0
processed_full/esl_pro_league_season_21/esl-pro-league-season-21-vitality-vs-the-mongolz-bo3-7VmOOQFfF_Xgx4vOG4cYIY/vitality-vs-the-mongolz-m3-inferno.csv,3,22917,109.0,1,0.0018806071020662,0.0023353882,-4.402967169880867e-05,0.00055398047,0,0.0063500623218715,0.0018806071020662,0.0063500623218715,lstm,-0.0044694552198053,True,False,False,True,True,True,2,0,0.0,0,510.0
processed_full/esl_pro_league_season_21/esl-pro-league-season-21-vitality-vs-the-mongolz-bo3-7VmOOQFfF_Xgx4vOG4cYIY/vitality-vs-the-mongolz-m3-inferno.csv,3,22949,109.5,1,0.001983624882996,0.0025777481,0.0001030177809298,0.00024235994,0,0.0055451025255024,0.001983624882996,0.0055451025255024,lstm,-0.0035614776425064,True,False,False,True,True,True,2,0,0.0,0,510.0
processed_full/esl_pro_league_season_21/esl-pro-league-season-21-vitality-vs-the-mongolz-bo3-7VmOOQFfF_Xgx4vOG4cYIY/vitality-vs-the-mongolz-m3-inferno.csv,3,22981,110.0,1,0.0023248330689966,0.0024499893,0.0003412081860005,-0.00012775883,0,0.0056851063854992,0.0023248330689966,0.0056851063854992,lstm,-0.0033602733165026,True,False,False,True,True,True,2,0,0.0,0,510.0
processed_full/esl_pro_league_season_21/esl-pro-league-season-21-vitality-vs-the-mongolz-bo3-7VmOOQFfF_Xgx4vOG4cYIY/vitality-vs-the-mongolz-m3-inferno.csv,3,23013,110.5,1,0.0027708285488188,0.0019369759,0.0004459954798221,-0.00051301345,0,0.0054195052944123,0.0027708285488188,0.0054195052944123,lstm,-0.0026486767455935,True,False,False,True,True,True,2,0,0.0,0,510.0
processed_full/esl_pro_league_season_21/esl-pro-league-season-21-vitality-vs-the-mongolz-bo3-7VmOOQFfF_Xgx4vOG4cYIY/vitality-vs-the-mongolz-m3-inferno.csv,3,23045,111.0,1,0.001923578325659,0.0021741055,-0.0008472502231597,0.00023712963,0,0.0060534924268722,0.001923578325659,0.0060534924268722,lstm,-0.0041299141012132,True,False,False,True,True,True,2,0,0.0,0,510.0
processed_full/esl_pro_league_season_21/esl-pro-league-season-21-vitality-vs-the-mongolz-bo3-7VmOOQFfF_Xgx4vOG4cYIY/vitality-vs-the-mongolz-m3-inferno.csv,3,23077,111.5,1,0.0017612592782825,0.0016470328,-0.0001623190473765,-0.0005270727,0,0.0062664421275258,0.0017612592782825,0.0062664421275258,lstm,-0.0045051828492433,True,False,False,True,True,True,1,0,0.0,0,510.0
processed_full/esl_pro_league_season_21/esl-pro-league-season-21-vitality-vs-the-mongolz-bo3-7VmOOQFfF_Xgx4vOG4cYIY/vitality-vs-the-mongolz-m3-inferno.csv,3,23109,112.0,1,0.0017774817533791,0.0018957108,1.6222475096583366e-05,0.00024867803,0,0.006349965929985,0.0017774817533791,0.006349965929985,lstm,-0.0045724841766059,True,False,False,True,True,True,1,0,0.0,0,510.0
processed_full/esl_pro_league_season_21/esl-pro-league-season-21-vitality-vs-the-mongolz-bo3-7VmOOQFfF_Xgx4vOG4cYIY/vitality-vs-the-mongolz-m3-inferno.csv,3,23141,112.5,1,0.0017627589404582,0.0017709956,-1.4722812920808792e-05,-0.00012471527,0,0.0062413183040916,0.0017627589404582,0.0062413183040916,lstm,-0.0044785593636334,True,False,False,True,True,True,1,0,0.0,0,510.0
processed_full/esl_pro_league_season_21/esl-pro-league-season-21-vitality-vs-the-mongolz-bo3-7VmOOQFfF_Xgx4vOG4cYIY/vitality-vs-the-mongolz-m3-inferno.csv,3,23173,113.0,1,0.0016652174526825,0.0019148663,-9.7541487775743e-05,0.00014387071,0,0.0054108812473714,0.0016652174526825,0.0054108812473714,lstm,-0.0037456637946889,True,False,False,True,True,True,1,0,0.0,0,510.0
processed_full/esl_pro_league_season_21/esl-pro-league-season-21-vitality-vs-the-mongolz-bo3-7VmOOQFfF_Xgx4vOG4cYIY/vitality-vs-the-mongolz-m3-inferno.csv,3,23205,113.5,1,0.0016435518627986,0.001946494,-2.166558988392353e-05,3.1627715e-05,0,0.0052508078515529,0.0016435518627986,0.0052508078515529,lstm,-0.0036072559887543,True,False,False,True,True,True,1,0,0.0,0,510.0
processed_full/esl_pro_league_season_21/esl-pro-league-season-21-vitality-vs-the-mongolz-bo3-7VmOOQFfF_Xgx4vOG4cYIY/vitality-vs-the-mongolz-m3-inferno.csv,3,23237,114.0,1,0.0016218231758102,0.0013842024,-2.172868698835373e-05,-0.0005622916,0,0.0051580253057181,0.0016218231758102,0.0051580253057181,lstm,-0.0035362021299079,True,False,False,True,True,True,1,0,0.0,0,510.0
processed_full/esl_pro_league_season_21/esl-pro-league-season-21-vitality-vs-the-mongolz-bo3-7VmOOQFfF_Xgx4vOG4cYIY/vitality-vs-the-mongolz-m3-inferno.csv,3,23269,114.5,1,0.0015275365440174,0.0016881377,-9.428663179278374e-05,0.00030393526,0,0.0050795259885489,0.0015275365440174,0.0050795259885489,lstm,-0.0035519894445315,True,False,False,True,True,True,1,0,0.0,0,510.0
processed_full/esl_pro_league_season_21/esl-pro-league-season-21-vitality-vs-the-mongolz-bo3-7VmOOQFfF_Xgx4vOG4cYIY/vitality-vs-the-mongolz-m3-inferno.csv,3,23301,115.0,1,0.0014414376346394,0.001456026,-8.609890937805176e-05,-0.00023211166,0,0.0045525534078478,0.0014414376346394,0.0045525534078478,lstm,-0.0031111157732084,False,False,False,True,True,False,0,0,0.0,0,510.0
processed_full/esl_pro_league_season_21/esl-pro-league-season-21-vitality-vs-the-mongolz-bo3-7VmOOQFfF_Xgx4vOG4cYIY/vitality-vs-the-mongolz-m3-inferno.csv,3,23333,115.5,1,0.0014702078187838,0.0015130602,2.877018414437771e-05,5.7034194e-05,0,0.0049707069993019,0.0014702078187838,0.0049707069993019,lstm,-0.0035004991805181,False,False,False,True,True,False,0,0,0.0,0,510.0
processed_full/esl_pro_league_season_21/esl-pro-league-season-21-vitality-vs-the-mongolz-bo3-7VmOOQFfF_Xgx4vOG4cYIY/vitality-vs-the-mongolz-m3-inferno.csv,3,23365,116.0,1,0.0014631699305027,0.0014611408,-7.037888281047344e-06,-5.191937e-05,0,0.0049113542772829,0.0014631699305027,0.0049113542772829,lstm,-0.0034481843467802,False,False,False,True,True,False,0,0,0.0,0,510.0
processed_full/esl_pro_league_season_21/esl-pro-league-season-21-vitality-vs-the-mongolz-bo3-7VmOOQFfF_Xgx4vOG4cYIY/vitality-vs-the-mongolz-m3-inferno.csv,3,23397,116.5,1,0.0014504429418593,0.0012719035,-1.2726988643407822e-05,-0.0001892373,0,0.0050844494253396,0.0014504429418593,0.0050844494253396,lstm,-0.0036340064834803,False,False,False,True,True,False,0,0,0.0,0,510.0
processed_full/esl_pro_league_season_21/esl-pro-league-season-21-vitality-vs-the-mongolz-bo3-7VmOOQFfF_Xgx4vOG4cYIY/vitality-vs-the-mongolz-m3-inferno.csv,3,23429,117.0,1,0.0014066557632759,0.0013086013,-4.3787178583443165e-05,3.6697835e-05,0,0.0050844494253396,0.0014066557632759,0.0050844494253396,lstm,-0.0036777936620637,False,False,False,True,True,False,0,0,0.0,0,510.0
processed_full/esl_pro_league_season_21/esl-pro-league-season-21-vitality-vs-the-mongolz-bo3-7VmOOQFfF_Xgx4vOG4cYIY/vitality-vs-the-mongolz-m3-inferno.csv,3,23461,117.5,1,0.0013933409936726,0.0013546459,-1.3314769603312016e-05,4.6044588e-05,0,0.0044264486059546,0.0013933409936726,0.0044264486059546,lstm,-0.003033107612282,False,False,False,True,True,False,0,0,0.0,0,510.0
processed_full/esl_pro_league_season_21/esl-pro-league-season-21-vitality-vs-the-mongolz-bo3-7VmOOQFfF_Xgx4vOG4cYIY/vitality-vs-the-mongolz-m3-inferno.csv,3,23493,118.0,1,0.0013703057775273,0.0014895499,-2.303521614521742e-05,0.00013490394,0,0.0040047545917332,0.0013703057775273,0.0040047545917332,lstm,-0.0026344488142059,False,False,False,True,True,False,0,0,0.0,0,510.0
processed_full/esl_pro_league_season_21/esl-pro-league-season-21-vitality-vs-the-mongolz-bo3-7VmOOQFfF_Xgx4vOG4cYIY/vitality-vs-the-mongolz-m3-inferno.csv,3,23525,118.5,1,0.0013252275530248,0.0023449808,-4.507822450250387e-05,0.00085543096,0,0.0037484038621187,0.0013252275530248,0.0037484038621187,lstm,-0.0024231763090939,False,False,False,True,True,False,0,0,0.0,0,510.0
processed_full/esl_pro_league_season_21/esl-pro-league-season-21-vitality-vs-the-mongolz-bo3-7VmOOQFfF_Xgx4vOG4cYIY/vitality-vs-the-mongolz-m3-inferno.csv,3,23557,119.0,1,0.0013257154496386,0.0017482229,4.878966137766838e-07,-0.000596758,0,0.0033564872574061,0.0013257154496386,0.0033564872574061,lstm,-0.0020307718077675,False,False,False,True,True,False,0,0,0.0,0,510.0
processed_full/esl_pro_league_season_21/esl-pro-league-season-21-vitality-vs-the-mongolz-bo3-7VmOOQFfF_Xgx4vOG4cYIY/vitality-vs-the-mongolz-m3-inferno.csv,3,23589,119.5,1,0.0013336378615349,0.00072027,7.922411896288395e-06,-0.0010279529,0,0.0032604716252535,0.0013336378615349,0.0032604716252535,lstm,-0.0019268337637186,False,False,False,True,True,False,0,0,0.0,0,510.0
processed_full/esl_pro_league_season_21/esl-pro-league-season-21-vitality-vs-the-mongolz-bo3-7VmOOQFfF_Xgx4vOG4cYIY/vitality-vs-the-mongolz-m3-inferno.csv,3,23621,120.0,1,0.0012877156259492,0.00034533814,-4.592223558574915e-05,-0.00037493184,0,0.0030593608971685,0.0012877156259492,0.0030593608971685,lstm,-0.0017716452712193,False,False,False,True,True,False,0,0,0.0,0,510.0
processed_full/esl_pro_league_season_21/esl-pro-league-season-21-vitality-vs-the-mongolz-bo3-7VmOOQFfF_Xgx4vOG4cYIY/vitality-vs-the-mongolz-m3-inferno.csv,3,23653,120.5,1,0.0013083727099001,3.5457313e-05,2.065708395093679e-05,-0.00030988082,0,0.0025529102422297,0.0013083727099001,0.0025529102422297,lstm,-0.0012445375323296,False,False,False,True,True,False,0,0,0.0,0,510.0
processed_full/esl_pro_league_season_21/esl-pro-league-season-21-vitality-vs-the-mongolz-bo3-7VmOOQFfF_Xgx4vOG4cYIY/vitality-vs-the-mongolz-m3-inferno.csv,3,23685,121.0,1,0.0012972356053069,0.00033826753,-1.1137104593217371e-05,0.00030281022,0,0.0025223335251212,0.0012972356053069,0.0025223335251212,lstm,-0.0012250979198143,False,False,False,True,True,False,0,0,0.0,0,510.0
processed_full/esl_pro_league_season_21/esl-pro-league-season-21-vitality-vs-the-mongolz-bo3-7VmOOQFfF_Xgx4vOG4cYIY/vitality-vs-the-mongolz-m3-inferno.csv,3,23717,121.5,1,0.0012888653436675,0.00044171512,-8.370261639356613e-06,0.000103447586,0,0.0025373285170644,0.0012888653436675,0.0025373285170644,lstm,-0.0012484631733969,False,False,False,True,True,False,0,0,0.0,0,510.0
processed_full/esl_pro_league_season_21/esl-pro-league-season-21-vitality-vs-the-mongolz-bo3-7VmOOQFfF_Xgx4vOG4cYIY/vitality-vs-the-mongolz-m3-inferno.csv,3,23749,122.0,1,0.0013129957951605,0.0010142475,2.413045149296522e-05,0.0005725324,0,0.0025373285170644,0.0013129957951605,0.0025373285170644,lstm,-0.0012243327219039,False,False,False,True,True,False,0,0,0.0,0,510.0
processed_full/esl_pro_league_season_21/esl-pro-league-season-21-vitality-vs-the-mongolz-bo3-7VmOOQFfF_Xgx4vOG4cYIY/vitality-vs-the-mongolz-m3-inferno.csv,3,23781,122.5,1,0.001251897891052,0.001715187,-6.109790410846472e-05,0.00070093945,0,0.0023495538625866,0.001251897891052,0.0023495538625866,lstm,-0.0010976559715346,False,False,False,True,True,False,0,0,0.0,0,510.0
processed_full/esl_pro_league_season_21/esl-pro-league-season-21-vitality-vs-the-mongolz-bo3-7VmOOQFfF_Xgx4vOG4cYIY/vitality-vs-the-mongolz-m3-inferno.csv,3,23813,123.0,1,0.001293538021855,0.0016651265,4.1640130802989006e-05,-5.006045e-05,0,0.0023780411574989,0.001293538021855,0.0023780411574989,lstm,-0.0010845031356439,False,False,False,True,True,False,0,0,0.0,0,510.0
processed_full/esl_pro_league_season_21/esl-pro-league-season-21-vitality-vs-the-mongolz-bo3-7VmOOQFfF_Xgx4vOG4cYIY/vitality-vs-the-mongolz-m3-inferno.csv,3,23845,123.5,1,0.00129302253481,0.0018983223,-5.154870450496674e-07,0.00023319572,0,0.0024797937367111,0.00129302253481,0.0024797937367111,lstm,-0.0011867712019011,False,False,False,True,True,False,0,0,0.0,0,510.0
processed_full/esl_pro_league_season_21/esl-pro-league-season-21-vitality-vs-the-mongolz-bo3-7VmOOQFfF_Xgx4vOG4cYIY/vitality-vs-the-mongolz-m3-inferno.csv,3,23877,124.0,1,0.0012897029519081,0.0014980137,-3.3195829018950462e-06,-0.00040030852,0,0.0024038064293563,0.0012897029519081,0.0024038064293563,lstm,-0.0011141034774482,False,False,False,True,True,False,0,0,0.0,0,510.0
processed_full/esl_pro_league_season_21/esl-pro-league-season-21-vitality-vs-the-mongolz-bo3-7VmOOQFfF_Xgx4vOG4cYIY/vitality-vs-the-mongolz-m3-inferno.csv,3,23909,124.5,1,0.0012639818014577,0.0014830306,-2.572115045040846e-05,-1.4983118e-05,0,0.0022926670499145,0.0012639818014577,0.0022926670499145,lstm,-0.0010286852484568,False,False,False,True,True,False,0,0,0.0,0,510.0
processed_full/esl_pro_league_season_21/esl-pro-league-season-21-vitality-vs-the-mongolz-bo3-7VmOOQFfF_Xgx4vOG4cYIY/vitality-vs-the-mongolz-m3-inferno.csv,3,23941,125.0,1,0.0012952490942552,0.0014454983,3.126729279756546e-05,-3.75323e-05,0,0.0021095883566886,0.0012952490942552,0.0021095883566886,lstm,-0.0008143392624334,False,False,False,True,True,False,0,0,0.0,0,510.0
processed_full/esl_pro_league_season_21/esl-pro-league-season-21-vitality-vs-the-mongolz-bo3-7VmOOQFfF_Xgx4vOG4cYIY/vitality-vs-the-mongolz-m3-inferno.csv,3,23973,125.5,1,0.0012968742521479,0.0010450929,1.62515789270401e-06,-0.00040040538,0,0.0018986144568771,0.0012968742521479,0.0018986144568771,lstm,-0.0006017402047292,False,False,False,True,True,False,0,0,0.0,0,510.0
processed_full/esl_pro_league_season_21/esl-pro-league-season-21-vitality-vs-the-mongolz-bo3-7VmOOQFfF_Xgx4vOG4cYIY/vitality-vs-the-mongolz-m3-inferno.csv,3,24005,126.0,1,0.0012397357495501,0.00046233833,-5.713850259780884e-05,-0.0005827546,0,0.0018016702961176,0.0012397357495501,0.0018016702961176,lstm,-0.0005619345465675,False,False,False,True,True,False,0,0,0.0,0,510.0
processed_full/esl_pro_league_season_21/esl-pro-league-season-21-vitality-vs-the-mongolz-bo3-7VmOOQFfF_Xgx4vOG4cYIY/vitality-vs-the-mongolz-m3-inferno.csv,3,24037,126.5,1,0.0012809236068278,0.0012091622,4.118785727769136e-05,0.00074682385,0,0.0019583269022405,0.0012809236068278,0.0019583269022405,lstm,-0.0006774032954127,False,False,False,True,True,False,0,0,0.0,0,510.0
processed_full/esl_pro_league_season_21/esl-pro-league-season-21-vitality-vs-the-mongolz-bo3-7VmOOQFfF_Xgx4vOG4cYIY/vitality-vs-the-mongolz-m3-inferno.csv,3,24069,127.0,1,0.0012837797403335,0.0010045655,2.8561335057020187e-06,-0.00020459667,0,0.0021827300079166,0.0012837797403335,0.0021827300079166,lstm,-0.0008989502675831,False,False,False,True,True,False,0,0,0.0,0,510.0
processed_full/esl_pro_league_season_21/esl-pro-league-season-21-vitality-vs-the-mongolz-bo3-7VmOOQFfF_Xgx4vOG4cYIY/vitality-vs-the-mongolz-m3-inferno.csv,3,24101,127.5,1,0.0012585590593516,0.0019921884,-2.5220680981874463e-05,0.0009876229,0,0.0022460960317403,0.0012585590593516,0.0022460960317403,lstm,-0.0009875369723887,False,False,False,True,True,False,0,0,0.0,0,510.0
processed_full/esl_pro_league_season_21/esl-pro-league-season-21-vitality-vs-the-mongolz-bo3-7VmOOQFfF_Xgx4vOG4cYIY/vitality-vs-the-mongolz-m3-inferno.csv,3,24133,128.0,1,0.0012870111968368,0.0021233335,2.8452137485146523e-05,0.00013114512,0,0.0019873692654073,0.0012870111968368,0.0019873692654073,lstm,-0.0007003580685705,False,False,False,True,True,False,0,0,0.0,0,510.0
processed_full/esl_pro_league_season_21/esl-pro-league-season-21-vitality-vs-the-mongolz-bo3-7VmOOQFfF_Xgx4vOG4cYIY/vitality-vs-the-mongolz-m3-inferno.csv,3,24165,128.5,1,0.0012786344159394,0.0014159717,-8.376780897378922e-06,-0.00070736185,0,0.0021918036509305,0.0012786344159394,0.0021918036509305,lstm,-0.0009131692349911,False,False,False,True,True,False,0,0,0.0,0,510.0
processed_full/esl_pro_league_season_21/esl-pro-league-season-21-vitality-vs-the-mongolz-bo3-7VmOOQFfF_Xgx4vOG4cYIY/vitality-vs-the-mongolz-m3-inferno.csv,3,24197,129.0,1,0.0013217761879786,0.0023224428,4.314177203923464e-05,0.00090647116,0,0.0025130910798907,0.0013217761879786,0.0025130910798907,lstm,-0.0011913148919121,False,False,False,True,True,False,0,0,0.0,0,510.0
processed_full/esl_pro_league_season_21/esl-pro-league-season-21-vitality-vs-the-mongolz-bo3-7VmOOQFfF_Xgx4vOG4cYIY/vitality-vs-the-mongolz-m3-inferno.csv,3,24229,129.5,1,0.0013304884778335,0.0015397742,8.712289854884148e-06,-0.0007826686,0,0.0026137449312955,0.0013304884778335,0.0026137449312955,lstm,-0.001283256453462,False,False,False,True,True,False,0,0,0.0,0,510.0
processed_full/esl_pro_league_season_21/esl-pro-league-season-21-vitality-vs-the-mongolz-bo3-7VmOOQFfF_Xgx4vOG4cYIY/vitality-vs-the-mongolz-m3-inferno.csv,3,24261,130.0,1,0.0013650865294039,0.002295196,3.459805157035589e-05,0.0007554218,0,0.0027061661239713,0.0013650865294039,0.0027061661239713,lstm,-0.0013410795945674,False,False,False,True,True,False,0,0,0.0,0,510.0
processed_full/esl_pro_league_season_21/esl-pro-league-season-21-vitality-vs-the-mongolz-bo3-7VmOOQFfF_Xgx4vOG4cYIY/vitality-vs-the-mongolz-m3-inferno.csv,3,24293,130.5,1,0.0013687066966667,0.0010997131,3.620167262852192e-06,-0.0011954829,0,0.0031667842995375,0.0013687066966667,0.0031667842995375,lstm,-0.0017980776028708,False,False,False,True,True,False,0,0,0.0,0,510.0
processed_full/esl_pro_league_season_21/esl-pro-league-season-21-vitality-vs-the-mongolz-bo3-7VmOOQFfF_Xgx4vOG4cYIY/vitality-vs-the-mongolz-m3-inferno.csv,3,24325,131.0,1,0.0014139640843495,0.00087046996,4.525738768279553e-05,-0.00022924319,0,0.0032925333362072,0.0014139640843495,0.0032925333362072,lstm,-0.0018785692518577,False,False,False,True,True,False,0,0,0.0,0,510.0
processed_full/esl_pro_league_season_21/esl-pro-league-season-21-vitality-vs-the-mongolz-bo3-7VmOOQFfF_Xgx4vOG4cYIY/vitality-vs-the-mongolz-m3-inferno.csv,3,24357,131.5,1,0.0014315143926069,0.0015001595,1.7550308257341385e-05,0.00062968954,0,0.0036817381624132,0.0014315143926069,0.0036817381624132,lstm,-0.0022502237698063,False,False,False,True,True,False,0,0,0.0,0,510.0
processed_full/esl_pro_league_season_21/esl-pro-league-season-21-vitality-vs-the-mongolz-bo3-7VmOOQFfF_Xgx4vOG4cYIY/vitality-vs-the-mongolz-m3-inferno.csv,3,24389,132.0,1,0.0014176252298057,0.0007179491,-1.3889162801206112e-05,-0.0007822104,0,0.0031964262016117,0.0014176252298057,0.0031964262016117,lstm,-0.001778800971806,False,False,False,True,True,False,0,0,0.0,0,510.0
processed_full/esl_pro_league_season_21/esl-pro-league-season-21-vitality-vs-the-mongolz-bo3-7VmOOQFfF_Xgx4vOG4cYIY/vitality-vs-the-mongolz-m3-inferno.csv,3,24421,132.5,1,0.0013793295947834,0.0012424551,-3.829563502222299e-05,0.000524506,0,0.0029086663853377,0.0013793295947834,0.0029086663853377,lstm,-0.0015293367905543,False,False,False,True,True,False,0,0,0.0,0,510.0
processed_full/esl_pro_league_season_21/esl-pro-league-season-21-vitality-vs-the-mongolz-bo3-7VmOOQFfF_Xgx4vOG4cYIY/vitality-vs-the-mongolz-m3-inferno.csv,3,24453,133.0,1,0.0013074016897007,0.0017313659,-7.192790508270264e-05,0.0004889108,0,0.0027317591011524,0.0013074016897007,0.0027317591011524,lstm,-0.0014243574114517,False,False,False,True,True,False,0,0,0.0,0,510.0
processed_full/esl_pro_league_season_21/esl-pro-league-season-21-vitality-vs-the-mongolz-bo3-7VmOOQFfF_Xgx4vOG4cYIY/vitality-vs-the-mongolz-m3-inferno.csv,3,24485,133.5,1,0.0013500673230737,0.0011749417,4.2665633372962475e-05,-0.00055642426,0,0.0030554512050002,0.0013500673230737,0.0030554512050002,lstm,-0.0017053838819265,False,False,False,True,True,False,0,0,0.0,0,510.0
processed_full/esl_pro_league_season_21/esl-pro-league-season-21-vitality-vs-the-mongolz-bo3-7VmOOQFfF_Xgx4vOG4cYIY/vitality-vs-the-mongolz-m3-inferno.csv,3,24517,134.0,1,0.0013625666033476,0.0012325384,1.2499280273914335e-05,5.7596713e-05,0,0.00286540039815,0.0013625666033476,0.00286540039815,lstm,-0.0015028337948024,False,False,False,True,True,False,0,0,0.0,0,510.0
processed_full/esl_pro_league_season_21/esl-pro-league-season-21-vitality-vs-the-mongolz-bo3-7VmOOQFfF_Xgx4vOG4cYIY/vitality-vs-the-mongolz-m3-inferno.csv,3,24549,134.5,1,0.0013502769870683,0.0017476007,-1.2289616279304028e-05,0.00051506236,0,0.0031300995033234,0.0013502769870683,0.0031300995033234,lstm,-0.0017798225162551,False,False,False,True,True,False,0,0,0.0,0,510.0
processed_full/esl_pro_league_season_21/esl-pro-league-season-21-vitality-vs-the-mongolz-bo3-7VmOOQFfF_Xgx4vOG4cYIY/vitality-vs-the-mongolz-m3-inferno.csv,3,24581,135.0,1,0.0013487725518643,0.0018255748,-1.5044352039694786e-06,7.797405e-05,0,0.0033929597120732,0.0013487725518643,0.0033929597120732,lstm,-0.0020441871602089,False,False,False,True,True,False,0,0,0.0,0,510.0
processed_full/esl_pro_league_season_21/esl-pro-league-season-21-vitality-vs-the-mongolz-bo3-7VmOOQFfF_Xgx4vOG4cYIY/vitality-vs-the-mongolz-m3-inferno.csv,3,24613,135.5,1,0.001323361415416,0.0014267862,-2.541113644838333e-05,-0.0003987886,0,0.0025031750556081,0.001323361415416,0.0025031750556081,lstm,-0.0011798136401921,False,False,False,True,True,False,0,0,0.0,0,510.0
processed_full/esl_pro_league_season_21/esl-pro-league-season-21-vitality-vs-the-mongolz-bo3-7VmOOQFfF_Xgx4vOG4cYIY/vitality-vs-the-mongolz-m3-inferno.csv,3,24645,136.0,1,0.0013516632607206,0.0017441399,2.830184530466795e-05,0.00031735376,0,0.0024648762773722,0.0013516632607206,0.0024648762773722,lstm,-0.0011132130166516,False,False,False,True,True,False,0,0,0.0,0,510.0
processed_full/esl_pro_league_season_21/esl-pro-league-season-21-vitality-vs-the-mongolz-bo3-7VmOOQFfF_Xgx4vOG4cYIY/vitality-vs-the-mongolz-m3-inferno.csv,3,24677,136.5,1,0.0013910440029576,0.0015046336,3.9380742236971855e-05,-0.00023950636,0,0.0024648762773722,0.0013910440029576,0.0024648762773722,lstm,-0.0010738322744146,False,False,False,True,True,False,0,0,0.0,0,510.0
processed_full/esl_pro_league_season_21/esl-pro-league-season-21-vitality-vs-the-mongolz-bo3-7VmOOQFfF_Xgx4vOG4cYIY/vitality-vs-the-mongolz-m3-inferno.csv,3,24709,137.0,1,0.0014456275384873,0.0015636422,5.45835355296731e-05,5.90086e-05,0,0.0024820582475513,0.0014456275384873,0.0024820582475513,lstm,-0.001036430709064,False,False,False,True,True,False,0,0,0.0,0,510.0
processed_full/esl_pro_league_season_21/esl-pro-league-season-21-vitality-vs-the-mongolz-bo3-7VmOOQFfF_Xgx4vOG4cYIY/vitality-vs-the-mongolz-m3-inferno.csv,3,24741,137.5,1,0.0014426859561353,0.0013952143,-2.941582351922989e-06,-0.00016842782,0,0.0020249623339623,0.0014426859561353,0.0020249623339623,lstm,-0.000582276377827,False,False,False,True,True,False,0,0,0.0,0,510.0
processed_full/esl_pro_league_season_21/esl-pro-league-season-21-vitality-vs-the-mongolz-bo3-7VmOOQFfF_Xgx4vOG4cYIY/vitality-vs-the-mongolz-m3-inferno.csv,3,24773,138.0,1,0.00139286799822,0.0013928898,-4.9817957915365696e-05,-2.3245811e-06,0,0.0020109382458031,0.00139286799822,0.0020109382458031,lstm,-0.0006180702475831,False,False,False,True,True,False,0,0,0.0,0,510.0
processed_full/esl_pro_league_season_21/esl-pro-league-season-21-vitality-vs-the-mongolz-bo3-7VmOOQFfF_Xgx4vOG4cYIY/vitality-vs-the-mongolz-m3-inferno.csv,3,24805,138.5,1,0.0016580761875957,0.0011628494,0.0002652081893756,-0.0002300404,0,0.0030293453019112,0.0016580761875957,0.0030293453019112,lstm,-0.0013712691143155,False,False,False,True,True,False,0,0,0.0,0,510.0
