feature,coefficient,abs_coefficient,base_feature,is_utility
lag_12__CT_place_EXTENDEDA,0.0016882613999769092,0.0016882613999769092,CT_place_EXTENDEDA,False
lag_00__T_kills_last_3s,-0.0016637606313452125,0.0016637606313452125,T_kills_last_3s,False
lag_00__damage_diff_last_5s,0.0016294603701680899,0.0016294603701680899,damage_diff_last_5s,False
lag_00__CT_place_ARAMP,-0.001521620899438858,0.001521620899438858,CT_place_ARAMP,False
lag_00__kill_diff_last_3s,0.0014814158203080297,0.0014814158203080297,kill_diff_last_3s,False
lag_00__T_damage_last_5s,-0.0014490829780697823,0.0014490829780697823,T_damage_last_5s,False
lag_01__CT_place_ARAMP,-0.0014289314858615398,0.0014289314858615398,CT_place_ARAMP,False
lag_04__T1__is_scoped,-0.0013621351681649685,0.0013621351681649685,T1__is_scoped,False
lag_00__CT4__alive,0.0013112133601680398,0.0013112133601680398,CT4__alive,False
lag_00__CT4__hp,0.001291836379095912,0.001291836379095912,CT4__hp,False
lag_12__T_place_CATWALK,-0.0012369075557217002,0.0012369075557217002,T_place_CATWALK,False
lag_13__T_place_CATWALK,-0.001216316013596952,0.001216316013596952,T_place_CATWALK,False
lag_00__CT4__armor,0.0012108286609873176,0.0012108286609873176,CT4__armor,False
lag_03__CT4__is_walking,0.0010944940149784088,0.0010944940149784088,CT4__is_walking,False
lag_15__T_place_CATWALK,-0.0010778226424008608,0.0010778226424008608,T_place_CATWALK,False
lag_00__CT4__has_helmet,0.0010738243581727147,0.0010738243581727147,CT4__has_helmet,False
lag_06__CT_place_ARAMP,-0.0010722437873482704,0.0010722437873482704,CT_place_ARAMP,False
lag_11__T_place_CATWALK,-0.0010465200757607818,0.0010465200757607818,T_place_CATWALK,False
lag_01__T2__duck_amount,-0.0010436796583235264,0.0010436796583235264,T2__duck_amount,False
lag_14__T_place_CATWALK,-0.001036090194247663,0.001036090194247663,T_place_CATWALK,False
lag_00__CT_place_CTSPAWN,0.0009544453350827098,0.0009544453350827098,CT_place_CTSPAWN,False
lag_08__T2__is_walking,0.000954301911406219,0.000954301911406219,T2__is_walking,False
lag_10__T5__molly,0.0009541180334053934,0.0009541180334053934,T5__molly,True
lag_10__CT2__is_walking,-0.0009408294572494924,0.0009408294572494924,CT2__is_walking,False
lag_13__CT2__smoke,0.000937050033826381,0.000937050033826381,CT2__smoke,True
lag_06__T2__is_walking,-0.0009328408050350845,0.0009328408050350845,T2__is_walking,False
lag_00__hp_diff,0.0009182772482745349,0.0009182772482745349,hp_diff,False
lag_00__T1__duck_amount,0.0009163101203739643,0.0009163101203739643,T1__duck_amount,False
lag_00__CT3__duck_amount,0.0009083494078367949,0.0009083494078367949,CT3__duck_amount,False
lag_15__bomb_events_last_5s,0.000894216529559344,0.000894216529559344,bomb_events_last_5s,False
lag_13__T_shots_fired_sum,0.0008899222011677921,0.0008899222011677921,T_shots_fired_sum,False
lag_04__T3__duck_amount,0.0008747500833123922,0.0008747500833123922,T3__duck_amount,False
lag_05__T1__duck_amount,-0.0008710652473382652,0.0008710652473382652,T1__duck_amount,False
lag_13__CT_place_EXTENDEDA,0.000864026544149965,0.000864026544149965,CT_place_EXTENDEDA,False
lag_04__T_place_MIDDOORS,-0.0008624936453998089,0.0008624936453998089,T_place_MIDDOORS,False
lag_13__T3__shots_fired,0.0008570783538743854,0.0008570783538743854,T3__shots_fired,False
lag_15__T_place_LOWERTUNNEL,-0.0008471842738799751,0.0008471842738799751,T_place_LOWERTUNNEL,False
lag_02__CT_place_UNDERA,0.0008360010106116533,0.0008360010106116533,CT_place_UNDERA,False
lag_01__T4__is_walking,0.0008356394828297198,0.0008356394828297198,T4__is_walking,False
lag_10__active_infernos_total,0.0008335669990628958,0.0008335669990628958,active_infernos_total,True
lag_00__CT_place_MIDDOORS,0.000821569818072021,0.000821569818072021,CT_place_MIDDOORS,False
lag_00__CT_alive,0.0008172870147973299,0.0008172870147973299,CT_alive,False
lag_14__T3__shots_fired,-0.00081372179556638,0.00081372179556638,T3__shots_fired,False
lag_02__T2__duck_amount,-0.0007990477024577558,0.0007990477024577558,T2__duck_amount,False
lag_00__alive_diff,0.0007876103045418859,0.0007876103045418859,alive_diff,False
lag_04__T1__duck_amount,0.0007804876659065485,0.0007804876659065485,T1__duck_amount,False
lag_00__T_place_TSPAWN,0.0007723462185822427,0.0007723462185822427,T_place_TSPAWN,False
lag_05__T2__is_walking,0.0007716743275523186,0.0007716743275523186,T2__is_walking,False
lag_03__T2__is_walking,0.0007642912678420544,0.0007642912678420544,T2__is_walking,False
lag_13__T4__duck_amount,0.0007625236758030951,0.0007625236758030951,T4__duck_amount,False
lag_00__CT_hp_sum,0.0007530302391387522,0.0007530302391387522,CT_hp_sum,False
lag_08__T_place_SHORTSTAIRS,-0.0007402366609312594,0.0007402366609312594,T_place_SHORTSTAIRS,False
lag_10__CT_active_infernos,0.0007397798472084105,0.0007397798472084105,CT_active_infernos,True
lag_14__T_shots_fired_sum,-0.0007387026562355459,0.0007387026562355459,T_shots_fired_sum,False
lag_10__CT1__duck_amount,-0.0007343877805396914,0.0007343877805396914,CT1__duck_amount,False
lag_02__CT_place_LONGA,-0.0007328225765377283,0.0007328225765377283,CT_place_LONGA,False
lag_05__T3__duck_amount,0.0007297396659851074,0.0007297396659851074,T3__duck_amount,False
lag_00__CT_armor_sum,0.0007271545473486185,0.0007271545473486185,CT_armor_sum,False
lag_07__T_place_CATWALK,-0.0007257316028699279,0.0007257316028699279,T_place_CATWALK,False
lag_00__T_shots_fired_sum,-0.0007244548760354519,0.0007244548760354519,T_shots_fired_sum,False
lag_00__CT1__is_walking,0.0007229921757243574,0.0007229921757243574,CT1__is_walking,False
lag_11__CT_place_EXTENDEDA,0.0007138394867070019,0.0007138394867070019,CT_place_EXTENDEDA,False
lag_10__CT1__is_walking,0.0007136421045288444,0.0007136421045288444,CT1__is_walking,False
lag_02__CT4__is_walking,0.0006949424860067666,0.0006949424860067666,CT4__is_walking,False
lag_03__CT_walking_count,0.0006924525368958712,0.0006924525368958712,CT_walking_count,False
lag_04__CT1__is_walking,-0.0006855460233055055,0.0006855460233055055,CT1__is_walking,False
lag_14__CT_place_EXTENDEDA,0.0006717031938023865,0.0006717031938023865,CT_place_EXTENDEDA,False
lag_03__CT1__is_walking,0.0006577186286449432,0.0006577186286449432,CT1__is_walking,False
lag_08__CT_place_BDOORS,-0.0006535356515087187,0.0006535356515087187,CT_place_BDOORS,False
lag_00__T_place_TUNNELSTAIRS,-0.0006457134149968624,0.0006457134149968624,T_place_TUNNELSTAIRS,False
lag_00__CT_macro_OTHER,0.0006448405329138041,0.0006448405329138041,CT_macro_OTHER,False
lag_00__T2__smoke,0.0006424094899557531,0.0006424094899557531,T2__smoke,True
lag_04__T_place_MIDDLE,-0.0006413240334950387,0.0006413240334950387,T_place_MIDDLE,False
lag_01__CT5__duck_amount,0.0006401388091035187,0.0006401388091035187,CT5__duck_amount,False
lag_01__CT5__is_scoped,0.0006356117082759738,0.0006356117082759738,CT5__is_scoped,False
lag_04__T_scoped_count,-0.0006342736887745559,0.0006342736887745559,T_scoped_count,False
lag_10__T_place_CATWALK,-0.0006303422851487994,0.0006303422851487994,T_place_CATWALK,False
lag_12__CT_place_BDOORS,-0.0006280807428993285,0.0006280807428993285,CT_place_BDOORS,False
lag_09__T5__molly,0.0006239433423615992,0.0006239433423615992,T5__molly,True
lag_08__CT_place_ARAMP,-0.0006203771336004138,0.0006203771336004138,CT_place_ARAMP,False
lag_01__CT4__alive,0.0006201553042046726,0.0006201553042046726,CT4__alive,False
lag_15__CT1__is_walking,-0.000613871612586081,0.000613871612586081,CT1__is_walking,False
lag_09__CT_place_BDOORS,-0.0006088154623284936,0.0006088154623284936,CT_place_BDOORS,False
lag_09__CT1__duck_amount,0.0005994497914798558,0.0005994497914798558,CT1__duck_amount,False
lag_00__CT5__utility_total,0.0005989625351503491,0.0005989625351503491,CT5__utility_total,True
lag_00__CT5__alive,0.0005987820331938565,0.0005987820331938565,CT5__alive,False
lag_01__CT4__hp,0.0005980210262350738,0.0005980210262350738,CT4__hp,False
lag_00__CT_equip_value_sum,0.0005936644156463444,0.0005936644156463444,CT_equip_value_sum,False
lag_00__CT5__hp,0.0005910028121434152,0.0005910028121434152,CT5__hp,False
lag_02__CT4__alive,0.0005890889442525804,0.0005890889442525804,CT4__alive,False
lag_07__T3__duck_amount,0.000588321010582149,0.000588321010582149,T3__duck_amount,False
lag_08__CT1__duck_amount,0.0005850183661095798,0.0005850183661095798,CT1__duck_amount,False
lag_09__T3__molly,-0.0005833026953041553,0.0005833026953041553,T3__molly,True
lag_06__CT_walking_count,0.0005819241632707417,0.0005819241632707417,CT_walking_count,False
lag_12__CT2__smoke,0.0005813163588754833,0.0005813163588754833,CT2__smoke,True
lag_01__T1__duck_amount,-0.000580807332880795,0.000580807332880795,T1__duck_amount,False
lag_07__CT_place_EXTENDEDA,0.0005796909099444747,0.0005796909099444747,CT_place_EXTENDEDA,False
lag_06__T1__is_scoped,-0.0005793094751425087,0.0005793094751425087,T1__is_scoped,False
lag_04__T_macro_MID,-0.0005749528063461185,0.0005749528063461185,T_macro_MID,False
lag_03__T_place_TUNNELSTAIRS,-0.0005667872610501945,0.0005667872610501945,T_place_TUNNELSTAIRS,False
lag_06__T_place_CATWALK,-0.0005659906310029328,0.0005659906310029328,T_place_CATWALK,False
lag_00__CT5__is_scoped,0.000564920250326395,0.000564920250326395,CT5__is_scoped,False
lag_10__damage_diff_last_5s,0.000564430607482791,0.000564430607482791,damage_diff_last_5s,False
lag_02__CT4__hp,0.0005629498045891523,0.0005629498045891523,CT4__hp,False
lag_00__armor_diff,0.0005614885012619197,0.0005614885012619197,armor_diff,False
lag_07__T2__is_walking,0.0005608584033325315,0.0005608584033325315,T2__is_walking,False
lag_00__CT5__armor,0.0005607895436696708,0.0005607895436696708,CT5__armor,False
lag_12__CT_place_UNDERA,-0.0005600480944849551,0.0005600480944849551,CT_place_UNDERA,False
lag_07__CT_place_ARAMP,-0.0005600398289971054,0.0005600398289971054,CT_place_ARAMP,False
lag_00__T2__duck_amount,-0.0005556156975217164,0.0005556156975217164,T2__duck_amount,False
lag_01__T_kills_last_3s,-0.0005550227360799909,0.0005550227360799909,T_kills_last_3s,False
lag_10__CT_place_EXTENDEDA,0.0005493793287314475,0.0005493793287314475,CT_place_EXTENDEDA,False
lag_01__CT4__armor,0.0005479595856741071,0.0005479595856741071,CT4__armor,False
lag_13__T_place_MIDDOORS,-0.0005466141737997532,0.0005466141737997532,T_place_MIDDOORS,False
lag_01__CT_place_UNDERA,0.000546339841093868,0.000546339841093868,CT_place_UNDERA,False
lag_12__T_place_TOPOFMID,0.0005462699919007719,0.0005462699919007719,T_place_TOPOFMID,False
lag_04__CT4__alive,0.0005424938281066716,0.0005424938281066716,CT4__alive,False
lag_01__kill_diff_last_3s,0.0005417594220489264,0.0005417594220489264,kill_diff_last_3s,False
lag_03__CT_place_BDOORS,-0.0005408096476458013,0.0005408096476458013,CT_place_BDOORS,False
lag_10__CT_place_ARAMP,-0.0005405329866334796,0.0005405329866334796,CT_place_ARAMP,False
lag_10__T_active_infernos,0.0005396484048105776,0.0005396484048105776,T_active_infernos,True
lag_08__T5__is_walking,-0.0005275332950986922,0.0005275332950986922,T5__is_walking,False
lag_08__T3__duck_amount,0.0005237044533714652,0.0005237044533714652,T3__duck_amount,False
lag_00__T3__is_walking,-0.0005230219685472548,0.0005230219685472548,T3__is_walking,False
lag_00__CT2__alive,0.0005221770843490958,0.0005221770843490958,CT2__alive,False
lag_00__T2__utility_total,0.0005197777645662427,0.0005197777645662427,T2__utility_total,True
lag_05__T_place_TUNNELSTAIRS,-0.0005182319437153637,0.0005182319437153637,T_place_TUNNELSTAIRS,False
lag_00__CT2__hp,0.000516209052875638,0.000516209052875638,CT2__hp,False
lag_04__CT4__hp,0.0005159357096999884,0.0005159357096999884,CT4__hp,False
lag_01__T_damage_last_5s,-0.0005141050787642598,0.0005141050787642598,T_damage_last_5s,False
lag_15__CT2__is_walking,0.0005115233943797648,0.0005115233943797648,CT2__is_walking,False
lag_11__T_A_site_active_infernos,-0.0005112385842949152,0.0005112385842949152,T_A_site_active_infernos,True
lag_02__CT4__armor,0.0005107644246891141,0.0005107644246891141,CT4__armor,False
lag_05__T_shots_fired_sum,0.0005057744565419853,0.0005057744565419853,T_shots_fired_sum,False
lag_14__bomb_events_last_5s,0.0005050888285040855,0.0005050888285040855,bomb_events_last_5s,False
lag_06__CT2__is_walking,0.0005040360265411437,0.0005040360265411437,CT2__is_walking,False
lag_14__T5__is_walking,0.0005036214715801179,0.0005036214715801179,T5__is_walking,False
lag_05__CT2__is_walking,0.0005031438777223229,0.0005031438777223229,CT2__is_walking,False
lag_00__T3__shots_fired,-0.0005018000374548137,0.0005018000374548137,T3__shots_fired,False
lag_06__CT4__alive,0.0004986117128282785,0.0004986117128282785,CT4__alive,False
lag_11__CT2__is_walking,0.0004981185193173587,0.0004981185193173587,CT2__is_walking,False
lag_00__CT_molly_inv,0.0004958407371304929,0.0004958407371304929,CT_molly_inv,True
lag_12__T3__duck_amount,0.0004948789137415588,0.0004948789137415588,T3__duck_amount,False
lag_04__CT2__is_walking,0.0004948593559674919,0.0004948593559674919,CT2__is_walking,False
lag_00__CT2__utility_total,0.0004946519038639963,0.0004946519038639963,CT2__utility_total,True
lag_10__T_damage_last_5s,-0.0004945800174027681,0.0004945800174027681,T_damage_last_5s,False
lag_00__CT_macro_MID,0.000492895080242306,0.000492895080242306,CT_macro_MID,False
lag_00__T_unique_places,-0.0004890743875876069,0.0004890743875876069,T_unique_places,False
lag_15__T_place_TUNNELSTAIRS,0.0004889146075583994,0.0004889146075583994,T_place_TUNNELSTAIRS,False
lag_00__CT2__armor,0.0004888466792181134,0.0004888466792181134,CT2__armor,False
lag_05__CT4__alive,0.00048788447747938335,0.00048788447747938335,CT4__alive,False
lag_11__T_place_TUNNELSTAIRS,-0.0004807853256352246,0.0004807853256352246,T_place_TUNNELSTAIRS,False
lag_00__CT_smoke_inv,0.0004798476002179086,0.0004798476002179086,CT_smoke_inv,True
lag_09__T1__is_walking,-0.00047384793288074434,0.00047384793288074434,T1__is_walking,False
lag_14__T_place_TOPOFMID,0.000473127729492262,0.000473127729492262,T_place_TOPOFMID,False
lag_09__T5__is_walking,-0.0004725345643237233,0.0004725345643237233,T5__is_walking,False
lag_07__T2__shots_fired,-0.00047240941785275936,0.00047240941785275936,T2__shots_fired,False
lag_00__equip_diff,0.00047031979192979634,0.00047031979192979634,equip_diff,False
lag_00__T_place_CATWALK,-0.00046888215001672506,0.00046888215001672506,T_place_CATWALK,False
lag_00__CT2__has_defuser,0.0004687941400334239,0.0004687941400334239,CT2__has_defuser,False
lag_06__CT4__hp,0.00046848400961607695,0.00046848400961607695,CT4__hp,False
lag_00__CT_helmet_count,0.0004682092694565654,0.0004682092694565654,CT_helmet_count,False
lag_00__CT5__molly,0.00046712273615412414,0.00046712273615412414,CT5__molly,True
lag_08__T4__is_walking,-0.00046693909098394215,0.00046693909098394215,T4__is_walking,False
lag_04__CT4__armor,0.00046562578063458204,0.00046562578063458204,CT4__armor,False
lag_08__T1__is_walking,0.0004646666347980499,0.0004646666347980499,T1__is_walking,False
lag_00__CT_cash_spent_round_sum,0.00046432760427705944,0.00046432760427705944,CT_cash_spent_round_sum,False
lag_05__T1__is_scoped,-0.0004605169815476984,0.0004605169815476984,T1__is_scoped,False
lag_05__CT4__hp,0.0004597976221702993,0.0004597976221702993,CT4__hp,False
lag_02__CT1__duck_amount,0.0004593243938870728,0.0004593243938870728,CT1__duck_amount,False
lag_02__CT_active_smokes,0.00045805724221281707,0.00045805724221281707,CT_active_smokes,True
lag_15__CT4__alive,0.0004568177100736648,0.0004568177100736648,CT4__alive,False
lag_13__bomb_events_last_5s,0.00045558108831755817,0.00045558108831755817,bomb_events_last_5s,False
lag_09__CT_place_ARAMP,-0.00045452770427800715,0.00045452770427800715,CT_place_ARAMP,False
lag_05__CT_walking_count,0.0004539753426797688,0.0004539753426797688,CT_walking_count,False
lag_08__CT1__is_walking,-0.0004526677948888391,0.0004526677948888391,CT1__is_walking,False
lag_00__CT4__is_walking,0.0004515805630944669,0.0004515805630944669,CT4__is_walking,False
lag_03__CT4__alive,0.00045068023609928787,0.00045068023609928787,CT4__alive,False
lag_06__CT_place_UNDERA,0.0004497457994148135,0.0004497457994148135,CT_place_UNDERA,False
lag_04__T3__is_walking,-0.00044974012416787446,0.00044974012416787446,T3__is_walking,False
lag_14__T_place_MIDDOORS,-0.0004496382607612759,0.0004496382607612759,T_place_MIDDOORS,False
lag_00__CT_shots_fired_sum,0.000447211874416098,0.000447211874416098,CT_shots_fired_sum,False
lag_09__T_walking_count,-0.00044695811811834574,0.00044695811811834574,T_walking_count,False
lag_06__CT1__is_walking,0.0004459668416529894,0.0004459668416529894,CT1__is_walking,False
lag_05__T_place_LOWERTUNNEL,0.0004451058921404183,0.0004451058921404183,T_place_LOWERTUNNEL,False
lag_09__CT4__alive,0.0004441951459739357,0.0004441951459739357,CT4__alive,False
lag_10__T2__duck_amount,-0.00044251439976505935,0.00044251439976505935,T2__duck_amount,False
lag_02__CT_unique_places,0.0004401688929647207,0.0004401688929647207,CT_unique_places,False
lag_00__T2__flash,0.00043891064706258476,0.00043891064706258476,T2__flash,True
lag_04__hp_diff,0.00043888844083994627,0.00043888844083994627,hp_diff,False
lag_07__T3__molly,-0.00043880933662876487,0.00043880933662876487,T3__molly,True
lag_00__CT5__smoke,0.00043758394895121455,0.00043758394895121455,CT5__smoke,True
lag_00__CT5__flash,0.0004370736423879862,0.0004370736423879862,CT5__flash,True
lag_15__CT4__hp,0.000434459769167006,0.000434459769167006,CT4__hp,False
lag_05__T_walking_count,0.0004342246684245765,0.0004342246684245765,T_walking_count,False
lag_00__CT2__has_helmet,0.00043362227734178305,0.00043362227734178305,CT2__has_helmet,False
lag_10__CT_place_BDOORS,-0.0004329997464083135,0.0004329997464083135,CT_place_BDOORS,False
lag_14__kill_diff_last_3s,0.0004325707850512117,0.0004325707850512117,kill_diff_last_3s,False
lag_08__CT4__alive,0.00043228635331615806,0.00043228635331615806,CT4__alive,False
lag_03__T1__is_scoped,-0.00043196958722546697,0.00043196958722546697,T1__is_scoped,False
lag_11__CT_active_infernos,0.00043143751099705696,0.00043143751099705696,CT_active_infernos,True
lag_14__T_kills_last_3s,-0.0004312668461352587,0.0004312668461352587,T_kills_last_3s,False
lag_13__CT2__utility_total,0.0004306384071242064,0.0004306384071242064,CT2__utility_total,True
lag_03__T2__duck_amount,-0.00043028051732107997,0.00043028051732107997,T2__duck_amount,False
lag_08__T1__is_scoped,-0.0004302412271499634,0.0004302412271499634,T1__is_scoped,False
lag_09__bomb_events_last_5s,0.00043001139420084655,0.00043001139420084655,bomb_events_last_5s,False
lag_04__damage_diff_last_5s,0.0004299181455280632,0.0004299181455280632,damage_diff_last_5s,False
lag_00__CT2__smoke,0.0004299025167711079,0.0004299025167711079,CT2__smoke,True
lag_13__CT_place_BDOORS,0.00042943647713400424,0.00042943647713400424,CT_place_BDOORS,False
lag_00__CT3__molly,0.00042866720468737185,0.00042866720468737185,CT3__molly,True
lag_00__CT_utility_inv,0.00042853865306824446,0.00042853865306824446,CT_utility_inv,True
lag_11__T4__is_walking,0.00042767636477947235,0.00042767636477947235,T4__is_walking,False
lag_01__CT4__has_helmet,0.000427314720582217,0.000427314720582217,CT4__has_helmet,False
lag_03__CT4__hp,0.00042545623728074133,0.00042545623728074133,CT4__hp,False
lag_03__T_walking_count,0.00042508970363996923,0.00042508970363996923,T_walking_count,False
lag_09__CT4__hp,0.0004236969107296318,0.0004236969107296318,CT4__hp,False
lag_01__alive_diff,0.0004217091773170978,0.0004217091773170978,alive_diff,False
lag_12__CT4__alive,0.0004210568149574101,0.0004210568149574101,CT4__alive,False
lag_05__T1__alive,0.0004207303572911769,0.0004207303572911769,T1__alive,False
lag_11__CT_walking_count,0.0004202408599667251,0.0004202408599667251,CT_walking_count,False
lag_00__T_smoke_inv,0.0004183492565061897,0.0004183492565061897,T_smoke_inv,True
lag_00__T_place_BDOORS,-0.000418301293393597,0.000418301293393597,T_place_BDOORS,False
lag_11__T3__duck_amount,-0.0004181211697869003,0.0004181211697869003,T3__duck_amount,False
lag_10__T3__is_walking,0.0004173991037532687,0.0004173991037532687,T3__is_walking,False
lag_04__T2__is_walking,0.00041730847442522645,0.00041730847442522645,T2__is_walking,False
lag_06__CT4__armor,0.00041706475894898176,0.00041706475894898176,CT4__armor,False
lag_12__active_infernos_total,0.00041697645792737603,0.00041697645792737603,active_infernos_total,True
lag_01__T_active_smokes,0.0004164071287959814,0.0004164071287959814,T_active_smokes,True
lag_12__T1__duck_amount,-0.000414817564887926,0.000414817564887926,T1__duck_amount,False
lag_13__smoke_inv_diff,0.00041474695899523795,0.00041474695899523795,smoke_inv_diff,True
lag_08__T3__molly,-0.0004141237586736679,0.0004141237586736679,T3__molly,True
lag_08__CT5__is_scoped,0.0004123052640352398,0.0004123052640352398,CT5__is_scoped,False
lag_01__CT4__is_walking,0.0004119069781154394,0.0004119069781154394,CT4__is_walking,False
lag_05__CT4__armor,0.0004107457643840462,0.0004107457643840462,CT4__armor,False
lag_08__CT4__hp,0.0004098104254808277,0.0004098104254808277,CT4__hp,False
lag_04__CT4__is_walking,0.0004089101275894791,0.0004089101275894791,CT4__is_walking,False
lag_01__T_velocity_mean,0.00040841143345460296,0.00040841143345460296,T_velocity_mean,False
lag_08__T5__molly,0.0004079567443113774,0.0004079567443113774,T5__molly,True
lag_09__CT_place_EXTENDEDA,0.000407757906941697,0.000407757906941697,CT_place_EXTENDEDA,False
lag_00__seconds_in_round,-0.00040674215415492654,0.00040674215415492654,seconds_in_round,False
lag_01__CT_alive,0.0004057847545482218,0.0004057847545482218,CT_alive,False
lag_02__hp_diff,0.00040548774995841086,0.00040548774995841086,hp_diff,False
lag_03__T1__duck_amount,0.0004046459507662803,0.0004046459507662803,T1__duck_amount,False
lag_01__T_place_ARAMP,-0.0004043607332278043,0.0004043607332278043,T_place_ARAMP,False
lag_07__CT4__alive,0.0004036664613522589,0.0004036664613522589,CT4__alive,False
lag_11__bomb_events_last_5s,0.0004025518137495965,0.0004025518137495965,bomb_events_last_5s,False
lag_02__T_place_ARAMP,-0.00040166336111724377,0.00040166336111724377,T_place_ARAMP,False
lag_10__T3__duck_amount,-0.0004016353632323444,0.0004016353632323444,T3__duck_amount,False
lag_12__CT_walking_count,0.0004005342489108443,0.0004005342489108443,CT_walking_count,False
lag_01__hp_diff,0.00040030039963312447,0.00040030039963312447,hp_diff,False
lag_04__kill_diff_last_3s,0.00040023401379585266,0.00040023401379585266,kill_diff_last_3s,False
lag_01__active_smokes_total,0.0004002249625045806,0.0004002249625045806,active_smokes_total,True
lag_14__CT4__alive,0.00039962006849236786,0.00039962006849236786,CT4__alive,False
lag_03__CT_place_ARAMP,-0.0003995408187620342,0.0003995408187620342,CT_place_ARAMP,False
lag_13__CT_smoke_inv,0.0003993340942543,0.0003993340942543,CT_smoke_inv,True
lag_01__T_place_SHORTSTAIRS,-0.00039850056055001915,0.00039850056055001915,T_place_SHORTSTAIRS,False
lag_09__T_place_SHORTSTAIRS,-0.0003983773058280349,0.0003983773058280349,T_place_SHORTSTAIRS,False
lag_12__CT4__hp,0.0003982980560977012,0.0003982980560977012,CT4__hp,False
lag_07__CT1__is_walking,0.00039814412593841553,0.00039814412593841553,CT1__is_walking,False
lag_13__T_velocity_mean,-0.0003963223425671458,0.0003963223425671458,T_velocity_mean,False
lag_07__T_shots_fired_sum,-0.0003957217268180102,0.0003957217268180102,T_shots_fired_sum,False
lag_01__T_place_TUNNELSTAIRS,-0.0003953106061089784,0.0003953106061089784,T_place_TUNNELSTAIRS,False
lag_03__T_velocity_mean,-0.00039411018951795995,0.00039411018951795995,T_velocity_mean,False
lag_11__CT2__smoke,0.0003937207511626184,0.0003937207511626184,CT2__smoke,True
lag_08__bomb_events_last_5s,0.00039337287307716906,0.00039337287307716906,bomb_events_last_5s,False
lag_05__T_place_CATWALK,-0.0003932113468181342,0.0003932113468181342,T_place_CATWALK,False
lag_15__CT4__armor,0.0003921007737517357,0.0003921007737517357,CT4__armor,False
lag_10__T4__has_bomb,-0.0003906567580997944,0.0003906567580997944,T4__has_bomb,False
lag_04__alive_diff,0.0003906508209183812,0.0003906508209183812,alive_diff,False
lag_07__T4__has_bomb,-0.00039004842983558774,0.00039004842983558774,T4__has_bomb,False
lag_00__CT1__smoke,0.0003875793772749603,0.0003875793772749603,CT1__smoke,True
lag_10__CT4__alive,0.000387095584301278,0.000387095584301278,CT4__alive,False
lag_06__T3__utility_total,-0.00038662334554828703,0.00038662334554828703,T3__utility_total,True
lag_01__T2__hp,0.00038530497113242745,0.00038530497113242745,T2__hp,False
lag_01__CT_macro_OTHER,0.0003845617175102234,0.0003845617175102234,CT_macro_OTHER,False
lag_09__CT4__armor,0.0003836328105535358,0.0003836328105535358,CT4__armor,False
lag_05__T1__hp,0.0003834480594377965,0.0003834480594377965,T1__hp,False
lag_05__CT5__duck_amount,0.00038304098416119814,0.00038304098416119814,CT5__duck_amount,False
lag_13__T_place_EXTENDEDA,-0.0003823880397249013,0.0003823880397249013,T_place_EXTENDEDA,False
lag_01__CT5__alive,0.00038146358565427363,0.00038146358565427363,CT5__alive,False
lag_15__T1__is_scoped,-0.0003814172523561865,0.0003814172523561865,T1__is_scoped,False
lag_00__CT1__molly,0.00038118113297969103,0.00038118113297969103,CT1__molly,True
lag_00__T_flash_inv,0.000381081918021664,0.000381081918021664,T_flash_inv,True
lag_03__CT4__armor,0.0003807980683632195,0.0003807980683632195,CT4__armor,False
lag_00__CT_place_UNDERA,0.0003802153514698148,0.0003802153514698148,CT_place_UNDERA,False
lag_12__T5__is_walking,0.0003793717478401959,0.0003793717478401959,T5__is_walking,False
lag_00__T2__Y,-0.000378717522835359,0.000378717522835359,T2__Y,False
lag_07__CT4__hp,0.00037849502405151725,0.00037849502405151725,CT4__hp,False
lag_06__T3__molly,-0.00037833809619769454,0.00037833809619769454,T3__molly,True
lag_15__CT2__smoke,0.0003781655977945775,0.0003781655977945775,CT2__smoke,True
lag_13__CT_place_MIDDOORS,-0.00037784050800837576,0.00037784050800837576,CT_place_MIDDOORS,False
lag_07__T_A_site_active_infernos,-0.0003778256068471819,0.0003778256068471819,T_A_site_active_infernos,True
lag_04__CT5__duck_amount,0.0003774348588194698,0.0003774348588194698,CT5__duck_amount,False
lag_00__CT_duck_amount_mean,-0.0003762024571187794,0.0003762024571187794,CT_duck_amount_mean,False
lag_14__CT4__hp,0.00037484720814973116,0.00037484720814973116,CT4__hp,False
lag_10__bomb_events_last_5s,0.00037479359889402986,0.00037479359889402986,bomb_events_last_5s,False
lag_02__CT4__has_helmet,0.00037414318649098277,0.00037414318649098277,CT4__has_helmet,False
lag_08__T_place_CATWALK,0.0003740506654139608,0.0003740506654139608,T_place_CATWALK,False
lag_09__CT2__is_walking,-0.0003737674269359559,0.0003737674269359559,CT2__is_walking,False
lag_06__T_place_LOWERTUNNEL,0.00037370107020251453,0.00037370107020251453,T_place_LOWERTUNNEL,False
lag_09__active_infernos_total,0.0003723118279594928,0.0003723118279594928,active_infernos_total,True
lag_03__T_burning_players,-0.0003720548120327294,0.0003720548120327294,T_burning_players,False
lag_15__CT_place_UNDERA,0.00037196639459580183,0.00037196639459580183,CT_place_UNDERA,False
lag_06__CT1__Y,-0.00037143603549338877,0.00037143603549338877,CT1__Y,False
lag_05__T_place_MIDDOORS,0.0003710983437485993,0.0003710983437485993,T_place_MIDDOORS,False
lag_14__active_infernos_total,0.00037051778053864837,0.00037051778053864837,active_infernos_total,True
lag_00__T4__is_walking,0.00037032339605502784,0.00037032339605502784,T4__is_walking,False
lag_06__CT_unique_places,0.00036883438588120043,0.00036883438588120043,CT_unique_places,False
lag_08__CT4__armor,0.0003685316478367895,0.0003685316478367895,CT4__armor,False
lag_01__CT_place_LONGA,0.0003684433177113533,0.0003684433177113533,CT_place_LONGA,False
lag_12__CT2__is_walking,0.0003683955001179129,0.0003683955001179129,CT2__is_walking,False
lag_11__T5__molly,0.0003678188077174127,0.0003678188077174127,T5__molly,True
lag_01__damage_diff_last_5s,0.0003677566710393876,0.0003677566710393876,damage_diff_last_5s,False
lag_13__CT4__alive,0.00036712407018058,0.00036712407018058,CT4__alive,False
lag_07__T3__utility_total,-0.00036663628998212516,0.00036663628998212516,T3__utility_total,True
lag_00__closest_enemy_dist_diff,0.00036648084642365575,0.00036648084642365575,closest_enemy_dist_diff,False
lag_00__T5__utility_total,0.0003661313676275313,0.0003661313676275313,T5__utility_total,True
lag_06__CT_mean_Y,-0.0003659644862636924,0.0003659644862636924,CT_mean_Y,False
lag_12__T5__molly,0.00036578436265699565,0.00036578436265699565,T5__molly,True
lag_00__T_utility_inv,0.0003657279012259096,0.0003657279012259096,T_utility_inv,True
lag_10__CT4__hp,0.0003656421322375536,0.0003656421322375536,CT4__hp,False
lag_03__hp_diff,0.0003631427534855902,0.0003631427534855902,hp_diff,False
lag_01__CT5__hp,0.00036286923568695784,0.00036286923568695784,CT5__hp,False
lag_02__T2__smoke,0.0003609723353292793,0.0003609723353292793,T2__smoke,True
lag_01__CT_hp_sum,0.0003605845267884433,0.0003605845267884433,CT_hp_sum,False
lag_02__active_smokes_total,0.00035951987956650555,0.00035951987956650555,active_smokes_total,True
lag_03__CT5__duck_amount,0.0003590509877540171,0.0003590509877540171,CT5__duck_amount,False
lag_00__CT_place_LONGA,0.0003579817130230367,0.0003579817130230367,CT_place_LONGA,False
lag_10__T5__utility_total,0.00035791483242064714,0.00035791483242064714,T5__utility_total,True
lag_09__T_place_CATWALK,-0.00035785342333838344,0.00035785342333838344,T_place_CATWALK,False
lag_06__T_A_site_active_infernos,-0.0003576485614757985,0.0003576485614757985,T_A_site_active_infernos,True
lag_12__CT4__armor,0.0003573064459487796,0.0003573064459487796,CT4__armor,False
lag_02__alive_diff,0.00035679960274137557,0.00035679960274137557,alive_diff,False
lag_06__CT2__Y,-0.0003562658675946295,0.0003562658675946295,CT2__Y,False
lag_00__CT_place_SHORTSTAIRS,-0.00035536670475266874,0.00035536670475266874,CT_place_SHORTSTAIRS,False
lag_00__T4__smoke,0.00035515223862603307,0.00035515223862603307,T4__smoke,True
lag_01__CT2__shots_fired,-0.0003551380068529397,0.0003551380068529397,CT2__shots_fired,False
lag_00__CT2__molly,0.00035495817428454757,0.00035495817428454757,CT2__molly,True
lag_01__CT2__is_walking,-0.0003548377426341176,0.0003548377426341176,CT2__is_walking,False
lag_12__T_place_MIDDLE,-0.0003542338963598013,0.0003542338963598013,T_place_MIDDLE,False
lag_03__T_place_MIDDOORS,-0.0003539538593031466,0.0003539538593031466,T_place_MIDDOORS,False
lag_14__CT1__is_walking,-0.0003537129668984562,0.0003537129668984562,CT1__is_walking,False
lag_02__T_kills_last_3s,-0.0003528785309754312,0.0003528785309754312,T_kills_last_3s,False
lag_00__T_place_UPPERTUNNEL,-0.0003501252504065633,0.0003501252504065633,T_place_UPPERTUNNEL,False
lag_06__T_place_SHORTSTAIRS,-0.0003498262958601117,0.0003498262958601117,T_place_SHORTSTAIRS,False
lag_06__CT3__has_defuser,-0.00034945033257827163,0.00034945033257827163,CT3__has_defuser,False
lag_00__T_burning_players,-0.00034928350942209363,0.00034928350942209363,T_burning_players,False
lag_05__CT1__Y,-0.0003492103423923254,0.0003492103423923254,CT1__Y,False
lag_06__T1__duck_amount,-0.0003487955254968256,0.0003487955254968256,T1__duck_amount,False
lag_07__CT4__is_walking,0.00034783457522280514,0.00034783457522280514,CT4__is_walking,False
lag_05__T_velocity_mean,-0.0003477772406768054,0.0003477772406768054,T_velocity_mean,False
lag_09__CT1__is_walking,0.0003467183851171285,0.0003467183851171285,CT1__is_walking,False
lag_02__T3__duck_amount,-0.0003463718167040497,0.0003463718167040497,T3__duck_amount,False
lag_13__CT4__hp,0.00034562419750727713,0.00034562419750727713,CT4__hp,False
lag_06__hp_diff,0.0003453412791714072,0.0003453412791714072,hp_diff,False
lag_02__T_duck_amount_mean,-0.00034532565041445196,0.00034532565041445196,T_duck_amount_mean,False
lag_00__T1__flash,0.0003441289300099015,0.0003441289300099015,T1__flash,True
lag_15__T1__is_walking,-0.00034304571454413235,0.00034304571454413235,T1__is_walking,False
lag_10__CT2__smoke,0.000342771178111434,0.000342771178111434,CT2__smoke,True
lag_15__T1__duck_amount,-0.0003422768786549568,0.0003422768786549568,T1__duck_amount,False
lag_04__T_place_CATWALK,0.00034223738475702703,0.00034223738475702703,T_place_CATWALK,False
lag_00__T_place_SHORTSTAIRS,-0.00034184777177870274,0.00034184777177870274,T_place_SHORTSTAIRS,False
lag_14__CT2__smoke,0.00034174500615336,0.00034174500615336,CT2__smoke,True
lag_05__T_A_site_active_infernos,-0.0003416474792174995,0.0003416474792174995,T_A_site_active_infernos,True
lag_11__CT_velocity_mean,-0.00034153377055190504,0.00034153377055190504,CT_velocity_mean,False
lag_00__T_spread_xy,-0.0003411996876820922,0.0003411996876820922,T_spread_xy,False
lag_11__T2__duck_amount,-0.0003411384532228112,0.0003411384532228112,T2__duck_amount,False
lag_14__CT_walking_count,-0.00034082954516634345,0.00034082954516634345,CT_walking_count,False
lag_05__T1__armor,0.00034010945819318295,0.00034010945819318295,T1__armor,False
lag_08__T_place_UPPERTUNNEL,-0.00034003358450718224,0.00034003358450718224,T_place_UPPERTUNNEL,False
lag_09__T1__duck_amount,0.00033964187605306506,0.00033964187605306506,T1__duck_amount,False
lag_05__T1__is_walking,0.0003388499899301678,0.0003388499899301678,T1__is_walking,False
lag_03__alive_diff,0.00033865959267131984,0.00033865959267131984,alive_diff,False
lag_04__T_duck_amount_mean,0.00033845932921394706,0.00033845932921394706,T_duck_amount_mean,False
lag_05__CT_mean_Y,-0.0003382657596375793,0.0003382657596375793,CT_mean_Y,False
lag_02__CT_place_BDOORS,-0.00033814384369179606,0.00033814384369179606,CT_place_BDOORS,False
lag_07__CT4__armor,0.00033615954453125596,0.00033615954453125596,CT4__armor,False
lag_15__T1__Y,-0.00033537737908773124,0.00033537737908773124,T1__Y,False
lag_05__T3__utility_total,-0.00033533162786625326,0.00033533162786625326,T3__utility_total,True
lag_01__CT5__armor,0.0003345138393342495,0.0003345138393342495,CT5__armor,False
lag_12__T3__shots_fired,0.00033403211273252964,0.00033403211273252964,T3__shots_fired,False
lag_04__CT_kills_last_3s,0.0003339133400004357,0.0003339133400004357,CT_kills_last_3s,False
lag_12__T_shots_fired_sum,0.00033378013176843524,0.00033378013176843524,T_shots_fired_sum,False
lag_14__CT4__armor,0.0003330690960865468,0.0003330690960865468,CT4__armor,False
lag_06__T4__has_bomb,-0.0003326916485093534,0.0003326916485093534,T4__has_bomb,False
lag_03__CT1__Y,-0.0003322372504044324,0.0003322372504044324,CT1__Y,False
lag_01__CT_armor_sum,0.0003316904476378113,0.0003316904476378113,CT_armor_sum,False
lag_05__CT_place_MIDDOORS,0.0003315695212222636,0.0003315695212222636,CT_place_MIDDOORS,False
lag_02__T_place_LOWERTUNNEL,-0.0003314601199235767,0.0003314601199235767,T_place_LOWERTUNNEL,False
lag_13__T1__Y,-0.0003314167261123657,0.0003314167261123657,T1__Y,False
lag_00__CT3__smoke,0.0003313454508315772,0.0003313454508315772,CT3__smoke,True
lag_12__T4__is_walking,-0.00033126198104582727,0.00033126198104582727,T4__is_walking,False
lag_06__CT_place_EXTENDEDA,0.00033095755497924984,0.00033095755497924984,CT_place_EXTENDEDA,False
lag_00__T1__Y,-0.00033069081837311387,0.00033069081837311387,T1__Y,False
lag_11__T1__duck_amount,-0.00033041907590813935,0.00033041907590813935,T1__duck_amount,False
lag_00__CT2__flash,0.00033024168806150556,0.00033024168806150556,CT2__flash,True
lag_04__CT4__has_helmet,0.00032910567824728787,0.00032910567824728787,CT4__has_helmet,False
lag_12__bomb_events_last_5s,0.00032854126766324043,0.00032854126766324043,bomb_events_last_5s,False
lag_01__CT_scoped_count,0.000328170572174713,0.000328170572174713,CT_scoped_count,False
lag_10__CT4__armor,0.00032747635850682855,0.00032747635850682855,CT4__armor,False
lag_12__T_active_infernos,0.0003271132882218808,0.0003271132882218808,T_active_infernos,True
lag_11__CT4__alive,0.0003268494037911296,0.0003268494037911296,CT4__alive,False
lag_15__T2__Y,-0.0003268473083153367,0.0003268473083153367,T2__Y,False
lag_04__CT1__Y,-0.0003264171537011862,0.0003264171537011862,CT1__Y,False
lag_02__kill_diff_last_3s,0.0003259480290580541,0.0003259480290580541,kill_diff_last_3s,False
lag_09__T_place_UPPERTUNNEL,-0.0003252525348216295,0.0003252525348216295,T_place_UPPERTUNNEL,False
lag_00__T3__Y,-0.00032501856912858784,0.00032501856912858784,T3__Y,False
lag_09__T1__is_scoped,-0.0003248696739319712,0.0003248696739319712,T1__is_scoped,False
lag_13__CT_macro_OTHER,0.0003245714178774506,0.0003245714178774506,CT_macro_OTHER,False
lag_02__CT1__Y,-0.00032427048427052796,0.00032427048427052796,CT1__Y,False
lag_08__T_A_site_active_infernos,-0.00032413454027846456,0.00032413454027846456,T_A_site_active_infernos,True
lag_00__T_mean_Y,-0.0003231448063161224,0.0003231448063161224,T_mean_Y,False
lag_07__CT2__Y,-0.0003230016736779362,0.0003230016736779362,CT2__Y,False
lag_01__T_duck_amount_mean,-0.00032246942282654345,0.00032246942282654345,T_duck_amount_mean,False
lag_05__T_kills_last_3s,-0.0003223624953534454,0.0003223624953534454,T_kills_last_3s,False
lag_05__CT2__duck_amount,0.00032214183011092246,0.00032214183011092246,CT2__duck_amount,False
lag_12__T1__Y,-0.00032134485081769526,0.00032134485081769526,T1__Y,False
lag_15__damage_diff_last_5s,0.00032093870686367154,0.00032093870686367154,damage_diff_last_5s,False
lag_05__CT3__has_defuser,-0.0003205483080819249,0.0003205483080819249,CT3__has_defuser,False
lag_11__T_duck_amount_mean,-0.000320530409226194,0.000320530409226194,T_duck_amount_mean,False
lag_12__CT2__utility_total,0.0003203164378646761,0.0003203164378646761,CT2__utility_total,True
lag_02__CT_alive,0.000320121442200616,0.000320121442200616,CT_alive,False
lag_05__T_place_MIDDLE,-0.0003198183549102396,0.0003198183549102396,T_place_MIDDLE,False
lag_07__T_place_TOPOFMID,0.0003196686157025397,0.0003196686157025397,T_place_TOPOFMID,False
lag_08__T_place_MIDDLE,-0.0003187221009284258,0.0003187221009284258,T_place_MIDDLE,False
lag_13__T2__Y,-0.0003183749795425683,0.0003183749795425683,T2__Y,False
lag_12__CT2__duck_amount,-0.00031829101499170065,0.00031829101499170065,CT2__duck_amount,False
lag_08__CT3__is_walking,-0.00031780634890310466,0.00031780634890310466,CT3__is_walking,False
lag_09__T3__utility_total,-0.0003171693824697286,0.0003171693824697286,T3__utility_total,True
lag_02__CT_walking_count,0.00031668407609686255,0.00031668407609686255,CT_walking_count,False
lag_06__T_place_TOPOFMID,0.00031665945425629616,0.00031665945425629616,T_place_TOPOFMID,False
lag_06__T3__smoke,-0.0003166165261063725,0.0003166165261063725,T3__smoke,True
lag_07__CT1__Y,-0.00031626567943021655,0.00031626567943021655,CT1__Y,False
lag_01__T_place_UPPERTUNNEL,-0.0003162049106322229,0.0003162049106322229,T_place_UPPERTUNNEL,False
lag_05__CT2__Y,-0.00031580450013279915,0.00031580450013279915,CT2__Y,False
lag_00__T5__molly,0.00031566343386657536,0.00031566343386657536,T5__molly,True
lag_11__T1__Y,-0.00031503444188274443,0.00031503444188274443,T1__Y,False
lag_14__T1__Y,-0.0003149892727378756,0.0003149892727378756,T1__Y,False
lag_06__CT5__is_walking,0.00031469212262891233,0.00031469212262891233,CT5__is_walking,False
lag_13__T4__has_bomb,-0.00031453309929929674,0.00031453309929929674,T4__has_bomb,False
lag_10__T1__Y,-0.0003144811780657619,0.0003144811780657619,T1__Y,False
lag_09__T_damage_last_5s,-0.0003138652828056365,0.0003138652828056365,T_damage_last_5s,False
lag_14__T_walking_count,0.0003134212165605277,0.0003134212165605277,T_walking_count,False
lag_14__T_place_LOWERTUNNEL,-0.00031256655347533524,0.00031256655347533524,T_place_LOWERTUNNEL,False
lag_12__T2__Y,-0.0003121821500826627,0.0003121821500826627,T2__Y,False
lag_07__CT_mean_Y,-0.000312158081214875,0.000312158081214875,CT_mean_Y,False
lag_04__T3__molly,-0.0003119097964372486,0.0003119097964372486,T3__molly,True
lag_09__T1__Y,-0.0003115667204838246,0.0003115667204838246,T1__Y,False
lag_02__CT5__alive,0.00031143470550887287,0.00031143470550887287,CT5__alive,False
lag_12__CT5__duck_amount,0.0003111512050963938,0.0003111512050963938,CT5__duck_amount,False
lag_04__T1__is_walking,-0.0003110006218776107,0.0003110006218776107,T1__is_walking,False
lag_03__CT_mean_Y,-0.00031097742612473667,0.00031097742612473667,CT_mean_Y,False
lag_02__T_damage_last_5s,-0.0003107543452642858,0.0003107543452642858,T_damage_last_5s,False
lag_02__T5__X,0.0003105819341726601,0.0003105819341726601,T5__X,False
lag_10__T_place_UPPERTUNNEL,-0.00030972925014793873,0.00030972925014793873,T_place_UPPERTUNNEL,False
lag_15__hp_diff,0.0003094430430792272,0.0003094430430792272,hp_diff,False
lag_14__T1__is_walking,0.0003092409751843661,0.0003092409751843661,T1__is_walking,False
lag_14__CT_active_infernos,0.00030914199305698276,0.00030914199305698276,CT_active_infernos,True
lag_06__CT5__Y,-0.000308901333482936,0.000308901333482936,CT5__Y,False
lag_01__T2__Y,-0.0003088393423240632,0.0003088393423240632,T2__Y,False
lag_00__CT3__utility_total,0.0003086391370743513,0.0003086391370743513,CT3__utility_total,True
lag_13__CT4__armor,0.0003083833144046366,0.0003083833144046366,CT4__armor,False
lag_07__CT_walking_count,0.00030800150125287473,0.00030800150125287473,CT_walking_count,False
lag_15__CT_place_SHORTSTAIRS,-0.00030722073279321194,0.00030722073279321194,CT_place_SHORTSTAIRS,False
lag_12__CT_active_infernos,0.00030681362841278315,0.00030681362841278315,CT_active_infernos,True
lag_06__alive_diff,0.0003060856834053993,0.0003060856834053993,alive_diff,False
lag_01__T_unique_places,-0.00030565893393941224,0.00030565893393941224,T_unique_places,False
lag_00__bomb_events_last_5s,0.00030559644801542163,0.00030559644801542163,bomb_events_last_5s,False
lag_06__T_kills_last_3s,-0.0003054578264709562,0.0003054578264709562,T_kills_last_3s,False
lag_14__T4__has_bomb,-0.00030532205710187554,0.00030532205710187554,T4__has_bomb,False
lag_05__T1__has_helmet,0.0003052772954106331,0.0003052772954106331,T1__has_helmet,False
lag_11__CT4__hp,0.0003050111117772758,0.0003050111117772758,CT4__hp,False
lag_15__T2__duck_amount,-0.00030476207030005753,0.00030476207030005753,T2__duck_amount,False
lag_04__CT_mean_Y,-0.00030472883372567594,0.00030472883372567594,CT_mean_Y,False
lag_14__T2__Y,-0.00030466209864243865,0.00030466209864243865,T2__Y,False
lag_13__T_place_MIDDLE,0.00030459347181022167,0.00030459347181022167,T_place_MIDDLE,False
lag_02__T_shots_fired_sum,-0.00030455575324594975,0.00030455575324594975,T_shots_fired_sum,False
lag_09__T_place_LOWERTUNNEL,-0.0003042846219614148,0.0003042846219614148,T_place_LOWERTUNNEL,False
lag_10__hp_diff,0.00030417664675042033,0.00030417664675042033,hp_diff,False
lag_03__T5__X,0.00030352434259839356,0.00030352434259839356,T5__X,False
lag_15__T5__molly,0.0003027596103493124,0.0003027596103493124,T5__molly,True
lag_03__CT5__alive,0.00030254293233156204,0.00030254293233156204,CT5__alive,False
lag_06__T5__X,0.00030230218544602394,0.00030230218544602394,T5__X,False
lag_09__CT2__smoke,0.0003021692973561585,0.0003021692973561585,CT2__smoke,True
lag_04__T1__smoke,-0.00030183454509824514,0.00030183454509824514,T1__smoke,True
lag_02__CT_mean_Y,-0.000301567924907431,0.000301567924907431,CT_mean_Y,False
lag_09__CT_active_infernos,0.00030124004115350544,0.00030124004115350544,CT_active_infernos,True
lag_00__CT_closest_enemy_dist,0.00030094795511104167,0.00030094795511104167,CT_closest_enemy_dist,False
lag_01__armor_diff,0.00030084504396654665,0.00030084504396654665,armor_diff,False
lag_13__T_place_LONGA,-0.0003006222832482308,0.0003006222832482308,T_place_LONGA,False
lag_09__T2__Y,-0.00029986543813720345,0.00029986543813720345,T2__Y,False
lag_00__CT2__shots_fired,-0.0002992885129060596,0.0002992885129060596,CT2__shots_fired,False
lag_11__CT1__is_walking,0.00029842034564353526,0.00029842034564353526,CT1__is_walking,False
lag_08__T3__utility_total,-0.00029750433168374,0.00029750433168374,T3__utility_total,True
lag_10__CT_active_smokes,-0.00029722703038714826,0.00029722703038714826,CT_active_smokes,True
lag_12__hp_diff,0.00029711020761169493,0.00029711020761169493,hp_diff,False
lag_10__CT_duck_amount_mean,-0.0002963219303637743,0.0002963219303637743,CT_duck_amount_mean,False
lag_05__CT_unique_places,0.0002958867116831243,0.0002958867116831243,CT_unique_places,False
lag_00__CT_walking_count,0.00029582364368252456,0.00029582364368252456,CT_walking_count,False
lag_15__T_shots_fired_sum,-0.0002957899123430252,0.0002957899123430252,T_shots_fired_sum,False
lag_01__CT5__utility_total,0.0002956365351565182,0.0002956365351565182,CT5__utility_total,True
lag_00__T_place_EXTENDEDA,-0.0002954233204945922,0.0002954233204945922,T_place_EXTENDEDA,False
lag_07__CT3__has_defuser,-0.00029489598819054663,0.00029489598819054663,CT3__has_defuser,False
lag_01__T_spread_xy,-0.0002946656895801425,0.0002946656895801425,T_spread_xy,False
lag_14__T5__molly,0.0002946280874311924,0.0002946280874311924,T5__molly,True
lag_05__CT5__alive,0.0002944987500086427,0.0002944987500086427,CT5__alive,False
lag_08__CT2__smoke,0.00029441312653943896,0.00029441312653943896,CT2__smoke,True
lag_02__T_place_UPPERTUNNEL,-0.00029416929464787245,0.00029416929464787245,T_place_UPPERTUNNEL,False
lag_01__T5__duck_amount,0.00029414400341920555,0.00029414400341920555,T5__duck_amount,False
lag_04__armor_diff,0.0002940393751487136,0.0002940393751487136,armor_diff,False
lag_10__T2__Y,-0.00029384615481831133,0.00029384615481831133,T2__Y,False
lag_09__T2__has_bomb,0.00029305616044439375,0.00029305616044439375,T2__has_bomb,False
lag_12__CT_smoke_inv,0.0002930127957370132,0.0002930127957370132,CT_smoke_inv,True
lag_00__T_place_OUTSIDETUNNEL,-0.00029290837119333446,0.00029290837119333446,T_place_OUTSIDETUNNEL,False
lag_11__T2__Y,-0.0002927316527348012,0.0002927316527348012,T2__Y,False
lag_07__T5__molly,0.00029266049386933446,0.00029266049386933446,T5__molly,True
lag_00__CT3__is_scoped,-0.00029216110124252737,0.00029216110124252737,CT3__is_scoped,False
lag_02__T2__Y,-0.0002920205006375909,0.0002920205006375909,T2__Y,False
lag_01__CT_place_MIDDOORS,0.0002918893296737224,0.0002918893296737224,CT_place_MIDDOORS,False
lag_08__hp_diff,0.00029166878084652126,0.00029166878084652126,hp_diff,False
lag_04__bomb_events_last_5s,0.00029141869163140655,0.00029141869163140655,bomb_events_last_5s,False
lag_05__T3__molly,-0.0002913401694968343,0.0002913401694968343,T3__molly,True
lag_09__T4__has_bomb,-0.0002910063194576651,0.0002910063194576651,T4__has_bomb,False
lag_02__CT_macro_OTHER,0.00029097654623910785,0.00029097654623910785,CT_macro_OTHER,False
lag_08__CT_place_EXTENDEDA,0.0002907606540247798,0.0002907606540247798,CT_place_EXTENDEDA,False
lag_10__T_A_site_active_infernos,-0.0002906069566961378,0.0002906069566961378,T_A_site_active_infernos,True
lag_05__T3__smoke,-0.0002904300345107913,0.0002904300345107913,T3__smoke,True
lag_01__CT5__smoke,0.0002902020059991628,0.0002902020059991628,CT5__smoke,True
lag_12__T_place_LONGA,-0.0002900559629779309,0.0002900559629779309,T_place_LONGA,False
lag_14__CT3__has_defuser,-0.00028969001141376793,0.00028969001141376793,CT3__has_defuser,False
lag_00__T4__Y,-0.00028951160493306816,0.00028951160493306816,T4__Y,False
lag_00__T5__smoke,0.00028937181923538446,0.00028937181923538446,T5__smoke,True
lag_05__CT_place_UNDERA,0.00028921806369908154,0.00028921806369908154,CT_place_UNDERA,False
lag_05__CT_place_ARAMP,-0.0002891740296036005,0.0002891740296036005,CT_place_ARAMP,False
lag_02__CT5__hp,0.00028905554790981114,0.00028905554790981114,CT5__hp,False
lag_04__T3__utility_total,-0.00028899245080538094,0.00028899245080538094,T3__utility_total,True
lag_03__kill_diff_last_3s,0.00028871759423054755,0.00028871759423054755,kill_diff_last_3s,False
lag_04__T_damage_last_5s,-0.00028760620625689626,0.00028760620625689626,T_damage_last_5s,False
lag_14__CT4__duck_amount,0.00028760539134964347,0.00028760539134964347,CT4__duck_amount,False
lag_04__T_cash_spent_round_sum,-0.00028755408129654825,0.00028755408129654825,T_cash_spent_round_sum,False
lag_06__T_duck_amount_mean,-0.00028722145361825824,0.00028722145361825824,T_duck_amount_mean,False
lag_06__CT3__Y,-0.00028670052415691316,0.00028670052415691316,CT3__Y,False
lag_06__T_closest_enemy_dist,-0.00028615316841751337,0.00028615316841751337,T_closest_enemy_dist,False
lag_08__T4__has_bomb,-0.0002854428021237254,0.0002854428021237254,T4__has_bomb,False
lag_01__closest_enemy_dist_diff,0.00028519280022010207,0.00028519280022010207,closest_enemy_dist_diff,False
lag_03__CT3__has_defuser,-0.0002850359887816012,0.0002850359887816012,CT3__has_defuser,False
lag_05__T5__X,0.00028478403692133725,0.00028478403692133725,T5__X,False
lag_04__CT3__has_defuser,-0.00028468589880503714,0.00028468589880503714,CT3__has_defuser,False
lag_11__T2__is_walking,0.00028417553403414786,0.00028417553403414786,T2__is_walking,False
lag_07__CT5__alive,0.00028413746622391045,0.00028413746622391045,CT5__alive,False
lag_11__CT_place_ARAMP,-0.0002839638036675751,0.0002839638036675751,CT_place_ARAMP,False
lag_10__CT5__alive,0.0002838160435203463,0.0002838160435203463,CT5__alive,False
lag_04__T5__X,0.0002835114428307861,0.0002835114428307861,T5__X,False
lag_11__T5__smoke,-0.00028341400320641696,0.00028341400320641696,T5__smoke,True
lag_14__T2__has_bomb,0.00028329441556707025,0.00028329441556707025,T2__has_bomb,False
lag_06__CT5__is_scoped,0.0002830169687513262,0.0002830169687513262,CT5__is_scoped,False
lag_10__CT2__utility_total,0.0002823646937031299,0.0002823646937031299,CT2__utility_total,True
lag_05__CT4__is_walking,0.00028162956004962325,0.00028162956004962325,CT4__is_walking,False
lag_08__T2__Y,-0.0002815942279994488,0.0002815942279994488,T2__Y,False
lag_02__T1__is_scoped,-0.00028158631175756454,0.00028158631175756454,T1__is_scoped,False
lag_07__hp_diff,0.0002815492043737322,0.0002815492043737322,hp_diff,False
lag_09__CT2__utility_total,0.00028154507162980735,0.00028154507162980735,CT2__utility_total,True
lag_03__bomb_events_last_5s,0.0002815411426126957,0.0002815411426126957,bomb_events_last_5s,False
lag_06__CT5__alive,0.00028100318741053343,0.00028100318741053343,CT5__alive,False
lag_05__CT5__Y,-0.00028090691193938255,0.00028090691193938255,CT5__Y,False
lag_07__T_walking_count,0.0002807156415656209,0.0002807156415656209,T_walking_count,False
lag_02__T_place_SHORTSTAIRS,-0.00028044573264196515,0.00028044573264196515,T_place_SHORTSTAIRS,False
lag_01__T5__X,0.00028022201149724424,0.00028022201149724424,T5__X,False
lag_08__CT2__Y,-0.0002801516675390303,0.0002801516675390303,CT2__Y,False
lag_09__hp_diff,0.00027998158475384116,0.00027998158475384116,hp_diff,False
lag_12__T5__utility_total,0.0002793158928398043,0.0002793158928398043,T5__utility_total,True
lag_13__T_kills_last_3s,-0.0002791816368699074,0.0002791816368699074,T_kills_last_3s,False
lag_03__CT5__hp,0.0002790912694763392,0.0002790912694763392,CT5__hp,False
lag_02__CT_hp_sum,0.00027908297488465905,0.00027908297488465905,CT_hp_sum,False
lag_03__CT2__Y,-0.00027874496299773455,0.00027874496299773455,CT2__Y,False
lag_00__CT_spread_xy,-0.0002781515649985522,0.0002781515649985522,CT_spread_xy,False
lag_15__CT_place_BDOORS,-0.00027740723453462124,0.00027740723453462124,CT_place_BDOORS,False
lag_09__CT4__has_helmet,0.0002772216685116291,0.0002772216685116291,CT4__has_helmet,False
lag_15__CT4__has_helmet,0.00027716660406440496,0.00027716660406440496,CT4__has_helmet,False
lag_02__CT2__Y,-0.00027668921393342316,0.00027668921393342316,CT2__Y,False
lag_11__CT2__utility_total,0.0002762307703960687,0.0002762307703960687,CT2__utility_total,True
lag_07__T_place_UPPERTUNNEL,-0.00027600539033301175,0.00027600539033301175,T_place_UPPERTUNNEL,False
lag_11__CT5__alive,0.00027582267648540437,0.00027582267648540437,CT5__alive,False
lag_05__CT5__is_scoped,-0.0002758077753242105,0.0002758077753242105,CT5__is_scoped,False
lag_03__T2__Y,-0.0002754846354946494,0.0002754846354946494,T2__Y,False
lag_11__smoke_inv_diff,0.0002754773886408657,0.0002754773886408657,smoke_inv_diff,True
lag_14__CT_place_MIDDOORS,-0.00027543294709175825,0.00027543294709175825,CT_place_MIDDOORS,False
lag_08__T1__Y,-0.0002754014858510345,0.0002754014858510345,T1__Y,False
lag_11__T3__shots_fired,0.0002752862055785954,0.0002752862055785954,T3__shots_fired,False
lag_05__bomb_events_last_5s,0.000275049707852304,0.000275049707852304,bomb_events_last_5s,False
lag_04__closest_enemy_dist_diff,0.0002749828272499144,0.0002749828272499144,closest_enemy_dist_diff,False
lag_07__T_damage_last_5s,-0.0002749054110608995,0.0002749054110608995,T_damage_last_5s,False
lag_05__T_place_SHORTSTAIRS,-0.00027475031674839556,0.00027475031674839556,T_place_SHORTSTAIRS,False
lag_01__T5__utility_total,0.0002744660887401551,0.0002744660887401551,T5__utility_total,True
lag_01__T_place_BDOORS,-0.00027420680271461606,0.00027420680271461606,T_place_BDOORS,False
lag_03__T3__is_walking,0.00027381055406294763,0.00027381055406294763,T3__is_walking,False
lag_05__CT_kills_last_3s,-0.00027334142941981554,0.00027334142941981554,CT_kills_last_3s,False
lag_08__CT_scoped_count,0.0002731952699832618,0.0002731952699832618,CT_scoped_count,False
lag_00__T4__has_bomb,0.0002731907879933715,0.0002731907879933715,T4__has_bomb,False
lag_13__T_place_UPPERTUNNEL,-0.0002728953259065747,0.0002728953259065747,T_place_UPPERTUNNEL,False
lag_10__T2__has_bomb,0.00027282722294330597,0.00027282722294330597,T2__has_bomb,False
lag_11__T_place_TOPOFMID,0.0002723261422943324,0.0002723261422943324,T_place_TOPOFMID,False
lag_07__T1__is_walking,0.0002719601325225085,0.0002719601325225085,T1__is_walking,False
lag_05__T3__shots_fired,0.0002715607115533203,0.0002715607115533203,T3__shots_fired,False
lag_04__T2__Y,-0.0002715595765039325,0.0002715595765039325,T2__Y,False
lag_04__T_unique_places,-0.00027151827816851437,0.00027151827816851437,T_unique_places,False
lag_01__CT_smoke_inv,0.0002714030852075666,0.0002714030852075666,CT_smoke_inv,True
lag_08__CT_walking_count,-0.0002713574795052409,0.0002713574795052409,CT_walking_count,False
lag_02__T3__utility_total,-0.00027135544223710895,0.00027135544223710895,T3__utility_total,True
lag_03__CT2__duck_amount,-0.00027099193539470434,0.00027099193539470434,CT2__duck_amount,False
lag_03__T_place_UPPERTUNNEL,-0.0002709607651922852,0.0002709607651922852,T_place_UPPERTUNNEL,False
lag_15__T2__is_walking,-0.0002705441729631275,0.0002705441729631275,T2__is_walking,False
lag_06__bomb_events_last_5s,0.0002703206555452198,0.0002703206555452198,bomb_events_last_5s,False
lag_03__CT_alive,0.0002701800549402833,0.0002701800549402833,CT_alive,False
lag_15__T3__shots_fired,-0.00027004952426068485,0.00027004952426068485,T3__shots_fired,False
lag_14__hp_diff,0.00026995083317160606,0.00026995083317160606,hp_diff,False
lag_05__CT4__has_helmet,0.00026987463934347034,0.00026987463934347034,CT4__has_helmet,False
lag_00__T_place_MIDDOORS,-0.00026979210088029504,0.00026979210088029504,T_place_MIDDOORS,False
lag_11__CT4__armor,0.00026941258693113923,0.00026941258693113923,CT4__armor,False
lag_07__CT5__is_scoped,0.00026940187672153115,0.00026940187672153115,CT5__is_scoped,False
lag_02__armor_diff,0.0002693764690775424,0.0002693764690775424,armor_diff,False
lag_15__T3__is_walking,0.0002693484420888126,0.0002693484420888126,T3__is_walking,False
lag_04__CT_alive,0.0002690601977519691,0.0002690601977519691,CT_alive,False
lag_03__closest_enemy_dist_diff,0.0002689981774892658,0.0002689981774892658,closest_enemy_dist_diff,False
lag_05__CT5__hp,0.00026871933368965983,0.00026871933368965983,CT5__hp,False
lag_12__T2__duck_amount,-0.0002685830695554614,0.0002685830695554614,T2__duck_amount,False
lag_13__CT_place_SHORTSTAIRS,-0.0002682978520169854,0.0002682978520169854,CT_place_SHORTSTAIRS,False
lag_02__CT3__has_defuser,-0.0002676846634130925,0.0002676846634130925,CT3__has_defuser,False
lag_09__T_active_infernos,0.000267408526269719,0.000267408526269719,T_active_infernos,True
lag_01__T5__flash,0.0002673196140676737,0.0002673196140676737,T5__flash,True
lag_07__T3__smoke,-0.00026718765730038285,0.00026718765730038285,T3__smoke,True
lag_03__CT_place_MIDDOORS,0.00026705427444539964,0.00026705427444539964,CT_place_MIDDOORS,False
lag_06__CT4__has_helmet,0.00026696707936935127,0.00026696707936935127,CT4__has_helmet,False
lag_04__CT2__Y,-0.0002666877117007971,0.0002666877117007971,CT2__Y,False
lag_08__T2__has_bomb,0.00026668159989640117,0.00026668159989640117,T2__has_bomb,False
lag_10__T5__is_walking,-0.00026645706384442747,0.00026645706384442747,T5__is_walking,False
lag_15__T_place_MIDDOORS,-0.00026632178924046457,0.00026632178924046457,T_place_MIDDOORS,False
lag_09__CT3__duck_amount,0.00026629099738784134,0.00026629099738784134,CT3__duck_amount,False
lag_04__T4__duck_amount,-0.00026625735335983336,0.00026625735335983336,T4__duck_amount,False
lag_08__CT1__Y,-0.00026577847893349826,0.00026577847893349826,CT1__Y,False
lag_12__T2__smoke,0.00026560487458482385,0.00026560487458482385,T2__smoke,True
lag_08__CT5__alive,0.00026549422182142735,0.00026549422182142735,CT5__alive,False
lag_02__damage_diff_last_5s,0.00026543429703451693,0.00026543429703451693,damage_diff_last_5s,False
lag_01__T2__smoke,0.00026538531528785825,0.00026538531528785825,T2__smoke,True
lag_07__T2__Y,-0.00026531549519859254,0.00026531549519859254,T2__Y,False
lag_10__T4__duck_amount,0.00026516750222072005,0.00026516750222072005,T4__duck_amount,False
lag_05__T_place_LONGA,-0.0002651092945598066,0.0002651092945598066,T_place_LONGA,False
lag_01__CT_active_infernos,0.0002650843234732747,0.0002650843234732747,CT_active_infernos,True
lag_15__CT_smoke_inv,0.00026430387515574694,0.00026430387515574694,CT_smoke_inv,True
lag_14__CT_mean_Y,-0.00026418990455567837,0.00026418990455567837,CT_mean_Y,False
lag_07__T5__X,0.000264147442067042,0.000264147442067042,T5__X,False
lag_00__T_velocity_mean,-0.00026373399305157363,0.00026373399305157363,T_velocity_mean,False
lag_07__CT5__Y,-0.0002636782010085881,0.0002636782010085881,CT5__Y,False
lag_10__CT5__hp,0.000263584399363026,0.000263584399363026,CT5__hp,False
lag_11__T3__is_walking,-0.00026356548187322915,0.00026356548187322915,T3__is_walking,False
lag_07__CT5__is_walking,0.00026346463710069656,0.00026346463710069656,CT5__is_walking,False
lag_12__alive_diff,0.00026283887564204633,0.00026283887564204633,alive_diff,False
lag_14__T3__smoke,-0.00026247071218676865,0.00026247071218676865,T3__smoke,True
lag_04__T4__has_bomb,-0.000262429763097316,0.000262429763097316,T4__has_bomb,False
lag_02__T_spread_xy,-0.0002623501350171864,0.0002623501350171864,T_spread_xy,False
lag_02__T3__molly,-0.0002623069449327886,0.0002623069449327886,T3__molly,True
lag_01__T1__Y,-0.0002621280145831406,0.0002621280145831406,T1__Y,False
lag_12__T_kills_last_3s,-0.00026204061578027904,0.00026204061578027904,T_kills_last_3s,False
lag_10__alive_diff,0.00026154876104556024,0.00026154876104556024,alive_diff,False
lag_15__smoke_inv_diff,0.000261361594311893,0.000261361594311893,smoke_inv_diff,True
lag_11__CT3__has_defuser,-0.0002611448580864817,0.0002611448580864817,CT3__has_defuser,False
lag_02__CT5__armor,0.0002610987576190382,0.0002610987576190382,CT5__armor,False
lag_00__CT_kills_last_3s,0.0002607528876978904,0.0002607528876978904,CT_kills_last_3s,False
lag_02__CT5__smoke,0.00026074887136928737,0.00026074887136928737,CT5__smoke,True
lag_09__T5__utility_total,0.0002607157512102276,0.0002607157512102276,T5__utility_total,True
lag_04__T2__smoke,0.00026063687982968986,0.00026063687982968986,T2__smoke,True
lag_03__T_damage_last_5s,-0.0002605682529974729,0.0002605682529974729,T_damage_last_5s,False
lag_07__CT5__hp,0.0002602494496386498,0.0002602494496386498,CT5__hp,False
lag_05__CT3__Y,-0.0002602441527415067,0.0002602441527415067,CT3__Y,False
lag_13__T_flashed_players,0.0002600450243335217,0.0002600450243335217,T_flashed_players,False
lag_05__T_closest_enemy_dist,-0.00025975683820433915,0.00025975683820433915,T_closest_enemy_dist,False
lag_05__CT_alive,0.0002590164658613503,0.0002590164658613503,CT_alive,False
lag_04__CT1__duck_amount,0.0002589929790701717,0.0002589929790701717,CT1__duck_amount,False
lag_07__CT_unique_places,0.0002589636424090713,0.0002589636424090713,CT_unique_places,False
lag_13__hp_diff,0.00025875706342048943,0.00025875706342048943,hp_diff,False
lag_01__T3__Y,-0.0002585782203823328,0.0002585782203823328,T3__Y,False
lag_14__CT1__Y,-0.00025832315441221,0.00025832315441221,CT1__Y,False
lag_03__T3__smoke,-0.00025825409102253616,0.00025825409102253616,T3__smoke,True
lag_11__hp_diff,0.00025798840215429664,0.00025798840215429664,hp_diff,False
lag_01__T1__is_scoped,-0.0002579714637249708,0.0002579714637249708,T1__is_scoped,False
lag_04__T3__smoke,-0.00025793706299737096,0.00025793706299737096,T3__smoke,True
lag_14__CT5__Y,-0.00025780644500628114,0.00025780644500628114,CT5__Y,False
lag_04__T_place_LONGA,-0.0002577967825345695,0.0002577967825345695,T_place_LONGA,False
lag_14__T_active_infernos,0.0002576662227511406,0.0002576662227511406,T_active_infernos,True
lag_08__CT_mean_Y,-0.00025759823620319366,0.00025759823620319366,CT_mean_Y,False
lag_09__CT5__alive,0.00025753097725100815,0.00025753097725100815,CT5__alive,False
lag_06__CT_alive,0.00025745859602466226,0.00025745859602466226,CT_alive,False
lag_00__T5__flash,0.0002572559751570225,0.0002572559751570225,T5__flash,True
lag_04__CT_macro_OTHER,0.00025724052102304995,0.00025724052102304995,CT_macro_OTHER,False
lag_13__CT1__duck_amount,0.000257164123468101,0.000257164123468101,CT1__duck_amount,False
lag_00__CT_damage_last_5s,0.0002571101940702647,0.0002571101940702647,CT_damage_last_5s,False
lag_02__CT_place_EXTENDEDA,0.00025675343931652606,0.00025675343931652606,CT_place_EXTENDEDA,False
lag_00__T5__is_walking,-0.0002565902250353247,0.0002565902250353247,T5__is_walking,False
lag_11__CT_place_UNDERA,-0.00025644057313911617,0.00025644057313911617,CT_place_UNDERA,False
lag_10__CT_scoped_count,0.00025636254576966166,0.00025636254576966166,CT_scoped_count,False
lag_08__CT2__duck_amount,-0.000256075756624341,0.000256075756624341,CT2__duck_amount,False
lag_00__CT1__duck_amount,-0.00025575223844498396,0.00025575223844498396,CT1__duck_amount,False
lag_01__equip_diff,0.00025563896633684635,0.00025563896633684635,equip_diff,False
lag_02__T_burning_players,-0.00025552953593432903,0.00025552953593432903,T_burning_players,False
lag_03__armor_diff,0.0002555006358306855,0.0002555006358306855,armor_diff,False
lag_01__CT1__Y,-0.0002552541554905474,0.0002552541554905474,CT1__Y,False
lag_01__CT_place_CTSPAWN,0.00025502237258479,0.00025502237258479,CT_place_CTSPAWN,False
lag_11__CT5__hp,0.00025435411953367293,0.00025435411953367293,CT5__hp,False
lag_08__CT4__has_helmet,0.0002540916029829532,0.0002540916029829532,CT4__has_helmet,False
lag_12__CT3__has_defuser,-0.0002539055421948433,0.0002539055421948433,CT3__has_defuser,False
lag_13__CT_place_UNDERA,-0.00025385903427377343,0.00025385903427377343,CT_place_UNDERA,False
lag_03__CT4__has_helmet,0.0002537731488700956,0.0002537731488700956,CT4__has_helmet,False
lag_05__CT_macro_MID,0.00025354279205203056,0.00025354279205203056,CT_macro_MID,False
lag_01__CT_equip_value_sum,0.00025351764634251595,0.00025351764634251595,CT_equip_value_sum,False
lag_06__CT5__hp,0.0002534195955377072,0.0002534195955377072,CT5__hp,False
lag_09__T_A_site_active_infernos,-0.00025320894201286137,0.00025320894201286137,T_A_site_active_infernos,True
lag_13__T2__is_walking,0.0002532058279030025,0.0002532058279030025,T2__is_walking,False
lag_14__T2__smoke,0.00025267284945584834,0.00025267284945584834,T2__smoke,True
lag_13__T5__molly,0.0002524926094338298,0.0002524926094338298,T5__molly,True
lag_01__CT2__smoke,0.00025204208213835955,0.00025204208213835955,CT2__smoke,True
lag_03__T3__utility_total,-0.00025198329240083694,0.00025198329240083694,T3__utility_total,True
lag_08__alive_diff,0.0002519143745303154,0.0002519143745303154,alive_diff,False
lag_15__T_damage_last_5s,-0.0002514647494535893,0.0002514647494535893,T_damage_last_5s,False
lag_05__T4__has_bomb,-0.0002511618658900261,0.0002511618658900261,T4__has_bomb,False
lag_14__CT2__Y,-0.0002510000776965171,0.0002510000776965171,CT2__Y,False
lag_15__T_mean_Y,-0.0002509511832613498,0.0002509511832613498,T_mean_Y,False
lag_10__T2__is_walking,0.00025087385438382626,0.00025087385438382626,T2__is_walking,False
lag_03__CT5__armor,0.0002507893368601799,0.0002507893368601799,CT5__armor,False
lag_00__CT3__is_walking,-0.00025068485410884023,0.00025068485410884023,CT3__is_walking,False
lag_04__CT5__alive,0.00025038537569344044,0.00025038537569344044,CT5__alive,False
lag_15__alive_diff,0.00024989849771372974,0.00024989849771372974,alive_diff,False
lag_11__T_place_SHORTSTAIRS,-0.0002496892411727458,0.0002496892411727458,T_place_SHORTSTAIRS,False
lag_07__T2__smoke,0.0002495543158147484,0.0002495543158147484,T2__smoke,True
lag_01__T_place_TSPAWN,0.00024931487860158086,0.00024931487860158086,T_place_TSPAWN,False
lag_03__CT5__Y,-0.00024897168623283505,0.00024897168623283505,CT5__Y,False
lag_01__CT1__duck_amount,0.00024807211593724787,0.00024807211593724787,CT1__duck_amount,False
lag_10__T_place_SHORTSTAIRS,-0.00024781672982499003,0.00024781672982499003,T_place_SHORTSTAIRS,False
lag_01__CT2__utility_total,0.0002477254020050168,0.0002477254020050168,CT2__utility_total,True
lag_00__molly_inv_diff,0.00024771736934781075,0.00024771736934781075,molly_inv_diff,True
lag_07__bomb_events_last_5s,0.0002472486230544746,0.0002472486230544746,bomb_events_last_5s,False
lag_11__CT2__Y,-0.0002471386978868395,0.0002471386978868395,CT2__Y,False
lag_03__damage_diff_last_5s,0.00024709556601010263,0.00024709556601010263,damage_diff_last_5s,False
lag_08__CT3__has_defuser,-0.00024701323127374053,0.00024701323127374053,CT3__has_defuser,False
lag_13__CT3__has_defuser,-0.0002468111051712185,0.0002468111051712185,CT3__has_defuser,False
lag_01__T3__duck_amount,0.0002467177400831133,0.0002467177400831133,T3__duck_amount,False
lag_07__alive_diff,0.0002465697471052408,0.0002465697471052408,alive_diff,False
lag_09__CT_macro_OTHER,0.0002461845288053155,0.0002461845288053155,CT_macro_OTHER,False
lag_01__T_mean_Y,-0.0002461336553096771,0.0002461336553096771,T_mean_Y,False
lag_02__CT_armor_sum,0.0002458337403368205,0.0002458337403368205,CT_armor_sum,False
lag_04__CT5__Y,-0.0002458329254295677,0.0002458329254295677,CT5__Y,False
lag_09__alive_diff,0.0002458005037624389,0.0002458005037624389,alive_diff,False
lag_02__CT_place_MIDDOORS,0.00024548498913645744,0.00024548498913645744,CT_place_MIDDOORS,False
lag_02__closest_enemy_dist_diff,0.00024531708913855255,0.00024531708913855255,closest_enemy_dist_diff,False
lag_05__T2__Y,-0.00024514610413461924,0.00024514610413461924,T2__Y,False
lag_08__CT5__hp,0.00024512759409844875,0.00024512759409844875,CT5__hp,False
lag_06__CT3__flash,-0.00024500236031599343,0.00024500236031599343,CT3__flash,True
lag_02__CT5__utility_total,0.00024485294125042856,0.00024485294125042856,CT5__utility_total,True
lag_09__T_mean_Y,-0.00024482549633830786,0.00024482549633830786,T_mean_Y,False
lag_10__CT5__is_scoped,0.0002446211292408407,0.0002446211292408407,CT5__is_scoped,False
lag_11__CT1__Y,-0.00024419816327281296,0.00024419816327281296,CT1__Y,False
lag_03__CT3__Y,-0.00024385747383348644,0.00024385747383348644,CT3__Y,False
lag_06__T_B_site_active_smokes,0.0002437087387079373,0.0002437087387079373,T_B_site_active_smokes,True
lag_06__T_cash_spent_round_sum,-0.0002436923678033054,0.0002436923678033054,T_cash_spent_round_sum,False
lag_12__CT5__alive,0.00024342190590687096,0.00024342190590687096,CT5__alive,False
lag_12__CT3__is_walking,0.00024298849166370928,0.00024298849166370928,CT3__is_walking,False
lag_14__CT_velocity_mean,-0.00024259607016574591,0.00024259607016574591,CT_velocity_mean,False
lag_02__T3__smoke,-0.00024253303126897663,0.00024253303126897663,T3__smoke,True
lag_07__T1__Y,-0.0002421463723294437,0.0002421463723294437,T1__Y,False
lag_14__T3__utility_total,-0.00024214388395193964,0.00024214388395193964,T3__utility_total,True
lag_12__CT4__has_helmet,0.00024210680567193776,0.00024210680567193776,CT4__has_helmet,False
lag_11__T_kills_last_3s,-0.00024184820358641446,0.00024184820358641446,T_kills_last_3s,False
lag_10__CT3__has_defuser,-0.00024156775907613337,0.00024156775907613337,CT3__has_defuser,False
lag_06__T_place_MIDDLE,-0.00024148535158019513,0.00024148535158019513,T_place_MIDDLE,False
lag_02__T_place_MIDDOORS,-0.00024137752188835293,0.00024137752188835293,T_place_MIDDOORS,False
lag_01__T_place_CATWALK,-0.00024134865088853985,0.00024134865088853985,T_place_CATWALK,False
lag_00__CT1__alive,0.00024132746329996735,0.00024132746329996735,CT1__alive,False
lag_11__T4__has_bomb,-0.00024123999173752964,0.00024123999173752964,T4__has_bomb,False
lag_09__CT_alive,0.00024122129252646118,0.00024122129252646118,CT_alive,False
lag_10__CT2__Y,-0.00024119651061482728,0.00024119651061482728,CT2__Y,False
lag_10__CT_alive,0.00024079950526356697,0.00024079950526356697,CT_alive,False
lag_11__CT_mean_Y,-0.00024066262994892895,0.00024066262994892895,CT_mean_Y,False
lag_02__T4__is_walking,0.00024065836623776704,0.00024065836623776704,T4__is_walking,False
lag_02__T1__Y,-0.00024063159071374685,0.00024063159071374685,T1__Y,False
lag_14__T2__shots_fired,0.00024043057055678219,0.00024043057055678219,T2__shots_fired,False
lag_15__T4__has_bomb,-0.00024004648730624467,0.00024004648730624467,T4__has_bomb,False
lag_01__active_infernos_total,0.0002398008800810203,0.0002398008800810203,active_infernos_total,True
lag_15__CT3__has_defuser,-0.00023963500279933214,0.00023963500279933214,CT3__has_defuser,False
lag_09__CT5__hp,0.0002395326446276158,0.0002395326446276158,CT5__hp,False
lag_05__hp_diff,0.00023920716193970293,0.00023920716193970293,hp_diff,False
lag_05__CT5__armor,0.00023919907107483596,0.00023919907107483596,CT5__armor,False
lag_06__T_place_TSPAWN,-0.00023908453295007348,0.00023908453295007348,T_place_TSPAWN,False
lag_12__T5__smoke,0.0002390246227150783,0.0002390246227150783,T5__smoke,True
lag_10__CT1__Y,-0.0002388908906141296,0.0002388908906141296,CT1__Y,False
lag_05__T_burning_players,-0.00023885583505034447,0.00023885583505034447,T_burning_players,False
lag_13__T_mean_Y,-0.00023875455372035503,0.00023875455372035503,T_mean_Y,False
lag_06__armor_diff,0.00023871222219895571,0.00023871222219895571,armor_diff,False
lag_02__T3__Y,-0.00023870394215919077,0.00023870394215919077,T3__Y,False
lag_10__CT5__armor,0.00023821555078029633,0.00023821555078029633,CT5__armor,False
lag_03__T2__smoke,0.00023811061691958457,0.00023811061691958457,T2__smoke,True
lag_10__CT_macro_OTHER,0.00023790932027623057,0.00023790932027623057,CT_macro_OTHER,False
lag_14__CT_macro_OTHER,0.00023787753889337182,0.00023787753889337182,CT_macro_OTHER,False
lag_14__smoke_inv_diff,0.00023786630481481552,0.00023786630481481552,smoke_inv_diff,True
lag_07__T_place_MIDDLE,-0.00023763290664646775,0.00023763290664646775,T_place_MIDDLE,False
lag_05__closest_enemy_dist_diff,0.0002372468006797135,0.0002372468006797135,closest_enemy_dist_diff,False
lag_13__T_unique_places,-0.00023699105076957494,0.00023699105076957494,T_unique_places,False
lag_00__centroid_distance_xy,0.0002369006397202611,0.0002369006397202611,centroid_distance_xy,False
lag_11__T3__smoke,-0.00023660784063395113,0.00023660784063395113,T3__smoke,True
lag_00__CT_active_infernos,0.00023644395696464926,0.00023644395696464926,CT_active_infernos,True
lag_08__CT_alive,0.00023640469589736313,0.00023640469589736313,CT_alive,False
lag_09__CT2__duck_amount,-0.00023587161558680236,0.00023587161558680236,CT2__duck_amount,False
lag_12__T_mean_Y,-0.00023578453692607582,0.00023578453692607582,T_mean_Y,False
lag_15__CT1__duck_amount,0.00023565589799545705,0.00023565589799545705,CT1__duck_amount,False
lag_08__CT4__is_walking,0.0002355949836783111,0.0002355949836783111,CT4__is_walking,False
lag_07__CT3__Y,-0.00023534375941380858,0.00023534375941380858,CT3__Y,False
lag_11__T_place_MIDDLE,-0.00023479606898035854,0.00023479606898035854,T_place_MIDDLE,False
lag_12__CT2__Y,-0.00023472902830690145,0.00023472902830690145,CT2__Y,False
lag_12__CT1__Y,-0.00023413747840095311,0.00023413747840095311,CT1__Y,False
lag_06__T3__flash,-0.00023392737784888595,0.00023392737784888595,T3__flash,True
lag_13__T_burning_players,-0.00023345464433077723,0.00023345464433077723,T_burning_players,False
lag_02__CT5__Y,-0.00023335174773819745,0.00023335174773819745,CT5__Y,False
lag_00__T_place_UNDERA,-0.00023325104848481715,0.00023325104848481715,T_place_UNDERA,False
lag_00__CT1__utility_total,0.00023289196542464197,0.00023289196542464197,CT1__utility_total,True
lag_01__bomb_events_last_5s,0.0002327472175238654,0.0002327472175238654,bomb_events_last_5s,False
lag_14__T_place_LONGA,-0.0002326827379874885,0.0002326827379874885,T_place_LONGA,False
lag_15__CT3__duck_amount,-0.00023266294738277793,0.00023266294738277793,CT3__duck_amount,False
lag_07__CT5__armor,0.0002324253146070987,0.0002324253146070987,CT5__armor,False
lag_10__T_mean_Y,-0.0002324171655345708,0.0002324171655345708,T_mean_Y,False
lag_08__CT5__duck_amount,-0.00023218966089189053,0.00023218966089189053,CT5__duck_amount,False
lag_06__CT_place_CTSPAWN,-0.00023207403137348592,0.00023207403137348592,CT_place_CTSPAWN,False
lag_03__T_place_MIDDLE,-0.0002320553467143327,0.0002320553467143327,T_place_MIDDLE,False
lag_00__T1__utility_total,0.0002319771738257259,0.0002319771738257259,T1__utility_total,True
lag_06__T2__Y,-0.00023081495601218194,0.00023081495601218194,T2__Y,False
lag_14__CT_place_SHORTSTAIRS,-0.0002304838999407366,0.0002304838999407366,CT_place_SHORTSTAIRS,False
lag_05__T_place_UPPERTUNNEL,-0.00023039118968881667,0.00023039118968881667,T_place_UPPERTUNNEL,False
lag_07__T2__has_bomb,0.00023026989947538823,0.00023026989947538823,T2__has_bomb,False
lag_09__CT2__Y,-0.00023023091489449143,0.00023023091489449143,CT2__Y,False
lag_12__T3__smoke,-0.0002300488413311541,0.0002300488413311541,T3__smoke,True
lag_12__CT_unique_places,0.00022958240879233927,0.00022958240879233927,CT_unique_places,False
lag_03__T1__Y,-0.00022952441941015422,0.00022952441941015422,T1__Y,False
lag_12__T4__has_bomb,-0.00022946832177694887,0.00022946832177694887,T4__has_bomb,False
lag_04__CT3__Y,-0.00022909868857823312,0.00022909868857823312,CT3__Y,False
lag_12__CT_mean_Y,-0.00022899727628100663,0.00022899727628100663,CT_mean_Y,False
lag_09__damage_diff_last_5s,0.00022888838429935277,0.00022888838429935277,damage_diff_last_5s,False
lag_03__T_cash_spent_round_sum,-0.00022860344324726611,0.00022860344324726611,T_cash_spent_round_sum,False
lag_14__CT3__Y,-0.00022854052076581866,0.00022854052076581866,CT3__Y,False
lag_11__CT5__armor,0.0002284932998009026,0.0002284932998009026,CT5__armor,False
lag_01__CT_active_smokes,0.00022831336536910385,0.00022831336536910385,CT_active_smokes,True
lag_02__T_mean_Y,-0.00022805450134910643,0.00022805450134910643,T_mean_Y,False
lag_10__T_walking_count,0.00022785512555856258,0.00022785512555856258,T_walking_count,False
lag_04__CT5__hp,0.00022763526067137718,0.00022763526067137718,CT5__hp,False
lag_06__T_scoped_count,-0.00022750567586626858,0.00022750567586626858,T_scoped_count,False
lag_11__T_mean_Y,-0.0002273293794132769,0.0002273293794132769,T_mean_Y,False
lag_10__T1__flash,0.00022722885478287935,0.00022722885478287935,T1__flash,True
lag_14__T1__duck_amount,-0.0002264944778289646,0.0002264944778289646,T1__duck_amount,False
lag_04__CT_hp_sum,0.00022619416995439678,0.00022619416995439678,CT_hp_sum,False
lag_08__T_mean_Y,-0.00022614613408222795,0.00022614613408222795,T_mean_Y,False
lag_09__CT_smoke_inv,0.00022604434343520552,0.00022604434343520552,CT_smoke_inv,True
lag_04__T1__Y,-0.00022598207578994334,0.00022598207578994334,T1__Y,False
lag_00__T3__flash,0.00022570497822016478,0.00022570497822016478,T3__flash,True
lag_01__T_place_EXTENDEDA,-0.0002256979059893638,0.0002256979059893638,T_place_EXTENDEDA,False
lag_14__T_mean_Y,-0.0002256810403196141,0.0002256810403196141,T_mean_Y,False
lag_15__CT_alive,0.0002254876308143139,0.0002254876308143139,CT_alive,False
lag_10__CT_mean_Y,-0.0002254628052469343,0.0002254628052469343,CT_mean_Y,False
lag_13__CT1__Y,-0.00022531380818691105,0.00022531380818691105,CT1__Y,False
lag_11__CT5__Y,-0.00022529764100909233,0.00022529764100909233,CT5__Y,False
lag_09__CT1__Y,-0.0002249514654977247,0.0002249514654977247,CT1__Y,False
lag_05__CT3__flash,-0.00022473894932772964,0.00022473894932772964,CT3__flash,True
lag_11__CT1__duck_amount,0.00022468568931799382,0.00022468568931799382,CT1__duck_amount,False
lag_04__T_burning_players,-0.00022468355018645525,0.00022468355018645525,T_burning_players,False
lag_13__T2__duck_amount,-0.00022455083671957254,0.00022455083671957254,T2__duck_amount,False
lag_14__T_cash_spent_round_sum,-0.00022438379528466612,0.00022438379528466612,T_cash_spent_round_sum,False
lag_06__CT4__Y,-0.00022432973491959274,0.00022432973491959274,CT4__Y,False
lag_05__CT5__is_walking,0.00022406749485526234,0.00022406749485526234,CT5__is_walking,False
lag_05__T5__molly,0.00022406282369047403,0.00022406282369047403,T5__molly,True
lag_01__CT2__Y,-0.00022404610353987664,0.00022404610353987664,CT2__Y,False
lag_06__centroid_distance_xy,-0.00022395716223400086,0.00022395716223400086,centroid_distance_xy,False
lag_14__CT5__duck_amount,-0.00022387210628949106,0.00022387210628949106,CT5__duck_amount,False
lag_00__flash_inv_diff,-0.00022382564202416688,0.00022382564202416688,flash_inv_diff,True
lag_08__T3__smoke,-0.00022380409063771367,0.00022380409063771367,T3__smoke,True
lag_13__T3__smoke,-0.00022362102754414082,0.00022362102754414082,T3__smoke,True
lag_08__T5__X,0.0002235604333691299,0.0002235604333691299,T5__X,False
lag_03__CT_hp_sum,0.00022337019618134946,0.00022337019618134946,CT_hp_sum,False
lag_08__CT5__Y,-0.00022335155517794192,0.00022335155517794192,CT5__Y,False
lag_06__CT5__armor,0.00022325851023197174,0.00022325851023197174,CT5__armor,False
lag_02__CT2__shots_fired,-0.00022324113524518907,0.00022324113524518907,CT2__shots_fired,False
lag_06__CT4__is_walking,0.00022317812545225024,0.00022317812545225024,CT4__is_walking,False
lag_01__T3__molly,-0.00022304177400656044,0.00022304177400656044,T3__molly,True
lag_12__CT_macro_OTHER,0.00022299621195998043,0.00022299621195998043,CT_macro_OTHER,False
lag_01__T4__Y,-0.0002229451492894441,0.0002229451492894441,T4__Y,False
lag_06__T_damage_last_5s,-0.0002229239617008716,0.0002229239617008716,T_damage_last_5s,False
lag_12__CT5__hp,0.00022287027968559414,0.00022287027968559414,CT5__hp,False
lag_01__seconds_in_round,-0.0002228102966910228,0.0002228102966910228,seconds_in_round,False
lag_09__CT2__molly,0.00022280873963609338,0.00022280873963609338,CT2__molly,True
lag_09__CT5__is_scoped,0.0002227348304586485,0.0002227348304586485,CT5__is_scoped,False
lag_09__T_place_TUNNELSTAIRS,0.00022230349713936448,0.00022230349713936448,T_place_TUNNELSTAIRS,False
lag_03__T3__Y,-0.00022211222676560283,0.00022211222676560283,T3__Y,False
lag_04__T_mean_Y,-0.00022200102102942765,0.00022200102102942765,T_mean_Y,False
lag_05__alive_diff,0.00022172836179379374,0.00022172836179379374,alive_diff,False
lag_13__alive_diff,0.00022152408200781792,0.00022152408200781792,alive_diff,False
lag_12__CT5__Y,-0.00022140226792544127,0.00022140226792544127,CT5__Y,False
lag_07__CT_alive,0.00022119630011729896,0.00022119630011729896,CT_alive,False
lag_09__T_place_OUTSIDETUNNEL,0.00022104613890405744,0.00022104613890405744,T_place_OUTSIDETUNNEL,False
lag_01__CT_helmet_count,0.00022097231703810394,0.00022097231703810394,CT_helmet_count,False
lag_04__CT_velocity_mean,-0.00022093139705248177,0.00022093139705248177,CT_velocity_mean,False
lag_14__CT_place_BDOORS,-0.00022059696493670344,0.00022059696493670344,CT_place_BDOORS,False
lag_15__CT_mean_Y,-0.00022059291950426996,0.00022059291950426996,CT_mean_Y,False
lag_11__T_shots_fired_sum,0.00022058856848161668,0.00022058856848161668,T_shots_fired_sum,False
lag_08__CT5__armor,0.00022043430362828076,0.00022043430362828076,CT5__armor,False
lag_03__T_kills_last_3s,-0.0002203779440606013,0.0002203779440606013,T_kills_last_3s,False
lag_01__CT2__alive,0.00022026441001798958,0.00022026441001798958,CT2__alive,False
lag_02__CT_B_site_active_smokes,0.0002202003961429,0.0002202003961429,CT_B_site_active_smokes,True
lag_08__CT2__utility_total,0.00022005206847097725,0.00022005206847097725,CT2__utility_total,True
lag_04__T5__molly,0.00021990318782627583,0.00021990318782627583,T5__molly,True
lag_04__T3__Y,-0.00021955493139103055,0.00021955493139103055,T3__Y,False
lag_08__CT_macro_OTHER,0.0002194364060414955,0.0002194364060414955,CT_macro_OTHER,False
lag_10__CT4__has_helmet,0.00021928529895376414,0.00021928529895376414,CT4__has_helmet,False
lag_03__T_mean_Y,-0.0002192369574913755,0.0002192369574913755,T_mean_Y,False
lag_08__T_damage_last_5s,-0.00021923550229985267,0.00021923550229985267,T_damage_last_5s,False
lag_12__CT3__is_scoped,-0.00021922260930296034,0.00021922260930296034,CT3__is_scoped,False
lag_10__T2__smoke,0.0002190709492424503,0.0002190709492424503,T2__smoke,True
lag_10__T3__smoke,-0.00021887030743528157,0.00021887030743528157,T3__smoke,True
lag_02__CT3__Y,-0.00021852859936188906,0.00021852859936188906,CT3__Y,False
lag_13__T3__molly,-0.0002184250915888697,0.0002184250915888697,T3__molly,True
lag_08__smoke_inv_diff,0.00021815311629325151,0.00021815311629325151,smoke_inv_diff,True
lag_01__CT_mean_Y,-0.00021810927137266845,0.00021810927137266845,CT_mean_Y,False
lag_10__T_place_MIDDLE,-0.00021789011952932924,0.00021789011952932924,T_place_MIDDLE,False
lag_01__CT3__is_walking,-0.00021783493866678327,0.00021783493866678327,CT3__is_walking,False
lag_11__alive_diff,0.00021768175065517426,0.00021768175065517426,alive_diff,False
lag_12__CT_alive,0.00021767917496617883,0.00021767917496617883,CT_alive,False
lag_00__CT1__armor,0.00021737682982347906,0.00021737682982347906,CT1__armor,False
lag_15__T3__smoke,-0.0002171190280932933,0.0002171190280932933,T3__smoke,True
lag_06__T_place_LONGA,-0.00021696310432162136,0.00021696310432162136,T_place_LONGA,False
lag_09__CT5__armor,0.00021675329480785877,0.00021675329480785877,CT5__armor,False
lag_05__T3__flash,-0.00021659143385477364,0.00021659143385477364,T3__flash,True
lag_13__CT5__Y,-0.00021656844182871282,0.00021656844182871282,CT5__Y,False
lag_09__T1__flash,0.0002165216428693384,0.0002165216428693384,T1__flash,True
lag_13__T3__utility_total,-0.00021579614258371294,0.00021579614258371294,T3__utility_total,True
lag_04__T5__duck_amount,-0.00021563912741839886,0.00021563912741839886,T5__duck_amount,False
lag_06__T_walking_count,-0.00021546304924413562,0.00021546304924413562,T_walking_count,False
lag_01__T_burning_players,-0.0002152809320250526,0.0002152809320250526,T_burning_players,False
lag_05__CT_damage_last_5s,-0.0002151301159756258,0.0002151301159756258,CT_damage_last_5s,False
lag_06__T2__shots_fired,0.0002144591708201915,0.0002144591708201915,T2__shots_fired,False
lag_04__T2__duck_amount,-0.00021428399486467242,0.00021428399486467242,T2__duck_amount,False
lag_03__T_spread_xy,-0.00021420141274575144,0.00021420141274575144,T_spread_xy,False
lag_06__T4__molly,-0.00021416244271676987,0.00021416244271676987,T4__molly,True
lag_09__CT3__has_defuser,-0.0002139465359505266,0.0002139465359505266,CT3__has_defuser,False
lag_10__CT_smoke_inv,0.00021394109353423119,0.00021394109353423119,CT_smoke_inv,True
lag_05__CT_place_CTSPAWN,-0.00021391385234892368,0.00021391385234892368,CT_place_CTSPAWN,False
lag_13__T_place_SHORTSTAIRS,0.00021391180052887648,0.00021391180052887648,T_place_SHORTSTAIRS,False
lag_07__CT2__smoke,0.00021387972810771316,0.00021387972810771316,CT2__smoke,True
lag_13__CT_mean_Y,-0.00021377210214268416,0.00021377210214268416,CT_mean_Y,False
lag_14__alive_diff,0.00021370142349041998,0.00021370142349041998,alive_diff,False
lag_06__spread_diff,0.00021341290266718715,0.00021341290266718715,spread_diff,False
lag_13__CT2__Y,-0.00021273635502438992,0.00021273635502438992,CT2__Y,False
lag_04__CT3__is_walking,-0.00021272133744787425,0.00021272133744787425,CT3__is_walking,False
lag_03__CT_unique_places,0.00021268948330543935,0.00021268948330543935,CT_unique_places,False
lag_01__T3__is_walking,0.00021268869750201702,0.00021268869750201702,T3__is_walking,False
lag_12__kill_diff_last_3s,0.000212654733331874,0.000212654733331874,kill_diff_last_3s,False
lag_15__CT2__Y,-0.00021199941693339497,0.00021199941693339497,CT2__Y,False
lag_06__T1__Y,-0.00021193046995904297,0.00021193046995904297,T1__Y,False
lag_09__CT_mean_Y,-0.00021178401948418468,0.00021178401948418468,CT_mean_Y,False
lag_10__smoke_inv_diff,0.00021177793678361923,0.00021177793678361923,smoke_inv_diff,True
lag_02__T_unique_places,-0.00021142789046280086,0.00021142789046280086,T_unique_places,False
lag_15__CT1__Y,-0.00021133186237420887,0.00021133186237420887,CT1__Y,False
lag_07__CT4__has_helmet,0.00021128178923390806,0.00021128178923390806,CT4__has_helmet,False
lag_06__closest_enemy_dist_diff,0.00021118359290994704,0.00021118359290994704,closest_enemy_dist_diff,False
lag_11__T3__utility_total,-0.00021118004224263132,0.00021118004224263132,T3__utility_total,True
lag_04__CT_place_BDOORS,-0.00021095828560646623,0.00021095828560646623,CT_place_BDOORS,False
lag_09__CT_active_smokes,-0.00021092925453558564,0.00021092925453558564,CT_active_smokes,True
lag_14__CT4__has_helmet,0.00021007421310059726,0.00021007421310059726,CT4__has_helmet,False
lag_02__equip_diff,0.00021005529561080039,0.00021005529561080039,equip_diff,False
lag_04__equip_diff,0.00020987348398193717,0.00020987348398193717,equip_diff,False
lag_14__CT_smoke_inv,0.0002098026016028598,0.0002098026016028598,CT_smoke_inv,True
lag_03__T_macro_MID,-0.00020957070228178054,0.00020957070228178054,T_macro_MID,False
lag_05__CT_hp_sum,0.0002094072988256812,0.0002094072988256812,CT_hp_sum,False
lag_15__CT5__Y,-0.00020932251936756074,0.00020932251936756074,CT5__Y,False
lag_10__CT5__Y,-0.00020918493100907654,0.00020918493100907654,CT5__Y,False
lag_08__CT2__is_walking,-0.000209153673495166,0.000209153673495166,CT2__is_walking,False
lag_01__CT_macro_MID,0.00020904972916468978,0.00020904972916468978,CT_macro_MID,False
lag_03__CT_macro_MID,0.00020878609211649746,0.00020878609211649746,CT_macro_MID,False
lag_05__T1__Y,-0.00020872308232355863,0.00020872308232355863,T1__Y,False
lag_14__CT_active_smokes,-0.00020866573322564363,0.00020866573322564363,CT_active_smokes,True
lag_12__T1__is_walking,0.00020847127598244697,0.00020847127598244697,T1__is_walking,False
lag_14__CT_unique_places,0.00020829732238780707,0.00020829732238780707,CT_unique_places,False
lag_08__T3__Y,-0.00020829624554608017,0.00020829624554608017,T3__Y,False
lag_09__CT_place_CTSPAWN,0.0002082823630189523,0.0002082823630189523,CT_place_CTSPAWN,False
lag_09__T3__Y,-0.00020807086548302323,0.00020807086548302323,T3__Y,False
lag_07__T3__is_walking,0.00020806252723559737,0.00020806252723559737,T3__is_walking,False
lag_07__CT_macro_OTHER,0.0002078962279483676,0.0002078962279483676,CT_macro_OTHER,False
lag_01__T_walking_count,0.000207834571483545,0.000207834571483545,T_walking_count,False
lag_01__CT3__duck_amount,0.0002077025710605085,0.0002077025710605085,CT3__duck_amount,False
lag_09__T_unique_places,-0.0002072883362416178,0.0002072883362416178,T_unique_places,False
lag_04__smoke_inv_diff,0.0002071365888696164,0.0002071365888696164,smoke_inv_diff,True
lag_12__CT_active_smokes,-0.00020705250790342689,0.00020705250790342689,CT_active_smokes,True
lag_07__CT3__flash,-0.000206753597012721,0.000206753597012721,CT3__flash,True
lag_12__T_place_UPPERTUNNEL,-0.00020651743398047984,0.00020651743398047984,T_place_UPPERTUNNEL,False
lag_01__spread_diff,0.00020639710419345647,0.00020639710419345647,spread_diff,False
lag_15__CT_macro_OTHER,0.00020608851627912372,0.00020608851627912372,CT_macro_OTHER,False
lag_12__smoke_inv_diff,0.00020608148770406842,0.00020608148770406842,smoke_inv_diff,True
lag_10__CT2__molly,0.00020579171541612595,0.00020579171541612595,CT2__molly,True
lag_02__CT_smoke_inv,0.0002054608048638329,0.0002054608048638329,CT_smoke_inv,True
lag_10__CT2__X,-0.00020537630189210176,0.00020537630189210176,CT2__X,False
lag_06__CT_hp_sum,0.00020535802468657494,0.00020535802468657494,CT_hp_sum,False
lag_15__CT2__utility_total,0.0002052333002211526,0.0002052333002211526,CT2__utility_total,True
lag_15__CT2__molly,0.00020514687639661133,0.00020514687639661133,CT2__molly,True
lag_12__T2__has_bomb,0.00020501961989793926,0.00020501961989793926,T2__has_bomb,False
lag_00__T2__X,-0.00020496545766945928,0.00020496545766945928,T2__X,False
lag_01__CT2__hp,0.000204908981686458,0.000204908981686458,CT2__hp,False
lag_00__T4__duck_amount,-0.00020480599778238684,0.00020480599778238684,T4__duck_amount,False
lag_09__T_place_MIDDLE,-0.00020471843890845776,0.00020471843890845776,T_place_MIDDLE,False
lag_15__CT5__is_walking,0.00020470077288337052,0.00020470077288337052,CT5__is_walking,False
lag_02__CT_macro_A,-0.00020460481755435467,0.00020460481755435467,CT_macro_A,False
lag_02__CT_place_BOMBSITEA,-0.00020460481755435467,0.00020460481755435467,CT_place_BOMBSITEA,False
lag_09__CT_hp_sum,0.00020449991279747337,0.00020449991279747337,CT_hp_sum,False
lag_00__T1__is_walking,-0.00020444496476557106,0.00020444496476557106,T1__is_walking,False
lag_03__equip_diff,0.00020436184422578663,0.00020436184422578663,equip_diff,False
lag_05__T3__is_walking,-0.00020432009478099644,0.00020432009478099644,T3__is_walking,False
lag_04__T_macro_OTHER,0.00020423888054210693,0.00020423888054210693,T_macro_OTHER,False
lag_04__CT2__X,-0.00020423803653102368,0.00020423803653102368,CT2__X,False
lag_11__CT_smoke_inv,0.00020415087055880576,0.00020415087055880576,CT_smoke_inv,True
lag_06__damage_diff_last_5s,0.00020405460963957012,0.00020405460963957012,damage_diff_last_5s,False
lag_13__CT_unique_places,0.00020392985607031733,0.00020392985607031733,CT_unique_places,False
lag_08__T_kills_last_3s,-0.0002038107777480036,0.0002038107777480036,T_kills_last_3s,False
lag_11__T5__is_walking,-0.00020372457220219076,0.00020372457220219076,T5__is_walking,False
lag_11__T3__molly,-0.0002034485078183934,0.0002034485078183934,T3__molly,True
lag_13__T_place_UNDERA,-0.00020337641763035208,0.00020337641763035208,T_place_UNDERA,False
lag_03__spread_diff,0.00020311666594352573,0.00020311666594352573,spread_diff,False
lag_14__CT3__flash,-0.00020310364197939634,0.00020310364197939634,CT3__flash,True
lag_12__T3__utility_total,-0.00020294325076974928,0.00020294325076974928,T3__utility_total,True
lag_08__T_place_LONGA,-0.00020291368127800524,0.00020291368127800524,T_place_LONGA,False
lag_04__T4__Y,-0.00020289116946514696,0.00020289116946514696,T4__Y,False
lag_00__T5__Y,-0.0002028465096373111,0.0002028465096373111,T5__Y,False
lag_04__CT_place_UNDERA,0.00020237824355717748,0.00020237824355717748,CT_place_UNDERA,False
lag_07__T_mean_Y,-0.00020233166287653148,0.00020233166287653148,T_mean_Y,False
lag_02__T4__Y,-0.00020217400742694736,0.00020217400742694736,T4__Y,False
lag_12__armor_diff,0.00020211224909871817,0.00020211224909871817,armor_diff,False
lag_01__CT_B_site_active_smokes,0.00020207595662213862,0.00020207595662213862,CT_B_site_active_smokes,True
lag_02__bomb_events_last_5s,0.0002020339306909591,0.0002020339306909591,bomb_events_last_5s,False
lag_04__CT5__armor,0.0002019811508944258,0.0002019811508944258,CT5__armor,False
lag_01__T1__flash,0.0002019332896452397,0.0002019332896452397,T1__flash,True
lag_01__T1__is_walking,-0.00020189884526189417,0.00020189884526189417,T1__is_walking,False
lag_08__CT_unique_places,0.00020187674090266228,0.00020187674090266228,CT_unique_places,False
lag_13__T_walking_count,0.00020187564950902015,0.00020187564950902015,T_walking_count,False
lag_00__CT1__hp,0.00020167914044577628,0.00020167914044577628,CT1__hp,False
lag_09__T4__Y,-0.00020165435853414237,0.00020165435853414237,T4__Y,False
lag_03__T4__Y,-0.00020158494589850307,0.00020158494589850307,T4__Y,False
lag_10__armor_diff,0.0002015306963585317,0.0002015306963585317,armor_diff,False
lag_01__CT_cash_spent_round_sum,0.00020148741896264255,0.00020148741896264255,CT_cash_spent_round_sum,False
lag_09__CT_place_MIDDOORS,0.00020099530229344964,0.00020099530229344964,CT_place_MIDDOORS,False
lag_13__CT4__has_helmet,0.00020080823742318898,0.00020080823742318898,CT4__has_helmet,False
lag_00__CT_scoped_count,0.00020077580120414495,0.00020077580120414495,CT_scoped_count,False
lag_03__T_place_OUTSIDETUNNEL,0.00020063329429831356,0.00020063329429831356,T_place_OUTSIDETUNNEL,False
lag_00__CT_place_EXTENDEDA,0.00020061174291186035,0.00020061174291186035,CT_place_EXTENDEDA,False
lag_15__T3__duck_amount,-0.00020060852693859488,0.00020060852693859488,T3__duck_amount,False
lag_08__T4__Y,-0.00020059608505107462,0.00020059608505107462,T4__Y,False
lag_10__T4__Y,-0.00020046804274898022,0.00020046804274898022,T4__Y,False
lag_06__molly_inv_diff,0.00020033081818837672,0.00020033081818837672,molly_inv_diff,True
lag_12__T_A_site_active_infernos,0.00020008219871670008,0.00020008219871670008,T_A_site_active_infernos,True
lag_01__T2__utility_total,0.0002000683598453179,0.0002000683598453179,T2__utility_total,True
lag_03__CT3__flash,-0.0001998408552026376,0.0001998408552026376,CT3__flash,True
lag_10__CT_hp_sum,0.00019982784579042345,0.00019982784579042345,CT_hp_sum,False
lag_04__CT3__flash,-0.00019959529163315892,0.00019959529163315892,CT3__flash,True
lag_09__smoke_inv_diff,0.000199569170945324,0.000199569170945324,smoke_inv_diff,True
lag_01__CT3__has_defuser,-0.00019914114091079682,0.00019914114091079682,CT3__has_defuser,False
lag_11__CT_macro_OTHER,0.00019912386778742075,0.00019912386778742075,CT_macro_OTHER,False
lag_11__CT_alive,0.0001990225282497704,0.0001990225282497704,CT_alive,False
lag_12__CT5__armor,0.00019897539459634572,0.00019897539459634572,CT5__armor,False
lag_11__CT_place_MIDDOORS,0.00019883448840118945,0.00019883448840118945,CT_place_MIDDOORS,False
lag_10__T_molly_inv,0.00019847069052048028,0.00019847069052048028,T_molly_inv,True
lag_01__CT_utility_inv,0.0001982649991987273,0.0001982649991987273,CT_utility_inv,True
lag_05__CT_flashed_players,0.0001979586377274245,0.0001979586377274245,CT_flashed_players,False
lag_00__CT1__has_helmet,0.00019795846310444176,0.00019795846310444176,CT1__has_helmet,False
lag_13__CT_utility_inv,0.00019794472609646618,0.00019794472609646618,CT_utility_inv,True
lag_03__CT_armor_sum,0.00019787490600720048,0.00019787490600720048,CT_armor_sum,False
lag_13__T2__has_bomb,0.00019786412303801626,0.00019786412303801626,T2__has_bomb,False
lag_00__CT_flash_inv,0.00019779546710196882,0.00019779546710196882,CT_flash_inv,True
lag_07__CT3__duck_amount,-0.00019766410696320236,0.00019766410696320236,CT3__duck_amount,False
lag_01__T5__molly,0.00019754179811570793,0.00019754179811570793,T5__molly,True
lag_15__T3__Y,-0.0001975372724700719,0.0001975372724700719,T3__Y,False
lag_00__T_walking_count,-0.00019742580479942262,0.00019742580479942262,T_walking_count,False
lag_04__CT_armor_sum,0.000197421686607413,0.000197421686607413,CT_armor_sum,False
lag_03__T_active_smokes,0.00019740959396585822,0.00019740959396585822,T_active_smokes,True
lag_03__active_smokes_total,0.00019740397692658007,0.00019740397692658007,active_smokes_total,True
lag_08__CT_hp_sum,0.00019738527771551162,0.00019738527771551162,CT_hp_sum,False
lag_07__CT2__X,-0.00019722111755982041,0.00019722111755982041,CT2__X,False
lag_05__CT4__Y,-0.00019710978085640818,0.00019710978085640818,CT4__Y,False
lag_06__CT_closest_enemy_dist,-0.0001968402211787179,0.0001968402211787179,CT_closest_enemy_dist,False
lag_05__T3__Y,-0.00019682837591972202,0.00019682837591972202,T3__Y,False
lag_14__T_bomb_zone_count,0.00019638397498056293,0.00019638397498056293,T_bomb_zone_count,False
lag_07__T_kills_last_3s,-0.0001963639515452087,0.0001963639515452087,T_kills_last_3s,False
lag_07__T3__shots_fired,0.00019593321485444903,0.00019593321485444903,T3__shots_fired,False
lag_14__CT2__duck_amount,-0.00019569114374462515,0.00019569114374462515,CT2__duck_amount,False
lag_13__CT_flashed_players,0.0001955157204065472,0.0001955157204065472,CT_flashed_players,False
lag_11__T_damage_last_5s,0.0001954956678673625,0.0001954956678673625,T_damage_last_5s,False
lag_15__armor_diff,0.00019549514399841428,0.00019549514399841428,armor_diff,False
lag_14__CT3__is_walking,-0.00019546612747944891,0.00019546612747944891,CT3__is_walking,False
lag_07__T3__Y,-0.00019546151452232152,0.00019546151452232152,T3__Y,False
lag_13__CT5__alive,0.00019537968910299242,0.00019537968910299242,CT5__alive,False
lag_08__armor_diff,0.0001947879936778918,0.0001947879936778918,armor_diff,False
lag_11__CT2__X,-0.0001946648844750598,0.0001946648844750598,CT2__X,False
lag_03__CT2__shots_fired,-0.0001943794486578554,0.0001943794486578554,CT2__shots_fired,False
lag_01__CT5__flash,0.000194217762327753,0.000194217762327753,CT5__flash,True
lag_13__CT2__is_walking,-0.0001941933878697455,0.0001941933878697455,CT2__is_walking,False
lag_15__T5__Y,-0.0001940387301146984,0.0001940387301146984,T5__Y,False
lag_03__T4__has_bomb,-0.00019396124116610736,0.00019396124116610736,T4__has_bomb,False
lag_09__T3__smoke,-0.00019384433107916266,0.00019384433107916266,T3__smoke,True
lag_05__T_place_TOPOFMID,0.0001936200715135783,0.0001936200715135783,T_place_TOPOFMID,False
lag_11__T2__smoke,0.00019346085900906473,0.00019346085900906473,T2__smoke,True
lag_06__T_place_UPPERTUNNEL,-0.00019340270955581218,0.00019340270955581218,T_place_UPPERTUNNEL,False
lag_07__armor_diff,0.00019337600679136813,0.00019337600679136813,armor_diff,False
lag_06__CT2__X,-0.00019328869529999793,0.00019328869529999793,CT2__X,False
lag_09__T3__duck_amount,-0.0001931519655045122,0.0001931519655045122,T3__duck_amount,False
lag_02__T4__has_bomb,-0.0001929430291056633,0.0001929430291056633,T4__has_bomb,False
lag_02__CT_macro_MID,0.00019288920157123357,0.00019288920157123357,CT_macro_MID,False
lag_05__CT2__X,-0.00019232998602092266,0.00019232998602092266,CT2__X,False
lag_12__CT_place_SHORTSTAIRS,-0.00019221425463911146,0.00019221425463911146,CT_place_SHORTSTAIRS,False
lag_05__CT1__is_walking,0.00019214129133615643,0.00019214129133615643,CT1__is_walking,False
lag_00__T_place_ARAMP,-0.00019212273764424026,0.00019212273764424026,T_place_ARAMP,False
lag_07__T_cash_spent_round_sum,-0.0001917598710861057,0.0001917598710861057,T_cash_spent_round_sum,False
lag_09__CT5__Y,-0.00019170521409250796,0.00019170521409250796,CT5__Y,False
lag_06__T2__molly,-0.00019164883997291327,0.00019164883997291327,T2__molly,True
lag_04__CT_place_HOLE,0.00019126466941088438,0.00019126466941088438,CT_place_HOLE,False
lag_06__CT1__duck_amount,-0.00019116888870485127,0.00019116888870485127,CT1__duck_amount,False
lag_07__T3__flash,-0.0001911464350996539,0.0001911464350996539,T3__flash,True
lag_08__CT2__X,-0.00019108924607280642,0.00019108924607280642,CT2__X,False
lag_15__CT3__Y,-0.00019106500258203596,0.00019106500258203596,CT3__Y,False
lag_05__spread_diff,0.0001905462413560599,0.0001905462413560599,spread_diff,False
lag_05__T4__is_walking,0.00019042484927922487,0.00019042484927922487,T4__is_walking,False
lag_02__CT2__X,-0.0001902292569866404,0.0001902292569866404,CT2__X,False
lag_01__T3__utility_total,-0.0001901949872262776,0.0001901949872262776,T3__utility_total,True
lag_07__T_place_LOWERTUNNEL,0.0001900213392218575,0.0001900213392218575,T_place_LOWERTUNNEL,False
lag_03__CT2__X,-0.0001898138871183619,0.0001898138871183619,CT2__X,False
lag_06__CT5__has_helmet,0.00018950508092530072,0.00018950508092530072,CT5__has_helmet,False
lag_06__CT_macro_OTHER,0.00018908704805653542,0.00018908704805653542,CT_macro_OTHER,False
lag_13__CT5__flash_duration,0.0001890668791020289,0.0001890668791020289,CT5__flash_duration,True
lag_10__T3__utility_total,-0.00018903246382251382,0.00018903246382251382,T3__utility_total,True
lag_09__seconds_in_round,-0.0001887265098048374,0.0001887265098048374,seconds_in_round,False
lag_03__CT_velocity_mean,0.00018865203310269862,0.00018865203310269862,CT_velocity_mean,False
lag_02__CT5__molly,0.00018861440184991807,0.00018861440184991807,CT5__molly,True
lag_11__T3__Y,-0.00018861296121031046,0.00018861296121031046,T3__Y,False
lag_08__T_place_EXTENDEDA,-0.00018846249440684915,0.00018846249440684915,T_place_EXTENDEDA,False
lag_11__CT3__Y,-0.00018830137560144067,0.00018830137560144067,CT3__Y,False
lag_02__T_cash_spent_round_sum,-0.00018802567501552403,0.00018802567501552403,T_cash_spent_round_sum,False
lag_14__T_place_OUTSIDETUNNEL,0.00018795093637891114,0.00018795093637891114,T_place_OUTSIDETUNNEL,False
lag_07__T4__Y,-0.00018779294623527676,0.00018779294623527676,T4__Y,False
lag_09__armor_diff,0.0001877682952908799,0.0001877682952908799,armor_diff,False
lag_02__CT3__flash,-0.00018767558503895998,0.00018767558503895998,CT3__flash,True
lag_15__CT_place_ARAMP,-0.00018764166452456266,0.00018764166452456266,CT_place_ARAMP,False
lag_09__CT_molly_inv,0.0001876026508398354,0.0001876026508398354,CT_molly_inv,True
lag_01__CT_place_BDOORS,-0.00018751549941953272,0.00018751549941953272,CT_place_BDOORS,False
lag_01__CT3__is_scoped,-0.0001874815352493897,0.0001874815352493897,CT3__is_scoped,False
lag_12__T_cash_spent_round_sum,-0.00018727095448412,0.00018727095448412,T_cash_spent_round_sum,False
lag_08__T1__duck_amount,0.00018724625988397747,0.00018724625988397747,T1__duck_amount,False
lag_15__CT_hp_sum,0.0001871798885986209,0.0001871798885986209,CT_hp_sum,False
lag_05__T4__Y,-0.00018711529264692217,0.00018711529264692217,T4__Y,False
lag_08__CT3__Y,-0.00018706622358877212,0.00018706622358877212,CT3__Y,False
lag_02__T1__duck_amount,0.00018666440155357122,0.00018666440155357122,T1__duck_amount,False
lag_01__smoke_inv_diff,0.00018651719437912107,0.00018651719437912107,smoke_inv_diff,True
lag_13__CT_alive,0.00018644858209881932,0.00018644858209881932,CT_alive,False
lag_15__T_place_TOPOFMID,0.00018603826174512506,0.00018603826174512506,T_place_TOPOFMID,False
lag_06__T_flashed_players,0.00018602862837724388,0.00018602862837724388,T_flashed_players,False
lag_08__CT_smoke_inv,0.00018592503329273313,0.00018592503329273313,CT_smoke_inv,True
lag_06__CT_place_LONGA,0.00018582235497888178,0.00018582235497888178,CT_place_LONGA,False
lag_12__T3__Y,-0.00018575374269858003,0.00018575374269858003,T3__Y,False
lag_09__CT2__X,-0.00018568510131444782,0.00018568510131444782,CT2__X,False
lag_03__T_active_infernos,0.00018542824545875192,0.00018542824545875192,T_active_infernos,True
lag_05__T_mean_Y,-0.0001851279812399298,0.0001851279812399298,T_mean_Y,False
lag_13__kill_diff_last_3s,0.00018507163622416556,0.00018507163622416556,kill_diff_last_3s,False
lag_01__CT_place_HOLE,0.00018489512149244547,0.00018489512149244547,CT_place_HOLE,False
lag_03__T_unique_places,-0.00018487259512767196,0.00018487259512767196,T_unique_places,False
lag_11__CT2__molly,0.00018480117432773113,0.00018480117432773113,CT2__molly,True
lag_15__CT3__X,0.00018477640696801245,0.00018477640696801245,CT3__X,False
lag_13__CT_macro_MID,-0.00018462723528500646,0.00018462723528500646,CT_macro_MID,False
lag_12__CT3__Y,-0.00018453657685313374,0.00018453657685313374,CT3__Y,False
lag_06__T_active_smokes,0.00018447524053044617,0.00018447524053044617,T_active_smokes,True
lag_15__T4__Y,-0.00018409498443361372,0.00018409498443361372,T4__Y,False
lag_04__T1__armor,-0.00018399098189547658,0.00018399098189547658,T1__armor,False
lag_06__CT3__has_helmet,0.00018378197273705155,0.00018378197273705155,CT3__has_helmet,False
lag_03__T_place_SHORTSTAIRS,-0.00018356942746322602,0.00018356942746322602,T_place_SHORTSTAIRS,False
lag_12__T_place_OUTSIDETUNNEL,0.00018333362822886556,0.00018333362822886556,T_place_OUTSIDETUNNEL,False
lag_15__CT_velocity_mean,0.00018332312174607068,0.00018332312174607068,CT_velocity_mean,False
lag_00__T5__X,0.00018311550957150757,0.00018311550957150757,T5__X,False
lag_11__CT3__flash,-0.00018309062579646707,0.00018309062579646707,CT3__flash,True
lag_01__CT2__armor,0.00018294806068297476,0.00018294806068297476,CT2__armor,False
lag_07__damage_diff_last_5s,0.00018293036555405706,0.00018293036555405706,damage_diff_last_5s,False
lag_09__CT_armor_sum,0.0001828494860092178,0.0001828494860092178,CT_armor_sum,False
lag_05__CT_armor_sum,0.0001826506049837917,0.0001826506049837917,CT_armor_sum,False
lag_02__T1__flash,0.00018264756363350898,0.00018264756363350898,T1__flash,True
lag_02__T5__molly,0.00018250998982694,0.00018250998982694,T5__molly,True
lag_03__CT_place_BOMBSITEB,0.00018244980310555547,0.00018244980310555547,CT_place_BOMBSITEB,False
lag_03__CT_macro_B,0.00018244980310555547,0.00018244980310555547,CT_macro_B,False
lag_08__CT_place_UNDERA,0.00018243701197206974,0.00018243701197206974,CT_place_UNDERA,False
lag_11__CT3__X,0.00018237299809698015,0.00018237299809698015,CT3__X,False
lag_09__T5__Y,-0.00018225537496618927,0.00018225537496618927,T5__Y,False
lag_13__CT3__Y,-0.0001821713667595759,0.0001821713667595759,CT3__Y,False
lag_13__T_place_OUTSIDELONG,0.0001821319165173918,0.0001821319165173918,T_place_OUTSIDELONG,False
lag_11__T4__Y,-0.000182022136868909,0.000182022136868909,T4__Y,False
lag_04__CT_place_MIDDOORS,0.00018173889839090407,0.00018173889839090407,CT_place_MIDDOORS,False
lag_03__CT1__duck_amount,0.00018146751972381026,0.00018146751972381026,CT1__duck_amount,False
lag_07__CT3__is_scoped,-0.00018144109344575554,0.00018144109344575554,CT3__is_scoped,False
lag_14__T4__duck_amount,-0.00018139703024644405,0.00018139703024644405,T4__duck_amount,False
lag_05__T2__molly,-0.00018128950614482164,0.00018128950614482164,T2__molly,True
lag_07__CT_place_MIDDOORS,0.0001810288813430816,0.0001810288813430816,CT_place_MIDDOORS,False
lag_05__T_spread_xy,-0.0001809451641747728,0.0001809451641747728,T_spread_xy,False
lag_09__T5__X,0.0001809254172258079,0.0001809254172258079,T5__X,False
lag_15__CT_active_smokes,-0.00018050298967864364,0.00018050298967864364,CT_active_smokes,True
lag_01__T3__smoke,-0.00018042998271994293,0.00018042998271994293,T3__smoke,True
lag_07__CT4__Y,-0.0001803136256057769,0.0001803136256057769,CT4__Y,False
lag_05__T1__smoke,0.00018021289724856615,0.00018021289724856615,T1__smoke,True
lag_04__CT2__shots_fired,-0.00018016726244241,0.00018016726244241,CT2__shots_fired,False
lag_10__T3__Y,-0.00018010805069934577,0.00018010805069934577,T3__Y,False
lag_00__T4__utility_total,0.00017996875976677984,0.00017996875976677984,T4__utility_total,True
lag_07__CT_hp_sum,0.00017993070650845766,0.00017993070650845766,CT_hp_sum,False
lag_06__T3__Y,-0.0001798678858904168,0.0001798678858904168,T3__Y,False
lag_08__T1__flash,0.00017978822870645672,0.00017978822870645672,T1__flash,True
lag_07__CT2__utility_total,0.00017958678654395044,0.00017958678654395044,CT2__utility_total,True
lag_12__CT4__is_walking,0.00017953553469851613,0.00017953553469851613,CT4__is_walking,False
lag_01__CT_molly_inv,0.00017933659546542913,0.00017933659546542913,CT_molly_inv,True
lag_12__CT3__X,0.00017928096349351108,0.00017928096349351108,CT3__X,False
lag_06__T5__duck_amount,-0.0001790612150216475,0.0001790612150216475,T5__duck_amount,False
lag_06__CT4__utility_total,0.00017897068755701184,0.00017897068755701184,CT4__utility_total,True
lag_13__CT3__X,0.0001789393281796947,0.0001789393281796947,CT3__X,False
lag_09__T4__is_walking,-0.00017890625167638063,0.00017890625167638063,T4__is_walking,False
lag_09__T2__smoke,0.00017886937712319195,0.00017886937712319195,T2__smoke,True
lag_04__T_spread_xy,-0.00017885684792418033,0.00017885684792418033,T_spread_xy,False
lag_13__utility_inv_diff,0.00017884555563796312,0.00017884555563796312,utility_inv_diff,True
lag_02__T5__utility_total,0.00017879197548609227,0.00017879197548609227,T5__utility_total,True
lag_08__T_place_ARAMP,-0.0001782370381988585,0.0001782370381988585,T_place_ARAMP,False
lag_10__CT_armor_sum,0.00017812701116781682,0.00017812701116781682,CT_armor_sum,False
lag_15__CT5__duck_amount,-0.00017809901328291744,0.00017809901328291744,CT5__duck_amount,False
lag_14__CT3__X,0.00017809263954404742,0.00017809263954404742,CT3__X,False
lag_08__CT_place_MIDDOORS,0.00017807325639296323,0.00017807325639296323,CT_place_MIDDOORS,False
lag_01__T2__armor,0.00017803951050154865,0.00017803951050154865,T2__armor,False
lag_12__CT3__flash,-0.00017801500507630408,0.00017801500507630408,CT3__flash,True
lag_06__T_mean_Y,-0.00017798088083509356,0.00017798088083509356,T_mean_Y,False
lag_07__T_place_LONGA,-0.0001778863515937701,0.0001778863515937701,T_place_LONGA,False
lag_00__T_place_LOWERTUNNEL,0.0001777992001734674,0.0001777992001734674,T_place_LOWERTUNNEL,False
lag_08__T_macro_MID,-0.00017764409130904824,0.00017764409130904824,T_macro_MID,False
lag_12__CT_hp_sum,0.00017763703363016248,0.00017763703363016248,CT_hp_sum,False
lag_01__CT2__X,-0.00017740610928740352,0.00017740610928740352,CT2__X,False
lag_07__T_place_EXTENDEDA,-0.0001770403905538842,0.0001770403905538842,T_place_EXTENDEDA,False
lag_06__CT_armor_sum,0.000176931222085841,0.000176931222085841,CT_armor_sum,False
lag_10__CT3__X,0.00017689245578367263,0.00017689245578367263,CT3__X,False
lag_13__T4__Y,-0.00017689132073428482,0.00017689132073428482,T4__Y,False
lag_03__T1__flash,0.0001767337234923616,0.0001767337234923616,T1__flash,True
lag_01__CT5__molly,0.00017669862427283078,0.00017669862427283078,CT5__molly,True
lag_11__CT_unique_places,0.00017652648966759443,0.00017652648966759443,CT_unique_places,False
lag_07__molly_inv_diff,0.00017632183153182268,0.00017632183153182268,molly_inv_diff,True
lag_05__T2__shots_fired,0.0001762698811944574,0.0001762698811944574,T2__shots_fired,False
lag_04__T_place_EXTENDEDA,-0.00017625839973334223,0.00017625839973334223,T_place_EXTENDEDA,False
lag_03__T_place_LONGA,-0.00017623901658225805,0.00017623901658225805,T_place_LONGA,False
lag_02__CT_helmet_count,0.00017615956312511116,0.00017615956312511116,CT_helmet_count,False
lag_08__T2__duck_amount,-0.00017605084576644003,0.00017605084576644003,T2__duck_amount,False
lag_09__CT3__X,0.0001760377490427345,0.0001760377490427345,CT3__X,False
lag_05__armor_diff,0.00017599221609998494,0.00017599221609998494,armor_diff,False
lag_13__CT5__hp,0.00017593799566384405,0.00017593799566384405,CT5__hp,False
lag_15__T3__utility_total,-0.0001759225851856172,0.0001759225851856172,T3__utility_total,True
lag_10__CT3__Y,-0.00017563528672326356,0.00017563528672326356,CT3__Y,False
lag_08__T3__shots_fired,0.00017555123486090451,0.00017555123486090451,T3__shots_fired,False
lag_07__T4__molly,-0.00017552256758790463,0.00017552256758790463,T4__molly,True
lag_13__T_cash_spent_round_sum,-0.00017531409685034305,0.00017531409685034305,T_cash_spent_round_sum,False
lag_13__T5__Y,-0.00017519363609608263,0.00017519363609608263,T5__Y,False
lag_13__T3__Y,-0.00017512353952042758,0.00017512353952042758,T3__Y,False
lag_01__T_shots_fired_sum,-0.00017510753241367638,0.00017510753241367638,T_shots_fired_sum,False
lag_04__T1__has_helmet,-0.00017472317267674953,0.00017472317267674953,T1__has_helmet,False
lag_15__T2__has_bomb,0.00017437984934076667,0.00017437984934076667,T2__has_bomb,False
lag_01__CT5__Y,-0.00017435116751585156,0.00017435116751585156,CT5__Y,False
lag_00__CT_B_site_active_smokes,0.0001742241729516536,0.0001742241729516536,CT_B_site_active_smokes,True
lag_06__T5__molly,0.0001742051390465349,0.0001742051390465349,T5__molly,True
lag_10__CT2__duck_amount,-0.00017397545161657035,0.00017397545161657035,CT2__duck_amount,False
lag_00__active_smokes_total,0.0001739371073199436,0.0001739371073199436,active_smokes_total,True
lag_12__T4__Y,-0.00017390403081662953,0.00017390403081662953,T4__Y,False
lag_05__CT5__has_helmet,0.000173831736901775,0.000173831736901775,CT5__has_helmet,False
lag_03__T4__is_walking,0.00017382350051775575,0.00017382350051775575,T4__is_walking,False
lag_06__CT3__utility_total,-0.00017377082258462906,0.00017377082258462906,CT3__utility_total,True
lag_08__CT_armor_sum,0.0001736917474772781,0.0001736917474772781,CT_armor_sum,False
lag_02__spread_diff,0.00017368946282658726,0.00017368946282658726,spread_diff,False
lag_13__armor_diff,0.00017367543478030711,0.00017367543478030711,armor_diff,False
lag_08__CT3__X,0.00017345313972327858,0.00017345313972327858,CT3__X,False
lag_14__T3__Y,-0.00017340781050734222,0.00017340781050734222,T3__Y,False
lag_02__CT_equip_value_sum,0.00017324445070698857,0.00017324445070698857,CT_equip_value_sum,False
lag_14__armor_diff,0.0001732437958708033,0.0001732437958708033,armor_diff,False
lag_08__CT3__flash,-0.0001731829543132335,0.0001731829543132335,CT3__flash,True
lag_01__T2__shots_fired,-0.00017318259051535279,0.00017318259051535279,T2__shots_fired,False
lag_13__CT3__is_scoped,-0.00017304786888416857,0.00017304786888416857,CT3__is_scoped,False
lag_13__CT3__flash,-0.00017304117500316352,0.00017304117500316352,CT3__flash,True
lag_05__T_scoped_count,-0.00017294437566306442,0.00017294437566306442,T_scoped_count,False
lag_10__CT_place_LONGA,0.0001729042560327798,0.0001729042560327798,CT_place_LONGA,False
lag_01__T2__alive,0.00017271144315600395,0.00017271144315600395,T2__alive,False
lag_06__T1__alive,0.0001727031049085781,0.0001727031049085781,T1__alive,False
lag_05__centroid_distance_xy,-0.0001725550537230447,0.0001725550537230447,centroid_distance_xy,False
lag_03__T_place_LOWERTUNNEL,0.00017224272596649826,0.00017224272596649826,T_place_LOWERTUNNEL,False
lag_11__CT2__duck_amount,0.00017223648319486529,0.00017223648319486529,CT2__duck_amount,False
lag_11__armor_diff,0.00017196129192598164,0.00017196129192598164,armor_diff,False
lag_03__T3__molly,-0.00017149944324046373,0.00017149944324046373,T3__molly,True
lag_10__T3__molly,-0.0001713992969598621,0.0001713992969598621,T3__molly,True
lag_08__T_scoped_count,-0.00017127963656093925,0.00017127963656093925,T_scoped_count,False
lag_06__T4__Y,-0.0001705382310319692,0.0001705382310319692,T4__Y,False
lag_07__CT2__is_walking,-0.00017047264555003494,0.00017047264555003494,CT2__is_walking,False
lag_08__damage_diff_last_5s,0.00017037447832990438,0.00017037447832990438,damage_diff_last_5s,False
lag_15__T_duck_amount_mean,-0.00017036061035469174,0.00017036061035469174,T_duck_amount_mean,False
lag_04__CT_place_BOMBSITEA,-0.00017026302521117032,0.00017026302521117032,CT_place_BOMBSITEA,False
lag_04__CT_macro_A,-0.00017026302521117032,0.00017026302521117032,CT_macro_A,False
lag_10__CT_molly_inv,0.00017004071560222656,0.00017004071560222656,CT_molly_inv,True
lag_15__T2__smoke,0.00016960040375124663,0.00016960040375124663,T2__smoke,True
lag_14__T5__Y,-0.00016957626212388277,0.00016957626212388277,T5__Y,False
lag_04__T1__hp,-0.00016941137437243015,0.00016941137437243015,T1__hp,False
lag_10__CT3__flash,-0.0001693649828666821,0.0001693649828666821,CT3__flash,True
lag_14__CT2__has_defuser,-0.00016921023780014366,0.00016921023780014366,CT2__has_defuser,False
lag_09__CT4__is_walking,0.00016913548461161554,0.00016913548461161554,CT4__is_walking,False
lag_01__CT1__alive,0.00016876921290531754,0.00016876921290531754,CT1__alive,False
lag_05__CT3__has_helmet,0.00016858187154866755,0.00016858187154866755,CT3__has_helmet,False
lag_14__CT_place_LONGA,-0.00016849240637384355,0.00016849240637384355,CT_place_LONGA,False
lag_12__CT5__is_walking,0.00016804144252091646,0.00016804144252091646,CT5__is_walking,False
lag_15__CT3__flash,-0.00016800993762444705,0.00016800993762444705,CT3__flash,True
lag_10__CT3__is_walking,-0.00016792594396974891,0.00016792594396974891,CT3__is_walking,False
lag_05__CT_macro_OTHER,0.0001679244014667347,0.0001679244014667347,CT_macro_OTHER,False
lag_14__CT4__Y,-0.00016784705803729594,0.00016784705803729594,CT4__Y,False
lag_04__CT_unique_places,0.00016764884639997035,0.00016764884639997035,CT_unique_places,False
lag_11__CT3__is_scoped,-0.00016732729272916913,0.00016732729272916913,CT3__is_scoped,False
lag_05__T1__utility_total,0.00016725285968277603,0.00016725285968277603,T1__utility_total,True
lag_03__T3__flash,-0.00016709517512936145,0.00016709517512936145,T3__flash,True
lag_12__T5__Y,-0.00016707782924640924,0.00016707782924640924,T5__Y,False
lag_15__CT_place_HOLE,-0.00016696075908839703,0.00016696075908839703,CT_place_HOLE,False
lag_07__CT3__X,0.00016655864601489156,0.00016655864601489156,CT3__X,False
lag_11__T_cash_spent_round_sum,-0.0001664986921241507,0.0001664986921241507,T_cash_spent_round_sum,False
lag_03__CT4__Y,-0.00016614956257399172,0.00016614956257399172,CT4__Y,False
lag_06__T4__duck_amount,-0.0001656908425502479,0.0001656908425502479,T4__duck_amount,False
lag_06__active_smokes_total,0.0001656866370467469,0.0001656866370467469,active_smokes_total,True
lag_04__molly_inv_diff,0.0001656629319768399,0.0001656629319768399,molly_inv_diff,True
lag_02__CT3__duck_amount,0.00016557570779696107,0.00016557570779696107,CT3__duck_amount,False
lag_04__CT4__Y,-0.00016556540504097939,0.00016556540504097939,CT4__Y,False
lag_11__T_place_ARAMP,-0.00016539692296646535,0.00016539692296646535,T_place_ARAMP,False
lag_07__CT_place_BDOORS,-0.00016538122144993395,0.00016538122144993395,CT_place_BDOORS,False
lag_03__T_scoped_count,-0.00016511678404640406,0.00016511678404640406,T_scoped_count,False
lag_11__T_place_LONGA,-0.00016504776431247592,0.00016504776431247592,T_place_LONGA,False
lag_15__CT_armor_sum,0.00016492471331730485,0.00016492471331730485,CT_armor_sum,False
lag_02__T2__hp,0.00016491702990606427,0.00016491702990606427,T2__hp,False
lag_07__T_place_SHORTSTAIRS,0.00016487941320519894,0.00016487941320519894,T_place_SHORTSTAIRS,False
lag_06__CT_scoped_count,0.00016482283535879105,0.00016482283535879105,CT_scoped_count,False
lag_05__CT2__shots_fired,-0.00016470511036459357,0.00016470511036459357,CT2__shots_fired,False
lag_05__CT4__utility_total,0.00016416855214629322,0.00016416855214629322,CT4__utility_total,True
lag_10__T1__is_walking,0.00016381032764911652,0.00016381032764911652,T1__is_walking,False
lag_11__CT_macro_MID,0.00016378726286347955,0.00016378726286347955,CT_macro_MID,False
lag_08__CT_molly_inv,0.0001637265522731468,0.0001637265522731468,CT_molly_inv,True
lag_09__T2__is_walking,-0.00016360929294023663,0.00016360929294023663,T2__is_walking,False
lag_12__CT2__X,-0.00016346997290384024,0.00016346997290384024,CT2__X,False
lag_09__T_burning_players,-0.00016344366304110736,0.00016344366304110736,T_burning_players,False
lag_11__CT_hp_sum,0.00016340540605597198,0.00016340540605597198,CT_hp_sum,False
lag_15__CT2__alive,0.0001633185165701434,0.0001633185165701434,CT2__alive,False
lag_05__T4__molly,-0.0001632000639801845,0.0001632000639801845,T4__molly,True
lag_03__T5__molly,0.00016300828428938985,0.00016300828428938985,T5__molly,True
lag_09__CT_scoped_count,0.0001627239107619971,0.0001627239107619971,CT_scoped_count,False
lag_10__T_unique_places,-0.00016272081120405346,0.00016272081120405346,T_unique_places,False
lag_02__CT2__alive,0.00016252697969321162,0.00016252697969321162,CT2__alive,False
lag_00__bomb_planted,-0.00016248994506895542,0.00016248994506895542,bomb_planted,False
lag_06__T_spread_xy,-0.00016239448450505733,0.00016239448450505733,T_spread_xy,False
lag_01__T2__flash,0.0001622840645723045,0.0001622840645723045,T2__flash,True
lag_00__CT_active_smokes,0.00016227434389293194,0.00016227434389293194,CT_active_smokes,True
lag_06__CT5__molly,0.0001621495612198487,0.0001621495612198487,CT5__molly,True
lag_10__CT3__duck_amount,0.00016203800623770803,0.00016203800623770803,CT3__duck_amount,False
lag_11__CT4__has_helmet,0.00016202640836127102,0.00016202640836127102,CT4__has_helmet,False
lag_05__T_place_ARAMP,-0.0001620167022338137,0.0001620167022338137,T_place_ARAMP,False
lag_06__CT2__shots_fired,-0.0001619863760424778,0.0001619863760424778,CT2__shots_fired,False
lag_15__T_kills_last_3s,0.00016197972581721842,0.00016197972581721842,T_kills_last_3s,False
lag_05__CT5__flash_duration,0.00016187979781534523,0.00016187979781534523,CT5__flash_duration,True
lag_08__T5__utility_total,0.00016162854444701225,0.00016162854444701225,T5__utility_total,True
lag_12__CT_utility_inv,0.00016133971803355962,0.00016133971803355962,CT_utility_inv,True
lag_01__CT2__flash,0.0001613306812942028,0.0001613306812942028,CT2__flash,True
lag_10__seconds_in_round,-0.00016127285198308527,0.00016127285198308527,seconds_in_round,False
lag_11__CT_active_smokes,-0.0001611946354387328,0.0001611946354387328,CT_active_smokes,True
lag_04__CT_place_LONGA,-0.0001611811458133161,0.0001611811458133161,CT_place_LONGA,False
lag_11__CT_molly_inv,0.00016109581338241696,0.00016109581338241696,CT_molly_inv,True
lag_06__CT3__X,0.00016097177285701036,0.00016097177285701036,CT3__X,False
lag_09__CT_utility_inv,0.0001608282036613673,0.0001608282036613673,CT_utility_inv,True
lag_09__CT_place_LONGA,0.0001608037855476141,0.0001608037855476141,CT_place_LONGA,False
lag_14__T5__X,0.00016075193707365543,0.00016075193707365543,T5__X,False
lag_10__T5__Y,-0.00016052454884629697,0.00016052454884629697,T5__Y,False
lag_08__seconds_in_round,-0.00016042728384491056,0.00016042728384491056,seconds_in_round,False
lag_06__T4__armor,-0.00016039988258853555,0.00016039988258853555,T4__armor,False
lag_04__T_kills_last_3s,-0.00016039315960370004,0.00016039315960370004,T_kills_last_3s,False
lag_06__equip_diff,0.00016029734979383647,0.00016029734979383647,equip_diff,False
lag_08__T_burning_players,-0.0001601906551513821,0.0001601906551513821,T_burning_players,False
lag_14__T3__flash,-0.00016005890211090446,0.00016005890211090446,T3__flash,True
lag_07__CT5__has_helmet,0.00015992038242984563,0.00015992038242984563,CT5__has_helmet,False
lag_07__T5__smoke,-0.0001598342350916937,0.0001598342350916937,T5__smoke,True
lag_06__T1__is_walking,0.00015980313764885068,0.00015980313764885068,T1__is_walking,False
lag_11__T_active_infernos,-0.00015972041001077741,0.00015972041001077741,T_active_infernos,True
lag_00__T_molly_inv,0.00015970924869179726,0.00015970924869179726,T_molly_inv,True
lag_15__T_cash_spent_round_sum,-0.0001588635059306398,0.0001588635059306398,T_cash_spent_round_sum,False
lag_07__CT_macro_MID,0.00015885583707131445,0.00015885583707131445,CT_macro_MID,False
lag_11__active_infernos_total,0.00015882475418038666,0.00015882475418038666,active_infernos_total,True
lag_06__T3__armor,-0.00015871359209995717,0.00015871359209995717,T3__armor,False
lag_14__CT_alive,0.00015816485392861068,0.00015816485392861068,CT_alive,False
lag_04__CT_place_ARAMP,0.0001581576361786574,0.0001581576361786574,CT_place_ARAMP,False
lag_07__T_spread_xy,-0.00015804953000042588,0.00015804953000042588,T_spread_xy,False
lag_03__T_place_CATWALK,-0.000158040871610865,0.000158040871610865,T_place_CATWALK,False
lag_04__CT5__molly,0.00015801888366695493,0.00015801888366695493,CT5__molly,True
lag_06__T5__armor,-0.00015794481441844255,0.00015794481441844255,T5__armor,False
lag_09__CT5__is_walking,0.00015788874588906765,0.00015788874588906765,CT5__is_walking,False
lag_05__CT5__molly,0.00015776812506373972,0.00015776812506373972,CT5__molly,True
lag_02__seconds_in_round,-0.0001576944487169385,0.0001576944487169385,seconds_in_round,False
lag_04__CT_macro_MID,0.00015754206106066704,0.00015754206106066704,CT_macro_MID,False
lag_15__T_place_LONGA,-0.00015746457211207598,0.00015746457211207598,T_place_LONGA,False
lag_04__active_smokes_total,0.00015745608834549785,0.00015745608834549785,active_smokes_total,True
lag_13__T2__smoke,0.00015716742200311273,0.00015716742200311273,T2__smoke,True
lag_14__T4__Y,-0.0001571612519910559,0.0001571612519910559,T4__Y,False
lag_14__CT5__has_helmet,0.00015709703438915312,0.00015709703438915312,CT5__has_helmet,False
lag_09__CT_macro_MID,0.00015704127144999802,0.00015704127144999802,CT_macro_MID,False
lag_12__T_bomb_zone_count,0.00015687794075347483,0.00015687794075347483,T_bomb_zone_count,False
lag_05__CT_duck_amount_mean,0.00015677415649406612,0.00015677415649406612,CT_duck_amount_mean,False
lag_15__T5__duck_amount,0.00015661174256820232,0.00015661174256820232,T5__duck_amount,False
lag_11__bomb_planted,-0.00015650413115508854,0.00015650413115508854,bomb_planted,False
lag_08__T2__smoke,0.00015645039093215019,0.00015645039093215019,T2__smoke,True
lag_06__T2__duck_amount,-0.00015642258222214878,0.00015642258222214878,T2__duck_amount,False
lag_11__CT3__is_walking,0.00015635258750990033,0.00015635258750990033,CT3__is_walking,False
lag_01__CT1__hp,0.00015623855870217085,0.00015623855870217085,CT1__hp,False
lag_02__T3__shots_fired,-0.0001560806849738583,0.0001560806849738583,T3__shots_fired,False
lag_06__T4__has_helmet,-0.00015593470016028732,0.00015593470016028732,T4__has_helmet,False
lag_12__CT_armor_sum,0.00015579267346765846,0.00015579267346765846,CT_armor_sum,False
lag_10__T_velocity_mean,0.00015577585145365447,0.00015577585145365447,T_velocity_mean,False
lag_06__round_num,0.0001557344221509993,0.0001557344221509993,round_num,False
lag_05__CT_closest_enemy_dist,-0.00015571761468891054,0.00015571761468891054,CT_closest_enemy_dist,False
lag_01__CT3__X,0.00015570646792184561,0.00015570646792184561,CT3__X,False
lag_09__T4__smoke,0.000155698973685503,0.000155698973685503,T4__smoke,True
lag_01__CT_place_BOMBSITEA,-0.00015559217717964202,0.00015559217717964202,CT_place_BOMBSITEA,False
lag_01__CT_macro_A,-0.00015559217717964202,0.00015559217717964202,CT_macro_A,False
lag_11__T5__Y,-0.00015541720495093614,0.00015541720495093614,T5__Y,False
lag_11__CT_place_BDOORS,-0.0001553470065118745,0.0001553470065118745,CT_place_BDOORS,False
lag_07__CT3__has_helmet,0.00015509076183661819,0.00015509076183661819,CT3__has_helmet,False
lag_06__T5__has_helmet,-0.00015495455591008067,0.00015495455591008067,T5__has_helmet,False
lag_00__T2__has_bomb,-0.0001548236614326015,0.0001548236614326015,T2__has_bomb,False
lag_13__CT5__armor,0.00015479151625186205,0.00015479151625186205,CT5__armor,False
lag_15__CT_molly_inv,0.00015461667499039322,0.00015461667499039322,CT_molly_inv,True
lag_03__CT5__has_helmet,0.0001545734121464193,0.0001545734121464193,CT5__has_helmet,False
lag_02__T5__is_walking,-0.00015438876289408654,0.00015438876289408654,T5__is_walking,False
lag_04__CT5__has_helmet,0.00015438355330843478,0.00015438355330843478,CT5__has_helmet,False
lag_06__T3__has_helmet,-0.0001541519450256601,0.0001541519450256601,T3__has_helmet,False
lag_09__CT3__Y,-0.00015412717766594142,0.00015412717766594142,CT3__Y,False
lag_15__CT1__utility_total,0.00015406507009174675,0.00015406507009174675,CT1__utility_total,True
lag_12__T_place_OUTSIDELONG,0.00015398643154185265,0.00015398643154185265,T_place_OUTSIDELONG,False
lag_03__T_closest_enemy_dist,-0.0001539754739496857,0.0001539754739496857,T_closest_enemy_dist,False
lag_04__CT_damage_last_5s,0.0001539481891086325,0.0001539481891086325,CT_damage_last_5s,False
lag_07__T1__alive,0.0001539348450023681,0.0001539348450023681,T1__alive,False
lag_10__T_cash_spent_round_sum,-0.000153861241415143,0.000153861241415143,T_cash_spent_round_sum,False
lag_05__T5__is_walking,0.00015352068294305354,0.00015352068294305354,T5__is_walking,False
lag_05__CT3__X,0.00015347375301644206,0.00015347375301644206,CT3__X,False
lag_03__T_place_ARAMP,-0.00015322014223784208,0.00015322014223784208,T_place_ARAMP,False
lag_07__CT_armor_sum,0.00015312198956962675,0.00015312198956962675,CT_armor_sum,False
lag_03__CT5__utility_total,0.00015310732123907655,0.00015310732123907655,CT5__utility_total,True
lag_06__T5__smoke,-0.0001529441651655361,0.0001529441651655361,T5__smoke,True
lag_04__CT_helmet_count,0.00015291693853214383,0.00015291693853214383,CT_helmet_count,False
lag_14__CT2__utility_total,0.00015269087452907115,0.00015269087452907115,CT2__utility_total,True
lag_02__T3__flash,-0.00015255542530212551,0.00015255542530212551,T3__flash,True
lag_04__T_armor_sum,-0.00015246047405526042,0.00015246047405526042,T_armor_sum,False
lag_13__T3__duck_amount,-0.00015242700465023518,0.00015242700465023518,T3__duck_amount,False
lag_14__CT3__has_helmet,0.00015235277533065528,0.00015235277533065528,CT3__has_helmet,False
lag_02__T4__duck_amount,-0.0001523034879937768,0.0001523034879937768,T4__duck_amount,False
lag_13__CT2__X,-0.00015220888599287719,0.00015220888599287719,CT2__X,False
lag_09__CT3__smoke,0.00015213539882097393,0.00015213539882097393,CT3__smoke,True
lag_09__T1__utility_total,0.0001521348749520257,0.0001521348749520257,T1__utility_total,True
lag_10__CT_utility_inv,0.0001519867219030857,0.0001519867219030857,CT_utility_inv,True
lag_13__T5__utility_total,0.00015198084292933345,0.00015198084292933345,T5__utility_total,True
lag_02__CT4__Y,-0.00015194187290035188,0.00015194187290035188,CT4__Y,False
lag_15__CT3__smoke,0.00015188379620667547,0.00015188379620667547,CT3__smoke,True
lag_08__T_cash_spent_round_sum,-0.0001518374920124188,0.0001518374920124188,T_cash_spent_round_sum,False
lag_15__CT_helmet_count,0.00015183065261226147,0.00015183065261226147,CT_helmet_count,False
lag_13__CT3__molly,0.0001518189674243331,0.0001518189674243331,CT3__molly,True
lag_05__T_damage_last_5s,-0.00015171484847087413,0.00015171484847087413,T_damage_last_5s,False
lag_13__CT4__is_walking,0.00015164536307565868,0.00015164536307565868,CT4__is_walking,False
lag_15__T_burning_players,-0.0001515382609795779,0.0001515382609795779,T_burning_players,False
lag_04__CT3__X,0.0001514820905867964,0.0001514820905867964,CT3__X,False
lag_12__CT3__duck_amount,-0.0001513488678028807,0.0001513488678028807,CT3__duck_amount,False
lag_15__seconds_in_round,-0.00015132046246435493,0.00015132046246435493,seconds_in_round,False
lag_08__CT_place_CTSPAWN,0.00015130058454815298,0.00015130058454815298,CT_place_CTSPAWN,False
lag_06__T_round_start_equip_sum,0.00015104316116776317,0.00015104316116776317,T_round_start_equip_sum,False
lag_08__T1__alive,0.00015103300393093377,0.00015103300393093377,T1__alive,False
lag_07__CT4__utility_total,0.0001510305010015145,0.0001510305010015145,CT4__utility_total,True
lag_14__T3__molly,-0.0001509586290922016,0.0001509586290922016,T3__molly,True
lag_10__T_place_ARAMP,-0.00015083748439792544,0.00015083748439792544,T_place_ARAMP,False
lag_08__T_walking_count,0.0001505269028712064,0.0001505269028712064,T_walking_count,False
lag_09__CT_place_BOMBSITEA,-0.00015044951578602195,0.00015044951578602195,CT_place_BOMBSITEA,False
lag_09__CT_macro_A,-0.00015044951578602195,0.00015044951578602195,CT_macro_A,False
lag_09__bomb_planted,-0.00015044263273011893,0.00015044263273011893,bomb_planted,False
lag_10__T1__utility_total,0.0001504157407907769,0.0001504157407907769,T1__utility_total,True
lag_09__T1__alive,0.00015036811237223446,0.00015036811237223446,T1__alive,False
lag_09__CT3__flash,-0.00014999951235949993,0.00014999951235949993,CT3__flash,True
lag_00__CT1__flash,-0.00014999491395428777,0.00014999491395428777,CT1__flash,True
lag_15__T5__X,0.00014993271906860173,0.00014993271906860173,T5__X,False
lag_00__CT3__X,0.0001499235804658383,0.0001499235804658383,CT3__X,False
lag_03__CT3__has_helmet,0.0001499052596045658,0.0001499052596045658,CT3__has_helmet,False
lag_10__T5__X,0.0001498995698057115,0.0001498995698057115,T5__X,False
lag_01__T_place_MIDDOORS,-0.00014975892554502934,0.00014975892554502934,T_place_MIDDOORS,False
lag_04__CT_active_infernos,-0.00014974927762523293,0.00014974927762523293,CT_active_infernos,True
lag_04__CT2__utility_total,0.0001497459306847304,0.0001497459306847304,CT2__utility_total,True
lag_04__CT3__has_helmet,0.0001497211924288422,0.0001497211924288422,CT3__has_helmet,False
lag_12__CT_place_MIDDOORS,0.00014964549336582422,0.00014964549336582422,CT_place_MIDDOORS,False
lag_13__seconds_in_round,-0.00014956211089156568,0.00014956211089156568,seconds_in_round,False
lag_14__T_burning_players,-0.00014945385919418186,0.00014945385919418186,T_burning_players,False
lag_05__T_duck_amount_mean,-0.00014944773283787072,0.00014944773283787072,T_duck_amount_mean,False
lag_15__CT2__shots_fired,-0.00014940071559976786,0.00014940071559976786,CT2__shots_fired,False
lag_01__CT3__Y,-0.0001493543531978503,0.0001493543531978503,CT3__Y,False
lag_04__T1__flash,0.00014933658530935645,0.00014933658530935645,T1__flash,True
lag_06__utility_inv_diff,0.00014914711937308311,0.00014914711937308311,utility_inv_diff,True
lag_06__CT4__flash,0.00014912367623765022,0.00014912367623765022,CT4__flash,True
lag_11__CT4__Y,-0.00014908079174347222,0.00014908079174347222,CT4__Y,False
lag_08__CT_macro_MID,0.00014892363105900586,0.00014892363105900586,CT_macro_MID,False
lag_11__T1__flash,0.0001487741683376953,0.0001487741683376953,T1__flash,True
lag_06__T_shots_fired_sum,0.00014874301268719137,0.00014874301268719137,T_shots_fired_sum,False
lag_02__T5__flash,0.00014873655163682997,0.00014873655163682997,T5__flash,True
lag_13__CT_hp_sum,0.0001486561814090237,0.0001486561814090237,CT_hp_sum,False
lag_07__CT_place_LONGA,0.00014856945199426264,0.00014856945199426264,CT_place_LONGA,False
lag_00__T4__molly,0.00014851913147140294,0.00014851913147140294,T4__molly,True
lag_14__CT4__utility_total,0.00014836422633379698,0.00014836422633379698,CT4__utility_total,True
lag_15__T_active_smokes,0.00014819108764640987,0.00014819108764640987,T_active_smokes,True
lag_02__smoke_inv_diff,0.00014810894208494574,0.00014810894208494574,smoke_inv_diff,True
lag_15__CT5__smoke,0.00014808961714152247,0.00014808961714152247,CT5__smoke,True
lag_15__T_scoped_count,-0.00014802195073571056,0.00014802195073571056,T_scoped_count,False
lag_08__T5__Y,-0.00014798701158724725,0.00014798701158724725,T5__Y,False
lag_15__CT_utility_inv,0.00014749557885807008,0.00014749557885807008,CT_utility_inv,True
lag_11__CT4__is_walking,0.00014748878311365843,0.00014748878311365843,CT4__is_walking,False
lag_03__active_infernos_total,0.0001473064039601013,0.0001473064039601013,active_infernos_total,True
lag_05__T4__armor,-0.00014713386190123856,0.00014713386190123856,T4__armor,False
lag_01__T_flash_inv,0.00014710072719026357,0.00014710072719026357,T_flash_inv,True
lag_07__CT2__molly,0.00014693959383293986,0.00014693959383293986,CT2__molly,True
lag_04__CT2__duck_amount,-0.00014687683142255992,0.00014687683142255992,CT2__duck_amount,False
lag_05__active_smokes_total,0.00014678483421448618,0.00014678483421448618,active_smokes_total,True
lag_02__CT_place_ARAMP,0.00014652889512944967,0.00014652889512944967,CT_place_ARAMP,False
lag_04__CT5__utility_total,0.0001465050590923056,0.0001465050590923056,CT5__utility_total,True
lag_02__T_place_CATWALK,-0.0001462341460864991,0.0001462341460864991,T_place_CATWALK,False
lag_03__CT3__X,0.0001461637730244547,0.0001461637730244547,CT3__X,False
lag_07__spread_diff,0.0001461300562368706,0.0001461300562368706,spread_diff,False
lag_15__CT2__hp,0.00014600339636672288,0.00014600339636672288,CT2__hp,False
lag_03__CT4__utility_total,0.00014598087000194937,0.00014598087000194937,CT4__utility_total,True
lag_04__T_active_infernos,0.00014591698709409684,0.00014591698709409684,T_active_infernos,True
lag_08__CT5__molly,0.00014585137250833213,0.00014585137250833213,CT5__molly,True
lag_04__CT4__utility_total,0.00014580147399101406,0.00014580147399101406,CT4__utility_total,True
lag_03__smoke_inv_diff,0.00014578929403796792,0.00014578929403796792,smoke_inv_diff,True
lag_08__T_spread_xy,-0.00014566781464964151,0.00014566781464964151,T_spread_xy,False
lag_05__T3__armor,-0.00014558694965671748,0.00014558694965671748,T3__armor,False
lag_03__CT_kills_last_3s,0.0001454840530641377,0.0001454840530641377,CT_kills_last_3s,False
lag_02__CT_cash_spent_round_sum,0.00014546583406627178,0.00014546583406627178,CT_cash_spent_round_sum,False
lag_03__CT_duck_amount_mean,0.00014535547234117985,0.00014535547234117985,CT_duck_amount_mean,False
lag_12__seconds_in_round,-0.0001453142613172531,0.0001453142613172531,seconds_in_round,False
lag_04__T_place_UPPERTUNNEL,-0.00014526794257108122,0.00014526794257108122,T_place_UPPERTUNNEL,False
lag_03__CT_equip_value_sum,0.00014526414452120662,0.00014526414452120662,CT_equip_value_sum,False
lag_12__T1__flash,0.00014524399011861533,0.00014524399011861533,T1__flash,True
lag_02__CT5__has_helmet,0.00014516380906570703,0.00014516380906570703,CT5__has_helmet,False
lag_06__T1__flash,0.00014514554641209543,0.00014514554641209543,T1__flash,True
lag_05__molly_inv_diff,0.00014513282803818583,0.00014513282803818583,molly_inv_diff,True
lag_02__T_active_smokes,0.00014507003652397543,0.00014507003652397543,T_active_smokes,True
lag_07__T_closest_enemy_dist,-0.00014496169751510024,0.00014496169751510024,T_closest_enemy_dist,False
lag_05__T5__armor,-0.00014488172018900514,0.00014488172018900514,T5__armor,False
lag_04__T_equip_value_sum,-0.00014465118874795735,0.00014465118874795735,T_equip_value_sum,False
lag_04__T1__alive,-0.00014449821901507676,0.00014449821901507676,T1__alive,False
lag_06__T3__hp,-0.00014428923896048218,0.00014428923896048218,T3__hp,False
lag_01__CT_kills_last_3s,0.00014404195826500654,0.00014404195826500654,CT_kills_last_3s,False
lag_11__T_bomb_zone_count,0.00014389632269740105,0.00014389632269740105,T_bomb_zone_count,False
lag_00__CT_defuser_count,0.00014377629850059748,0.00014377629850059748,CT_defuser_count,False
lag_02__CT2__hp,0.00014341271889861673,0.00014341271889861673,CT2__hp,False
lag_10__CT5__is_walking,0.00014338087930809706,0.00014338087930809706,CT5__is_walking,False
lag_09__T5__duck_amount,-0.00014333383296616375,0.00014333383296616375,T5__duck_amount,False
lag_06__CT3__is_scoped,-0.00014319224283099174,0.00014319224283099174,CT3__is_scoped,False
lag_12__damage_diff_last_5s,0.00014315734733827412,0.00014315734733827412,damage_diff_last_5s,False
lag_08__CT4__duck_amount,0.00014313519932329655,0.00014313519932329655,CT4__duck_amount,False
lag_11__T_burning_players,-0.00014310728874988854,0.00014310728874988854,T_burning_players,False
lag_05__T4__has_helmet,-0.00014303777425084263,0.00014303777425084263,T4__has_helmet,False
lag_06__CT_start_balance_sum,0.0001429193071089685,0.0001429193071089685,CT_start_balance_sum,False
lag_05__round_num,0.00014285420184023678,0.00014285420184023678,round_num,False
lag_01__CT1__smoke,0.0001424696238245815,0.0001424696238245815,CT1__smoke,True
lag_03__T_place_BDOORS,0.0001424622314516455,0.0001424622314516455,T_place_BDOORS,False
lag_15__CT2__X,-0.00014219130389392376,0.00014219130389392376,CT2__X,False
lag_07__smoke_inv_diff,0.00014218129217624664,0.00014218129217624664,smoke_inv_diff,True
lag_05__T5__has_helmet,-0.00014213871327228844,0.00014213871327228844,T5__has_helmet,False
lag_08__T5__smoke,-0.00014209594519343227,0.00014209594519343227,T5__smoke,True
lag_05__T_round_start_equip_sum,0.00014204038598109037,0.00014204038598109037,T_round_start_equip_sum,False
lag_03__CT_helmet_count,0.00014192912203725427,0.00014192912203725427,CT_helmet_count,False
lag_14__T_place_UPPERTUNNEL,-0.00014182362065184861,0.00014182362065184861,T_place_UPPERTUNNEL,False
lag_15__CT_flashed_players,0.0001416618179064244,0.0001416618179064244,CT_flashed_players,False
lag_11__CT5__has_helmet,0.0001416173909092322,0.0001416173909092322,CT5__has_helmet,False
lag_15__T_bomb_zone_count,0.0001415554725099355,0.0001415554725099355,T_bomb_zone_count,False
lag_06__CT_money_sum,0.0001415551087120548,0.0001415551087120548,CT_money_sum,False
lag_07__CT2__shots_fired,-0.00014154431119095534,0.00014154431119095534,CT2__shots_fired,False
lag_01__CT2__molly,0.000141531418194063,0.000141531418194063,CT2__molly,True
lag_01__T5__smoke,0.00014150667993817478,0.00014150667993817478,T5__smoke,True
lag_14__CT2__X,-0.00014149364142213017,0.00014149364142213017,CT2__X,False
lag_05__CT_scoped_count,-0.0001414896105416119,0.0001414896105416119,CT_scoped_count,False
lag_05__T3__has_helmet,-0.00014140263374429196,0.00014140263374429196,T3__has_helmet,False
lag_08__CT_active_infernos,0.00014135398669168353,0.00014135398669168353,CT_active_infernos,True
lag_06__CT5__has_defuser,0.00014135039236862212,0.00014135039236862212,CT5__has_defuser,False
lag_10__CT3__is_scoped,0.00014114209625404328,0.00014114209625404328,CT3__is_scoped,False
lag_04__T3__flash,-0.0001411114353686571,0.0001411114353686571,T3__flash,True
lag_05__active_infernos_total,-0.00014110900519881397,0.00014110900519881397,active_infernos_total,True
lag_04__CT1__X,-0.0001410001568729058,0.0001410001568729058,CT1__X,False
lag_11__seconds_in_round,-0.00014099817781243473,0.00014099817781243473,seconds_in_round,False
lag_02__CT3__has_helmet,0.00014077970990911126,0.00014077970990911126,CT3__has_helmet,False
lag_00__CT_flashed_players,-0.0001405464281560853,0.0001405464281560853,CT_flashed_players,False
lag_06__T5__hp,-0.00014053650374989957,0.00014053650374989957,T5__hp,False
lag_02__T2__alive,0.00014033292245585471,0.00014033292245585471,T2__alive,False
lag_04__T_helmet_count,-0.00014020434173289686,0.00014020434173289686,T_helmet_count,False
lag_00__CT2__X,-0.00014014133193995804,0.00014014133193995804,CT2__X,False
lag_15__bomb_planted,-0.00013997235510032624,0.00013997235510032624,bomb_planted,False
lag_02__T_place_UNDERA,0.000139964438858442,0.000139964438858442,T_place_UNDERA,False
lag_06__CT_helmet_count,0.00013986884732730687,0.00013986884732730687,CT_helmet_count,False
lag_01__T5__is_walking,-0.00013980086077935994,0.00013980086077935994,T5__is_walking,False
lag_06__T4__hp,-0.0001396940933773294,0.0001396940933773294,T4__hp,False
lag_01__CT3__flash,-0.00013961936929263175,0.00013961936929263175,CT3__flash,True
lag_06__CT1__has_defuser,0.0001395701547153294,0.0001395701547153294,CT1__has_defuser,False
lag_03__T1__smoke,-0.00013951933942735195,0.00013951933942735195,T1__smoke,True
lag_12__CT5__smoke,0.00013945142563898116,0.00013945142563898116,CT5__smoke,True
lag_08__T_shots_fired_sum,0.0001393684360664338,0.0001393684360664338,T_shots_fired_sum,False
lag_00__T3__X,-0.00013934333401266485,0.00013934333401266485,T3__X,False
lag_03__seconds_in_round,-0.0001392382982885465,0.0001392382982885465,seconds_in_round,False
lag_09__T_place_LONGA,-0.0001391698606312275,0.0001391698606312275,T_place_LONGA,False
lag_15__CT_duck_amount_mean,-0.0001389901153743267,0.0001389901153743267,CT_duck_amount_mean,False
lag_03__CT2__alive,0.0001389743702020496,0.0001389743702020496,CT2__alive,False
lag_02__CT3__X,0.00013896006566938013,0.00013896006566938013,CT3__X,False
lag_10__equip_diff,0.00013895711163058877,0.00013895711163058877,equip_diff,False
lag_05__CT_active_infernos,-0.00013872570707462728,0.00013872570707462728,CT_active_infernos,True
lag_08__CT4__Y,-0.0001387132506351918,0.0001387132506351918,CT4__Y,False
lag_02__CT1__X,-0.00013864293578080833,0.00013864293578080833,CT1__X,False
lag_11__CT_armor_sum,0.0001385263749398291,0.0001385263749398291,CT_armor_sum,False
lag_00__CT_place_BDOORS,-0.00013852090341970325,0.00013852090341970325,CT_place_BDOORS,False
lag_11__CT_utility_inv,0.00013842781481798738,0.00013842781481798738,CT_utility_inv,True
lag_05__CT2__smoke,0.00013831176329404116,0.00013831176329404116,CT2__smoke,True
lag_05__T_active_smokes,0.00013830570969730616,0.00013830570969730616,T_active_smokes,True
lag_12__equip_diff,0.00013822222535964102,0.00013822222535964102,equip_diff,False
lag_15__T_A_site_active_infernos,-0.00013813332770951092,0.00013813332770951092,T_A_site_active_infernos,True
lag_08__molly_inv_diff,0.00013798575673718005,0.00013798575673718005,molly_inv_diff,True
lag_04__CT_place_EXTENDEDA,0.0001378860615659505,0.0001378860615659505,CT_place_EXTENDEDA,False
lag_01__T5__Y,-0.00013786232739221305,0.00013786232739221305,T5__Y,False
lag_11__kill_diff_last_3s,0.00013769918587058783,0.00013769918587058783,kill_diff_last_3s,False
lag_12__CT5__has_helmet,0.00013769160432275385,0.00013769160432275385,CT5__has_helmet,False
lag_04__T5__utility_total,0.00013766867050435394,0.00013766867050435394,T5__utility_total,True
lag_06__T_molly_inv,-0.00013747657067142427,0.00013747657067142427,T_molly_inv,True
lag_11__CT3__has_helmet,0.0001373405393678695,0.0001373405393678695,CT3__has_helmet,False
lag_06__kill_diff_last_3s,0.00013730789942201227,0.00013730789942201227,kill_diff_last_3s,False
lag_04__CT_smoke_inv,0.00013728602789342403,0.00013728602789342403,CT_smoke_inv,True
lag_03__CT1__X,-0.00013712260988540947,0.00013712260988540947,CT1__X,False
lag_02__CT4__utility_total,0.00013709426275454462,0.00013709426275454462,CT4__utility_total,True
lag_06__CT4__smoke,0.00013706693425774574,0.00013706693425774574,CT4__smoke,True
lag_04__T4__is_walking,0.00013704084267374128,0.00013704084267374128,T4__is_walking,False
lag_04__seconds_in_round,-0.00013697442773263901,0.00013697442773263901,seconds_in_round,False
lag_08__CT5__utility_total,0.00013694512017536908,0.00013694512017536908,CT5__utility_total,True
lag_12__T5__X,0.00013692134234588593,0.00013692134234588593,T5__X,False
lag_05__CT_helmet_count,0.00013685747398994863,0.00013685747398994863,CT_helmet_count,False
lag_05__CT4__flash,0.00013679011317435652,0.00013679011317435652,CT4__flash,True
lag_02__T2__utility_total,0.00013678141112904996,0.00013678141112904996,T2__utility_total,True
lag_06__T1__hp,0.0001365837815683335,0.0001365837815683335,T1__hp,False
lag_04__T_closest_enemy_dist,-0.00013655796647071838,0.00013655796647071838,T_closest_enemy_dist,False
lag_07__T2__duck_amount,-0.00013649131869897246,0.00013649131869897246,T2__duck_amount,False
lag_10__T_duck_amount_mean,-0.000136490460135974,0.000136490460135974,T_duck_amount_mean,False
lag_12__CT4__Y,-0.00013644079444929957,0.00013644079444929957,CT4__Y,False
lag_09__CT1__molly,0.00013638910604640841,0.00013638910604640841,CT1__molly,True
lag_11__T1__alive,0.0001363659685011953,0.0001363659685011953,T1__alive,False
lag_08__CT2__molly,0.00013630508328787982,0.00013630508328787982,CT2__molly,True
lag_11__T5__X,0.00013621870311908424,0.00013621870311908424,T5__X,False
lag_02__T_closest_enemy_dist,-0.00013598833174910396,0.00013598833174910396,T_closest_enemy_dist,False
lag_01__CT_velocity_mean,-0.00013569340808317065,0.00013569340808317065,CT_velocity_mean,False
lag_02__CT2__smoke,0.00013568824215326458,0.00013568824215326458,CT2__smoke,True
lag_14__CT2__is_walking,-0.00013564784603659064,0.00013564784603659064,CT2__is_walking,False
lag_14__T_active_smokes,0.00013560346269514412,0.00013560346269514412,T_active_smokes,True
lag_12__CT_place_LONGA,-0.0001355326094198972,0.0001355326094198972,CT_place_LONGA,False
lag_07__T4__armor,-0.0001353591214865446,0.0001353591214865446,T4__armor,False
lag_12__T_velocity_mean,0.00013534119352698326,0.00013534119352698326,T_velocity_mean,False
lag_11__T_place_LOWERTUNNEL,0.00013529618445318192,0.00013529618445318192,T_place_LOWERTUNNEL,False
lag_15__CT1__flash,0.00013518401829060167,0.00013518401829060167,CT1__flash,True
lag_08__T_place_LONGDOORS,0.00013517045590560883,0.00013517045590560883,T_place_LONGDOORS,False
lag_02__T_place_LONGA,-0.00013501870853360742,0.00013501870853360742,T_place_LONGA,False
lag_07__T1__flash,0.00013489140837918967,0.00013489140837918967,T1__flash,True
lag_05__CT_start_balance_sum,0.00013481233327183872,0.00013481233327183872,CT_start_balance_sum,False
lag_09__molly_inv_diff,0.0001347942597931251,0.0001347942597931251,molly_inv_diff,True
lag_12__T3__molly,-0.0001347809738945216,0.0001347809738945216,T3__molly,True
lag_06__T4__utility_total,-0.00013465927622746676,0.00013465927622746676,T4__utility_total,True
lag_03__T5__utility_total,0.00013456915621645749,0.00013456915621645749,T5__utility_total,True
lag_03__T2__molly,-0.00013451602717395872,0.00013451602717395872,T2__molly,True
lag_08__CT_utility_inv,0.0001345003256574273,0.0001345003256574273,CT_utility_inv,True
lag_09__T_spread_xy,-0.00013444448995869607,0.00013444448995869607,T_spread_xy,False
lag_01__CT3__smoke,0.00013443492935039103,0.00013443492935039103,CT3__smoke,True
lag_11__CT1__molly,0.00013435908476822078,0.00013435908476822078,CT1__molly,True
lag_01__T4__smoke,0.0001341057795798406,0.0001341057795798406,T4__smoke,True
lag_13__CT_active_smokes,-0.00013407714141067117,0.00013407714141067117,CT_active_smokes,True
lag_10__CT4__Y,-0.00013404559285845608,0.00013404559285845608,CT4__Y,False
lag_15__CT1__X,-0.0001339910813840106,0.0001339910813840106,CT1__X,False
lag_08__CT5__has_helmet,0.0001339541340712458,0.0001339541340712458,CT5__has_helmet,False
lag_07__T3__armor,-0.0001339360314887017,0.0001339360314887017,T3__armor,False
lag_14__T_flashed_players,0.00013385724741965532,0.00013385724741965532,T_flashed_players,False
lag_13__CT5__has_helmet,0.00013384432531893253,0.00013384432531893253,CT5__has_helmet,False
lag_10__T1__alive,0.00013381389726419002,0.00013381389726419002,T1__alive,False
lag_01__CT1__X,-0.0001337897265329957,0.0001337897265329957,CT1__X,False
lag_11__CT4__utility_total,0.00013374506670515984,0.00013374506670515984,CT4__utility_total,True
lag_06__CT3__hp,-0.00013366418716032058,0.00013366418716032058,CT3__hp,False
lag_13__T4__is_walking,0.00013363435573410243,0.00013363435573410243,T4__is_walking,False
lag_00__T_place_LONGA,-0.00013355450937524438,0.00013355450937524438,T_place_LONGA,False
lag_12__CT3__has_helmet,0.0001335332781309262,0.0001335332781309262,CT3__has_helmet,False
lag_06__CT4__has_defuser,0.00013351833331398666,0.00013351833331398666,CT4__has_defuser,False
lag_06__T_place_EXTENDEDA,0.00013342307647690177,0.00013342307647690177,T_place_EXTENDEDA,False
lag_14__bomb_planted,-0.00013341962767299265,0.00013341962767299265,bomb_planted,False
lag_07__T5__armor,-0.00013328729255590588,0.00013328729255590588,T5__armor,False
lag_02__T5__Y,-0.00013322950690053403,0.00013322950690053403,T5__Y,False
lag_03__CT5__smoke,0.0001331530074821785,0.0001331530074821785,CT5__smoke,True
lag_14__CT_place_UNDERA,0.0001331077073700726,0.0001331077073700726,CT_place_UNDERA,False
lag_09__T_place_TSPAWN,0.00013310172653291374,0.00013310172653291374,T_place_TSPAWN,False
lag_12__CT_macro_MID,0.00013304308231454343,0.00013304308231454343,CT_macro_MID,False
lag_14__T4__armor,-0.00013296931865625083,0.00013296931865625083,T4__armor,False
lag_05__T_cash_spent_round_sum,-0.00013291495270095766,0.00013291495270095766,T_cash_spent_round_sum,False
lag_04__CT_molly_inv,0.000132746048620902,0.000132746048620902,CT_molly_inv,True
lag_10__bomb_planted,-0.00013264072185847908,0.00013264072185847908,bomb_planted,False
lag_15__T_place_OUTSIDELONG,0.00013245633454062045,0.00013245633454062045,T_place_OUTSIDELONG,False
lag_07__CT_place_BOMBSITEA,-0.000132447385112755,0.000132447385112755,CT_place_BOMBSITEA,False
lag_07__CT_macro_A,-0.000132447385112755,0.000132447385112755,CT_macro_A,False
lag_12__CT_molly_inv,0.00013243827561382204,0.00013243827561382204,CT_molly_inv,True
lag_05__T3__hp,-0.000132355562527664,0.000132355562527664,T3__hp,False
lag_06__T1__molly,0.00013235534424893558,0.00013235534424893558,T1__molly,True
lag_05__CT_place_HOLE,0.0001322615280514583,0.0001322615280514583,CT_place_HOLE,False
lag_00__CT5__X,0.00013224907161202282,0.00013224907161202282,CT5__X,False
lag_05__CT1__X,-0.0001322078751400113,0.0001322078751400113,CT1__X,False
lag_06__CT_place_HOLE,0.0001321995659964159,0.0001321995659964159,CT_place_HOLE,False
lag_06__T_place_ARAMP,-0.00013211354962550104,0.00013211354962550104,T_place_ARAMP,False
lag_01__molly_inv_diff,0.00013206400035414845,0.00013206400035414845,molly_inv_diff,True
lag_05__CT3__utility_total,-0.00013176933862268925,0.00013176933862268925,CT3__utility_total,True
lag_01__CT1__armor,0.00013167130236979574,0.00013167130236979574,CT1__armor,False
lag_07__T4__has_helmet,-0.00013159097579773515,0.00013159097579773515,T4__has_helmet,False
lag_14__T3__armor,-0.00013157141802366823,0.00013157141802366823,T3__armor,False
lag_04__T_active_smokes,0.00013144718832336366,0.00013144718832336366,T_active_smokes,True
lag_07__round_num,0.00013142194075044245,0.00013142194075044245,round_num,False
lag_12__CT2__molly,0.00013127316196914762,0.00013127316196914762,CT2__molly,True
lag_07__CT_place_HOLE,0.00013127108104526997,0.00013127108104526997,CT_place_HOLE,False
lag_08__T_unique_places,-0.0001310418447246775,0.0001310418447246775,T_unique_places,False
lag_10__CT5__has_helmet,0.0001310008519794792,0.0001310008519794792,CT5__has_helmet,False
lag_14__T5__armor,-0.00013093417510390282,0.00013093417510390282,T5__armor,False
lag_06__smoke_inv_diff,0.00013092481822241098,0.00013092481822241098,smoke_inv_diff,True
lag_03__T4__armor,-0.0001308333594352007,0.0001308333594352007,T4__armor,False
lag_05__T_place_OUTSIDETUNNEL,-0.0001307818019995466,0.0001307818019995466,T_place_OUTSIDETUNNEL,False
lag_07__T5__has_helmet,-0.00013076378672849387,0.00013076378672849387,T5__has_helmet,False
lag_04__T4__armor,-0.00013067263353150338,0.00013067263353150338,T4__armor,False
lag_13__CT3__is_walking,-0.00013045854575466365,0.00013045854575466365,CT3__is_walking,False
lag_11__CT2__shots_fired,-0.0001304308243561536,0.0001304308243561536,CT2__shots_fired,False
lag_07__T3__has_helmet,-0.00013008651148993522,0.00013008651148993522,T3__has_helmet,False
lag_04__T5__Y,-0.00013007533561903983,0.00013007533561903983,T5__Y,False
lag_12__CT4__utility_total,0.00013003738422412425,0.00013003738422412425,CT4__utility_total,True
lag_15__CT5__has_helmet,0.00012995280849281698,0.00012995280849281698,CT5__has_helmet,False
lag_08__CT3__has_helmet,0.00012990855611860752,0.00012990855611860752,CT3__has_helmet,False
lag_05__CT_money_sum,0.00012983143096789718,0.00012983143096789718,CT_money_sum,False
lag_13__CT3__has_helmet,0.00012980216706637293,0.00012980216706637293,CT3__has_helmet,False
lag_12__CT5__flash_duration,0.00012967533257324249,0.00012967533257324249,CT5__flash_duration,True
lag_05__CT5__has_defuser,0.00012965971836820245,0.00012965971836820245,CT5__has_defuser,False
lag_04__CT_flashed_players,0.0001295949041377753,0.0001295949041377753,CT_flashed_players,False
lag_03__T3__armor,-0.00012945785420015454,0.00012945785420015454,T3__armor,False
lag_04__CT_B_site_active_infernos,-0.00012939378211740404,0.00012939378211740404,CT_B_site_active_infernos,True
lag_04__T3__armor,-0.00012929862714372575,0.00012929862714372575,T3__armor,False
lag_14__T4__has_helmet,-0.0001292677188757807,0.0001292677188757807,T4__has_helmet,False
lag_06__CT_macro_MID,0.00012918990978505462,0.00012918990978505462,CT_macro_MID,False
lag_14__round_num,0.0001291018124902621,0.0001291018124902621,round_num,False
lag_12__bomb_planted,-0.00012893862731289119,0.00012893862731289119,bomb_planted,False
lag_14__CT5__alive,0.00012891947699245065,0.00012891947699245065,CT5__alive,False
lag_05__T5__hp,-0.0001289132924284786,0.0001289132924284786,T5__hp,False
lag_15__CT4__Y,-0.00012889142089989036,0.00012889142089989036,CT4__Y,False
lag_13__CT_armor_sum,0.0001288874918827787,0.0001288874918827787,CT_armor_sum,False
lag_07__CT_scoped_count,0.00012885982869192958,0.00012885982869192958,CT_scoped_count,False
lag_06__CT_active_infernos,0.0001288407074753195,0.0001288407074753195,CT_active_infernos,True
lag_03__T5__armor,-0.00012883072486147285,0.00012883072486147285,T5__armor,False
lag_14__T_place_MIDDLE,-0.00012881010479759425,0.00012881010479759425,T_place_MIDDLE,False
lag_08__T1__utility_total,0.000128787913126871,0.000128787913126871,T1__utility_total,True
lag_13__CT4__Y,-0.00012875779066234827,0.00012875779066234827,CT4__Y,False
lag_06__T4__flash,-0.00012872614024672657,0.00012872614024672657,T4__flash,True
lag_14__CT5__is_walking,-0.00012872244406025857,0.00012872244406025857,CT5__is_walking,False
lag_04__T5__armor,-0.00012867247278336436,0.00012867247278336436,T5__armor,False
lag_10__CT2__shots_fired,-0.00012855786189902574,0.00012855786189902574,CT2__shots_fired,False
lag_02__molly_inv_diff,0.0001285415783058852,0.0001285415783058852,molly_inv_diff,True
lag_14__T5__has_helmet,-0.0001284551399294287,0.0001284551399294287,T5__has_helmet,False
lag_13__CT_molly_inv,0.00012842411524616182,0.00012842411524616182,CT_molly_inv,True
lag_14__T1__smoke,-0.0001282494777115062,0.0001282494777115062,T1__smoke,True
lag_05__T4__hp,-0.0001281402655877173,0.0001281402655877173,T4__hp,False
lag_07__T_round_start_equip_sum,0.00012812951172236353,0.00012812951172236353,T_round_start_equip_sum,False
lag_08__CT2__shots_fired,-0.0001280617289012298,0.0001280617289012298,CT2__shots_fired,False
lag_05__CT1__has_defuser,0.00012802673154510558,0.00012802673154510558,CT1__has_defuser,False
lag_09__CT_helmet_count,0.00012802502897102386,0.00012802502897102386,CT_helmet_count,False
lag_11__T_place_UPPERTUNNEL,-0.000128014333313331,0.000128014333313331,T_place_UPPERTUNNEL,False
lag_04__CT2__alive,0.00012795289512723684,0.00012795289512723684,CT2__alive,False
lag_11__T_unique_places,-0.000127893770695664,0.000127893770695664,T_unique_places,False
lag_14__T2__molly,-0.0001278254931094125,0.0001278254931094125,T2__molly,True
lag_02__CT_utility_inv,0.00012781302211806178,0.00012781302211806178,CT_utility_inv,True
lag_03__T5__Y,-0.00012780043471138924,0.00012780043471138924,T5__Y,False
lag_14__T3__has_helmet,-0.00012778985546901822,0.00012778985546901822,T3__has_helmet,False
lag_07__utility_inv_diff,0.0001276255788980052,0.0001276255788980052,utility_inv_diff,True
lag_10__CT_place_MIDDOORS,0.00012755942589137703,0.00012755942589137703,CT_place_MIDDOORS,False
lag_09__T1__hp,0.00012754830822814256,0.00012754830822814256,T1__hp,False
lag_08__equip_diff,0.00012747499567922205,0.00012747499567922205,equip_diff,False
lag_03__T5__duck_amount,-0.00012729805894196033,0.00012729805894196033,T5__duck_amount,False
lag_11__CT5__duck_amount,0.0001272469526156783,0.0001272469526156783,CT5__duck_amount,False
lag_07__equip_diff,0.00012720063386950642,0.00012720063386950642,equip_diff,False
lag_03__T4__has_helmet,-0.00012719117512460798,0.00012719117512460798,T4__has_helmet,False
lag_10__CT3__has_helmet,0.00012704455002676696,0.00012704455002676696,CT3__has_helmet,False
lag_04__T4__has_helmet,-0.00012703485845122486,0.00012703485845122486,T4__has_helmet,False
lag_03__round_num,0.00012702777166850865,0.00012702777166850865,round_num,False
lag_06__T_burning_players,-0.0001269631611648947,0.0001269631611648947,T_burning_players,False
lag_04__round_num,0.00012687178968917578,0.00012687178968917578,round_num,False
lag_04__CT5__is_scoped,0.0001268579508177936,0.0001268579508177936,CT5__is_scoped,False
lag_08__CT4__utility_total,0.0001265076280105859,0.0001265076280105859,CT4__utility_total,True
lag_13__CT4__utility_total,0.0001264040038222447,0.0001264040038222447,CT4__utility_total,True
lag_03__T5__has_helmet,-0.000126391532830894,0.000126391532830894,T5__has_helmet,False
lag_05__T2__smoke,0.000126317871036008,0.000126317871036008,T2__smoke,True
lag_01__CT_shots_fired_sum,-0.00012630890705622733,0.00012630890705622733,CT_shots_fired_sum,False
lag_09__CT1__smoke,0.00012629077536985278,0.00012629077536985278,CT1__smoke,True
lag_14__T_unique_places,-0.0001262742152903229,0.0001262742152903229,T_unique_places,False
lag_04__T5__has_helmet,-0.0001262364094145596,0.0001262364094145596,T5__has_helmet,False
lag_02__CT_place_HOLE,0.00012618840264622122,0.00012618840264622122,CT_place_HOLE,False
lag_15__CT3__has_helmet,0.00012602815695572644,0.00012602815695572644,CT3__has_helmet,False
lag_05__CT_place_BDOORS,-0.00012596249871421605,0.00012596249871421605,CT_place_BDOORS,False
lag_14__CT_kills_last_3s,0.0001258501724805683,0.0001258501724805683,CT_kills_last_3s,False
lag_07__CT4__flash,0.0001258429983863607,0.0001258429983863607,CT4__flash,True
lag_03__T3__has_helmet,-0.00012573694402817637,0.00012573694402817637,T3__has_helmet,False
lag_05__CT4__smoke,0.00012573051208164543,0.00012573051208164543,CT4__smoke,True
lag_03__CT_money_sum,0.0001257224939763546,0.0001257224939763546,CT_money_sum,False
lag_13__damage_diff_last_5s,0.00012563708878587931,0.00012563708878587931,damage_diff_last_5s,False
lag_05__CT_place_LONGA,0.0001256241521332413,0.0001256241521332413,CT_place_LONGA,False
lag_04__CT_active_smokes,0.0001255883544217795,0.0001255883544217795,CT_active_smokes,True
lag_04__T3__has_helmet,-0.00012558248999994248,0.00012558248999994248,T3__has_helmet,False
lag_03__CT_B_site_active_smokes,0.00012551381951197982,0.00012551381951197982,CT_B_site_active_smokes,True
lag_09__CT5__utility_total,0.00012543256161734462,0.00012543256161734462,CT5__utility_total,True
lag_09__T_place_ARAMP,-0.0001253861846635118,0.0001253861846635118,T_place_ARAMP,False
lag_15__T_unique_places,-0.0001253751543117687,0.0001253751543117687,T_unique_places,False
lag_07__CT3__utility_total,-0.00012525959755294025,0.00012525959755294025,CT3__utility_total,True
lag_03__CT_start_balance_sum,0.0001252520305570215,0.0001252520305570215,CT_start_balance_sum,False
lag_04__utility_inv_diff,0.00012524431804195046,0.00012524431804195046,utility_inv_diff,True
lag_00__CT5__duck_amount,-0.00012517470167949796,0.00012517470167949796,CT5__duck_amount,False
lag_02__CT5__X,0.00012513315596152097,0.00012513315596152097,CT5__X,False
lag_12__T2__molly,-0.00012506199709605426,0.00012506199709605426,T2__molly,True
lag_13__T5__X,0.00012506070197559893,0.00012506070197559893,T5__X,False
lag_08__T1__hp,0.00012504353071562946,0.00012504353071562946,T1__hp,False
lag_14__CT3__smoke,0.00012497525312937796,0.00012497525312937796,CT3__smoke,True
lag_10__T_burning_players,-0.0001249345950782299,0.0001249345950782299,T_burning_players,False
lag_15__CT2__armor,0.00012490768858697265,0.00012490768858697265,CT2__armor,False
lag_09__CT2__flash,0.00012481000158004463,0.00012481000158004463,CT2__flash,True
lag_10__CT1__molly,0.00012476614210754633,0.00012476614210754633,CT1__molly,True
lag_10__active_smokes_total,-0.00012472584785427898,0.00012472584785427898,active_smokes_total,True
lag_13__CT1__utility_total,0.00012471720401663333,0.00012471720401663333,CT1__utility_total,True
lag_14__T_round_start_equip_sum,0.00012445333413779736,0.00012445333413779736,T_round_start_equip_sum,False
lag_09__CT4__duck_amount,0.0001242860744241625,0.0001242860744241625,CT4__duck_amount,False
lag_09__T_scoped_count,-0.00012425659224390984,0.00012425659224390984,T_scoped_count,False
lag_10__CT_flashed_players,0.00012424905435182154,0.00012424905435182154,CT_flashed_players,False
lag_07__T2__molly,-0.00012422070722095668,0.00012422070722095668,T2__molly,True
lag_13__T_place_TUNNELSTAIRS,0.0001240821584360674,0.0001240821584360674,T_place_TUNNELSTAIRS,False
lag_15__CT_B_site_active_infernos,0.0001240267010871321,0.0001240267010871321,CT_B_site_active_infernos,True
lag_01__CT5__X,0.00012400395644363016,0.00012400395644363016,CT5__X,False
lag_07__CT_start_balance_sum,0.00012392272765282542,0.00012392272765282542,CT_start_balance_sum,False
lag_08__CT_helmet_count,0.00012392029748298228,0.00012392029748298228,CT_helmet_count,False
lag_00__T_active_smokes,0.0001238966651726514,0.0001238966651726514,T_active_smokes,True
lag_03__CT_macro_OTHER,0.00012387220340315253,0.00012387220340315253,CT_macro_OTHER,False
lag_14__T_velocity_mean,0.00012383553257677704,0.00012383553257677704,T_velocity_mean,False
lag_01__T_cash_spent_round_sum,-0.00012379640247672796,0.00012379640247672796,T_cash_spent_round_sum,False
lag_10__CT4__utility_total,0.00012371872435323894,0.00012371872435323894,CT4__utility_total,True
lag_14__CT4__flash,0.00012362143024802208,0.00012362143024802208,CT4__flash,True
lag_03__CT_smoke_inv,0.0001235255185747519,0.0001235255185747519,CT_smoke_inv,True
lag_10__CT5__utility_total,0.00012350614997558296,0.00012350614997558296,CT5__utility_total,True
lag_04__T5__is_walking,0.00012345811410341412,0.00012345811410341412,T5__is_walking,False
lag_09__CT_equip_value_sum,0.00012343612615950406,0.00012343612615950406,CT_equip_value_sum,False
lag_04__CT5__smoke,0.00012339519162196666,0.00012339519162196666,CT5__smoke,True
lag_07__T1__hp,0.00012332468759268522,0.00012332468759268522,T1__hp,False
lag_07__T_burning_players,-0.00012303046241868287,0.00012303046241868287,T_burning_players,False
lag_02__T4__armor,-0.0001228688342962414,0.0001228688342962414,T4__armor,False
lag_07__centroid_distance_xy,-0.0001228428300237283,0.0001228428300237283,centroid_distance_xy,False
lag_10__CT_helmet_count,0.00012280530063435435,0.00012280530063435435,CT_helmet_count,False
lag_07__T_place_ARAMP,-0.0001228048640768975,0.0001228048640768975,T_place_ARAMP,False
lag_12__CT_flashed_players,0.00012279750080779195,0.00012279750080779195,CT_flashed_players,False
lag_11__utility_inv_diff,0.00012278507347218692,0.00012278507347218692,utility_inv_diff,True
lag_15__CT4__utility_total,0.00012272877211216837,0.00012272877211216837,CT4__utility_total,True
lag_06__CT1__X,-0.00012271189189050347,0.00012271189189050347,CT1__X,False
lag_04__CT_money_sum,0.00012266293924767524,0.00012266293924767524,CT_money_sum,False
lag_05__CT3__hp,-0.00012260924268048257,0.00012260924268048257,CT3__hp,False
lag_00__T3__utility_total,0.00012250900908838958,0.00012250900908838958,T3__utility_total,True
lag_02__T1__smoke,-0.00012248904386069626,0.00012248904386069626,T1__smoke,True
lag_05__CT4__has_defuser,0.00012247555423527956,0.00012247555423527956,CT4__has_defuser,False
lag_15__T5__utility_total,0.00012235033500473946,0.00012235033500473946,T5__utility_total,True
lag_06__CT2__duck_amount,-0.00012234637688379735,0.00012234637688379735,CT2__duck_amount,False
lag_03__T_round_start_equip_sum,0.0001221212005475536,0.0001221212005475536,T_round_start_equip_sum,False
lag_07__CT_money_sum,0.00012211095599923283,0.00012211095599923283,CT_money_sum,False
lag_06__CT3__duck_amount,0.00012198103650007397,0.00012198103650007397,CT3__duck_amount,False
lag_08__kill_diff_last_3s,0.00012188583787065,0.00012188583787065,kill_diff_last_3s,False
lag_14__CT1__X,-0.00012186187086626887,0.00012186187086626887,CT1__X,False
lag_12__T3__flash,-0.00012183650687802583,0.00012183650687802583,T3__flash,True
lag_04__CT2__smoke,0.00012177753524156287,0.00012177753524156287,CT2__smoke,True
lag_07__T3__hp,-0.00012176349991932511,0.00012176349991932511,T3__hp,False
lag_02__CT_start_balance_sum,0.00012175304436823353,0.00012175304436823353,CT_start_balance_sum,False
lag_04__spread_diff,0.00012171496928203851,0.00012171496928203851,spread_diff,False
lag_03__CT4__flash,0.00012163549399701878,0.00012163549399701878,CT4__flash,True
lag_02__T3__armor,-0.00012157706078141928,0.00012157706078141928,T3__armor,False
lag_15__T3__molly,-0.00012156033335486427,0.00012156033335486427,T3__molly,True
lag_04__CT4__flash,0.0001214861695189029,0.0001214861695189029,CT4__flash,True
lag_03__CT_active_smokes,0.000121422614029143,0.000121422614029143,CT_active_smokes,True
lag_05__T1__molly,0.0001214085568790324,0.0001214085568790324,T1__molly,True
lag_09__CT2__shots_fired,-0.0001213779833051376,0.0001213779833051376,CT2__shots_fired,False
lag_07__T4__smoke,0.0001212837451021187,0.0001212837451021187,T4__smoke,True
lag_09__equip_diff,0.0001212714851135388,0.0001212714851135388,equip_diff,False
lag_02__T5__armor,-0.00012098813022021204,0.00012098813022021204,T5__armor,False
lag_09__T_cash_spent_round_sum,-0.00012097052967874333,0.00012097052967874333,T_cash_spent_round_sum,False
lag_11__CT5__X,0.00012093298573745415,0.00012093298573745415,CT5__X,False
lag_15__utility_inv_diff,0.0001209153124364093,0.0001209153124364093,utility_inv_diff,True
lag_02__CT2__armor,0.00012089088704669848,0.00012089088704669848,CT2__armor,False
lag_01__CT3__molly,0.00012085966591257602,0.00012085966591257602,CT3__molly,True
lag_03__CT5__X,0.00012075842096237466,0.00012075842096237466,CT5__X,False
lag_02__CT_money_sum,0.00012071015953551978,0.00012071015953551978,CT_money_sum,False
lag_10__CT_equip_value_sum,0.00012061990128131583,0.00012061990128131583,CT_equip_value_sum,False
lag_13__molly_inv_diff,0.0001205214430228807,0.0001205214430228807,molly_inv_diff,True
lag_07__T_velocity_mean,0.0001203161955345422,0.0001203161955345422,T_velocity_mean,False
lag_04__CT_start_balance_sum,0.00012028119817841798,0.00012028119817841798,CT_start_balance_sum,False
lag_07__T4__is_walking,-0.00012027231423417106,0.00012027231423417106,T4__is_walking,False
lag_10__CT5__X,0.00012025511387037113,0.00012025511387037113,CT5__X,False
lag_06__CT2__has_defuser,-0.00012014600360998884,0.00012014600360998884,CT2__has_defuser,False
lag_10__T_place_LONGDOORS,0.00012004949530819431,0.00012004949530819431,T_place_LONGDOORS,False
lag_14__damage_diff_last_5s,0.00012004898599116132,0.00012004898599116132,damage_diff_last_5s,False
lag_14__CT_hp_sum,0.00012003871233901009,0.00012003871233901009,CT_hp_sum,False
lag_12__CT1__duck_amount,0.00011997283581877127,0.00011997283581877127,CT1__duck_amount,False
lag_09__CT5__X,0.00011995734530501068,0.00011995734530501068,CT5__X,False
lag_11__T4__armor,-0.0001198671234305948,0.0001198671234305948,T4__armor,False
lag_04__T_round_start_equip_sum,0.00011973494110861793,0.00011973494110861793,T_round_start_equip_sum,False
lag_14__T3__hp,-0.00011961387644987553,0.00011961387644987553,T3__hp,False
lag_07__T5__Y,-0.00011955947411479428,0.00011955947411479428,T5__Y,False
lag_13__active_infernos_total,0.00011953031207667664,0.00011953031207667664,active_infernos_total,True
lag_02__T4__has_helmet,-0.0001194483193103224,0.0001194483193103224,T4__has_helmet,False
lag_02__round_num,0.0001192949857795611,0.0001192949857795611,round_num,False
lag_07__CT5__has_defuser,0.00011928341700695455,0.00011928341700695455,CT5__has_defuser,False
lag_13__CT2__has_defuser,-0.00011921487748622894,0.00011921487748622894,CT2__has_defuser,False
lag_07__CT2__has_defuser,-0.00011920903489226475,0.00011920903489226475,CT2__has_defuser,False
lag_02__CT2__utility_total,0.00011906711006304249,0.00011906711006304249,CT2__utility_total,True
lag_03__CT2__hp,0.0001190107868751511,0.0001190107868751511,CT2__hp,False
lag_07__seconds_in_round,-0.00011887850268976763,0.00011887850268976763,seconds_in_round,False
lag_02__T5__has_helmet,-0.00011869762238347903,0.00011869762238347903,T5__has_helmet,False
lag_03__CT3__is_scoped,-0.00011866880231536925,0.00011866880231536925,CT3__is_scoped,False
lag_03__T2__hp,0.00011860720405820757,0.00011860720405820757,T2__hp,False
lag_11__T3__armor,-0.00011860697122756392,0.00011860697122756392,T3__armor,False
lag_07__T5__hp,-0.00011859666119562462,0.00011859666119562462,T5__hp,False
lag_05__T5__Y,-0.00011858285870403051,0.00011858285870403051,T5__Y,False
lag_03__T_place_EXTENDEDA,-0.00011855303455376998,0.00011855303455376998,T_place_EXTENDEDA,False
lag_09__CT_place_UNDERA,-0.00011846752022393048,0.00011846752022393048,CT_place_UNDERA,False
lag_12__CT_place_CTSPAWN,0.00011840224033221602,0.00011840224033221602,CT_place_CTSPAWN,False
lag_02__T3__has_helmet,-0.00011808274575741962,0.00011808274575741962,T3__has_helmet,False
lag_05__T4__flash,-0.00011807962437160313,0.00011807962437160313,T4__flash,True
lag_12__CT5__X,0.00011807659029727802,0.00011807659029727802,CT5__X,False
lag_06__CT3__armor,-0.0001180419058073312,0.0001180419058073312,CT3__armor,False
lag_11__T5__armor,-0.00011803249071817845,0.00011803249071817845,T5__armor,False
lag_08__T5__flash,0.00011802130029536784,0.00011802130029536784,T5__flash,True
lag_02__active_infernos_total,0.00011800319771282375,0.00011800319771282375,active_infernos_total,True
lag_05__CT2__utility_total,0.00011797996558016166,0.00011797996558016166,CT2__utility_total,True
lag_10__T4__smoke,0.000117957875772845,0.000117957875772845,T4__smoke,True
lag_00__CT1__X,-0.00011789635755121708,0.00011789635755121708,CT1__X,False
lag_07__T4__hp,-0.00011788564006565139,0.00011788564006565139,T4__hp,False
lag_01__T2__has_helmet,0.00011785040987888351,0.00011785040987888351,T2__has_helmet,False
lag_07__CT1__has_defuser,0.00011778122279793024,0.00011778122279793024,CT1__has_defuser,False
lag_04__T2__molly,-0.00011777992767747492,0.00011777992767747492,T2__molly,True
lag_03__T3__hp,-0.00011769217962864786,0.00011769217962864786,T3__hp,False
lag_10__CT_macro_MID,0.0001176903024315834,0.0001176903024315834,CT_macro_MID,False
lag_00__T1__alive,0.0001176395671791397,0.0001176395671791397,T1__alive,False
lag_04__T3__hp,-0.00011754769366234541,0.00011754769366234541,T3__hp,False
lag_13__T_active_infernos,0.00011754505976568907,0.00011754505976568907,T_active_infernos,True
lag_11__T_walking_count,0.00011737324530258775,0.00011737324530258775,T_walking_count,False
lag_06__T4__flash_duration,0.00011721463670255616,0.00011721463670255616,T4__flash_duration,True
lag_14__CT5__has_defuser,0.00011717760935425758,0.00011717760935425758,CT5__has_defuser,False
lag_15__equip_diff,0.00011709838145179674,0.00011709838145179674,equip_diff,False
lag_04__CT_cash_spent_round_sum,0.00011708234524121508,0.00011708234524121508,CT_cash_spent_round_sum,False
lag_08__CT5__X,0.00011695704597514123,0.00011695704597514123,CT5__X,False
lag_13__CT1__smoke,0.00011655929847620428,0.00011655929847620428,CT1__smoke,True
lag_12__T4__armor,-0.00011654431000351906,0.00011654431000351906,T4__armor,False
lag_11__T4__has_helmet,-0.00011653021647362038,0.00011653021647362038,T4__has_helmet,False
lag_14__T5__hp,-0.00011650295346044004,0.00011650295346044004,T5__hp,False
lag_10__T1__duck_amount,0.0001163983324659057,0.0001163983324659057,T1__duck_amount,False
lag_11__round_num,0.00011638062278507277,0.00011638062278507277,round_num,False
lag_05__CT_B_site_active_smokes,0.0001163732013083063,0.0001163732013083063,CT_B_site_active_smokes,True
lag_06__T_smoke_inv,-0.00011627130152191967,0.00011627130152191967,T_smoke_inv,True
lag_14__CT_macro_A,-0.00011616906704148278,0.00011616906704148278,CT_macro_A,False
lag_14__CT_place_BOMBSITEA,-0.00011616906704148278,0.00011616906704148278,CT_place_BOMBSITEA,False
lag_04__CT5__X,0.00011609042121563107,0.00011609042121563107,CT5__X,False
lag_06__CT_place_MIDDOORS,0.0001160863321274519,0.0001160863321274519,CT_place_MIDDOORS,False
lag_09__CT5__has_helmet,0.00011602207814576104,0.00011602207814576104,CT5__has_helmet,False
lag_02__T_round_start_equip_sum,0.00011599172285059467,0.00011599172285059467,T_round_start_equip_sum,False
lag_14__utility_inv_diff,0.0001159691164502874,0.0001159691164502874,utility_inv_diff,True
lag_15__CT3__molly,0.0001159331004600972,0.0001159331004600972,CT3__molly,True
lag_05__CT_macro_A,-0.00011591816291911528,0.00011591816291911528,CT_macro_A,False
lag_05__CT_place_BOMBSITEA,-0.00011591816291911528,0.00011591816291911528,CT_place_BOMBSITEA,False
lag_11__equip_diff,0.00011588622146518901,0.00011588622146518901,equip_diff,False
lag_14__CT_macro_MID,-0.00011588232882786542,0.00011588232882786542,CT_macro_MID,False
lag_06__CT_spread_xy,0.00011582308070501313,0.00011582308070501313,CT_spread_xy,False
lag_14__T4__hp,-0.00011580446880543604,0.00011580446880543604,T4__hp,False
lag_11__T5__has_helmet,-0.00011579776764847338,0.00011579776764847338,T5__has_helmet,False
lag_00__T1__hp,0.00011577836266951635,0.00011577836266951635,T1__hp,False
lag_12__T2__utility_total,0.00011576435645110905,0.00011576435645110905,T2__utility_total,True
lag_14__T5__duck_amount,0.0001157542719738558,0.0001157542719738558,T5__duck_amount,False
lag_07__CT_smoke_inv,0.00011575370444916189,0.00011575370444916189,CT_smoke_inv,True
lag_10__CT5__flash_duration,0.0001157344740931876,0.0001157344740931876,CT5__flash_duration,True
lag_14__CT1__has_defuser,0.00011570175411179662,0.00011570175411179662,CT1__has_defuser,False
lag_07__CT4__smoke,0.00011566867760848254,0.00011566867760848254,CT4__smoke,True
lag_12__CT5__utility_total,0.00011558198457350954,0.00011558198457350954,CT5__utility_total,True
lag_00__CT_round_start_equip_sum,0.00011547929170774296,0.00011547929170774296,CT_round_start_equip_sum,False
lag_12__CT_helmet_count,0.00011535000521689653,0.00011535000521689653,CT_helmet_count,False
lag_12__T3__armor,-0.00011531899508554488,0.00011531899508554488,T3__armor,False
lag_03__CT5__has_defuser,0.00011529519542818889,0.00011529519542818889,CT5__has_defuser,False
lag_11__T3__has_helmet,-0.00011519802501425147,0.00011519802501425147,T3__has_helmet,False
lag_04__CT5__has_defuser,0.00011515356891322881,0.00011515356891322881,CT5__has_defuser,False
lag_10__CT_unique_places,0.00011513113713590428,0.00011513113713590428,CT_unique_places,False
lag_08__T5__duck_amount,-0.00011511352931847796,0.00011511352931847796,T5__duck_amount,False
lag_11__T_place_EXTENDEDA,0.00011490406905068085,0.00011490406905068085,T_place_EXTENDEDA,False
lag_02__CT2__is_walking,0.00011477901716716588,0.00011477901716716588,CT2__is_walking,False
lag_12__T5__armor,-0.00011476041254354641,0.00011476041254354641,T5__armor,False
lag_12__CT1__X,-0.00011466331488918513,0.00011466331488918513,CT1__X,False
lag_03__T5__hp,-0.0001146313370554708,0.0001146313370554708,T5__hp,False
lag_14__T5__utility_total,0.00011455410276539624,0.00011455410276539624,T5__utility_total,True
lag_04__T5__hp,-0.0001144905254477635,0.0001144905254477635,T5__hp,False
lag_04__T_hp_sum,-0.00011441876267781481,0.00011441876267781481,T_hp_sum,False
lag_13__T1__duck_amount,-0.00011436786007834598,0.00011436786007834598,T1__duck_amount,False
lag_13__CT1__X,-0.00011433100735303015,0.00011433100735303015,CT1__X,False
lag_13__CT5__X,0.00011430776066845283,0.00011430776066845283,CT5__X,False
lag_02__CT4__flash,0.00011423096293583512,0.00011423096293583512,CT4__flash,True
lag_03__T_B_site_active_smokes,0.00011420804366935045,0.00011420804366935045,T_B_site_active_smokes,True
lag_13__CT_flash_duration_sum,0.00011417654604883865,0.00011417654604883865,CT_flash_duration_sum,True
lag_02__CT5__flash,0.00011411030573071912,0.00011411030573071912,CT5__flash,True
lag_11__damage_diff_last_5s,-0.00011405215627746657,0.00011405215627746657,damage_diff_last_5s,False
lag_06__T_A_site_active_smokes,0.00011395772162359208,0.00011395772162359208,T_A_site_active_smokes,True
lag_01__bomb_planted,-0.00011394628381822258,0.00011394628381822258,bomb_planted,False
lag_03__T4__hp,-0.0001139440864790231,0.0001139440864790231,T4__hp,False
lag_00__CT5__flash_duration,-0.00011386051482986659,0.00011386051482986659,CT5__flash_duration,True
lag_03__CT1__has_defuser,0.00011384305980755016,0.00011384305980755016,CT1__has_defuser,False
lag_04__T4__hp,-0.00011380414798622951,0.00011380414798622951,T4__hp,False
lag_04__CT1__has_defuser,0.00011370331048965454,0.00011370331048965454,CT1__has_defuser,False
lag_06__CT_kills_last_3s,-0.00011366719991201535,0.00011366719991201535,CT_kills_last_3s,False
lag_12__T_place_LOWERTUNNEL,-0.00011366479884600267,0.00011366479884600267,T_place_LOWERTUNNEL,False
lag_10__CT_place_BOMBSITEA,-0.00011365013779141009,0.00011365013779141009,CT_place_BOMBSITEA,False
lag_10__CT_macro_A,-0.00011365013779141009,0.00011365013779141009,CT_macro_A,False
lag_11__T_round_start_equip_sum,0.00011363181693013757,0.00011363181693013757,T_round_start_equip_sum,False
lag_14__CT4__smoke,0.00011362661462044343,0.00011362661462044343,CT4__smoke,True
lag_02__T4__molly,-0.00011349232954671606,0.00011349232954671606,T4__molly,True
lag_02__CT5__is_scoped,0.00011340665514580905,0.00011340665514580905,CT5__is_scoped,False
lag_08__T4__armor,-0.00011338068725308403,0.00011338068725308403,T4__armor,False
lag_12__T4__has_helmet,-0.00011329980043228716,0.00011329980043228716,T4__has_helmet,False
lag_07__CT1__X,-0.00011329237895552069,0.00011329237895552069,CT1__X,False
lag_13__T4__armor,-0.00011328788968967274,0.00011328788968967274,T4__armor,False
lag_07__T_place_TSPAWN,-0.00011328303662594408,0.00011328303662594408,T_place_TSPAWN,False
lag_03__T5__flash,0.00011327918036840856,0.00011327918036840856,T5__flash,True
lag_15__CT5__flash_duration,0.00011323066428303719,0.00011323066428303719,CT5__flash_duration,True
lag_12__round_num,0.00011315434676362202,0.00011315434676362202,round_num,False
lag_12__CT2__shots_fired,-0.00011312867718515918,0.00011312867718515918,CT2__shots_fired,False
lag_12__CT_place_BOMBSITEA,-0.00011307897511869669,0.00011307897511869669,CT_place_BOMBSITEA,False
lag_12__CT_macro_A,-0.00011307897511869669,0.00011307897511869669,CT_macro_A,False
lag_02__CT2__flash,0.00011304755025776103,0.00011304755025776103,CT2__flash,True
lag_00__T_place_LONGDOORS,-0.00011295896547380835,0.00011295896547380835,T_place_LONGDOORS,False
lag_07__CT3__hp,-0.00011279714817646891,0.00011279714817646891,CT3__hp,False
lag_07__CT4__has_defuser,0.00011267414811300114,0.00011267414811300114,CT4__has_defuser,False
lag_12__T5__has_helmet,-0.00011258770973654464,0.00011258770973654464,T5__has_helmet,False
lag_11__CT_start_balance_sum,0.00011257756705163047,0.00011257756705163047,CT_start_balance_sum,False
lag_09__CT3__has_helmet,0.00011251811520196497,0.00011251811520196497,CT3__has_helmet,False
lag_12__T_unique_places,-0.00011246960639255121,0.00011246960639255121,T_unique_places,False
lag_05__utility_inv_diff,0.00011240061576245353,0.00011240061576245353,utility_inv_diff,True
lag_14__T_place_EXTENDEDA,-0.00011236660793656483,0.00011236660793656483,T_place_EXTENDEDA,False
lag_12__T2__flash,0.0001123342735809274,0.0001123342735809274,T2__flash,True
lag_08__T3__armor,-0.00011218871804885566,0.00011218871804885566,T3__armor,False
lag_04__T_velocity_mean,-0.00011217790597584099,0.00011217790597584099,T_velocity_mean,False
lag_13__T3__armor,-0.0001120969100156799,0.0001120969100156799,T3__armor,False
lag_03__centroid_distance_xy,-0.00011207624629605561,0.00011207624629605561,centroid_distance_xy,False
lag_01__CT_damage_last_5s,-0.00011202830501133576,0.00011202830501133576,CT_damage_last_5s,False
lag_08__CT_equip_value_sum,0.00011201925372006372,0.00011201925372006372,CT_equip_value_sum,False
lag_12__T3__has_helmet,-0.00011200453445781022,0.00011200453445781022,T3__has_helmet,False
lag_09__T5__flash,0.00011199886648682877,0.00011199886648682877,T5__flash,True
lag_07__T5__is_walking,-0.00011198026913916692,0.00011198026913916692,T5__is_walking,False
lag_15__active_infernos_total,0.00011192900274181738,0.00011192900274181738,active_infernos_total,True
lag_02__CT_molly_inv,0.00011188787902938202,0.00011188787902938202,CT_molly_inv,True
lag_08__CT_macro_A,-0.00011187492782482877,0.00011187492782482877,CT_macro_A,False
lag_08__CT_place_BOMBSITEA,-0.00011187492782482877,0.00011187492782482877,CT_place_BOMBSITEA,False
lag_08__T3__flash,-0.00011183375318069011,0.00011183375318069011,T3__flash,True
lag_09__T_bomb_zone_count,0.00011182293383171782,0.00011182293383171782,T_bomb_zone_count,False
lag_03__CT4__smoke,0.00011180123692611232,0.00011180123692611232,CT4__smoke,True
lag_05__T_B_site_active_smokes,0.00011180090950801969,0.00011180090950801969,T_B_site_active_smokes,True
lag_09__T_place_LONGDOORS,0.00011179308057762682,0.00011179308057762682,T_place_LONGDOORS,False
lag_03__CT_cash_spent_round_sum,0.00011178077693330124,0.00011178077693330124,CT_cash_spent_round_sum,False
lag_03__CT_place_SHORTSTAIRS,0.00011169817298650742,0.00011169817298650742,CT_place_SHORTSTAIRS,False
lag_07__T1__molly,0.00011169254867127165,0.00011169254867127165,T1__molly,True
lag_04__CT4__smoke,0.00011166390322614461,0.00011166390322614461,CT4__smoke,True
lag_08__T5__armor,-0.00011164529860252514,0.00011164529860252514,T5__armor,False
lag_12__T_burning_players,-0.0001116423518396914,0.0001116423518396914,T_burning_players,False
lag_03__T_shots_fired_sum,-0.0001116076236939989,0.0001116076236939989,T_shots_fired_sum,False
lag_13__T5__armor,-0.000111553912574891,0.000111553912574891,T5__armor,False
lag_04__T4__molly,-0.00011152225488331169,0.00011152225488331169,T4__molly,True
lag_04__CT2__molly,0.00011144730524392799,0.00011144730524392799,CT2__molly,True
lag_11__CT4__flash,0.00011144037853227928,0.00011144037853227928,CT4__flash,True
lag_04__T5__flash,0.00011141630966449156,0.00011141630966449156,T5__flash,True
lag_11__CT3__duck_amount,0.00011134978558402508,0.00011134978558402508,CT3__duck_amount,False
lag_03__CT5__molly,0.00011131642531836405,0.00011131642531836405,CT5__molly,True
lag_09__CT4__Y,-0.0001111292585846968,0.0001111292585846968,CT4__Y,False
lag_12__T_place_SHORTSTAIRS,-0.000111012916022446,0.000111012916022446,T_place_SHORTSTAIRS,False
lag_07__T_B_site_active_smokes,-0.00011095812078565359,0.00011095812078565359,T_B_site_active_smokes,True
lag_04__T_shots_fired_sum,0.00011095242371084169,0.00011095242371084169,T_shots_fired_sum,False
lag_10__T4__armor,-0.00011088119936175644,0.00011088119936175644,T4__armor,False
lag_12__CT3__molly,0.00011086915037594736,0.00011086915037594736,CT3__molly,True
lag_14__CT3__hp,-0.00011080582771683112,0.00011080582771683112,CT3__hp,False
lag_06__T3__alive,-0.0001107835050788708,0.0001107835050788708,T3__alive,False
lag_11__CT_money_sum,0.00011076952068833634,0.00011076952068833634,CT_money_sum,False
lag_14__CT4__has_defuser,0.00011068493040511385,0.00011068493040511385,CT4__has_defuser,False
lag_00__T4__X,-0.00011057104711653665,0.00011057104711653665,T4__X,False
lag_02__T3__hp,-0.00011052781337639317,0.00011052781337639317,T3__hp,False
lag_06__CT3__alive,-0.00011042371625080705,0.00011042371625080705,CT3__alive,False
lag_00__T1__armor,0.000110349923488684,0.000110349923488684,T1__armor,False
lag_07__CT_helmet_count,0.00011027844448108226,0.00011027844448108226,CT_helmet_count,False
lag_08__T4__has_helmet,-0.00011022435501217842,0.00011022435501217842,T4__has_helmet,False
lag_13__T2__shots_fired,-0.00011013443145202473,0.00011013443145202473,T2__shots_fired,False
lag_13__T4__has_helmet,-0.00011013412586180493,0.00011013412586180493,T4__has_helmet,False
lag_05__CT_equip_value_sum,0.00011013012408511713,0.00011013012408511713,CT_equip_value_sum,False
lag_08__round_num,0.00011008286674041301,0.00011008286674041301,round_num,False
lag_15__T4__armor,-0.0001099940127460286,0.0001099940127460286,T4__armor,False
lag_13__round_num,0.00010999271034961566,0.00010999271034961566,round_num,False
lag_14__T1__molly,0.0001097206913982518,0.0001097206913982518,T1__molly,True
lag_10__T3__armor,-0.00010971540177706629,0.00010971540177706629,T3__armor,False
lag_05__CT_flash_duration_sum,0.00010970071889460087,0.00010970071889460087,CT_flash_duration_sum,True
lag_00__T_closest_enemy_dist,0.00010957611084450036,0.00010957611084450036,T_closest_enemy_dist,False
lag_09__CT4__utility_total,0.00010957242920994759,0.00010957242920994759,CT4__utility_total,True
lag_08__T5__has_helmet,-0.00010953147284453735,0.00010953147284453735,T5__has_helmet,False
lag_13__T5__has_helmet,-0.00010944192763417959,0.00010944192763417959,T5__has_helmet,False
lag_05__CT5__X,0.00010943005327135324,0.00010943005327135324,CT5__X,False
lag_12__T_round_start_equip_sum,0.00010939919593511149,0.00010939919593511149,T_round_start_equip_sum,False
lag_14__T_macro_OTHER,-0.00010937521437881514,0.00010937521437881514,T_macro_OTHER,False
lag_11__T1__hp,0.00010925847163889557,0.00010925847163889557,T1__hp,False
lag_06__CT2__smoke,0.00010923393710982054,0.00010923393710982054,CT2__smoke,True
lag_10__T5__armor,-0.00010918395855696872,0.00010918395855696872,T5__armor,False
lag_10__CT1__X,-0.00010907007526839152,0.00010907007526839152,CT1__X,False
lag_03__CT3__hp,-0.000109025691926945,0.000109025691926945,CT3__hp,False
lag_01__T_place_HOLE,-0.0001090178921003826,0.0001090178921003826,T_place_HOLE,False
lag_13__equip_diff,0.00010899417247856036,0.00010899417247856036,equip_diff,False
lag_05__CT5__utility_total,0.00010898483014898375,0.00010898483014898375,CT5__utility_total,True
lag_08__T3__has_helmet,-0.0001089641809812747,0.0001089641809812747,T3__has_helmet,False
lag_06__T5__alive,-0.00010895512241404504,0.00010895512241404504,T5__alive,False
lag_03__CT4__has_defuser,0.00010890682460740209,0.00010890682460740209,CT4__has_defuser,False
lag_04__CT3__hp,-0.00010889185796258971,0.00010889185796258971,CT3__hp,False
lag_13__T3__has_helmet,-0.00010887499229284003,0.00010887499229284003,T3__has_helmet,False
lag_09__CT_cash_spent_round_sum,0.0001088502467609942,0.0001088502467609942,CT_cash_spent_round_sum,False
lag_11__CT1__X,-0.00010884885705308989,0.00010884885705308989,CT1__X,False
lag_15__T3__armor,-0.00010883755749091506,0.00010883755749091506,T3__armor,False
lag_05__CT2__alive,0.00010878900502575561,0.00010878900502575561,CT2__alive,False
lag_04__CT4__has_defuser,0.00010877307795453817,0.00010877307795453817,CT4__has_defuser,False
lag_10__T_place_OUTSIDETUNNEL,0.0001087330310838297,0.0001087330310838297,T_place_OUTSIDETUNNEL,False
lag_06__T_place_TUNNELSTAIRS,-0.00010873134306166321,0.00010873134306166321,T_place_TUNNELSTAIRS,False
lag_07__T4__flash,-0.00010863000352401286,0.00010863000352401286,T4__flash,True
lag_10__T1__hp,0.00010861710325116292,0.00010861710325116292,T1__hp,False
lag_14__T_B_site_active_smokes,0.00010847229714272544,0.00010847229714272544,T_B_site_active_smokes,True
lag_10__T_place_LONGA,-0.00010845615906873718,0.00010845615906873718,T_place_LONGA,False
lag_14__T4__molly,-0.00010843994095921516,0.00010843994095921516,T4__molly,True
lag_04__CT_equip_value_sum,0.00010841646871995181,0.00010841646871995181,CT_equip_value_sum,False
lag_01__CT_money_sum,0.0001084155956050381,0.0001084155956050381,CT_money_sum,False
lag_06__CT2__alive,0.0001083877359633334,0.0001083877359633334,CT2__alive,False
lag_11__molly_inv_diff,0.0001083608076442033,0.0001083608076442033,molly_inv_diff,True
lag_01__CT_start_balance_sum,0.0001083568567992188,0.0001083568567992188,CT_start_balance_sum,False
lag_12__CT4__flash,0.000108351006929297,0.000108351006929297,CT4__flash,True
lag_15__T5__armor,-0.00010831041436176747,0.00010831041436176747,T5__armor,False
lag_14__T_armor_sum,-0.00010830318205989897,0.00010830318205989897,T_armor_sum,False
lag_05__CT3__armor,-0.00010827904770849273,0.00010827904770849273,CT3__armor,False
lag_02__CT5__has_defuser,0.00010827660298673436,0.00010827660298673436,CT5__has_defuser,False
lag_06__T_utility_inv,-0.00010826560901477933,0.00010826560901477933,T_utility_inv,True
lag_13__CT_macro_A,-0.00010824759374372661,0.00010824759374372661,CT_macro_A,False
lag_13__CT_place_BOMBSITEA,-0.00010824759374372661,0.00010824759374372661,CT_place_BOMBSITEA,False
lag_14__CT1__flash,0.00010822762124007568,0.00010822762124007568,CT1__flash,True
lag_14__CT5__X,0.0001081968512153253,0.0001081968512153253,CT5__X,False
lag_04__CT2__hp,0.00010813782864715904,0.00010813782864715904,CT2__hp,False
lag_00__T_bomb_carrier_alive,0.00010812321852426976,0.00010812321852426976,T_bomb_carrier_alive,False
lag_07__CT5__X,0.00010808053048094735,0.00010808053048094735,CT5__X,False
lag_01__T_active_infernos,0.00010800924792420119,0.00010800924792420119,T_active_infernos,True
lag_01__CT5__has_helmet,0.00010799316805787385,0.00010799316805787385,CT5__has_helmet,False
lag_03__T1__molly,0.00010795806156238541,0.00010795806156238541,T1__molly,True
lag_10__CT_start_balance_sum,0.00010794231639010832,0.00010794231639010832,CT_start_balance_sum,False
lag_11__T3__hp,-0.0001078275527106598,0.0001078275527106598,T3__hp,False
lag_04__T1__molly,0.00010782544268295169,0.00010782544268295169,T1__molly,True
lag_02__CT1__smoke,0.00010780980665003881,0.00010780980665003881,CT1__smoke,True
lag_06__T4__alive,-0.00010780460434034467,0.00010780460434034467,T4__alive,False
lag_10__T4__has_helmet,-0.00010779440344776958,0.00010779440344776958,T4__has_helmet,False
lag_14__seconds_in_round,-0.00010771809320431203,0.00010771809320431203,seconds_in_round,False
lag_08__T_round_start_equip_sum,0.00010767697676783428,0.00010767697676783428,T_round_start_equip_sum,False
lag_10__round_num,0.00010765602200990543,0.00010765602200990543,round_num,False
lag_02__T5__hp,-0.00010765322804218158,0.00010765322804218158,T5__hp,False
lag_05__T4__utility_total,-0.00010764803300844505,0.00010764803300844505,T4__utility_total,True
lag_06__CT_A_site_active_smokes,0.00010764740000013262,0.00010764740000013262,CT_A_site_active_smokes,True
lag_08__CT_start_balance_sum,0.00010759830911410972,0.00010759830911410972,CT_start_balance_sum,False
lag_05__T_place_EXTENDEDA,0.00010749824286904186,0.00010749824286904186,T_place_EXTENDEDA,False
lag_12__T4__molly,-0.00010746516636572778,0.00010746516636572778,T4__molly,True
lag_08__utility_inv_diff,0.00010743948223534971,0.00010743948223534971,utility_inv_diff,True
lag_06__T_armor_sum,-0.00010742533777374774,0.00010742533777374774,T_armor_sum,False
lag_08__CT_B_site_active_smokes,0.00010740917787188664,0.00010740917787188664,CT_B_site_active_smokes,True
lag_06__T1__utility_total,0.00010740775178419426,0.00010740775178419426,T1__utility_total,True
lag_14__CT5__hp,0.00010740452853497118,0.00010740452853497118,CT5__hp,False
lag_06__CT4__molly,0.00010737662523752078,0.00010737662523752078,CT4__molly,True
lag_10__CT_place_CTSPAWN,0.00010715756070567295,0.00010715756070567295,CT_place_CTSPAWN,False
lag_10__T5__has_helmet,-0.00010711689537856728,0.00010711689537856728,T5__has_helmet,False
lag_02__T4__hp,-0.00010700776329031214,0.00010700776329031214,T4__hp,False
lag_10__CT_money_sum,0.00010696997924242169,0.00010696997924242169,CT_money_sum,False
lag_06__CT_B_site_active_smokes,0.000106943363789469,0.000106943363789469,CT_B_site_active_smokes,True
lag_15__T4__has_helmet,-0.00010693184594856575,0.00010693184594856575,T4__has_helmet,False
lag_02__CT1__has_defuser,0.00010691300849430263,0.00010691300849430263,CT1__has_defuser,False
lag_07__T5__utility_total,0.00010684658627724275,0.00010684658627724275,T5__utility_total,True
lag_12__CT_start_balance_sum,0.00010683274740586057,0.00010683274740586057,CT_start_balance_sum,False
lag_15__round_num,0.00010679462138796225,0.00010679462138796225,round_num,False
lag_13__CT1__molly,0.00010674699296941981,0.00010674699296941981,CT1__molly,True
lag_14__T4__flash,-0.00010671222844393924,0.00010671222844393924,T4__flash,True
lag_13__T_round_start_equip_sum,0.00010665861918823794,0.00010665861918823794,T_round_start_equip_sum,False
lag_09__CT_unique_places,0.0001066402328433469,0.0001066402328433469,CT_unique_places,False
lag_03__T_armor_sum,-0.0001066379772964865,0.0001066379772964865,T_armor_sum,False
lag_09__CT1__X,-0.0001065873439074494,0.0001065873439074494,CT1__X,False
lag_10__T3__has_helmet,-0.00010656205995474011,0.00010656205995474011,T3__has_helmet,False
lag_12__CT_money_sum,0.00010647434100974351,0.00010647434100974351,CT_money_sum,False
lag_07__T5__flash,0.00010644649591995403,0.00010644649591995403,T5__flash,True
lag_00__T2__shots_fired,-0.00010626197763485834,0.00010626197763485834,T2__shots_fired,False
lag_15__T5__has_helmet,-0.00010625979484757408,0.00010625979484757408,T5__has_helmet,False
lag_13__CT2__duck_amount,-0.00010608427692204714,0.00010608427692204714,CT2__duck_amount,False
lag_05__CT1__duck_amount,0.00010606701107462868,0.00010606701107462868,CT1__duck_amount,False
lag_14__CT2__has_helmet,-0.00010605890565784648,0.00010605890565784648,CT2__has_helmet,False
lag_14__CT_start_balance_sum,0.00010604733688523993,0.00010604733688523993,CT_start_balance_sum,False
lag_08__CT_money_sum,0.00010597499931463972,0.00010597499931463972,CT_money_sum,False
lag_14__CT_money_sum,0.00010591135651338845,0.00010591135651338845,CT_money_sum,False
lag_06__T5__Y,-0.00010589043085929006,0.00010589043085929006,T5__Y,False
lag_02__bomb_planted,-0.0001058673151419498,0.0001058673151419498,bomb_planted,False
lag_15__T1__flash,0.00010584758274490014,0.00010584758274490014,T1__flash,True
lag_15__T3__has_helmet,-0.00010570939048193395,0.00010570939048193395,T3__has_helmet,False
lag_08__T4__duck_amount,-0.00010570070298854262,0.00010570070298854262,T4__duck_amount,False
lag_07__CT_B_site_active_smokes,0.00010566456330707297,0.00010566456330707297,CT_B_site_active_smokes,True
lag_11__CT5__has_defuser,0.0001056314431480132,0.0001056314431480132,CT5__has_defuser,False
lag_15__CT5__alive,0.0001056111286743544,0.0001056111286743544,CT5__alive,False
lag_15__CT_cash_spent_round_sum,0.00010556053894106299,0.00010556053894106299,CT_cash_spent_round_sum,False
lag_08__CT4__flash,0.00010540987568674609,0.00010540987568674609,CT4__flash,True
lag_11__T1__utility_total,0.00010534097236813977,0.00010534097236813977,T1__utility_total,True
lag_13__CT4__flash,0.00010532360465731472,0.00010532360465731472,CT4__flash,True
lag_13__T2__molly,-0.00010532263695495203,0.00010532263695495203,T2__molly,True
lag_08__T_place_TUNNELSTAIRS,-0.00010519384522922337,0.00010519384522922337,T_place_TUNNELSTAIRS,False
lag_06__CT5__X,0.00010513964662095532,0.00010513964662095532,CT5__X,False
lag_10__T_round_start_equip_sum,0.00010508952254895121,0.00010508952254895121,T_round_start_equip_sum,False
lag_01__T1__utility_total,0.00010504153033252805,0.00010504153033252805,T1__utility_total,True
lag_11__T5__hp,-0.00010502320947125554,0.00010502320947125554,T5__hp,False
lag_10__CT2__flash,0.00010501408542040735,0.00010501408542040735,CT2__flash,True
lag_03__T4__flash,-0.0001049979982781224,0.0001049979982781224,T4__flash,True
lag_10__CT5__flash,0.0001049964630510658,0.0001049964630510658,CT5__flash,True
lag_02__CT4__smoke,0.00010499532800167799,0.00010499532800167799,CT4__smoke,True
lag_15__CT1__molly,0.00010489578562555835,0.00010489578562555835,CT1__molly,True
lag_04__T4__flash,-0.00010486904648132622,0.00010486904648132622,T4__flash,True
lag_00__T1__smoke,0.00010486393148312345,0.00010486393148312345,T1__smoke,True
lag_12__T3__hp,-0.00010483839287189767,0.00010483839287189767,T3__hp,False
lag_04__CT5__is_walking,0.00010479678894625977,0.00010479678894625977,CT5__is_walking,False
lag_07__CT_molly_inv,0.00010475025919731706,0.00010475025919731706,CT_molly_inv,True
lag_01__CT3__has_helmet,0.00010473179281689227,0.00010473179281689227,CT3__has_helmet,False
lag_09__T1__armor,0.00010464180377312005,0.00010464180377312005,T1__armor,False
lag_11__T_place_MIDDOORS,0.00010462184582138434,0.00010462184582138434,T_place_MIDDOORS,False
lag_15__CT_active_infernos,0.00010461249621585011,0.00010461249621585011,CT_active_infernos,True
lag_07__CT_closest_enemy_dist,-0.00010456367454025894,0.00010456367454025894,CT_closest_enemy_dist,False
lag_05__T_A_site_active_smokes,0.00010453264985699207,0.00010453264985699207,T_A_site_active_smokes,True
lag_05__T1__flash,0.00010441861377330497,0.00010441861377330497,T1__flash,True
lag_11__T4__hp,-0.00010439356992719695,0.00010439356992719695,T4__hp,False
lag_06__T_helmet_count,-0.00010437843593535945,0.00010437843593535945,T_helmet_count,False
lag_11__CT1__has_defuser,0.00010430101247038692,0.00010430101247038692,CT1__has_defuser,False
lag_12__T5__flash,0.00010413649579277262,0.00010413649579277262,T5__flash,True
lag_15__T_round_start_equip_sum,0.00010405890498077497,0.00010405890498077497,T_round_start_equip_sum,False
lag_04__CT2__flash,0.0001040221395669505,0.0001040221395669505,CT2__flash,True
lag_15__CT_shots_fired_sum,0.00010381175525253639,0.00010381175525253639,CT_shots_fired_sum,False
lag_11__T4__smoke,0.00010380617459304631,0.00010380617459304631,T4__smoke,True
lag_04__CT_scoped_count,0.00010367164213676006,0.00010367164213676006,CT_scoped_count,False
lag_02__T4__smoke,0.00010354097321396694,0.00010354097321396694,T4__smoke,True
lag_08__CT3__molly,0.00010340201697545126,0.00010340201697545126,CT3__molly,True
lag_07__T_place_LONGDOORS,0.00010339826985727996,0.00010339826985727996,T_place_LONGDOORS,False
lag_07__CT_place_CTSPAWN,-0.00010338134597986937,0.00010338134597986937,CT_place_CTSPAWN,False
lag_12__T_damage_last_5s,-0.00010327398922527209,0.00010327398922527209,T_damage_last_5s,False
lag_04__T2__hp,0.00010327178461011499,0.00010327178461011499,T2__hp,False
lag_03__T_helmet_count,-0.00010311340884072706,0.00010311340884072706,T_helmet_count,False
lag_10__CT4__flash,0.00010308602213626727,0.00010308602213626727,CT4__flash,True
lag_00__T2__alive,0.000103022888652049,0.000103022888652049,T2__alive,False
lag_06__CT3__smoke,-0.00010298870620317757,0.00010298870620317757,CT3__smoke,True
lag_01__CT2__has_helmet,0.00010297264816472307,0.00010297264816472307,CT2__has_helmet,False
lag_13__CT_helmet_count,0.00010289433703292161,0.00010289433703292161,CT_helmet_count,False
lag_07__T5__duck_amount,-0.00010274437954649329,0.00010274437954649329,T5__duck_amount,False
lag_05__CT_cash_spent_round_sum,0.00010271040810039267,0.00010271040810039267,CT_cash_spent_round_sum,False
lag_12__CT5__has_defuser,0.00010270316124660894,0.00010270316124660894,CT5__has_defuser,False
lag_10__T5__smoke,-0.00010256602399749681,0.00010256602399749681,T5__smoke,True
lag_06__T1__armor,0.00010253326763631776,0.00010253326763631776,T1__armor,False
lag_15__T1__alive,0.0001024840385071002,0.0001024840385071002,T1__alive,False
lag_11__CT4__smoke,0.00010243030556011945,0.00010243030556011945,CT4__smoke,True
lag_02__CT3__hp,-0.00010238884715363383,0.00010238884715363383,CT3__hp,False
lag_09__T_place_UNDERA,0.00010235622903564945,0.00010235622903564945,T_place_UNDERA,False
lag_02__CT4__has_defuser,0.0001022772048600018,0.0001022772048600018,CT4__has_defuser,False
lag_15__CT4__flash,0.00010226128506474197,0.00010226128506474197,CT4__flash,True
lag_11__T5__flash,0.00010222545097349212,0.00010222545097349212,T5__flash,True
lag_12__T5__hp,-0.00010211177141172811,0.00010211177141172811,T5__hp,False
lag_08__T3__hp,-0.00010199267126154155,0.00010199267126154155,T3__hp,False
lag_01__CT4__utility_total,0.00010198990639764816,0.00010198990639764816,CT4__utility_total,True
lag_13__T3__hp,-0.00010190917237196118,0.00010190917237196118,T3__hp,False
lag_10__CT2__alive,0.00010185451537836343,0.00010185451537836343,CT2__alive,False
lag_05__CT2__has_defuser,-0.00010180083336308599,0.00010180083336308599,CT2__has_defuser,False
lag_06__CT_equip_value_sum,0.00010163541446672752,0.00010163541446672752,CT_equip_value_sum,False
lag_07__T1__duck_amount,-0.00010163190745515749,0.00010163190745515749,T1__duck_amount,False
lag_05__T3__alive,-0.00010162097169086337,0.00010162097169086337,T3__alive,False
lag_02__CT_place_CTSPAWN,0.00010156248754356056,0.00010156248754356056,CT_place_CTSPAWN,False
lag_06__T2__smoke,0.00010152347385883331,0.00010152347385883331,T2__smoke,True
lag_12__T4__hp,-0.0001014996159938164,0.0001014996159938164,T4__hp,False
lag_12__CT1__has_defuser,0.00010140961967408657,0.00010140961967408657,CT1__has_defuser,False
lag_02__T1__molly,0.00010138613288290799,0.00010138613288290799,T1__molly,True
lag_15__T_place_ARAMP,-0.00010137716890312731,0.00010137716890312731,T_place_ARAMP,False
lag_05__CT3__alive,-0.0001012909269775264,0.0001012909269775264,CT3__alive,False
lag_05__seconds_in_round,-0.00010126669803867117,0.00010126669803867117,seconds_in_round,False
lag_00__T1__has_helmet,0.00010122238745680079,0.00010122238745680079,T1__has_helmet,False
lag_12__CT1__is_walking,0.00010113410098711029,0.00010113410098711029,CT1__is_walking,False
lag_12__CT2__has_defuser,-0.00010113140160683542,0.00010113140160683542,CT2__has_defuser,False
lag_10__CT_cash_spent_round_sum,0.00010110500443261117,0.00010110500443261117,CT_cash_spent_round_sum,False
lag_06__T_place_MIDDOORS,-0.00010099506471306086,0.00010099506471306086,T_place_MIDDOORS,False
lag_12__CT1__smoke,0.00010081778600579128,0.00010081778600579128,CT1__smoke,True
lag_07__CT5__utility_total,0.00010078884952235967,0.00010078884952235967,CT5__utility_total,True
lag_01__T2__is_walking,-0.00010074980673380196,0.00010074980673380196,T2__is_walking,False
lag_15__CT1__smoke,0.00010070233111036941,0.00010070233111036941,CT1__smoke,True
lag_09__T_velocity_mean,0.00010070220014313236,0.00010070220014313236,T_velocity_mean,False
lag_13__T1__flash,0.00010068256233353168,0.00010068256233353168,T1__flash,True
lag_07__CT5__molly,0.0001005996236926876,0.0001005996236926876,CT5__molly,True
lag_08__T2__molly,-0.00010058219777420163,0.00010058219777420163,T2__molly,True
lag_09__CT5__molly,0.00010050553100882098,0.00010050553100882098,CT5__molly,True
lag_04__T_alive,-0.00010031001147581264,0.00010031001147581264,T_alive,False
lag_07__T1__utility_total,0.00010028163524111733,0.00010028163524111733,T1__utility_total,True
lag_03__CT5__flash,0.00010028109682025388,0.00010028109682025388,CT5__flash,True
lag_08__CT_cash_spent_round_sum,0.00010017437307396904,0.00010017437307396904,CT_cash_spent_round_sum,False
lag_15__CT4__duck_amount,0.00010006923548644409,0.00010006923548644409,CT4__duck_amount,False
lag_10__T2__molly,-0.00010002539784181863,0.00010002539784181863,T2__molly,True
lag_14__CT1__utility_total,0.00010000611655414104,0.00010000611655414104,CT1__utility_total,True
lag_03__CT_place_BOMBSITEA,-9.999062604038045e-05,9.999062604038045e-05,CT_place_BOMBSITEA,False
lag_03__CT_macro_A,-9.999062604038045e-05,9.999062604038045e-05,CT_macro_A,False
lag_05__T5__alive,-9.994379797717556e-05,9.994379797717556e-05,T5__alive,False
lag_08__CT5__has_defuser,9.991529805120081e-05,9.991529805120081e-05,CT5__has_defuser,False
lag_02__T2__armor,9.989173850044608e-05,9.989173850044608e-05,T2__armor,False
lag_11__CT3__hp,-9.988746751332656e-05,9.988746751332656e-05,CT3__hp,False
lag_13__CT5__has_defuser,9.983358904719353e-05,9.983358904719353e-05,CT5__has_defuser,False
lag_06__CT_cash_spent_round_sum,9.978908201446757e-05,9.978908201446757e-05,CT_cash_spent_round_sum,False
lag_11__CT4__has_defuser,9.977856097975746e-05,9.977856097975746e-05,CT4__has_defuser,False
lag_10__T3__hp,-9.974413842428476e-05,9.974413842428476e-05,T3__hp,False
lag_08__bomb_planted,-9.971154941013083e-05,9.971154941013083e-05,bomb_planted,False
lag_05__CT_active_smokes,9.965865319827572e-05,9.965865319827572e-05,CT_active_smokes,True
lag_08__T1__armor,9.963831689674407e-05,9.963831689674407e-05,T1__armor,False
lag_03__T4__molly,-9.963256161427125e-05,9.963256161427125e-05,T4__molly,True
lag_00__T_duck_amount_mean,9.961886826204136e-05,9.961886826204136e-05,T_duck_amount_mean,False
lag_07__CT3__armor,-9.96138114714995e-05,9.96138114714995e-05,CT3__armor,False
lag_12__CT4__smoke,9.959071030607447e-05,9.959071030607447e-05,CT4__smoke,True
lag_15__CT5__X,9.95715890894644e-05,9.95715890894644e-05,CT5__X,False
lag_07__T_place_TUNNELSTAIRS,-9.94458605418913e-05,9.94458605418913e-05,T_place_TUNNELSTAIRS,False
lag_04__CT_utility_inv,9.93901994661428e-05,9.93901994661428e-05,CT_utility_inv,True
lag_08__T5__hp,-9.933998080668971e-05,9.933998080668971e-05,T5__hp,False
lag_01__T_utility_inv,9.926427446771413e-05,9.926427446771413e-05,T_utility_inv,True
lag_13__T5__hp,-9.925867198035121e-05,9.925867198035121e-05,T5__hp,False
lag_13__CT5__smoke,9.918559953803197e-05,9.918559953803197e-05,CT5__smoke,True
lag_14__T_helmet_count,-9.91655615507625e-05,9.91655615507625e-05,T_helmet_count,False
lag_13__CT_start_balance_sum,9.913719986798242e-05,9.913719986798242e-05,CT_start_balance_sum,False
lag_15__T3__hp,-9.894608228933066e-05,9.894608228933066e-05,T3__hp,False
lag_11__T1__molly,9.890928777167574e-05,9.890928777167574e-05,T1__molly,True
lag_05__T4__alive,-9.888843487715349e-05,9.888843487715349e-05,T4__alive,False
lag_13__CT_money_sum,9.879229037323967e-05,9.879229037323967e-05,CT_money_sum,False
lag_11__T2__molly,-9.876921831164509e-05,9.876921831164509e-05,T2__molly,True
lag_08__T4__hp,-9.874442184809595e-05,9.874442184809595e-05,T4__hp,False
lag_05__CT_A_site_active_smokes,9.874420356936753e-05,9.874420356936753e-05,CT_A_site_active_smokes,True
lag_14__CT_helmet_count,9.869910718407482e-05,9.869910718407482e-05,CT_helmet_count,False
lag_11__CT_macro_A,-9.86883242148906e-05,9.86883242148906e-05,CT_macro_A,False
lag_11__CT_place_BOMBSITEA,-9.86883242148906e-05,9.86883242148906e-05,CT_place_BOMBSITEA,False
lag_14__CT_utility_inv,9.868067718343809e-05,9.868067718343809e-05,CT_utility_inv,True
lag_04__T_A_site_active_infernos,-9.867961489362642e-05,9.867961489362642e-05,T_A_site_active_infernos,True
lag_13__T4__hp,-9.866362961474806e-05,9.866362961474806e-05,T4__hp,False
lag_08__CT1__has_defuser,9.865686297416687e-05,9.865686297416687e-05,CT1__has_defuser,False
lag_12__T_macro_OTHER,-9.860977297648787e-05,9.860977297648787e-05,T_macro_OTHER,False
lag_02__T4__flash,-9.860621503321454e-05,9.860621503321454e-05,T4__flash,True
lag_08__T4__smoke,9.859837155090645e-05,9.859837155090645e-05,T4__smoke,True
lag_13__CT1__has_defuser,9.857614350039512e-05,9.857614350039512e-05,CT1__has_defuser,False
lag_05__CT4__molly,9.849583148024976e-05,9.849583148024976e-05,CT4__molly,True
lag_14__T_bomb_carrier_alive,9.826622408581898e-05,9.826622408581898e-05,T_bomb_carrier_alive,False
lag_09__CT_walking_count,9.825216693570837e-05,9.825216693570837e-05,CT_walking_count,False
lag_13__bomb_planted,-9.82342244242318e-05,9.82342244242318e-05,bomb_planted,False
lag_00__active_infernos_total,9.823254367802292e-05,9.823254367802292e-05,active_infernos_total,True
lag_06__T2__has_bomb,9.821094135986641e-05,9.821094135986641e-05,T2__has_bomb,False
lag_05__equip_diff,9.820633567869663e-05,9.820633567869663e-05,equip_diff,False
lag_09__T4__armor,-9.820289415074512e-05,9.820289415074512e-05,T4__armor,False
lag_00__CT5__is_walking,-9.819860861171037e-05,9.819860861171037e-05,CT5__is_walking,False
lag_14__equip_diff,9.816834790399298e-05,9.816834790399298e-05,equip_diff,False
lag_14__CT3__armor,-9.785511792870238e-05,9.785511792870238e-05,CT3__armor,False
lag_09__CT_B_site_active_infernos,-9.784894791664556e-05,9.784894791664556e-05,CT_B_site_active_infernos,True
lag_10__CT5__has_defuser,9.771258919499815e-05,9.771258919499815e-05,CT5__has_defuser,False
lag_12__active_smokes_total,-9.762580884853378e-05,9.762580884853378e-05,active_smokes_total,True
lag_04__T_place_SHORTSTAIRS,-9.762155241332948e-05,9.762155241332948e-05,T_place_SHORTSTAIRS,False
lag_01__T1__smoke,-9.757736552273855e-05,9.757736552273855e-05,T1__smoke,True
lag_02__CT_active_infernos,9.753798804013059e-05,9.753798804013059e-05,CT_active_infernos,True
lag_14__CT_armor_sum,9.749320452101529e-05,9.749320452101529e-05,CT_armor_sum,False
lag_09__CT5__flash,9.749255696078762e-05,9.749255696078762e-05,CT5__flash,True
lag_15__CT_mean_X,9.74232898443006e-05,9.74232898443006e-05,CT_mean_X,False
lag_07__closest_enemy_dist_diff,9.737124491948634e-05,9.737124491948634e-05,closest_enemy_dist_diff,False
lag_09__T3__armor,-9.717042848933488e-05,9.717042848933488e-05,T3__armor,False
lag_10__T5__hp,-9.714996122056618e-05,9.714996122056618e-05,T5__hp,False
lag_12__CT3__hp,-9.71183690126054e-05,9.71183690126054e-05,CT3__hp,False
lag_03__bomb_planted,-9.711788152344525e-05,9.711788152344525e-05,bomb_planted,False
lag_15__T_velocity_mean,9.707258868729696e-05,9.707258868729696e-05,T_velocity_mean,False
lag_12__CT4__has_defuser,9.701251838123426e-05,9.701251838123426e-05,CT4__has_defuser,False
lag_00__T_place_HOLE,-9.699210932012647e-05,9.699210932012647e-05,T_place_HOLE,False
lag_15__T4__smoke,9.698264329927042e-05,9.698264329927042e-05,T4__smoke,True
lag_11__T_velocity_mean,9.693859465187415e-05,9.693859465187415e-05,T_velocity_mean,False
lag_15__CT5__has_defuser,9.693079482531175e-05,9.693079482531175e-05,CT5__has_defuser,False
lag_01__T_place_UNDERA,9.691101149655879e-05,9.691101149655879e-05,T_place_UNDERA,False
lag_08__CT4__smoke,9.688748104963452e-05,9.688748104963452e-05,CT4__smoke,True
lag_10__T_place_TOPOFMID,9.68580789049156e-05,9.68580789049156e-05,T_place_TOPOFMID,False
lag_03__CT2__armor,9.681520896265283e-05,9.681520896265283e-05,CT2__armor,False
lag_13__CT4__smoke,9.680820221547037e-05,9.680820221547037e-05,CT4__smoke,True
lag_01__CT4__Y,-9.675959154265001e-05,9.675959154265001e-05,CT4__Y,False
lag_09__T5__armor,-9.669967403169721e-05,9.669967403169721e-05,T5__armor,False
lag_15__molly_inv_diff,9.6583113190718e-05,9.6583113190718e-05,molly_inv_diff,True
lag_10__T4__hp,-9.656753536546603e-05,9.656753536546603e-05,T4__hp,False
lag_10__CT1__has_defuser,9.648197010392323e-05,9.648197010392323e-05,CT1__has_defuser,False
lag_08__CT1__X,-9.647026308812201e-05,9.647026308812201e-05,CT1__X,False
lag_15__T5__hp,-9.637275070417672e-05,9.637275070417672e-05,T5__hp,False
lag_11__CT_place_SHORTSTAIRS,-9.629413398215547e-05,9.629413398215547e-05,CT_place_SHORTSTAIRS,False
lag_03__CT3__armor,-9.628316183807328e-05,9.628316183807328e-05,CT3__armor,False
lag_02__T3__is_walking,9.621718345442787e-05,9.621718345442787e-05,T3__is_walking,False
lag_11__T4__flash,-9.6197247330565e-05,9.6197247330565e-05,T4__flash,True
lag_03__T_equip_value_sum,-9.617870819056407e-05,9.617870819056407e-05,T_equip_value_sum,False
lag_12__T1__molly,9.616735769668594e-05,9.616735769668594e-05,T1__molly,True
lag_07__T_A_site_active_smokes,9.616719762561843e-05,9.616719762561843e-05,T_A_site_active_smokes,True
lag_04__CT3__armor,-9.616491297492757e-05,9.616491297492757e-05,CT3__armor,False
lag_07__T_molly_inv,-9.614877490093932e-05,9.614877490093932e-05,T_molly_inv,True
lag_04__centroid_distance_xy,-9.61274781730026e-05,9.61274781730026e-05,centroid_distance_xy,False
lag_01__T_place_MIDDLE,-9.602416685083881e-05,9.602416685083881e-05,T_place_MIDDLE,False
lag_09__T2__flash,9.599443728802726e-05,9.599443728802726e-05,T2__flash,True
lag_01__T_place_LONGA,-9.58910386543721e-05,9.58910386543721e-05,T_place_LONGA,False
lag_09__CT_start_balance_sum,9.587223030393943e-05,9.587223030393943e-05,CT_start_balance_sum,False
lag_12__CT_equip_value_sum,9.586268424754962e-05,9.586268424754962e-05,CT_equip_value_sum,False
lag_15__T4__hp,-9.579488687450066e-05,9.579488687450066e-05,T4__hp,False
lag_12__T_place_ARAMP,-9.578991739545017e-05,9.578991739545017e-05,T_place_ARAMP,False
lag_10__CT_damage_last_5s,9.576069714967161e-05,9.576069714967161e-05,CT_damage_last_5s,False
lag_00__T2__molly,9.573233546689153e-05,9.573233546689153e-05,T2__molly,True
lag_15__CT1__has_defuser,9.570998372510076e-05,9.570998372510076e-05,CT1__has_defuser,False
lag_00__CT4__X,9.562572813592851e-05,9.562572813592851e-05,CT4__X,False
lag_09__T4__has_helmet,-9.546898945700377e-05,9.546898945700377e-05,T4__has_helmet,False
lag_02__T_macro_MID,-9.534881974104792e-05,9.534881974104792e-05,T_macro_MID,False
lag_09__round_num,9.534646960673854e-05,9.534646960673854e-05,round_num,False
lag_10__CT5__smoke,9.518278238829225e-05,9.518278238829225e-05,CT5__smoke,True
lag_11__T2__has_bomb,9.514819248579443e-05,9.514819248579443e-05,T2__has_bomb,False
lag_05__T4__duck_amount,-9.512357792118564e-05,9.512357792118564e-05,T4__duck_amount,False
lag_09__T5__has_helmet,-9.486889757681638e-05,9.486889757681638e-05,T5__has_helmet,False
lag_07__CT_active_infernos,9.475444676354527e-05,9.475444676354527e-05,CT_active_infernos,True
lag_10__CT4__smoke,9.475144906900823e-05,9.475144906900823e-05,CT4__smoke,True
lag_06__T3__duck_amount,9.467946802033111e-05,9.467946802033111e-05,T3__duck_amount,False
lag_02__CT5__duck_amount,9.453800157643855e-05,9.453800157643855e-05,CT5__duck_amount,False
lag_11__CT_helmet_count,9.448987839277834e-05,9.448987839277834e-05,CT_helmet_count,False
lag_08__CT3__hp,-9.44821658777073e-05,9.44821658777073e-05,CT3__hp,False
lag_14__T_A_site_active_smokes,9.446943295188248e-05,9.446943295188248e-05,T_A_site_active_smokes,True
lag_13__CT3__hp,-9.440481517231092e-05,9.440481517231092e-05,CT3__hp,False
lag_08__CT4__has_defuser,9.437911649001762e-05,9.437911649001762e-05,CT4__has_defuser,False
lag_09__T3__has_helmet,-9.437749395146966e-05,9.437749395146966e-05,T3__has_helmet,False
lag_02__T1__utility_total,9.431811486138031e-05,9.431811486138031e-05,T1__utility_total,True
lag_13__CT4__has_defuser,9.43018967518583e-05,9.43018967518583e-05,CT4__has_defuser,False
lag_09__CT_money_sum,9.428898920305073e-05,9.428898920305073e-05,CT_money_sum,False
lag_07__T1__armor,9.421194408787414e-05,9.421194408787414e-05,T1__armor,False
lag_15__CT_start_balance_sum,9.419827983947471e-05,9.419827983947471e-05,CT_start_balance_sum,False
lag_13__T_bomb_zone_count,9.415736712981015e-05,9.415736712981015e-05,T_bomb_zone_count,False
lag_02__CT_place_BOMBSITEB,9.412138751940802e-05,9.412138751940802e-05,CT_place_BOMBSITEB,False
lag_02__CT_macro_B,9.412138751940802e-05,9.412138751940802e-05,CT_macro_B,False
lag_13__T_place_OUTSIDETUNNEL,9.403546573594213e-05,9.403546573594213e-05,T_place_OUTSIDETUNNEL,False
lag_03__CT3__utility_total,-9.400761337019503e-05,9.400761337019503e-05,CT3__utility_total,True
lag_15__CT4__smoke,9.399335249327123e-05,9.399335249327123e-05,CT4__smoke,True
lag_13__T3__flash,-9.394975495524704e-05,9.394975495524704e-05,T3__flash,True
lag_01__CT4__X,9.377539390698075e-05,9.377539390698075e-05,CT4__X,False
lag_09__T_round_start_equip_sum,9.37136574066244e-05,9.37136574066244e-05,T_round_start_equip_sum,False
lag_08__T1__molly,9.355691872769967e-05,9.355691872769967e-05,T1__molly,True
lag_12__CT4__duck_amount,-9.355317888548598e-05,9.355317888548598e-05,CT4__duck_amount,False
lag_12__T4__flash,-9.353049244964495e-05,9.353049244964495e-05,T4__flash,True
lag_07__T3__alive,-9.348856838187203e-05,9.348856838187203e-05,T3__alive,False
lag_13__T1__molly,9.348037565359846e-05,9.348037565359846e-05,T1__molly,True
lag_02__T_B_site_active_smokes,9.339628013549373e-05,9.339628013549373e-05,T_B_site_active_smokes,True
lag_15__CT_money_sum,9.336409129900858e-05,9.336409129900858e-05,CT_money_sum,False
lag_03__T3__shots_fired,-9.327938460046425e-05,9.327938460046425e-05,T3__shots_fired,False
lag_01__T_scoped_count,-9.325793507741764e-05,9.325793507741764e-05,T_scoped_count,False
lag_04__CT3__utility_total,-9.319469972979277e-05,9.319469972979277e-05,CT3__utility_total,True
lag_07__CT3__alive,-9.318489173892885e-05,9.318489173892885e-05,CT3__alive,False
lag_10__T4__is_walking,9.30664682528004e-05,9.30664682528004e-05,T4__is_walking,False
lag_03__T_duck_amount_mean,-9.301579120801762e-05,9.301579120801762e-05,T_duck_amount_mean,False
lag_14__CT_duck_amount_mean,-9.298189979745075e-05,9.298189979745075e-05,CT_duck_amount_mean,False
lag_03__T_A_site_active_smokes,9.295179916080087e-05,9.295179916080087e-05,T_A_site_active_smokes,True
lag_02__CT2__duck_amount,-9.283937833970413e-05,9.283937833970413e-05,CT2__duck_amount,False
lag_04__T_A_site_active_smokes,9.283757390221581e-05,9.283757390221581e-05,T_A_site_active_smokes,True
lag_09__T2__utility_total,9.282968676416203e-05,9.282968676416203e-05,T2__utility_total,True
lag_05__T_place_TSPAWN,-9.278132347390056e-05,9.278132347390056e-05,T_place_TSPAWN,False
lag_09__CT_flashed_players,-9.274356852984056e-05,9.274356852984056e-05,CT_flashed_players,False
lag_05__T5__duck_amount,-9.270417649531737e-05,9.270417649531737e-05,T5__duck_amount,False
lag_02__T_scoped_count,-9.248731657862663e-05,9.248731657862663e-05,T_scoped_count,False
lag_10__CT3__hp,-9.239929204341024e-05,9.239929204341024e-05,CT3__hp,False
lag_02__CT3__is_scoped,-9.232060256181285e-05,9.232060256181285e-05,CT3__is_scoped,False
lag_10__CT4__has_defuser,9.22984690987505e-05,9.22984690987505e-05,CT4__has_defuser,False
lag_05__T5__smoke,-9.217939805239439e-05,9.217939805239439e-05,T5__smoke,True
lag_07__CT_equip_value_sum,9.210805728798732e-05,9.210805728798732e-05,CT_equip_value_sum,False
lag_08__T_place_MIDDOORS,9.209359996020794e-05,9.209359996020794e-05,T_place_MIDDOORS,False
lag_01__CT_mean_X,9.206614777212963e-05,9.206614777212963e-05,CT_mean_X,False
lag_10__T_utility_inv,9.205567766912282e-05,9.205567766912282e-05,T_utility_inv,True
lag_07__T5__alive,-9.194551239488646e-05,9.194551239488646e-05,T5__alive,False
lag_14__T3__alive,-9.183807560475543e-05,9.183807560475543e-05,T3__alive,False
lag_10__CT1__alive,9.183706424664706e-05,9.183706424664706e-05,CT1__alive,False
lag_02__utility_inv_diff,9.170879638986662e-05,9.170879638986662e-05,utility_inv_diff,True
lag_15__CT3__hp,-9.166003292193636e-05,9.166003292193636e-05,CT3__hp,False
lag_14__T3__duck_amount,-9.158345346804708e-05,9.158345346804708e-05,T3__duck_amount,False
lag_15__CT4__has_defuser,9.156000305665657e-05,9.156000305665657e-05,CT4__has_defuser,False
lag_14__CT3__alive,-9.153974679065868e-05,9.153974679065868e-05,CT3__alive,False
lag_09__T1__has_helmet,9.151433187071234e-05,9.151433187071234e-05,T1__has_helmet,False
lag_10__T1__molly,9.149437391897663e-05,9.149437391897663e-05,T1__molly,True
lag_01__T4__armor,-9.140712791122496e-05,9.140712791122496e-05,T4__armor,False
lag_09__CT4__flash,9.129905083682388e-05,9.129905083682388e-05,CT4__flash,True
lag_09__CT3__molly,9.12983450689353e-05,9.12983450689353e-05,CT3__molly,True
lag_13__T4__flash_duration,9.119442984228954e-05,9.119442984228954e-05,T4__flash_duration,True
lag_08__CT1__smoke,9.11093593458645e-05,9.11093593458645e-05,CT1__smoke,True
lag_11__T1__is_walking,9.1059337137267e-05,9.1059337137267e-05,T1__is_walking,False
lag_08__T4__flash,-9.099175804294646e-05,9.099175804294646e-05,T4__flash,True
lag_14__CT2__molly,9.098407463170588e-05,9.098407463170588e-05,CT2__molly,True
lag_07__T4__alive,-9.097468137042597e-05,9.097468137042597e-05,T4__alive,False
lag_13__T4__flash,-9.091718675335869e-05,9.091718675335869e-05,T4__flash,True
lag_02__T2__has_bomb,9.091712854569778e-05,9.091712854569778e-05,T2__has_bomb,False
lag_11__CT5__flash,9.088162914849818e-05,9.088162914849818e-05,CT5__flash,True
lag_07__CT_A_site_active_smokes,9.084195335162804e-05,9.084195335162804e-05,CT_A_site_active_smokes,True
lag_15__T1__molly,9.076234709937125e-05,9.076234709937125e-05,T1__molly,True
lag_02__CT4__X,9.075673733605072e-05,9.075673733605072e-05,CT4__X,False
lag_07__CT4__molly,9.061351738637313e-05,9.061351738637313e-05,CT4__molly,True
lag_15__T3__flash,-9.047641651704907e-05,9.047641651704907e-05,T3__flash,True
lag_12__CT_cash_spent_round_sum,9.044866601470858e-05,9.044866601470858e-05,CT_cash_spent_round_sum,False
lag_01__T3__armor,-9.044604666996747e-05,9.044604666996747e-05,T3__armor,False
lag_11__CT_equip_value_sum,9.042611782206222e-05,9.042611782206222e-05,CT_equip_value_sum,False
lag_02__CT3__armor,-9.042192687047645e-05,9.042192687047645e-05,CT3__armor,False
lag_03__T3__alive,-9.036278061103076e-05,9.036278061103076e-05,T3__alive,False
lag_14__T5__alive,-9.032228990690783e-05,9.032228990690783e-05,T5__alive,False
lag_04__T3__alive,-9.025176404975355e-05,9.025176404975355e-05,T3__alive,False
lag_02__centroid_distance_xy,-9.01784878806211e-05,9.01784878806211e-05,centroid_distance_xy,False
lag_04__T_B_site_active_smokes,9.017416596179828e-05,9.017416596179828e-05,T_B_site_active_smokes,True
lag_13__CT_place_ARAMP,9.009952191263437e-05,9.009952191263437e-05,CT_place_ARAMP,False
lag_03__CT3__alive,-9.006918116938323e-05,9.006918116938323e-05,CT3__alive,False
lag_01__T2__X,-9.004789899336174e-05,9.004789899336174e-05,T2__X,False
lag_14__T_equip_value_sum,-9.002887964015827e-05,9.002887964015827e-05,T_equip_value_sum,False
lag_01__T5__armor,-9.000801219372079e-05,9.000801219372079e-05,T5__armor,False
lag_04__CT3__alive,-8.995850657811388e-05,8.995850657811388e-05,CT3__alive,False
lag_05__T_place_LONGDOORS,8.990691276267171e-05,8.990691276267171e-05,T_place_LONGDOORS,False
lag_10__CT3__smoke,8.989714115159586e-05,8.989714115159586e-05,CT3__smoke,True
lag_10__T5__flash,8.989471825771034e-05,8.989471825771034e-05,T5__flash,True
lag_00__T2__has_helmet,8.978115511126816e-05,8.978115511126816e-05,T2__has_helmet,False
lag_12__CT_velocity_mean,-8.968257316155359e-05,8.968257316155359e-05,CT_velocity_mean,False
lag_07__T4__flash_duration,8.967127359937876e-05,8.967127359937876e-05,T4__flash_duration,True
lag_10__CT_place_UNDERA,-8.950028859544545e-05,8.950028859544545e-05,CT_place_UNDERA,False
lag_01__CT1__molly,8.94410113687627e-05,8.94410113687627e-05,CT1__molly,True
lag_14__T4__alive,-8.936859376262873e-05,8.936859376262873e-05,T4__alive,False
lag_08__CT5__flash,8.931942284107208e-05,8.931942284107208e-05,CT5__flash,True
lag_06__T_equip_value_sum,-8.9291061158292e-05,8.9291061158292e-05,T_equip_value_sum,False
lag_14__CT_A_site_active_smokes,8.923821587814018e-05,8.923821587814018e-05,CT_A_site_active_smokes,True
lag_08__T_flashed_players,8.917316154111177e-05,8.917316154111177e-05,T_flashed_players,False
lag_10__CT4__is_walking,8.91701492946595e-05,8.91701492946595e-05,CT4__is_walking,False
lag_11__CT3__smoke,8.910306496545672e-05,8.910306496545672e-05,CT3__smoke,True
lag_15__CT_equip_value_sum,8.903794514480978e-05,8.903794514480978e-05,CT_equip_value_sum,False
lag_15__CT_kills_last_3s,8.901585533749312e-05,8.901585533749312e-05,CT_kills_last_3s,False
lag_14__CT4__molly,8.901382534531876e-05,8.901382534531876e-05,CT4__molly,True
lag_10__T4__flash,-8.898572559701279e-05,8.898572559701279e-05,T4__flash,True
lag_01__CT_walking_count,-8.891351899364963e-05,8.891351899364963e-05,CT_walking_count,False
lag_13__CT2__shots_fired,-8.887291187420487e-05,8.887291187420487e-05,CT2__shots_fired,False
lag_03__T5__alive,-8.887134754331782e-05,8.887134754331782e-05,T5__alive,False
lag_01__T4__has_helmet,-8.88623544597067e-05,8.88623544597067e-05,T4__has_helmet,False
lag_11__CT2__has_defuser,-8.880163659341633e-05,8.880163659341633e-05,CT2__has_defuser,False
lag_04__T5__alive,-8.876215724740177e-05,8.876215724740177e-05,T5__alive,False
lag_06__T_active_infernos,-8.875305502442643e-05,8.875305502442643e-05,T_active_infernos,True
lag_01__round_num,8.874832565197721e-05,8.874832565197721e-05,round_num,False
lag_07__T2__hp,8.870650344761088e-05,8.870650344761088e-05,T2__hp,False
lag_15__CT1__alive,8.867104770615697e-05,8.867104770615697e-05,CT1__alive,False
lag_03__molly_inv_diff,8.86413108673878e-05,8.86413108673878e-05,molly_inv_diff,True
lag_02__CT_duck_amount_mean,8.862921094987541e-05,8.862921094987541e-05,CT_duck_amount_mean,False
lag_14__T_hp_sum,-8.862151298671961e-05,8.862151298671961e-05,T_hp_sum,False
lag_00__CT1__Y,-8.851889288052917e-05,8.851889288052917e-05,CT1__Y,False
lag_00__CT1__shots_fired,8.848956349538639e-05,8.848956349538639e-05,CT1__shots_fired,False
lag_13__CT1__alive,8.845066622598097e-05,8.845066622598097e-05,CT1__alive,False
lag_09__T_flash_inv,8.840183727443218e-05,8.840183727443218e-05,T_flash_inv,True
lag_06__T5__is_walking,8.83471584529616e-05,8.83471584529616e-05,T5__is_walking,False
lag_09__T3__hp,-8.833930041873828e-05,8.833930041873828e-05,T3__hp,False
lag_08__T_macro_OTHER,8.833123138174415e-05,8.833123138174415e-05,T_macro_OTHER,False
lag_01__T5__has_helmet,-8.830382284941152e-05,8.830382284941152e-05,T5__has_helmet,False
lag_15__T4__flash,-8.827372948871925e-05,8.827372948871925e-05,T4__flash,True
lag_11__CT3__armor,-8.821291703497991e-05,8.821291703497991e-05,CT3__armor,False
lag_11__T5__duck_amount,-8.8195622083731e-05,8.8195622083731e-05,T5__duck_amount,False
lag_06__CT5__utility_total,8.816408808343112e-05,8.816408808343112e-05,CT5__utility_total,True
lag_15__T_walking_count,-8.815753972157836e-05,8.815753972157836e-05,T_walking_count,False
lag_00__T_place_TOPOFMID,8.804099343251437e-05,8.804099343251437e-05,T_place_TOPOFMID,False
lag_03__T4__alive,-8.793285815045238e-05,8.793285815045238e-05,T4__alive,False
lag_00__CT_place_HOLE,8.788947889115661e-05,8.788947889115661e-05,CT_place_HOLE,False
lag_01__T3__has_helmet,-8.784650708548725e-05,8.784650708548725e-05,T3__has_helmet,False
lag_12__T_place_TUNNELSTAIRS,-8.78358623594977e-05,8.78358623594977e-05,T_place_TUNNELSTAIRS,False
lag_15__CT5__hp,8.782722579780966e-05,8.782722579780966e-05,CT5__hp,False
lag_04__T4__alive,-8.782489021541551e-05,8.782489021541551e-05,T4__alive,False
lag_13__T1__alive,8.78139107953757e-05,8.78139107953757e-05,T1__alive,False
lag_03__CT_A_site_active_smokes,8.780464122537524e-05,8.780464122537524e-05,CT_A_site_active_smokes,True
lag_04__CT5__flash_duration,8.778503979556262e-05,8.778503979556262e-05,CT5__flash_duration,True
lag_08__CT2__alive,8.77328056958504e-05,8.77328056958504e-05,CT2__alive,False
lag_04__CT_A_site_active_smokes,8.76967387739569e-05,8.76967387739569e-05,CT_A_site_active_smokes,True
lag_14__CT5__armor,8.765039819991216e-05,8.765039819991216e-05,CT5__armor,False
lag_03__CT4__molly,8.758376498008147e-05,8.758376498008147e-05,CT4__molly,True
lag_12__CT_flash_duration_sum,8.756267197895795e-05,8.756267197895795e-05,CT_flash_duration_sum,True
lag_07__CT_place_SHORTSTAIRS,8.752015128266066e-05,8.752015128266066e-05,CT_place_SHORTSTAIRS,False
lag_04__CT4__molly,8.74762554303743e-05,8.74762554303743e-05,CT4__molly,True
lag_02__T_A_site_active_smokes,8.729340333957225e-05,8.729340333957225e-05,T_A_site_active_smokes,True
lag_12__T1__utility_total,8.722626807866618e-05,8.722626807866618e-05,T1__utility_total,True
lag_05__smoke_inv_diff,8.716023148735985e-05,8.716023148735985e-05,smoke_inv_diff,True
lag_01__T_round_start_equip_sum,8.713144779903814e-05,8.713144779903814e-05,T_round_start_equip_sum,False
lag_03__T1__utility_total,8.712783892406151e-05,8.712783892406151e-05,T1__utility_total,True
lag_06__T_flash_duration_sum,8.705844084033743e-05,8.705844084033743e-05,T_flash_duration_sum,True
lag_10__CT_B_site_active_smokes,8.696274744579569e-05,8.696274744579569e-05,CT_B_site_active_smokes,True
lag_09__T_place_MIDDOORS,8.694816642673686e-05,8.694816642673686e-05,T_place_MIDDOORS,False
lag_05__CT2__hp,8.68809875100851e-05,8.68809875100851e-05,CT2__hp,False
lag_13__T5__flash,8.682550833327696e-05,8.682550833327696e-05,T5__flash,True
lag_01__CT_flash_inv,8.679596066940576e-05,8.679596066940576e-05,CT_flash_inv,True
lag_06__T1__has_helmet,8.674788114149123e-05,8.674788114149123e-05,T1__has_helmet,False
lag_11__T3__flash,-8.672687545185909e-05,8.672687545185909e-05,T3__flash,True
lag_03__CT4__X,8.666085341246799e-05,8.666085341246799e-05,CT4__X,False
lag_12__T4__flash_duration,8.665987843414769e-05,8.665987843414769e-05,T4__flash_duration,True
lag_02__T_place_EXTENDEDA,-8.663580229040235e-05,8.663580229040235e-05,T_place_EXTENDEDA,False
lag_09__CT5__has_defuser,8.653996337670833e-05,8.653996337670833e-05,CT5__has_defuser,False
lag_04__CT2__armor,8.653812255943194e-05,8.653812255943194e-05,CT2__armor,False
lag_06__T5__flash,8.652050019009039e-05,8.652050019009039e-05,T5__flash,True
lag_06__CT2__utility_total,8.650789095554501e-05,8.650789095554501e-05,CT2__utility_total,True
lag_12__T_bomb_carrier_alive,8.648135553812608e-05,8.648135553812608e-05,T_bomb_carrier_alive,False
lag_01__T4__X,-8.647516369819641e-05,8.647516369819641e-05,T4__X,False
lag_14__CT_mean_X,8.646845526527613e-05,8.646845526527613e-05,CT_mean_X,False
lag_08__T_place_OUTSIDELONG,8.630807133158669e-05,8.630807133158669e-05,T_place_OUTSIDELONG,False
lag_08__T1__has_helmet,8.623358007753268e-05,8.623358007753268e-05,T1__has_helmet,False
lag_10__T5__duck_amount,-8.61916269059293e-05,8.61916269059293e-05,T5__duck_amount,False
lag_13__CT_mean_X,8.609809447079897e-05,8.609809447079897e-05,CT_mean_X,False
lag_09__T5__hp,-8.604172762716189e-05,8.604172762716189e-05,T5__hp,False
lag_11__T5__utility_total,8.600555156590417e-05,8.600555156590417e-05,T5__utility_total,True
lag_12__CT3__armor,-8.5767540440429e-05,8.5767540440429e-05,CT3__armor,False
lag_11__T4__molly,-8.569195779273286e-05,8.569195779273286e-05,T4__molly,True
lag_06__CT_molly_inv,8.561665163142607e-05,8.561665163142607e-05,CT_molly_inv,True
lag_09__T4__hp,-8.552584768040106e-05,8.552584768040106e-05,T4__hp,False
lag_06__T1__has_bomb,8.550934580853209e-05,8.550934580853209e-05,T1__has_bomb,False
lag_09__CT1__has_defuser,8.545005402993411e-05,8.545005402993411e-05,CT1__has_defuser,False
lag_09__utility_inv_diff,8.542036084691063e-05,8.542036084691063e-05,utility_inv_diff,True
lag_13__T_macro_OTHER,-8.541996066924185e-05,8.541996066924185e-05,T_macro_OTHER,False
lag_07__CT_utility_inv,8.538030670024455e-05,8.538030670024455e-05,CT_utility_inv,True
lag_05__CT_B_site_active_infernos,8.535895904060453e-05,8.535895904060453e-05,CT_B_site_active_infernos,True
lag_11__T_A_site_active_smokes,8.516079833498225e-05,8.516079833498225e-05,T_A_site_active_smokes,True
lag_10__CT2__hp,8.51174772833474e-05,8.51174772833474e-05,CT2__hp,False
lag_12__T_armor_sum,-8.507679012836888e-05,8.507679012836888e-05,T_armor_sum,False
lag_09__CT5__flash_duration,-8.504859579261392e-05,8.504859579261392e-05,CT5__flash_duration,True
lag_15__centroid_distance_xy,8.502910350216553e-05,8.502910350216553e-05,centroid_distance_xy,False
lag_01__CT4__flash,8.498101669829339e-05,8.498101669829339e-05,CT4__flash,True
lag_14__T1__flash,8.490434265695512e-05,8.490434265695512e-05,T1__flash,True
lag_02__T3__alive,-8.486193110002205e-05,8.486193110002205e-05,T3__alive,False
lag_06__CT5__flash_duration,8.479534153593704e-05,8.479534153593704e-05,CT5__flash_duration,True
lag_12__utility_inv_diff,8.47900882945396e-05,8.47900882945396e-05,utility_inv_diff,True
lag_15__T4__molly,-8.468493615509942e-05,8.468493615509942e-05,T4__molly,True
lag_06__CT2__hp,8.462115511065349e-05,8.462115511065349e-05,CT2__hp,False
lag_12__T1__alive,8.461270772386342e-05,8.461270772386342e-05,T1__alive,False
lag_14__CT_damage_last_5s,8.461000834358856e-05,8.461000834358856e-05,CT_damage_last_5s,False
lag_06__T_start_balance_sum,8.460033859591931e-05,8.460033859591931e-05,T_start_balance_sum,False
lag_02__CT3__alive,-8.458625234197825e-05,8.458625234197825e-05,CT3__alive,False
lag_02__T5__duck_amount,8.443817205261439e-05,8.443817205261439e-05,T5__duck_amount,False
lag_10__T1__armor,8.441284444415942e-05,8.441284444415942e-05,T1__armor,False
lag_05__T5__utility_total,8.428269939031452e-05,8.428269939031452e-05,T5__utility_total,True
lag_15__T2__molly,-8.42099980218336e-05,8.42099980218336e-05,T2__molly,True
lag_10__CT3__molly,8.415754564339295e-05,8.415754564339295e-05,CT3__molly,True
lag_01__CT_closest_enemy_dist,8.412891475018114e-05,8.412891475018114e-05,CT_closest_enemy_dist,False
lag_13__T4__molly,-8.392670133616775e-05,8.392670133616775e-05,T4__molly,True
lag_09__CT4__smoke,8.391742449020967e-05,8.391742449020967e-05,CT4__smoke,True
lag_10__T4__molly,-8.386524132220075e-05,8.386524132220075e-05,T4__molly,True
lag_04__CT4__X,8.375925244763494e-05,8.375925244763494e-05,CT4__X,False
lag_05__T_molly_inv,-8.353775774594396e-05,8.353775774594396e-05,T_molly_inv,True
lag_11__T1__armor,8.347525727003813e-05,8.347525727003813e-05,T1__armor,False
lag_04__CT1__smoke,8.346387039637193e-05,8.346387039637193e-05,CT1__smoke,True
lag_02__T5__alive,-8.346126560354605e-05,8.346126560354605e-05,T5__alive,False
lag_08__CT3__armor,-8.343941590283066e-05,8.343941590283066e-05,CT3__armor,False
lag_00__T5__duck_amount,8.339073974639177e-05,8.339073974639177e-05,T5__duck_amount,False
lag_13__CT3__armor,-8.337115286849439e-05,8.337115286849439e-05,CT3__armor,False
lag_07__CT_cash_spent_round_sum,8.32667137729004e-05,8.32667137729004e-05,CT_cash_spent_round_sum,False
lag_01__T_macro_A,8.313482976518571e-05,8.313482976518571e-05,T_macro_A,False
lag_01__T_place_BOMBSITEA,8.313482976518571e-05,8.313482976518571e-05,T_place_BOMBSITEA,False
lag_10__CT1__smoke,8.310836710734293e-05,8.310836710734293e-05,CT1__smoke,True
lag_14__CT4__is_walking,-8.305867959279567e-05,8.305867959279567e-05,CT4__is_walking,False
lag_11__T_place_LONGDOORS,8.3028273365926e-05,8.3028273365926e-05,T_place_LONGDOORS,False
lag_13__CT_B_site_active_smokes,8.299241017084569e-05,8.299241017084569e-05,CT_B_site_active_smokes,True
lag_02__T_active_infernos,8.289183460874483e-05,8.289183460874483e-05,T_active_infernos,True
lag_13__T2__flash,8.285381773021072e-05,8.285381773021072e-05,T2__flash,True
lag_12__T_A_site_active_smokes,8.280000474769622e-05,8.280000474769622e-05,T_A_site_active_smokes,True
lag_11__T3__alive,-8.278872701339424e-05,8.278872701339424e-05,T3__alive,False
lag_13__T1__is_walking,8.275791333289817e-05,8.275791333289817e-05,T1__is_walking,False
lag_10__T_place_TSPAWN,8.274335414171219e-05,8.274335414171219e-05,T_place_TSPAWN,False
lag_07__CT5__flash,8.267581142717972e-05,8.267581142717972e-05,CT5__flash,True
lag_06__T5__has_bomb,8.263862400781363e-05,8.263862400781363e-05,T5__has_bomb,False
lag_00__CT_mean_X,8.259022433776408e-05,8.259022433776408e-05,CT_mean_X,False
lag_02__T4__alive,-8.258000889327377e-05,8.258000889327377e-05,T4__alive,False
lag_06__T_unique_places,-8.2532518717926e-05,8.2532518717926e-05,T_unique_places,False
lag_11__CT3__alive,-8.251981489593163e-05,8.251981489593163e-05,CT3__alive,False
lag_09__T_active_smokes,8.246310608228669e-05,8.246310608228669e-05,T_active_smokes,True
lag_02__CT_A_site_active_smokes,8.24595190351829e-05,8.24595190351829e-05,CT_A_site_active_smokes,True
lag_08__active_infernos_total,8.236295252572745e-05,8.236295252572745e-05,active_infernos_total,True
lag_03__CT1__alive,8.227342186728492e-05,8.227342186728492e-05,CT1__alive,False
lag_02__T_velocity_mean,-8.227341459132731e-05,8.227341459132731e-05,T_velocity_mean,False
lag_02__CT4__molly,8.225215424317867e-05,8.225215424317867e-05,CT4__molly,True
lag_01__T3__hp,-8.222598989959806e-05,8.222598989959806e-05,T3__hp,False
lag_10__T_place_OUTSIDELONG,8.210288797272369e-05,8.210288797272369e-05,T_place_OUTSIDELONG,False
lag_11__CT2__alive,8.209392399294302e-05,8.209392399294302e-05,CT2__alive,False
lag_05__CT_smoke_inv,8.207856444641948e-05,8.207856444641948e-05,CT_smoke_inv,True
lag_14__CT_place_ARAMP,8.199074363801628e-05,8.199074363801628e-05,CT_place_ARAMP,False
lag_09__CT5__smoke,8.189642539946362e-05,8.189642539946362e-05,CT5__smoke,True
lag_09__CT3__hp,-8.183420868590474e-05,8.183420868590474e-05,CT3__hp,False
lag_09__CT4__has_defuser,8.174494723789394e-05,8.174494723789394e-05,CT4__has_defuser,False
lag_12__T_helmet_count,-8.160635479725897e-05,8.160635479725897e-05,T_helmet_count,False
lag_10__CT3__armor,-8.159994467860088e-05,8.159994467860088e-05,CT3__armor,False
lag_07__CT_kills_last_3s,-8.15989333204925e-05,8.15989333204925e-05,CT_kills_last_3s,False
lag_15__CT_damage_last_5s,8.150182839017361e-05,8.150182839017361e-05,CT_damage_last_5s,False
lag_11__T5__alive,-8.142235310515389e-05,8.142235310515389e-05,T5__alive,False
lag_14__spread_diff,8.141838770825416e-05,8.141838770825416e-05,spread_diff,False
lag_07__T4__utility_total,-8.140731370076537e-05,8.140731370076537e-05,T4__utility_total,True
lag_11__CT3__molly,8.130083733703941e-05,8.130083733703941e-05,CT3__molly,True
lag_10__T_kills_last_3s,-8.129791240207851e-05,8.129791240207851e-05,T_kills_last_3s,False
lag_08__T_bomb_carrier_alive,8.126942702801898e-05,8.126942702801898e-05,T_bomb_carrier_alive,False
lag_08__T2__flash,8.12004363979213e-05,8.12004363979213e-05,T2__flash,True
lag_06__CT_active_smokes,8.116261597024277e-05,8.116261597024277e-05,CT_active_smokes,True
lag_07__kill_diff_last_3s,8.115907985484228e-05,8.115907985484228e-05,kill_diff_last_3s,False
lag_09__T1__molly,8.103282016236335e-05,8.103282016236335e-05,T1__molly,True
lag_05__CT_molly_inv,8.102102583507076e-05,8.102102583507076e-05,CT_molly_inv,True
lag_12__molly_inv_diff,8.099935803329572e-05,8.099935803329572e-05,molly_inv_diff,True
lag_02__T4__X,-8.099658589344472e-05,8.099658589344472e-05,T4__X,False
lag_14__CT_molly_inv,8.098653052002192e-05,8.098653052002192e-05,CT_molly_inv,True
lag_03__utility_inv_diff,8.095798693830147e-05,8.095798693830147e-05,utility_inv_diff,True
lag_15__CT3__armor,-8.094699296634644e-05,8.094699296634644e-05,CT3__armor,False
lag_03__T4__X,-8.091835479717702e-05,8.091835479717702e-05,T4__X,False
lag_04__T2__utility_total,8.062239794526249e-05,8.062239794526249e-05,T2__utility_total,True
lag_13__T_flash_duration_sum,8.059977699304e-05,8.059977699304e-05,T_flash_duration_sum,True
lag_11__T4__alive,-8.056263322941959e-05,8.056263322941959e-05,T4__alive,False
lag_08__T_A_site_active_smokes,8.055243961280212e-05,8.055243961280212e-05,T_A_site_active_smokes,True
lag_01__CT5__has_defuser,8.055132639128715e-05,8.055132639128715e-05,CT5__has_defuser,False
lag_08__spread_diff,8.052137854974717e-05,8.052137854974717e-05,spread_diff,False
lag_12__T3__alive,-8.049370808294043e-05,8.049370808294043e-05,T3__alive,False
lag_13__T_A_site_active_smokes,8.048651216086e-05,8.048651216086e-05,T_A_site_active_smokes,True
lag_11__CT_A_site_active_smokes,8.044503192650154e-05,8.044503192650154e-05,CT_A_site_active_smokes,True
lag_04__T4__X,-8.041073306230828e-05,8.041073306230828e-05,T4__X,False
lag_03__T4__utility_total,-8.026380965020508e-05,8.026380965020508e-05,T4__utility_total,True
lag_07__T1__has_helmet,8.02551512606442e-05,8.02551512606442e-05,T1__has_helmet,False
lag_11__CT4__molly,8.024272392503917e-05,8.024272392503917e-05,CT4__molly,True
lag_15__T2__alive,8.02392532932572e-05,8.02392532932572e-05,T2__alive,False
lag_12__CT3__alive,-8.023226837394759e-05,8.023226837394759e-05,CT3__alive,False
lag_11__CT4__duck_amount,8.010861347429454e-05,8.010861347429454e-05,CT4__duck_amount,False
lag_03__CT_utility_inv,8.010654710233212e-05,8.010654710233212e-05,CT_utility_inv,True
lag_01__T5__hp,-8.008749864529818e-05,8.008749864529818e-05,T5__hp,False
lag_05__CT4__X,8.00454945419915e-05,8.00454945419915e-05,CT4__X,False
lag_10__T3__flash,-7.994144834810868e-05,7.994144834810868e-05,T3__flash,True
lag_12__T_macro_MID,7.993901817826554e-05,7.993901817826554e-05,T_macro_MID,False
lag_11__T2__alive,7.990803715074435e-05,7.990803715074435e-05,T2__alive,False
lag_05__damage_diff_last_5s,-7.990047743078321e-05,7.990047743078321e-05,damage_diff_last_5s,False
lag_04__T2__has_bomb,7.987120625330135e-05,7.987120625330135e-05,T2__has_bomb,False
lag_12__T_smoke_inv,7.984405965544283e-05,7.984405965544283e-05,T_smoke_inv,True
lag_10__CT_flash_duration_sum,7.97846369096078e-05,7.97846369096078e-05,CT_flash_duration_sum,True
lag_01__T4__hp,-7.960736547829583e-05,7.960736547829583e-05,T4__hp,False
lag_03__CT1__smoke,7.955217006383464e-05,7.955217006383464e-05,CT1__smoke,True
lag_01__CT1__has_defuser,7.953685417305678e-05,7.953685417305678e-05,CT1__has_defuser,False
lag_06__CT1__has_helmet,-7.94807929196395e-05,7.94807929196395e-05,CT1__has_helmet,False
lag_05__CT5__flash,7.938909402582794e-05,7.938909402582794e-05,CT5__flash,True
lag_11__T_smoke_inv,-7.938284397823736e-05,7.938284397823736e-05,T_smoke_inv,True
lag_05__T_start_balance_sum,7.927535625640303e-05,7.927535625640303e-05,T_start_balance_sum,False
lag_11__CT_flashed_players,7.9234509030357e-05,7.9234509030357e-05,CT_flashed_players,False
lag_12__T5__alive,-7.916516915429384e-05,7.916516915429384e-05,T5__alive,False
lag_05__T_active_infernos,-7.915819151094183e-05,7.915819151094183e-05,T_active_infernos,True
lag_10__T_spread_xy,-7.912288856459782e-05,7.912288856459782e-05,T_spread_xy,False
lag_01__CT_unique_places,7.910827116575092e-05,7.910827116575092e-05,CT_unique_places,False
lag_12__T1__smoke,-7.889707922004163e-05,7.889707922004163e-05,T1__smoke,True
lag_02__T2__shots_fired,-7.885988452471793e-05,7.885988452471793e-05,T2__shots_fired,False
lag_05__CT_velocity_mean,-7.885380182415247e-05,7.885380182415247e-05,CT_velocity_mean,False
lag_09__T4__flash,-7.881096098572016e-05,7.881096098572016e-05,T4__flash,True
lag_10__T_A_site_active_smokes,7.877658208599314e-05,7.877658208599314e-05,T_A_site_active_smokes,True
lag_01__flash_inv_diff,-7.877469761297107e-05,7.877469761297107e-05,flash_inv_diff,True
lag_08__CT5__smoke,7.863278733566403e-05,7.863278733566403e-05,CT5__smoke,True
lag_05__T1__has_bomb,7.84371659392491e-05,7.84371659392491e-05,T1__has_bomb,False
lag_01__T_smoke_inv,7.842446211725473e-05,7.842446211725473e-05,T_smoke_inv,True
lag_09__CT1__alive,7.84216244937852e-05,7.84216244937852e-05,CT1__alive,False
lag_09__T_bomb_carrier_alive,7.84190051490441e-05,7.84190051490441e-05,T_bomb_carrier_alive,False
lag_15__CT_flash_duration_sum,7.8418648627121e-05,7.8418648627121e-05,CT_flash_duration_sum,True
lag_02__T2__has_helmet,7.839148020138964e-05,7.839148020138964e-05,T2__has_helmet,False
lag_12__T4__alive,-7.832924165995792e-05,7.832924165995792e-05,T4__alive,False
lag_08__T3__alive,-7.830875256331638e-05,7.830875256331638e-05,T3__alive,False
lag_02__T5__smoke,7.824785279808566e-05,7.824785279808566e-05,T5__smoke,True
lag_13__T3__alive,-7.824467320460826e-05,7.824467320460826e-05,T3__alive,False
lag_12__CT_A_site_active_smokes,7.821498729754239e-05,7.821498729754239e-05,CT_A_site_active_smokes,True
lag_09__T_place_TOPOFMID,7.816693687345833e-05,7.816693687345833e-05,T_place_TOPOFMID,False
lag_15__T_A_site_active_smokes,7.814626587787643e-05,7.814626587787643e-05,T_A_site_active_smokes,True
lag_01__CT4__smoke,7.811015530023724e-05,7.811015530023724e-05,CT4__smoke,True
lag_00__CT_money_sum,7.805732457200065e-05,7.805732457200065e-05,CT_money_sum,False
lag_08__CT3__alive,-7.805434142937884e-05,7.805434142937884e-05,CT3__alive,False
lag_12__CT4__molly,7.801830361131579e-05,7.801830361131579e-05,CT4__molly,True
lag_13__T_armor_sum,-7.799964805599302e-05,7.799964805599302e-05,T_armor_sum,False
lag_09__CT4__X,7.799758168403059e-05,7.799758168403059e-05,CT4__X,False
lag_13__CT3__alive,-7.799052400514483e-05,7.799052400514483e-05,CT3__alive,False
lag_15__T1__hp,7.796763384249061e-05,7.796763384249061e-05,T1__hp,False
lag_10__CT4__X,7.793451368343085e-05,7.793451368343085e-05,CT4__X,False
lag_08__CT_duck_amount_mean,7.783498585922644e-05,7.783498585922644e-05,CT_duck_amount_mean,False
lag_09__CT2__alive,7.760985317872837e-05,7.760985317872837e-05,CT2__alive,False
lag_00__CT_start_balance_sum,7.758317951811478e-05,7.758317951811478e-05,CT_start_balance_sum,False
lag_07__T_armor_sum,-7.741123408777639e-05,7.741123408777639e-05,T_armor_sum,False
lag_12__T_place_LONGDOORS,7.733256643405184e-05,7.733256643405184e-05,T_place_LONGDOORS,False
lag_06__CT_flash_duration_sum,7.731174991931766e-05,7.731174991931766e-05,CT_flash_duration_sum,True
lag_13__centroid_distance_xy,7.712947262916714e-05,7.712947262916714e-05,centroid_distance_xy,False
lag_08__T5__alive,-7.701628055656329e-05,7.701628055656329e-05,T5__alive,False
lag_07__T_helmet_count,-7.699201523791999e-05,7.699201523791999e-05,T_helmet_count,False
lag_13__T5__alive,-7.695321983192116e-05,7.695321983192116e-05,T5__alive,False
lag_07__T_place_OUTSIDETUNNEL,7.689194899285212e-05,7.689194899285212e-05,T_place_OUTSIDETUNNEL,False
lag_14__T4__utility_total,-7.68849640735425e-05,7.68849640735425e-05,T4__utility_total,True
lag_05__CT2__flash,7.681541319470853e-05,7.681541319470853e-05,CT2__flash,True
lag_08__CT1__molly,7.67610254115425e-05,7.67610254115425e-05,CT1__molly,True
lag_08__CT2__flash,7.67475794418715e-05,7.67475794418715e-05,CT2__flash,True
lag_13__CT_cash_spent_round_sum,7.667297177249566e-05,7.667297177249566e-05,CT_cash_spent_round_sum,False
lag_13__T4__utility_total,-7.660785922780633e-05,7.660785922780633e-05,T4__utility_total,True
lag_07__T2__alive,7.65831209719181e-05,7.65831209719181e-05,T2__alive,False
lag_10__T3__alive,-7.658235699636862e-05,7.658235699636862e-05,T3__alive,False
lag_01__T_macro_MID,-7.654434011783451e-05,7.654434011783451e-05,T_macro_MID,False
lag_13__T_active_smokes,7.636757800355554e-05,7.636757800355554e-05,T_active_smokes,True
lag_04__T4__utility_total,-7.635749352630228e-05,7.635749352630228e-05,T4__utility_total,True
lag_10__CT3__alive,-7.63335992814973e-05,7.63335992814973e-05,CT3__alive,False
lag_06__CT1__smoke,-7.631808693986386e-05,7.631808693986386e-05,CT1__smoke,True
lag_11__T_place_OUTSIDELONG,7.62994823162444e-05,7.62994823162444e-05,T_place_OUTSIDELONG,False
lag_12__CT1__utility_total,7.626177102793008e-05,7.626177102793008e-05,CT1__utility_total,True
lag_04__T2__alive,7.623468991369009e-05,7.623468991369009e-05,T2__alive,False
lag_00__money_diff,7.621157419634983e-05,7.621157419634983e-05,money_diff,False
lag_08__T4__alive,-7.620301767019555e-05,7.620301767019555e-05,T4__alive,False
lag_01__CT3__hp,-7.61711853556335e-05,7.61711853556335e-05,CT3__hp,False
lag_09__T5__smoke,-7.614185597049072e-05,7.614185597049072e-05,T5__smoke,True
lag_13__T4__alive,-7.614065543748438e-05,7.614065543748438e-05,T4__alive,False
lag_08__CT_A_site_active_smokes,7.609187014168128e-05,7.609187014168128e-05,CT_A_site_active_smokes,True
lag_01__CT1__utility_total,7.609160820720717e-05,7.609160820720717e-05,CT1__utility_total,True
lag_01__CT4__has_defuser,7.608803571201861e-05,7.608803571201861e-05,CT4__has_defuser,False
lag_13__CT_A_site_active_smokes,7.602959522046149e-05,7.602959522046149e-05,CT_A_site_active_smokes,True
lag_15__T3__alive,-7.596964132972062e-05,7.596964132972062e-05,T3__alive,False
lag_15__CT4__X,7.590732275275514e-05,7.590732275275514e-05,CT4__X,False
lag_02__T_armor_sum,-7.590692257508636e-05,7.590692257508636e-05,T_armor_sum,False
lag_08__CT4__molly,7.590046152472496e-05,7.590046152472496e-05,CT4__molly,True
lag_05__CT4__duck_amount,7.588313746964559e-05,7.588313746964559e-05,CT4__duck_amount,False
lag_13__CT4__molly,7.583839033031836e-05,7.583839033031836e-05,CT4__molly,True
lag_05__T5__has_bomb,7.580385863548145e-05,7.580385863548145e-05,T5__has_bomb,False
lag_06__T_mean_X,7.580148667329922e-05,7.580148667329922e-05,T_mean_X,False
lag_04__T_smoke_inv,-7.578569784527645e-05,7.578569784527645e-05,T_smoke_inv,True
lag_06__CT_burning_players,7.573402399430051e-05,7.573402399430051e-05,CT_burning_players,False
lag_15__CT3__alive,-7.572287722723559e-05,7.572287722723559e-05,CT3__alive,False
lag_11__T4__duck_amount,7.567638385808095e-05,7.567638385808095e-05,T4__duck_amount,False
lag_13__CT_place_LONGA,-7.565795385744423e-05,7.565795385744423e-05,CT_place_LONGA,False
lag_11__CT4__X,7.550807640654966e-05,7.550807640654966e-05,CT4__X,False
lag_05__CT_spread_xy,7.542956154793501e-05,7.542956154793501e-05,CT_spread_xy,False
lag_01__T1__molly,7.542523235315457e-05,7.542523235315457e-05,T1__molly,True
lag_06__CT4__X,7.537145575042814e-05,7.537145575042814e-05,CT4__X,False
lag_10__T5__alive,-7.531837763963267e-05,7.531837763963267e-05,T5__alive,False
lag_02__T_helmet_count,-7.512379670515656e-05,7.512379670515656e-05,T_helmet_count,False
lag_09__T2__hp,7.504408858949319e-05,7.504408858949319e-05,T2__hp,False
lag_08__CT2__has_defuser,-7.494563033105806e-05,7.494563033105806e-05,CT2__has_defuser,False
lag_04__CT_B_site_active_smokes,7.492604345316067e-05,7.492604345316067e-05,CT_B_site_active_smokes,True
lag_10__T_active_smokes,7.487694529118016e-05,7.487694529118016e-05,T_active_smokes,True
lag_06__T3__has_bomb,7.482484943466261e-05,7.482484943466261e-05,T3__has_bomb,False
lag_15__T5__alive,-7.47157318983227e-05,7.47157318983227e-05,T5__alive,False
lag_01__CT_place_EXTENDEDA,-7.464167720172554e-05,7.464167720172554e-05,CT_place_EXTENDEDA,False
lag_09__T2__molly,-7.462740177288651e-05,7.462740177288651e-05,T2__molly,True
lag_04__T3__shots_fired,7.458255277015269e-05,7.458255277015269e-05,T3__shots_fired,False
lag_10__T4__alive,-7.452306454069912e-05,7.452306454069912e-05,T4__alive,False
lag_05__CT1__has_helmet,-7.449235999956727e-05,7.449235999956727e-05,CT1__has_helmet,False
lag_05__T2__hp,7.448490214301273e-05,7.448490214301273e-05,T2__hp,False
lag_14__CT4__X,7.444254879374057e-05,7.444254879374057e-05,CT4__X,False
lag_10__CT_A_site_active_smokes,7.441436173394322e-05,7.441436173394322e-05,CT_A_site_active_smokes,True
lag_06__T_money_sum,7.428442768286914e-05,7.428442768286914e-05,T_money_sum,False
lag_10__CT4__molly,7.422720227623358e-05,7.422720227623358e-05,CT4__molly,True
lag_13__T_helmet_count,-7.406563963741064e-05,7.406563963741064e-05,T_helmet_count,False
lag_06__T_velocity_mean,7.404917414532974e-05,7.404917414532974e-05,T_velocity_mean,False
lag_15__T4__alive,-7.392677798634395e-05,7.392677798634395e-05,T4__alive,False
lag_01__T3__flash,-7.384311902569607e-05,7.384311902569607e-05,T3__flash,True
lag_01__CT2__has_defuser,7.382668263744563e-05,7.382668263744563e-05,CT2__has_defuser,False
lag_15__CT_A_site_active_smokes,7.381894101854414e-05,7.381894101854414e-05,CT_A_site_active_smokes,True
lag_11__CT5__utility_total,7.375860150204971e-05,7.375860150204971e-05,CT5__utility_total,True
lag_15__CT4__molly,7.363331678789109e-05,7.363331678789109e-05,CT4__molly,True
lag_05__CT_macro_B,7.360409654211253e-05,7.360409654211253e-05,CT_macro_B,False
lag_05__CT_place_BOMBSITEB,7.360409654211253e-05,7.360409654211253e-05,CT_place_BOMBSITEB,False
lag_03__T2__utility_total,7.359752635238692e-05,7.359752635238692e-05,T2__utility_total,True
lag_08__CT4__X,7.347939390456304e-05,7.347939390456304e-05,CT4__X,False
lag_01__T4__flash,-7.33571287128143e-05,7.33571287128143e-05,T4__flash,True
lag_07__CT_velocity_mean,7.332900713663548e-05,7.332900713663548e-05,CT_velocity_mean,False
lag_13__CT_walking_count,-7.330918015213683e-05,7.330918015213683e-05,CT_walking_count,False
lag_09__T_shots_fired_sum,-7.317319978028536e-05,7.317319978028536e-05,T_shots_fired_sum,False
lag_07__CT_damage_last_5s,-7.316040137084201e-05,7.316040137084201e-05,CT_damage_last_5s,False
lag_06__T_macro_OTHER,-7.312978414120153e-05,7.312978414120153e-05,T_macro_OTHER,False
lag_07__CT4__X,7.311787339858711e-05,7.311787339858711e-05,CT4__X,False
lag_10__CT_mean_X,7.311488298000768e-05,7.311488298000768e-05,CT_mean_X,False
lag_03__T4__duck_amount,-7.302426820388064e-05,7.302426820388064e-05,T4__duck_amount,False
lag_12__CT4__X,7.292141526704654e-05,7.292141526704654e-05,CT4__X,False
lag_12__T4__X,7.290496432688087e-05,7.290496432688087e-05,T4__X,False
lag_12__T_B_site_active_smokes,7.290174107765779e-05,7.290174107765779e-05,T_B_site_active_smokes,True
lag_01__T_place_LOWERTUNNEL,-7.277020631590858e-05,7.277020631590858e-05,T_place_LOWERTUNNEL,False
lag_13__CT4__X,7.263552106451243e-05,7.263552106451243e-05,CT4__X,False
lag_07__T_start_balance_sum,7.259372796397656e-05,7.259372796397656e-05,T_start_balance_sum,False
lag_00__T2__armor,7.257708057295531e-05,7.257708057295531e-05,T2__armor,False
lag_14__T3__is_walking,7.25713834981434e-05,7.25713834981434e-05,T3__is_walking,False
lag_13__CT5__utility_total,7.256939716171473e-05,7.256939716171473e-05,CT5__utility_total,True
lag_02__CT_scoped_count,7.250928319990635e-05,7.250928319990635e-05,CT_scoped_count,False
lag_10__T1__has_helmet,7.23812700016424e-05,7.23812700016424e-05,T1__has_helmet,False
lag_09__CT3__armor,-7.226965681184083e-05,7.226965681184083e-05,CT3__armor,False
lag_09__T2__alive,7.223545981105417e-05,7.223545981105417e-05,T2__alive,False
lag_10__T2__utility_total,7.217859820229933e-05,7.217859820229933e-05,T2__utility_total,True
lag_07__T1__has_bomb,7.216003723442554e-05,7.216003723442554e-05,T1__has_bomb,False
lag_11__CT_cash_spent_round_sum,7.211953197838739e-05,7.211953197838739e-05,CT_cash_spent_round_sum,False
lag_06__T_place_LONGDOORS,7.209662726381794e-05,7.209662726381794e-05,T_place_LONGDOORS,False
lag_11__T2__shots_fired,-7.207895396277308e-05,7.207895396277308e-05,T2__shots_fired,False
lag_15__T1__utility_total,7.20502866897732e-05,7.20502866897732e-05,T1__utility_total,True
lag_07__bomb_planted,-7.20377720426768e-05,7.20377720426768e-05,bomb_planted,False
lag_15__CT2__flash,-7.199869287433103e-05,7.199869287433103e-05,CT2__flash,True
lag_02__CT1__hp,7.196723890956491e-05,7.196723890956491e-05,CT1__hp,False
lag_12__T_place_EXTENDEDA,-7.196104706963524e-05,7.196104706963524e-05,T_place_EXTENDEDA,False
lag_10__T_macro_MID,-7.192331395344809e-05,7.192331395344809e-05,T_macro_MID,False
lag_02__T_equip_value_sum,-7.192244083853438e-05,7.192244083853438e-05,T_equip_value_sum,False
lag_13__CT_place_CTSPAWN,7.187292067101225e-05,7.187292067101225e-05,CT_place_CTSPAWN,False
lag_05__CT3__is_scoped,-7.185839785961434e-05,7.185839785961434e-05,CT3__is_scoped,False
lag_15__CT_place_CTSPAWN,7.182601257227361e-05,7.182601257227361e-05,CT_place_CTSPAWN,False
lag_05__T4__X,-7.181417458923534e-05,7.181417458923534e-05,T4__X,False
lag_09__CT_duck_amount_mean,-7.180985267041251e-05,7.180985267041251e-05,CT_duck_amount_mean,False
lag_13__T1__smoke,-7.173172343755141e-05,7.173172343755141e-05,T1__smoke,True
lag_11__CT1__smoke,7.167994772316888e-05,7.167994772316888e-05,CT1__smoke,True
lag_06__seconds_in_round,-7.166249997681007e-05,7.166249997681007e-05,seconds_in_round,False
lag_06__CT_flashed_players,7.163401460275054e-05,7.163401460275054e-05,CT_flashed_players,False
lag_03__CT3__duck_amount,7.162118708947673e-05,7.162118708947673e-05,CT3__duck_amount,False
lag_07__CT2__alive,7.161782559705898e-05,7.161782559705898e-05,CT2__alive,False
lag_04__CT_flash_duration_sum,7.160958193708211e-05,7.160958193708211e-05,CT_flash_duration_sum,True
lag_12__T4__smoke,7.155752973631024e-05,7.155752973631024e-05,T4__smoke,True
lag_15__CT5__armor,7.153833576012403e-05,7.153833576012403e-05,CT5__armor,False
lag_13__T4__X,7.151134195737541e-05,7.151134195737541e-05,T4__X,False
lag_13__T5__is_walking,7.143984839785844e-05,7.143984839785844e-05,T5__is_walking,False
lag_00__CT_place_BOMBSITEB,-7.140946399886161e-05,7.140946399886161e-05,CT_place_BOMBSITEB,False
lag_00__CT_macro_B,-7.140946399886161e-05,7.140946399886161e-05,CT_macro_B,False
lag_13__CT_equip_value_sum,7.140407979022712e-05,7.140407979022712e-05,CT_equip_value_sum,False
lag_00__CT_B_site_active_infernos,7.135068881325424e-05,7.135068881325424e-05,CT_B_site_active_infernos,True
lag_00__T_active_infernos,-7.131180609576404e-05,7.131180609576404e-05,T_active_infernos,True
lag_12__CT_mean_X,7.130254380172119e-05,7.130254380172119e-05,CT_mean_X,False
lag_03__CT5__is_walking,7.127100980142131e-05,7.127100980142131e-05,CT5__is_walking,False
lag_14__T_place_SHORTSTAIRS,7.125377305783331e-05,7.125377305783331e-05,T_place_SHORTSTAIRS,False
lag_15__CT2__duck_amount,-7.116788765415549e-05,7.116788765415549e-05,CT2__duck_amount,False
lag_11__T_place_UNDERA,7.11649190634489e-05,7.11649190634489e-05,T_place_UNDERA,False
lag_06__CT_mean_X,7.111738523235545e-05,7.111738523235545e-05,CT_mean_X,False
lag_11__T1__has_helmet,7.111210288712755e-05,7.111210288712755e-05,T1__has_helmet,False
lag_07__T_scoped_count,7.108794670784846e-05,7.108794670784846e-05,T_scoped_count,False
lag_00__CT2__duck_amount,7.105883560143411e-05,7.105883560143411e-05,CT2__duck_amount,False
lag_15__CT1__hp,7.102772360667586e-05,7.102772360667586e-05,CT1__hp,False
lag_09__CT1__utility_total,7.099848153302446e-05,7.099848153302446e-05,CT1__utility_total,True
lag_03__CT_place_EXTENDEDA,7.096734043443576e-05,7.096734043443576e-05,CT_place_EXTENDEDA,False
lag_14__T_place_TSPAWN,-7.096240005921572e-05,7.096240005921572e-05,T_place_TSPAWN,False
lag_07__T_place_UNDERA,-7.091068982845172e-05,7.091068982845172e-05,T_place_UNDERA,False
lag_14__T1__has_bomb,7.088607526384294e-05,7.088607526384294e-05,T1__has_bomb,False
lag_08__CT2__hp,7.0806076109875e-05,7.0806076109875e-05,CT2__hp,False
lag_14__T_closest_enemy_dist,-7.07463186699897e-05,7.07463186699897e-05,T_closest_enemy_dist,False
lag_01__utility_inv_diff,7.066070247674361e-05,7.066070247674361e-05,utility_inv_diff,True
lag_04__T_place_LONGDOORS,7.063258090056479e-05,7.063258090056479e-05,T_place_LONGDOORS,False
lag_02__T_place_HOLE,-7.058618211885914e-05,7.058618211885914e-05,T_place_HOLE,False
lag_00__T_equip_value_sum,7.053877197904512e-05,7.053877197904512e-05,T_equip_value_sum,False
lag_13__CT4__duck_amount,7.04755075275898e-05,7.04755075275898e-05,CT4__duck_amount,False
lag_14__T_start_balance_sum,7.045118400128558e-05,7.045118400128558e-05,T_start_balance_sum,False
lag_07__T_flashed_players,7.043358345981687e-05,7.043358345981687e-05,T_flashed_players,False
lag_03__CT_mean_X,7.033727160887793e-05,7.033727160887793e-05,CT_mean_X,False
lag_12__CT5__flash,7.029308471828699e-05,7.029308471828699e-05,CT5__flash,True
lag_05__T_money_sum,7.015240407781675e-05,7.015240407781675e-05,T_money_sum,False
lag_02__CT3__smoke,7.013220601947978e-05,7.013220601947978e-05,CT3__smoke,True
lag_11__CT5__flash_duration,7.012020796537399e-05,7.012020796537399e-05,CT5__flash_duration,True
lag_14__CT1__alive,7.011532579781488e-05,7.011532579781488e-05,CT1__alive,False
lag_10__CT5__molly,6.993347778916359e-05,6.993347778916359e-05,CT5__molly,True
lag_06__T4__is_walking,6.977801240282133e-05,6.977801240282133e-05,T4__is_walking,False
lag_06__T1__X,6.977302837185562e-05,6.977302837185562e-05,T1__X,False
lag_09__T_A_site_active_smokes,6.976919394219294e-05,6.976919394219294e-05,T_A_site_active_smokes,True
lag_03__T1__has_bomb,6.9747373345308e-05,6.9747373345308e-05,T1__has_bomb,False
lag_07__T5__has_bomb,6.973744893912226e-05,6.973744893912226e-05,T5__has_bomb,False
lag_02__CT1__alive,6.970106187509373e-05,6.970106187509373e-05,CT1__alive,False
lag_09__active_smokes_total,-6.96755014359951e-05,6.96755014359951e-05,active_smokes_total,True
lag_04__T1__has_bomb,6.966166256461293e-05,6.966166256461293e-05,T1__has_bomb,False
lag_07__CT5__flash_duration,6.956648576306179e-05,6.956648576306179e-05,CT5__flash_duration,True
lag_04__T_place_BOMBSITEA,6.954176933504641e-05,6.954176933504641e-05,T_place_BOMBSITEA,False
lag_04__T_macro_A,6.954176933504641e-05,6.954176933504641e-05,T_macro_A,False
lag_05__CT_burning_players,6.947031943127513e-05,6.947031943127513e-05,CT_burning_players,False
lag_12__T_walking_count,6.946882058400661e-05,6.946882058400661e-05,T_walking_count,False
lag_00__T_cash_spent_round_sum,6.945918721612543e-05,6.945918721612543e-05,T_cash_spent_round_sum,False
lag_06__T_place_OUTSIDE,6.943449261598289e-05,6.943449261598289e-05,T_place_OUTSIDE,False
lag_02__CT_kills_last_3s,6.939223385415971e-05,6.939223385415971e-05,CT_kills_last_3s,False
lag_10__kill_diff_last_3s,6.923818727955222e-05,6.923818727955222e-05,kill_diff_last_3s,False
lag_11__T2__hp,6.913182733114809e-05,6.913182733114809e-05,T2__hp,False
lag_14__T2__alive,6.899174331920221e-05,6.899174331920221e-05,T2__alive,False
lag_03__T_start_balance_sum,6.89480293658562e-05,6.89480293658562e-05,T_start_balance_sum,False
lag_10__CT1__hp,6.894624675624073e-05,6.894624675624073e-05,CT1__hp,False
lag_10__T_bomb_zone_count,6.880408909637481e-05,6.880408909637481e-05,T_bomb_zone_count,False
lag_00__T_macro_OTHER,6.875973485875875e-05,6.875973485875875e-05,T_macro_OTHER,False
lag_05__T3__has_bomb,6.863634916953743e-05,6.863634916953743e-05,T3__has_bomb,False
lag_13__T_duck_amount_mean,6.863600719952956e-05,6.863600719952956e-05,T_duck_amount_mean,False
lag_14__T5__has_bomb,6.850629870314151e-05,6.850629870314151e-05,T5__has_bomb,False
lag_15__T_armor_sum,-6.832272629253566e-05,6.832272629253566e-05,T_armor_sum,False
lag_09__CT_mean_X,6.813574873376638e-05,6.813574873376638e-05,CT_mean_X,False
lag_04__T_start_balance_sum,6.809015030739829e-05,6.809015030739829e-05,T_start_balance_sum,False
lag_08__CT_mean_X,6.804363511037081e-05,6.804363511037081e-05,CT_mean_X,False
lag_06__CT4__is_scoped,6.790842599002644e-05,6.790842599002644e-05,CT4__is_scoped,False
lag_11__T4__flash_duration,6.789738836232573e-05,6.789738836232573e-05,T4__flash_duration,True
lag_08__T2__alive,6.788098835386336e-05,6.788098835386336e-05,T2__alive,False
lag_04__CT1__molly,6.782752461731434e-05,6.782752461731434e-05,CT1__molly,True
lag_09__T3__alive,-6.782579293940216e-05,6.782579293940216e-05,T3__alive,False
lag_07__T_active_infernos,-6.780208786949515e-05,6.780208786949515e-05,T_active_infernos,True
lag_00__CT4__Y,6.776318332413211e-05,6.776318332413211e-05,CT4__Y,False
lag_12__T_equip_value_sum,-6.77390125929378e-05,6.77390125929378e-05,T_equip_value_sum,False
lag_15__T_active_infernos,6.7693050368689e-05,6.7693050368689e-05,T_active_infernos,True
lag_09__CT3__alive,-6.760549877071753e-05,6.760549877071753e-05,CT3__alive,False
lag_11__CT_damage_last_5s,6.752269837306812e-05,6.752269837306812e-05,CT_damage_last_5s,False
lag_03__T5__has_bomb,6.740575918229297e-05,6.740575918229297e-05,T5__has_bomb,False
lag_02__T_place_TSPAWN,6.738356751156971e-05,6.738356751156971e-05,T_place_TSPAWN,False
lag_11__active_smokes_total,-6.737936928402632e-05,6.737936928402632e-05,active_smokes_total,True
lag_04__T5__has_bomb,6.732289330102503e-05,6.732289330102503e-05,T5__has_bomb,False
lag_04__CT1__has_helmet,-6.730603490723297e-05,6.730603490723297e-05,CT1__has_helmet,False
lag_11__T2__utility_total,6.729597225785255e-05,6.729597225785255e-05,T2__utility_total,True
lag_13__CT2__has_helmet,-6.728278094669804e-05,6.728278094669804e-05,CT2__has_helmet,False
lag_12__CT1__molly,6.727951404172927e-05,6.727951404172927e-05,CT1__molly,True
lag_01__CT3__armor,-6.726847641402856e-05,6.726847641402856e-05,CT3__armor,False
lag_02__T_start_balance_sum,6.723760452587157e-05,6.723760452587157e-05,T_start_balance_sum,False
lag_06__T2__utility_total,-6.71523084747605e-05,6.71523084747605e-05,T2__utility_total,True
lag_10__CT2__armor,6.714125629514456e-05,6.714125629514456e-05,CT2__armor,False
lag_12__T_flashed_players,6.708557339152321e-05,6.708557339152321e-05,T_flashed_players,False
lag_04__CT1__flash,-6.708098953822628e-05,6.708098953822628e-05,CT1__flash,True
lag_09__CT1__flash,-6.695350020891055e-05,6.695350020891055e-05,CT1__flash,True
lag_00__T_alive,6.690190639346838e-05,6.690190639346838e-05,T_alive,False
lag_14__CT_spread_xy,6.684573600068688e-05,6.684573600068688e-05,CT_spread_xy,False
lag_08__CT1__alive,6.683051469735801e-05,6.683051469735801e-05,CT1__alive,False
lag_14__T_duck_amount_mean,-6.674644100712612e-05,6.674644100712612e-05,T_duck_amount_mean,False
lag_09__T5__alive,-6.670637958450243e-05,6.670637958450243e-05,T5__alive,False
lag_08__T2__utility_total,6.665666296612471e-05,6.665666296612471e-05,T2__utility_total,True
lag_14__T_scoped_count,6.658044003415853e-05,6.658044003415853e-05,T_scoped_count,False
lag_11__T_armor_sum,-6.652117008343339e-05,6.652117008343339e-05,T_armor_sum,False
lag_14__CT_B_site_active_infernos,6.64157050778158e-05,6.64157050778158e-05,CT_B_site_active_infernos,True
lag_15__T_place_UPPERTUNNEL,6.631025462411344e-05,6.631025462411344e-05,T_place_UPPERTUNNEL,False
lag_12__T4__utility_total,-6.627075345022604e-05,6.627075345022604e-05,T4__utility_total,True
lag_14__T4__X,6.625259266002104e-05,6.625259266002104e-05,T4__X,False
lag_00__T_mean_X,-6.622134969802573e-05,6.622134969802573e-05,T_mean_X,False
lag_10__T_shots_fired_sum,6.61906015011482e-05,6.61906015011482e-05,T_shots_fired_sum,False
lag_11__CT2__flash,6.61653684801422e-05,6.61653684801422e-05,CT2__flash,True
lag_05__T5__flash,6.611982098547742e-05,6.611982098547742e-05,T5__flash,True
lag_13__T2__utility_total,6.610063428524882e-05,6.610063428524882e-05,T2__utility_total,True
lag_09__T4__alive,-6.600204505957663e-05,6.600204505957663e-05,T4__alive,False
lag_14__T_macro_MID,6.595612649107352e-05,6.595612649107352e-05,T_macro_MID,False
lag_09__CT_A_site_active_smokes,6.5905689552892e-05,6.5905689552892e-05,CT_A_site_active_smokes,True
lag_06__CT1__alive,6.590272096218541e-05,6.590272096218541e-05,CT1__alive,False
lag_06__T_place_BOMBSITEB,6.589359691133723e-05,6.589359691133723e-05,T_place_BOMBSITEB,False
lag_06__T_macro_B,6.589359691133723e-05,6.589359691133723e-05,T_macro_B,False
lag_00__T3__duck_amount,6.584993388969451e-05,6.584993388969451e-05,T3__duck_amount,False
lag_09__CT4__molly,6.573998689418659e-05,6.573998689418659e-05,CT4__molly,True
lag_11__CT1__utility_total,6.57179843983613e-05,6.57179843983613e-05,CT1__utility_total,True
lag_12__CT1__alive,6.568928074557334e-05,6.568928074557334e-05,CT1__alive,False
lag_15__T_B_site_active_smokes,6.568168464582413e-05,6.568168464582413e-05,T_B_site_active_smokes,True
lag_13__CT1__hp,6.565722287632525e-05,6.565722287632525e-05,CT1__hp,False
lag_06__CT1__shots_fired,6.561433110618964e-05,6.561433110618964e-05,CT1__shots_fired,False
lag_04__T4__smoke,6.554207357112318e-05,6.554207357112318e-05,T4__smoke,True
lag_04__T_place_TUNNELSTAIRS,-6.551021942868829e-05,6.551021942868829e-05,T_place_TUNNELSTAIRS,False
lag_02__T1__has_bomb,6.550141551997513e-05,6.550141551997513e-05,T1__has_bomb,False
lag_03__T_place_OUTSIDELONG,-6.546430086018518e-05,6.546430086018518e-05,T_place_OUTSIDELONG,False
lag_11__T_helmet_count,-6.540313188452274e-05,6.540313188452274e-05,T_helmet_count,False
lag_02__T_mean_X,6.518804730148986e-05,6.518804730148986e-05,T_mean_X,False
lag_01__T_A_site_active_smokes,6.494103581644595e-05,6.494103581644595e-05,T_A_site_active_smokes,True
lag_07__CT1__has_helmet,-6.485006451839581e-05,6.485006451839581e-05,CT1__has_helmet,False
lag_13__CT1__flash,6.480857700807974e-05,6.480857700807974e-05,CT1__flash,True
lag_11__T_start_balance_sum,6.462817691499367e-05,6.462817691499367e-05,T_start_balance_sum,False
lag_14__T_flash_duration_sum,6.460658914875239e-05,6.460658914875239e-05,T_flash_duration_sum,True
lag_10__T2__alive,6.459754513343796e-05,6.459754513343796e-05,T2__alive,False
lag_06__CT_duck_amount_mean,-6.445884355343878e-05,6.445884355343878e-05,CT_duck_amount_mean,False
lag_05__CT2__armor,6.440911965910345e-05,6.440911965910345e-05,CT2__armor,False
lag_07__CT_flash_duration_sum,6.432402733480558e-05,6.432402733480558e-05,CT_flash_duration_sum,True
lag_11__CT2__hp,6.432056397898123e-05,6.432056397898123e-05,CT2__hp,False
lag_13__CT3__smoke,6.430676148738712e-05,6.430676148738712e-05,CT3__smoke,True
lag_07__T_money_sum,6.429207132896408e-05,6.429207132896408e-05,T_money_sum,False
lag_06__CT_place_BDOORS,-6.425936589948833e-05,6.425936589948833e-05,CT_place_BDOORS,False
lag_09__T2__duck_amount,-6.420062709366903e-05,6.420062709366903e-05,T2__duck_amount,False
lag_09__CT_damage_last_5s,-6.41716833342798e-05,6.41716833342798e-05,CT_damage_last_5s,False
lag_03__CT_molly_inv,6.402965664165094e-05,6.402965664165094e-05,CT_molly_inv,True
lag_14__CT1__smoke,6.39715653960593e-05,6.39715653960593e-05,CT1__smoke,True
lag_13__T_damage_last_5s,-6.394720548996702e-05,6.394720548996702e-05,T_damage_last_5s,False
lag_14__T4__smoke,6.394207593984902e-05,6.394207593984902e-05,T4__smoke,True
lag_02__CT3__molly,6.393542571458966e-05,6.393542571458966e-05,CT3__molly,True
lag_07__CT_burning_players,6.391075294231996e-05,6.391075294231996e-05,CT_burning_players,False
lag_11__T1__has_bomb,6.39012869214639e-05,6.39012869214639e-05,T1__has_bomb,False
lag_06__T_hp_sum,-6.386458699125797e-05,6.386458699125797e-05,T_hp_sum,False
lag_03__CT_spread_xy,6.381139974109828e-05,6.381139974109828e-05,CT_spread_xy,False
lag_13__T1__utility_total,6.376946112141013e-05,6.376946112141013e-05,T1__utility_total,True
lag_15__T2__utility_total,6.37663179077208e-05,6.37663179077208e-05,T2__utility_total,True
lag_04__T_place_OUTSIDETUNNEL,-6.376211968017742e-05,6.376211968017742e-05,T_place_OUTSIDETUNNEL,False
lag_05__T_place_OUTSIDE,6.369179027387872e-05,6.369179027387872e-05,T_place_OUTSIDE,False
lag_05__CT_utility_inv,6.364299770211801e-05,6.364299770211801e-05,CT_utility_inv,True
lag_15__T_helmet_count,-6.356585072353482e-05,6.356585072353482e-05,T_helmet_count,False
lag_11__CT_mean_X,6.355140794767067e-05,6.355140794767067e-05,CT_mean_X,False
lag_09__CT2__has_defuser,-6.345720612443984e-05,6.345720612443984e-05,CT2__has_defuser,False
lag_13__T5__duck_amount,6.340733671095222e-05,6.340733671095222e-05,T5__duck_amount,False
lag_12__CT2__alive,6.334237696137279e-05,6.334237696137279e-05,CT2__alive,False
lag_02__T5__has_bomb,6.330243923002854e-05,6.330243923002854e-05,T5__has_bomb,False
lag_10__CT1__utility_total,6.328389281406999e-05,6.328389281406999e-05,CT1__utility_total,True
lag_06__T_B_site_active_infernos,6.326786387944594e-05,6.326786387944594e-05,T_B_site_active_infernos,True
lag_13__CT_damage_last_5s,6.326325819827616e-05,6.326325819827616e-05,CT_damage_last_5s,False
lag_07__T3__has_bomb,6.314353959169239e-05,6.314353959169239e-05,T3__has_bomb,False
lag_01__T3__alive,-6.313219637377188e-05,6.313219637377188e-05,T3__alive,False
lag_04__T_mean_X,6.313085032161325e-05,6.313085032161325e-05,T_mean_X,False
lag_08__closest_enemy_dist_diff,6.305323768174276e-05,6.305323768174276e-05,closest_enemy_dist_diff,False
lag_09__CT1__hp,6.304018461378291e-05,6.304018461378291e-05,CT1__hp,False
lag_09__CT2__hp,6.29304995527491e-05,6.29304995527491e-05,CT2__hp,False
lag_01__CT3__alive,-6.292714533628896e-05,6.292714533628896e-05,CT3__alive,False
lag_07__T_flash_duration_sum,6.284612754825503e-05,6.284612754825503e-05,T_flash_duration_sum,True
lag_13__T1__hp,6.284394476097077e-05,6.284394476097077e-05,T1__hp,False
lag_05__CT1__shots_fired,6.284058326855302e-05,6.284058326855302e-05,CT1__shots_fired,False
lag_14__CT_burning_players,6.278245564317331e-05,6.278245564317331e-05,CT_burning_players,False
lag_13__CT2__molly,6.276736530708149e-05,6.276736530708149e-05,CT2__molly,True
lag_14__CT2__shots_fired,-6.275746272876859e-05,6.275746272876859e-05,CT2__shots_fired,False
lag_10__T2__shots_fired,6.27404879196547e-05,6.27404879196547e-05,T2__shots_fired,False
lag_13__T2__alive,6.263551767915487e-05,6.263551767915487e-05,T2__alive,False
lag_03__T1__X,6.262023089220747e-05,6.262023089220747e-05,T1__X,False
lag_03__CT2__flash,6.259965448407456e-05,6.259965448407456e-05,CT2__flash,True
lag_15__CT3__is_walking,-6.259707879507914e-05,6.259707879507914e-05,CT3__is_walking,False
lag_10__T_armor_sum,-6.247215060284361e-05,6.247215060284361e-05,T_armor_sum,False
lag_08__T_duck_amount_mean,6.239726644707844e-05,6.239726644707844e-05,T_duck_amount_mean,False
lag_04__CT5__flash,6.23573869233951e-05,6.23573869233951e-05,CT5__flash,True
lag_01__CT1__has_helmet,6.233928434085101e-05,6.233928434085101e-05,CT1__has_helmet,False
lag_03__T5__is_walking,6.230020517250523e-05,6.230020517250523e-05,T5__is_walking,False
lag_05__CT4__is_scoped,6.229194696061313e-05,6.229194696061313e-05,CT4__is_scoped,False
lag_05__T1__X,6.228165875654668e-05,6.228165875654668e-05,T1__X,False
lag_04__CT2__has_defuser,-6.227964331628755e-05,6.227964331628755e-05,CT2__has_defuser,False
lag_14__T_money_sum,6.223662057891488e-05,6.223662057891488e-05,T_money_sum,False
lag_02__T_A_site_active_infernos,-6.222664524102584e-05,6.222664524102584e-05,T_A_site_active_infernos,True
lag_12__T1__has_bomb,6.21297731413506e-05,6.21297731413506e-05,T1__has_bomb,False
lag_01__T5__alive,-6.209016282809898e-05,6.209016282809898e-05,T5__alive,False
lag_14__T3__has_bomb,6.202876102179289e-05,6.202876102179289e-05,T3__has_bomb,False
lag_06__T2__flash,-6.194119487190619e-05,6.194119487190619e-05,T2__flash,True
lag_02__CT1__flash,-6.19286802248098e-05,6.19286802248098e-05,CT1__flash,True
lag_13__T_scoped_count,6.189898704178631e-05,6.189898704178631e-05,T_scoped_count,False
lag_09__T3__X,-6.186437531141564e-05,6.186437531141564e-05,T3__X,False
lag_03__CT_burning_players,6.177389150252566e-05,6.177389150252566e-05,CT_burning_players,False
lag_11__T5__has_bomb,6.175591988721862e-05,6.175591988721862e-05,T5__has_bomb,False
lag_08__T2__hp,6.174803274916485e-05,6.174803274916485e-05,T2__hp,False
lag_11__T_macro_OTHER,-6.172130815684795e-05,6.172130815684795e-05,T_macro_OTHER,False
lag_04__CT_burning_players,6.169802509248257e-05,6.169802509248257e-05,CT_burning_players,False
lag_13__CT_active_infernos,6.16460747551173e-05,6.16460747551173e-05,CT_active_infernos,True
lag_10__CT_shots_fired_sum,6.164216756587848e-05,6.164216756587848e-05,CT_shots_fired_sum,False
lag_12__T_start_balance_sum,6.161515193525702e-05,6.161515193525702e-05,T_start_balance_sum,False
lag_07__T_place_OUTSIDELONG,-6.15002863924019e-05,6.15002863924019e-05,T_place_OUTSIDELONG,False
lag_01__T4__alive,-6.143456266727298e-05,6.143456266727298e-05,T4__alive,False
lag_04__bomb_planted,-6.141296762507409e-05,6.141296762507409e-05,bomb_planted,False
lag_01__CT_A_site_active_smokes,6.134493742138147e-05,6.134493742138147e-05,CT_A_site_active_smokes,True
lag_03__T2__flash,6.134036084404215e-05,6.134036084404215e-05,T2__flash,True
lag_04__T_molly_inv,-6.131341797299683e-05,6.131341797299683e-05,T_molly_inv,True
lag_09__centroid_distance_xy,6.130168912932277e-05,6.130168912932277e-05,centroid_distance_xy,False
lag_01__CT4__molly,6.119072349974886e-05,6.119072349974886e-05,CT4__molly,True
lag_09__flash_inv_diff,-6.118008604971692e-05,6.118008604971692e-05,flash_inv_diff,True
lag_14__T2__utility_total,6.115088035585359e-05,6.115088035585359e-05,T2__utility_total,True
lag_12__T_spread_xy,-6.108939123805612e-05,6.108939123805612e-05,T_spread_xy,False
lag_08__T_start_balance_sum,6.106730870669708e-05,6.106730870669708e-05,T_start_balance_sum,False
lag_13__T_B_site_active_smokes,6.103575287852436e-05,6.103575287852436e-05,T_B_site_active_smokes,True
lag_07__T_macro_OTHER,-6.103548366809264e-05,6.103548366809264e-05,T_macro_OTHER,False
lag_03__T3__has_bomb,6.1032311350572854e-05,6.1032311350572854e-05,T3__has_bomb,False
lag_04__T3__has_bomb,6.0957379901083186e-05,6.0957379901083186e-05,T3__has_bomb,False
lag_14__CT_cash_spent_round_sum,6.09187081863638e-05,6.09187081863638e-05,CT_cash_spent_round_sum,False
lag_10__T_helmet_count,-6.089457019697875e-05,6.089457019697875e-05,T_helmet_count,False
lag_11__CT_flash_duration_sum,6.0889258747920394e-05,6.0889258747920394e-05,CT_flash_duration_sum,True
lag_13__T_place_BOMBSITEA,6.083985499572009e-05,6.083985499572009e-05,T_place_BOMBSITEA,False
lag_13__T_macro_A,6.083985499572009e-05,6.083985499572009e-05,T_macro_A,False
lag_05__CT_mean_X,6.076126737752929e-05,6.076126737752929e-05,CT_mean_X,False
lag_14__molly_inv_diff,6.073468102840707e-05,6.073468102840707e-05,molly_inv_diff,True
lag_10__T_flash_inv,6.0662532632704824e-05,6.0662532632704824e-05,T_flash_inv,True
lag_06__CT2__armor,6.0658101574517787e-05,6.0658101574517787e-05,CT2__armor,False
lag_02__CT_shots_fired_sum,-6.0470942116808146e-05,6.0470942116808146e-05,CT_shots_fired_sum,False
lag_05__T_macro_B,6.044372639735229e-05,6.044372639735229e-05,T_macro_B,False
lag_05__T_place_BOMBSITEB,6.044372639735229e-05,6.044372639735229e-05,T_place_BOMBSITEB,False
lag_08__T1__has_bomb,6.0443297115853056e-05,6.0443297115853056e-05,T1__has_bomb,False
lag_13__T_start_balance_sum,6.042784298188053e-05,6.042784298188053e-05,T_start_balance_sum,False
lag_03__T_mean_X,6.0424747061915696e-05,6.0424747061915696e-05,T_mean_X,False
lag_13__T1__has_bomb,6.039384243194945e-05,6.039384243194945e-05,T1__has_bomb,False
lag_07__CT1__smoke,6.035124897607602e-05,6.035124897607602e-05,CT1__smoke,True
lag_01__T4__duck_amount,-6.0197384300408885e-05,6.0197384300408885e-05,T4__duck_amount,False
lag_05__T_flashed_players,6.01676911173854e-05,6.01676911173854e-05,T_flashed_players,False
lag_14__T4__is_walking,6.014187965774909e-05,6.014187965774909e-05,T4__is_walking,False
lag_03__T_hp_sum,-6.005799150443636e-05,6.005799150443636e-05,T_hp_sum,False
lag_12__T5__has_bomb,6.004397801007144e-05,6.004397801007144e-05,T5__has_bomb,False
lag_07__CT_mean_X,5.990574572933838e-05,5.990574572933838e-05,CT_mean_X,False
lag_02__T4__utility_total,-5.9888985560974106e-05,5.9888985560974106e-05,T4__utility_total,True
lag_10__T_start_balance_sum,5.957300527370535e-05,5.957300527370535e-05,T_start_balance_sum,False
lag_10__CT_walking_count,-5.9556408814387396e-05,5.9556408814387396e-05,CT_walking_count,False
lag_04__CT_place_BOMBSITEB,5.9489888371899724e-05,5.9489888371899724e-05,CT_place_BOMBSITEB,False
lag_04__CT_macro_B,5.9489888371899724e-05,5.9489888371899724e-05,CT_macro_B,False
lag_15__T4__duck_amount,5.945669181528501e-05,5.945669181528501e-05,T4__duck_amount,False
lag_06__flash_inv_diff,5.939838592894375e-05,5.939838592894375e-05,flash_inv_diff,True
lag_11__CT1__has_helmet,-5.937702735536732e-05,5.937702735536732e-05,CT1__has_helmet,False
lag_15__T_start_balance_sum,5.9341891756048426e-05,5.9341891756048426e-05,T_start_balance_sum,False
lag_01__CT_B_site_active_infernos,5.92442047491204e-05,5.92442047491204e-05,CT_B_site_active_infernos,True
lag_10__T1__has_bomb,5.91108291700948e-05,5.91108291700948e-05,T1__has_bomb,False
lag_15__T_place_EXTENDEDA,5.909100218559615e-05,5.909100218559615e-05,T_place_EXTENDEDA,False
lag_12__T1__hp,5.901562690269202e-05,5.901562690269202e-05,T1__hp,False
lag_02__T_place_TUNNELSTAIRS,-5.901157783227973e-05,5.901157783227973e-05,T_place_TUNNELSTAIRS,False
lag_07__CT2__has_helmet,-5.8902274759020656e-05,5.8902274759020656e-05,CT2__has_helmet,False
lag_08__T_armor_sum,-5.8885801990982145e-05,5.8885801990982145e-05,T_armor_sum,False
lag_10__CT2__has_defuser,-5.887887527933344e-05,5.887887527933344e-05,CT2__has_defuser,False
lag_08__T4__flash_duration,5.881571632926352e-05,5.881571632926352e-05,T4__flash_duration,True
lag_14__CT2__flash,-5.8705147239379585e-05,5.8705147239379585e-05,CT2__flash,True
lag_15__T1__has_bomb,5.8637859183363616e-05,5.8637859183363616e-05,T1__has_bomb,False
lag_08__T_helmet_count,-5.863140904693864e-05,5.863140904693864e-05,T_helmet_count,False
lag_07__T_place_OUTSIDE,5.8594741858541965e-05,5.8594741858541965e-05,T_place_OUTSIDE,False
lag_14__T_place_OUTSIDELONG,5.858129952684976e-05,5.858129952684976e-05,T_place_OUTSIDELONG,False
lag_15__CT_B_site_active_smokes,5.857930227648467e-05,5.857930227648467e-05,CT_B_site_active_smokes,True
lag_14__T4__flash_duration,5.856395364389755e-05,5.856395364389755e-05,T4__flash_duration,True
lag_05__CT1__alive,5.8519588492345065e-05,5.8519588492345065e-05,CT1__alive,False
lag_03__T2__alive,5.84734370931983e-05,5.84734370931983e-05,T2__alive,False
lag_07__CT2__flash,5.845494888490066e-05,5.845494888490066e-05,CT2__flash,True
lag_06__T1__smoke,-5.844450060976669e-05,5.844450060976669e-05,T1__smoke,True
lag_08__T5__has_bomb,5.841416714247316e-05,5.841416714247316e-05,T5__has_bomb,False
lag_13__T5__has_bomb,5.836633499711752e-05,5.836633499711752e-05,T5__has_bomb,False
lag_06__T_place_APARTMENTS,5.8335754147265106e-05,5.8335754147265106e-05,T_place_APARTMENTS,False
lag_07__CT1__alive,5.8323759731138125e-05,5.8323759731138125e-05,CT1__alive,False
lag_06__CT3__shots_fired,5.814210817334242e-05,5.814210817334242e-05,CT3__shots_fired,False
lag_13__T_equip_value_sum,-5.812817835249007e-05,5.812817835249007e-05,T_equip_value_sum,False
lag_05__T_B_site_active_infernos,5.8035100664710626e-05,5.8035100664710626e-05,T_B_site_active_infernos,True
lag_15__CT5__is_scoped,-5.801934457849711e-05,5.801934457849711e-05,CT5__is_scoped,False
lag_02__CT_burning_players,5.8013436500914395e-05,5.8013436500914395e-05,CT_burning_players,False
lag_07__T_equip_value_sum,-5.796042023575865e-05,5.796042023575865e-05,T_equip_value_sum,False
lag_00__CT2__Y,-5.781380968983285e-05,5.781380968983285e-05,CT2__Y,False
lag_15__CT_unique_places,5.778419290436432e-05,5.778419290436432e-05,CT_unique_places,False
lag_03__CT1__hp,5.775647150585428e-05,5.775647150585428e-05,CT1__hp,False
lag_14__T1__flash_duration,5.76896381971892e-05,5.76896381971892e-05,T1__flash_duration,True
lag_07__T_unique_places,-5.762004366260953e-05,5.762004366260953e-05,T_unique_places,False
lag_11__T_spread_xy,-5.759674604632892e-05,5.759674604632892e-05,T_spread_xy,False
lag_09__CT_place_SHORTSTAIRS,5.756891187047586e-05,5.756891187047586e-05,CT_place_SHORTSTAIRS,False
lag_08__CT_B_site_active_infernos,-5.7567202020436525e-05,5.7567202020436525e-05,CT_B_site_active_infernos,True
lag_14__T_place_OUTSIDE,5.756027894676663e-05,5.756027894676663e-05,T_place_OUTSIDE,False
lag_03__T_money_sum,5.7505796576151624e-05,5.7505796576151624e-05,T_money_sum,False
lag_00__T_flashed_players,-5.749584670411423e-05,5.749584670411423e-05,T_flashed_players,False
lag_09__CT_spread_xy,-5.748761395807378e-05,5.748761395807378e-05,CT_spread_xy,False
lag_12__CT_scoped_count,-5.742939538322389e-05,5.742939538322389e-05,CT_scoped_count,False
lag_10__T_place_EXTENDEDA,5.739694825024344e-05,5.739694825024344e-05,T_place_EXTENDEDA,False
lag_02__T3__has_bomb,5.7316985476063564e-05,5.7316985476063564e-05,T3__has_bomb,False
lag_06__CT5__flash,5.731401688535698e-05,5.731401688535698e-05,CT5__flash,True
lag_07__CT4__is_scoped,5.7306875532958657e-05,5.7306875532958657e-05,CT4__is_scoped,False
lag_04__T_place_BDOORS,-5.730144039262086e-05,5.730144039262086e-05,T_place_BDOORS,False
lag_03__T_macro_OTHER,5.720351327909157e-05,5.720351327909157e-05,T_macro_OTHER,False
lag_12__T_flash_duration_sum,5.71520249650348e-05,5.71520249650348e-05,T_flash_duration_sum,True
lag_10__T5__has_bomb,5.712635538657196e-05,5.712635538657196e-05,T5__has_bomb,False
lag_02__T1__X,5.6795448472257704e-05,5.6795448472257704e-05,T1__X,False
lag_15__T5__has_bomb,5.666927245329134e-05,5.666927245329134e-05,T5__has_bomb,False
lag_03__T_place_OUTSIDE,5.663557385560125e-05,5.663557385560125e-05,T_place_OUTSIDE,False
lag_09__CT_utility_damage_last_5s,5.661139584844932e-05,5.661139584844932e-05,CT_utility_damage_last_5s,True
lag_11__CT_burning_players,5.6596163631184027e-05,5.6596163631184027e-05,CT_burning_players,False
lag_06__T2__hp,5.656987559632398e-05,5.656987559632398e-05,T2__hp,False
lag_04__T_place_OUTSIDE,5.656602661474608e-05,5.656602661474608e-05,T_place_OUTSIDE,False
lag_00__smoke_inv_diff,5.6534590839874e-05,5.6534590839874e-05,smoke_inv_diff,True
lag_15__T5__is_walking,5.6515218602726236e-05,5.6515218602726236e-05,T5__is_walking,False
lag_03__CT1__shots_fired,5.651146420859732e-05,5.651146420859732e-05,CT1__shots_fired,False
lag_04__CT4__duck_amount,5.6456778111169115e-05,5.6456778111169115e-05,CT4__duck_amount,False
lag_06__T_flash_inv,-5.6405930081382394e-05,5.6405930081382394e-05,T_flash_inv,True
lag_15__T2__flash,5.6383923947578296e-05,5.6383923947578296e-05,T2__flash,True
lag_11__T2__flash,5.634345507132821e-05,5.634345507132821e-05,T2__flash,True
lag_11__T_money_sum,5.633915861835703e-05,5.633915861835703e-05,T_money_sum,False
lag_05__flash_inv_diff,5.630507075693458e-05,5.630507075693458e-05,flash_inv_diff,True
lag_01__T_closest_enemy_dist,-5.6298387789865956e-05,5.6298387789865956e-05,T_closest_enemy_dist,False
lag_14__CT4__is_scoped,5.629520092043094e-05,5.629520092043094e-05,CT4__is_scoped,False
lag_11__T4__X,5.628413782687858e-05,5.628413782687858e-05,T4__X,False
lag_07__T_mean_X,5.6215765653178096e-05,5.6215765653178096e-05,T_mean_X,False
lag_09__T_macro_MID,-5.6196291552623734e-05,5.6196291552623734e-05,T_macro_MID,False
lag_04__T_money_sum,5.606627746601589e-05,5.606627746601589e-05,T_money_sum,False
lag_06__CT_place_RAMP,5.606427293969318e-05,5.606427293969318e-05,CT_place_RAMP,False
lag_11__T3__has_bomb,5.591673107119277e-05,5.591673107119277e-05,T3__has_bomb,False
lag_13__CT_duck_amount_mean,-5.5761076509952545e-05,5.5761076509952545e-05,CT_duck_amount_mean,False
lag_03__T2__has_bomb,5.570891880779527e-05,5.570891880779527e-05,T2__has_bomb,False
lag_14__CT_place_HOLE,-5.565780520555563e-05,5.565780520555563e-05,CT_place_HOLE,False
lag_04__T_place_ARAMP,-5.564925595535897e-05,5.564925595535897e-05,T_place_ARAMP,False
lag_07__T_place_BOMBSITEB,5.5606615205761045e-05,5.5606615205761045e-05,T_place_BOMBSITEB,False
lag_07__T_macro_B,5.5606615205761045e-05,5.5606615205761045e-05,T_macro_B,False
lag_06__CT_place_MIDDLE,5.550976493395865e-05,5.550976493395865e-05,CT_place_MIDDLE,False
lag_02__T_place_OUTSIDETUNNEL,-5.548498666030355e-05,5.548498666030355e-05,T_place_OUTSIDETUNNEL,False
lag_09__T3__flash,-5.5471482482971624e-05,5.5471482482971624e-05,T3__flash,True
lag_15__CT_place_EXTENDEDA,-5.5406795581802726e-05,5.5406795581802726e-05,CT_place_EXTENDEDA,False
lag_03__CT4__is_scoped,5.539080666494556e-05,5.539080666494556e-05,CT4__is_scoped,False
lag_00__CT2__is_walking,-5.538837285712361e-05,5.538837285712361e-05,CT2__is_walking,False
lag_11__T_place_BOMBSITEA,5.538316327147186e-05,5.538316327147186e-05,T_place_BOMBSITEA,False
lag_11__T_macro_A,5.538316327147186e-05,5.538316327147186e-05,T_macro_A,False
lag_15__T1__armor,5.53533791389782e-05,5.53533791389782e-05,T1__armor,False
lag_04__CT4__is_scoped,5.532278009923175e-05,5.532278009923175e-05,CT4__is_scoped,False
lag_06__T5__utility_total,5.530943235498853e-05,5.530943235498853e-05,T5__utility_total,True
lag_13__T_place_TOPOFMID,-5.530861017177813e-05,5.530861017177813e-05,T_place_TOPOFMID,False
lag_10__CT1__armor,5.530258931685239e-05,5.530258931685239e-05,CT1__armor,False
lag_04__T1__X,5.529808549908921e-05,5.529808549908921e-05,T1__X,False
lag_11__CT_kills_last_3s,-5.5229407735168934e-05,5.5229407735168934e-05,CT_kills_last_3s,False
lag_06__T_macro_A,5.521583079826087e-05,5.521583079826087e-05,T_macro_A,False
lag_06__T_place_BOMBSITEA,5.521583079826087e-05,5.521583079826087e-05,T_place_BOMBSITEA,False
lag_12__T_utility_inv,5.519641126738861e-05,5.519641126738861e-05,T_utility_inv,True
lag_12__CT_burning_players,5.502725252881646e-05,5.502725252881646e-05,CT_burning_players,False
lag_06__T1__shots_fired,5.50036238564644e-05,5.50036238564644e-05,T1__shots_fired,False
lag_02__T_money_sum,5.479490209836513e-05,5.479490209836513e-05,T_money_sum,False
lag_14__CT_closest_enemy_dist,-5.478337698150426e-05,5.478337698150426e-05,CT_closest_enemy_dist,False
lag_06__CT5__shots_fired,5.4774540330981836e-05,5.4774540330981836e-05,CT5__shots_fired,False
lag_03__CT2__utility_total,5.473956116475165e-05,5.473956116475165e-05,CT2__utility_total,True
lag_06__CT_place_TUNNELS,5.469877214636654e-05,5.469877214636654e-05,CT_place_TUNNELS,False
lag_14__T_macro_B,5.462490298668854e-05,5.462490298668854e-05,T_macro_B,False
lag_14__T_place_BOMBSITEB,5.462490298668854e-05,5.462490298668854e-05,T_place_BOMBSITEB,False
lag_13__spread_diff,5.449883610708639e-05,5.449883610708639e-05,spread_diff,False
lag_12__T3__has_bomb,5.4366599215427414e-05,5.4366599215427414e-05,T3__has_bomb,False
lag_09__T_flashed_players,-5.4314448789227754e-05,5.4314448789227754e-05,T_flashed_players,False
lag_15__T1__smoke,-5.429322482086718e-05,5.429322482086718e-05,T1__smoke,True
lag_15__T_hp_sum,-5.4196887504076585e-05,5.4196887504076585e-05,T_hp_sum,False
lag_09__T_utility_inv,5.417867942014709e-05,5.417867942014709e-05,T_utility_inv,True
lag_06__T_place_BANANA,5.4055824875831604e-05,5.4055824875831604e-05,T_place_BANANA,False
lag_12__T_hp_sum,-5.4027554142521694e-05,5.4027554142521694e-05,T_hp_sum,False
lag_08__T_flash_inv,5.400803638622165e-05,5.400803638622165e-05,T_flash_inv,True
lag_15__CT5__utility_total,5.398389112087898e-05,5.398389112087898e-05,CT5__utility_total,True
lag_12__T2__hp,5.3977506468072534e-05,5.3977506468072534e-05,T2__hp,False
lag_06__T5__shots_fired,5.394715117290616e-05,5.394715117290616e-05,T5__shots_fired,False
lag_14__T_mean_X,5.393071478465572e-05,5.393071478465572e-05,T_mean_X,False
lag_09__T2__X,-5.38624772161711e-05,5.38624772161711e-05,T2__X,False
lag_03__CT5__flash_duration,-5.3851999837206677e-05,5.3851999837206677e-05,CT5__flash_duration,True
lag_12__T_place_MIDDOORS,5.3753443353343755e-05,5.3753443353343755e-05,T_place_MIDDOORS,False
lag_03__T_place_BOMBSITEB,5.374738611862995e-05,5.374738611862995e-05,T_place_BOMBSITEB,False
lag_03__T_macro_B,5.374738611862995e-05,5.374738611862995e-05,T_macro_B,False
lag_06__T3__shots_fired,-5.374206375563517e-05,5.374206375563517e-05,T3__shots_fired,False
lag_08__CT1__utility_total,5.369718201109208e-05,5.369718201109208e-05,CT1__utility_total,True
lag_04__T_place_BOMBSITEB,5.368136407923885e-05,5.368136407923885e-05,T_place_BOMBSITEB,False
lag_04__T_macro_B,5.368136407923885e-05,5.368136407923885e-05,T_macro_B,False
lag_14__T1__alive,5.364678872865625e-05,5.364678872865625e-05,T1__alive,False
lag_04__T_place_TSPAWN,5.3616557124769315e-05,5.3616557124769315e-05,T_place_TSPAWN,False
lag_06__CT_shots_fired_sum,5.360735303838737e-05,5.360735303838737e-05,CT_shots_fired_sum,False
lag_08__CT_burning_players,5.3533545724349096e-05,5.3533545724349096e-05,CT_burning_players,False
lag_05__T_place_APARTMENTS,5.3510957513935864e-05,5.3510957513935864e-05,T_place_APARTMENTS,False
lag_13__CT_burning_players,5.348973354557529e-05,5.348973354557529e-05,CT_burning_players,False
lag_09__T_start_balance_sum,5.341033829608932e-05,5.341033829608932e-05,T_start_balance_sum,False
lag_07__T_B_site_active_infernos,5.339069684850983e-05,5.339069684850983e-05,T_B_site_active_infernos,True
lag_06__T4__X,-5.335034438758157e-05,5.335034438758157e-05,T4__X,False
lag_05__CT3__shots_fired,5.33333804924041e-05,5.33333804924041e-05,CT3__shots_fired,False
lag_07__T1__X,5.331997817847878e-05,5.331997817847878e-05,T1__X,False
lag_08__CT2__armor,5.328491170075722e-05,5.328491170075722e-05,CT2__armor,False
lag_14__CT1__has_helmet,-5.3188061428954825e-05,5.3188061428954825e-05,CT1__has_helmet,False
lag_02__T_place_OUTSIDE,5.318789044395089e-05,5.318789044395089e-05,T_place_OUTSIDE,False
lag_15__CT1__armor,5.31567056896165e-05,5.31567056896165e-05,CT1__armor,False
lag_06__CT4__shots_fired,5.305061495164409e-05,5.305061495164409e-05,CT4__shots_fired,False
lag_01__CT_place_SHORTSTAIRS,5.299113763612695e-05,5.299113763612695e-05,CT_place_SHORTSTAIRS,False
lag_08__T3__has_bomb,5.289083128445782e-05,5.289083128445782e-05,T3__has_bomb,False
lag_13__T3__has_bomb,5.284758663037792e-05,5.284758663037792e-05,T3__has_bomb,False
lag_13__T_hp_sum,-5.283619248075411e-05,5.283619248075411e-05,T_hp_sum,False
lag_12__centroid_distance_xy,5.279872129904106e-05,5.279872129904106e-05,centroid_distance_xy,False
lag_07__CT3__smoke,-5.266045991447754e-05,5.266045991447754e-05,CT3__smoke,True
lag_08__T_place_TSPAWN,5.265803338261321e-05,5.265803338261321e-05,T_place_TSPAWN,False
lag_03__CT2__has_defuser,-5.260281977825798e-05,5.260281977825798e-05,CT2__has_defuser,False
lag_00__T_armor_sum,5.253319977782667e-05,5.253319977782667e-05,T_armor_sum,False
lag_00__CT_flash_duration_sum,-5.250879257800989e-05,5.250879257800989e-05,CT_flash_duration_sum,True
lag_03__CT2__smoke,5.2465889893937856e-05,5.2465889893937856e-05,CT2__smoke,True
lag_14__T_B_site_active_infernos,5.244814383331686e-05,5.244814383331686e-05,T_B_site_active_infernos,True
lag_01__T_B_site_active_smokes,5.239448364591226e-05,5.239448364591226e-05,T_B_site_active_smokes,True
lag_14__CT_macro_B,5.236195647739805e-05,5.236195647739805e-05,CT_macro_B,False
lag_14__CT_place_BOMBSITEB,5.236195647739805e-05,5.236195647739805e-05,CT_place_BOMBSITEB,False
lag_10__CT_burning_players,5.23533126397524e-05,5.23533126397524e-05,CT_burning_players,False
lag_09__T1__has_bomb,5.235199205344543e-05,5.235199205344543e-05,T1__has_bomb,False
lag_13__T_money_sum,5.2319173846626654e-05,5.2319173846626654e-05,T_money_sum,False
lag_02__T_smoke_inv,5.2297182264737785e-05,5.2297182264737785e-05,T_smoke_inv,True
lag_10__CT1__shots_fired,5.229696398600936e-05,5.229696398600936e-05,CT1__shots_fired,False
lag_05__T_utility_inv,-5.223672269494273e-05,5.223672269494273e-05,T_utility_inv,True
lag_10__molly_inv_diff,-5.222406980465166e-05,5.222406980465166e-05,molly_inv_diff,True
lag_01__CT2__duck_amount,5.220087768975645e-05,5.220087768975645e-05,CT2__duck_amount,False
lag_02__CT_mean_X,5.2171915740473196e-05,5.2171915740473196e-05,CT_mean_X,False
lag_13__CT1__shots_fired,5.216521822148934e-05,5.216521822148934e-05,CT1__shots_fired,False
lag_02__CT4__is_scoped,5.201892417971976e-05,5.201892417971976e-05,CT4__is_scoped,False
lag_15__CT_burning_players,5.193447577767074e-05,5.193447577767074e-05,CT_burning_players,False
lag_06__CT1__is_scoped,5.1905612053815275e-05,5.1905612053815275e-05,CT1__is_scoped,False
lag_01__T_start_balance_sum,5.190506999497302e-05,5.190506999497302e-05,T_start_balance_sum,False
lag_11__T_place_OUTSIDE,5.1888499001506716e-05,5.1888499001506716e-05,T_place_OUTSIDE,False
lag_04__CT_mean_X,5.1863968110410497e-05,5.1863968110410497e-05,CT_mean_X,False
lag_01__CT5__is_walking,-5.1845920097548515e-05,5.1845920097548515e-05,CT5__is_walking,False
lag_12__T_money_sum,5.1843257097061723e-05,5.1843257097061723e-05,T_money_sum,False
lag_07__CT2__hp,5.178846186026931e-05,5.178846186026931e-05,CT2__hp,False
lag_05__T_mean_X,5.178524224902503e-05,5.178524224902503e-05,T_mean_X,False
lag_08__CT3__smoke,5.176904960535467e-05,5.176904960535467e-05,CT3__smoke,True
lag_10__T3__has_bomb,5.172484088689089e-05,5.172484088689089e-05,T3__has_bomb,False
lag_06__CT_round_start_equip_sum,-5.1715862355194986e-05,5.1715862355194986e-05,CT_round_start_equip_sum,False
lag_06__T4__shots_fired,5.1692371926037595e-05,5.1692371926037595e-05,T4__shots_fired,False
lag_08__T_money_sum,5.168453571968712e-05,5.168453571968712e-05,T_money_sum,False
lag_13__CT1__armor,5.1626873755594715e-05,5.1626873755594715e-05,CT1__armor,False
lag_03__T_B_site_active_infernos,5.160555156180635e-05,5.160555156180635e-05,T_B_site_active_infernos,True
lag_14__CT1__hp,5.157419582246803e-05,5.157419582246803e-05,CT1__hp,False
lag_06__CT_place_ALLEY,5.15525862283539e-05,5.15525862283539e-05,CT_place_ALLEY,False
lag_04__T_B_site_active_infernos,5.154221071279608e-05,5.154221071279608e-05,T_B_site_active_infernos,True
lag_08__CT1__hp,5.1503571739885956e-05,5.1503571739885956e-05,CT1__hp,False
lag_05__CT_place_RAMP,5.142733425600454e-05,5.142733425600454e-05,CT_place_RAMP,False
lag_15__T_macro_OTHER,-5.136881736689247e-05,5.136881736689247e-05,T_macro_OTHER,False
lag_15__T3__has_bomb,5.13110171596054e-05,5.13110171596054e-05,T3__has_bomb,False
lag_02__T_place_BDOORS,-5.094886728329584e-05,5.094886728329584e-05,T_place_BDOORS,False
lag_05__CT_place_MIDDLE,5.091872299090028e-05,5.091872299090028e-05,CT_place_MIDDLE,False
lag_02__CT5__flash_duration,-5.088352190796286e-05,5.088352190796286e-05,CT5__flash_duration,True
lag_03__T_alive,-5.079440597910434e-05,5.079440597910434e-05,T_alive,False
lag_11__CT4__is_scoped,5.0748105422826484e-05,5.0748105422826484e-05,CT4__is_scoped,False
lag_05__T4__smoke,5.072828207630664e-05,5.072828207630664e-05,T4__smoke,True
lag_09__T5__has_bomb,5.059445174993016e-05,5.059445174993016e-05,T5__has_bomb,False
lag_04__CT1__alive,5.057322050561197e-05,5.057322050561197e-05,CT1__alive,False
lag_02__T_macro_B,5.047552622272633e-05,5.047552622272633e-05,T_macro_B,False
lag_02__T_place_BOMBSITEB,5.047552622272633e-05,5.047552622272633e-05,T_place_BOMBSITEB,False
lag_05__T1__shots_fired,5.045445141149685e-05,5.045445141149685e-05,T1__shots_fired,False
lag_12__T_place_OUTSIDE,5.0450074922991917e-05,5.0450074922991917e-05,T_place_OUTSIDE,False
lag_15__T_bomb_carrier_alive,5.0272461521672085e-05,5.0272461521672085e-05,T_bomb_carrier_alive,False
lag_06__CT2__has_helmet,-5.026701182941906e-05,5.026701182941906e-05,CT2__has_helmet,False
lag_01__money_diff,5.025423160986975e-05,5.025423160986975e-05,money_diff,False
lag_05__CT5__shots_fired,5.024424535804428e-05,5.024424535804428e-05,CT5__shots_fired,False
lag_00__T_helmet_count,5.0222399295307696e-05,5.0222399295307696e-05,T_helmet_count,False
lag_05__CT_place_TUNNELS,5.017483272240497e-05,5.017483272240497e-05,CT_place_TUNNELS,False
lag_05__T_flash_duration_sum,5.0074642786057666e-05,5.0074642786057666e-05,T_flash_duration_sum,True
lag_09__T2__shots_fired,-4.99641610076651e-05,4.99641610076651e-05,T2__shots_fired,False
lag_08__T_flash_duration_sum,4.991705282009207e-05,4.991705282009207e-05,T_flash_duration_sum,True
lag_09__CT_place_HOLE,-4.986980275134556e-05,4.986980275134556e-05,CT_place_HOLE,False
lag_04__CT3__is_scoped,-4.974067269358784e-05,4.974067269358784e-05,CT3__is_scoped,False
lag_12__CT_duck_amount_mean,-4.9685251724440604e-05,4.9685251724440604e-05,CT_duck_amount_mean,False
lag_10__T_money_sum,4.964032268617302e-05,4.964032268617302e-05,T_money_sum,False
lag_14__T_place_TUNNELSTAIRS,-4.962787716067396e-05,4.962787716067396e-05,T_place_TUNNELSTAIRS,False
lag_05__T_place_BANANA,4.958498902851716e-05,4.958498902851716e-05,T_place_BANANA,False
lag_00__T_A_site_active_infernos,-4.94995474582538e-05,4.94995474582538e-05,T_A_site_active_infernos,True
lag_05__T5__shots_fired,4.9485333875054494e-05,4.9485333875054494e-05,T5__shots_fired,False
lag_12__CT4__is_scoped,4.9341277190251276e-05,4.9341277190251276e-05,CT4__is_scoped,False
lag_13__CT5__duck_amount,-4.933824675390497e-05,4.933824675390497e-05,CT5__duck_amount,False
lag_15__T_place_TSPAWN,4.932202136842534e-05,4.932202136842534e-05,T_place_TSPAWN,False
lag_12__CT2__has_helmet,-4.932029332849197e-05,4.932029332849197e-05,CT2__has_helmet,False
lag_11__CT1__alive,4.927248664898798e-05,4.927248664898798e-05,CT1__alive,False
lag_13__T1__flash_duration,4.9247060815105215e-05,4.9247060815105215e-05,T1__flash_duration,True
lag_11__T_macro_B,4.924242239212617e-05,4.924242239212617e-05,T_macro_B,False
lag_11__T_place_BOMBSITEB,4.924242239212617e-05,4.924242239212617e-05,T_place_BOMBSITEB,False
lag_08__T_place_UNDERA,-4.92300205223728e-05,4.92300205223728e-05,T_place_UNDERA,False
lag_07__T_place_APARTMENTS,4.92286380904261e-05,4.92286380904261e-05,T_place_APARTMENTS,False
lag_13__CT5__is_scoped,4.914056626148522e-05,4.914056626148522e-05,CT5__is_scoped,False
lag_12__CT1__shots_fired,4.91348619107157e-05,4.91348619107157e-05,CT1__shots_fired,False
lag_08__T_place_OUTSIDE,4.908063419861719e-05,4.908063419861719e-05,T_place_OUTSIDE,False
lag_07__CT3__shots_fired,4.9065230996347964e-05,4.9065230996347964e-05,CT3__shots_fired,False
lag_13__T_place_OUTSIDE,4.9040474550565705e-05,4.9040474550565705e-05,T_place_OUTSIDE,False
lag_15__T2__shots_fired,4.899724808637984e-05,4.899724808637984e-05,T2__shots_fired,False
lag_10__T_B_site_active_smokes,4.886798342340626e-05,4.886798342340626e-05,T_B_site_active_smokes,True
lag_12__T_place_TSPAWN,4.886039823759347e-05,4.886039823759347e-05,T_place_TSPAWN,False
lag_15__kill_diff_last_3s,-4.885246744379401e-05,4.885246744379401e-05,kill_diff_last_3s,False
lag_07__T2__utility_total,4.883873771177605e-05,4.883873771177605e-05,T2__utility_total,True
lag_11__CT5__molly,4.881011409452185e-05,4.881011409452185e-05,CT5__molly,True
lag_10__T2__flash,4.876982711721212e-05,4.876982711721212e-05,T2__flash,True
lag_01__T1__has_bomb,4.8729161790106446e-05,4.8729161790106446e-05,T1__has_bomb,False
lag_06__T_flash_alpha_mean,-4.8721107305027544e-05,4.8721107305027544e-05,T_flash_alpha_mean,True
lag_10__T3__X,-4.867968164035119e-05,4.867968164035119e-05,T3__X,False
lag_05__CT4__shots_fired,4.8662928747944534e-05,4.8662928747944534e-05,CT4__shots_fired,False
lag_06__CT_flash_alpha_mean,-4.866165909334086e-05,4.866165909334086e-05,CT_flash_alpha_mean,True
lag_15__T_equip_value_sum,-4.8579728172626346e-05,4.8579728172626346e-05,T_equip_value_sum,False
lag_11__T4__utility_total,-4.8499121476197615e-05,4.8499121476197615e-05,T4__utility_total,True
lag_02__T_B_site_active_infernos,4.8464084102306515e-05,4.8464084102306515e-05,T_B_site_active_infernos,True
lag_15__T_money_sum,4.8436002543894574e-05,4.8436002543894574e-05,T_money_sum,False
lag_07__T_utility_inv,-4.836344305658713e-05,4.836344305658713e-05,T_utility_inv,True
lag_14__T_place_APARTMENTS,4.835956133319996e-05,4.835956133319996e-05,T_place_APARTMENTS,False
lag_02__T2__X,-4.829902536584996e-05,4.829902536584996e-05,T2__X,False
lag_02__CT_velocity_mean,-4.824684583581984e-05,4.824684583581984e-05,CT_velocity_mean,False
lag_14__CT3__shots_fired,4.819901005248539e-05,4.819901005248539e-05,CT3__shots_fired,False
lag_07__CT4__duck_amount,4.814887870452367e-05,4.814887870452367e-05,CT4__duck_amount,False
lag_06__T_place_TRAMP,4.8125664761755615e-05,4.8125664761755615e-05,T_place_TRAMP,False
lag_13__T_place_TSPAWN,4.811158942175098e-05,4.811158942175098e-05,T_place_TSPAWN,False
lag_14__CT5__smoke,4.8091489588841796e-05,4.8091489588841796e-05,CT5__smoke,True
lag_13__CT_place_HOLE,4.807172081200406e-05,4.807172081200406e-05,CT_place_HOLE,False
lag_08__CT4__is_scoped,4.800189708475955e-05,4.800189708475955e-05,CT4__is_scoped,False
lag_10__T_place_OUTSIDE,4.7998611989896744e-05,4.7998611989896744e-05,T_place_OUTSIDE,False
lag_12__T4__duck_amount,-4.799230009666644e-05,4.799230009666644e-05,T4__duck_amount,False
lag_13__CT4__is_scoped,4.796265056938864e-05,4.796265056938864e-05,CT4__is_scoped,False
lag_12__T_place_BOMBSITEB,4.787732905242592e-05,4.787732905242592e-05,T_place_BOMBSITEB,False
lag_12__T_macro_B,4.787732905242592e-05,4.787732905242592e-05,T_macro_B,False
lag_06__T_place_RUINS,4.78342262795195e-05,4.78342262795195e-05,T_place_RUINS,False
lag_02__T_place_MIDDLE,-4.780449307872914e-05,4.780449307872914e-05,T_place_MIDDLE,False
lag_04__T2__flash,4.779140363098122e-05,4.779140363098122e-05,T2__flash,True
lag_06__CT_place_CONNECTOR,4.779102164320648e-05,4.779102164320648e-05,CT_place_CONNECTOR,False
lag_06__CT_place_BOMBSITEB,4.77171633974649e-05,4.77171633974649e-05,CT_place_BOMBSITEB,False
lag_06__CT_macro_B,4.77171633974649e-05,4.77171633974649e-05,CT_macro_B,False
lag_09__CT2__armor,4.7669887862866744e-05,4.7669887862866744e-05,CT2__armor,False
lag_02__T2__is_walking,-4.766810525325127e-05,4.766810525325127e-05,T2__is_walking,False
lag_15__T_place_OUTSIDE,4.761456875712611e-05,4.761456875712611e-05,T_place_OUTSIDE,False
lag_05__CT1__is_scoped,4.7612644266337156e-05,4.7612644266337156e-05,CT1__is_scoped,False
lag_03__T_place_APARTMENTS,4.758264185511507e-05,4.758264185511507e-05,T_place_APARTMENTS,False
lag_12__CT5__molly,4.756648559123278e-05,4.756648559123278e-05,CT5__molly,True
lag_04__T_place_APARTMENTS,4.752422319143079e-05,4.752422319143079e-05,T_place_APARTMENTS,False
lag_03__money_diff,4.7475998144363984e-05,4.7475998144363984e-05,money_diff,False
lag_03__CT3__shots_fired,4.742470264318399e-05,4.742470264318399e-05,CT3__shots_fired,False
lag_05__T_flash_inv,-4.742361852549948e-05,4.742361852549948e-05,T_flash_inv,True
lag_05__T4__shots_fired,4.741704833577387e-05,4.741704833577387e-05,T4__shots_fired,False
lag_04__T_place_HOLE,4.741099837701768e-05,4.741099837701768e-05,T_place_HOLE,False
lag_06__T4__is_scoped,4.739850919577293e-05,4.739850919577293e-05,T4__is_scoped,False
lag_04__CT3__shots_fired,4.7366469516418874e-05,4.7366469516418874e-05,CT3__shots_fired,False
lag_07__CT_place_RAMP,4.731177250505425e-05,4.731177250505425e-05,CT_place_RAMP,False
lag_05__CT_place_ALLEY,4.7288849600590765e-05,4.7288849600590765e-05,CT_place_ALLEY,False
lag_11__T_B_site_active_infernos,4.728010026155971e-05,4.728010026155971e-05,T_B_site_active_infernos,True
lag_13__T_macro_MID,4.722348239738494e-05,4.722348239738494e-05,T_macro_MID,False
lag_05__CT_round_start_equip_sum,-4.7207402531057596e-05,4.7207402531057596e-05,CT_round_start_equip_sum,False
lag_05__T_alive,4.7169800382107496e-05,4.7169800382107496e-05,T_alive,False
lag_05__bomb_planted,-4.716241164715029e-05,4.716241164715029e-05,bomb_planted,False
lag_06__CT2__flash,4.7116962377913296e-05,4.7116962377913296e-05,CT2__flash,True
lag_01__T5__has_bomb,4.709322820417583e-05,4.709322820417583e-05,T5__has_bomb,False
lag_02__T2__molly,-4.695311145042069e-05,4.695311145042069e-05,T2__molly,True
lag_06__T_place_PALACEINTERIOR,4.694792005466297e-05,4.694792005466297e-05,T_place_PALACEINTERIOR,False
lag_10__CT4__is_scoped,4.6943689085310325e-05,4.6943689085310325e-05,CT4__is_scoped,False
lag_06__T_place_TSIDEUPPER,4.689554771175608e-05,4.689554771175608e-05,T_place_TSIDEUPPER,False
lag_13__T3__flash_duration,4.684855593950488e-05,4.684855593950488e-05,T3__flash_duration,True
lag_07__CT_place_MIDDLE,4.684383748099208e-05,4.684383748099208e-05,CT_place_MIDDLE,False
lag_09__CT1__armor,4.68140933662653e-05,4.68140933662653e-05,CT1__armor,False
lag_06__CT_place_CATWALK,4.6692683099536225e-05,4.6692683099536225e-05,CT_place_CATWALK,False
lag_07__CT2__duck_amount,-4.667618122766726e-05,4.667618122766726e-05,CT2__duck_amount,False
lag_05__CT2__molly,4.665634696721099e-05,4.665634696721099e-05,CT2__molly,True
lag_08__T_place_BOMBSITEB,4.6577712055295706e-05,4.6577712055295706e-05,T_place_BOMBSITEB,False
lag_08__T_macro_B,4.6577712055295706e-05,4.6577712055295706e-05,T_macro_B,False
lag_15__CT4__is_scoped,4.6568107791244984e-05,4.6568107791244984e-05,CT4__is_scoped,False
lag_09__T_macro_A,-4.654962685890496e-05,4.654962685890496e-05,T_macro_A,False
lag_09__T_place_BOMBSITEA,-4.654962685890496e-05,4.654962685890496e-05,T_place_BOMBSITEA,False
lag_13__T_macro_B,4.653957512346096e-05,4.653957512346096e-05,T_macro_B,False
lag_13__T_place_BOMBSITEB,4.653957512346096e-05,4.653957512346096e-05,T_place_BOMBSITEB,False
lag_10__T_place_BOMBSITEA,-4.647800960810855e-05,4.647800960810855e-05,T_place_BOMBSITEA,False
lag_10__T_macro_A,-4.647800960810855e-05,4.647800960810855e-05,T_macro_A,False
lag_14__CT_place_RAMP,4.647647074307315e-05,4.647647074307315e-05,CT_place_RAMP,False
lag_06__money_diff,4.646674278774299e-05,4.646674278774299e-05,money_diff,False
lag_12__T2__alive,4.645108128897846e-05,4.645108128897846e-05,T2__alive,False
lag_07__T1__shots_fired,4.6416695113293827e-05,4.6416695113293827e-05,T1__shots_fired,False
lag_10__CT_B_site_active_infernos,4.640959741664119e-05,4.640959741664119e-05,CT_B_site_active_infernos,True
lag_09__CT_burning_players,4.636718222172931e-05,4.636718222172931e-05,CT_burning_players,False
lag_11__CT2__armor,4.635560617316514e-05,4.635560617316514e-05,CT2__armor,False
lag_04__money_diff,4.634998913388699e-05,4.634998913388699e-05,money_diff,False
lag_10__T2__hp,4.6347020543180406e-05,4.6347020543180406e-05,T2__hp,False
lag_02__T1__is_walking,-4.632584750652313e-05,4.632584750652313e-05,T1__is_walking,False
lag_12__CT2__hp,4.625001747626811e-05,4.625001747626811e-05,CT2__hp,False
lag_07__CT5__shots_fired,4.622335472959094e-05,4.622335472959094e-05,CT5__shots_fired,False
lag_06__CT3__is_walking,4.617305239662528e-05,4.617305239662528e-05,CT3__is_walking,False
lag_07__CT_place_TUNNELS,4.615946454578079e-05,4.615946454578079e-05,CT_place_TUNNELS,False
lag_06__CT_place_BANANA,4.6080655010882765e-05,4.6080655010882765e-05,CT_place_BANANA,False
lag_15__T4__utility_total,-4.604543573805131e-05,4.604543573805131e-05,T4__utility_total,True
lag_06__T5__is_scoped,4.602981425705366e-05,4.602981425705366e-05,T5__is_scoped,False
lag_14__CT_place_MIDDLE,4.601683758664876e-05,4.601683758664876e-05,CT_place_MIDDLE,False
lag_06__CT_A_site_active_infernos,4.5986300392542034e-05,4.5986300392542034e-05,CT_A_site_active_infernos,True
lag_06__T3__flash_duration,4.5978256821399555e-05,4.5978256821399555e-05,T3__flash_duration,True
lag_12__T_B_site_active_infernos,4.5969449274707586e-05,4.5969449274707586e-05,T_B_site_active_infernos,True
lag_06__CT_place_OUTSIDE,4.59324182884302e-05,4.59324182884302e-05,CT_place_OUTSIDE,False
lag_13__T2__hp,4.5894998038420454e-05,4.5894998038420454e-05,T2__hp,False
lag_02__money_diff,4.588966476148926e-05,4.588966476148926e-05,money_diff,False
lag_09__T3__has_bomb,4.581054236041382e-05,4.581054236041382e-05,T3__has_bomb,False
lag_15__T1__has_helmet,4.576585706672631e-05,4.576585706672631e-05,T1__has_helmet,False
lag_09__T_duck_amount_mean,-4.573762998916209e-05,4.573762998916209e-05,T_duck_amount_mean,False
lag_03__CT_place_RAMP,4.572985562845133e-05,4.572985562845133e-05,CT_place_RAMP,False
lag_04__CT_place_RAMP,4.567369614960626e-05,4.567369614960626e-05,CT_place_RAMP,False
lag_05__T2__has_bomb,4.5643238991033286e-05,4.5643238991033286e-05,T2__has_bomb,False
lag_13__CT3__duck_amount,-4.563788024825044e-05,4.563788024825044e-05,CT3__duck_amount,False
lag_15__T4__X,4.562712638289668e-05,4.562712638289668e-05,T4__X,False
lag_07__T_place_BANANA,4.5616860006703064e-05,4.5616860006703064e-05,T_place_BANANA,False
lag_14__T1__shots_fired,4.559725130093284e-05,4.559725130093284e-05,T1__shots_fired,False
lag_10__T_macro_B,4.5550859795184806e-05,4.5550859795184806e-05,T_macro_B,False
lag_10__T_place_BOMBSITEB,4.5550859795184806e-05,4.5550859795184806e-05,T_place_BOMBSITEB,False
lag_07__T5__shots_fired,4.552519021672197e-05,4.552519021672197e-05,T5__shots_fired,False
lag_06__CT_place_TOPOFMID,4.550927769741975e-05,4.550927769741975e-05,CT_place_TOPOFMID,False
lag_11__T_equip_value_sum,-4.547727439785376e-05,4.547727439785376e-05,T_equip_value_sum,False
lag_09__T_B_site_active_smokes,4.5450651668943465e-05,4.5450651668943465e-05,T_B_site_active_smokes,True
lag_14__CT5__shots_fired,4.5407345169223845e-05,4.5407345169223845e-05,CT5__shots_fired,False
lag_14__CT_place_TUNNELS,4.5344535465119407e-05,4.5344535465119407e-05,CT_place_TUNNELS,False
lag_03__CT_place_MIDDLE,4.527756027528085e-05,4.527756027528085e-05,CT_place_MIDDLE,False
lag_07__T_bomb_zone_count,4.526306292973459e-05,4.526306292973459e-05,T_bomb_zone_count,False
lag_04__CT_place_MIDDLE,4.522196832112968e-05,4.522196832112968e-05,CT_place_MIDDLE,False
lag_15__T_place_BOMBSITEB,4.518640707829036e-05,4.518640707829036e-05,T_place_BOMBSITEB,False
lag_15__T_macro_B,4.518640707829036e-05,4.518640707829036e-05,T_macro_B,False
lag_02__CT1__has_helmet,-4.511877705226652e-05,4.511877705226652e-05,CT1__has_helmet,False
lag_10__spread_diff,4.511134102358483e-05,4.511134102358483e-05,spread_diff,False
lag_02__T1__alive,4.510503276833333e-05,4.510503276833333e-05,T1__alive,False
lag_02__T_place_TOPOFMID,-4.500177601585165e-05,4.500177601585165e-05,T_place_TOPOFMID,False
lag_03__T1__shots_fired,4.486472607823089e-05,4.486472607823089e-05,T1__shots_fired,False
lag_07__CT1__hp,4.482816075324081e-05,4.482816075324081e-05,CT1__hp,False
lag_14__T_place_BANANA,4.481151336221956e-05,4.481151336221956e-05,T_place_BANANA,False
lag_04__T1__shots_fired,4.480963252717629e-05,4.480963252717629e-05,T1__shots_fired,False
lag_07__CT4__shots_fired,4.476858885027468e-05,4.476858885027468e-05,CT4__shots_fired,False
lag_08__T_B_site_active_infernos,4.4721600716002285e-05,4.4721600716002285e-05,T_B_site_active_infernos,True
lag_14__T5__shots_fired,4.472144428291358e-05,4.472144428291358e-05,T5__shots_fired,False
lag_11__T_scoped_count,4.470311614568345e-05,4.470311614568345e-05,T_scoped_count,False
lag_05__T_flash_alpha_mean,-4.4691543735098094e-05,4.4691543735098094e-05,T_flash_alpha_mean,True
lag_02__T_place_APARTMENTS,4.468607221497223e-05,4.468607221497223e-05,T_place_APARTMENTS,False
lag_13__T_B_site_active_infernos,4.468502083909698e-05,4.468502083909698e-05,T_B_site_active_infernos,True
lag_03__CT5__shots_fired,4.4677894038613886e-05,4.4677894038613886e-05,CT5__shots_fired,False
lag_11__T_flash_duration_sum,4.465827805688605e-05,4.465827805688605e-05,T_flash_duration_sum,True
lag_05__CT_flash_alpha_mean,-4.463698132894933e-05,4.463698132894933e-05,CT_flash_alpha_mean,True
lag_04__CT5__shots_fired,4.462304059416056e-05,4.462304059416056e-05,CT5__shots_fired,False
lag_03__CT_place_TUNNELS,4.461609569261782e-05,4.461609569261782e-05,CT_place_TUNNELS,False
lag_04__CT_place_TUNNELS,4.456129317986779e-05,4.456129317986779e-05,CT_place_TUNNELS,False
lag_02__CT3__shots_fired,4.453774090507068e-05,4.453774090507068e-05,CT3__shots_fired,False
lag_06__CT_place_ARCH,4.4514577894005924e-05,4.4514577894005924e-05,CT_place_ARCH,False
lag_12__CT1__hp,4.444935984793119e-05,4.444935984793119e-05,CT1__hp,False
lag_12__CT_damage_last_5s,4.4440184865379706e-05,4.4440184865379706e-05,CT_damage_last_5s,False
lag_06__CT_place_PIT,4.442991848918609e-05,4.442991848918609e-05,CT_place_PIT,False
lag_12__T_flash_inv,4.442853241926059e-05,4.442853241926059e-05,T_flash_inv,True
lag_08__CT_flashed_players,-4.441163764568046e-05,4.441163764568046e-05,CT_flashed_players,False
lag_02__T_bomb_carrier_alive,4.424445432960056e-05,4.424445432960056e-05,T_bomb_carrier_alive,False
lag_05__T_place_TRAMP,4.414533395902254e-05,4.414533395902254e-05,T_place_TRAMP,False
lag_14__T_alive,-4.412220368976705e-05,4.412220368976705e-05,T_alive,False
lag_06__CT_place_APARTMENTS,4.4105770939495414e-05,4.4105770939495414e-05,CT_place_APARTMENTS,False
lag_03__T_place_BANANA,4.4091648305766284e-05,4.4091648305766284e-05,T_place_BANANA,False
lag_06__T_place_LOBBY,4.404243372846395e-05,4.404243372846395e-05,T_place_LOBBY,False
lag_04__T_place_BANANA,4.403744969749823e-05,4.403744969749823e-05,T_place_BANANA,False
lag_05__T_place_BDOORS,-4.403116327011958e-05,4.403116327011958e-05,T_place_BDOORS,False
lag_03__T5__shots_fired,4.400303078000434e-05,4.400303078000434e-05,T5__shots_fired,False
lag_06__CT_utility_damage_last_5s,4.398003511596471e-05,4.398003511596471e-05,CT_utility_damage_last_5s,True
lag_14__CT4__shots_fired,4.397822340251878e-05,4.397822340251878e-05,CT4__shots_fired,False
lag_04__T5__shots_fired,4.394896677695215e-05,4.394896677695215e-05,T5__shots_fired,False
lag_04__T_place_TOPOFMID,4.393843119032681e-05,4.393843119032681e-05,T_place_TOPOFMID,False
lag_05__T_place_RUINS,4.387803346617147e-05,4.387803346617147e-05,T_place_RUINS,False
lag_05__CT_place_CONNECTOR,4.383836858323775e-05,4.383836858323775e-05,CT_place_CONNECTOR,False
lag_07__CT1__duck_amount,4.3815434764837846e-05,4.3815434764837846e-05,CT1__duck_amount,False
lag_07__CT1__is_scoped,4.380235986900516e-05,4.380235986900516e-05,CT1__is_scoped,False
lag_12__CT3__smoke,4.3747586460085586e-05,4.3747586460085586e-05,CT3__smoke,True
lag_10__T_B_site_active_infernos,4.373571209725924e-05,4.373571209725924e-05,T_B_site_active_infernos,True
lag_05__T_place_BOMBSITEA,4.373563569970429e-05,4.373563569970429e-05,T_place_BOMBSITEA,False
lag_05__T_macro_A,4.373563569970429e-05,4.373563569970429e-05,T_macro_A,False
lag_08__T3__X,-4.368508234620094e-05,4.368508234620094e-05,T3__X,False
lag_03__T1__is_walking,-4.3663691030815244e-05,4.3663691030815244e-05,T1__is_walking,False
lag_07__T4__shots_fired,4.362238905741833e-05,4.362238905741833e-05,T4__shots_fired,False
lag_11__T_place_APARTMENTS,4.359443119028583e-05,4.359443119028583e-05,T_place_APARTMENTS,False
lag_05__CT_shots_fired_sum,4.3574273149715737e-05,4.3574273149715737e-05,CT_shots_fired_sum,False
lag_11__T_B_site_active_smokes,4.355386408860795e-05,4.355386408860795e-05,T_B_site_active_smokes,True
lag_07__CT_place_ALLEY,4.3504460336407647e-05,4.3504460336407647e-05,CT_place_ALLEY,False
lag_05__T4__is_scoped,4.347829963080585e-05,4.347829963080585e-05,T4__is_scoped,False
lag_11__CT3__shots_fired,4.344968328950927e-05,4.344968328950927e-05,CT3__shots_fired,False
lag_15__T_B_site_active_infernos,4.3385738536017016e-05,4.3385738536017016e-05,T_B_site_active_infernos,True
lag_00__CT_mean_Y,-4.3352589273126796e-05,4.3352589273126796e-05,CT_mean_Y,False
lag_09__T_money_sum,4.33347377111204e-05,4.33347377111204e-05,T_money_sum,False
lag_09__T_helmet_count,-4.3277472286717966e-05,4.3277472286717966e-05,T_helmet_count,False
lag_03__CT4__shots_fired,4.327173519413918e-05,4.327173519413918e-05,CT4__shots_fired,False
lag_04__CT4__shots_fired,4.3218631617492065e-05,4.3218631617492065e-05,CT4__shots_fired,False
lag_06__CT_place_RUINS,4.317354250815697e-05,4.317354250815697e-05,CT_place_RUINS,False
lag_01__CT_burning_players,4.315854675951414e-05,4.315854675951414e-05,CT_burning_players,False
lag_12__CT1__has_helmet,-4.3144129449501634e-05,4.3144129449501634e-05,CT1__has_helmet,False
lag_01__T_hp_sum,4.310203075874597e-05,4.310203075874597e-05,T_hp_sum,False
lag_06__T4__smoke,4.3065119825769216e-05,4.3065119825769216e-05,T4__smoke,True
lag_05__T_place_PALACEINTERIOR,4.3064981582574546e-05,4.3064981582574546e-05,T_place_PALACEINTERIOR,False
lag_14__CT1__is_scoped,4.3029045627918094e-05,4.3029045627918094e-05,CT1__is_scoped,False
lag_11__CT_place_CTSPAWN,4.302782690501772e-05,4.302782690501772e-05,CT_place_CTSPAWN,False
lag_05__T_place_TSIDEUPPER,4.3016960262320936e-05,4.3016960262320936e-05,T_place_TSIDEUPPER,False
lag_03__T4__smoke,4.296305633033626e-05,4.296305633033626e-05,T4__smoke,True
lag_02__CT_place_RAMP,4.2946070607285947e-05,4.2946070607285947e-05,CT_place_RAMP,False
lag_06__T2__alive,4.291814911994152e-05,4.291814911994152e-05,T2__alive,False
lag_14__T_macro_A,4.2905267036985606e-05,4.2905267036985606e-05,T_macro_A,False
lag_14__T_place_BOMBSITEA,4.2905267036985606e-05,4.2905267036985606e-05,T_place_BOMBSITEA,False
lag_07__CT5__smoke,4.290098149795085e-05,4.290098149795085e-05,CT5__smoke,True
lag_14__T4__shots_fired,4.285228715161793e-05,4.285228715161793e-05,T4__shots_fired,False
lag_07__CT_spread_xy,4.283793532522395e-05,4.283793532522395e-05,CT_spread_xy,False
lag_05__CT_place_CATWALK,4.2830863094422966e-05,4.2830863094422966e-05,CT_place_CATWALK,False
lag_14__CT_place_ALLEY,4.273640661267564e-05,4.273640661267564e-05,CT_place_ALLEY,False
lag_13__T3__is_walking,4.27135601057671e-05,4.27135601057671e-05,T3__is_walking,False
lag_01__T3__has_bomb,4.2640403989935294e-05,4.2640403989935294e-05,T3__has_bomb,False
lag_07__CT_round_start_equip_sum,-4.255199746694416e-05,4.255199746694416e-05,CT_round_start_equip_sum,False
lag_02__CT_place_MIDDLE,4.252132202964276e-05,4.252132202964276e-05,CT_place_MIDDLE,False
lag_10__CT_utility_damage_last_5s,4.251311474945396e-05,4.251311474945396e-05,CT_utility_damage_last_5s,True
lag_09__T_place_OUTSIDE,4.2510371713433415e-05,4.2510371713433415e-05,T_place_OUTSIDE,False
lag_05__T_bomb_zone_count,-4.244305091560818e-05,4.244305091560818e-05,T_bomb_zone_count,False
lag_10__T_place_UNDERA,4.24071004090365e-05,4.24071004090365e-05,T_place_UNDERA,False
lag_12__T_place_APARTMENTS,4.2385905544506386e-05,4.2385905544506386e-05,T_place_APARTMENTS,False
lag_14__CT1__shots_fired,4.235019878251478e-05,4.235019878251478e-05,CT1__shots_fired,False
lag_03__CT1__is_scoped,4.233778236084618e-05,4.233778236084618e-05,CT1__is_scoped,False
lag_01__T_place_OUTSIDELONG,4.231548518873751e-05,4.231548518873751e-05,T_place_OUTSIDELONG,False
lag_04__CT1__is_scoped,4.2285784729756415e-05,4.2285784729756415e-05,CT1__is_scoped,False
lag_05__CT_place_BANANA,4.226944292895496e-05,4.226944292895496e-05,CT_place_BANANA,False
lag_12__CT3__shots_fired,4.224518852424808e-05,4.224518852424808e-05,CT3__shots_fired,False
lag_03__CT2__is_walking,4.222310963086784e-05,4.222310963086784e-05,CT2__is_walking,False
lag_05__T5__is_scoped,4.222281131660566e-05,4.222281131660566e-05,T5__is_scoped,False
lag_05__CT_A_site_active_infernos,4.2182899051113054e-05,4.2182899051113054e-05,CT_A_site_active_infernos,True
lag_03__T4__shots_fired,4.2163890611846e-05,4.2163890611846e-05,T4__shots_fired,False
lag_02__T1__shots_fired,4.213362990412861e-05,4.213362990412861e-05,T1__shots_fired,False
lag_05__CT_place_OUTSIDE,4.2133473471039906e-05,4.2133473471039906e-05,CT_place_OUTSIDE,False
lag_04__T4__shots_fired,4.211207487969659e-05,4.211207487969659e-05,T4__shots_fired,False
lag_03__CT1__utility_total,4.2110619688173756e-05,4.2110619688173756e-05,CT1__utility_total,True
lag_02__CT3__utility_total,-4.207494930597022e-05,4.207494930597022e-05,CT3__utility_total,True
lag_03__CT_place_ALLEY,4.204988726996817e-05,4.204988726996817e-05,CT_place_ALLEY,False
lag_07__T1__smoke,-4.201683623250574e-05,4.201683623250574e-05,T1__smoke,True
lag_04__CT_place_ALLEY,4.199822069494985e-05,4.199822069494985e-05,CT_place_ALLEY,False
lag_02__CT5__shots_fired,4.1958122892538086e-05,4.1958122892538086e-05,CT5__shots_fired,False
lag_02__CT_place_TUNNELS,4.190011532045901e-05,4.190011532045901e-05,CT_place_TUNNELS,False
lag_01__T_helmet_count,-4.189881292404607e-05,4.189881292404607e-05,T_helmet_count,False
lag_11__CT_place_RAMP,4.189689570921473e-05,4.189689570921473e-05,CT_place_RAMP,False
lag_01__T_bomb_carrier_alive,4.175194044364616e-05,4.175194044364616e-05,T_bomb_carrier_alive,False
lag_05__CT_place_TOPOFMID,4.174536661594175e-05,4.174536661594175e-05,CT_place_TOPOFMID,False
lag_06__bomb_planted,-4.172638728050515e-05,4.172638728050515e-05,bomb_planted,False
lag_11__CT_B_site_active_smokes,4.168107989244163e-05,4.168107989244163e-05,CT_B_site_active_smokes,True
lag_09__T_armor_sum,-4.1632702050264925e-05,4.1632702050264925e-05,T_armor_sum,False
lag_01__T2__has_bomb,-4.1618466639192775e-05,4.1618466639192775e-05,T2__has_bomb,False
lag_09__CT4__is_scoped,4.157606963417493e-05,4.157606963417493e-05,CT4__is_scoped,False
lag_03__CT1__armor,4.1567054722690955e-05,4.1567054722690955e-05,CT1__armor,False
lag_04__T2__shots_fired,4.156114664510824e-05,4.156114664510824e-05,T2__shots_fired,False
lag_09__spread_diff,4.155135320615955e-05,4.155135320615955e-05,spread_diff,False
lag_11__CT_place_MIDDLE,4.148252264712937e-05,4.148252264712937e-05,CT_place_MIDDLE,False
lag_03__CT1__has_helmet,-4.1436473111389205e-05,4.1436473111389205e-05,CT1__has_helmet,False
lag_10__CT_velocity_mean,-4.14177993661724e-05,4.14177993661724e-05,CT_velocity_mean,False
lag_02__T_place_BANANA,4.140755481785163e-05,4.140755481785163e-05,T_place_BANANA,False
lag_02__T5__shots_fired,4.132434696657583e-05,4.132434696657583e-05,T5__shots_fired,False
lag_02__T_place_OUTSIDELONG,4.1286992200184613e-05,4.1286992200184613e-05,T_place_OUTSIDELONG,False
lag_11__CT1__hp,4.126672865822911e-05,4.126672865822911e-05,CT1__hp,False
lag_03__CT_place_LONGA,-4.1256706026615575e-05,4.1256706026615575e-05,CT_place_LONGA,False
lag_08__T_place_APARTMENTS,4.1235354728996754e-05,4.1235354728996754e-05,T_place_APARTMENTS,False
lag_14__CT1__molly,4.120891753700562e-05,4.120891753700562e-05,CT1__molly,True
lag_13__T_place_APARTMENTS,4.120161975151859e-05,4.120161975151859e-05,T_place_APARTMENTS,False
lag_05__money_diff,4.113803515792824e-05,4.113803515792824e-05,money_diff,False
lag_08__T_closest_enemy_dist,-4.113663817406632e-05,4.113663817406632e-05,T_closest_enemy_dist,False
lag_07__T_flash_alpha_mean,-4.111499583814293e-05,4.111499583814293e-05,T_flash_alpha_mean,True
lag_11__T1__shots_fired,4.1104307456407696e-05,4.1104307456407696e-05,T1__shots_fired,False
lag_09__CT3__is_walking,-4.110288864467293e-05,4.110288864467293e-05,CT3__is_walking,False
lag_08__CT3__shots_fired,4.1098428482655436e-05,4.1098428482655436e-05,CT3__shots_fired,False
lag_15__T_macro_MID,4.109634755877778e-05,4.109634755877778e-05,T_macro_MID,False
lag_12__T_scoped_count,4.109195651835762e-05,4.109195651835762e-05,T_scoped_count,False
lag_13__CT3__shots_fired,4.1064831748371944e-05,4.1064831748371944e-05,CT3__shots_fired,False
lag_07__CT_flash_alpha_mean,-4.106478445464745e-05,4.106478445464745e-05,CT_flash_alpha_mean,True
lag_11__T_active_smokes,4.101711601833813e-05,4.101711601833813e-05,T_active_smokes,True
lag_03__CT_place_HOLE,4.098292993148789e-05,4.098292993148789e-05,CT_place_HOLE,False
lag_04__T_bomb_zone_count,-4.094723772141151e-05,4.094723772141151e-05,T_bomb_zone_count,False
lag_11__CT5__shots_fired,4.0933111449703574e-05,4.0933111449703574e-05,CT5__shots_fired,False
lag_14__CT3__utility_total,-4.089951471542008e-05,4.089951471542008e-05,CT3__utility_total,True
lag_11__CT_place_TUNNELS,4.0876482671592385e-05,4.0876482671592385e-05,CT_place_TUNNELS,False
lag_04__CT_round_start_equip_sum,-4.087457637069747e-05,4.087457637069747e-05,CT_round_start_equip_sum,False
lag_15__T2__X,-4.085619730176404e-05,4.085619730176404e-05,T2__X,False
lag_05__CT_place_ARCH,4.083292878931388e-05,4.083292878931388e-05,CT_place_ARCH,False
lag_10__T_equip_value_sum,-4.081022780155763e-05,4.081022780155763e-05,T_equip_value_sum,False
lag_05__CT_place_PIT,4.0755268855718896e-05,4.0755268855718896e-05,CT_place_PIT,False
lag_12__CT_place_RAMP,4.073544914717786e-05,4.073544914717786e-05,CT_place_RAMP,False
lag_06__CT_place_SIDEENTRANCE,4.072125375387259e-05,4.072125375387259e-05,CT_place_SIDEENTRANCE,False
lag_03__T1__flash_duration,4.0690159949008375e-05,4.0690159949008375e-05,T1__flash_duration,True
lag_12__CT_place_HOLE,4.0681305108591914e-05,4.0681305108591914e-05,CT_place_HOLE,False
lag_02__CT4__shots_fired,4.063757660333067e-05,4.063757660333067e-05,CT4__shots_fired,False
lag_12__T2__is_walking,-4.0612918382976204e-05,4.0612918382976204e-05,T2__is_walking,False
lag_07__T_place_TRAMP,4.0612518205307424e-05,4.0612518205307424e-05,T_place_TRAMP,False
lag_05__T3__flash_duration,4.0516759327147156e-05,4.0516759327147156e-05,T3__flash_duration,True
lag_07__T_duck_amount_mean,4.047973925480619e-05,4.047973925480619e-05,T_duck_amount_mean,False
lag_15__T4__is_walking,4.045941386721097e-05,4.045941386721097e-05,T4__is_walking,False
lag_05__CT_place_APARTMENTS,4.045789683004841e-05,4.045789683004841e-05,CT_place_APARTMENTS,False
lag_05__T_place_LOBBY,4.039979830849916e-05,4.039979830849916e-05,T_place_LOBBY,False
lag_11__T_place_BANANA,4.039595660287887e-05,4.039595660287887e-05,T_place_BANANA,False
lag_14__T_flash_alpha_mean,-4.0389168134424835e-05,4.0389168134424835e-05,T_flash_alpha_mean,True
lag_13__T1__armor,4.0371094655711204e-05,4.0371094655711204e-05,T1__armor,False
lag_07__T_place_RUINS,4.036656173411757e-05,4.036656173411757e-05,T_place_RUINS,False
lag_09__T_macro_B,4.034252560813911e-05,4.034252560813911e-05,T_macro_B,False
lag_09__T_place_BOMBSITEB,4.034252560813911e-05,4.034252560813911e-05,T_place_BOMBSITEB,False
lag_14__CT_flash_alpha_mean,-4.0339869883609936e-05,4.0339869883609936e-05,CT_flash_alpha_mean,True
lag_11__closest_enemy_dist_diff,-4.033296136185527e-05,4.033296136185527e-05,closest_enemy_dist_diff,False
lag_12__CT_place_MIDDLE,4.0332579374080524e-05,4.0332579374080524e-05,CT_place_MIDDLE,False
lag_07__CT_place_CONNECTOR,4.033010918647051e-05,4.033010918647051e-05,CT_place_CONNECTOR,False
lag_10__T_place_APARTMENTS,4.032629294670187e-05,4.032629294670187e-05,T_place_APARTMENTS,False
lag_06__CT_place_LONGDOORS,4.032299329992384e-05,4.032299329992384e-05,CT_place_LONGDOORS,False
lag_11__T5__shots_fired,4.031477146781981e-05,4.031477146781981e-05,T5__shots_fired,False
lag_13__T_spread_xy,-4.026560054626316e-05,4.026560054626316e-05,T_spread_xy,False
lag_15__T_spread_xy,-4.0228816942544654e-05,4.0228816942544654e-05,T_spread_xy,False
lag_06__CT1__utility_total,-4.022148277726956e-05,4.022148277726956e-05,CT1__utility_total,True
lag_10__CT3__shots_fired,4.019244443043135e-05,4.019244443043135e-05,CT3__shots_fired,False
lag_14__CT5__is_scoped,-4.0169121348299086e-05,4.0169121348299086e-05,CT5__is_scoped,False
lag_06__T_place_SECONDMID,4.01137767767068e-05,4.01137767767068e-05,T_place_SECONDMID,False
lag_07__T_hp_sum,-4.0113071008818224e-05,4.0113071008818224e-05,T_hp_sum,False
lag_14__T1__utility_total,4.010396878584288e-05,4.010396878584288e-05,T1__utility_total,True
lag_14__closest_enemy_dist_diff,4.007828465546481e-05,4.007828465546481e-05,closest_enemy_dist_diff,False
lag_12__CT_utility_damage_last_5s,4.006980816484429e-05,4.006980816484429e-05,CT_utility_damage_last_5s,True
lag_02__T_molly_inv,-4.006070230389014e-05,4.006070230389014e-05,T_molly_inv,True
lag_13__T3__X,-4.005079244961962e-05,4.005079244961962e-05,T3__X,False
lag_15__T_place_APARTMENTS,4.000361150247045e-05,4.000361150247045e-05,T_place_APARTMENTS,False
lag_07__T4__is_scoped,3.999885666416958e-05,3.999885666416958e-05,T4__is_scoped,False
lag_12__T1__shots_fired,3.996484520030208e-05,3.996484520030208e-05,T1__shots_fired,False
lag_07__money_diff,3.9929076592670754e-05,3.9929076592670754e-05,money_diff,False
lag_14__T_place_TRAMP,3.9895552617963403e-05,3.9895552617963403e-05,T_place_TRAMP,False
lag_10__money_diff,3.987284071627073e-05,3.987284071627073e-05,money_diff,False
lag_06__T_place_UNDERPASS,3.987275340477936e-05,3.987275340477936e-05,T_place_UNDERPASS,False
lag_15__CT3__shots_fired,3.987087256973609e-05,3.987087256973609e-05,CT3__shots_fired,False
lag_14__T5__flash,3.980017572757788e-05,3.980017572757788e-05,T5__flash,True
lag_12__CT5__shots_fired,3.979837856604718e-05,3.979837856604718e-05,CT5__shots_fired,False
lag_04__CT1__hp,3.9775037294020876e-05,3.9775037294020876e-05,CT1__hp,False
lag_02__CT1__is_scoped,3.9760492654750124e-05,3.9760492654750124e-05,CT1__is_scoped,False
lag_06__T_place_BACKALLEY,3.975610525230877e-05,3.975610525230877e-05,T_place_BACKALLEY,False
lag_00__T2__is_walking,3.9752860175212845e-05,3.9752860175212845e-05,T2__is_walking,False
lag_12__CT_place_TUNNELS,3.9743266825098544e-05,3.9743266825098544e-05,CT_place_TUNNELS,False
lag_03__T_flash_alpha_mean,-3.974031642428599e-05,3.974031642428599e-05,T_flash_alpha_mean,True
lag_14__CT_round_start_equip_sum,-3.969819226767868e-05,3.969819226767868e-05,CT_round_start_equip_sum,False
lag_03__CT_flash_alpha_mean,-3.969179670093581e-05,3.969179670093581e-05,CT_flash_alpha_mean,True
lag_04__T_flash_alpha_mean,-3.9691491110716015e-05,3.9691491110716015e-05,T_flash_alpha_mean,True
lag_02__T_bomb_zone_count,3.965408177464269e-05,3.965408177464269e-05,T_bomb_zone_count,False
lag_14__T_place_RUINS,3.9653925341553986e-05,3.9653925341553986e-05,T_place_RUINS,False
lag_11__CT4__shots_fired,3.964482675655745e-05,3.964482675655745e-05,CT4__shots_fired,False
lag_04__CT_flash_alpha_mean,-3.964306597481482e-05,3.964306597481482e-05,CT_flash_alpha_mean,True
lag_08__CT_place_RAMP,3.962968185078353e-05,3.962968185078353e-05,CT_place_RAMP,False
lag_07__T_place_PALACEINTERIOR,3.961862239520997e-05,3.961862239520997e-05,T_place_PALACEINTERIOR,False
lag_14__CT_place_CONNECTOR,3.961813490604982e-05,3.961813490604982e-05,CT_place_CONNECTOR,False
lag_15__CT1__shots_fired,3.9618051232537255e-05,3.9618051232537255e-05,CT1__shots_fired,False
lag_05__CT_place_RUINS,3.9602775359526277e-05,3.9602775359526277e-05,CT_place_RUINS,False
lag_13__CT_place_RAMP,3.9597234717803076e-05,3.9597234717803076e-05,CT_place_RAMP,False
lag_02__T4__shots_fired,3.9597121940460056e-05,3.9597121940460056e-05,T4__shots_fired,False
lag_06__CT_place_PALACEINTERIOR,3.959054083679803e-05,3.959054083679803e-05,CT_place_PALACEINTERIOR,False
lag_07__T_place_TSIDEUPPER,3.9574417314725e-05,3.9574417314725e-05,T_place_TSIDEUPPER,False
lag_08__CT1__has_helmet,-3.957397711928934e-05,3.957397711928934e-05,CT1__has_helmet,False
lag_01__T_place_OUTSIDE,3.95686220144853e-05,3.95686220144853e-05,T_place_OUTSIDE,False
lag_08__CT_kills_last_3s,-3.953340637963265e-05,3.953340637963265e-05,CT_kills_last_3s,False
lag_01__T_equip_value_sum,-3.949930032831617e-05,3.949930032831617e-05,T_equip_value_sum,False
lag_02__CT_place_ALLEY,3.949008896597661e-05,3.949008896597661e-05,CT_place_ALLEY,False
lag_11__T_mean_X,3.9437658415408805e-05,3.9437658415408805e-05,T_mean_X,False
lag_15__CT2__has_helmet,3.9429338357876986e-05,3.9429338357876986e-05,CT2__has_helmet,False
lag_09__T_macro_OTHER,3.941730392398313e-05,3.941730392398313e-05,T_macro_OTHER,False
lag_07__CT_place_CATWALK,3.940321403206326e-05,3.940321403206326e-05,CT_place_CATWALK,False
lag_00__CT_unique_places,-3.938122245017439e-05,3.938122245017439e-05,CT_unique_places,False
lag_14__T4__is_scoped,3.9292717701755464e-05,3.9292717701755464e-05,T4__is_scoped,False
lag_12__T_place_BANANA,3.9276168536162004e-05,3.9276168536162004e-05,T_place_BANANA,False
lag_03__T_place_TRAMP,3.925463533960283e-05,3.925463533960283e-05,T_place_TRAMP,False
lag_08__CT_place_MIDDLE,3.923772965208627e-05,3.923772965208627e-05,CT_place_MIDDLE,False
lag_03__CT3__is_walking,-3.9218663005158305e-05,3.9218663005158305e-05,CT3__is_walking,False
lag_04__T_place_TRAMP,3.9206381188705564e-05,3.9206381188705564e-05,T_place_TRAMP,False
lag_13__CT_place_MIDDLE,3.920564995496534e-05,3.920564995496534e-05,CT_place_MIDDLE,False
lag_12__T5__shots_fired,3.919718074030243e-05,3.919718074030243e-05,T5__shots_fired,False
lag_14__T5__smoke,-3.91414541809354e-05,3.91414541809354e-05,T5__smoke,True
lag_00__T_place_OUTSIDELONG,3.9090795326046646e-05,3.9090795326046646e-05,T_place_OUTSIDELONG,False
lag_06__T2__flash_duration,3.9057420508470386e-05,3.9057420508470386e-05,T2__flash_duration,True
lag_09__CT_closest_enemy_dist,3.90384993806947e-05,3.90384993806947e-05,CT_closest_enemy_dist,False
lag_03__T_place_RUINS,3.9016904338495806e-05,3.9016904338495806e-05,T_place_RUINS,False
lag_03__CT_place_CONNECTOR,3.898163413396105e-05,3.898163413396105e-05,CT_place_CONNECTOR,False
lag_04__T_place_RUINS,3.896894850186072e-05,3.896894850186072e-05,T_place_RUINS,False
lag_04__CT_place_CONNECTOR,3.893373650498688e-05,3.893373650498688e-05,CT_place_CONNECTOR,False
lag_14__T_place_PALACEINTERIOR,3.891920641763136e-05,3.891920641763136e-05,T_place_PALACEINTERIOR,False
lag_11__CT_scoped_count,-3.890104926540516e-05,3.890104926540516e-05,CT_scoped_count,False
lag_07__CT_place_BANANA,3.8886784750502557e-05,3.8886784750502557e-05,CT_place_BANANA,False
lag_08__T1__shots_fired,3.887999992002733e-05,3.887999992002733e-05,T1__shots_fired,False
lag_14__T_place_TSIDEUPPER,3.8875754398759454e-05,3.8875754398759454e-05,T_place_TSIDEUPPER,False
lag_06__CT2__flash_duration,3.886827835231088e-05,3.886827835231088e-05,CT2__flash_duration,True
lag_13__T1__shots_fired,3.8848171243444085e-05,3.8848171243444085e-05,T1__shots_fired,False
lag_07__T5__is_scoped,3.884384932462126e-05,3.884384932462126e-05,T5__is_scoped,False
lag_05__CT3__duck_amount,-3.880869917338714e-05,3.880869917338714e-05,CT3__duck_amount,False
lag_07__CT_A_site_active_infernos,3.880713484250009e-05,3.880713484250009e-05,CT_A_site_active_infernos,True
lag_08__T_smoke_inv,-3.8791331462562084e-05,3.8791331462562084e-05,T_smoke_inv,True
lag_11__CT1__is_scoped,3.8789130485383794e-05,3.8789130485383794e-05,CT1__is_scoped,False
lag_07__CT_place_OUTSIDE,3.8761645555496216e-05,3.8761645555496216e-05,CT_place_OUTSIDE,False
lag_10__CT_place_RAMP,3.875602124026045e-05,3.875602124026045e-05,CT_place_RAMP,False
lag_06__CT1__flash_duration,3.875482434523292e-05,3.875482434523292e-05,CT1__flash_duration,True
lag_09__T_B_site_active_infernos,3.873492096317932e-05,3.873492096317932e-05,T_B_site_active_infernos,True
lag_03__T_molly_inv,-3.8724156183889136e-05,3.8724156183889136e-05,T_molly_inv,True
lag_08__CT5__shots_fired,3.871802982757799e-05,3.871802982757799e-05,CT5__shots_fired,False
lag_14__CT_place_CATWALK,3.8707556086592376e-05,3.8707556086592376e-05,CT_place_CATWALK,False
lag_02__T_hp_sum,-3.870557702612132e-05,3.870557702612132e-05,T_hp_sum,False
lag_01__CT4__is_scoped,3.869894135277718e-05,3.869894135277718e-05,CT4__is_scoped,False
lag_13__CT5__shots_fired,3.868637577397749e-05,3.868637577397749e-05,CT5__shots_fired,False
lag_08__CT_place_TUNNELS,3.866450788336806e-05,3.866450788336806e-05,CT_place_TUNNELS,False
lag_03__T4__is_scoped,3.8661510188831016e-05,3.8661510188831016e-05,T4__is_scoped,False
lag_10__T4__utility_total,-3.866045881295577e-05,3.866045881295577e-05,T4__utility_total,True
lag_09__T2__armor,3.865858889184892e-05,3.865858889184892e-05,T2__armor,False
lag_13__CT_place_TUNNELS,3.86328756576404e-05,3.86328756576404e-05,CT_place_TUNNELS,False
lag_11__T4__shots_fired,3.8629790651611984e-05,3.8629790651611984e-05,T4__shots_fired,False
lag_04__T4__is_scoped,3.861399454763159e-05,3.861399454763159e-05,T4__is_scoped,False
lag_12__CT4__shots_fired,3.854580791085027e-05,3.854580791085027e-05,CT4__shots_fired,False
lag_12__T_duck_amount_mean,-3.854051828966476e-05,3.854051828966476e-05,T_duck_amount_mean,False
lag_11__CT_place_ALLEY,3.852536610793322e-05,3.852536610793322e-05,CT_place_ALLEY,False
lag_06__T5__flash_duration,3.8494377804454416e-05,3.8494377804454416e-05,T5__flash_duration,True
lag_08__CT3__is_scoped,-3.845723404083401e-05,3.845723404083401e-05,CT3__is_scoped,False
lag_15__CT_place_RAMP,3.844593447865918e-05,3.844593447865918e-05,CT_place_RAMP,False
lag_07__CT_place_TOPOFMID,3.840460703941062e-05,3.840460703941062e-05,CT_place_TOPOFMID,False
lag_11__CT_round_start_equip_sum,-3.8378846511477605e-05,3.8378846511477605e-05,CT_round_start_equip_sum,False
lag_10__CT_place_MIDDLE,3.837274562101811e-05,3.837274562101811e-05,CT_place_MIDDLE,False
lag_05__T4__flash_duration,3.836048563243821e-05,3.836048563243821e-05,T4__flash_duration,True
lag_05__CT2__has_helmet,-3.833211667370051e-05,3.833211667370051e-05,CT2__has_helmet,False
lag_03__T_place_PALACEINTERIOR,3.8293961551971734e-05,3.8293961551971734e-05,T_place_PALACEINTERIOR,False
lag_13__CT2__alive,3.8282327295746654e-05,3.8282327295746654e-05,CT2__alive,False
lag_03__T_place_TSIDEUPPER,3.825124804279767e-05,3.825124804279767e-05,T_place_TSIDEUPPER,False
lag_04__T_place_PALACEINTERIOR,3.824693339993246e-05,3.824693339993246e-05,T_place_PALACEINTERIOR,False
lag_06__CT3__flash_duration,3.8239697460085154e-05,3.8239697460085154e-05,CT3__flash_duration,True
lag_08__T2__shots_fired,-3.823151928372681e-05,3.823151928372681e-05,T2__shots_fired,False
lag_13__CT5__flash,3.822568032774143e-05,3.822568032774143e-05,CT5__flash,True
lag_08__T_place_BANANA,3.820998244918883e-05,3.820998244918883e-05,T_place_BANANA,False
lag_04__T_place_TSIDEUPPER,3.82042744604405e-05,3.82042744604405e-05,T_place_TSIDEUPPER,False
lag_14__CT_place_BANANA,3.8200229028007016e-05,3.8200229028007016e-05,CT_place_BANANA,False
lag_08__T2__X,-3.8199978007469326e-05,3.8199978007469326e-05,T2__X,False
lag_09__CT5__duck_amount,-3.8186695746844634e-05,3.8186695746844634e-05,CT5__duck_amount,False
lag_13__T_place_BANANA,3.817871765932068e-05,3.817871765932068e-05,T_place_BANANA,False
lag_01__T_mean_X,3.817376637016423e-05,3.817376637016423e-05,T_mean_X,False
lag_11__T_hp_sum,-3.81595418730285e-05,3.81595418730285e-05,T_hp_sum,False
lag_14__T5__is_scoped,3.8158075767569244e-05,3.8158075767569244e-05,T5__is_scoped,False
lag_10__T_hp_sum,-3.814056981354952e-05,3.814056981354952e-05,T_hp_sum,False
lag_08__T5__shots_fired,3.813317744061351e-05,3.813317744061351e-05,T5__shots_fired,False
lag_14__CT_A_site_active_infernos,3.812200884567574e-05,3.812200884567574e-05,CT_A_site_active_infernos,True
lag_06__CT_place_HOUSE,3.81168101739604e-05,3.81168101739604e-05,CT_place_HOUSE,False
lag_13__T5__shots_fired,3.810197449638508e-05,3.810197449638508e-05,T5__shots_fired,False
lag_04__CT_duck_amount_mean,3.809987538261339e-05,3.809987538261339e-05,CT_duck_amount_mean,False
lag_03__CT_place_CATWALK,3.8085749110905454e-05,3.8085749110905454e-05,CT_place_CATWALK,False
lag_14__CT_place_OUTSIDE,3.8077341741882265e-05,3.8077341741882265e-05,CT_place_OUTSIDE,False
lag_15__CT_place_MIDDLE,3.806570020969957e-05,3.806570020969957e-05,CT_place_MIDDLE,False
lag_06__CT4__flash_duration,3.8053924072301015e-05,3.8053924072301015e-05,CT4__flash_duration,True
lag_04__CT_place_CATWALK,3.8038924685679376e-05,3.8038924685679376e-05,CT_place_CATWALK,False
lag_10__T1__shots_fired,3.802283390541561e-05,3.802283390541561e-05,T1__shots_fired,False
lag_06__CT_place_SIDEHALL,3.801400089287199e-05,3.801400089287199e-05,CT_place_SIDEHALL,False
lag_11__T_flash_inv,3.7937927118036896e-05,3.7937927118036896e-05,T_flash_inv,True
lag_06__T_place_CANAL,3.7907993828412145e-05,3.7907993828412145e-05,T_place_CANAL,False
lag_12__money_diff,3.7905356293777004e-05,3.7905356293777004e-05,money_diff,False
lag_01__CT_duck_amount_mean,3.7893183616688475e-05,3.7893183616688475e-05,CT_duck_amount_mean,False
lag_06__CT2__molly,3.787752575590275e-05,3.787752575590275e-05,CT2__molly,True
lag_10__CT5__shots_fired,3.786451634368859e-05,3.786451634368859e-05,CT5__shots_fired,False
lag_05__T2__duck_amount,-3.785963781410828e-05,3.785963781410828e-05,T2__duck_amount,False
lag_06__T_place_OUTSIDELONG,-3.785359876928851e-05,3.785359876928851e-05,T_place_OUTSIDELONG,False
lag_06__CT1__hp,3.7834055547136813e-05,3.7834055547136813e-05,CT1__hp,False
lag_03__T1__alive,3.7830664950888604e-05,3.7830664950888604e-05,T1__alive,False
lag_10__CT_place_TUNNELS,3.781212944886647e-05,3.781212944886647e-05,CT_place_TUNNELS,False
lag_06__CT_utility_inv,3.778680911636911e-05,3.778680911636911e-05,CT_utility_inv,True
lag_14__T_place_LONGDOORS,3.77701799152419e-05,3.77701799152419e-05,T_place_LONGDOORS,False
lag_14__CT_place_TOPOFMID,3.772660784306936e-05,3.772660784306936e-05,CT_place_TOPOFMID,False
lag_15__T1__shots_fired,3.771862247958779e-05,3.771862247958779e-05,T1__shots_fired,False
lag_12__CT1__is_scoped,3.771384581341408e-05,3.771384581341408e-05,CT1__is_scoped,False
lag_11__money_diff,3.767259477172047e-05,3.767259477172047e-05,money_diff,False
lag_05__T_helmet_count,-3.766910595004447e-05,3.766910595004447e-05,T_helmet_count,False
lag_08__money_diff,3.766574809560552e-05,3.766574809560552e-05,money_diff,False
lag_07__T_macro_MID,3.7661055102944374e-05,3.7661055102944374e-05,T_macro_MID,False
lag_10__CT1__flash,-3.765528526855633e-05,3.765528526855633e-05,CT1__flash,True
lag_14__T2__is_walking,-3.7603673263220116e-05,3.7603673263220116e-05,T2__is_walking,False
lag_03__CT_place_BANANA,3.758657112484798e-05,3.758657112484798e-05,CT_place_BANANA,False
lag_07__CT_place_ARCH,3.7565183447441086e-05,3.7565183447441086e-05,CT_place_ARCH,False
lag_15__CT5__shots_fired,3.756154183065519e-05,3.756154183065519e-05,CT5__shots_fired,False
lag_12__T4__shots_fired,3.7558904296020046e-05,3.7558904296020046e-05,T4__shots_fired,False
lag_01__T_place_BOMBSITEB,3.755076977540739e-05,3.755076977540739e-05,T_place_BOMBSITEB,False
lag_01__T_macro_B,3.755076977540739e-05,3.755076977540739e-05,T_macro_B,False
lag_03__T5__is_scoped,3.754508725251071e-05,3.754508725251071e-05,T5__is_scoped,False
lag_04__CT_place_BANANA,3.75404124497436e-05,3.75404124497436e-05,CT_place_BANANA,False
lag_15__CT_place_TUNNELS,3.750960240722634e-05,3.750960240722634e-05,CT_place_TUNNELS,False
lag_03__CT_A_site_active_infernos,3.7509595131268725e-05,3.7509595131268725e-05,CT_A_site_active_infernos,True
lag_08__CT4__shots_fired,3.749950701603666e-05,3.749950701603666e-05,CT4__shots_fired,False
lag_04__T5__is_scoped,3.749898314708844e-05,3.749898314708844e-05,T5__is_scoped,False
lag_07__CT_place_PIT,3.7493722629733384e-05,3.7493722629733384e-05,CT_place_PIT,False
lag_04__CT_walking_count,3.746949369087815e-05,3.746949369087815e-05,CT_walking_count,False
lag_13__CT4__shots_fired,3.746879519894719e-05,3.746879519894719e-05,CT4__shots_fired,False
lag_03__CT_place_OUTSIDE,3.746565926121548e-05,3.746565926121548e-05,CT_place_OUTSIDE,False
lag_04__CT_A_site_active_infernos,3.746353104361333e-05,3.746353104361333e-05,CT_A_site_active_infernos,True
lag_12__CT_place_ALLEY,3.745739013538696e-05,3.745739013538696e-05,CT_place_ALLEY,False
lag_04__CT_place_OUTSIDE,3.741966065717861e-05,3.741966065717861e-05,CT_place_OUTSIDE,False
lag_10__T_place_BANANA,3.7367630284279585e-05,3.7367630284279585e-05,T_place_BANANA,False
lag_05__CT_place_SIDEENTRANCE,3.735332211363129e-05,3.735332211363129e-05,CT_place_SIDEENTRANCE,False
lag_04__CT3__duck_amount,3.733674020622857e-05,3.733674020622857e-05,CT3__duck_amount,False
lag_02__T_flash_alpha_mean,-3.732112963916734e-05,3.732112963916734e-05,T_flash_alpha_mean,True
lag_00__CT4__duck_amount,-3.7317331589292735e-05,3.7317331589292735e-05,CT4__duck_amount,False
lag_10__T5__shots_fired,3.72925351257436e-05,3.72925351257436e-05,T5__shots_fired,False
lag_02__CT_flash_alpha_mean,-3.727557850652374e-05,3.727557850652374e-05,CT_flash_alpha_mean,True
lag_03__T3__flash_duration,3.7253797927405685e-05,3.7253797927405685e-05,T3__flash_duration,True
lag_07__CT_place_APARTMENTS,3.7220172089291736e-05,3.7220172089291736e-05,CT_place_APARTMENTS,False
lag_08__CT_utility_damage_last_5s,3.719263622770086e-05,3.719263622770086e-05,CT_utility_damage_last_5s,True
lag_07__T_place_LOBBY,3.7166697438806295e-05,3.7166697438806295e-05,T_place_LOBBY,False
lag_11__T1__smoke,-3.716438004630618e-05,3.716438004630618e-05,T1__smoke,True
lag_10__utility_inv_diff,3.713963815243915e-05,3.713963815243915e-05,utility_inv_diff,True
lag_07__CT_flashed_players,3.713265687110834e-05,3.713265687110834e-05,CT_flashed_players,False
lag_03__CT_place_TOPOFMID,3.712052057380788e-05,3.712052057380788e-05,CT_place_TOPOFMID,False
lag_04__T2__armor,3.709943121066317e-05,3.709943121066317e-05,T2__armor,False
lag_01__T4__has_bomb,-3.7095920561114326e-05,3.7095920561114326e-05,T4__has_bomb,False
lag_15__CT3__is_scoped,3.7078447348903865e-05,3.7078447348903865e-05,CT3__is_scoped,False
lag_04__CT_place_TOPOFMID,3.707491487148218e-05,3.707491487148218e-05,CT_place_TOPOFMID,False
lag_15__T_place_BANANA,3.7068628444103524e-05,3.7068628444103524e-05,T_place_BANANA,False
lag_07__CT5__duck_amount,-3.7015601265011355e-05,3.7015601265011355e-05,CT5__duck_amount,False
lag_15__T5__shots_fired,3.699413355207071e-05,3.699413355207071e-05,T5__shots_fired,False
lag_05__CT_place_LONGDOORS,3.698803993756883e-05,3.698803993756883e-05,CT_place_LONGDOORS,False
lag_07__T_place_MIDDOORS,3.698323780554347e-05,3.698323780554347e-05,T_place_MIDDOORS,False
lag_11__centroid_distance_xy,3.6964316677767783e-05,3.6964316677767783e-05,centroid_distance_xy,False
lag_01__T_place_SIDE,3.694859333336353e-05,3.694859333336353e-05,T_place_SIDE,False
lag_14__CT_place_ARCH,3.690196535899304e-05,3.690196535899304e-05,CT_place_ARCH,False
lag_01__T_money_sum,3.6878904211334884e-05,3.6878904211334884e-05,T_money_sum,False
lag_13__T2__X,-3.687113712658174e-05,3.687113712658174e-05,T2__X,False
lag_02__T_place_TRAMP,3.686497439048253e-05,3.686497439048253e-05,T_place_TRAMP,False
lag_01__CT1__flash,-3.684790863189846e-05,3.684790863189846e-05,CT1__flash,True
lag_14__CT_place_PIT,3.6831781471846625e-05,3.6831781471846625e-05,CT_place_PIT,False
lag_05__T_place_SECONDMID,3.679606015793979e-05,3.679606015793979e-05,T_place_SECONDMID,False
lag_11__T2__armor,3.679387737065554e-05,3.679387737065554e-05,T2__armor,False
lag_03__T2__X,-3.676213964354247e-05,3.676213964354247e-05,T2__X,False
lag_06__T1__flash_duration,3.6709468986373395e-05,3.6709468986373395e-05,T1__flash_duration,True
lag_08__CT1__is_scoped,3.669010766316205e-05,3.669010766316205e-05,CT1__is_scoped,False
lag_10__CT4__shots_fired,3.667280907393433e-05,3.667280907393433e-05,CT4__shots_fired,False
lag_13__CT1__is_scoped,3.666009797598235e-05,3.666009797598235e-05,CT1__is_scoped,False
lag_11__CT2__has_helmet,-3.6654702853411436e-05,3.6654702853411436e-05,CT2__has_helmet,False
lag_02__T_place_RUINS,3.6641733458964154e-05,3.6641733458964154e-05,T_place_RUINS,False
lag_08__T_bomb_zone_count,3.663903407868929e-05,3.663903407868929e-05,T_bomb_zone_count,False
lag_10__CT_flash_inv,3.661650407593697e-05,3.661650407593697e-05,CT_flash_inv,True
lag_02__CT_place_CONNECTOR,3.660865331767127e-05,3.660865331767127e-05,CT_place_CONNECTOR,False
lag_05__T_place_UNDERPASS,3.657501292764209e-05,3.657501292764209e-05,T_place_UNDERPASS,False
lag_14__CT_place_APARTMENTS,3.656309490907006e-05,3.656309490907006e-05,CT_place_APARTMENTS,False
lag_08__T4__shots_fired,3.653934982139617e-05,3.653934982139617e-05,T4__shots_fired,False
lag_14__T_place_LOBBY,3.651055521913804e-05,3.651055521913804e-05,T_place_LOBBY,False
lag_13__T4__shots_fired,3.650947837741114e-05,3.650947837741114e-05,T4__shots_fired,False
lag_06__T_place_TUNNELS,3.650748112704605e-05,3.650748112704605e-05,T_place_TUNNELS,False
lag_12__spread_diff,3.6486297176452354e-05,3.6486297176452354e-05,spread_diff,False
lag_05__T_place_BACKALLEY,3.6468005419010296e-05,3.6468005419010296e-05,T_place_BACKALLEY,False
lag_01__CT_defuser_count,3.646688855951652e-05,3.646688855951652e-05,CT_defuser_count,False
lag_08__CT_place_ALLEY,3.6440585972741246e-05,3.6440585972741246e-05,CT_place_ALLEY,False
lag_07__CT_place_RUINS,3.6433470086194575e-05,3.6433470086194575e-05,CT_place_RUINS,False
lag_13__CT_place_ALLEY,3.6410780012374744e-05,3.6410780012374744e-05,CT_place_ALLEY,False
lag_11__T_flash_alpha_mean,-3.6409379390534014e-05,3.6409379390534014e-05,T_flash_alpha_mean,True
lag_15__CT4__shots_fired,3.637937334133312e-05,3.637937334133312e-05,CT4__shots_fired,False
lag_11__CT_flash_alpha_mean,-3.636490146163851e-05,3.636490146163851e-05,CT_flash_alpha_mean,True
lag_05__CT_place_PALACEINTERIOR,3.631615254562348e-05,3.631615254562348e-05,CT_place_PALACEINTERIOR,False
lag_03__CT_place_ARCH,3.6309131246525794e-05,3.6309131246525794e-05,CT_place_ARCH,False
lag_02__T4__is_scoped,3.630798164522275e-05,3.630798164522275e-05,T4__is_scoped,False
lag_04__CT_place_ARCH,3.626457692007534e-05,3.626457692007534e-05,CT_place_ARCH,False
lag_04__T3__flash_duration,3.6247573007130995e-05,3.6247573007130995e-05,T3__flash_duration,True
lag_03__CT_place_PIT,3.6240082408767194e-05,3.6240082408767194e-05,CT_place_PIT,False
lag_04__CT_place_PIT,3.619561903178692e-05,3.619561903178692e-05,CT_place_PIT,False
lag_12__T1__armor,3.616097819758579e-05,3.616097819758579e-05,T1__armor,False
lag_02__T_flash_inv,3.614676825236529e-05,3.614676825236529e-05,T_flash_inv,True
lag_01__T_B_site_active_infernos,3.605438905651681e-05,3.605438905651681e-05,T_B_site_active_infernos,True
lag_03__CT_place_APARTMENTS,3.597573231672868e-05,3.597573231672868e-05,CT_place_APARTMENTS,False
lag_11__T_place_TRAMP,3.596436727093533e-05,3.596436727093533e-05,T_place_TRAMP,False
lag_02__T_place_PALACEINTERIOR,3.5962817491963506e-05,3.5962817491963506e-05,T_place_PALACEINTERIOR,False
lag_04__CT_place_APARTMENTS,3.593152723624371e-05,3.593152723624371e-05,CT_place_APARTMENTS,False
lag_03__T_place_LOBBY,3.592404391383752e-05,3.592404391383752e-05,T_place_LOBBY,False
lag_02__T_place_TSIDEUPPER,3.5922690585721284e-05,3.5922690585721284e-05,T_place_TSIDEUPPER,False
lag_08__T_equip_value_sum,-3.590029518818483e-05,3.590029518818483e-05,T_equip_value_sum,False
lag_10__CT1__is_scoped,3.5881235817214474e-05,3.5881235817214474e-05,CT1__is_scoped,False
lag_04__T_place_LOBBY,3.587990431697108e-05,3.587990431697108e-05,T_place_LOBBY,False
lag_05__T2__flash_duration,3.582709905458614e-05,3.582709905458614e-05,T2__flash_duration,True
lag_04__T1__flash_duration,3.5801291232928634e-05,3.5801291232928634e-05,T1__flash_duration,True
lag_14__CT_place_RUINS,3.57902972609736e-05,3.57902972609736e-05,CT_place_RUINS,False
lag_02__CT_place_CATWALK,3.5767290682997555e-05,3.5767290682997555e-05,CT_place_CATWALK,False
lag_06__CT_place_SHORTSTAIRS,-3.575103255570866e-05,3.575103255570866e-05,CT_place_SHORTSTAIRS,False
lag_11__T_place_RUINS,3.574660513550043e-05,3.574660513550043e-05,T_place_RUINS,False
lag_10__T4__shots_fired,3.573388312361203e-05,3.573388312361203e-05,T4__shots_fired,False
lag_09__T_place_APARTMENTS,3.571531851775944e-05,3.571531851775944e-05,T_place_APARTMENTS,False
lag_11__CT_place_CONNECTOR,3.571429988369346e-05,3.571429988369346e-05,CT_place_CONNECTOR,False
lag_05__CT2__flash_duration,3.565361112123355e-05,3.565361112123355e-05,CT2__flash_duration,True
lag_02__T_macro_A,3.5649682104121894e-05,3.5649682104121894e-05,T_macro_A,False
lag_02__T_place_BOMBSITEA,3.5649682104121894e-05,3.5649682104121894e-05,T_place_BOMBSITEA,False
lag_10__CT_place_ALLEY,3.563725113053806e-05,3.563725113053806e-05,CT_place_ALLEY,False
lag_09__CT3__shots_fired,3.559676406439394e-05,3.559676406439394e-05,CT3__shots_fired,False
lag_15__CT1__is_scoped,3.5594151995610446e-05,3.5594151995610446e-05,CT1__is_scoped,False
lag_07__T4__X,-3.556424780981615e-05,3.556424780981615e-05,T4__X,False
lag_05__CT1__flash_duration,3.554954309947789e-05,3.554954309947789e-05,CT1__flash_duration,True
lag_08__CT5__is_walking,3.5490877053234726e-05,3.5490877053234726e-05,CT5__is_walking,False
lag_09__money_diff,3.545442086760886e-05,3.545442086760886e-05,money_diff,False
lag_15__T4__shots_fired,3.544795254128985e-05,3.544795254128985e-05,T4__shots_fired,False
lag_12__T_active_smokes,3.544003266142681e-05,3.544003266142681e-05,T_active_smokes,True
lag_06__CT_macro_A,-3.54235598933883e-05,3.54235598933883e-05,CT_macro_A,False
lag_06__CT_place_BOMBSITEA,-3.54235598933883e-05,3.54235598933883e-05,CT_place_BOMBSITEA,False
lag_11__T4__is_scoped,3.542094782460481e-05,3.542094782460481e-05,T4__is_scoped,False
lag_12__T_flash_alpha_mean,-3.540004399837926e-05,3.540004399837926e-05,T_flash_alpha_mean,True
lag_12__CT_flash_alpha_mean,-3.5356843000045046e-05,3.5356843000045046e-05,CT_flash_alpha_mean,True
lag_15__CT_place_ALLEY,3.5352077247807756e-05,3.5352077247807756e-05,CT_place_ALLEY,False
lag_06__CT_place_SNIPERSNEST,3.532795381033793e-05,3.532795381033793e-05,CT_place_SNIPERSNEST,False
lag_05__T5__flash_duration,3.531062975525856e-05,3.531062975525856e-05,T5__flash_duration,True
lag_02__CT_place_BANANA,3.529852983774617e-05,3.529852983774617e-05,CT_place_BANANA,False
lag_06__T_place_TSIDELOWER,3.529759487719275e-05,3.529759487719275e-05,T_place_TSIDELOWER,False
lag_14__T_smoke_inv,-3.527340231812559e-05,3.527340231812559e-05,T_smoke_inv,True
lag_02__T5__is_scoped,3.525955980876461e-05,3.525955980876461e-05,T5__is_scoped,False
lag_02__CT_A_site_active_infernos,3.522622864693403e-05,3.522622864693403e-05,CT_A_site_active_infernos,True
lag_03__CT_place_RUINS,3.5215318348491564e-05,3.5215318348491564e-05,CT_place_RUINS,False
lag_02__CT1__is_walking,3.519046731526032e-05,3.519046731526032e-05,CT1__is_walking,False
lag_02__CT_place_OUTSIDE,3.518493031151593e-05,3.518493031151593e-05,CT_place_OUTSIDE,False
lag_06__CT2__is_scoped,3.518406083458103e-05,3.518406083458103e-05,CT2__is_scoped,False
lag_04__CT_place_RUINS,3.517205186653882e-05,3.517205186653882e-05,CT_place_RUINS,False
lag_14__T_flash_inv,-3.516670039971359e-05,3.516670039971359e-05,T_flash_inv,True
lag_11__T_place_PALACEINTERIOR,3.508426379994489e-05,3.508426379994489e-05,T_place_PALACEINTERIOR,False
lag_05__CT3__flash_duration,3.507702786009759e-05,3.507702786009759e-05,CT3__flash_duration,True
lag_11__T_place_TSIDEUPPER,3.504511551000178e-05,3.504511551000178e-05,T_place_TSIDEUPPER,False
lag_03__CT_flashed_players,-3.498945079627447e-05,3.498945079627447e-05,CT_flashed_players,False
lag_12__T_place_TRAMP,3.496743374853395e-05,3.496743374853395e-05,T_place_TRAMP,False
lag_05__CT_place_HOUSE,3.4964250517077744e-05,3.4964250517077744e-05,CT_place_HOUSE,False
lag_12__CT_place_ARAMP,3.4946675441460684e-05,3.4946675441460684e-05,CT_place_ARAMP,False
lag_12__T_mean_X,3.4921442420454696e-05,3.4921442420454696e-05,T_mean_X,False
lag_05__CT4__flash_duration,3.4906606742879376e-05,3.4906606742879376e-05,CT4__flash_duration,True
lag_15__T_mean_X,3.490503513603471e-05,3.490503513603471e-05,T_mean_X,False
lag_11__CT_place_CATWALK,3.4893499105237424e-05,3.4893499105237424e-05,CT_place_CATWALK,False
lag_05__CT_place_SIDEHALL,3.486999776214361e-05,3.486999776214361e-05,CT_place_SIDEHALL,False
lag_02__CT_place_TOPOFMID,3.4860826417570934e-05,3.4860826417570934e-05,CT_place_TOPOFMID,False
lag_05__T_place_CANAL,3.477273276075721e-05,3.477273276075721e-05,T_place_CANAL,False
lag_12__T_place_RUINS,3.475567064015195e-05,3.475567064015195e-05,T_place_RUINS,False
lag_06__CT_B_site_active_infernos,3.475066114333458e-05,3.475066114333458e-05,CT_B_site_active_infernos,True
lag_02__CT1__armor,3.473155447863974e-05,3.473155447863974e-05,CT1__armor,False
lag_12__CT_place_CONNECTOR,3.4724253055173904e-05,3.4724253055173904e-05,CT_place_CONNECTOR,False
lag_08__T_mean_X,3.470815863693133e-05,3.470815863693133e-05,T_mean_X,False
lag_08__CT1__shots_fired,3.469729927019216e-05,3.469729927019216e-05,CT1__shots_fired,False
lag_08__CT_damage_last_5s,-3.4682707337196916e-05,3.4682707337196916e-05,CT_damage_last_5s,False
lag_06__T_place_SIDEALLEY,3.464569817879237e-05,3.464569817879237e-05,T_place_SIDEALLEY,False
lag_00__T_B_site_active_smokes,-3.4629309084266424e-05,3.4629309084266424e-05,T_B_site_active_smokes,True
lag_10__T_scoped_count,3.4619064535945654e-05,3.4619064535945654e-05,T_scoped_count,False
lag_06__T_place_PALACEALLEY,3.460205334704369e-05,3.460205334704369e-05,T_place_PALACEALLEY,False
lag_02__T2__flash,3.452696182648651e-05,3.452696182648651e-05,T2__flash,True
lag_14__T_damage_last_5s,-3.4526823583291844e-05,3.4526823583291844e-05,T_damage_last_5s,False
lag_09__CT1__shots_fired,3.449304131208919e-05,3.449304131208919e-05,CT1__shots_fired,False
lag_05__CT1__flash,-3.44907894032076e-05,3.44907894032076e-05,CT1__flash,True
lag_08__T_flash_alpha_mean,-3.443911191425286e-05,3.443911191425286e-05,T_flash_alpha_mean,True
lag_12__T4__is_scoped,3.443901368882507e-05,3.443901368882507e-05,T4__is_scoped,False
lag_04__T_utility_inv,-3.4436605346854776e-05,3.4436605346854776e-05,T_utility_inv,True
lag_11__CT_place_BANANA,3.443615059950389e-05,3.443615059950389e-05,CT_place_BANANA,False
lag_03__T2__shots_fired,3.441148510319181e-05,3.441148510319181e-05,T2__shots_fired,False
lag_13__T_flash_alpha_mean,-3.4410924854455516e-05,3.4410924854455516e-05,T_flash_alpha_mean,True
lag_06__CT_place_WALKWAY,3.4407385101076216e-05,3.4407385101076216e-05,CT_place_WALKWAY,False
lag_10__T2__X,-3.439830106799491e-05,3.439830106799491e-05,T2__X,False
lag_11__T5__is_scoped,3.4398166462779045e-05,3.4398166462779045e-05,T5__is_scoped,False
lag_08__CT_flash_alpha_mean,-3.4397089621052146e-05,3.4397089621052146e-05,CT_flash_alpha_mean,True
lag_13__CT_flash_alpha_mean,-3.436893894104287e-05,3.436893894104287e-05,CT_flash_alpha_mean,True
lag_11__CT_A_site_active_infernos,3.43656720360741e-05,3.43656720360741e-05,CT_A_site_active_infernos,True
lag_07__CT_place_SIDEENTRANCE,3.436398765188642e-05,3.436398765188642e-05,CT_place_SIDEENTRANCE,False
lag_11__CT_place_OUTSIDE,3.4325363230891526e-05,3.4325363230891526e-05,CT_place_OUTSIDE,False
lag_09__CT_place_RAMP,3.432459197938442e-05,3.432459197938442e-05,CT_place_RAMP,False
lag_10__T_macro_OTHER,3.427308547543362e-05,3.427308547543362e-05,T_macro_OTHER,False
lag_14__active_smokes_total,-3.4225340641569346e-05,3.4225340641569346e-05,active_smokes_total,True
lag_01__CT4__duck_amount,3.419407221372239e-05,3.419407221372239e-05,CT4__duck_amount,False
lag_12__T_place_PALACEINTERIOR,3.41116392519325e-05,3.41116392519325e-05,T_place_PALACEINTERIOR,False
lag_02__CT_place_ARCH,3.409888449823484e-05,3.409888449823484e-05,CT_place_ARCH,False
lag_12__T_place_TSIDEUPPER,3.407358963158913e-05,3.407358963158913e-05,T_place_TSIDEUPPER,False
lag_02__CT_place_PIT,3.403399387025274e-05,3.403399387025274e-05,CT_place_PIT,False
lag_07__CT_place_LONGDOORS,3.40279693773482e-05,3.40279693773482e-05,CT_place_LONGDOORS,False
lag_08__T_place_TRAMP,3.401820140425116e-05,3.401820140425116e-05,T_place_TRAMP,False
lag_11__CT_place_TOPOFMID,3.4009150112979114e-05,3.4009150112979114e-05,CT_place_TOPOFMID,False
lag_13__CT1__is_walking,-3.3995751437032595e-05,3.3995751437032595e-05,CT1__is_walking,False
lag_13__T_place_TRAMP,3.399040724616498e-05,3.399040724616498e-05,T_place_TRAMP,False
lag_09__CT_place_MIDDLE,3.398512490093708e-05,3.398512490093708e-05,CT_place_MIDDLE,False
lag_08__T3__flash_duration,3.3946293115150183e-05,3.3946293115150183e-05,T3__flash_duration,True
lag_12__CT_place_CATWALK,3.392616054043174e-05,3.392616054043174e-05,CT_place_CATWALK,False
lag_06__CT_place_HEAVEN,3.3925876778084785e-05,3.3925876778084785e-05,CT_place_HEAVEN,False
lag_01__T1__X,3.386262324056588e-05,3.386262324056588e-05,T1__X,False
lag_07__T_place_SECONDMID,3.3851370972115546e-05,3.3851370972115546e-05,T_place_SECONDMID,False
lag_06__CT_place_UNDERPASS,3.3820488170022145e-05,3.3820488170022145e-05,CT_place_UNDERPASS,False
lag_08__T_place_RUINS,3.381217902642675e-05,3.381217902642675e-05,T_place_RUINS,False
lag_02__CT_place_APARTMENTS,3.3785734558478e-05,3.3785734558478e-05,CT_place_APARTMENTS,False
lag_13__T_place_RUINS,3.378455949132331e-05,3.378455949132331e-05,T_place_RUINS,False
lag_08__CT_place_CONNECTOR,3.378165274625644e-05,3.378165274625644e-05,CT_place_CONNECTOR,False
lag_14__CT_place_SIDEENTRANCE,3.375733285793103e-05,3.375733285793103e-05,CT_place_SIDEENTRANCE,False
lag_13__CT_place_CONNECTOR,3.375399683136493e-05,3.375399683136493e-05,CT_place_CONNECTOR,False
lag_08__flash_inv_diff,-3.374436346348375e-05,3.374436346348375e-05,flash_inv_diff,True
lag_07__T1__flash_duration,3.374026346136816e-05,3.374026346136816e-05,T1__flash_duration,True
lag_02__T_place_LOBBY,3.373717481736094e-05,3.373717481736094e-05,T_place_LOBBY,False
lag_06__CT_place_RAFTERS,3.370871127117425e-05,3.370871127117425e-05,CT_place_RAFTERS,False
lag_10__T_flash_alpha_mean,-3.367988392710686e-05,3.367988392710686e-05,T_flash_alpha_mean,True
lag_09__T1__shots_fired,3.3675270969979465e-05,3.3675270969979465e-05,T1__shots_fired,False
lag_07__T_place_UNDERPASS,3.364800431882031e-05,3.364800431882031e-05,T_place_UNDERPASS,False
lag_09__utility_damage_diff_last_5s,3.364358053659089e-05,3.364358053659089e-05,utility_damage_diff_last_5s,True
lag_10__CT_flash_alpha_mean,-3.363876021467149e-05,3.363876021467149e-05,CT_flash_alpha_mean,True
lag_12__CT2__flash,3.3606534998398274e-05,3.3606534998398274e-05,CT2__flash,True
lag_07__T2__armor,3.36012635671068e-05,3.36012635671068e-05,T2__armor,False
lag_14__CT_utility_damage_last_5s,3.355580702191219e-05,3.355580702191219e-05,CT_utility_damage_last_5s,True
lag_07__T_place_BACKALLEY,3.354953514644876e-05,3.354953514644876e-05,T_place_BACKALLEY,False
lag_09__CT5__shots_fired,3.353500142111443e-05,3.353500142111443e-05,CT5__shots_fired,False
lag_08__T4__is_scoped,3.350421684444882e-05,3.350421684444882e-05,T4__is_scoped,False
lag_09__CT_place_TUNNELS,3.3488609915366396e-05,3.3488609915366396e-05,CT_place_TUNNELS,False
lag_05__T_place_TUNNELS,3.34880460286513e-05,3.34880460286513e-05,T_place_TUNNELS,False
lag_06__T3__is_scoped,3.348285099491477e-05,3.348285099491477e-05,T3__is_scoped,False
lag_12__CT_place_BANANA,3.34815340465866e-05,3.34815340465866e-05,CT_place_BANANA,False
lag_13__T4__is_scoped,3.3476801036158577e-05,3.3476801036158577e-05,T4__is_scoped,False
lag_06__CT_place_MINI,3.3465628803242e-05,3.3465628803242e-05,CT_place_MINI,False
lag_05__T2__alive,3.345880031702109e-05,3.345880031702109e-05,T2__alive,False
lag_12__T5__is_scoped,3.3444594009779394e-05,3.3444594009779394e-05,T5__is_scoped,False
lag_14__CT_place_LONGDOORS,3.342724448884837e-05,3.342724448884837e-05,CT_place_LONGDOORS,False
lag_12__CT_A_site_active_infernos,3.3412958146072924e-05,3.3412958146072924e-05,CT_A_site_active_infernos,True
lag_15__T_flash_alpha_mean,-3.341042247484438e-05,3.341042247484438e-05,T_flash_alpha_mean,True
lag_07__CT_place_PALACEINTERIOR,3.340984767419286e-05,3.340984767419286e-05,CT_place_PALACEINTERIOR,False
lag_12__CT_place_OUTSIDE,3.337378802825697e-05,3.337378802825697e-05,CT_place_OUTSIDE,False
lag_08__CT_place_SHORTSTAIRS,-3.33720090566203e-05,3.33720090566203e-05,CT_place_SHORTSTAIRS,False
lag_15__CT_flash_alpha_mean,-3.336960435262881e-05,3.336960435262881e-05,CT_flash_alpha_mean,True
lag_12__T2__shots_fired,-3.3278858609264717e-05,3.3278858609264717e-05,T2__shots_fired,False
lag_10__T_place_TRAMP,3.326826117699966e-05,3.326826117699966e-05,T_place_TRAMP,False
lag_11__CT_place_ARCH,3.326579098938964e-05,3.326579098938964e-05,CT_place_ARCH,False
lag_14__T_place_SECONDMID,3.325374927953817e-05,3.325374927953817e-05,T_place_SECONDMID,False
lag_01__T_place_APARTMENTS,3.3243784855585545e-05,3.3243784855585545e-05,T_place_APARTMENTS,False
lag_15__CT_place_BOMBSITEB,3.323053169879131e-05,3.323053169879131e-05,CT_place_BOMBSITEB,False
lag_15__CT_macro_B,3.323053169879131e-05,3.323053169879131e-05,CT_macro_B,False
lag_03__CT_place_SIDEENTRANCE,3.321505573694594e-05,3.321505573694594e-05,CT_place_SIDEENTRANCE,False
lag_11__CT_place_PIT,3.320256291772239e-05,3.320256291772239e-05,CT_place_PIT,False
lag_03__CT_shots_fired_sum,3.3200427424162626e-05,3.3200427424162626e-05,CT_shots_fired_sum,False
lag_09__CT_flash_inv,3.319963070680387e-05,3.319963070680387e-05,CT_flash_inv,True
lag_02__CT4__duck_amount,3.318892777315341e-05,3.318892777315341e-05,CT4__duck_amount,False
lag_08__T_place_PALACEINTERIOR,3.3185693609993905e-05,3.3185693609993905e-05,T_place_PALACEINTERIOR,False
lag_04__CT_place_SIDEENTRANCE,3.317421942483634e-05,3.317421942483634e-05,CT_place_SIDEENTRANCE,False
lag_13__T_place_PALACEINTERIOR,3.3158550650114194e-05,3.3158550650114194e-05,T_place_PALACEINTERIOR,False
lag_08__T_place_TSIDEUPPER,3.314867717563175e-05,3.314867717563175e-05,T_place_TSIDEUPPER,False
lag_01__CT3__shots_fired,3.313341221655719e-05,3.313341221655719e-05,CT3__shots_fired,False
lag_13__T_place_TSIDEUPPER,3.312154149170965e-05,3.312154149170965e-05,T_place_TSIDEUPPER,False
lag_09__T_place_BANANA,3.3094966056523845e-05,3.3094966056523845e-05,T_place_BANANA,False
lag_01__T3__X,-3.308529267087579e-05,3.308529267087579e-05,T3__X,False
lag_02__CT_place_RUINS,3.307161750853993e-05,3.307161750853993e-05,CT_place_RUINS,False
lag_10__T_place_RUINS,3.3066819014493376e-05,3.3066819014493376e-05,T_place_RUINS,False
lag_12__CT_place_TOPOFMID,3.30663679051213e-05,3.30663679051213e-05,CT_place_TOPOFMID,False
lag_14__T_place_UNDERPASS,3.305398058728315e-05,3.305398058728315e-05,T_place_UNDERPASS,False
lag_06__T_utility_damage_last_5s,3.304140773252584e-05,3.304140773252584e-05,T_utility_damage_last_5s,True
lag_10__CT_place_CONNECTOR,3.3036922104656696e-05,3.3036922104656696e-05,CT_place_CONNECTOR,False
lag_09__T5__shots_fired,3.302844561403617e-05,3.302844561403617e-05,T5__shots_fired,False
lag_04__T_flash_duration_sum,3.3012307540047914e-05,3.3012307540047914e-05,T_flash_duration_sum,True
lag_08__CT_place_CATWALK,3.3005311706801876e-05,3.3005311706801876e-05,CT_place_CATWALK,False
lag_15__T_place_TRAMP,3.30020920955576e-05,3.30020920955576e-05,T_place_TRAMP,False
lag_13__CT_place_CATWALK,3.297829607618041e-05,3.297829607618041e-05,CT_place_CATWALK,False
lag_11__CT_place_APARTMENTS,3.296032809885219e-05,3.296032809885219e-05,CT_place_APARTMENTS,False
lag_07__T2__flash_duration,3.2959967938950285e-05,3.2959967938950285e-05,T2__flash_duration,True
lag_14__T_place_BACKALLEY,3.2957254006760195e-05,3.2957254006760195e-05,T_place_BACKALLEY,False
lag_06__T_place_ALLEY,3.2951949833659455e-05,3.2951949833659455e-05,T_place_ALLEY,False
lag_06__T_alive,-3.291706525487825e-05,3.291706525487825e-05,T_alive,False
lag_11__T_place_LOBBY,3.2912972528720275e-05,3.2912972528720275e-05,T_place_LOBBY,False
lag_15__T_flash_duration_sum,3.2908330467762426e-05,3.2908330467762426e-05,T_flash_duration_sum,True
lag_03__CT_place_LONGDOORS,3.289024607511237e-05,3.289024607511237e-05,CT_place_LONGDOORS,False
lag_13__T_place_LOWERTUNNEL,3.287246363470331e-05,3.287246363470331e-05,T_place_LOWERTUNNEL,False
lag_12__T3__X,-3.286197534180246e-05,3.286197534180246e-05,T3__X,False
lag_04__CT_place_LONGDOORS,3.284986087237485e-05,3.284986087237485e-05,CT_place_LONGDOORS,False
lag_14__T_spread_xy,-3.2844673114595935e-05,3.2844673114595935e-05,T_spread_xy,False
lag_14__CT_place_PALACEINTERIOR,3.2820018532220274e-05,3.2820018532220274e-05,CT_place_PALACEINTERIOR,False
lag_11__T_place_OUTSIDETUNNEL,3.280512464698404e-05,3.280512464698404e-05,T_place_OUTSIDETUNNEL,False
lag_15__T_place_RUINS,3.280225791968405e-05,3.280225791968405e-05,T_place_RUINS,False
lag_07__CT2__flash_duration,3.280034434283152e-05,3.280034434283152e-05,CT2__flash_duration,True
lag_07__T1__is_scoped,3.278654912719503e-05,3.278654912719503e-05,T1__is_scoped,False
lag_15__CT_place_CONNECTOR,3.277256837463938e-05,3.277256837463938e-05,CT_place_CONNECTOR,False
lag_10__T4__is_scoped,3.276558709330857e-05,3.276558709330857e-05,T4__is_scoped,False
lag_03__T_place_SECONDMID,3.271952664363198e-05,3.271952664363198e-05,T_place_SECONDMID,False
lag_02__T1__flash_duration,3.270879460615106e-05,3.270879460615106e-05,T1__flash_duration,True
lag_07__CT1__flash_duration,3.2704570912756026e-05,3.2704570912756026e-05,CT1__flash_duration,True
lag_04__T_place_SECONDMID,3.267935608164407e-05,3.267935608164407e-05,T_place_SECONDMID,False
lag_07__CT2__armor,3.260648372815922e-05,3.260648372815922e-05,CT2__armor,False
lag_08__CT_place_BANANA,3.257268690504134e-05,3.257268690504134e-05,CT_place_BANANA,False
lag_13__CT_place_BANANA,3.2546031434321776e-05,3.2546031434321776e-05,CT_place_BANANA,False
lag_08__CT1__armor,3.253849718021229e-05,3.253849718021229e-05,CT1__armor,False
lag_08__T5__is_scoped,3.253671093261801e-05,3.253671093261801e-05,T5__is_scoped,False
lag_03__T_place_UNDERPASS,3.252294845879078e-05,3.252294845879078e-05,T_place_UNDERPASS,False
lag_01__CT3__utility_total,3.25179826177191e-05,3.25179826177191e-05,CT3__utility_total,True
lag_13__T5__is_scoped,3.251012822147459e-05,3.251012822147459e-05,T5__is_scoped,False
lag_08__CT_A_site_active_infernos,3.250598820159212e-05,3.250598820159212e-05,CT_A_site_active_infernos,True
lag_15__T4__is_scoped,3.250342342653312e-05,3.250342342653312e-05,T4__is_scoped,False
lag_07__T5__flash_duration,3.248480425099842e-05,3.248480425099842e-05,T5__flash_duration,True
lag_04__T_place_UNDERPASS,3.2483025279361755e-05,3.2483025279361755e-05,T_place_UNDERPASS,False
lag_09__CT4__shots_fired,3.247955464757979e-05,3.247955464757979e-05,CT4__shots_fired,False
lag_13__CT_A_site_active_infernos,3.247938730055466e-05,3.247938730055466e-05,CT_A_site_active_infernos,True
lag_08__CT_place_OUTSIDE,3.246787309763022e-05,3.246787309763022e-05,CT_place_OUTSIDE,False
lag_10__T_place_PALACEINTERIOR,3.245408879593015e-05,3.245408879593015e-05,T_place_PALACEINTERIOR,False
lag_13__CT_place_OUTSIDE,3.244131585233845e-05,3.244131585233845e-05,CT_place_OUTSIDE,False
lag_13__CT_kills_last_3s,-3.242848106310703e-05,3.242848106310703e-05,CT_kills_last_3s,False
lag_03__T_place_BACKALLEY,3.242780803702772e-05,3.242780803702772e-05,T_place_BACKALLEY,False
lag_10__T_place_TSIDEUPPER,3.241791273467243e-05,3.241791273467243e-05,T_place_TSIDEUPPER,False
lag_05__CT_place_SNIPERSNEST,3.2406092941528186e-05,3.2406092941528186e-05,CT_place_SNIPERSNEST,False
lag_01__T4__molly,-3.239096258766949e-05,3.239096258766949e-05,T4__molly,True
lag_04__T_place_BACKALLEY,3.2388004910899326e-05,3.2388004910899326e-05,T_place_BACKALLEY,False
lag_06__CT_place_BALCONY,3.238276258343831e-05,3.238276258343831e-05,CT_place_BALCONY,False
lag_05__T_place_TSIDELOWER,3.237825876567513e-05,3.237825876567513e-05,T_place_TSIDELOWER,False
lag_14__T2__flash_duration,3.237806959077716e-05,3.237806959077716e-05,T2__flash_duration,True
lag_06__T_place_TMAIN,3.2362226193072274e-05,3.2362226193072274e-05,T_place_TMAIN,False
lag_10__T_flash_duration_sum,3.234749237890355e-05,3.234749237890355e-05,T_flash_duration_sum,True
lag_12__CT_place_ARCH,3.234362884541042e-05,3.234362884541042e-05,CT_place_ARCH,False
lag_02__CT_flash_inv,3.232805465813726e-05,3.232805465813726e-05,CT_flash_inv,True
lag_03__CT_place_PALACEINTERIOR,3.229276990168728e-05,3.229276990168728e-05,CT_place_PALACEINTERIOR,False
lag_12__CT_place_PIT,3.2282092433888465e-05,3.2282092433888465e-05,CT_place_PIT,False
lag_10__CT_place_CATWALK,3.2277650461765006e-05,3.2277650461765006e-05,CT_place_CATWALK,False
lag_05__CT2__is_scoped,3.227407069061883e-05,3.227407069061883e-05,CT2__is_scoped,False
lag_07__CT3__flash_duration,3.2269908842863515e-05,3.2269908842863515e-05,CT3__flash_duration,True
lag_11__CT_place_RUINS,3.226363332942128e-05,3.226363332942128e-05,CT_place_RUINS,False
lag_04__CT_place_PALACEINTERIOR,3.225313776056282e-05,3.225313776056282e-05,CT_place_PALACEINTERIOR,False
lag_13__T_place_LONGDOORS,3.225169348297641e-05,3.225169348297641e-05,T_place_LONGDOORS,False
lag_14__CT2__flash_duration,3.2221287256106734e-05,3.2221287256106734e-05,CT2__flash_duration,True
lag_13__T1__is_scoped,3.220422877348028e-05,3.220422877348028e-05,T1__is_scoped,False
lag_06__CT_place_TRUCK,3.220152575522661e-05,3.220152575522661e-05,CT_place_TRUCK,False
lag_15__T_place_PALACEINTERIOR,3.2194428058573976e-05,3.2194428058573976e-05,T_place_PALACEINTERIOR,False
lag_08__CT_place_TOPOFMID,3.216876575606875e-05,3.216876575606875e-05,CT_place_TOPOFMID,False
lag_07__CT_place_HOUSE,3.216618642909452e-05,3.216618642909452e-05,CT_place_HOUSE,False
lag_15__T_place_TSIDEUPPER,3.2158503017853945e-05,3.2158503017853945e-05,T_place_TSIDEUPPER,False
lag_13__CT_place_TOPOFMID,3.214245953131467e-05,3.214245953131467e-05,CT_place_TOPOFMID,False
lag_14__CT1__flash_duration,3.212720184819773e-05,3.212720184819773e-05,CT1__flash_duration,True
lag_07__CT4__flash_duration,3.211310468032025e-05,3.211310468032025e-05,CT4__flash_duration,True
lag_13__money_diff,3.208094130968675e-05,3.208094130968675e-05,money_diff,False
lag_07__CT_place_SIDEHALL,3.207941699656658e-05,3.207941699656658e-05,CT_place_SIDEHALL,False
lag_11__CT_utility_damage_last_5s,3.2050287700258195e-05,3.2050287700258195e-05,CT_utility_damage_last_5s,True
lag_12__CT_place_APARTMENTS,3.204658787581138e-05,3.204658787581138e-05,CT_place_APARTMENTS,False
lag_15__CT_place_CATWALK,3.201937215635553e-05,3.201937215635553e-05,CT_place_CATWALK,False
lag_12__T_place_LOBBY,3.200057108188048e-05,3.200057108188048e-05,T_place_LOBBY,False
lag_07__T_place_CANAL,3.198998820153065e-05,3.198998820153065e-05,T_place_CANAL,False
lag_01__CT_place_RAMP,3.194931196048856e-05,3.194931196048856e-05,CT_place_RAMP,False
lag_14__T5__flash_duration,3.191132782376371e-05,3.191132782376371e-05,T5__flash_duration,True
lag_10__flash_inv_diff,-3.1885079806670547e-05,3.1885079806670547e-05,flash_inv_diff,True
lag_13__T1__has_helmet,3.1872808904154226e-05,3.1872808904154226e-05,T1__has_helmet,False
lag_03__T2__flash_duration,3.1857925932854414e-05,3.1857925932854414e-05,T2__flash_duration,True
lag_10__CT_place_BANANA,3.185462628607638e-05,3.185462628607638e-05,CT_place_BANANA,False
lag_10__T5__is_scoped,3.1819421565160155e-05,3.1819421565160155e-05,T5__is_scoped,False
lag_04__T2__flash_duration,3.181881402269937e-05,3.181881402269937e-05,T2__flash_duration,True
lag_10__CT_A_site_active_infernos,3.178937186021358e-05,3.178937186021358e-05,CT_A_site_active_infernos,True
lag_14__CT_defuser_count,-3.178505721734837e-05,3.178505721734837e-05,CT_defuser_count,False
lag_05__T_place_SIDEALLEY,3.178024780936539e-05,3.178024780936539e-05,T_place_SIDEALLEY,False
lag_09__CT1__is_scoped,3.1778530683368444e-05,3.1778530683368444e-05,CT1__is_scoped,False
lag_03__T5__smoke,3.17525009450037e-05,3.17525009450037e-05,T5__smoke,True
lag_10__CT_place_OUTSIDE,3.175211895722896e-05,3.175211895722896e-05,CT_place_OUTSIDE,False
lag_05__T_place_PALACEALLEY,3.174024823238142e-05,3.174024823238142e-05,T_place_PALACEALLEY,False
lag_05__CT1__hp,3.1710529583506286e-05,3.1710529583506286e-05,CT1__hp,False
lag_10__T4__X,3.170924537698738e-05,3.170924537698738e-05,T4__X,False
lag_03__CT2__flash_duration,3.170367926941253e-05,3.170367926941253e-05,CT2__flash_duration,True
lag_14__CT3__flash_duration,3.170020499965176e-05,3.170020499965176e-05,CT3__flash_duration,True
lag_04__CT2__flash_duration,3.166471287840977e-05,3.166471287840977e-05,CT2__flash_duration,True
lag_13__T5__smoke,3.165224552503787e-05,3.165224552503787e-05,T5__smoke,True
lag_09__T4__shots_fired,3.164798908983357e-05,3.164798908983357e-05,T4__shots_fired,False
lag_01__CT_place_MIDDLE,3.1633324397262186e-05,3.1633324397262186e-05,CT_place_MIDDLE,False
lag_03__CT1__flash_duration,3.1611085432814434e-05,3.1611085432814434e-05,CT1__flash_duration,True
lag_15__CT_place_BANANA,3.1599738576915115e-05,3.1599738576915115e-05,CT_place_BANANA,False
lag_12__T_alive,-3.1598763598594815e-05,3.1598763598594815e-05,T_alive,False
lag_14__CT_place_HOUSE,3.159827247145586e-05,3.159827247145586e-05,CT_place_HOUSE,False
lag_04__CT1__flash_duration,3.1572242733091116e-05,3.1572242733091116e-05,CT1__flash_duration,True
lag_15__T5__is_scoped,3.156486127409153e-05,3.156486127409153e-05,T5__is_scoped,False
lag_09__CT_place_ALLEY,3.1562449294142425e-05,3.1562449294142425e-05,CT_place_ALLEY,False
lag_05__CT_place_WALKWAY,3.156167804263532e-05,3.156167804263532e-05,CT_place_WALKWAY,False
lag_06__T_place_CONNECTOR,3.1547977414447814e-05,3.1547977414447814e-05,T_place_CONNECTOR,False
lag_14__CT4__flash_duration,3.1546202080789953e-05,3.1546202080789953e-05,CT4__flash_duration,True
lag_15__CT_A_site_active_infernos,3.1535004382021725e-05,3.1535004382021725e-05,CT_A_site_active_infernos,True
lag_14__CT_place_SIDEHALL,3.151310374960303e-05,3.151310374960303e-05,CT_place_SIDEHALL,False
lag_15__CT_place_OUTSIDE,3.1498078897129744e-05,3.1498078897129744e-05,CT_place_OUTSIDE,False
lag_08__CT_place_ARCH,3.146570088574663e-05,3.146570088574663e-05,CT_place_ARCH,False
lag_10__CT_place_TOPOFMID,3.1459599995287135e-05,3.1459599995287135e-05,CT_place_TOPOFMID,False
lag_13__CT_place_ARCH,3.143991489196196e-05,3.143991489196196e-05,CT_place_ARCH,False
lag_14__T_place_CANAL,3.142519562970847e-05,3.142519562970847e-05,T_place_CANAL,False
lag_08__CT_place_PIT,3.1405812478624284e-05,3.1405812478624284e-05,CT_place_PIT,False
lag_03__T5__flash_duration,3.139868567814119e-05,3.139868567814119e-05,T5__flash_duration,True
lag_13__CT_place_PIT,3.138013562420383e-05,3.138013562420383e-05,CT_place_PIT,False
lag_12__CT_place_RUINS,3.1369261705549434e-05,3.1369261705549434e-05,CT_place_RUINS,False
lag_04__T5__flash_duration,3.136008308501914e-05,3.136008308501914e-05,T5__flash_duration,True
lag_01__T1__shots_fired,3.13448763336055e-05,3.13448763336055e-05,T1__shots_fired,False
lag_05__T1__flash_duration,3.1340929126599804e-05,3.1340929126599804e-05,T1__flash_duration,True
lag_14__CT_flash_duration_sum,3.1321913411375135e-05,3.1321913411375135e-05,CT_flash_duration_sum,True
lag_03__CT3__smoke,3.128415846731514e-05,3.128415846731514e-05,CT3__smoke,True
lag_06__CT_place_SHOP,3.122670023003593e-05,3.122670023003593e-05,CT_place_SHOP,False
lag_01__CT5__shots_fired,3.1214334740070626e-05,3.1214334740070626e-05,CT5__shots_fired,False
lag_03__T_place_TSPAWN,3.1210958695737645e-05,3.1210958695737645e-05,T_place_TSPAWN,False
lag_15__CT_place_TOPOFMID,3.1207917345454916e-05,3.1207917345454916e-05,CT_place_TOPOFMID,False
lag_02__CT_place_SIDEENTRANCE,3.1193085305858403e-05,3.1193085305858403e-05,CT_place_SIDEENTRANCE,False
lag_03__CT3__flash_duration,3.119093526038341e-05,3.119093526038341e-05,CT3__flash_duration,True
lag_08__CT_place_APARTMENTS,3.117671440122649e-05,3.117671440122649e-05,CT_place_APARTMENTS,False
lag_01__CT_place_TUNNELS,3.11711773974821e-05,3.11711773974821e-05,CT_place_TUNNELS,False
lag_06__CT_place_JUNGLE,3.116129300906323e-05,3.116129300906323e-05,CT_place_JUNGLE,False
lag_04__CT3__flash_duration,3.1152627343544737e-05,3.1152627343544737e-05,CT3__flash_duration,True
lag_13__CT_place_APARTMENTS,3.115119397989474e-05,3.115119397989474e-05,CT_place_APARTMENTS,False
lag_08__T_place_LOBBY,3.113190905423835e-05,3.113190905423835e-05,T_place_LOBBY,False
lag_05__CT_place_HEAVEN,3.111996556981467e-05,3.111996556981467e-05,CT_place_HEAVEN,False
lag_13__T_place_LOBBY,3.110643592663109e-05,3.110643592663109e-05,T_place_LOBBY,False
lag_03__CT_place_HOUSE,3.109070166829042e-05,3.109070166829042e-05,CT_place_HOUSE,False
lag_03__CT_active_infernos,3.108565215370618e-05,3.108565215370618e-05,CT_active_infernos,True
lag_03__T_flash_duration_sum,3.105936775682494e-05,3.105936775682494e-05,T_flash_duration_sum,True
lag_15__money_diff,3.10571922454983e-05,3.10571922454983e-05,money_diff,False
lag_08__T_hp_sum,-3.105282667092979e-05,3.105282667092979e-05,T_hp_sum,False
lag_04__CT_place_HOUSE,3.105252835666761e-05,3.105252835666761e-05,CT_place_HOUSE,False
lag_03__CT4__flash_duration,3.10393916151952e-05,3.10393916151952e-05,CT4__flash_duration,True
lag_05__CT_place_UNDERPASS,3.1023348128655925e-05,3.1023348128655925e-05,CT_place_UNDERPASS,False
lag_03__CT4__duck_amount,3.100884350715205e-05,3.100884350715205e-05,CT4__duck_amount,False
lag_03__CT_place_SIDEHALL,3.100683898082934e-05,3.100683898082934e-05,CT_place_SIDEHALL,False
lag_04__CT4__flash_duration,3.1001294701127335e-05,3.1001294701127335e-05,CT4__flash_duration,True
lag_04__CT_place_SIDEHALL,3.0968760256655514e-05,3.0968760256655514e-05,CT_place_SIDEHALL,False
lag_05__CT_place_RAFTERS,3.092076440225355e-05,3.092076440225355e-05,CT_place_RAFTERS,False
lag_03__T_place_CANAL,3.0920375138521194e-05,3.0920375138521194e-05,T_place_CANAL,False
lag_02__CT_place_LONGDOORS,3.0888088076608256e-05,3.0888088076608256e-05,CT_place_LONGDOORS,False
lag_04__T_place_CANAL,3.088239100179635e-05,3.088239100179635e-05,T_place_CANAL,False
lag_14__CT_equip_value_sum,3.0836563382763416e-05,3.0836563382763416e-05,CT_equip_value_sum,False
lag_07__T_place_TUNNELS,3.080808892264031e-05,3.080808892264031e-05,T_place_TUNNELS,False
lag_01__T_place_BANANA,3.080473470618017e-05,3.080473470618017e-05,T_place_BANANA,False
lag_10__CT_place_ARCH,3.077198562095873e-05,3.077198562095873e-05,CT_place_ARCH,False
lag_01__T5__shots_fired,3.0742834496777505e-05,3.0742834496777505e-05,T5__shots_fired,False
lag_02__T_place_SECONDMID,3.0727747798664495e-05,3.0727747798664495e-05,T_place_SECONDMID,False
lag_05__T3__is_scoped,3.0713588785147294e-05,3.0713588785147294e-05,T3__is_scoped,False
lag_10__CT_place_PIT,3.0713476007804275e-05,3.0713476007804275e-05,CT_place_PIT,False
lag_05__CT_place_MINI,3.069778540520929e-05,3.069778540520929e-05,CT_place_MINI,False
lag_07__T_smoke_inv,-3.0664301448268816e-05,3.0664301448268816e-05,T_smoke_inv,True
lag_15__T2__has_helmet,3.062219184357673e-05,3.062219184357673e-05,T2__has_helmet,False
lag_06__T_place_RAMP,3.056551213376224e-05,3.056551213376224e-05,T_place_RAMP,False
lag_06__T_place_OUTSIDETUNNEL,-3.055981869692914e-05,3.055981869692914e-05,T_place_OUTSIDETUNNEL,False
lag_02__T_place_UNDERPASS,3.054313128814101e-05,3.054313128814101e-05,T_place_UNDERPASS,False
lag_15__CT_place_ARCH,3.05257854051888e-05,3.05257854051888e-05,CT_place_ARCH,False
lag_14__CT1__armor,3.051798194064759e-05,3.051798194064759e-05,CT1__armor,False
lag_08__CT_place_RUINS,3.051773819606751e-05,3.051773819606751e-05,CT_place_RUINS,False
lag_13__CT_spread_xy,3.0515311664203182e-05,3.0515311664203182e-05,CT_spread_xy,False
lag_13__CT_place_RUINS,3.0492772566503845e-05,3.0492772566503845e-05,CT_place_RUINS,False
lag_10__CT_place_APARTMENTS,3.0489407436107285e-05,3.0489407436107285e-05,CT_place_APARTMENTS,False
lag_11__CT1__flash,-3.0476228857878596e-05,3.0476228857878596e-05,CT1__flash,True
lag_15__CT_place_PIT,3.046773053938523e-05,3.046773053938523e-05,CT_place_PIT,False
lag_02__T_place_BACKALLEY,3.0453766157734208e-05,3.0453766157734208e-05,T_place_BACKALLEY,False
lag_10__T_place_LOBBY,3.0445609809248708e-05,3.0445609809248708e-05,T_place_LOBBY,False
lag_07__CT1__shots_fired,3.0442803108599037e-05,3.0442803108599037e-05,CT1__shots_fired,False
lag_11__CT_place_SIDEENTRANCE,3.0431039704126306e-05,3.0431039704126306e-05,CT_place_SIDEENTRANCE,False
lag_14__T3__flash_duration,3.041724266950041e-05,3.041724266950041e-05,T3__flash_duration,True
lag_06__T_place_BACKOFB,3.0408946258830838e-05,3.0408946258830838e-05,T_place_BACKOFB,False
lag_02__CT_place_PALACEINTERIOR,3.0326958949444816e-05,3.0326958949444816e-05,CT_place_PALACEINTERIOR,False
lag_12__CT3__utility_total,-3.0320978112285957e-05,3.0320978112285957e-05,CT3__utility_total,True
lag_05__T_utility_damage_last_5s,3.0308639907161705e-05,3.0308639907161705e-05,T_utility_damage_last_5s,True
lag_08__CT5__flash_duration,-3.0268185582826845e-05,3.0268185582826845e-05,CT5__flash_duration,True
lag_14__T_place_TUNNELS,3.026420199603308e-05,3.026420199603308e-05,T_place_TUNNELS,False
lag_15__CT_place_APARTMENTS,3.0245453672250733e-05,3.0245453672250733e-05,CT_place_APARTMENTS,False
lag_01__CT4__shots_fired,3.023194039997179e-05,3.023194039997179e-05,CT4__shots_fired,False
lag_05__T_place_ALLEY,3.022657983819954e-05,3.022657983819954e-05,T_place_ALLEY,False
lag_12__CT_round_start_equip_sum,-3.0223241992644034e-05,3.0223241992644034e-05,CT_round_start_equip_sum,False
lag_02__CT1__molly,3.0217455787351355e-05,3.0217455787351355e-05,CT1__molly,True
lag_15__T_place_LOBBY,3.020200165337883e-05,3.020200165337883e-05,T_place_LOBBY,False
lag_08__CT_velocity_mean,-3.017631570401136e-05,3.017631570401136e-05,CT_velocity_mean,False
lag_11__CT_place_LONGDOORS,3.013346213265322e-05,3.013346213265322e-05,CT_place_LONGDOORS,False
lag_12__CT1__armor,3.0115128538454883e-05,3.0115128538454883e-05,CT1__armor,False
lag_02__T_walking_count,3.0057963158469647e-05,3.0057963158469647e-05,T_walking_count,False
lag_07__CT_utility_damage_last_5s,3.000107972184196e-05,3.000107972184196e-05,CT_utility_damage_last_5s,True
lag_11__T_place_SECONDMID,2.9977049052831717e-05,2.9977049052831717e-05,T_place_SECONDMID,False
lag_03__CT_round_start_equip_sum,-2.996797047671862e-05,2.996797047671862e-05,CT_round_start_equip_sum,False
lag_12__T2__X,-2.993731504830066e-05,2.993731504830066e-05,T2__X,False
lag_11__CT_place_BOMBSITEB,-2.993701127707027e-05,2.993701127707027e-05,CT_place_BOMBSITEB,False
lag_11__CT_macro_B,-2.993701127707027e-05,2.993701127707027e-05,CT_macro_B,False
lag_02__T2__flash_duration,2.991857036249712e-05,2.991857036249712e-05,T2__flash_duration,True
lag_11__T_macro_MID,2.9897395506850444e-05,2.9897395506850444e-05,T_macro_MID,False
lag_14__money_diff,2.988834967254661e-05,2.988834967254661e-05,money_diff,False
lag_06__T_place_HOUSE,2.9884335162932985e-05,2.9884335162932985e-05,T_place_HOUSE,False
lag_10__CT_place_RUINS,2.9844974051229656e-05,2.9844974051229656e-05,CT_place_RUINS,False
lag_09__T_flash_alpha_mean,-2.9828881451976486e-05,2.9828881451976486e-05,T_flash_alpha_mean,True
lag_07__CT_place_SNIPERSNEST,2.981271427415777e-05,2.981271427415777e-05,CT_place_SNIPERSNEST,False
lag_11__T_place_UNDERPASS,2.97969800158171e-05,2.97969800158171e-05,T_place_UNDERPASS,False
lag_09__CT_flash_alpha_mean,-2.9792459827149287e-05,2.9792459827149287e-05,CT_flash_alpha_mean,True
lag_07__T_place_TSIDELOWER,2.9787113817292266e-05,2.9787113817292266e-05,T_place_TSIDELOWER,False
lag_03__T_place_TUNNELS,2.977800613734871e-05,2.977800613734871e-05,T_place_TUNNELS,False
lag_02__CT2__flash_duration,2.9773693313472904e-05,2.9773693313472904e-05,CT2__flash_duration,True
lag_04__T_place_TUNNELS,2.9741435355390422e-05,2.9741435355390422e-05,T_place_TUNNELS,False
lag_11__T_place_BACKALLEY,2.970978857774753e-05,2.970978857774753e-05,T_place_BACKALLEY,False
lag_05__CT_place_BALCONY,2.9704497137572616e-05,2.9704497137572616e-05,CT_place_BALCONY,False
lag_07__CT2__is_scoped,2.9691276722587645e-05,2.9691276722587645e-05,CT2__is_scoped,False
lag_02__CT1__flash_duration,2.9686772904824466e-05,2.9686772904824466e-05,CT1__flash_duration,True
lag_05__T_place_TMAIN,2.9685634217457846e-05,2.9685634217457846e-05,T_place_TMAIN,False
lag_15__T2__armor,2.967726504721213e-05,2.967726504721213e-05,T2__armor,False
lag_12__CT2__armor,2.964635677926708e-05,2.964635677926708e-05,CT2__armor,False
lag_00__T_macro_A,-2.9630189601448365e-05,2.9630189601448365e-05,T_macro_A,False
lag_00__T_place_BOMBSITEA,-2.9630189601448365e-05,2.9630189601448365e-05,T_place_BOMBSITEA,False
lag_15__CT_place_RUINS,2.9606171665363945e-05,2.9606171665363945e-05,CT_place_RUINS,False
lag_15__CT_utility_damage_last_5s,2.9604232622659765e-05,2.9604232622659765e-05,CT_utility_damage_last_5s,True
lag_12__CT_place_SIDEENTRANCE,2.9587437893496826e-05,2.9587437893496826e-05,CT_place_SIDEENTRANCE,False
lag_11__CT_place_PALACEINTERIOR,2.9586062737507746e-05,2.9586062737507746e-05,CT_place_PALACEINTERIOR,False
lag_01__CT1__is_scoped,2.957940705528017e-05,2.957940705528017e-05,CT1__is_scoped,False
lag_12__flash_inv_diff,-2.9561952032963745e-05,2.9561952032963745e-05,flash_inv_diff,True
lag_15__T_molly_inv,2.9543505661422387e-05,2.9543505661422387e-05,T_molly_inv,True
lag_05__CT_place_TRUCK,2.953821240225807e-05,2.953821240225807e-05,CT_place_TRUCK,False
lag_15__CT_place_BOMBSITEA,-2.9527805963880382e-05,2.9527805963880382e-05,CT_place_BOMBSITEA,False
lag_15__CT_macro_A,-2.9527805963880382e-05,2.9527805963880382e-05,CT_macro_A,False
lag_15__T5__flash,2.9522050681407563e-05,2.9522050681407563e-05,T5__flash,True
lag_02__T5__flash_duration,2.948727887996938e-05,2.948727887996938e-05,T5__flash_duration,True
lag_09__T_place_TRAMP,2.9464323233696632e-05,2.9464323233696632e-05,T_place_TRAMP,False
lag_03__CT_flash_inv,2.9458173230523244e-05,2.9458173230523244e-05,CT_flash_inv,True
lag_01__T4__shots_fired,2.945788401120808e-05,2.945788401120808e-05,T4__shots_fired,False
lag_10__CT4__duck_amount,-2.945639607787598e-05,2.945639607787598e-05,CT4__duck_amount,False
lag_01__T3__flash_duration,2.9444847314152867e-05,2.9444847314152867e-05,T3__flash_duration,True
lag_06__CT_place_LOWERPARK,2.9404520319076255e-05,2.9404520319076255e-05,CT_place_LOWERPARK,False
lag_01__CT_place_ALLEY,2.937824683613144e-05,2.937824683613144e-05,CT_place_ALLEY,False
lag_10__centroid_distance_xy,2.9353503123275004e-05,2.9353503123275004e-05,centroid_distance_xy,False
lag_12__CT_place_LONGDOORS,2.929810761997942e-05,2.929810761997942e-05,CT_place_LONGDOORS,False
lag_02__CT3__flash_duration,2.9292192266439088e-05,2.9292192266439088e-05,CT3__flash_duration,True
lag_14__CT_place_SNIPERSNEST,2.9286384233273566e-05,2.9286384233273566e-05,CT_place_SNIPERSNEST,False
lag_09__T_place_RUINS,2.9285900382092223e-05,2.9285900382092223e-05,T_place_RUINS,False
lag_14__T_place_TSIDELOWER,2.9261245799716562e-05,2.9261245799716562e-05,T_place_TSIDELOWER,False
lag_09__CT_place_CONNECTOR,2.9259432267281227e-05,2.9259432267281227e-05,CT_place_CONNECTOR,False
lag_07__T_place_SIDEALLEY,2.9236973205115646e-05,2.9236973205115646e-05,T_place_SIDEALLEY,False
lag_07__T_place_PALACEALLEY,2.9200185963418335e-05,2.9200185963418335e-05,T_place_PALACEALLEY,False
lag_02__CT_place_HOUSE,2.919803955592215e-05,2.919803955592215e-05,CT_place_HOUSE,False
lag_11__T2__flash_duration,2.918766222137492e-05,2.918766222137492e-05,T2__flash_duration,True
lag_14__CT2__is_scoped,2.9167096727178432e-05,2.9167096727178432e-05,CT2__is_scoped,False
lag_02__CT4__flash_duration,2.9149898182367906e-05,2.9149898182367906e-05,CT4__flash_duration,True
lag_12__T_place_SECONDMID,2.9146074666641653e-05,2.9146074666641653e-05,T_place_SECONDMID,False
lag_02__CT_place_SIDEHALL,2.911931005655788e-05,2.911931005655788e-05,CT_place_SIDEHALL,False
lag_08__T1__X,2.9082453693263233e-05,2.9082453693263233e-05,T1__X,False
lag_11__CT2__flash_duration,2.904631219280418e-05,2.904631219280418e-05,CT2__flash_duration,True
lag_11__T_place_TSPAWN,2.904491702793166e-05,2.904491702793166e-05,T_place_TSPAWN,False
lag_06__CT4__duck_amount,-2.9041148081887513e-05,2.9041148081887513e-05,CT4__duck_amount,False
lag_06__T_place_ROOF,2.903940730902832e-05,2.903940730902832e-05,T_place_ROOF,False
lag_02__T_place_CANAL,2.903809945564717e-05,2.903809945564717e-05,T_place_CANAL,False
lag_07__CT_place_WALKWAY,2.9035858460702002e-05,2.9035858460702002e-05,CT_place_WALKWAY,False
lag_09__T4__is_scoped,2.9019121939199977e-05,2.9019121939199977e-05,T4__is_scoped,False
lag_06__CT_place_BACKOFB,2.900141043937765e-05,2.900141043937765e-05,CT_place_BACKOFB,False
lag_12__T_place_UNDERPASS,2.897095328080468e-05,2.897095328080468e-05,T_place_UNDERPASS,False
lag_11__CT1__flash_duration,2.8961532734683715e-05,2.8961532734683715e-05,CT1__flash_duration,True
lag_05__T_place_CONNECTOR,2.893876808229834e-05,2.893876808229834e-05,T_place_CONNECTOR,False
lag_13__active_smokes_total,-2.890527139243204e-05,2.890527139243204e-05,active_smokes_total,True
lag_12__T_place_BACKALLEY,2.8886181098641828e-05,2.8886181098641828e-05,T_place_BACKALLEY,False
lag_01__T_A_site_active_infernos,2.882118678826373e-05,2.882118678826373e-05,T_A_site_active_infernos,True
lag_03__CT_place_SNIPERSNEST,2.8815904443035834e-05,2.8815904443035834e-05,CT_place_SNIPERSNEST,False
lag_03__T_place_TSIDELOWER,2.8791162549168803e-05,2.8791162549168803e-05,T_place_TSIDELOWER,False
lag_06__CT_place_HUTROOF,2.8788521376554854e-05,2.8788521376554854e-05,CT_place_HUTROOF,False
lag_08__CT_place_SIDEENTRANCE,2.8784288588212803e-05,2.8784288588212803e-05,CT_place_SIDEENTRANCE,False
lag_04__CT_place_SNIPERSNEST,2.878052146115806e-05,2.878052146115806e-05,CT_place_SNIPERSNEST,False
lag_11__T5__flash_duration,2.8766909963451326e-05,2.8766909963451326e-05,T5__flash_duration,True
lag_12__CT_place_PALACEINTERIOR,2.876589132938534e-05,2.876589132938534e-05,CT_place_PALACEINTERIOR,False
lag_13__CT_place_SIDEENTRANCE,2.8760749046341516e-05,2.8760749046341516e-05,CT_place_SIDEENTRANCE,False
lag_04__T_place_TSIDELOWER,2.875580139516387e-05,2.875580139516387e-05,T_place_TSIDELOWER,False
lag_04__T_walking_count,-2.87460698018549e-05,2.87460698018549e-05,T_walking_count,False
lag_09__T_place_PALACEINTERIOR,2.874324854929e-05,2.874324854929e-05,T_place_PALACEINTERIOR,False
lag_06__T_place_SILO,2.872800723707769e-05,2.872800723707769e-05,T_place_SILO,False
lag_14__T_place_SIDEALLEY,2.872079494409263e-05,2.872079494409263e-05,T_place_SIDEALLEY,False
lag_09__T_place_TSIDEUPPER,2.8711197955999523e-05,2.8711197955999523e-05,T_place_TSIDEUPPER,False
lag_03__CT2__is_scoped,2.8698539608740248e-05,2.8698539608740248e-05,CT2__is_scoped,False
lag_15__T4__flash_duration,2.869848867703695e-05,2.869848867703695e-05,T4__flash_duration,True
lag_01__T_armor_sum,-2.869645322789438e-05,2.869645322789438e-05,T_armor_sum,False
lag_14__T_place_PALACEALLEY,2.8684655262622982e-05,2.8684655262622982e-05,T_place_PALACEALLEY,False
lag_06__CT_place_GARAGE,2.868423325708136e-05,2.868423325708136e-05,CT_place_GARAGE,False
lag_04__CT2__is_scoped,2.8663283956120722e-05,2.8663283956120722e-05,CT2__is_scoped,False
lag_06__T_place_CTSPAWN,2.8652013497776352e-05,2.8652013497776352e-05,T_place_CTSPAWN,False
lag_05__CT_place_SHOP,2.8644039048231207e-05,2.8644039048231207e-05,CT_place_SHOP,False
lag_07__CT_place_HEAVEN,2.8629499865928665e-05,2.8629499865928665e-05,CT_place_HEAVEN,False
lag_09__CT_place_CATWALK,2.8586973712663166e-05,2.8586973712663166e-05,CT_place_CATWALK,False
lag_05__CT_place_JUNGLE,2.8584050596691668e-05,2.8584050596691668e-05,CT_place_JUNGLE,False
lag_11__CT3__flash_duration,2.857659274013713e-05,2.857659274013713e-05,CT3__flash_duration,True
lag_01__T2__molly,2.8547656256705523e-05,2.8547656256705523e-05,T2__molly,True
lag_07__CT_place_UNDERPASS,2.8540629500639625e-05,2.8540629500639625e-05,CT_place_UNDERPASS,False
lag_14__CT_place_WALKWAY,2.8523270884761587e-05,2.8523270884761587e-05,CT_place_WALKWAY,False
lag_08__CT_place_LONGA,2.851268436643295e-05,2.851268436643295e-05,CT_place_LONGA,False
lag_08__CT_place_LONGDOORS,2.850282544386573e-05,2.850282544386573e-05,CT_place_LONGDOORS,False
lag_15__T3__flash_duration,2.849633528967388e-05,2.849633528967388e-05,T3__flash_duration,True
lag_11__CT_place_HOUSE,2.8484748327173293e-05,2.8484748327173293e-05,CT_place_HOUSE,False
lag_13__CT_place_LONGDOORS,2.847947871487122e-05,2.847947871487122e-05,CT_place_LONGDOORS,False
lag_07__CT_place_RAFTERS,2.844625305442605e-05,2.844625305442605e-05,CT_place_RAFTERS,False
lag_08__T_place_BDOORS,2.8445996576920152e-05,2.8445996576920152e-05,T_place_BDOORS,False
lag_11__CT4__flash_duration,2.8437752916943282e-05,2.8437752916943282e-05,CT4__flash_duration,True
lag_14__CT5__flash,-2.8421749448170885e-05,2.8421749448170885e-05,CT5__flash,True
lag_12__T1__flash_duration,2.8417089197319e-05,2.8417089197319e-05,T1__flash_duration,True
lag_11__CT_place_SIDEHALL,2.8407923309714533e-05,2.8407923309714533e-05,CT_place_SIDEHALL,False
lag_12__T2__flash_duration,2.8378524802974425e-05,2.8378524802974425e-05,T2__flash_duration,True
lag_08__T_place_SECONDMID,2.835489976860117e-05,2.835489976860117e-05,T_place_SECONDMID,False
lag_13__T_place_SECONDMID,2.8331698558758944e-05,2.8331698558758944e-05,T_place_SECONDMID,False
lag_11__T_place_CANAL,2.83287008642219e-05,2.83287008642219e-05,T_place_CANAL,False
lag_10__T3__flash_duration,2.832625432347413e-05,2.832625432347413e-05,T3__flash_duration,True
lag_03__T_place_SIDEALLEY,2.825941010087263e-05,2.825941010087263e-05,T_place_SIDEALLEY,False
lag_07__T3__is_scoped,2.825568117259536e-05,2.825568117259536e-05,T3__is_scoped,False
lag_07__CT_place_MINI,2.824112198140938e-05,2.824112198140938e-05,CT_place_MINI,False
lag_12__CT2__flash_duration,2.8241103791515343e-05,2.8241103791515343e-05,CT2__flash_duration,True
lag_13__T_smoke_inv,-2.823733120749239e-05,2.823733120749239e-05,T_smoke_inv,True
lag_14__T2__duck_amount,2.8230224415892735e-05,2.8230224415892735e-05,T2__duck_amount,False
lag_04__T_place_SIDEALLEY,2.822470742103178e-05,2.822470742103178e-05,T_place_SIDEALLEY,False
lag_03__T_place_PALACEALLEY,2.8223843401065096e-05,2.8223843401065096e-05,T_place_PALACEALLEY,False
lag_09__CT_place_BANANA,2.821230737026781e-05,2.821230737026781e-05,CT_place_BANANA,False
lag_04__T_place_PALACEALLEY,2.8189200747874565e-05,2.8189200747874565e-05,T_place_PALACEALLEY,False
lag_08__T_place_UNDERPASS,2.818454049702268e-05,2.818454049702268e-05,T_place_UNDERPASS,False
lag_09__T5__is_scoped,2.8181157176732086e-05,2.8181157176732086e-05,T5__is_scoped,False
lag_13__T_place_UNDERPASS,2.8161466616438702e-05,2.8161466616438702e-05,T_place_UNDERPASS,False
lag_12__CT1__flash_duration,2.8158647182863206e-05,2.8158647182863206e-05,CT1__flash_duration,True
lag_09__CT_A_site_active_infernos,2.8154528990853578e-05,2.8154528990853578e-05,CT_A_site_active_infernos,True
lag_10__CT_place_SIDEENTRANCE,2.814973413478583e-05,2.814973413478583e-05,CT_place_SIDEENTRANCE,False
lag_02__CT_round_start_equip_sum,-2.8145130272605456e-05,2.8145130272605456e-05,CT_round_start_equip_sum,False
lag_06__CT_place_LIBRARY,2.8144471798441373e-05,2.8144471798441373e-05,CT_place_LIBRARY,False
lag_08__T2__armor,2.813331775541883e-05,2.813331775541883e-05,T2__armor,False
lag_03__T_bomb_carrier_alive,2.8125652534072287e-05,2.8125652534072287e-05,T_bomb_carrier_alive,False
lag_14__CT_place_HEAVEN,2.8124071832280606e-05,2.8124071832280606e-05,CT_place_HEAVEN,False
lag_09__CT_place_OUTSIDE,2.8121532523073256e-05,2.8121532523073256e-05,CT_place_OUTSIDE,False
lag_08__T_place_BACKALLEY,2.8102072974434122e-05,2.8102072974434122e-05,T_place_BACKALLEY,False
lag_13__T_place_BACKALLEY,2.80790791293839e-05,2.80790791293839e-05,T_place_BACKALLEY,False
lag_00__T_money_sum,-2.807664350257255e-05,2.807664350257255e-05,T_money_sum,False
lag_03__CT_place_WALKWAY,2.8065051083103754e-05,2.8065051083103754e-05,CT_place_WALKWAY,False
lag_05__T_place_RAMP,2.8037535230396315e-05,2.8037535230396315e-05,T_place_RAMP,False
lag_14__CT_place_UNDERPASS,2.8036765797878616e-05,2.8036765797878616e-05,CT_place_UNDERPASS,False
lag_04__CT_place_WALKWAY,2.8030579414917156e-05,2.8030579414917156e-05,CT_place_WALKWAY,False
lag_08__CT1__flash,-2.8026355721522123e-05,2.8026355721522123e-05,CT1__flash,True
lag_00__T_hp_sum,2.8011338145006448e-05,2.8011338145006448e-05,T_hp_sum,False
lag_14__CT_scoped_count,2.8007292712572962e-05,2.8007292712572962e-05,CT_scoped_count,False
lag_08__CT_place_PALACEINTERIOR,2.7985044653178193e-05,2.7985044653178193e-05,CT_place_PALACEINTERIOR,False
lag_06__T_place_BRIDGE,2.7978603611700237e-05,2.7978603611700237e-05,T_place_BRIDGE,False
lag_12__T5__flash_duration,2.796942862914875e-05,2.796942862914875e-05,T5__flash_duration,True
lag_02__T_place_TUNNELS,2.7965264962404035e-05,2.7965264962404035e-05,T_place_TUNNELS,False
lag_13__CT_place_PALACEINTERIOR,2.7962156309513375e-05,2.7962156309513375e-05,CT_place_PALACEINTERIOR,False
lag_05__T_armor_sum,-2.796195440168958e-05,2.796195440168958e-05,T_armor_sum,False
lag_04__T_place_UNDERA,2.7945037800236605e-05,2.7945037800236605e-05,T_place_UNDERA,False
lag_14__CT_place_RAFTERS,2.794407009787392e-05,2.794407009787392e-05,CT_place_RAFTERS,False
lag_06__T_place_SQUEAKY,2.7932625016546808e-05,2.7932625016546808e-05,T_place_SQUEAKY,False
lag_15__CT_place_SIDEENTRANCE,2.7924503228859976e-05,2.7924503228859976e-05,CT_place_SIDEENTRANCE,False
lag_13__T_mean_X,2.7917141778743826e-05,2.7917141778743826e-05,T_mean_X,False
lag_05__T_place_BACKOFB,2.7893918741028756e-05,2.7893918741028756e-05,T_place_BACKOFB,False
lag_07__T_utility_damage_last_5s,2.7883124857908115e-05,2.7883124857908115e-05,T_utility_damage_last_5s,True
lag_10__CT_place_LONGDOORS,2.787446283036843e-05,2.787446283036843e-05,CT_place_LONGDOORS,False
lag_12__T1__has_helmet,2.7862655770150013e-05,2.7862655770150013e-05,T1__has_helmet,False
lag_09__CT_place_TOPOFMID,2.786247932817787e-05,2.786247932817787e-05,CT_place_TOPOFMID,False
lag_09__T2__has_helmet,2.786048389680218e-05,2.786048389680218e-05,T2__has_helmet,False
lag_07__T_place_ALLEY,2.7807636797660962e-05,2.7807636797660962e-05,T_place_ALLEY,False
lag_12__CT3__flash_duration,2.7784399208030663e-05,2.7784399208030663e-05,CT3__flash_duration,True
lag_01__T_flash_alpha_mean,-2.776466317300219e-05,2.776466317300219e-05,T_flash_alpha_mean,True
lag_07__flash_inv_diff,2.7759595468523912e-05,2.7759595468523912e-05,flash_inv_diff,True
lag_14__T3__is_scoped,2.775683424260933e-05,2.775683424260933e-05,T3__is_scoped,False
lag_02__T_flash_duration_sum,2.7749763830797747e-05,2.7749763830797747e-05,T_flash_duration_sum,True
lag_14__CT_place_MINI,2.7742538804886863e-05,2.7742538804886863e-05,CT_place_MINI,False
lag_01__CT_flash_alpha_mean,-2.773078995232936e-05,2.773078995232936e-05,CT_flash_alpha_mean,True
lag_10__T_place_SECONDMID,2.772980951704085e-05,2.772980951704085e-05,T_place_SECONDMID,False
lag_12__CT_place_HOUSE,2.7695110475178808e-05,2.7695110475178808e-05,CT_place_HOUSE,False
lag_03__CT_place_HEAVEN,2.767226760624908e-05,2.767226760624908e-05,CT_place_HEAVEN,False
lag_15__CT_place_LONGDOORS,2.765143108263146e-05,2.765143108263146e-05,CT_place_LONGDOORS,False
lag_12__CT4__flash_duration,2.7649406547425315e-05,2.7649406547425315e-05,CT4__flash_duration,True
lag_04__CT_place_HEAVEN,2.7638288884190843e-05,2.7638288884190843e-05,CT_place_HEAVEN,False
lag_12__CT_place_SIDEHALL,2.7620406399364583e-05,2.7620406399364583e-05,CT_place_SIDEHALL,False
lag_00__T1__X,-2.7617123123491183e-05,2.7617123123491183e-05,T1__X,False
lag_08__T2__flash_duration,2.7608211894403212e-05,2.7608211894403212e-05,T2__flash_duration,True
lag_03__CT_place_UNDERPASS,2.7586351279751398e-05,2.7586351279751398e-05,CT_place_UNDERPASS,False
lag_13__T2__flash_duration,2.7585620046011172e-05,2.7585620046011172e-05,T2__flash_duration,True
lag_03__CT_closest_enemy_dist,-2.7576745196711272e-05,2.7576745196711272e-05,CT_closest_enemy_dist,False
lag_00__CT3__Y,2.757323090918362e-05,2.757323090918362e-05,CT3__Y,False
lag_10__T_place_UNDERPASS,2.7563193725654855e-05,2.7563193725654855e-05,T_place_UNDERPASS,False
lag_04__CT_place_UNDERPASS,2.7552467145142145e-05,2.7552467145142145e-05,CT_place_UNDERPASS,False
lag_12__T_place_CANAL,2.7543377655092627e-05,2.7543377655092627e-05,T_place_CANAL,False
lag_10__T1__smoke,-2.7540529117686674e-05,2.7540529117686674e-05,T1__smoke,True
lag_02__CT2__has_helmet,2.751273314061109e-05,2.751273314061109e-05,CT2__has_helmet,False
lag_15__T_place_SECONDMID,2.7507923732628115e-05,2.7507923732628115e-05,T_place_SECONDMID,False
lag_06__T_place_MAINHALL,2.7498770577949472e-05,2.7498770577949472e-05,T_place_MAINHALL,False
lag_03__CT_place_RAFTERS,2.7495150789036416e-05,2.7495150789036416e-05,CT_place_RAFTERS,False
lag_10__T_place_BACKALLEY,2.7482539735501632e-05,2.7482539735501632e-05,T_place_BACKALLEY,False
lag_08__CT2__flash_duration,2.7474532544147223e-05,2.7474532544147223e-05,CT2__flash_duration,True
lag_04__CT_place_RAFTERS,2.7461375793791376e-05,2.7461375793791376e-05,CT_place_RAFTERS,False
lag_13__CT2__flash_duration,2.7452038921182975e-05,2.7452038921182975e-05,CT2__flash_duration,True
lag_01__T_place_TRAMP,2.7425357984611765e-05,2.7425357984611765e-05,T_place_TRAMP,False
lag_08__CT_round_start_equip_sum,-2.7424219297245145e-05,2.7424219297245145e-05,CT_round_start_equip_sum,False
lag_05__T_place_HOUSE,2.7412686904426664e-05,2.7412686904426664e-05,T_place_HOUSE,False
lag_08__CT1__flash_duration,2.7394302378525026e-05,2.7394302378525026e-05,CT1__flash_duration,True
lag_14__T_utility_damage_last_5s,2.7390864488552324e-05,2.7390864488552324e-05,T_utility_damage_last_5s,True
lag_13__CT1__flash_duration,2.73718706012005e-05,2.73718706012005e-05,CT1__flash_duration,True
lag_10__CT_place_PALACEINTERIOR,2.736811620707158e-05,2.736811620707158e-05,CT_place_PALACEINTERIOR,False
lag_15__T_place_UNDERPASS,2.734266672632657e-05,2.734266672632657e-05,T_place_UNDERPASS,False
lag_15__CT_macro_MID,2.7338417567079887e-05,2.7338417567079887e-05,CT_macro_MID,False
lag_07__CT_place_BALCONY,2.7327336283633485e-05,2.7327336283633485e-05,CT_place_BALCONY,False
lag_14__T_place_ALLEY,2.7316727937432006e-05,2.7316727937432006e-05,T_place_ALLEY,False
lag_03__T3__is_scoped,2.7310928999213502e-05,2.7310928999213502e-05,T3__is_scoped,False
lag_07__T_place_TMAIN,2.7309972210787237e-05,2.7309972210787237e-05,T_place_TMAIN,False
lag_06__CT_place_ADMIN,2.7306605261401273e-05,2.7306605261401273e-05,CT_place_ADMIN,False
lag_03__CT_place_MINI,2.7296864573145285e-05,2.7296864573145285e-05,CT_place_MINI,False
lag_11__T_place_TUNNELS,2.728208710323088e-05,2.728208710323088e-05,T_place_TUNNELS,False
lag_04__T3__is_scoped,2.7277392291580327e-05,2.7277392291580327e-05,T3__is_scoped,False
lag_04__CT_place_MINI,2.726333877944853e-05,2.726333877944853e-05,CT_place_MINI,False
lag_15__T_place_BACKALLEY,2.7262669391348027e-05,2.7262669391348027e-05,T_place_BACKALLEY,False
lag_01__T_place_RUINS,2.72592697001528e-05,2.72592697001528e-05,T_place_RUINS,False
lag_09__CT_place_ARCH,2.7253485313849524e-05,2.7253485313849524e-05,CT_place_ARCH,False
lag_08__CT3__utility_total,-2.7248113838140853e-05,2.7248113838140853e-05,CT3__utility_total,True
lag_01__CT_place_CONNECTOR,2.7234642402618192e-05,2.7234642402618192e-05,CT_place_CONNECTOR,False
lag_10__T1__flash_duration,2.721144846873358e-05,2.721144846873358e-05,T1__flash_duration,True
lag_08__T5__flash_duration,2.7210224288864993e-05,2.7210224288864993e-05,T5__flash_duration,True
lag_06__T_place_SIDEENTRANCE,2.7201862394576892e-05,2.7201862394576892e-05,T_place_SIDEENTRANCE,False
lag_09__CT_place_PIT,2.7201649572816677e-05,2.7201649572816677e-05,CT_place_PIT,False
lag_13__T5__flash_duration,2.718795440159738e-05,2.718795440159738e-05,T5__flash_duration,True
lag_02__T_flashed_players,-2.7186251827515662e-05,2.7186251827515662e-05,T_flashed_players,False
lag_07__CT_place_TRUCK,2.7174366550752893e-05,2.7174366550752893e-05,CT_place_TRUCK,False
lag_15__CT_place_PALACEINTERIOR,2.714911533985287e-05,2.714911533985287e-05,CT_place_PALACEINTERIOR,False
lag_12__T_molly_inv,2.711780325626023e-05,2.711780325626023e-05,T_molly_inv,True
lag_07__CT_place_BOMBSITEB,2.7062198569183238e-05,2.7062198569183238e-05,CT_place_BOMBSITEB,False
lag_07__CT_macro_B,2.7062198569183238e-05,2.7062198569183238e-05,CT_macro_B,False
lag_02__CT_place_SNIPERSNEST,2.706175837374758e-05,2.706175837374758e-05,CT_place_SNIPERSNEST,False
lag_02__T_place_TSIDELOWER,2.7038522603106685e-05,2.7038522603106685e-05,T_place_TSIDELOWER,False
lag_08__CT3__flash_duration,2.703019345062785e-05,2.703019345062785e-05,CT3__flash_duration,True
lag_09__T_closest_enemy_dist,2.7027370379073545e-05,2.7027370379073545e-05,T_closest_enemy_dist,False
lag_01__T4__is_scoped,2.7010964913642965e-05,2.7010964913642965e-05,T4__is_scoped,False
lag_13__CT3__flash_duration,2.7008076358470134e-05,2.7008076358470134e-05,CT3__flash_duration,True
lag_09__CT_place_APARTMENTS,2.700319600990042e-05,2.700319600990042e-05,CT_place_APARTMENTS,False
lag_10__T2__flash_duration,2.699956348806154e-05,2.699956348806154e-05,T2__flash_duration,True
lag_05__CT_place_LOWERPARK,2.6972571504302323e-05,2.6972571504302323e-05,CT_place_LOWERPARK,False
lag_09__T_place_LOBBY,2.6964415155816823e-05,2.6964415155816823e-05,T_place_LOBBY,False
lag_02__CT2__is_scoped,2.6951509425998665e-05,2.6951509425998665e-05,CT2__is_scoped,False
lag_03__T_utility_damage_last_5s,2.6950847313855775e-05,2.6950847313855775e-05,T_utility_damage_last_5s,True
lag_09__CT_B_site_active_smokes,-2.6949488528771326e-05,2.6949488528771326e-05,CT_B_site_active_smokes,True
lag_08__CT_place_HOUSE,2.6943322154693305e-05,2.6943322154693305e-05,CT_place_HOUSE,False
lag_13__CT_place_HOUSE,2.6921277822111733e-05,2.6921277822111733e-05,CT_place_HOUSE,False
lag_04__T_utility_damage_last_5s,2.691774716367945e-05,2.691774716367945e-05,T_utility_damage_last_5s,True
lag_08__CT4__flash_duration,2.6898900614469312e-05,2.6898900614469312e-05,CT4__flash_duration,True
lag_03__T_place_ALLEY,2.6877884010900743e-05,2.6877884010900743e-05,T_place_ALLEY,False
lag_13__CT4__flash_duration,2.6876852643908933e-05,2.6876852643908933e-05,CT4__flash_duration,True
lag_08__CT_place_SIDEHALL,2.687064989004284e-05,2.687064989004284e-05,CT_place_SIDEHALL,False
lag_10__CT2__flash_duration,2.68688327196287e-05,2.68688327196287e-05,CT2__flash_duration,True
lag_13__CT_place_SIDEHALL,2.6848674679058604e-05,2.6848674679058604e-05,CT_place_SIDEHALL,False
lag_14__CT_place_BALCONY,2.6844869353226386e-05,2.6844869353226386e-05,CT_place_BALCONY,False
lag_04__T_place_ALLEY,2.6844847525353543e-05,2.6844847525353543e-05,T_place_ALLEY,False
lag_14__T_place_TMAIN,2.682783451746218e-05,2.682783451746218e-05,T_place_TMAIN,False
lag_11__T2__has_helmet,2.6805630113813095e-05,2.6805630113813095e-05,T2__has_helmet,False
lag_08__T_place_CANAL,2.6795725716510788e-05,2.6795725716510788e-05,T_place_CANAL,False
lag_10__CT1__flash_duration,2.679037606867496e-05,2.679037606867496e-05,CT1__flash_duration,True
lag_15__T2__flash_duration,2.6783547582454048e-05,2.6783547582454048e-05,T2__flash_duration,True
lag_13__T_place_CANAL,2.6773788704304025e-05,2.6773788704304025e-05,T_place_CANAL,False
lag_01__T_place_PALACEINTERIOR,2.6754192731459625e-05,2.6754192731459625e-05,T_place_PALACEINTERIOR,False
lag_06__T_place_LOWERMID,2.6729621822596528e-05,2.6729621822596528e-05,T_place_LOWERMID,False
lag_01__T_place_TSIDEUPPER,2.672432856343221e-05,2.672432856343221e-05,T_place_TSIDEUPPER,False
lag_06__CT_place_WATER,2.6699497539084405e-05,2.6699497539084405e-05,CT_place_WATER,False
lag_14__CT_place_TRUCK,2.6694622647482902e-05,2.6694622647482902e-05,CT_place_TRUCK,False
lag_15__CT2__flash_duration,2.6653851818991825e-05,2.6653851818991825e-05,CT2__flash_duration,True
lag_03__T_smoke_inv,-2.664439489308279e-05,2.664439489308279e-05,T_smoke_inv,True
lag_05__T_place_ROOF,2.6637637347448617e-05,2.6637637347448617e-05,T_place_ROOF,False
lag_07__T_place_CONNECTOR,2.6622887162375264e-05,2.6622887162375264e-05,T_place_CONNECTOR,False
lag_10__T5__flash_duration,2.6610374334268272e-05,2.6610374334268272e-05,T5__flash_duration,True
lag_01__CT_place_CATWALK,2.6608728148858063e-05,2.6608728148858063e-05,CT_place_CATWALK,False
lag_05__CT_place_BACKOFB,2.660279096744489e-05,2.660279096744489e-05,CT_place_BACKOFB,False
lag_15__CT1__flash_duration,2.657603909028694e-05,2.657603909028694e-05,CT1__flash_duration,True
lag_02__T_place_SIDEALLEY,2.6539140890236013e-05,2.6539140890236013e-05,T_place_SIDEALLEY,False
lag_04__CT1__utility_total,2.6533472919254564e-05,2.6533472919254564e-05,CT1__utility_total,True
lag_06__T_place_LONGDOG,2.653276351338718e-05,2.653276351338718e-05,T_place_LONGDOG,False
lag_12__T_place_TUNNELS,2.6525778594077565e-05,2.6525778594077565e-05,T_place_TUNNELS,False
lag_02__T_place_PALACEALLEY,2.65057387878187e-05,2.65057387878187e-05,T_place_PALACEALLEY,False
lag_10__CT3__flash_duration,2.6434328901814297e-05,2.6434328901814297e-05,CT3__flash_duration,True
lag_09__CT_place_RUINS,2.6432469894643873e-05,2.6432469894643873e-05,CT_place_RUINS,False
lag_03__CT_place_BALCONY,2.6413612431497313e-05,2.6413612431497313e-05,CT_place_BALCONY,False
lag_05__CT_place_HUTROOF,2.6407487894175574e-05,2.6407487894175574e-05,CT_place_HUTROOF,False
lag_14__CT3__molly,2.640429011080414e-05,2.640429011080414e-05,CT3__molly,True
lag_11__CT_place_SNIPERSNEST,2.6400630304124206e-05,2.6400630304124206e-05,CT_place_SNIPERSNEST,False
lag_15__T5__flash_duration,2.6397447072668e-05,2.6397447072668e-05,T5__flash_duration,True
lag_03__T_place_TMAIN,2.6396848625154234e-05,2.6396848625154234e-05,T_place_TMAIN,False
lag_04__CT_place_BALCONY,2.63811853074003e-05,2.63811853074003e-05,CT_place_BALCONY,False
lag_11__T_place_TSIDELOWER,2.637797297211364e-05,2.637797297211364e-05,T_place_TSIDELOWER,False
lag_02__CT_place_SHORTSTAIRS,-2.636588760651648e-05,2.636588760651648e-05,CT_place_SHORTSTAIRS,False
lag_04__T_place_TMAIN,2.636443059600424e-05,2.636443059600424e-05,T_place_TMAIN,False
lag_02__CT_place_WALKWAY,2.6356610760558397e-05,2.6356610760558397e-05,CT_place_WALKWAY,False
lag_05__T_place_SILO,2.635200507938862e-05,2.635200507938862e-05,T_place_SILO,False
lag_07__CT_place_SHOP,2.6351741325925104e-05,2.6351741325925104e-05,CT_place_SHOP,False
lag_10__CT_place_HOUSE,2.6349340259912424e-05,2.6349340259912424e-05,CT_place_HOUSE,False
lag_14__T_utility_inv,-2.6334259018767625e-05,2.6334259018767625e-05,T_utility_inv,True
lag_01__T1__alive,2.6316356525057927e-05,2.6316356525057927e-05,T1__alive,False
lag_05__CT_place_GARAGE,2.631184361234773e-05,2.631184361234773e-05,CT_place_GARAGE,False
lag_10__CT4__flash_duration,2.6305870051146485e-05,2.6305870051146485e-05,CT4__flash_duration,True
lag_13__CT_shots_fired_sum,2.63012607319979e-05,2.63012607319979e-05,CT_shots_fired_sum,False
lag_08__CT2__has_helmet,-2.6299596356693655e-05,2.6299596356693655e-05,CT2__has_helmet,False
lag_07__CT_place_JUNGLE,2.6296558644389734e-05,2.6296558644389734e-05,CT_place_JUNGLE,False
lag_11__CT2__is_scoped,2.6293091650586575e-05,2.6293091650586575e-05,CT2__is_scoped,False
lag_05__T_place_CTSPAWN,2.6282288672518916e-05,2.6282288672518916e-05,T_place_CTSPAWN,False
lag_10__CT_place_SIDEHALL,2.627827416290529e-05,2.627827416290529e-05,CT_place_SIDEHALL,False
lag_03__CT_place_TRUCK,2.626576679176651e-05,2.626576679176651e-05,CT_place_TRUCK,False
lag_01__CT_place_BANANA,2.6259967853548005e-05,2.6259967853548005e-05,CT_place_BANANA,False
lag_04__CT_place_TRUCK,2.6233496100758202e-05,2.6233496100758202e-05,CT_place_TRUCK,False
lag_01__T5__is_scoped,2.6230993171338923e-05,2.6230993171338923e-05,T5__is_scoped,False
lag_15__CT3__flash_duration,2.6222796805086546e-05,2.6222796805086546e-05,CT3__flash_duration,True
lag_01__CT_A_site_active_infernos,2.620619852677919e-05,2.620619852677919e-05,CT_A_site_active_infernos,True
lag_10__T_place_CANAL,2.6205007088719867e-05,2.6205007088719867e-05,T_place_CANAL,False
lag_04__T_place_OUTSIDELONG,-2.6204668756690808e-05,2.6204668756690808e-05,T_place_OUTSIDELONG,False
lag_01__CT_flashed_players,2.6199302737950347e-05,2.6199302737950347e-05,CT_flashed_players,False
lag_01__CT_place_OUTSIDE,2.6175479433732107e-05,2.6175479433732107e-05,CT_place_OUTSIDE,False
lag_14__T_place_CONNECTOR,2.615288394736126e-05,2.615288394736126e-05,T_place_CONNECTOR,False
lag_15__CT_place_HOUSE,2.6138501198147424e-05,2.6138501198147424e-05,CT_place_HOUSE,False
lag_06__T_place_VENDING,2.6128067474928685e-05,2.6128067474928685e-05,T_place_VENDING,False
lag_15__CT4__flash_duration,2.6095409339177422e-05,2.6095409339177422e-05,CT4__flash_duration,True
lag_15__CT_place_SIDEHALL,2.6068020815728232e-05,2.6068020815728232e-05,CT_place_SIDEHALL,False
lag_01__T3__shots_fired,2.6064779376611114e-05,2.6064779376611114e-05,T3__shots_fired,False
lag_02__CT_damage_last_5s,-2.6030353183159605e-05,2.6030353183159605e-05,CT_damage_last_5s,False
lag_01__CT_round_start_equip_sum,2.6029487344203517e-05,2.6029487344203517e-05,CT_round_start_equip_sum,False
lag_15__T_place_CANAL,2.5995332180173136e-05,2.5995332180173136e-05,T_place_CANAL,False
lag_02__CT_place_HEAVEN,2.5987714252551086e-05,2.5987714252551086e-05,CT_place_HEAVEN,False
lag_08__T_place_TOPOFMID,-2.5972190996981226e-05,2.5972190996981226e-05,T_place_TOPOFMID,False
lag_10__T_mean_X,2.5953719159588218e-05,2.5953719159588218e-05,T_mean_X,False
lag_01__CT_place_TOPOFMID,2.593433418951463e-05,2.593433418951463e-05,CT_place_TOPOFMID,False
lag_02__CT_place_UNDERPASS,2.590703843452502e-05,2.590703843452502e-05,CT_place_UNDERPASS,False
lag_03__T2__armor,2.5903484129230492e-05,2.5903484129230492e-05,T2__armor,False
lag_11__T_place_SIDEALLEY,2.589075120340567e-05,2.589075120340567e-05,T_place_SIDEALLEY,False
lag_14__CT_place_SHOP,2.5886522053042427e-05,2.5886522053042427e-05,CT_place_SHOP,False
lag_11__T_place_PALACEALLEY,2.585821130196564e-05,2.585821130196564e-05,T_place_PALACEALLEY,False
lag_14__CT_place_JUNGLE,2.5832308892859146e-05,2.5832308892859146e-05,CT_place_JUNGLE,False
lag_02__CT_place_RAFTERS,2.582140041340608e-05,2.582140041340608e-05,CT_place_RAFTERS,False
lag_05__CT_place_LIBRARY,2.5816720153670758e-05,2.5816720153670758e-05,CT_place_LIBRARY,False
lag_08__T_place_TUNNELS,2.5805746190599166e-05,2.5805746190599166e-05,T_place_TUNNELS,False
lag_07__T_place_RAMP,2.5793762688408606e-05,2.5793762688408606e-05,T_place_RAMP,False
lag_13__T_place_TUNNELS,2.5784636818571016e-05,2.5784636818571016e-05,T_place_TUNNELS,False
lag_14__T1__is_scoped,2.575837424956262e-05,2.575837424956262e-05,T1__is_scoped,False
lag_15__CT_scoped_count,2.573510391812306e-05,2.573510391812306e-05,CT_scoped_count,False
lag_03__T_place_CONNECTOR,2.573273923189845e-05,2.573273923189845e-05,T_place_CONNECTOR,False
lag_11__CT_place_WALKWAY,2.5712715796544217e-05,2.5712715796544217e-05,CT_place_WALKWAY,False
lag_04__T_place_CONNECTOR,2.570112883404363e-05,2.570112883404363e-05,T_place_CONNECTOR,False
lag_12__CT_place_SNIPERSNEST,2.566876537457574e-05,2.566876537457574e-05,CT_place_SNIPERSNEST,False
lag_05__T_place_BRIDGE,2.566456896602176e-05,2.566456896602176e-05,T_place_BRIDGE,False
lag_07__T_place_BACKOFB,2.5661656763986684e-05,2.5661656763986684e-05,T_place_BACKOFB,False
lag_03__T_bomb_zone_count,2.5649827875895426e-05,2.5649827875895426e-05,T_bomb_zone_count,False
lag_02__T3__is_scoped,2.56483781413408e-05,2.56483781413408e-05,T3__is_scoped,False
lag_12__T_place_TSIDELOWER,2.5646735593909398e-05,2.5646735593909398e-05,T_place_TSIDELOWER,False
lag_02__CT_place_MINI,2.5635172278271057e-05,2.5635172278271057e-05,CT_place_MINI,False
lag_13__T_flash_inv,2.5627805371186696e-05,2.5627805371186696e-05,T_flash_inv,True
lag_05__T_place_SQUEAKY,2.5622382963774726e-05,2.5622382963774726e-05,T_place_SQUEAKY,False
lag_12__T_macro_A,2.5602548703318462e-05,2.5602548703318462e-05,T_macro_A,False
lag_12__T_place_BOMBSITEA,2.5602548703318462e-05,2.5602548703318462e-05,T_place_BOMBSITEA,False
lag_02__CT1__utility_total,2.559617678343784e-05,2.559617678343784e-05,CT1__utility_total,True
lag_12__CT2__is_scoped,2.55641971307341e-05,2.55641971307341e-05,CT2__is_scoped,False
lag_03__CT_place_SHOP,2.547065741964616e-05,2.547065741964616e-05,CT_place_SHOP,False
lag_04__CT_place_SHOP,2.5439367163926363e-05,2.5439367163926363e-05,CT_place_SHOP,False
lag_07__T4__duck_amount,2.542058427934535e-05,2.542058427934535e-05,T4__duck_amount,False
lag_03__CT_place_JUNGLE,2.5417321012355387e-05,2.5417321012355387e-05,CT_place_JUNGLE,False
lag_06__CT_place_CANAL,2.538632179494016e-05,2.538632179494016e-05,CT_place_CANAL,False
lag_04__CT_place_JUNGLE,2.5386105335201137e-05,2.5386105335201137e-05,CT_place_JUNGLE,False
lag_01__CT_place_ARCH,2.5367502530571073e-05,2.5367502530571073e-05,CT_place_ARCH,False
lag_11__CT_place_HEAVEN,2.5352848751936108e-05,2.5352848751936108e-05,CT_place_HEAVEN,False
lag_14__T_place_RAMP,2.533839870011434e-05,2.533839870011434e-05,T_place_RAMP,False
lag_01__CT_place_PIT,2.5319250198663212e-05,2.5319250198663212e-05,CT_place_PIT,False
lag_02__T_utility_damage_last_5s,2.5310231649200432e-05,2.5310231649200432e-05,T_utility_damage_last_5s,True
lag_11__CT_place_UNDERPASS,2.527413198549766e-05,2.527413198549766e-05,CT_place_UNDERPASS,False
lag_08__CT_flash_inv,2.5260211259592324e-05,2.5260211259592324e-05,CT_flash_inv,True
lag_02__T_place_ALLEY,2.5241686671506613e-05,2.5241686671506613e-05,T_place_ALLEY,False
lag_10__T_place_TUNNELS,2.5236846340703778e-05,2.5236846340703778e-05,T_place_TUNNELS,False
lag_05__T_place_MAINHALL,2.5224429919035174e-05,2.5224429919035174e-05,T_place_MAINHALL,False
lag_07__T_place_HOUSE,2.5218940209015273e-05,2.5218940209015273e-05,T_place_HOUSE,False
lag_14__T_place_BACKOFB,2.520861744415015e-05,2.520861744415015e-05,T_place_BACKOFB,False
lag_07__CT3__is_walking,-2.5208533770637587e-05,2.5208533770637587e-05,CT3__is_walking,False
lag_11__CT_place_RAFTERS,2.5190558517351747e-05,2.5190558517351747e-05,CT_place_RAFTERS,False
lag_12__T_place_SIDEALLEY,2.5173050744342618e-05,2.5173050744342618e-05,T_place_SIDEALLEY,False
lag_12__CT_shots_fired_sum,2.5145944164250977e-05,2.5145944164250977e-05,CT_shots_fired_sum,False
lag_12__T_place_PALACEALLEY,2.5141362129943445e-05,2.5141362129943445e-05,T_place_PALACEALLEY,False
lag_01__CT_place_APARTMENTS,2.513453182473313e-05,2.513453182473313e-05,CT_place_APARTMENTS,False
lag_14__CT_B_site_active_smokes,2.512335777282715e-05,2.512335777282715e-05,CT_B_site_active_smokes,True
lag_14__T1__hp,2.512064565962646e-05,2.512064565962646e-05,T1__hp,False
lag_06__T_place_BDOORS,-2.51202036452014e-05,2.51202036452014e-05,T_place_BDOORS,False
lag_01__T_place_LOBBY,2.509842670406215e-05,2.509842670406215e-05,T_place_LOBBY,False
lag_03__T_flash_inv,2.5064706278499216e-05,2.5064706278499216e-05,T_flash_inv,True
lag_05__CT_place_ADMIN,2.5048151655937545e-05,2.5048151655937545e-05,CT_place_ADMIN,False
lag_15__T_place_TUNNELS,2.503492396499496e-05,2.503492396499496e-05,T_place_TUNNELS,False
lag_11__T3__is_scoped,2.502178722352255e-05,2.502178722352255e-05,T3__is_scoped,False
lag_14__T_place_ARAMP,-2.5016099243657663e-05,2.5016099243657663e-05,T_place_ARAMP,False
lag_11__CT_place_MINI,2.5008901502587833e-05,2.5008901502587833e-05,CT_place_MINI,False
lag_12__CT_place_WALKWAY,2.4999901143019088e-05,2.4999901143019088e-05,CT_place_WALKWAY,False
lag_08__CT_place_SNIPERSNEST,2.4971988750621676e-05,2.4971988750621676e-05,CT_place_SNIPERSNEST,False
lag_13__CT5__molly,2.497183595551178e-05,2.497183595551178e-05,CT5__molly,True
lag_05__T_place_SIDEENTRANCE,2.4952072635642253e-05,2.4952072635642253e-05,T_place_SIDEENTRANCE,False
lag_13__CT_place_SNIPERSNEST,2.4951554223662242e-05,2.4951554223662242e-05,CT_place_SNIPERSNEST,False
lag_08__T_place_TSIDELOWER,2.49505574174691e-05,2.49505574174691e-05,T_place_TSIDELOWER,False
lag_03__T_place_RAMP,2.493133069947362e-05,2.493133069947362e-05,T_place_RAMP,False
lag_09__CT_place_SIDEENTRANCE,2.493104329914786e-05,2.493104329914786e-05,CT_place_SIDEENTRANCE,False
lag_13__T_place_TSIDELOWER,2.493013562343549e-05,2.493013562343549e-05,T_place_TSIDELOWER,False
lag_06__T_place_PIT,2.4913102606660686e-05,2.4913102606660686e-05,T_place_PIT,False
lag_04__T_place_RAMP,2.490070983185433e-05,2.490070983185433e-05,T_place_RAMP,False
lag_08__CT2__is_scoped,2.4870258130249567e-05,2.4870258130249567e-05,CT2__is_scoped,False
lag_06__CT_place_STAIRS,2.486307312210556e-05,2.486307312210556e-05,CT_place_STAIRS,False
lag_02__T_place_LONGDOORS,2.485707591404207e-05,2.485707591404207e-05,T_place_LONGDOORS,False
lag_13__CT2__is_scoped,2.4849916371749714e-05,2.4849916371749714e-05,CT2__is_scoped,False
lag_14__T2__flash,2.4824650608934462e-05,2.4824650608934462e-05,T2__flash,True
lag_01__T_place_OUTSIDETUNNEL,-2.48182059294777e-05,2.48182059294777e-05,T_place_OUTSIDETUNNEL,False
lag_07__CT_place_LOWERPARK,2.481403134879656e-05,2.481403134879656e-05,CT_place_LOWERPARK,False
lag_11__CT3__utility_total,-2.4807646695990115e-05,2.4807646695990115e-05,CT3__utility_total,True
lag_02__CT_place_BALCONY,2.4805702196317725e-05,2.4805702196317725e-05,CT_place_BALCONY,False
lag_03__T_place_BACKOFB,2.4803641281323507e-05,2.4803641281323507e-05,T_place_BACKOFB,False
lag_02__T_place_TMAIN,2.478996066201944e-05,2.478996066201944e-05,T_place_TMAIN,False
lag_14__T_place_HOUSE,2.4773691620794125e-05,2.4773691620794125e-05,T_place_HOUSE,False
lag_04__T_place_BACKOFB,2.477318048477173e-05,2.477318048477173e-05,T_place_BACKOFB,False
lag_11__T_utility_damage_last_5s,2.4691898943274282e-05,2.4691898943274282e-05,T_utility_damage_last_5s,True
lag_09__CT_place_LONGDOORS,2.4687233235454187e-05,2.4687233235454187e-05,CT_place_LONGDOORS,False
lag_02__CT_place_TRUCK,2.4666846002219245e-05,2.4666846002219245e-05,CT_place_TRUCK,False
lag_06__CT_velocity_mean,-2.4655642846482806e-05,2.4655642846482806e-05,CT_velocity_mean,False
lag_12__CT_place_HEAVEN,2.4650020350236446e-05,2.4650020350236446e-05,CT_place_HEAVEN,False
lag_11__T_place_ALLEY,2.462503471178934e-05,2.462503471178934e-05,T_place_ALLEY,False
lag_01__CT_place_RUINS,2.460328869346995e-05,2.460328869346995e-05,CT_place_RUINS,False
lag_12__CT_place_UNDERPASS,2.4573497285018675e-05,2.4573497285018675e-05,CT_place_UNDERPASS,False
lag_09__T_place_SECONDMID,2.455912544974126e-05,2.455912544974126e-05,T_place_SECONDMID,False
lag_01__CT1__shots_fired,2.4523627871531062e-05,2.4523627871531062e-05,CT1__shots_fired,False
lag_05__T_place_LOWERMID,2.4518894861103036e-05,2.4518894861103036e-05,T_place_LOWERMID,False
lag_07__T_place_ROOF,2.45058981818147e-05,2.45058981818147e-05,T_place_ROOF,False
lag_06__T_place_WATER,2.4502205633325502e-05,2.4502205633325502e-05,T_place_WATER,False
lag_12__CT_place_RAFTERS,2.449224666634109e-05,2.449224666634109e-05,CT_place_RAFTERS,False
lag_05__CT_place_WATER,2.449125713610556e-05,2.449125713610556e-05,CT_place_WATER,False
lag_08__T_place_SIDEALLEY,2.4489740098943003e-05,2.4489740098943003e-05,T_place_SIDEALLEY,False
lag_07__CT_place_BACKOFB,2.4473827579640783e-05,2.4473827579640783e-05,CT_place_BACKOFB,False
lag_13__T_place_SIDEALLEY,2.4469698473694734e-05,2.4469698473694734e-05,T_place_SIDEALLEY,False
lag_08__T_place_PALACEALLEY,2.4458926418446936e-05,2.4458926418446936e-05,T_place_PALACEALLEY,False
lag_13__T_place_PALACEALLEY,2.4438902983092703e-05,2.4438902983092703e-05,T_place_PALACEALLEY,False
lag_10__CT_place_SNIPERSNEST,2.4421467969659716e-05,2.4421467969659716e-05,CT_place_SNIPERSNEST,False
lag_09__T_place_UNDERPASS,2.441157994326204e-05,2.441157994326204e-05,T_place_UNDERPASS,False
lag_10__T_place_TSIDELOWER,2.440050957375206e-05,2.440050957375206e-05,T_place_TSIDELOWER,False
lag_14__CT_place_LOWERPARK,2.4375969587708823e-05,2.4375969587708823e-05,CT_place_LOWERPARK,False
lag_03__T_place_HOUSE,2.4375727662118152e-05,2.4375727662118152e-05,T_place_HOUSE,False
lag_04__T_place_HOUSE,2.434578891552519e-05,2.434578891552519e-05,T_place_HOUSE,False
lag_09__T_place_BACKALLEY,2.4340159143321216e-05,2.4340159143321216e-05,T_place_BACKALLEY,False
lag_05__T_place_LONGDOG,2.433834561088588e-05,2.433834561088588e-05,T_place_LONGDOG,False
lag_12__T3__is_scoped,2.4328148356289603e-05,2.4328148356289603e-05,T3__is_scoped,False
lag_06__T_place_TSTAIRS,2.4326491256942973e-05,2.4326491256942973e-05,T_place_TSTAIRS,False
lag_10__CT2__is_scoped,2.4321981982211582e-05,2.4321981982211582e-05,CT2__is_scoped,False
lag_03__CT1__molly,2.4321516320924275e-05,2.4321516320924275e-05,CT1__molly,True
lag_08__CT_place_WALKWAY,2.4321290766238235e-05,2.4321290766238235e-05,CT_place_WALKWAY,False
lag_06__T_place_FOUNTAIN,2.4318356736330315e-05,2.4318356736330315e-05,T_place_FOUNTAIN,False
lag_12__CT_place_MINI,2.4315631890203804e-05,2.4315631890203804e-05,CT_place_MINI,False
lag_13__CT_place_WALKWAY,2.430138920317404e-05,2.430138920317404e-05,CT_place_WALKWAY,False
lag_07__CT_place_HUTROOF,2.4294169634231366e-05,2.4294169634231366e-05,CT_place_HUTROOF,False
lag_15__CT5__flash,-2.426460741844494e-05,2.426460741844494e-05,CT5__flash,True
lag_07__T_place_SILO,2.4243126972578466e-05,2.4243126972578466e-05,T_place_SILO,False
lag_09__CT_place_PALACEINTERIOR,2.423877958790399e-05,2.423877958790399e-05,CT_place_PALACEINTERIOR,False
lag_15__CT_place_SNIPERSNEST,2.4226070308941416e-05,2.4226070308941416e-05,CT_place_SNIPERSNEST,False
lag_07__CT_place_GARAGE,2.420619421172887e-05,2.420619421172887e-05,CT_place_GARAGE,False
lag_15__T_place_TSIDELOWER,2.420525561319664e-05,2.420525561319664e-05,T_place_TSIDELOWER,False
lag_11__CT_place_BALCONY,2.4199680410674773e-05,2.4199680410674773e-05,CT_place_BALCONY,False
lag_11__T_place_TMAIN,2.4184339054045267e-05,2.4184339054045267e-05,T_place_TMAIN,False
lag_07__T_place_CTSPAWN,2.4179002139135264e-05,2.4179002139135264e-05,T_place_CTSPAWN,False
lag_02__T_place_CONNECTOR,2.416627285128925e-05,2.416627285128925e-05,T_place_CONNECTOR,False
lag_04__CT1__shots_fired,2.4147118892869912e-05,2.4147118892869912e-05,CT1__shots_fired,False
lag_15__CT2__is_scoped,2.4127395590767264e-05,2.4127395590767264e-05,CT2__is_scoped,False
lag_10__T_flashed_players,2.412714275124017e-05,2.412714275124017e-05,T_flashed_players,False
lag_14__T_place_ROOF,2.4073260647128336e-05,2.4073260647128336e-05,T_place_ROOF,False
lag_06__T2__is_scoped,2.4073116946965456e-05,2.4073116946965456e-05,T2__is_scoped,False
lag_11__CT_place_TRUCK,2.406424391665496e-05,2.406424391665496e-05,CT_place_TRUCK,False
lag_14__CT_place_BACKOFB,2.404176484560594e-05,2.404176484560594e-05,CT_place_BACKOFB,False
lag_12__T_utility_damage_last_5s,2.4007380488910712e-05,2.4007380488910712e-05,T_utility_damage_last_5s,True
lag_03__CT_place_LOWERPARK,2.398434662609361e-05,2.398434662609361e-05,CT_place_LOWERPARK,False
lag_08__CT_place_HEAVEN,2.3980901460163295e-05,2.3980901460163295e-05,CT_place_HEAVEN,False
lag_05__T_place_VENDING,2.3967106244526803e-05,2.3967106244526803e-05,T_place_VENDING,False
lag_13__CT_place_HEAVEN,2.3961272745509632e-05,2.3961272745509632e-05,CT_place_HEAVEN,False
lag_04__CT_place_LOWERPARK,2.39548953686608e-05,2.39548953686608e-05,CT_place_LOWERPARK,False
lag_10__T_place_SIDEALLEY,2.3949834940140136e-05,2.3949834940140136e-05,T_place_SIDEALLEY,False
lag_12__T_place_ALLEY,2.3942378902575e-05,2.3942378902575e-05,T_place_ALLEY,False
lag_02__CT_place_SHOP,2.3920138119137846e-05,2.3920138119137846e-05,CT_place_SHOP,False
lag_10__T_place_PALACEALLEY,2.3919701561680995e-05,2.3919701561680995e-05,T_place_PALACEALLEY,False
lag_09__T2__flash_duration,2.391239831922576e-05,2.391239831922576e-05,T2__flash_duration,True
lag_08__CT_place_UNDERPASS,2.390645386185497e-05,2.390645386185497e-05,CT_place_UNDERPASS,False
lag_13__CT_place_UNDERPASS,2.388688335486222e-05,2.388688335486222e-05,CT_place_UNDERPASS,False
lag_02__CT_place_JUNGLE,2.3870044969953597e-05,2.3870044969953597e-05,CT_place_JUNGLE,False
lag_14__CT_place_HUTROOF,2.3865293769631535e-05,2.3865293769631535e-05,CT_place_HUTROOF,False
lag_08__CT_place_RAFTERS,2.3827407858334482e-05,2.3827407858334482e-05,CT_place_RAFTERS,False
lag_14__T_place_SILO,2.381513149884995e-05,2.381513149884995e-05,T_place_SILO,False
lag_13__CT_place_RAFTERS,2.3807891921023838e-05,2.3807891921023838e-05,CT_place_RAFTERS,False
lag_09__CT2__flash_duration,2.379659235884901e-05,2.379659235884901e-05,CT2__flash_duration,True
lag_10__CT_place_WALKWAY,2.3785127268638462e-05,2.3785127268638462e-05,CT_place_WALKWAY,False
lag_14__CT_place_GARAGE,2.3778835384291597e-05,2.3778835384291597e-05,CT_place_GARAGE,False
lag_06__CT_place_VENTS,2.377313830947969e-05,2.377313830947969e-05,CT_place_VENTS,False
lag_15__T_place_SIDEALLEY,2.3758215320413e-05,2.3758215320413e-05,T_place_SIDEALLEY,False
lag_14__T_place_CTSPAWN,2.3752139895805158e-05,2.3752139895805158e-05,T_place_CTSPAWN,False
lag_07__CT_place_LIBRARY,2.37506737903459e-05,2.37506737903459e-05,CT_place_LIBRARY,False
lag_10__T_place_LOWERTUNNEL,-2.3734164642519318e-05,2.3734164642519318e-05,T_place_LOWERTUNNEL,False
lag_15__T_place_PALACEALLEY,2.3728322048555128e-05,2.3728322048555128e-05,T_place_PALACEALLEY,False
lag_09__CT1__flash_duration,2.3727108782622963e-05,2.3727108782622963e-05,CT1__flash_duration,True
lag_13__T_alive,-2.3708169464953244e-05,2.3708169464953244e-05,T_alive,False
lag_15__spread_diff,2.370018592046108e-05,2.370018592046108e-05,spread_diff,False
lag_03__T_place_ROOF,2.36865507758921e-05,2.36865507758921e-05,T_place_ROOF,False
lag_08__T3__is_scoped,2.3667767891311087e-05,2.3667767891311087e-05,T3__is_scoped,False
lag_04__T_place_ROOF,2.3657428755541332e-05,2.3657428755541332e-05,T_place_ROOF,False
lag_08__CT_place_MINI,2.3655578843317926e-05,2.3655578843317926e-05,CT_place_MINI,False
lag_03__CT_place_BACKOFB,2.3655542463529855e-05,2.3655542463529855e-05,CT_place_BACKOFB,False
lag_13__T3__is_scoped,2.3648410206078552e-05,2.3648410206078552e-05,T3__is_scoped,False
lag_13__CT_place_MINI,2.36362266150536e-05,2.36362266150536e-05,CT_place_MINI,False
lag_04__CT_place_BACKOFB,2.362647865084e-05,2.362647865084e-05,CT_place_BACKOFB,False
lag_07__T_place_BRIDGE,2.361073529755231e-05,2.361073529755231e-05,T_place_BRIDGE,False
lag_15__CT_place_WALKWAY,2.3594819140271284e-05,2.3594819140271284e-05,CT_place_WALKWAY,False
lag_11__T_place_CONNECTOR,2.357587800361216e-05,2.357587800361216e-05,T_place_CONNECTOR,False
lag_07__T_place_SQUEAKY,2.3571899873786606e-05,2.3571899873786606e-05,T_place_SQUEAKY,False
lag_09__T5__flash_duration,2.3567670723423362e-05,2.3567670723423362e-05,T5__flash_duration,True
lag_10__T2__armor,2.3542932467535138e-05,2.3542932467535138e-05,T2__armor,False
lag_12__CT_place_BALCONY,2.3528848032583483e-05,2.3528848032583483e-05,CT_place_BALCONY,False
lag_12__T_place_TMAIN,2.351390867261216e-05,2.351390867261216e-05,T_place_TMAIN,False
lag_03__CT_place_HUTROOF,2.3481890821130946e-05,2.3481890821130946e-05,CT_place_HUTROOF,False
lag_15__CT3__utility_total,2.3461154341930524e-05,2.3461154341930524e-05,CT3__utility_total,True
lag_04__CT_place_HUTROOF,2.3453039830201305e-05,2.3453039830201305e-05,CT_place_HUTROOF,False
lag_10__CT_place_HEAVEN,2.3452197638107464e-05,2.3452197638107464e-05,CT_place_HEAVEN,False
lag_03__T_place_SILO,2.3432534362655133e-05,2.3432534362655133e-05,T_place_SILO,False
lag_05__T2__has_helmet,-2.3416541807819158e-05,2.3416541807819158e-05,T2__has_helmet,False
lag_02__T_place_RAMP,2.3413656890625134e-05,2.3413656890625134e-05,T_place_RAMP,False
lag_09__CT3__flash_duration,2.3411774236592464e-05,2.3411774236592464e-05,CT3__flash_duration,True
lag_11__T3__X,-2.3404027160722762e-05,2.3404027160722762e-05,T3__X,False
lag_04__T_place_SILO,2.340375976928044e-05,2.340375976928044e-05,T_place_SILO,False
lag_12__CT_place_TRUCK,2.3397149561787955e-05,2.3397149561787955e-05,CT_place_TRUCK,False
lag_03__CT_place_GARAGE,2.3396842152578756e-05,2.3396842152578756e-05,CT_place_GARAGE,False
lag_10__CT_place_UNDERPASS,2.3379416234092787e-05,2.3379416234092787e-05,CT_place_UNDERPASS,False
lag_06__CT_place_LONGDOG,2.337676596653182e-05,2.337676596653182e-05,CT_place_LONGDOG,False
lag_03__T_place_CTSPAWN,2.3370561393676326e-05,2.3370561393676326e-05,T_place_CTSPAWN,False
lag_04__CT_place_GARAGE,2.336810575798154e-05,2.336810575798154e-05,CT_place_GARAGE,False
lag_09__CT3__utility_total,2.3360402337857522e-05,2.3360402337857522e-05,CT3__utility_total,True
lag_08__T_utility_damage_last_5s,2.3355729354079813e-05,2.3355729354079813e-05,T_utility_damage_last_5s,True
lag_04__T_place_CTSPAWN,2.3341854102909565e-05,2.3341854102909565e-05,T_place_CTSPAWN,False
lag_13__T_utility_damage_last_5s,2.3336602680501528e-05,2.3336602680501528e-05,T_utility_damage_last_5s,True
lag_09__CT_place_HOUSE,2.3336529920925386e-05,2.3336529920925386e-05,CT_place_HOUSE,False
lag_11__CT_place_SHOP,2.3335769583354704e-05,2.3335769583354704e-05,CT_place_SHOP,False
lag_14__CT_place_LIBRARY,2.333137126697693e-05,2.333137126697693e-05,CT_place_LIBRARY,False
lag_10__CT_place_RAFTERS,2.330212009837851e-05,2.330212009837851e-05,CT_place_RAFTERS,False
lag_09__CT4__flash_duration,2.3298029191209935e-05,2.3298029191209935e-05,CT4__flash_duration,True
lag_02__T_place_BACKOFB,2.3293709091376513e-05,2.3293709091376513e-05,T_place_BACKOFB,False
lag_08__T_place_ALLEY,2.329247581656091e-05,2.329247581656091e-05,T_place_ALLEY,False
lag_11__CT_place_JUNGLE,2.3286902433028445e-05,2.3286902433028445e-05,CT_place_JUNGLE,False
lag_05__CT_place_CANAL,2.328670052520465e-05,2.328670052520465e-05,CT_place_CANAL,False
lag_09__CT_place_SIDEHALL,2.3273576516658068e-05,2.3273576516658068e-05,CT_place_SIDEHALL,False
lag_13__T_place_ALLEY,2.3273421902558766e-05,2.3273421902558766e-05,T_place_ALLEY,False
lag_15__CT_place_HEAVEN,2.3264597984962165e-05,2.3264597984962165e-05,CT_place_HEAVEN,False
lag_09__T_place_CANAL,2.320867861271836e-05,2.320867861271836e-05,T_place_CANAL,False
lag_01__CT_place_SIDEENTRANCE,2.320579551451374e-05,2.320579551451374e-05,CT_place_SIDEENTRANCE,False
lag_07__T_place_MAINHALL,2.320579187653493e-05,2.320579187653493e-05,T_place_MAINHALL,False
lag_14__T_place_BRIDGE,2.31938738579629e-05,2.31938738579629e-05,T_place_BRIDGE,False
lag_15__CT_place_UNDERPASS,2.3192355001810938e-05,2.3192355001810938e-05,CT_place_UNDERPASS,False
lag_14__T_place_SQUEAKY,2.3155778762884438e-05,2.3155778762884438e-05,T_place_SQUEAKY,False
lag_10__T3__is_scoped,2.314600715180859e-05,2.314600715180859e-05,T3__is_scoped,False
lag_10__CT_place_MINI,2.3134083676268347e-05,2.3134083676268347e-05,CT_place_MINI,False
lag_15__CT_place_RAFTERS,2.311567914148327e-05,2.311567914148327e-05,CT_place_RAFTERS,False
lag_07__CT_place_ADMIN,2.3043632609187625e-05,2.3043632609187625e-05,CT_place_ADMIN,False
lag_06__CT_place_TSIDEUPPER,2.300923915754538e-05,2.300923915754538e-05,CT_place_TSIDEUPPER,False
lag_01__CT_place_LONGDOORS,2.2978863853495568e-05,2.2978863853495568e-05,CT_place_LONGDOORS,False
lag_15__T3__is_scoped,2.2960794012760743e-05,2.2960794012760743e-05,T3__is_scoped,False
lag_03__CT_place_LIBRARY,2.2956561224418692e-05,2.2956561224418692e-05,CT_place_LIBRARY,False
lag_07__T_place_SIDEENTRANCE,2.2955253371037543e-05,2.2955253371037543e-05,T_place_SIDEENTRANCE,False
lag_15__CT_place_MINI,2.2948976038605906e-05,2.2948976038605906e-05,CT_place_MINI,False
lag_10__CT5__duck_amount,-2.2942136638448574e-05,2.2942136638448574e-05,CT5__duck_amount,False
lag_04__CT_place_LIBRARY,2.2928368707653135e-05,2.2928368707653135e-05,CT_place_LIBRARY,False
lag_12__T_place_CONNECTOR,2.2922306015971117e-05,2.2922306015971117e-05,T_place_CONNECTOR,False
lag_02__T_place_HOUSE,2.2891854314366356e-05,2.2891854314366356e-05,T_place_HOUSE,False
lag_08__CT_place_BALCONY,2.2890160835231654e-05,2.2890160835231654e-05,CT_place_BALCONY,False
lag_08__T_place_TMAIN,2.2875607101013884e-05,2.2875607101013884e-05,T_place_TMAIN,False
lag_13__CT_place_BALCONY,2.2871425244375132e-05,2.2871425244375132e-05,CT_place_BALCONY,False
lag_01__T_place_SECONDMID,2.285959453729447e-05,2.285959453729447e-05,T_place_SECONDMID,False
lag_13__T_place_TMAIN,2.285690061398782e-05,2.285690061398782e-05,T_place_TMAIN,False
lag_05__T_place_PIT,2.2852616893942468e-05,2.2852616893942468e-05,T_place_PIT,False
lag_11__T_place_RAMP,2.2841657482786104e-05,2.2841657482786104e-05,T_place_RAMP,False
lag_10__T_utility_damage_last_5s,2.2840828023618087e-05,2.2840828023618087e-05,T_utility_damage_last_5s,True
lag_14__T_A_site_active_infernos,-2.2825548512628302e-05,2.2825548512628302e-05,T_A_site_active_infernos,True
lag_03__T_place_BRIDGE,2.2821281163487583e-05,2.2821281163487583e-05,T_place_BRIDGE,False
lag_05__CT_place_STAIRS,2.28067201533122e-05,2.28067201533122e-05,CT_place_STAIRS,False
lag_14__T_place_MAINHALL,2.279611180711072e-05,2.279611180711072e-05,T_place_MAINHALL,False
lag_04__T_place_BRIDGE,2.2793257812736556e-05,2.2793257812736556e-05,T_place_BRIDGE,False
lag_09__T4__duck_amount,-2.2793201424065046e-05,2.2793201424065046e-05,T4__duck_amount,False
lag_14__flash_inv_diff,2.279118234582711e-05,2.279118234582711e-05,flash_inv_diff,True
lag_07__CT_shots_fired_sum,-2.2787133275414817e-05,2.2787133275414817e-05,CT_shots_fired_sum,False
lag_03__T_place_SQUEAKY,2.278376996400766e-05,2.278376996400766e-05,T_place_SQUEAKY,False
lag_11__CT_closest_enemy_dist,-2.2783126041758806e-05,2.2783126041758806e-05,CT_closest_enemy_dist,False
lag_10__T_place_ALLEY,2.277898420288693e-05,2.277898420288693e-05,T_place_ALLEY,False
lag_08__CT_place_TRUCK,2.2762022126698866e-05,2.2762022126698866e-05,CT_place_TRUCK,False
lag_04__T_place_SQUEAKY,2.2755766622140072e-05,2.2755766622140072e-05,T_place_SQUEAKY,False
lag_13__CT_place_TRUCK,2.274341204611119e-05,2.274341204611119e-05,CT_place_TRUCK,False
lag_03__T_place_UNDERA,-2.274149483127985e-05,2.274149483127985e-05,T_place_UNDERA,False
lag_11__T_place_BACKOFB,2.2724654627381824e-05,2.2724654627381824e-05,T_place_BACKOFB,False
lag_01__T_place_UNDERPASS,2.272226265631616e-05,2.272226265631616e-05,T_place_UNDERPASS,False
lag_12__CT_place_SHOP,2.2688867829856463e-05,2.2688867829856463e-05,CT_place_SHOP,False
lag_11__T_molly_inv,2.2683358110953122e-05,2.2683358110953122e-05,T_molly_inv,True
lag_15__T_utility_damage_last_5s,2.2658070520265028e-05,2.2658070520265028e-05,T_utility_damage_last_5s,True
lag_01__T_place_BACKALLEY,2.265578950755298e-05,2.265578950755298e-05,T_place_BACKALLEY,False
lag_12__CT_place_JUNGLE,2.2641355826635845e-05,2.2641355826635845e-05,CT_place_JUNGLE,False
lag_14__CT_place_ADMIN,2.2636784706264734e-05,2.2636784706264734e-05,CT_place_ADMIN,False
lag_03__T_place_LONGDOORS,2.2636384528595954e-05,2.2636384528595954e-05,T_place_LONGDOORS,False
lag_03__T_flashed_players,2.262352245452348e-05,2.262352245452348e-05,T_flashed_players,False
lag_15__T_place_ALLEY,2.2596714188694023e-05,2.2596714188694023e-05,T_place_ALLEY,False
lag_06__CT_place_MAIN,2.2571615772903897e-05,2.2571615772903897e-05,CT_place_MAIN,False
lag_01__CT_place_PALACEINTERIOR,2.2561442165169865e-05,2.2561442165169865e-05,CT_place_PALACEINTERIOR,False
lag_07__T_place_LOWERMID,2.255672006867826e-05,2.255672006867826e-05,T_place_LOWERMID,False
lag_14__T_place_SIDEENTRANCE,2.2549986169906333e-05,2.2549986169906333e-05,T_place_SIDEENTRANCE,False
lag_07__CT_place_WATER,2.2531310605700128e-05,2.2531310605700128e-05,CT_place_WATER,False
lag_02__CT_place_LOWERPARK,2.2524318410432898e-05,2.2524318410432898e-05,CT_place_LOWERPARK,False
lag_15__CT_place_MIDDOORS,-2.249275530630257e-05,2.249275530630257e-05,CT_place_MIDDOORS,False
lag_05__T_place_WATER,2.247572410851717e-05,2.247572410851717e-05,T_place_WATER,False
lag_06__CT_place_HELL,2.2454822101281025e-05,2.2454822101281025e-05,CT_place_HELL,False
lag_03__T_place_MAINHALL,2.242989285150543e-05,2.242989285150543e-05,T_place_MAINHALL,False
lag_04__T_place_MAINHALL,2.2402358808903955e-05,2.2402358808903955e-05,T_place_MAINHALL,False
lag_07__T_place_LONGDOG,2.239061359432526e-05,2.239061359432526e-05,T_place_LONGDOG,False
lag_10__CT_place_BALCONY,2.2385533156921156e-05,2.2385533156921156e-05,CT_place_BALCONY,False
lag_03__CT5__is_scoped,-2.237979060737416e-05,2.237979060737416e-05,CT5__is_scoped,False
lag_10__T_place_TMAIN,2.2371323211700656e-05,2.2371323211700656e-05,T_place_TMAIN,False
lag_05__T_place_UNDERA,-2.235781357740052e-05,2.235781357740052e-05,T_place_UNDERA,False
lag_09__T_place_TUNNELS,2.235122155980207e-05,2.235122155980207e-05,T_place_TUNNELS,False
lag_06__T_place_LOWERPARK,2.2338090275297873e-05,2.2338090275297873e-05,T_place_LOWERPARK,False
lag_11__T_place_HOUSE,2.2332586013362743e-05,2.2332586013362743e-05,T_place_HOUSE,False
lag_05__T_place_TSTAIRS,2.2314534362521954e-05,2.2314534362521954e-05,T_place_TSTAIRS,False
lag_05__T_place_FOUNTAIN,2.2307054678094573e-05,2.2307054678094573e-05,T_place_FOUNTAIN,False
lag_14__CT2__armor,-2.23036822717404e-05,2.23036822717404e-05,CT2__armor,False
lag_08__T_place_CONNECTOR,2.2300082491710782e-05,2.2300082491710782e-05,T_place_CONNECTOR,False
lag_13__T_place_CONNECTOR,2.228183439001441e-05,2.228183439001441e-05,T_place_CONNECTOR,False
lag_03__CT_place_ADMIN,2.2273152353591286e-05,2.2273152353591286e-05,CT_place_ADMIN,False
lag_10__CT_place_TRUCK,2.2260222976910882e-05,2.2260222976910882e-05,CT_place_TRUCK,False
lag_01__T2__flash_duration,2.2257634554989636e-05,2.2257634554989636e-05,T2__flash_duration,True
lag_04__CT_place_ADMIN,2.224579111498315e-05,2.224579111498315e-05,CT_place_ADMIN,False
lag_02__T_place_ROOF,2.2244608771870844e-05,2.2244608771870844e-05,T_place_ROOF,False
lag_07__T_place_BOMBSITEA,2.2225993234314956e-05,2.2225993234314956e-05,T_place_BOMBSITEA,False
lag_07__T_macro_A,2.2225993234314956e-05,2.2225993234314956e-05,T_macro_A,False
lag_02__CT_place_BACKOFB,2.2215514036361128e-05,2.2215514036361128e-05,CT_place_BACKOFB,False
lag_12__T_place_RAMP,2.2208449081517756e-05,2.2208449081517756e-05,T_place_RAMP,False
lag_15__CT_place_BALCONY,2.2206446374184452e-05,2.2206446374184452e-05,CT_place_BALCONY,False
lag_06__T_place_SECRET,2.220064925495535e-05,2.220064925495535e-05,T_place_SECRET,False
lag_15__T_place_TMAIN,2.2192303731571883e-05,2.2192303731571883e-05,T_place_TMAIN,False
lag_03__T_place_SIDEENTRANCE,2.2187723516253754e-05,2.2187723516253754e-05,T_place_SIDEENTRANCE,False
lag_04__T_place_SIDEENTRANCE,2.216047141700983e-05,2.216047141700983e-05,T_place_SIDEENTRANCE,False
lag_14__T_place_LOWERMID,2.2158486899570562e-05,2.2158486899570562e-05,T_place_LOWERMID,False
lag_01__CT2__flash_duration,2.2149843061924912e-05,2.2149843061924912e-05,CT2__flash_duration,True
lag_15__T_place_UNDERA,2.2149517462821677e-05,2.2149517462821677e-05,T_place_UNDERA,False
lag_04__T_flashed_players,2.2134292521514e-05,2.2134292521514e-05,T_flashed_players,False
lag_14__CT_place_WATER,2.2133535821922123e-05,2.2133535821922123e-05,CT_place_WATER,False
lag_12__T_place_BACKOFB,2.209469494118821e-05,2.209469494118821e-05,T_place_BACKOFB,False
lag_01__CT1__flash_duration,2.208517435065005e-05,2.208517435065005e-05,CT1__flash_duration,True
lag_15__CT_place_TRUCK,2.20821220864309e-05,2.20821220864309e-05,CT_place_TRUCK,False
lag_05__T2__is_scoped,2.2082105715526268e-05,2.2082105715526268e-05,T2__is_scoped,False
lag_08__CT_place_SHOP,2.207297620770987e-05,2.207297620770987e-05,CT_place_SHOP,False
lag_13__CT_place_SHOP,2.205492819484789e-05,2.205492819484789e-05,CT_place_SHOP,False
lag_02__CT_place_HUTROOF,2.2052432541386224e-05,2.2052432541386224e-05,CT_place_HUTROOF,False
lag_07__T_place_VENDING,2.20490856008837e-05,2.20490856008837e-05,T_place_VENDING,False
lag_11__CT_spread_xy,-2.2040825570002198e-05,2.2040825570002198e-05,CT_spread_xy,False
lag_08__CT_place_JUNGLE,2.202676114393398e-05,2.202676114393398e-05,CT_place_JUNGLE,False
lag_05__CT3__smoke,-2.2014895876054652e-05,2.2014895876054652e-05,CT3__smoke,True
lag_13__CT_place_JUNGLE,2.200874405389186e-05,2.200874405389186e-05,CT_place_JUNGLE,False
lag_02__T_place_SILO,2.2006093786330894e-05,2.2006093786330894e-05,T_place_SILO,False
lag_14__T_place_LONGDOG,2.1995312636136077e-05,2.1995312636136077e-05,T_place_LONGDOG,False
lag_08__CT_spread_xy,-2.199176924477797e-05,2.199176924477797e-05,CT_spread_xy,False
lag_01__CT_flash_duration_sum,2.1984456907375716e-05,2.1984456907375716e-05,CT_flash_duration_sum,True
lag_11__CT_place_LOWERPARK,2.1974041374051012e-05,2.1974041374051012e-05,CT_place_LOWERPARK,False
lag_02__CT_place_GARAGE,2.197256253566593e-05,2.197256253566593e-05,CT_place_GARAGE,False
lag_02__T_place_CTSPAWN,2.1947884306428023e-05,2.1947884306428023e-05,T_place_CTSPAWN,False
lag_01__T5__flash_duration,2.1936763005214743e-05,2.1936763005214743e-05,T5__flash_duration,True
lag_13__CT2__hp,2.1933803509455174e-05,2.1933803509455174e-05,CT2__hp,False
lag_13__T1__X,-2.190320628869813e-05,2.190320628869813e-05,T1__X,False
lag_13__CT_round_start_equip_sum,-2.1873487639822997e-05,2.1873487639822997e-05,CT_round_start_equip_sum,False
lag_06__CT_place_LOWERTUNNEL,2.184094046242535e-05,2.184094046242535e-05,CT_place_LOWERTUNNEL,False
lag_06__CT_defusing_count,2.1839206965523772e-05,2.1839206965523772e-05,CT_defusing_count,False
lag_08__T4__X,-2.1829649995197542e-05,2.1829649995197542e-05,T4__X,False
lag_06__CT_place_QUAD,2.1816445951117203e-05,2.1816445951117203e-05,CT_place_QUAD,False
lag_10__T_place_CONNECTOR,2.1808476958540268e-05,2.1808476958540268e-05,T_place_CONNECTOR,False
lag_05__CT_place_VENTS,2.180692899855785e-05,2.180692899855785e-05,CT_place_VENTS,False
lag_03__T_place_LOWERMID,2.1802523406222463e-05,2.1802523406222463e-05,T_place_LOWERMID,False
lag_01__CT3__flash_duration,2.1791638573631644e-05,2.1791638573631644e-05,CT3__flash_duration,True
lag_03__CT_place_WATER,2.1777952497359365e-05,2.1777952497359365e-05,CT_place_WATER,False
lag_04__T_place_LOWERMID,2.1775740606244653e-05,2.1775740606244653e-05,T_place_LOWERMID,False
lag_13__CT1__has_helmet,-2.1762043616035953e-05,2.1762043616035953e-05,CT1__has_helmet,False
lag_05__CT_utility_damage_last_5s,2.1751262465841137e-05,2.1751262465841137e-05,CT_utility_damage_last_5s,True
lag_04__CT_place_WATER,2.1751209715148434e-05,2.1751209715148434e-05,CT_place_WATER,False
lag_01__CT_place_HOUSE,2.172159838664811e-05,2.172159838664811e-05,CT_place_HOUSE,False
lag_12__T_place_HOUSE,2.171351843571756e-05,2.171351843571756e-05,T_place_HOUSE,False
lag_09__T3__flash_duration,2.1708925487473607e-05,2.1708925487473607e-05,T3__flash_duration,True
lag_11__T_place_ROOF,2.170118568756152e-05,2.170118568756152e-05,T_place_ROOF,False
lag_01__CT4__flash_duration,2.1685771571355872e-05,2.1685771571355872e-05,CT4__flash_duration,True
lag_11__CT_place_BACKOFB,2.1672789443982765e-05,2.1672789443982765e-05,CT_place_BACKOFB,False
lag_11__T2__X,-2.1665977328666486e-05,2.1665977328666486e-05,T2__X,False
lag_01__CT_place_SIDEHALL,2.1663021470885724e-05,2.1663021470885724e-05,CT_place_SIDEHALL,False
lag_11__flash_inv_diff,-2.166152626159601e-05,2.166152626159601e-05,flash_inv_diff,True
lag_14__T_place_VENDING,2.1659825506503694e-05,2.1659825506503694e-05,T_place_VENDING,False
lag_03__T_place_LONGDOG,2.164196666853968e-05,2.164196666853968e-05,T_place_LONGDOG,False
lag_15__T_place_CONNECTOR,2.1633983124047518e-05,2.1633983124047518e-05,T_place_CONNECTOR,False
lag_06__T3__X,2.1633446522173472e-05,2.1633446522173472e-05,T3__X,False
lag_09__CT_place_SNIPERSNEST,2.162908094760496e-05,2.162908094760496e-05,CT_place_SNIPERSNEST,False
lag_04__T_place_LONGDOG,2.1615363948512822e-05,2.1615363948512822e-05,T_place_LONGDOG,False
lag_09__T_place_TSIDELOWER,2.1610512703773566e-05,2.1610512703773566e-05,T_place_TSIDELOWER,False
lag_08__T_place_RAMP,2.1605601432383992e-05,2.1605601432383992e-05,T_place_RAMP,False
lag_01__T_place_CANAL,2.1602607375825755e-05,2.1602607375825755e-05,T_place_CANAL,False
lag_13__T_place_RAMP,2.158792267437093e-05,2.158792267437093e-05,T_place_RAMP,False
lag_10__CT_place_SHOP,2.1586365619441494e-05,2.1586365619441494e-05,CT_place_SHOP,False
lag_02__CT_place_LIBRARY,2.1559078959398903e-05,2.1559078959398903e-05,CT_place_LIBRARY,False
lag_10__CT_place_JUNGLE,2.1541165551752783e-05,2.1541165551752783e-05,CT_place_JUNGLE,False
lag_09__CT2__is_scoped,2.1540976376854815e-05,2.1540976376854815e-05,CT2__is_scoped,False
lag_11__T3__flash_duration,2.1533718609134667e-05,2.1533718609134667e-05,T3__flash_duration,True
lag_11__CT_place_HUTROOF,2.1513695173780434e-05,2.1513695173780434e-05,CT_place_HUTROOF,False
lag_08__T_place_BACKOFB,2.1494925022125244e-05,2.1494925022125244e-05,T_place_BACKOFB,False
lag_13__T_place_BACKOFB,2.1477349946508184e-05,2.1477349946508184e-05,T_place_BACKOFB,False
lag_11__T_place_SILO,2.1468480554176494e-05,2.1468480554176494e-05,T_place_SILO,False
lag_05__CT_place_LONGDOG,2.144333120668307e-05,2.144333120668307e-05,CT_place_LONGDOG,False
lag_11__CT_place_GARAGE,2.1435758753796108e-05,2.1435758753796108e-05,CT_place_GARAGE,False
lag_09__CT2__has_helmet,-2.1432422727230005e-05,2.1432422727230005e-05,CT2__has_helmet,False
lag_02__T_place_BRIDGE,2.1432038920465857e-05,2.1432038920465857e-05,T_place_BRIDGE,False
lag_04__T_place_LOWERTUNNEL,-2.142555058526341e-05,2.142555058526341e-05,T_place_LOWERTUNNEL,False
lag_07__CT_place_CANAL,2.1423138605314307e-05,2.1423138605314307e-05,CT_place_CANAL,False
lag_15__CT_place_SHOP,2.1413650756585412e-05,2.1413650756585412e-05,CT_place_SHOP,False
lag_11__T_place_CTSPAWN,2.1411709894891828e-05,2.1411709894891828e-05,T_place_CTSPAWN,False
lag_02__T_place_SQUEAKY,2.1396826923592016e-05,2.1396826923592016e-05,T_place_SQUEAKY,False
lag_09__T_kills_last_3s,2.1378333258326165e-05,2.1378333258326165e-05,T_kills_last_3s,False
lag_15__CT_place_JUNGLE,2.1368818124756217e-05,2.1368818124756217e-05,CT_place_JUNGLE,False
lag_12__CT_place_LOWERPARK,2.1364901840570383e-05,2.1364901840570383e-05,CT_place_LOWERPARK,False
lag_06__T_place_IVY,2.136115108442027e-05,2.136115108442027e-05,T_place_IVY,False
lag_06__T_place_TROPHY,2.1316594938980415e-05,2.1316594938980415e-05,T_place_TROPHY,False
lag_03__T_place_VENDING,2.13118673855206e-05,2.13118673855206e-05,T_place_VENDING,False
lag_04__T_place_VENDING,2.128568485204596e-05,2.128568485204596e-05,T_place_VENDING,False
lag_00__T_place_MIDDLE,2.126013168890495e-05,2.126013168890495e-05,T_place_MIDDLE,False
lag_13__T_place_ARAMP,2.1216177628957666e-05,2.1216177628957666e-05,T_place_ARAMP,False
lag_09__T_place_SIDEALLEY,2.1211370039964095e-05,2.1211370039964095e-05,T_place_SIDEALLEY,False
lag_11__CT_B_site_active_infernos,2.119894270435907e-05,2.119894270435907e-05,CT_B_site_active_infernos,True
lag_09__T_place_PALACEALLEY,2.1184663637541234e-05,2.1184663637541234e-05,T_place_PALACEALLEY,False
lag_11__CT_place_HOLE,2.1149859094293788e-05,2.1149859094293788e-05,CT_place_HOLE,False
lag_10__T_place_RAMP,2.1129302695044316e-05,2.1129302695044316e-05,T_place_RAMP,False
lag_08__T_place_HOUSE,2.1124109480297193e-05,2.1124109480297193e-05,T_place_HOUSE,False
lag_13__T_place_HOUSE,2.1106809072080068e-05,2.1106809072080068e-05,T_place_HOUSE,False
lag_05__CT_place_TSIDEUPPER,2.1106221538502723e-05,2.1106221538502723e-05,CT_place_TSIDEUPPER,False
lag_12__T_place_ROOF,2.1099611331010237e-05,2.1099611331010237e-05,T_place_ROOF,False
lag_05__CT1__molly,-2.1081279555801302e-05,2.1081279555801302e-05,CT1__molly,True
lag_12__CT_place_BACKOFB,2.1071995433885604e-05,2.1071995433885604e-05,CT_place_BACKOFB,False
lag_09__CT_place_WALKWAY,2.1065476175863296e-05,2.1065476175863296e-05,CT_place_WALKWAY,False
lag_06__CT_place_UPPERPARK,2.106461579387542e-05,2.106461579387542e-05,CT_place_UPPERPARK,False
lag_02__T_place_MAINHALL,2.1064497559564188e-05,2.1064497559564188e-05,T_place_MAINHALL,False
lag_14__CT_place_CANAL,2.1044919776613824e-05,2.1044919776613824e-05,CT_place_CANAL,False
lag_11__CT_place_LIBRARY,2.1032397853559814e-05,2.1032397853559814e-05,CT_place_LIBRARY,False
lag_07__T_place_PIT,2.1023795852670446e-05,2.1023795852670446e-05,T_place_PIT,False
lag_10__T_place_BACKOFB,2.102106373058632e-05,2.102106373058632e-05,T_place_BACKOFB,False
lag_02__T3__flash_duration,2.0998731997678988e-05,2.0998731997678988e-05,T3__flash_duration,True
lag_06__T_flashes_last_5s,2.099702578561846e-05,2.099702578561846e-05,T_flashes_last_5s,True
lag_07__CT_place_STAIRS,2.0981577108614147e-05,2.0981577108614147e-05,CT_place_STAIRS,False
lag_15__T_place_RAMP,2.096024400088936e-05,2.096024400088936e-05,T_place_RAMP,False
lag_06__CT_place_LOBBY,2.0935816792189144e-05,2.0935816792189144e-05,CT_place_LOBBY,False
lag_12__CT_place_HUTROOF,2.0917303118039854e-05,2.0917303118039854e-05,CT_place_HUTROOF,False
lag_02__CT_place_ADMIN,2.091728492814582e-05,2.091728492814582e-05,CT_place_ADMIN,False
lag_11__T_place_BRIDGE,2.0908453734591603e-05,2.0908453734591603e-05,T_place_BRIDGE,False
lag_11__T_place_SQUEAKY,2.0874089386779815e-05,2.0874089386779815e-05,T_place_SQUEAKY,False
lag_12__T_place_SILO,2.0873347239103168e-05,2.0873347239103168e-05,T_place_SILO,False
lag_15__T_place_BACKOFB,2.0852878151345067e-05,2.0852878151345067e-05,T_place_BACKOFB,False
lag_12__CT_place_GARAGE,2.084152220049873e-05,2.084152220049873e-05,CT_place_GARAGE,False
lag_02__T_place_SIDEENTRANCE,2.083704930555541e-05,2.083704930555541e-05,T_place_SIDEENTRANCE,False
lag_12__T_place_CTSPAWN,2.0818120901822113e-05,2.0818120901822113e-05,T_place_CTSPAWN,False
lag_06__T_place_DUMPSTER,2.081495404127054e-05,2.081495404127054e-05,T_place_DUMPSTER,False
lag_01__T_place_TUNNELS,2.080448393826373e-05,2.080448393826373e-05,T_place_TUNNELS,False
lag_08__CT_place_LOWERPARK,2.0784931621165015e-05,2.0784931621165015e-05,CT_place_LOWERPARK,False
lag_09__CT_place_HEAVEN,2.07706634682836e-05,2.07706634682836e-05,CT_place_HEAVEN,False
lag_13__CT_place_LOWERPARK,2.076793862215709e-05,2.076793862215709e-05,CT_place_LOWERPARK,False
lag_06__CT_place_TSPAWN,2.0760342522407882e-05,2.0760342522407882e-05,CT_place_TSPAWN,False
lag_02__T_utility_inv,2.072484858217649e-05,2.072484858217649e-05,T_utility_inv,True
lag_03__CT_place_CANAL,2.0706833311123773e-05,2.0706833311123773e-05,CT_place_CANAL,False
lag_09__CT_place_UNDERPASS,2.070618575089611e-05,2.070618575089611e-05,CT_place_UNDERPASS,False
lag_05__CT_place_MAIN,2.0704783310065977e-05,2.0704783310065977e-05,CT_place_MAIN,False
lag_04__CT_place_CANAL,2.068141293420922e-05,2.068141293420922e-05,CT_place_CANAL,False
lag_07__T_place_WATER,2.0677050997619517e-05,2.0677050997619517e-05,T_place_WATER,False
lag_02__CT2__has_defuser,-2.06607801374048e-05,2.06607801374048e-05,CT2__has_defuser,False
lag_10__T_place_HOUSE,2.065840999421198e-05,2.065840999421198e-05,T_place_HOUSE,False
lag_14__T_place_PIT,2.065261833195109e-05,2.065261833195109e-05,T_place_PIT,False
lag_09__CT_place_RAFTERS,2.063772626570426e-05,2.063772626570426e-05,CT_place_RAFTERS,False
lag_13__T2__armor,2.0636358385672793e-05,2.0636358385672793e-05,T2__armor,False
lag_05__CT1__utility_total,-2.0627423509722576e-05,2.0627423509722576e-05,CT1__utility_total,True
lag_14__CT_place_STAIRS,2.0611152649507858e-05,2.0611152649507858e-05,CT_place_STAIRS,False
lag_09__closest_enemy_dist_diff,2.0603054508683272e-05,2.0603054508683272e-05,closest_enemy_dist_diff,False
lag_02__utility_damage_diff_last_5s,-2.0602708900696598e-05,2.0602708900696598e-05,utility_damage_diff_last_5s,True
lag_05__CT_place_HELL,2.0597663024091162e-05,2.0597663024091162e-05,CT_place_HELL,False
lag_11__T_place_MAINHALL,2.05498727154918e-05,2.05498727154918e-05,T_place_MAINHALL,False
lag_11__CT_flash_inv,2.054205469903536e-05,2.054205469903536e-05,CT_flash_inv,True
lag_01__T_flash_duration_sum,2.0537068849080242e-05,2.0537068849080242e-05,T_flash_duration_sum,True
lag_07__T_place_TSTAIRS,2.0528754248516634e-05,2.0528754248516634e-05,T_place_TSTAIRS,False
lag_08__T_place_ROOF,2.0526877051452175e-05,2.0526877051452175e-05,T_place_ROOF,False
lag_07__T_place_FOUNTAIN,2.0521863916656002e-05,2.0521863916656002e-05,T_place_FOUNTAIN,False
lag_13__T_place_ROOF,2.05100641323952e-05,2.05100641323952e-05,T_place_ROOF,False
lag_08__CT_place_BACKOFB,2.0499992388067767e-05,2.0499992388067767e-05,CT_place_BACKOFB,False
lag_09__T3__is_scoped,2.049945578619372e-05,2.049945578619372e-05,T3__is_scoped,False
lag_15__T_place_HOUSE,2.0493132979026996e-05,2.0493132979026996e-05,T_place_HOUSE,False
lag_05__T_place_LOWERPARK,2.049059003184084e-05,2.049059003184084e-05,T_place_LOWERPARK,False
lag_09__CT_place_MINI,2.048889291472733e-05,2.048889291472733e-05,CT_place_MINI,False
lag_13__CT_place_BACKOFB,2.0483215848798864e-05,2.0483215848798864e-05,CT_place_BACKOFB,False
lag_02__T_place_LOWERMID,2.0475305063882843e-05,2.0475305063882843e-05,T_place_LOWERMID,False
lag_02__CT_place_WATER,2.045224027824588e-05,2.045224027824588e-05,CT_place_WATER,False
lag_02__CT_closest_enemy_dist,-2.0451027012313716e-05,2.0451027012313716e-05,CT_closest_enemy_dist,False
lag_12__CT_place_LIBRARY,2.0449348085094243e-05,2.0449348085094243e-05,CT_place_LIBRARY,False
lag_08__T4__utility_total,-2.0435332771739922e-05,2.0435332771739922e-05,T4__utility_total,True
lag_10__utility_damage_diff_last_5s,2.04277803277364e-05,2.04277803277364e-05,utility_damage_diff_last_5s,True
lag_11__CT_place_ADMIN,2.040625986410305e-05,2.040625986410305e-05,CT_place_ADMIN,False
lag_06__T_place_STREET,2.0381516151246615e-05,2.0381516151246615e-05,T_place_STREET,False
lag_05__T_place_SECRET,2.0364499505376443e-05,2.0364499505376443e-05,T_place_SECRET,False
lag_10__CT_place_BOMBSITEB,2.0352585124783218e-05,2.0352585124783218e-05,CT_place_BOMBSITEB,False
lag_10__CT_macro_B,2.0352585124783218e-05,2.0352585124783218e-05,CT_macro_B,False
lag_08__CT_place_HUTROOF,2.0349509213701822e-05,2.0349509213701822e-05,CT_place_HUTROOF,False
lag_08__CT_macro_B,2.033307646343019e-05,2.033307646343019e-05,CT_macro_B,False
lag_08__CT_place_BOMBSITEB,2.033307646343019e-05,2.033307646343019e-05,CT_place_BOMBSITEB,False
lag_13__CT_place_HUTROOF,2.0332849089754745e-05,2.0332849089754745e-05,CT_place_HUTROOF,False
lag_12__T_place_BRIDGE,2.0328841856098734e-05,2.0328841856098734e-05,T_place_BRIDGE,False
lag_11__T_place_SIDEENTRANCE,2.03280033019837e-05,2.03280033019837e-05,T_place_SIDEENTRANCE,False
lag_10__CT_place_LOWERPARK,2.032673728535883e-05,2.032673728535883e-05,CT_place_LOWERPARK,False
lag_02__T_place_LONGDOG,2.0324503566371277e-05,2.0324503566371277e-05,T_place_LONGDOG,False
lag_03__T_place_PIT,2.032083284575492e-05,2.032083284575492e-05,T_place_PIT,False
lag_07__T2__is_scoped,2.031493750109803e-05,2.031493750109803e-05,T2__is_scoped,False
lag_14__T_place_WATER,2.0312025299062952e-05,2.0312025299062952e-05,T_place_WATER,False
lag_08__T_place_SILO,2.0306748410803266e-05,2.0306748410803266e-05,T_place_SILO,False
lag_04__T_place_PIT,2.0295883587095886e-05,2.0295883587095886e-05,T_place_PIT,False
lag_12__T_place_SQUEAKY,2.0295436115702614e-05,2.0295436115702614e-05,T_place_SQUEAKY,False
lag_13__T_place_SILO,2.0290137399570085e-05,2.0290137399570085e-05,T_place_SILO,False
lag_03__CT_place_STAIRS,2.02800383704016e-05,2.02800383704016e-05,CT_place_STAIRS,False
lag_01__CT_macro_B,2.0276367649785243e-05,2.0276367649785243e-05,CT_macro_B,False
lag_01__CT_place_BOMBSITEB,2.0276367649785243e-05,2.0276367649785243e-05,CT_place_BOMBSITEB,False
lag_08__CT_place_GARAGE,2.0275794668123126e-05,2.0275794668123126e-05,CT_place_GARAGE,False
lag_13__CT_place_GARAGE,2.0259209122741595e-05,2.0259209122741595e-05,CT_place_GARAGE,False
lag_04__CT_place_STAIRS,2.025512912950944e-05,2.025512912950944e-05,CT_place_STAIRS,False
lag_08__T_place_CTSPAWN,2.0253020920790732e-05,2.0253020920790732e-05,T_place_CTSPAWN,False
lag_13__T_place_CTSPAWN,2.02364353754092e-05,2.02364353754092e-05,T_place_CTSPAWN,False
lag_09__T_utility_damage_last_5s,2.022918670263607e-05,2.022918670263607e-05,T_utility_damage_last_5s,True
lag_04__T2__X,-2.0207413399475627e-05,2.0207413399475627e-05,T2__X,False
lag_09__T_place_ALLEY,2.0174395103822462e-05,2.0174395103822462e-05,T_place_ALLEY,False
lag_14__T_place_TSTAIRS,2.016634061874356e-05,2.016634061874356e-05,T_place_TSTAIRS,False
lag_03__CT_B_site_active_infernos,2.0164459783700295e-05,2.0164459783700295e-05,CT_B_site_active_infernos,True
lag_15__CT_place_LOWERPARK,2.01641032617772e-05,2.01641032617772e-05,CT_place_LOWERPARK,False
lag_14__T_place_FOUNTAIN,2.0159572159172967e-05,2.0159572159172967e-05,T_place_FOUNTAIN,False
lag_01__CT_place_SNIPERSNEST,2.0132316421950236e-05,2.0132316421950236e-05,CT_place_SNIPERSNEST,False
lag_01__T_place_TSIDELOWER,2.011502510868013e-05,2.011502510868013e-05,T_place_TSIDELOWER,False
lag_11__spread_diff,2.0080318790860474e-05,2.0080318790860474e-05,spread_diff,False
lag_10__T_place_ROOF,2.0074334315722808e-05,2.0074334315722808e-05,T_place_ROOF,False
lag_07__T2__X,-2.0073915948159993e-05,2.0073915948159993e-05,T2__X,False
lag_08__T1__flash_duration,2.0062683688593097e-05,2.0062683688593097e-05,T1__flash_duration,True
lag_07__CT_place_VENTS,2.0061788745806552e-05,2.0061788745806552e-05,CT_place_VENTS,False
lag_01__CT2__is_scoped,2.0050309103680775e-05,2.0050309103680775e-05,CT2__is_scoped,False
lag_10__CT_place_BACKOFB,2.0048082660650834e-05,2.0048082660650834e-05,CT_place_BACKOFB,False
lag_09__T_smoke_inv,2.0048006263095886e-05,2.0048006263095886e-05,T_smoke_inv,True
lag_05__CT_place_LOWERTUNNEL,2.003452755161561e-05,2.003452755161561e-05,CT_place_LOWERTUNNEL,False
lag_05__CT_defusing_count,2.003296685870737e-05,2.003296685870737e-05,CT_defusing_count,False
lag_02__T_place_VENDING,2.0014513211208396e-05,2.0014513211208396e-05,T_place_VENDING,False
lag_05__CT_place_QUAD,2.0012061213492416e-05,2.0012061213492416e-05,CT_place_QUAD,False
lag_03__T_place_WATER,1.998570587602444e-05,1.998570587602444e-05,T_place_WATER,False
lag_12__T_place_MAINHALL,1.998020707105752e-05,1.998020707105752e-05,T_place_MAINHALL,False
lag_11__T_place_LOWERMID,1.9975075701950118e-05,1.9975075701950118e-05,T_place_LOWERMID,False
lag_10__T1__is_scoped,-1.9966091713286005e-05,1.9966091713286005e-05,T1__is_scoped,False
lag_04__T_place_WATER,1.9961160433012992e-05,1.9961160433012992e-05,T_place_WATER,False
lag_05__T_hp_sum,1.9957431504735723e-05,1.9957431504735723e-05,T_hp_sum,False
lag_14__T2__is_scoped,1.9956292817369103e-05,1.9956292817369103e-05,T2__is_scoped,False
lag_11__CT_place_WATER,1.9952585716964677e-05,1.9952585716964677e-05,CT_place_WATER,False
lag_13__T_closest_enemy_dist,1.9947881810367107e-05,1.9947881810367107e-05,T_closest_enemy_dist,False
lag_15__T_place_ROOF,1.9913704818463884e-05,1.9913704818463884e-05,T_place_ROOF,False
lag_06__T2__has_helmet,-1.991336830542423e-05,1.991336830542423e-05,T2__has_helmet,False
lag_10__CT_place_HUTROOF,1.9900890038115904e-05,1.9900890038115904e-05,CT_place_HUTROOF,False
lag_08__CT_place_LIBRARY,1.989426527870819e-05,1.989426527870819e-05,CT_place_LIBRARY,False
lag_15__CT_place_BACKOFB,1.9887655071215704e-05,1.9887655071215704e-05,CT_place_BACKOFB,False
lag_13__CT_place_LIBRARY,1.987798350455705e-05,1.987798350455705e-05,CT_place_LIBRARY,False
lag_10__T_place_SILO,1.985906965273898e-05,1.985906965273898e-05,T_place_SILO,False
lag_03__T_place_TSTAIRS,1.984237133001443e-05,1.984237133001443e-05,T_place_TSTAIRS,False
lag_12__CT_place_ADMIN,1.9840568711515516e-05,1.9840568711515516e-05,CT_place_ADMIN,False
lag_03__T_place_FOUNTAIN,1.983572838071268e-05,1.983572838071268e-05,T_place_FOUNTAIN,False
lag_10__CT_place_GARAGE,1.9828819858958013e-05,1.9828819858958013e-05,CT_place_GARAGE,False
lag_11__T_place_LONGDOG,1.982797766686417e-05,1.982797766686417e-05,T_place_LONGDOG,False
lag_09__CT_place_BALCONY,1.982593494176399e-05,1.982593494176399e-05,CT_place_BALCONY,False
lag_04__T_place_TSTAIRS,1.981800414796453e-05,1.981800414796453e-05,T_place_TSTAIRS,False
lag_09__T_place_TMAIN,1.9813347535091452e-05,1.9813347535091452e-05,T_place_TMAIN,False
lag_04__T_place_FOUNTAIN,1.9811364836641587e-05,1.9811364836641587e-05,T_place_FOUNTAIN,False
lag_10__T_place_CTSPAWN,1.9806535419775173e-05,1.9806535419775173e-05,T_place_CTSPAWN,False
lag_08__T_place_BRIDGE,1.9777009583776817e-05,1.9777009583776817e-05,T_place_BRIDGE,False
lag_15__T_place_SHORTSTAIRS,1.976472049136646e-05,1.976472049136646e-05,T_place_SHORTSTAIRS,False
lag_12__T_place_SIDEENTRANCE,1.976447310880758e-05,1.976447310880758e-05,T_place_SIDEENTRANCE,False
lag_13__T_place_BRIDGE,1.9760829673032276e-05,1.9760829673032276e-05,T_place_BRIDGE,False
lag_08__T_place_SQUEAKY,1.9744496967177838e-05,1.9744496967177838e-05,T_place_SQUEAKY,False
lag_01__T_place_SIDEALLEY,1.974352926481515e-05,1.974352926481515e-05,T_place_SIDEALLEY,False
lag_04__T2__has_helmet,1.9743372831726447e-05,1.9743372831726447e-05,T2__has_helmet,False
lag_15__CT_place_HUTROOF,1.9741668438655324e-05,1.9741668438655324e-05,CT_place_HUTROOF,False
lag_13__T_place_SQUEAKY,1.972835889318958e-05,1.972835889318958e-05,T_place_SQUEAKY,False
lag_07__CT_place_LONGDOG,1.972727113752626e-05,1.972727113752626e-05,CT_place_LONGDOG,False
lag_01__T_place_PALACEALLEY,1.9718665498658083e-05,1.9718665498658083e-05,T_place_PALACEALLEY,False
lag_09__CT_place_TRUCK,1.971496567421127e-05,1.971496567421127e-05,CT_place_TRUCK,False
lag_14__CT_place_VENTS,1.9707607862073928e-05,1.9707607862073928e-05,CT_place_VENTS,False
lag_15__T_place_SILO,1.9700173652381636e-05,1.9700173652381636e-05,T_place_SILO,False
lag_15__CT_place_GARAGE,1.9670163965201937e-05,1.9670163965201937e-05,CT_place_GARAGE,False
lag_04__T_flash_inv,1.9657287339214236e-05,1.9657287339214236e-05,T_flash_inv,True
lag_15__T_place_CTSPAWN,1.9648074157885276e-05,1.9648074157885276e-05,T_place_CTSPAWN,False
lag_07__CT1__armor,1.9647482986329123e-05,1.9647482986329123e-05,CT1__armor,False
lag_03__T2__is_scoped,1.9635699572972953e-05,1.9635699572972953e-05,T2__is_scoped,False
lag_09__T4__flash_duration,-1.962734131666366e-05,1.962734131666366e-05,T4__flash_duration,True
lag_04__T2__is_scoped,1.961157249752432e-05,1.961157249752432e-05,T2__is_scoped,False
lag_01__CT_place_WALKWAY,1.9607732610893436e-05,1.9607732610893436e-05,CT_place_WALKWAY,False
lag_05__T_place_IVY,1.959443216037471e-05,1.959443216037471e-05,T_place_IVY,False
lag_07__T3__flash_duration,1.957441054400988e-05,1.957441054400988e-05,T3__flash_duration,True
lag_05__T_place_TROPHY,1.9553590391296893e-05,1.9553590391296893e-05,T_place_TROPHY,False
lag_11__CT_place_LONGA,-1.955051084223669e-05,1.955051084223669e-05,CT_place_LONGA,False
lag_08__CT_shots_fired_sum,1.953148967004381e-05,1.953148967004381e-05,CT_shots_fired_sum,False
lag_11__T_place_VENDING,1.9525536117726006e-05,1.9525536117726006e-05,T_place_VENDING,False
lag_10__CT_place_LIBRARY,1.9455670553725213e-05,1.9455670553725213e-05,CT_place_LIBRARY,False
lag_02__CT_place_CANAL,1.9446319129201584e-05,1.9446319129201584e-05,CT_place_CANAL,False
lag_08__T_place_MAINHALL,1.943783718161285e-05,1.943783718161285e-05,T_place_MAINHALL,False
lag_01__CT1__is_walking,-1.9435521608102135e-05,1.9435521608102135e-05,CT1__is_walking,False
lag_13__CT_defuser_count,-1.942847120517399e-05,1.942847120517399e-05,CT_defuser_count,False
lag_13__T_place_MAINHALL,1.9421937395236455e-05,1.9421937395236455e-05,T_place_MAINHALL,False
lag_12__T_place_LOWERMID,1.9421342585701495e-05,1.9421342585701495e-05,T_place_LOWERMID,False
lag_07__CT_place_TSIDEUPPER,1.941713344422169e-05,1.941713344422169e-05,CT_place_TSIDEUPPER,False
lag_12__CT_place_WATER,1.9399463781155646e-05,1.9399463781155646e-05,CT_place_WATER,False
lag_03__CT_place_VENTS,1.9391018213354982e-05,1.9391018213354982e-05,CT_place_VENTS,False
lag_14__CT_place_LONGDOG,1.9378996512386948e-05,1.9378996512386948e-05,CT_place_LONGDOG,False
lag_04__CT_place_VENTS,1.9367185814189725e-05,1.9367185814189725e-05,CT_place_VENTS,False
lag_10__T_place_BRIDGE,1.9341014194651507e-05,1.9341014194651507e-05,T_place_BRIDGE,False
lag_01__CT_place_HEAVEN,1.9333323507453315e-05,1.9333323507453315e-05,CT_place_HEAVEN,False
lag_05__CT_place_UPPERPARK,1.9322431398904882e-05,1.9322431398904882e-05,CT_place_UPPERPARK,False
lag_09__CT3__is_scoped,-1.9321674699313007e-05,1.9321674699313007e-05,CT3__is_scoped,False
lag_06__T_bomb_carrier_alive,-1.931539736688137e-05,1.931539736688137e-05,T_bomb_carrier_alive,False
lag_09__T_place_CONNECTOR,1.9314855308039114e-05,1.9314855308039114e-05,T_place_CONNECTOR,False
lag_10__T_place_SQUEAKY,1.9309234630782157e-05,1.9309234630782157e-05,T_place_SQUEAKY,False
lag_08__CT_place_ADMIN,1.9301985958009027e-05,1.9301985958009027e-05,CT_place_ADMIN,False
lag_15__CT_place_LIBRARY,1.930000689753797e-05,1.930000689753797e-05,CT_place_LIBRARY,False
lag_13__CT_place_ADMIN,1.9286209862912074e-05,1.9286209862912074e-05,CT_place_ADMIN,False
lag_06__CT1__molly,-1.9278468244010583e-05,1.9278468244010583e-05,CT1__molly,True
lag_12__T_place_LONGDOG,1.9278331819805317e-05,1.9278331819805317e-05,T_place_LONGDOG,False
lag_01__CT_place_UNDERPASS,1.9273298676125705e-05,1.9273298676125705e-05,CT_place_UNDERPASS,False
lag_05__T_flashes_last_5s,1.926044024003204e-05,1.926044024003204e-05,T_flashes_last_5s,True
lag_01__T_place_LONGDOORS,-1.925482320075389e-05,1.925482320075389e-05,T_place_LONGDOORS,False
lag_08__T_place_SIDEENTRANCE,1.9227960365242325e-05,1.9227960365242325e-05,T_place_SIDEENTRANCE,False
lag_13__T_place_SIDEENTRANCE,1.921222974488046e-05,1.921222974488046e-05,T_place_SIDEENTRANCE,False
lag_01__CT_place_RAFTERS,1.920956674439367e-05,1.920956674439367e-05,CT_place_RAFTERS,False
lag_05__CT_place_LOBBY,1.9204280761186965e-05,1.9204280761186965e-05,CT_place_LOBBY,False
lag_15__T_place_BRIDGE,1.918626185215544e-05,1.918626185215544e-05,T_place_BRIDGE,False
lag_15__T_place_SQUEAKY,1.9154736946802586e-05,1.9154736946802586e-05,T_place_SQUEAKY,False
lag_09__CT_place_SHOP,1.911816252686549e-05,1.911816252686549e-05,CT_place_SHOP,False
lag_06__active_infernos_total,1.910644095914904e-05,1.910644095914904e-05,active_infernos_total,True
lag_06__CT_place_UPPERTUNNEL,1.910205537569709e-05,1.910205537569709e-05,CT_place_UPPERTUNNEL,False
lag_05__T_place_DUMPSTER,1.909342608996667e-05,1.909342608996667e-05,T_place_DUMPSTER,False
lag_06__CT_place_HUT,1.9091150534222834e-05,1.9091150534222834e-05,CT_place_HUT,False
lag_02__T_place_PIT,1.908381273096893e-05,1.908381273096893e-05,T_place_PIT,False
lag_01__T3__is_scoped,1.9080856873188168e-05,1.9080856873188168e-05,T3__is_scoped,False
lag_09__CT_place_JUNGLE,1.9078115656157024e-05,1.9078115656157024e-05,CT_place_JUNGLE,False
lag_06__CT1__armor,1.907556907099206e-05,1.907556907099206e-05,CT1__armor,False
lag_14__CT_place_TSIDEUPPER,1.9074339434155263e-05,1.9074339434155263e-05,CT_place_TSIDEUPPER,False
lag_01__CT_place_MINI,1.907104888232425e-05,1.907104888232425e-05,CT_place_MINI,False
lag_03__CT_place_LONGDOG,1.9067687389906496e-05,1.9067687389906496e-05,CT_place_LONGDOG,False
lag_07__CT_place_MAIN,1.9047851310460828e-05,1.9047851310460828e-05,CT_place_MAIN,False
lag_02__CT_place_STAIRS,1.904549208120443e-05,1.904549208120443e-05,CT_place_STAIRS,False
lag_04__CT_place_LONGDOG,1.9044275177293457e-05,1.9044275177293457e-05,CT_place_LONGDOG,False
lag_05__CT_place_TSPAWN,1.9043318388867192e-05,1.9043318388867192e-05,CT_place_TSPAWN,False
lag_05__T3__X,1.9030750991078094e-05,1.9030750991078094e-05,T3__X,False
lag_10__T_place_MAINHALL,1.900932693388313e-05,1.900932693388313e-05,T_place_MAINHALL,False
lag_12__T_place_VENDING,1.8984284906764515e-05,1.8984284906764515e-05,T_place_VENDING,False
lag_11__CT_place_CANAL,1.89712482097093e-05,1.89712482097093e-05,CT_place_CANAL,False
lag_07__CT_place_HELL,1.8949289369629696e-05,1.8949289369629696e-05,CT_place_HELL,False
lag_08__centroid_distance_xy,-1.894159140647389e-05,1.894159140647389e-05,centroid_distance_xy,False
lag_06__T_place_UPPERPARK,1.8920503862318583e-05,1.8920503862318583e-05,T_place_UPPERPARK,False
lag_08__T_place_LOWERMID,1.8894157619797625e-05,1.8894157619797625e-05,T_place_LOWERMID,False
lag_13__T_place_LOWERMID,1.8878710761782713e-05,1.8878710761782713e-05,T_place_LOWERMID,False
lag_10__CT_place_ADMIN,1.8876480680773966e-05,1.8876480680773966e-05,CT_place_ADMIN,False
lag_08__CT_place_WATER,1.887286634882912e-05,1.887286634882912e-05,CT_place_WATER,False
lag_06__CT_place_LADDER,1.887114194687456e-05,1.887114194687456e-05,CT_place_LADDER,False
lag_13__CT_place_WATER,1.885741949081421e-05,1.885741949081421e-05,CT_place_WATER,False
lag_15__T_place_MAINHALL,1.885723577288445e-05,1.885723577288445e-05,T_place_MAINHALL,False
lag_07__T_place_LOWERPARK,1.885076198959723e-05,1.885076198959723e-05,T_place_LOWERPARK,False
lag_15__CT1__has_helmet,-1.8838969481294043e-05,1.8838969481294043e-05,CT1__has_helmet,False
lag_01__T_utility_damage_last_5s,1.8829290638677776e-05,1.8829290638677776e-05,T_utility_damage_last_5s,True
lag_02__T1__hp,1.88164776773192e-05,1.88164776773192e-05,T1__hp,False
lag_10__T_place_SIDEENTRANCE,1.8804075807565823e-05,1.8804075807565823e-05,T_place_SIDEENTRANCE,False
lag_02__T_alive,-1.8778782759909518e-05,1.8778782759909518e-05,T_alive,False
lag_01__T_place_ALLEY,1.8778315279632807e-05,1.8778315279632807e-05,T_place_ALLEY,False
lag_02__T_place_WATER,1.8769074813462794e-05,1.8769074813462794e-05,T_place_WATER,False
lag_03__CT_place_TSIDEUPPER,1.876792339317035e-05,1.876792339317035e-05,CT_place_TSIDEUPPER,False
lag_08__T_place_LONGDOG,1.8755014025373384e-05,1.8755014025373384e-05,T_place_LONGDOG,False
lag_04__CT_place_TSIDEUPPER,1.8744876797427423e-05,1.8744876797427423e-05,CT_place_TSIDEUPPER,False
lag_14__CT1__duck_amount,-1.874337249319069e-05,1.874337249319069e-05,CT1__duck_amount,False
lag_13__T_place_LONGDOG,1.873965265986044e-05,1.873965265986044e-05,T_place_LONGDOG,False
lag_07__T_place_SECRET,1.8734797777142376e-05,1.8734797777142376e-05,T_place_SECRET,False
lag_15__CT_place_ADMIN,1.8725429981714115e-05,1.8725429981714115e-05,CT_place_ADMIN,False
lag_06__T_place_TUNNEL,1.8719392755883746e-05,1.8719392755883746e-05,T_place_TUNNEL,False
lag_09__T_place_RAMP,1.871333734015934e-05,1.871333734015934e-05,T_place_RAMP,False
lag_14__CT_place_MAIN,1.871156746346969e-05,1.871156746346969e-05,CT_place_MAIN,False
lag_00__T4__flash_duration,-1.871144922915846e-05,1.871144922915846e-05,T4__flash_duration,True
lag_05__T_place_STREET,1.8695820472203195e-05,1.8695820472203195e-05,T_place_STREET,False
lag_06__T_place_SIDEHALL,1.8687089323066175e-05,1.8687089323066175e-05,T_place_SIDEHALL,False
lag_06__CT_place_MAINHALL,1.8664570234250277e-05,1.8664570234250277e-05,CT_place_MAINHALL,False
lag_15__T_place_SIDEENTRANCE,1.8653627193998545e-05,1.8653627193998545e-05,T_place_SIDEENTRANCE,False
lag_08__T2__has_helmet,1.8642305803950876e-05,1.8642305803950876e-05,T2__has_helmet,False
lag_02__T_place_TSTAIRS,1.8634471416589804e-05,1.8634471416589804e-05,T_place_TSTAIRS,False
lag_02__T_place_FOUNTAIN,1.8628230463946238e-05,1.8628230463946238e-05,T_place_FOUNTAIN,False
lag_11__T_place_PIT,1.861758209997788e-05,1.861758209997788e-05,T_place_PIT,False
lag_09__T_place_BACKOFB,1.8617498426465318e-05,1.8617498426465318e-05,T_place_BACKOFB,False
lag_14__CT_place_HELL,1.861472992459312e-05,1.861472992459312e-05,CT_place_HELL,False
lag_11__CT_place_STAIRS,1.85801945917774e-05,1.85801945917774e-05,CT_place_STAIRS,False
lag_10__CT_closest_enemy_dist,-1.8559991076472215e-05,1.8559991076472215e-05,CT_closest_enemy_dist,False
lag_15__CT_round_start_equip_sum,-1.8524897313909605e-05,1.8524897313909605e-05,CT_round_start_equip_sum,False
lag_14__T_place_LOWERPARK,1.8517970602260903e-05,1.8517970602260903e-05,T_place_LOWERPARK,False
lag_10__T_place_LOWERMID,1.8477623598300852e-05,1.8477623598300852e-05,T_place_LOWERMID,False
lag_08__T_place_VENDING,1.8468954294803552e-05,1.8468954294803552e-05,T_place_VENDING,False
lag_06__CT5__duck_amount,1.8464303138898686e-05,1.8464303138898686e-05,CT5__duck_amount,False
lag_08__T_active_smokes,1.8460741557646543e-05,1.8460741557646543e-05,T_active_smokes,True
lag_10__CT_place_WATER,1.845680526457727e-05,1.845680526457727e-05,CT_place_WATER,False
lag_01__CT_place_BALCONY,1.8453954908181913e-05,1.8453954908181913e-05,CT_place_BALCONY,False
lag_13__T_place_VENDING,1.8453843949828297e-05,1.8453843949828297e-05,T_place_VENDING,False
lag_12__CT_place_CANAL,1.8445327441440895e-05,1.8445327441440895e-05,CT_place_CANAL,False
lag_01__T_place_TMAIN,1.8442229702486657e-05,1.8442229702486657e-05,T_place_TMAIN,False
lag_02__T2__is_scoped,1.8440376152284443e-05,1.8440376152284443e-05,T2__is_scoped,False
lag_07__CT_place_LOWERTUNNEL,1.843123754952103e-05,1.843123754952103e-05,CT_place_LOWERTUNNEL,False
lag_07__CT_defusing_count,1.8429773263051175e-05,1.8429773263051175e-05,CT_defusing_count,False
lag_03__CT_place_MAIN,1.8410986740491353e-05,1.8410986740491353e-05,CT_place_MAIN,False
lag_07__CT_place_QUAD,1.8410555640002713e-05,1.8410555640002713e-05,CT_place_QUAD,False
lag_13__CT_closest_enemy_dist,1.8409024050924927e-05,1.8409024050924927e-05,CT_closest_enemy_dist,False
lag_14__T_place_SECRET,1.8404052752885036e-05,1.8404052752885036e-05,T_place_SECRET,False
lag_04__CT_place_MAIN,1.8388340322417207e-05,1.8388340322417207e-05,CT_place_MAIN,False
lag_07__T2__has_helmet,1.8372365957475267e-05,1.8372365957475267e-05,T2__has_helmet,False
lag_01__CT_place_TRUCK,1.835065268096514e-05,1.835065268096514e-05,CT_place_TRUCK,False
lag_10__T_place_LONGDOG,1.8341543182032183e-05,1.8341543182032183e-05,T_place_LONGDOG,False
lag_15__T_place_LOWERMID,1.8329785234527662e-05,1.8329785234527662e-05,T_place_LOWERMID,False
lag_03__CT_place_HELL,1.83156971615972e-05,1.83156971615972e-05,CT_place_HELL,False
lag_04__CT_utility_damage_last_5s,1.831537338148337e-05,1.831537338148337e-05,CT_utility_damage_last_5s,True
lag_11__T_place_WATER,1.8310540326638147e-05,1.8310540326638147e-05,T_place_WATER,False
lag_12__CT_flash_inv,1.8309632650925778e-05,1.8309632650925778e-05,CT_flash_inv,True
lag_15__CT_place_WATER,1.8309126971871592e-05,1.8309126971871592e-05,CT_place_WATER,False
lag_09__T_place_HOUSE,1.8296303096576594e-05,1.8296303096576594e-05,T_place_HOUSE,False
lag_04__CT_place_HELL,1.8293205357622355e-05,1.8293205357622355e-05,CT_place_HELL,False
lag_14__CT5__molly,1.8232221918879077e-05,1.8232221918879077e-05,CT5__molly,True
lag_03__T_place_LOWERPARK,1.8220478523289785e-05,1.8220478523289785e-05,T_place_LOWERPARK,False
lag_06__CT_place_FOUNTAIN,1.8218186596641317e-05,1.8218186596641317e-05,CT_place_FOUNTAIN,False
lag_02__CT_place_VENTS,1.8210579582955688e-05,1.8210579582955688e-05,CT_place_VENTS,False
lag_06__T_place_HUT,1.8205864762421697e-05,1.8205864762421697e-05,T_place_HUT,False
lag_04__T_place_LOWERPARK,1.8198083125753328e-05,1.8198083125753328e-05,T_place_LOWERPARK,False
lag_15__T_place_LONGDOG,1.8194798030890524e-05,1.8194798030890524e-05,T_place_LONGDOG,False
lag_11__T_place_TSTAIRS,1.817923657654319e-05,1.817923657654319e-05,T_place_TSTAIRS,False
lag_11__T_place_FOUNTAIN,1.8173144781030715e-05,1.8173144781030715e-05,T_place_FOUNTAIN,False
lag_08__T_macro_A,-1.8124937923857942e-05,1.8124937923857942e-05,T_macro_A,False
lag_08__T_place_BOMBSITEA,-1.8124937923857942e-05,1.8124937923857942e-05,T_place_BOMBSITEA,False
lag_03__CT_scoped_count,-1.8115633793058805e-05,1.8115633793058805e-05,CT_scoped_count,False
lag_07__T3__X,-1.811386209737975e-05,1.811386209737975e-05,T3__X,False
lag_03__T_place_SECRET,1.810839239624329e-05,1.810839239624329e-05,T_place_SECRET,False
lag_14__CT_place_LOWERTUNNEL,1.810584763006773e-05,1.810584763006773e-05,CT_place_LOWERTUNNEL,False
lag_14__CT_defusing_count,1.8104419723385945e-05,1.8104419723385945e-05,CT_defusing_count,False
lag_12__T_place_PIT,1.8101500245393254e-05,1.8101500245393254e-05,T_place_PIT,False
lag_04__T_place_SECRET,1.808614433684852e-05,1.808614433684852e-05,T_place_SECRET,False
lag_14__CT_place_QUAD,1.8085527699440718e-05,1.8085527699440718e-05,CT_place_QUAD,False
lag_06__CT_place_SECRET,1.8068516510538757e-05,1.8068516510538757e-05,CT_place_SECRET,False
lag_12__CT_place_STAIRS,1.806513319024816e-05,1.806513319024816e-05,CT_place_STAIRS,False
lag_10__T_place_VENDING,1.8061789887724444e-05,1.8061789887724444e-05,T_place_VENDING,False
lag_07__T_place_IVY,1.802635051717516e-05,1.802635051717516e-05,T_place_IVY,False
lag_12__CT_B_site_active_infernos,1.801506368792616e-05,1.801506368792616e-05,CT_B_site_active_infernos,True
lag_09__CT_place_LOWERPARK,1.8002536307903938e-05,1.8002536307903938e-05,CT_place_LOWERPARK,False
lag_11__T2__is_scoped,1.7989888874581084e-05,1.7989888874581084e-05,T2__is_scoped,False
lag_07__T_place_TROPHY,1.7988752006203867e-05,1.7988752006203867e-05,T_place_TROPHY,False
lag_01__T_place_CONNECTOR,1.797824188543018e-05,1.797824188543018e-05,T_place_CONNECTOR,False
lag_08__CT_place_CANAL,1.7944632418220863e-05,1.7944632418220863e-05,CT_place_CANAL,False
lag_13__CT_place_CANAL,1.7929967725649476e-05,1.7929967725649476e-05,CT_place_CANAL,False
lag_15__T_place_VENDING,1.791727845557034e-05,1.791727845557034e-05,T_place_VENDING,False
lag_02__CT_place_LONGDOG,1.7906937500811182e-05,1.7906937500811182e-05,CT_place_LONGDOG,False
lag_03__T1__has_helmet,-1.790096575859934e-05,1.790096575859934e-05,T1__has_helmet,False
lag_06__CT_smoke_inv,1.7884147382574156e-05,1.7884147382574156e-05,CT_smoke_inv,True
lag_03__CT_place_LOWERTUNNEL,1.7814976672525518e-05,1.7814976672525518e-05,CT_place_LOWERTUNNEL,False
lag_03__CT_defusing_count,1.7813570593716577e-05,1.7813570593716577e-05,CT_defusing_count,False
lag_12__T_place_WATER,1.780295315256808e-05,1.780295315256808e-05,T_place_WATER,False
lag_01__CT_place_SHOP,1.779514605004806e-05,1.779514605004806e-05,CT_place_SHOP,False
lag_03__CT_place_QUAD,1.7794998711906374e-05,1.7794998711906374e-05,CT_place_QUAD,False
lag_04__CT_place_LOWERTUNNEL,1.7793096048990265e-05,1.7793096048990265e-05,CT_place_LOWERTUNNEL,False
lag_04__CT_defusing_count,1.779168815119192e-05,1.779168815119192e-05,CT_defusing_count,False
lag_09__T_place_ROOF,1.777899706212338e-05,1.777899706212338e-05,T_place_ROOF,False
lag_07__CT_place_UPPERPARK,1.7776115782908164e-05,1.7776115782908164e-05,CT_place_UPPERPARK,False
lag_04__CT_place_QUAD,1.777313264028635e-05,1.777313264028635e-05,CT_place_QUAD,False
lag_11__CT_place_VENTS,1.776570570655167e-05,1.776570570655167e-05,CT_place_VENTS,False
lag_01__CT_place_JUNGLE,1.775788769009523e-05,1.775788769009523e-05,CT_place_JUNGLE,False
lag_09__CT_place_BACKOFB,1.7755741282599047e-05,1.7755741282599047e-05,CT_place_BACKOFB,False
lag_07__T_flashes_last_5s,1.7719081370159984e-05,1.7719081370159984e-05,T_flashes_last_5s,True
lag_14__T_place_IVY,1.7708118321024813e-05,1.7708118321024813e-05,T_place_IVY,False
lag_12__utility_damage_diff_last_5s,1.7685933926259167e-05,1.7685933926259167e-05,utility_damage_diff_last_5s,True
lag_13__T_molly_inv,-1.767840512911789e-05,1.767840512911789e-05,T_molly_inv,True
lag_12__T_place_TSTAIRS,1.767527101037558e-05,1.767527101037558e-05,T_place_TSTAIRS,False
lag_14__T_place_TROPHY,1.7671189198154025e-05,1.7671189198154025e-05,T_place_TROPHY,False
lag_12__T_place_FOUNTAIN,1.7669357475824654e-05,1.7669357475824654e-05,T_place_FOUNTAIN,False
lag_07__CT_place_LOBBY,1.76674311660463e-05,1.76674311660463e-05,CT_place_LOBBY,False
lag_02__CT_place_TSIDEUPPER,1.762542342476081e-05,1.762542342476081e-05,CT_place_TSIDEUPPER,False
lag_09__CT_place_HUTROOF,1.7625388863962144e-05,1.7625388863962144e-05,CT_place_HUTROOF,False
lag_06__CT_flashes_last_5s,1.7615670003578998e-05,1.7615670003578998e-05,CT_flashes_last_5s,True
lag_08__T_place_PIT,1.7610111171961762e-05,1.7610111171961762e-05,T_place_PIT,False
lag_02__CT_flashed_players,-1.7595728422747925e-05,1.7595728422747925e-05,CT_flashed_players,False
lag_13__T_place_PIT,1.759572660375852e-05,1.759572660375852e-05,T_place_PIT,False
lag_06__T_place_MAIN,1.7589751223567873e-05,1.7589751223567873e-05,T_place_MAIN,False
lag_09__T_place_SILO,1.758834878273774e-05,1.758834878273774e-05,T_place_SILO,False
lag_08__CT_place_STAIRS,1.7574759112903848e-05,1.7574759112903848e-05,CT_place_STAIRS,False
lag_07__T_place_DUMPSTER,1.756542951625306e-05,1.756542951625306e-05,T_place_DUMPSTER,False
lag_09__CT_place_GARAGE,1.7561551430844702e-05,1.7561551430844702e-05,CT_place_GARAGE,False
lag_13__CT_place_STAIRS,1.7560383639647625e-05,1.7560383639647625e-05,CT_place_STAIRS,False
lag_01__centroid_distance_xy,-1.7555956219439395e-05,1.7555956219439395e-05,centroid_distance_xy,False
lag_10__CT_place_CANAL,1.75490331457695e-05,1.75490331457695e-05,CT_place_CANAL,False
lag_09__T1__flash_duration,1.7545413356856443e-05,1.7545413356856443e-05,T1__flash_duration,True
lag_09__T_place_CTSPAWN,1.754181539581623e-05,1.754181539581623e-05,T_place_CTSPAWN,False
lag_05__CT_place_UPPERTUNNEL,1.7522172129247338e-05,1.7522172129247338e-05,CT_place_UPPERTUNNEL,False
lag_07__CT_place_TSPAWN,1.7519338143756613e-05,1.7519338143756613e-05,CT_place_TSPAWN,False
lag_00__CT_utility_damage_last_5s,-1.7513106286060065e-05,1.7513106286060065e-05,CT_utility_damage_last_5s,True
lag_05__CT_place_HUT,1.751217496348545e-05,1.751217496348545e-05,CT_place_HUT,False
lag_12__T2__is_scoped,1.7491161997895688e-05,1.7491161997895688e-05,T2__is_scoped,False
lag_11__CT_place_LONGDOG,1.7469470549258403e-05,1.7469470549258403e-05,CT_place_LONGDOG,False
lag_14__CT_place_UPPERPARK,1.746227644616738e-05,1.746227644616738e-05,CT_place_UPPERPARK,False
lag_09__CT1__has_helmet,-1.7429780200473033e-05,1.7429780200473033e-05,CT1__has_helmet,False
lag_11__CT1__shots_fired,1.7423808458261192e-05,1.7423808458261192e-05,CT1__shots_fired,False
lag_03__T_place_IVY,1.7423644749214873e-05,1.7423644749214873e-05,T_place_IVY,False
lag_15__T2__hp,1.741874439176172e-05,1.741874439176172e-05,T2__hp,False
lag_01__T_place_RAMP,1.741835512802936e-05,1.741835512802936e-05,T_place_RAMP,False
lag_00__CT_place_BOMBSITEA,-1.741139385558199e-05,1.741139385558199e-05,CT_place_BOMBSITEA,False
lag_00__CT_macro_A,-1.741139385558199e-05,1.741139385558199e-05,CT_macro_A,False
lag_15__CT_place_CANAL,1.740860716381576e-05,1.740860716381576e-05,CT_place_CANAL,False
lag_14__T_flashes_last_5s,1.740625884849578e-05,1.740625884849578e-05,T_flashes_last_5s,True
lag_09__T_molly_inv,1.7402669982402585e-05,1.7402669982402585e-05,T_molly_inv,True
lag_04__T_place_IVY,1.7402249795850366e-05,1.7402249795850366e-05,T_place_IVY,False
lag_03__T_place_TROPHY,1.7387295883963816e-05,1.7387295883963816e-05,T_place_TROPHY,False
lag_07__CT_flash_inv,1.7382730220560916e-05,1.7382730220560916e-05,CT_flash_inv,True
lag_04__T_place_TROPHY,1.7365919120493345e-05,1.7365919120493345e-05,T_place_TROPHY,False
lag_05__T_place_UPPERPARK,1.7355649106320925e-05,1.7355649106320925e-05,T_place_UPPERPARK,False
lag_14__CT_place_LOBBY,1.7355514501105063e-05,1.7355514501105063e-05,CT_place_LOBBY,False
lag_05__T2__utility_total,-1.7334796211798675e-05,1.7334796211798675e-05,T2__utility_total,True
lag_14__CT_shots_fired_sum,1.7331409253529273e-05,1.7331409253529273e-05,CT_shots_fired_sum,False
lag_01__T_place_BACKOFB,1.732913005980663e-05,1.732913005980663e-05,T_place_BACKOFB,False
lag_08__T_place_WATER,1.731969678075984e-05,1.731969678075984e-05,T_place_WATER,False
lag_05__CT_place_LADDER,1.7310389011981897e-05,1.7310389011981897e-05,CT_place_LADDER,False
lag_13__T_place_WATER,1.7305523215327412e-05,1.7305523215327412e-05,T_place_WATER,False
lag_10__CT_round_start_equip_sum,-1.7297359590884298e-05,1.7297359590884298e-05,CT_round_start_equip_sum,False
lag_02__CT_place_MAIN,1.7290216419496574e-05,1.7290216419496574e-05,CT_place_MAIN,False
lag_12__CT_place_VENTS,1.7273201592615806e-05,1.7273201592615806e-05,CT_place_VENTS,False
lag_14__T_place_DUMPSTER,1.725532092677895e-05,1.725532092677895e-05,T_place_DUMPSTER,False
lag_09__CT_place_LIBRARY,1.723109198792372e-05,1.723109198792372e-05,CT_place_LIBRARY,False
lag_10__T_place_PIT,1.7221906091435812e-05,1.7221906091435812e-05,T_place_PIT,False
lag_14__CT_place_TSPAWN,1.7210046280524693e-05,1.7210046280524693e-05,CT_place_TSPAWN,False
lag_06__CT_place_ELECTRICALBOX,1.7202417438966222e-05,1.7202417438966222e-05,CT_place_ELECTRICALBOX,False
lag_02__CT_place_HELL,1.7200722140842117e-05,1.7200722140842117e-05,CT_place_HELL,False
lag_07__T_place_STREET,1.7199654394062236e-05,1.7199654394062236e-05,T_place_STREET,False
lag_08__T_place_TSTAIRS,1.7195488908328116e-05,1.7195488908328116e-05,T_place_TSTAIRS,False
lag_11__CT_place_TSIDEUPPER,1.719483407214284e-05,1.719483407214284e-05,CT_place_TSIDEUPPER,False
lag_08__T_place_FOUNTAIN,1.7189711797982454e-05,1.7189711797982454e-05,T_place_FOUNTAIN,False
lag_10__CT_place_STAIRS,1.7187318007927388e-05,1.7187318007927388e-05,CT_place_STAIRS,False
lag_03__CT_place_UPPERPARK,1.7181759176310152e-05,1.7181759176310152e-05,CT_place_UPPERPARK,False
lag_13__T_place_TSTAIRS,1.7181422663270496e-05,1.7181422663270496e-05,T_place_TSTAIRS,False
lag_13__T_place_FOUNTAIN,1.7175656466861255e-05,1.7175656466861255e-05,T_place_FOUNTAIN,False
lag_05__T_place_TUNNEL,1.717117083899211e-05,1.717117083899211e-05,T_place_TUNNEL,False
lag_04__CT_place_UPPERPARK,1.7160660718218423e-05,1.7160660718218423e-05,CT_place_UPPERPARK,False
lag_03__T3__duck_amount,1.7158801711048e-05,1.7158801711048e-05,T3__duck_amount,False
lag_05__T_place_SIDEHALL,1.7141552234534174e-05,1.7141552234534174e-05,T_place_SIDEHALL,False
lag_05__T2__X,-1.7130067135440186e-05,1.7130067135440186e-05,T2__X,False
lag_09__T_place_BRIDGE,1.7129543266491964e-05,1.7129543266491964e-05,T_place_BRIDGE,False
lag_03__T_flashes_last_5s,1.7126625607488677e-05,1.7126625607488677e-05,T_flashes_last_5s,True
lag_05__CT_place_MAINHALL,1.712087214400526e-05,1.712087214400526e-05,CT_place_MAINHALL,False
lag_02__T_place_LOWERPARK,1.711131881165784e-05,1.711131881165784e-05,T_place_LOWERPARK,False
lag_04__T_flashes_last_5s,1.7105576262110844e-05,1.7105576262110844e-05,T_flashes_last_5s,True
lag_09__T_place_SQUEAKY,1.710139258648269e-05,1.710139258648269e-05,T_place_SQUEAKY,False
lag_15__T_place_PIT,1.7084132196032442e-05,1.7084132196032442e-05,T_place_PIT,False
lag_03__CT_place_LOBBY,1.7076690710382536e-05,1.7076690710382536e-05,CT_place_LOBBY,False
lag_10__CT_place_HOLE,-1.706039984128438e-05,1.706039984128438e-05,CT_place_HOLE,False
lag_04__CT_place_LOBBY,1.705572685750667e-05,1.705572685750667e-05,CT_place_LOBBY,False
lag_15__CT_place_STAIRS,1.7049795133061707e-05,1.7049795133061707e-05,CT_place_STAIRS,False
lag_14__T_place_UNDERA,-1.7039970771293156e-05,1.7039970771293156e-05,T_place_UNDERA,False
lag_05__kill_diff_last_3s,1.703406815067865e-05,1.703406815067865e-05,kill_diff_last_3s,False
lag_01__T_place_HOUSE,1.7030160961439833e-05,1.7030160961439833e-05,T_place_HOUSE,False
lag_09__T_mean_X,1.7018357539200224e-05,1.7018357539200224e-05,T_mean_X,False
lag_08__T2__is_scoped,1.701636574580334e-05,1.701636574580334e-05,T2__is_scoped,False
lag_02__T_place_SECRET,1.70060338859912e-05,1.70060338859912e-05,T_place_SECRET,False
lag_13__T2__is_scoped,1.700244683888741e-05,1.700244683888741e-05,T2__is_scoped,False
lag_08__T_B_site_active_smokes,1.6990339645417407e-05,1.6990339645417407e-05,T_B_site_active_smokes,True
lag_12__CT_place_LONGDOG,1.6985193724394776e-05,1.6985193724394776e-05,CT_place_LONGDOG,False
lag_10__CT1__has_helmet,-1.6980467989924364e-05,1.6980467989924364e-05,CT1__has_helmet,False
lag_03__T_place_DUMPSTER,1.6978134226519614e-05,1.6978134226519614e-05,T_place_DUMPSTER,False
lag_04__T_place_DUMPSTER,1.6957277694018558e-05,1.6957277694018558e-05,T_place_DUMPSTER,False
lag_10__T_place_WATER,1.6937879991019145e-05,1.6937879991019145e-05,T_place_WATER,False
lag_03__CT_place_TSPAWN,1.6933567167143337e-05,1.6933567167143337e-05,CT_place_TSPAWN,False
lag_04__CT_place_TSPAWN,1.6912765204324387e-05,1.6912765204324387e-05,CT_place_TSPAWN,False
lag_14__T_place_STREET,1.6896019587875344e-05,1.6896019587875344e-05,T_place_STREET,False
lag_11__CT_place_MAIN,1.686781797616277e-05,1.686781797616277e-05,CT_place_MAIN,False
lag_01__T_place_TOPOFMID,1.685684583208058e-05,1.685684583208058e-05,T_place_TOPOFMID,False
lag_09__T_place_MAINHALL,1.6835783753776923e-05,1.6835783753776923e-05,T_place_MAINHALL,False
lag_10__T_place_TSTAIRS,1.6816389688756317e-05,1.6816389688756317e-05,T_place_TSTAIRS,False
lag_10__T_place_FOUNTAIN,1.6810765373520553e-05,1.6810765373520553e-05,T_place_FOUNTAIN,False
lag_08__CT_place_VENTS,1.6804307961137965e-05,1.6804307961137965e-05,CT_place_VENTS,False
lag_15__T_place_WATER,1.6802348909550346e-05,1.6802348909550346e-05,T_place_WATER,False
lag_13__CT_place_VENTS,1.6790570953162387e-05,1.6790570953162387e-05,CT_place_VENTS,False
lag_11__CT_place_HELL,1.6780526493676007e-05,1.6780526493676007e-05,CT_place_HELL,False
lag_01__CT_place_LOWERPARK,1.6756734112277627e-05,1.6756734112277627e-05,CT_place_LOWERPARK,False
lag_02__CT_place_LOWERTUNNEL,1.673048609518446e-05,1.673048609518446e-05,CT_place_LOWERTUNNEL,False
lag_06__CT_place_LOCKERROOM,1.673027509241365e-05,1.673027509241365e-05,CT_place_LOCKERROOM,False
lag_02__CT_defusing_count,1.67291727848351e-05,1.67291727848351e-05,CT_defusing_count,False
lag_12__CT_place_TSIDEUPPER,1.671816971793305e-05,1.671816971793305e-05,CT_place_TSIDEUPPER,False
lag_09__CT_place_ADMIN,1.6718106053303927e-05,1.6718106053303927e-05,CT_place_ADMIN,False
lag_02__CT_place_QUAD,1.6711728676455095e-05,1.6711728676455095e-05,CT_place_QUAD,False
lag_05__CT_place_FOUNTAIN,1.6711426724214107e-05,1.6711426724214107e-05,CT_place_FOUNTAIN,False
lag_05__T_place_HUT,1.670012170507107e-05,1.670012170507107e-05,T_place_HUT,False
lag_11__T_place_LOWERPARK,1.6693302313797176e-05,1.6693302313797176e-05,T_place_LOWERPARK,False
lag_15__T_place_TSTAIRS,1.668184995651245e-05,1.668184995651245e-05,T_place_TSTAIRS,False
lag_15__T_place_FOUNTAIN,1.6676263840054162e-05,1.6676263840054162e-05,T_place_FOUNTAIN,False
lag_10__T2__has_helmet,1.6673915524734184e-05,1.6673915524734184e-05,T2__has_helmet,False
lag_09__T_place_SIDEENTRANCE,1.6654010323691182e-05,1.6654010323691182e-05,T_place_SIDEENTRANCE,False
lag_10__T2__is_scoped,1.66412464750465e-05,1.66412464750465e-05,T2__is_scoped,False
lag_03__T_place_STREET,1.6624575437163003e-05,1.6624575437163003e-05,T_place_STREET,False
lag_04__T_place_STREET,1.6604153643129393e-05,1.6604153643129393e-05,T_place_STREET,False
lag_06__CT_place_CONTROL,1.6591677194810472e-05,1.6591677194810472e-05,CT_place_CONTROL,False
lag_11__T_place_SECRET,1.659058398217894e-05,1.659058398217894e-05,T_place_SECRET,False
lag_05__CT_place_SECRET,1.6574123947066255e-05,1.6574123947066255e-05,CT_place_SECRET,False
lag_01__T_place_ROOF,1.654866173339542e-05,1.654866173339542e-05,T_place_ROOF,False
lag_01__CT_place_BACKOFB,1.6527010302525014e-05,1.6527010302525014e-05,CT_place_BACKOFB,False
lag_08__CT_place_LONGDOG,1.6524141756235622e-05,1.6524141756235622e-05,CT_place_LONGDOG,False
lag_13__CT_place_LONGDOG,1.6510610294062644e-05,1.6510610294062644e-05,CT_place_LONGDOG,False
lag_15__T2__is_scoped,1.6508081898791716e-05,1.6508081898791716e-05,T2__is_scoped,False
lag_10__CT_place_VENTS,1.6433878045063466e-05,1.6433878045063466e-05,CT_place_VENTS,False
lag_01__CT_place_HUTROOF,1.640568552829791e-05,1.640568552829791e-05,CT_place_HUTROOF,False
lag_12__CT_place_MAIN,1.6400208551203832e-05,1.6400208551203832e-05,CT_place_MAIN,False
lag_11__T_flashed_players,1.639601578062866e-05,1.639601578062866e-05,T_flashed_players,False
lag_01__T_place_SILO,1.637121386011131e-05,1.637121386011131e-05,T_place_SILO,False
lag_09__T_place_LOWERMID,1.636487832001876e-05,1.636487832001876e-05,T_place_LOWERMID,False
lag_02__T_place_IVY,1.636297929508146e-05,1.636297929508146e-05,T_place_IVY,False
lag_07__CT1__flash,-1.635893204365857e-05,1.635893204365857e-05,CT1__flash,True
lag_09__CT_place_WATER,1.634642649150919e-05,1.634642649150919e-05,CT_place_WATER,False
lag_01__CT_place_GARAGE,1.634626642044168e-05,1.634626642044168e-05,CT_place_GARAGE,False
lag_02__T_place_TROPHY,1.632884595892392e-05,1.632884595892392e-05,T_place_TROPHY,False
lag_01__T_place_CTSPAWN,1.63279109983705e-05,1.63279109983705e-05,T_place_CTSPAWN,False
lag_11__CT_place_LOWERTUNNEL,1.632176645216532e-05,1.632176645216532e-05,CT_place_LOWERTUNNEL,False
lag_11__CT_defusing_count,1.6320482245646417e-05,1.6320482245646417e-05,CT_defusing_count,False
lag_12__CT_place_HELL,1.6315325410687365e-05,1.6315325410687365e-05,CT_place_HELL,False
lag_11__CT_place_QUAD,1.6303460142808035e-05,1.6303460142808035e-05,CT_place_QUAD,False
lag_15__CT_place_VENTS,1.6302377844112925e-05,1.6302377844112925e-05,CT_place_VENTS,False
lag_14__CT_place_CTSPAWN,-1.628433346922975e-05,1.628433346922975e-05,CT_place_CTSPAWN,False
lag_12__CT_kills_last_3s,1.6278512703138404e-05,1.6278512703138404e-05,CT_kills_last_3s,False
lag_08__CT_place_TSIDEUPPER,1.6264359146589413e-05,1.6264359146589413e-05,CT_place_TSIDEUPPER,False
lag_10__CT3__utility_total,-1.626357698114589e-05,1.626357698114589e-05,CT3__utility_total,True
lag_06__CT_place_OUTSIDELONG,1.6259999028989114e-05,1.6259999028989114e-05,CT_place_OUTSIDELONG,False
lag_13__CT_place_TSIDEUPPER,1.625106051506009e-05,1.625106051506009e-05,CT_place_TSIDEUPPER,False
lag_09__T_place_LONGDOG,1.6244346625171602e-05,1.6244346625171602e-05,T_place_LONGDOG,False
lag_12__T_place_LOWERPARK,1.6230518667725846e-05,1.6230518667725846e-05,T_place_LOWERPARK,False
lag_10__CT_place_LONGDOG,1.6159858205355704e-05,1.6159858205355704e-05,CT_place_LONGDOG,False
lag_05__CT_flashes_last_5s,1.6158730431925505e-05,1.6158730431925505e-05,CT_flashes_last_5s,True
lag_02__CT_place_UPPERPARK,1.6135834812303074e-05,1.6135834812303074e-05,CT_place_UPPERPARK,False
lag_05__T_place_MAIN,1.6134943507495336e-05,1.6134943507495336e-05,T_place_MAIN,False
lag_12__T_place_SECRET,1.613067252037581e-05,1.613067252037581e-05,T_place_SECRET,False
lag_07__CT_place_UPPERTUNNEL,1.6119927749969065e-05,1.6119927749969065e-05,CT_place_UPPERTUNNEL,False
lag_07__CT_place_HUT,1.611071638762951e-05,1.611071638762951e-05,CT_place_HUT,False
lag_07__CT_defuser_count,-1.6088579286588356e-05,1.6088579286588356e-05,CT_defuser_count,False
lag_02__T_flashes_last_5s,1.608405182196293e-05,1.608405182196293e-05,T_flashes_last_5s,True
lag_01__CT_place_LIBRARY,1.6038671674323268e-05,1.6038671674323268e-05,CT_place_LIBRARY,False
lag_02__CT_place_LOBBY,1.6037136447266676e-05,1.6037136447266676e-05,CT_place_LOBBY,False
lag_15__CT_place_LONGDOG,1.6030560800572857e-05,1.6030560800572857e-05,CT_place_LONGDOG,False
lag_07__CT_duck_amount_mean,1.5999519746401347e-05,1.5999519746401347e-05,CT_duck_amount_mean,False
lag_09__T_place_VENDING,1.599658207851462e-05,1.599658207851462e-05,T_place_VENDING,False
lag_07__T_place_UPPERPARK,1.596672518644482e-05,1.596672518644482e-05,T_place_UPPERPARK,False
lag_11__T_place_IVY,1.596321635588538e-05,1.596321635588538e-05,T_place_IVY,False
lag_08__CT_place_MAIN,1.5955025446601212e-05,1.5955025446601212e-05,CT_place_MAIN,False
lag_01__T1__flash_duration,1.5951338355080225e-05,1.5951338355080225e-05,T1__flash_duration,True
lag_02__T_place_DUMPSTER,1.594459536136128e-05,1.594459536136128e-05,T_place_DUMPSTER,False
lag_01__T_place_BRIDGE,1.5944151527946815e-05,1.5944151527946815e-05,T_place_BRIDGE,False
lag_13__CT_place_MAIN,1.5941961464704946e-05,1.5941961464704946e-05,CT_place_MAIN,False
lag_11__T_place_TROPHY,1.592992884980049e-05,1.592992884980049e-05,T_place_TROPHY,False
lag_07__CT_place_LADDER,1.5925066691124812e-05,1.5925066691124812e-05,CT_place_LADDER,False
lag_01__T_place_SQUEAKY,1.591793989064172e-05,1.591793989064172e-05,T_place_SQUEAKY,False
lag_10__CT_place_TSIDEUPPER,1.5905790860415436e-05,1.5905790860415436e-05,CT_place_TSIDEUPPER,False
lag_06__CT_place_TMAIN,1.5904364772723056e-05,1.5904364772723056e-05,CT_place_TMAIN,False
lag_02__CT_place_TSPAWN,1.5902736777206883e-05,1.5902736777206883e-05,CT_place_TSPAWN,False
lag_08__CT_place_HELL,1.5872466974542476e-05,1.5872466974542476e-05,CT_place_HELL,False
lag_15__CT_defuser_count,1.5870395145611838e-05,1.5870395145611838e-05,CT_defuser_count,False
lag_12__CT_place_LOWERTUNNEL,1.5869287381065078e-05,1.5869287381065078e-05,CT_place_LOWERTUNNEL,False
lag_12__CT_defusing_count,1.5868045011302456e-05,1.5868045011302456e-05,CT_defusing_count,False
lag_13__CT_place_HELL,1.5859468476264738e-05,1.5859468476264738e-05,CT_place_HELL,False
lag_12__CT_place_QUAD,1.5851488569751382e-05,1.5851488569751382e-05,CT_place_QUAD,False
lag_14__CT_place_UPPERTUNNEL,1.5835335943847895e-05,1.5835335943847895e-05,CT_place_UPPERTUNNEL,False
lag_09__CT_flash_duration_sum,-1.583004450367298e-05,1.583004450367298e-05,CT_flash_duration_sum,True
lag_14__CT_place_HUT,1.582629010954406e-05,1.582629010954406e-05,CT_place_HUT,False
lag_07__T_place_TUNNEL,1.5797026208019815e-05,1.5797026208019815e-05,T_place_TUNNEL,False
lag_08__T_place_LOWERPARK,1.5789946701261215e-05,1.5789946701261215e-05,T_place_LOWERPARK,False
lag_11__CT5__smoke,1.5789208191563375e-05,1.5789208191563375e-05,CT5__smoke,True
lag_05__CT_place_ELECTRICALBOX,1.5779656678205356e-05,1.5779656678205356e-05,CT_place_ELECTRICALBOX,False
lag_15__CT_place_TSIDEUPPER,1.5778532542753965e-05,1.5778532542753965e-05,CT_place_TSIDEUPPER,False
lag_13__T_place_LOWERPARK,1.5777030057506636e-05,1.5777030057506636e-05,T_place_LOWERPARK,False
lag_07__T_place_SIDEHALL,1.5769754099892452e-05,1.5769754099892452e-05,T_place_SIDEHALL,False
lag_07__CT_place_MAINHALL,1.5750740203657188e-05,1.5750740203657188e-05,CT_place_MAINHALL,False
lag_11__CT_place_UPPERPARK,1.5741621609777212e-05,1.5741621609777212e-05,CT_place_UPPERPARK,False
lag_08__utility_damage_diff_last_5s,1.573802910570521e-05,1.573802910570521e-05,utility_damage_diff_last_5s,True
lag_08__T_place_SECRET,1.569279993418604e-05,1.569279993418604e-05,T_place_SECRET,False
lag_11__T_flashes_last_5s,1.5691119187977165e-05,1.5691119187977165e-05,T_flashes_last_5s,True
lag_05__CT3__molly,-1.5686451661167666e-05,1.5686451661167666e-05,CT3__molly,True
lag_14__T_place_UPPERPARK,1.5684845493524335e-05,1.5684845493524335e-05,T_place_UPPERPARK,False
lag_13__T_place_SECRET,1.567996878293343e-05,1.567996878293343e-05,T_place_SECRET,False
lag_01__T_place_MAINHALL,1.5670713764848188e-05,1.5670713764848188e-05,T_place_MAINHALL,False
lag_11__CT_place_LOBBY,1.5645371604477987e-05,1.5645371604477987e-05,CT_place_LOBBY,False
lag_14__CT_place_LADDER,1.564392186992336e-05,1.564392186992336e-05,CT_place_LADDER,False
lag_11__CT1__armor,1.5629226254532114e-05,1.5629226254532114e-05,CT1__armor,False
lag_13__CT5__is_walking,1.5626514141331427e-05,1.5626514141331427e-05,CT5__is_walking,False
lag_05__CT1__armor,1.561323915666435e-05,1.561323915666435e-05,CT1__armor,False
lag_02__T_place_STREET,1.5612566130585037e-05,1.5612566130585037e-05,T_place_STREET,False
lag_10__CT_place_MAIN,1.5603289284626953e-05,1.5603289284626953e-05,CT_place_MAIN,False
lag_15__CT_walking_count,1.560314922244288e-05,1.560314922244288e-05,CT_walking_count,False
lag_07__T_flash_inv,-1.5599905964336358e-05,1.5599905964336358e-05,T_flash_inv,True
lag_03__CT_place_UPPERTUNNEL,1.5580950275762007e-05,1.5580950275762007e-05,CT_place_UPPERTUNNEL,False
lag_12__T_place_UNDERA,-1.5572248230455443e-05,1.5572248230455443e-05,T_place_UNDERA,False
lag_03__CT_place_HUT,1.5572049960610457e-05,1.5572049960610457e-05,CT_place_HUT,False
lag_04__CT_place_UPPERTUNNEL,1.5561805412289687e-05,1.5561805412289687e-05,CT_place_UPPERTUNNEL,False
lag_01__CT_place_ADMIN,1.5561190593871288e-05,1.5561190593871288e-05,CT_place_ADMIN,False
lag_12__T3__flash_duration,1.55606830958277e-05,1.55606830958277e-05,T3__flash_duration,True
lag_11__T_place_DUMPSTER,1.555505696160253e-05,1.555505696160253e-05,T_place_DUMPSTER,False
lag_04__CT_place_HUT,1.555293238197919e-05,1.555293238197919e-05,CT_place_HUT,False
lag_09__CT_place_CANAL,1.554244772705715e-05,1.554244772705715e-05,CT_place_CANAL,False
lag_10__CT_place_HELL,1.5522555258939974e-05,1.5522555258939974e-05,CT_place_HELL,False
lag_12__T_place_IVY,1.5520705346716568e-05,1.5520705346716568e-05,T_place_IVY,False
lag_14__T_place_TUNNEL,1.5518133295699954e-05,1.5518133295699954e-05,T_place_TUNNEL,False
lag_11__CT_place_TSPAWN,1.551423702039756e-05,1.551423702039756e-05,CT_place_TSPAWN,False
lag_01__T_place_SIDEENTRANCE,1.550150591356214e-05,1.550150591356214e-05,T_place_SIDEENTRANCE,False
lag_08__T1__smoke,-1.5501133020734414e-05,1.5501133020734414e-05,T1__smoke,True
lag_00__T2__hp,-1.5499690562137403e-05,1.5499690562137403e-05,T2__hp,False
lag_14__T_place_SIDEHALL,1.549135231471155e-05,1.549135231471155e-05,T_place_SIDEHALL,False
lag_12__T_place_TROPHY,1.5488332792301662e-05,1.5488332792301662e-05,T_place_TROPHY,False
lag_15__CT_place_MAIN,1.547844112792518e-05,1.547844112792518e-05,CT_place_MAIN,False
lag_14__CT_place_MAINHALL,1.547267493151594e-05,1.547267493151594e-05,CT_place_MAINHALL,False
lag_09__T_hp_sum,-1.544854967505671e-05,1.544854967505671e-05,T_hp_sum,False
lag_05__CT5__smoke,1.544253245810978e-05,1.544253245810978e-05,CT5__smoke,True
lag_10__T_place_LOWERPARK,1.5441848518094048e-05,1.5441848518094048e-05,T_place_LOWERPARK,False
lag_08__CT_place_LOWERTUNNEL,1.543853613839019e-05,1.543853613839019e-05,CT_place_LOWERTUNNEL,False
lag_08__CT_defusing_count,1.5437317415489815e-05,1.5437317415489815e-05,CT_defusing_count,False
lag_03__T_place_UPPERPARK,1.5432873624376953e-05,1.5432873624376953e-05,T_place_UPPERPARK,False
lag_13__CT_place_LOWERTUNNEL,1.542590143799316e-05,1.542590143799316e-05,CT_place_LOWERTUNNEL,False
lag_13__CT_defusing_count,1.5424680896103382e-05,1.5424680896103382e-05,CT_defusing_count,False
lag_15__CT_place_LONGA,-1.5421710486407392e-05,1.5421710486407392e-05,CT_place_LONGA,False
lag_08__CT_place_QUAD,1.5421213902300224e-05,1.5421213902300224e-05,CT_place_QUAD,False
lag_04__T_place_UPPERPARK,1.5413919754792005e-05,1.5413919754792005e-05,T_place_UPPERPARK,False
lag_13__CT_place_QUAD,1.540860284876544e-05,1.540860284876544e-05,CT_place_QUAD,False
lag_07__CT1__utility_total,1.5405648809974082e-05,1.5405648809974082e-05,CT1__utility_total,True
lag_15__CT_place_HELL,1.5398349205497652e-05,1.5398349205497652e-05,CT_place_HELL,False
lag_03__CT_place_LADDER,1.539259210403543e-05,1.539259210403543e-05,CT_place_LADDER,False
lag_07__CT_place_FOUNTAIN,1.537405296403449e-05,1.537405296403449e-05,CT_place_FOUNTAIN,False
lag_04__CT_place_LADDER,1.5373707356047817e-05,1.5373707356047817e-05,CT_place_LADDER,False
lag_07__T_place_HUT,1.5363655620603822e-05,1.5363655620603822e-05,T_place_HUT,False
lag_15__T_flashed_players,1.5359313692897558e-05,1.5359313692897558e-05,T_flashed_players,False
lag_10__T_place_SECRET,1.5346855434472673e-05,1.5346855434472673e-05,T_place_SECRET,False
lag_05__CT_place_LOCKERROOM,1.5346562577178702e-05,1.5346562577178702e-05,CT_place_LOCKERROOM,False
lag_14__CT_flash_inv,-1.5326028005802073e-05,1.5326028005802073e-05,CT_flash_inv,True
lag_15__T_place_LOWERPARK,1.5318297300837003e-05,1.5318297300837003e-05,T_place_LOWERPARK,False
lag_12__CT_place_UPPERPARK,1.5305233318940736e-05,1.5305233318940736e-05,CT_place_UPPERPARK,False
lag_03__T_place_TUNNEL,1.5268840797943994e-05,1.5268840797943994e-05,T_place_TUNNEL,False
lag_12__T_flashes_last_5s,1.5256135156960227e-05,1.5256135156960227e-05,T_flashes_last_5s,True
lag_09__T_place_PIT,1.5252724551828578e-05,1.5252724551828578e-05,T_place_PIT,False
lag_04__T_place_TUNNEL,1.525008883618284e-05,1.525008883618284e-05,T_place_TUNNEL,False
lag_07__CT_place_SECRET,1.524773415439995e-05,1.524773415439995e-05,CT_place_SECRET,False
lag_03__T_place_SIDEHALL,1.5242479094013106e-05,1.5242479094013106e-05,T_place_SIDEHALL,False
lag_01__T_place_LOWERMID,1.523239552625455e-05,1.523239552625455e-05,T_place_LOWERMID,False
lag_12__T5__duck_amount,1.5231747056532186e-05,1.5231747056532186e-05,T5__duck_amount,False
lag_11__T_place_STREET,1.5231146790029015e-05,1.5231146790029015e-05,T_place_STREET,False
lag_09__CT_round_start_equip_sum,-1.5226763935061172e-05,1.5226763935061172e-05,CT_round_start_equip_sum,False
lag_03__CT_place_MAINHALL,1.5224108210531995e-05,1.5224108210531995e-05,CT_place_MAINHALL,False
lag_15__T_place_SECRET,1.5224066373775713e-05,1.5224066373775713e-05,T_place_SECRET,False
lag_04__T_place_SIDEHALL,1.5223749869619496e-05,1.5223749869619496e-05,T_place_SIDEHALL,False
lag_09__CT_place_STAIRS,1.522208458482055e-05,1.522208458482055e-05,CT_place_STAIRS,False
lag_05__CT_place_CONTROL,1.5219440683722496e-05,1.5219440683722496e-05,CT_place_CONTROL,False
lag_01__CT_place_WATER,1.5215229723253287e-05,1.5215229723253287e-05,CT_place_WATER,False
lag_12__CT_place_LOBBY,1.5211654499580618e-05,1.5211654499580618e-05,CT_place_LOBBY,False
lag_02__CT_B_site_active_infernos,1.5208754120976664e-05,1.5208754120976664e-05,CT_B_site_active_infernos,True
lag_04__CT_place_MAINHALL,1.5205405361484736e-05,1.5205405361484736e-05,CT_place_MAINHALL,False
lag_03__T_A_site_active_infernos,1.5190518752206117e-05,1.5190518752206117e-05,T_A_site_active_infernos,True
lag_06__utility_damage_diff_last_5s,1.518044518888928e-05,1.518044518888928e-05,utility_damage_diff_last_5s,True
lag_09__T_equip_value_sum,-1.516924112365814e-05,1.516924112365814e-05,T_equip_value_sum,False
lag_15__T_place_OUTSIDETUNNEL,-1.5146861187531613e-05,1.5146861187531613e-05,T_place_OUTSIDETUNNEL,False
lag_12__T_place_DUMPSTER,1.5123844605113845e-05,1.5123844605113845e-05,T_place_DUMPSTER,False
lag_01__T_place_LONGDOG,1.5120218449737877e-05,1.5120218449737877e-05,T_place_LONGDOG,False
lag_14__CT_place_FOUNTAIN,1.510263973614201e-05,1.510263973614201e-05,CT_place_FOUNTAIN,False
lag_08__T_place_IVY,1.5099401025508996e-05,1.5099401025508996e-05,T_place_IVY,False
lag_10__CT_place_LOWERTUNNEL,1.5098183212103322e-05,1.5098183212103322e-05,CT_place_LOWERTUNNEL,False
lag_10__CT_defusing_count,1.5096992683538701e-05,1.5096992683538701e-05,CT_defusing_count,False
lag_14__T_place_HUT,1.5092419744178187e-05,1.5092419744178187e-05,T_place_HUT,False
lag_15__closest_enemy_dist_diff,1.5090816305018961e-05,1.5090816305018961e-05,closest_enemy_dist_diff,False
lag_13__T_place_IVY,1.5087044630490709e-05,1.5087044630490709e-05,T_place_IVY,False
lag_12__CT_place_TSPAWN,1.5084148799360264e-05,1.5084148799360264e-05,CT_place_TSPAWN,False
lag_10__CT_place_QUAD,1.5081246601766907e-05,1.5081246601766907e-05,CT_place_QUAD,False
lag_08__T_place_TROPHY,1.5067898857523687e-05,1.5067898857523687e-05,T_place_TROPHY,False
lag_13__T_place_TROPHY,1.505556792835705e-05,1.505556792835705e-05,T_place_TROPHY,False
lag_09__T_place_WATER,1.5001172869233415e-05,1.5001172869233415e-05,T_place_WATER,False
lag_13__T4__smoke,1.4984371773607563e-05,1.4984371773607563e-05,T4__smoke,True
lag_14__CT_place_SECRET,1.4978549188526813e-05,1.4978549188526813e-05,CT_place_SECRET,False
lag_15__CT_place_LOWERTUNNEL,1.4977372302382719e-05,1.4977372302382719e-05,CT_place_LOWERTUNNEL,False
lag_15__CT_defusing_count,1.4976199963712133e-05,1.4976199963712133e-05,CT_defusing_count,False
lag_06__T_place_CONTROL,1.4970797565183602e-05,1.4970797565183602e-05,T_place_CONTROL,False
lag_15__T1__X,-1.4963724424887914e-05,1.4963724424887914e-05,T1__X,False
lag_15__CT_place_QUAD,1.4960586668166798e-05,1.4960586668166798e-05,CT_place_QUAD,False
lag_05__CT_place_OUTSIDELONG,1.491518287366489e-05,1.491518287366489e-05,CT_place_OUTSIDELONG,False
lag_09__T_place_TSTAIRS,1.4893582374497782e-05,1.4893582374497782e-05,T_place_TSTAIRS,False
lag_08__CT_place_UPPERPARK,1.4889776139170863e-05,1.4889776139170863e-05,CT_place_UPPERPARK,False
lag_01__T_place_VENDING,1.4889594240230508e-05,1.4889594240230508e-05,T_place_VENDING,False
lag_09__T_place_FOUNTAIN,1.4888596524542663e-05,1.4888596524542663e-05,T_place_FOUNTAIN,False
lag_13__CT_place_UPPERPARK,1.4877593457640614e-05,1.4877593457640614e-05,CT_place_UPPERPARK,False
lag_07__CT_flashes_last_5s,1.4865591765556019e-05,1.4865591765556019e-05,CT_flashes_last_5s,True
lag_03__CT_place_FOUNTAIN,1.4860018382023554e-05,1.4860018382023554e-05,CT_place_FOUNTAIN,False
lag_03__T_place_HUT,1.4849960280116647e-05,1.4849960280116647e-05,T_place_HUT,False
lag_07__T_place_MAIN,1.4843711142020766e-05,1.4843711142020766e-05,T_place_MAIN,False
lag_08__T_flashes_last_5s,1.4842004020465538e-05,1.4842004020465538e-05,T_flashes_last_5s,True
lag_04__CT_place_FOUNTAIN,1.4841761185380165e-05,1.4841761185380165e-05,CT_place_FOUNTAIN,False
lag_04__T_place_HUT,1.4831723092356697e-05,1.4831723092356697e-05,T_place_HUT,False
lag_06__T_he_last_5s,1.4831194675934967e-05,1.4831194675934967e-05,T_he_last_5s,True
lag_13__T_flashes_last_5s,1.4829864994680975e-05,1.4829864994680975e-05,T_flashes_last_5s,True
lag_12__T_place_STREET,1.4808912965236232e-05,1.4808912965236232e-05,T_place_STREET,False
lag_07__T_active_smokes,-1.4801101315242704e-05,1.4801101315242704e-05,T_active_smokes,True
lag_08__CT_place_LOBBY,1.47987393575022e-05,1.47987393575022e-05,CT_place_LOBBY,False
lag_13__CT_place_LOBBY,1.4786628526053391e-05,1.4786628526053391e-05,CT_place_LOBBY,False
lag_10__T_place_IVY,1.4766526874154806e-05,1.4766526874154806e-05,T_place_IVY,False
lag_09__T2__is_scoped,1.473845259170048e-05,1.473845259170048e-05,T2__is_scoped,False
lag_03__CT_place_SECRET,1.4737925994268153e-05,1.4737925994268153e-05,CT_place_SECRET,False
lag_10__T_place_TROPHY,1.4735731383552775e-05,1.4735731383552775e-05,T_place_TROPHY,False
lag_04__CT_place_SECRET,1.471982614020817e-05,1.471982614020817e-05,CT_place_SECRET,False
lag_08__T_place_DUMPSTER,1.471331597713288e-05,1.471331597713288e-05,T_place_DUMPSTER,False
lag_13__T_place_DUMPSTER,1.4701273357786704e-05,1.4701273357786704e-05,T_place_DUMPSTER,False
lag_08__CT_place_TSPAWN,1.4674704289063811e-05,1.4674704289063811e-05,CT_place_TSPAWN,False
lag_13__CT_place_TSPAWN,1.4662691683042794e-05,1.4662691683042794e-05,CT_place_TSPAWN,False
lag_13__flash_inv_diff,-1.465408149670111e-05,1.465408149670111e-05,flash_inv_diff,True
lag_13__CT_utility_damage_last_5s,1.465113200538326e-05,1.465113200538326e-05,CT_utility_damage_last_5s,True
lag_15__T_place_IVY,1.464838715037331e-05,1.464838715037331e-05,T_place_IVY,False
lag_02__CT_place_UPPERTUNNEL,1.4632457350671757e-05,1.4632457350671757e-05,CT_place_UPPERTUNNEL,False
lag_02__CT_place_HUT,1.4624105460825376e-05,1.4624105460825376e-05,CT_place_HUT,False
lag_15__T_place_TROPHY,1.4617819942941424e-05,1.4617819942941424e-05,T_place_TROPHY,False
lag_14__CT_flashes_last_5s,1.4603152521885931e-05,1.4603152521885931e-05,CT_flashes_last_5s,True
lag_05__CT_place_TMAIN,1.4588968042517081e-05,1.4588968042517081e-05,CT_place_TMAIN,False
lag_14__T_place_MAIN,1.458165206713602e-05,1.458165206713602e-05,T_place_MAIN,False
lag_10__CT_place_UPPERPARK,1.4561526768375188e-05,1.4561526768375188e-05,CT_place_UPPERPARK,False
lag_09__CT_place_VENTS,1.4554789231624454e-05,1.4554789231624454e-05,CT_place_VENTS,False
lag_04__CT_place_SHORTSTAIRS,1.4519802789436653e-05,1.4519802789436653e-05,CT_place_SHORTSTAIRS,False
lag_07__CT_place_ELECTRICALBOX,1.4516859664581716e-05,1.4516859664581716e-05,CT_place_ELECTRICALBOX,False
lag_10__T_flashes_last_5s,1.4514811482513323e-05,1.4514811482513323e-05,T_flashes_last_5s,True
lag_02__T_place_UPPERPARK,1.4493408343696501e-05,1.4493408343696501e-05,T_place_UPPERPARK,False
lag_06__CT_place_BRIDGE,1.4486289728665724e-05,1.4486289728665724e-05,CT_place_BRIDGE,False
lag_10__CT_place_LOBBY,1.4472495422523934e-05,1.4472495422523934e-05,CT_place_LOBBY,False
lag_01__CT_place_CANAL,1.4466895663645118e-05,1.4466895663645118e-05,CT_place_CANAL,False
lag_02__CT_place_LADDER,1.4455591553996783e-05,1.4455591553996783e-05,CT_place_LADDER,False
lag_12__T3__is_walking,-1.4447036846831907e-05,1.4447036846831907e-05,T3__is_walking,False
lag_15__CT_place_UPPERPARK,1.4445024135056883e-05,1.4445024135056883e-05,CT_place_UPPERPARK,False
lag_08__T_place_STREET,1.4406929039978422e-05,1.4406929039978422e-05,T_place_STREET,False
lag_06__CT_place_BACKOFA,1.4398728126252536e-05,1.4398728126252536e-05,CT_place_BACKOFA,False
lag_15__T_flashes_last_5s,1.4398676285054535e-05,1.4398676285054535e-05,T_flashes_last_5s,True
lag_13__T_place_STREET,1.439514471712755e-05,1.439514471712755e-05,T_place_STREET,False
lag_10__T_place_DUMPSTER,1.4388956515176687e-05,1.4388956515176687e-05,T_place_DUMPSTER,False
lag_09__T4__utility_total,1.4380610991793219e-05,1.4380610991793219e-05,T4__utility_total,True
lag_03__CT_flashes_last_5s,1.4368546544574201e-05,1.4368546544574201e-05,CT_flashes_last_5s,True
lag_05__CT_flash_inv,1.4365867173182778e-05,1.4365867173182778e-05,CT_flash_inv,True
lag_00__utility_damage_diff_last_5s,-1.4365270544658415e-05,1.4365270544658415e-05,utility_damage_diff_last_5s,True
lag_15__CT_place_LOBBY,1.4356692190631293e-05,1.4356692190631293e-05,CT_place_LOBBY,False
lag_11__CT_duck_amount_mean,1.4355687198985834e-05,1.4355687198985834e-05,CT_duck_amount_mean,False
lag_10__CT_place_TSPAWN,1.4351198842632584e-05,1.4351198842632584e-05,CT_place_TSPAWN,False
lag_04__CT_flashes_last_5s,1.4350901437865105e-05,1.4350901437865105e-05,CT_flashes_last_5s,True
lag_03__T_place_MAIN,1.4347406249726191e-05,1.4347406249726191e-05,T_place_MAIN,False
lag_02__T_place_TUNNEL,1.4339358131110203e-05,1.4339358131110203e-05,T_place_TUNNEL,False
lag_04__T_place_MAIN,1.432977933291113e-05,1.432977933291113e-05,T_place_MAIN,False
lag_15__T1__flash_duration,1.4326647942652926e-05,1.4326647942652926e-05,T1__flash_duration,True
lag_02__T_place_SIDEHALL,1.4314595318865031e-05,1.4314595318865031e-05,T_place_SIDEHALL,False
lag_09__CT_place_LONGDOG,1.4312106031866278e-05,1.4312106031866278e-05,CT_place_LONGDOG,False
lag_06__CT_place_SQUEAKY,1.4298504538601264e-05,1.4298504538601264e-05,CT_place_SQUEAKY,False
lag_02__CT_place_MAINHALL,1.4297345842351206e-05,1.4297345842351206e-05,CT_place_MAINHALL,False
lag_11__CT_place_UPPERTUNNEL,1.4275001376518048e-05,1.4275001376518048e-05,CT_place_UPPERTUNNEL,False
lag_06__T_place_BALCONY,1.4274694876803551e-05,1.4274694876803551e-05,T_place_BALCONY,False
lag_15__T_place_DUMPSTER,1.4273823580879252e-05,1.4273823580879252e-05,T_place_DUMPSTER,False
lag_11__CT_place_HUT,1.4266837752074935e-05,1.4266837752074935e-05,CT_place_HUT,False
lag_14__CT_place_ELECTRICALBOX,1.4260570424085017e-05,1.4260570424085017e-05,CT_place_ELECTRICALBOX,False
lag_10__T4__flash_duration,1.4241109965951182e-05,1.4241109965951182e-05,T4__flash_duration,True
lag_15__CT_place_TSPAWN,1.4236363313102629e-05,1.4236363313102629e-05,CT_place_TSPAWN,False
lag_01__T_place_PIT,1.4197218661138322e-05,1.4197218661138322e-05,T_place_PIT,False
lag_01__CT_place_STAIRS,1.4168706002237741e-05,1.4168706002237741e-05,CT_place_STAIRS,False
lag_11__T_place_UPPERPARK,1.4139330232865177e-05,1.4139330232865177e-05,T_place_UPPERPARK,False
lag_06__T_place_VENTS,1.4134342563920654e-05,1.4134342563920654e-05,T_place_VENTS,False
lag_07__CT_place_LOCKERROOM,1.4118440049060155e-05,1.4118440049060155e-05,CT_place_LOCKERROOM,False
lag_13__T2__has_helmet,1.4104112779023126e-05,1.4104112779023126e-05,T2__has_helmet,False
lag_11__CT_place_LADDER,1.410244294675067e-05,1.410244294675067e-05,CT_place_LADDER,False
lag_10__T_place_STREET,1.4089312571741175e-05,1.4089312571741175e-05,T_place_STREET,False
lag_09__CT_place_TSIDEUPPER,1.4087115232541692e-05,1.4087115232541692e-05,CT_place_TSIDEUPPER,False
lag_08__CT_place_HOLE,1.4056925465411041e-05,1.4056925465411041e-05,CT_place_HOLE,False
lag_03__CT_place_ELECTRICALBOX,1.4031483260623645e-05,1.4031483260623645e-05,CT_place_ELECTRICALBOX,False
lag_06__CT_place_TRAMP,1.4017953617440071e-05,1.4017953617440071e-05,CT_place_TRAMP,False
lag_04__CT_place_ELECTRICALBOX,1.4014238331583329e-05,1.4014238331583329e-05,CT_place_ELECTRICALBOX,False
lag_07__CT_place_CONTROL,1.400146538799163e-05,1.400146538799163e-05,CT_place_CONTROL,False
lag_09__CT_macro_B,1.3999584552948363e-05,1.3999584552948363e-05,CT_macro_B,False
lag_09__CT_place_BOMBSITEB,1.3999584552948363e-05,1.3999584552948363e-05,CT_place_BOMBSITEB,False
lag_11__T_place_TUNNEL,1.3989039871376008e-05,1.3989039871376008e-05,T_place_TUNNEL,False
lag_15__T_place_STREET,1.3976588888908736e-05,1.3976588888908736e-05,T_place_STREET,False
lag_11__T_place_SIDEHALL,1.3964891877549235e-05,1.3964891877549235e-05,T_place_SIDEHALL,False
lag_01__T_place_WATER,1.3963067431177478e-05,1.3963067431177478e-05,T_place_WATER,False
lag_02__CT_place_FOUNTAIN,1.395541949023027e-05,1.395541949023027e-05,CT_place_FOUNTAIN,False
lag_11__CT_place_MAINHALL,1.3948062587587629e-05,1.3948062587587629e-05,CT_place_MAINHALL,False
lag_02__T_place_HUT,1.3945977116236463e-05,1.3945977116236463e-05,T_place_HUT,False
lag_04__CT1__armor,1.3939215932623483e-05,1.3939215932623483e-05,CT1__armor,False
lag_06__T_place_JUNGLE,1.3883325664210133e-05,1.3883325664210133e-05,T_place_JUNGLE,False
lag_12__CT_place_UPPERTUNNEL,1.3879263860872015e-05,1.3879263860872015e-05,CT_place_UPPERTUNNEL,False
lag_12__CT_place_HUT,1.387133579555666e-05,1.387133579555666e-05,CT_place_HUT,False
lag_14__CT_place_LOCKERROOM,1.3869177564629354e-05,1.3869177564629354e-05,CT_place_LOCKERROOM,False
lag_01__T_place_TSTAIRS,1.3862928426533472e-05,1.3862928426533472e-05,T_place_TSTAIRS,False
lag_01__T_place_FOUNTAIN,1.385829000355443e-05,1.385829000355443e-05,T_place_FOUNTAIN,False
lag_13__CT_flash_inv,1.3847341506334487e-05,1.3847341506334487e-05,CT_flash_inv,True
lag_02__CT_place_SECRET,1.384076131216716e-05,1.384076131216716e-05,CT_place_SECRET,False
lag_09__CT_place_MAIN,1.3819186278851703e-05,1.3819186278851703e-05,CT_place_MAIN,False
lag_12__CT1__flash,1.3795773156743962e-05,1.3795773156743962e-05,CT1__flash,True
lag_14__CT_place_CONTROL,1.375427655148087e-05,1.375427655148087e-05,CT_place_CONTROL,False
lag_09__CT_place_HELL,1.3747672710451297e-05,1.3747672710451297e-05,CT_place_HELL,False
lag_12__T_place_UPPERPARK,1.3747352568316273e-05,1.3747352568316273e-05,T_place_UPPERPARK,False
lag_05__T_place_CONTROL,1.3732603292737622e-05,1.3732603292737622e-05,T_place_CONTROL,False
lag_07__CT_place_OUTSIDELONG,1.3721566574531607e-05,1.3721566574531607e-05,CT_place_OUTSIDELONG,False
lag_01__T2__is_scoped,1.3718537957174703e-05,1.3718537957174703e-05,T2__is_scoped,False
lag_12__CT_place_LADDER,1.3711488463741262e-05,1.3711488463741262e-05,CT_place_LADDER,False
lag_06__T_place_HEAVEN,1.370412610413041e-05,1.370412610413041e-05,T_place_HEAVEN,False
lag_09__T_place_LOWERPARK,1.3676208254764788e-05,1.3676208254764788e-05,T_place_LOWERPARK,False
lag_06__T_place_ARCH,1.3666045560967177e-05,1.3666045560967177e-05,T_place_ARCH,False
lag_03__CT_place_LOCKERROOM,1.3646365005115513e-05,1.3646365005115513e-05,CT_place_LOCKERROOM,False
lag_06__T_place_GARAGE,1.3635894902108703e-05,1.3635894902108703e-05,T_place_GARAGE,False
lag_04__CT_place_LOCKERROOM,1.3629611203214154e-05,1.3629611203214154e-05,CT_place_LOCKERROOM,False
lag_11__CT_place_FOUNTAIN,1.3614483577839565e-05,1.3614483577839565e-05,CT_place_FOUNTAIN,False
lag_11__T_place_HUT,1.3605266758531798e-05,1.3605266758531798e-05,T_place_HUT,False
lag_05__T_he_last_5s,1.3604552805190906e-05,1.3604552805190906e-05,T_he_last_5s,True
lag_12__T_place_TUNNEL,1.3601243153971154e-05,1.3601243153971154e-05,T_place_TUNNEL,False
lag_09__T_place_SECRET,1.3592076356871985e-05,1.3592076356871985e-05,T_place_SECRET,False
lag_12__T_place_SIDEHALL,1.3577762729255483e-05,1.3577762729255483e-05,T_place_SIDEHALL,False
lag_08__CT_active_smokes,-1.3575476259575225e-05,1.3575476259575225e-05,CT_active_smokes,True
lag_12__CT_place_MAINHALL,1.3561392734118272e-05,1.3561392734118272e-05,CT_place_MAINHALL,False
lag_01__CT_place_VENTS,1.3547576600103639e-05,1.3547576600103639e-05,CT_place_VENTS,False
lag_03__CT_place_CONTROL,1.3533324818126857e-05,1.3533324818126857e-05,CT_place_CONTROL,False
lag_00__CT_velocity_mean,-1.3526735529012512e-05,1.3526735529012512e-05,CT_velocity_mean,False
lag_04__CT_place_CONTROL,1.3516697435989045e-05,1.3516697435989045e-05,CT_place_CONTROL,False
lag_11__CT_place_SECRET,1.3502620276995003e-05,1.3502620276995003e-05,CT_place_SECRET,False
lag_08__CT_place_UPPERTUNNEL,1.3502525689546019e-05,1.3502525689546019e-05,CT_place_UPPERTUNNEL,False
lag_08__CT_place_HUT,1.3494797713065054e-05,1.3494797713065054e-05,CT_place_HUT,False
lag_02__CT_flashes_last_5s,1.3493866390490439e-05,1.3493866390490439e-05,CT_flashes_last_5s,True
lag_13__CT_place_UPPERTUNNEL,1.349147169094067e-05,1.349147169094067e-05,CT_place_UPPERTUNNEL,False
lag_13__CT_place_HUT,1.3483761904353742e-05,1.3483761904353742e-05,CT_place_HUT,False
lag_14__CT_place_OUTSIDELONG,1.3479321751219686e-05,1.3479321751219686e-05,CT_place_OUTSIDELONG,False
lag_02__T_place_MAIN,1.347400939266663e-05,1.347400939266663e-05,T_place_MAIN,False
lag_07__CT_place_TMAIN,1.3421459698292892e-05,1.3421459698292892e-05,CT_place_TMAIN,False
lag_12__CT_defuser_count,-1.3389869309321512e-05,1.3389869309321512e-05,CT_defuser_count,False
lag_03__T4__flash_duration,-1.3386535101744812e-05,1.3386535101744812e-05,T4__flash_duration,True
lag_08__T_place_UPPERPARK,1.3374186892178841e-05,1.3374186892178841e-05,T_place_UPPERPARK,False
lag_09__CT_place_LOWERTUNNEL,1.3371829481911846e-05,1.3371829481911846e-05,CT_place_LOWERTUNNEL,False
lag_09__CT_defusing_count,1.3370776287047192e-05,1.3370776287047192e-05,CT_defusing_count,False
lag_13__T_place_UPPERPARK,1.336324930889532e-05,1.336324930889532e-05,T_place_UPPERPARK,False
lag_09__CT_place_QUAD,1.3356831004784908e-05,1.3356831004784908e-05,CT_place_QUAD,False
lag_08__CT_place_LADDER,1.3339300494408235e-05,1.3339300494408235e-05,CT_place_LADDER,False
lag_13__CT_place_LADDER,1.3328382920008153e-05,1.3328382920008153e-05,CT_place_LADDER,False
lag_06__CT_place_TSIDELOWER,1.3322427548700944e-05,1.3322427548700944e-05,CT_place_TSIDELOWER,False
lag_01__CT_place_LONGDOG,1.3321693586476613e-05,1.3321693586476613e-05,CT_place_LONGDOG,False
lag_06__CT_place_CONSTRUCTION,1.32943960124976e-05,1.32943960124976e-05,CT_place_CONSTRUCTION,False
lag_05__CT_place_BRIDGE,1.328817324974807e-05,1.328817324974807e-05,CT_place_BRIDGE,False
lag_01__T_molly_inv,1.3274318007461261e-05,1.3274318007461261e-05,T_molly_inv,True
lag_03__CT_place_OUTSIDELONG,1.3262774700706359e-05,1.3262774700706359e-05,CT_place_OUTSIDELONG,False
lag_04__CT_place_OUTSIDELONG,1.3246485650597606e-05,1.3246485650597606e-05,CT_place_OUTSIDELONG,False
lag_12__CT_place_FOUNTAIN,1.3237076018413063e-05,1.3237076018413063e-05,CT_place_FOUNTAIN,False
lag_06__CT_place_IVY,1.32354534798651e-05,1.32354534798651e-05,CT_place_IVY,False
lag_08__T_place_TUNNEL,1.3232040146249346e-05,1.3232040146249346e-05,T_place_TUNNEL,False
lag_12__T_place_HUT,1.3228102943685371e-05,1.3228102943685371e-05,T_place_HUT,False
lag_13__T_place_TUNNEL,1.3221215340308845e-05,1.3221215340308845e-05,T_place_TUNNEL,False
lag_08__T_place_SIDEHALL,1.3209195458330214e-05,1.3209195458330214e-05,T_place_SIDEHALL,False
lag_05__CT_place_BACKOFA,1.3207848496676888e-05,1.3207848496676888e-05,CT_place_BACKOFA,False
lag_10__CT_place_UPPERTUNNEL,1.3204848983150441e-05,1.3204848983150441e-05,CT_place_UPPERTUNNEL,False
lag_13__T_place_SIDEHALL,1.3198392480262555e-05,1.3198392480262555e-05,T_place_SIDEHALL,False
lag_10__CT_place_HUT,1.3197304724599235e-05,1.3197304724599235e-05,CT_place_HUT,False
lag_08__CT_place_MAINHALL,1.3193282029533293e-05,1.3193282029533293e-05,CT_place_MAINHALL,False
lag_14__CT_place_TMAIN,1.3184509953134693e-05,1.3184509953134693e-05,CT_place_TMAIN,False
lag_13__CT_place_MAINHALL,1.3182478141970932e-05,1.3182478141970932e-05,CT_place_MAINHALL,False
lag_02__CT_place_ELECTRICALBOX,1.3177320397517178e-05,1.3177320397517178e-05,CT_place_ELECTRICALBOX,False
lag_11__CT_flashes_last_5s,1.3164218216843437e-05,1.3164218216843437e-05,CT_flashes_last_5s,True
lag_11__T_place_MAIN,1.3144831427780446e-05,1.3144831427780446e-05,T_place_MAIN,False
lag_12__CT_place_SECRET,1.3128312275512144e-05,1.3128312275512144e-05,CT_place_SECRET,False
lag_05__CT_place_SQUEAKY,1.3115917681716383e-05,1.3115917681716383e-05,CT_place_SQUEAKY,False
lag_01__CT_place_TSIDEUPPER,1.3112257875036448e-05,1.3112257875036448e-05,CT_place_TSIDEUPPER,False
lag_15__CT_place_UPPERTUNNEL,1.3099190255161375e-05,1.3099190255161375e-05,CT_place_UPPERTUNNEL,False
lag_05__T_place_BALCONY,1.3094069799990393e-05,1.3094069799990393e-05,T_place_BALCONY,False
lag_15__CT_place_HUT,1.3091707842249889e-05,1.3091707842249889e-05,CT_place_HUT,False
lag_10__T_place_UPPERPARK,1.30793505377369e-05,1.30793505377369e-05,T_place_UPPERPARK,False
lag_09__T_place_IVY,1.3078099982521962e-05,1.3078099982521962e-05,T_place_IVY,False
lag_10__T_closest_enemy_dist,-1.3065630810160656e-05,1.3065630810160656e-05,T_closest_enemy_dist,False
lag_09__T_place_TROPHY,1.3050822417426389e-05,1.3050822417426389e-05,T_place_TROPHY,False
lag_08__CT_flash_duration_sum,1.3048261280346196e-05,1.3048261280346196e-05,CT_flash_duration_sum,True
lag_10__CT_place_LADDER,1.3045232662989292e-05,1.3045232662989292e-05,CT_place_LADDER,False
lag_11__CT_shots_fired_sum,-1.3034641597187147e-05,1.3034641597187147e-05,CT_shots_fired_sum,False
lag_03__T1__armor,-1.3019784091738984e-05,1.3019784091738984e-05,T1__armor,False
lag_07__T_alive,-1.3003301319258753e-05,1.3003301319258753e-05,T_alive,False
lag_15__T3__X,-1.298497045354452e-05,1.298497045354452e-05,T3__X,False
lag_15__T_place_UPPERPARK,1.297469498240389e-05,1.297469498240389e-05,T_place_UPPERPARK,False
lag_03__CT_place_TMAIN,1.2972706826985814e-05,1.2972706826985814e-05,CT_place_TMAIN,False
lag_05__T_place_VENTS,1.2965319911018014e-05,1.2965319911018014e-05,T_place_VENTS,False
lag_09__T_place_EXTENDEDA,-1.2961616448592395e-05,1.2961616448592395e-05,T_place_EXTENDEDA,False
lag_04__CT_place_TMAIN,1.2956778846273664e-05,1.2956778846273664e-05,CT_place_TMAIN,False
lag_15__CT_place_LADDER,1.2940851775056217e-05,1.2940851775056217e-05,CT_place_LADDER,False
lag_10__T_place_TUNNEL,1.2940338820044417e-05,1.2940338820044417e-05,T_place_TUNNEL,False
lag_10__T_place_SIDEHALL,1.291798980673775e-05,1.291798980673775e-05,T_place_SIDEHALL,False
lag_10__CT_place_MAINHALL,1.2902421076432802e-05,1.2902421076432802e-05,CT_place_MAINHALL,False
lag_09__CT_place_UPPERPARK,1.2896537555207033e-05,1.2896537555207033e-05,CT_place_UPPERPARK,False
lag_08__CT_place_FOUNTAIN,1.2877749213657808e-05,1.2877749213657808e-05,CT_place_FOUNTAIN,False
lag_08__T_place_HUT,1.2869044439867139e-05,1.2869044439867139e-05,T_place_HUT,False
lag_13__CT_place_FOUNTAIN,1.2867211808043066e-05,1.2867211808043066e-05,CT_place_FOUNTAIN,False
lag_01__CT_place_MAIN,1.2862874427810311e-05,1.2862874427810311e-05,CT_place_MAIN,False
lag_05__CT_place_TRAMP,1.2858567060902715e-05,1.2858567060902715e-05,CT_place_TRAMP,False
lag_13__T_place_HUT,1.2858512491220608e-05,1.2858512491220608e-05,T_place_HUT,False
lag_11__CT_place_ELECTRICALBOX,1.2855392014898825e-05,1.2855392014898825e-05,CT_place_ELECTRICALBOX,False
lag_09__T_flashes_last_5s,1.2855167369707488e-05,1.2855167369707488e-05,T_flashes_last_5s,True
lag_15__T_place_TUNNEL,1.2836797395721078e-05,1.2836797395721078e-05,T_place_TUNNEL,False
lag_09__CT_place_LOBBY,1.2817688002542127e-05,1.2817688002542127e-05,CT_place_LOBBY,False
lag_02__CT_place_LOCKERROOM,1.2815657100873068e-05,1.2815657100873068e-05,CT_place_LOCKERROOM,False
lag_15__T_place_SIDEHALL,1.281463210034417e-05,1.281463210034417e-05,T_place_SIDEHALL,False
lag_12__CT_flashes_last_5s,1.2799279829778243e-05,1.2799279829778243e-05,CT_flashes_last_5s,True
lag_15__CT_place_MAINHALL,1.2799187970813364e-05,1.2799187970813364e-05,CT_place_MAINHALL,False
lag_01__CT_place_HELL,1.2796317605534568e-05,1.2796317605534568e-05,CT_place_HELL,False
lag_12__T_place_MAIN,1.2780446013493929e-05,1.2780446013493929e-05,T_place_MAIN,False
lag_08__CT_place_SECRET,1.2771940419042949e-05,1.2771940419042949e-05,CT_place_SECRET,False
lag_06__CT_place_TUNNELSTAIRS,1.2770038665621541e-05,1.2770038665621541e-05,CT_place_TUNNELSTAIRS,False
lag_06__T_place_PIPE,1.2768092346959747e-05,1.2768092346959747e-05,T_place_PIPE,False
lag_13__CT_place_SECRET,1.2761504876834806e-05,1.2761504876834806e-05,CT_place_SECRET,False
lag_09__T_place_DUMPSTER,1.2743697880068794e-05,1.2743697880068794e-05,T_place_DUMPSTER,False
lag_05__T_place_JUNGLE,1.2735064046864863e-05,1.2735064046864863e-05,T_place_JUNGLE,False
lag_01__T_place_LOWERPARK,1.2729788068099879e-05,1.2729788068099879e-05,T_place_LOWERPARK,False
lag_04__T5__smoke,-1.2726778550131712e-05,1.2726778550131712e-05,T5__smoke,True
lag_06__T_place_CONSTRUCTION,1.2720690392598044e-05,1.2720690392598044e-05,T_place_CONSTRUCTION,False
lag_09__CT_place_TSPAWN,1.2710257578874007e-05,1.2710257578874007e-05,CT_place_TSPAWN,False
lag_02__CT_place_CONTROL,1.2709481779893395e-05,1.2709481779893395e-05,CT_place_CONTROL,False
lag_04__T1__utility_total,1.2700270417553838e-05,1.2700270417553838e-05,T1__utility_total,True
lag_06__T_place_PLAYGROUND,1.2687954949797131e-05,1.2687954949797131e-05,T_place_PLAYGROUND,False
lag_04__CT3__smoke,1.2658352716243826e-05,1.2658352716243826e-05,CT3__smoke,True
lag_06__CT_place_DECON,1.2652059012907557e-05,1.2652059012907557e-05,CT_place_DECON,False
lag_01__T_place_SECRET,1.2651488759729546e-05,1.2651488759729546e-05,T_place_SECRET,False
lag_07__T_place_CONTROL,1.2633630831260234e-05,1.2633630831260234e-05,T_place_CONTROL,False
lag_14__T2__has_helmet,1.2610582416527905e-05,1.2610582416527905e-05,T2__has_helmet,False
lag_12__closest_enemy_dist_diff,-1.2609998520929366e-05,1.2609998520929366e-05,closest_enemy_dist_diff,False
lag_06__CT_place_ENTRANCE,1.2607741155079566e-05,1.2607741155079566e-05,CT_place_ENTRANCE,False
lag_09__CT_velocity_mean,1.2607261851371732e-05,1.2607261851371732e-05,CT_velocity_mean,False
lag_01__T1__has_helmet,-1.2604756193468347e-05,1.2604756193468347e-05,T1__has_helmet,False
lag_10__CT_place_FOUNTAIN,1.2593849533004686e-05,1.2593849533004686e-05,CT_place_FOUNTAIN,False
lag_06__CT_defuser_count,-1.2588620847964194e-05,1.2588620847964194e-05,CT_defuser_count,False
lag_10__T_place_HUT,1.2585322110680863e-05,1.2585322110680863e-05,T_place_HUT,False
lag_05__T_place_HEAVEN,1.257070562132867e-05,1.257070562132867e-05,T_place_HEAVEN,False
lag_05__T_place_ARCH,1.253577102033887e-05,1.253577102033887e-05,T_place_ARCH,False
lag_14__CT5__utility_total,1.2526189493655693e-05,1.2526189493655693e-05,CT5__utility_total,True
lag_07__T_he_last_5s,1.2515819435066078e-05,1.2515819435066078e-05,T_he_last_5s,True
lag_05__T_place_GARAGE,1.250811510544736e-05,1.250811510544736e-05,T_place_GARAGE,False
lag_11__CT_place_LOCKERROOM,1.2502567187766545e-05,1.2502567187766545e-05,CT_place_LOCKERROOM,False
lag_05__CT1__smoke,1.2499522199505009e-05,1.2499522199505009e-05,CT1__smoke,True
lag_12__CT_place_ELECTRICALBOX,1.2499015610956121e-05,1.2499015610956121e-05,CT_place_ELECTRICALBOX,False
lag_15__CT_place_FOUNTAIN,1.2493095709942281e-05,1.2493095709942281e-05,CT_place_FOUNTAIN,False
lag_10__CT_place_SECRET,1.2490382687246893e-05,1.2490382687246893e-05,CT_place_SECRET,False
lag_15__T_place_HUT,1.2484632861742284e-05,1.2484632861742284e-05,T_place_HUT,False
lag_09__T_place_STREET,1.2478322787501384e-05,1.2478322787501384e-05,T_place_STREET,False
lag_06__CT_place_TROPHY,1.2475916264520492e-05,1.2475916264520492e-05,CT_place_TROPHY,False
lag_02__CT_place_OUTSIDELONG,1.2455412615963724e-05,1.2455412615963724e-05,CT_place_OUTSIDELONG,False
lag_08__CT_flashes_last_5s,1.2451848306227475e-05,1.2451848306227475e-05,CT_flashes_last_5s,True
lag_10__T3__shots_fired,1.2450457688828465e-05,1.2450457688828465e-05,T3__shots_fired,False
lag_01__CT_place_LOWERTUNNEL,1.244648501597112e-05,1.244648501597112e-05,CT_place_LOWERTUNNEL,False
lag_01__CT_defusing_count,1.2445501852198504e-05,1.2445501852198504e-05,CT_defusing_count,False
lag_13__CT_flashes_last_5s,1.2441658327588812e-05,1.2441658327588812e-05,CT_flashes_last_5s,True
lag_08__T_place_MAIN,1.243352653546026e-05,1.243352653546026e-05,T_place_MAIN,False
lag_01__CT_place_QUAD,1.2432516996341292e-05,1.2432516996341292e-05,CT_place_QUAD,False
lag_06__CT_place_CRANE,1.2426743523974437e-05,1.2426743523974437e-05,CT_place_CRANE,False
lag_13__T_place_MAIN,1.2423350199242122e-05,1.2423350199242122e-05,T_place_MAIN,False
lag_06__T_place_MINI,1.2422264262568206e-05,1.2422264262568206e-05,T_place_MINI,False
lag_14__T_place_CONTROL,1.2410589988576248e-05,1.2410589988576248e-05,T_place_CONTROL,False
lag_14__T1__X,-1.240785695699742e-05,1.240785695699742e-05,T1__X,False
lag_11__CT_place_CONTROL,1.2398995750118047e-05,1.2398995750118047e-05,CT_place_CONTROL,False
lag_15__CT_place_SECRET,1.239044559042668e-05,1.239044559042668e-05,CT_place_SECRET,False
lag_10__CT2__has_helmet,-1.2386813068587799e-05,1.2386813068587799e-05,CT2__has_helmet,False
lag_14__CT2__alive,1.2314315426920075e-05,1.2314315426920075e-05,CT2__alive,False
lag_07__active_infernos_total,1.2306516509852372e-05,1.2306516509852372e-05,active_infernos_total,True
lag_07__CT_place_UNDERA,-1.2301191418373492e-05,1.2301191418373492e-05,CT_place_UNDERA,False
lag_14__T_he_last_5s,1.229485496878624e-05,1.229485496878624e-05,T_he_last_5s,True
lag_14__T2__armor,1.228586734214332e-05,1.228586734214332e-05,T2__armor,False
lag_02__CT_defuser_count,1.2246527148818132e-05,1.2246527148818132e-05,CT_defuser_count,False
lag_08__CT3__duck_amount,-1.2244149729667697e-05,1.2244149729667697e-05,CT3__duck_amount,False
lag_07__CT_place_BRIDGE,1.2224769307067618e-05,1.2224769307067618e-05,CT_place_BRIDGE,False
lag_05__CT_place_TSIDELOWER,1.2220570170029532e-05,1.2220570170029532e-05,CT_place_TSIDELOWER,False
lag_03__T_place_CONTROL,1.221122238348471e-05,1.221122238348471e-05,T_place_CONTROL,False
lag_04__T_place_CONTROL,1.2196226634841878e-05,1.2196226634841878e-05,T_place_CONTROL,False
lag_05__CT_place_CONSTRUCTION,1.2194856935821008e-05,1.2194856935821008e-05,CT_place_CONSTRUCTION,False
lag_02__CT_place_TMAIN,1.2182995305920485e-05,1.2182995305920485e-05,CT_place_TMAIN,False
lag_10__CT_flashes_last_5s,1.2177343705843668e-05,1.2177343705843668e-05,CT_flashes_last_5s,True
lag_01__T_place_IVY,1.217307635670295e-05,1.217307635670295e-05,T_place_IVY,False
lag_08__CT_place_ELECTRICALBOX,1.2159742254880257e-05,1.2159742254880257e-05,CT_place_ELECTRICALBOX,False
lag_10__T_place_MAIN,1.2159424841229338e-05,1.2159424841229338e-05,T_place_MAIN,False
lag_12__CT_place_LOCKERROOM,1.2155971489846706e-05,1.2155971489846706e-05,CT_place_LOCKERROOM,False
lag_11__CT_place_OUTSIDELONG,1.215111569763394e-05,1.215111569763394e-05,CT_place_OUTSIDELONG,False
lag_07__CT_place_BACKOFA,1.2150867405580357e-05,1.2150867405580357e-05,CT_place_BACKOFA,False
lag_13__CT_place_ELECTRICALBOX,1.2149786016379949e-05,1.2149786016379949e-05,CT_place_ELECTRICALBOX,False
lag_01__T_place_TROPHY,1.2147675988671836e-05,1.2147675988671836e-05,T_place_TROPHY,False
lag_05__CT_place_IVY,1.2140784747316502e-05,1.2140784747316502e-05,CT_place_IVY,False
lag_06__CT_place_BACKALLEY,1.2132040865253657e-05,1.2132040865253657e-05,CT_place_BACKALLEY,False
lag_03__T_he_last_5s,1.2097335456928704e-05,1.2097335456928704e-05,T_he_last_5s,True
lag_04__T_he_last_5s,1.2082491593901068e-05,1.2082491593901068e-05,T_he_last_5s,True
lag_15__CT_flashes_last_5s,1.2079909538442735e-05,1.2079909538442735e-05,CT_flashes_last_5s,True
lag_07__CT_place_SQUEAKY,1.206628712679958e-05,1.206628712679958e-05,CT_place_SQUEAKY,False
lag_15__T_place_MAIN,1.2062132555001881e-05,1.2062132555001881e-05,T_place_MAIN,False
lag_12__CT_place_CONTROL,1.2055266779498197e-05,1.2055266779498197e-05,CT_place_CONTROL,False
lag_07__T_place_BALCONY,1.2046199117321521e-05,1.2046199117321521e-05,T_place_BALCONY,False
lag_14__CT_place_BRIDGE,1.200893984787399e-05,1.200893984787399e-05,CT_place_BRIDGE,False
lag_01__CT_place_UPPERPARK,1.200408223667182e-05,1.200408223667182e-05,CT_place_UPPERPARK,False
lag_00__T_bomb_zone_count,1.1998969966953155e-05,1.1998969966953155e-05,T_bomb_zone_count,False
lag_01__T_flashes_last_5s,1.1965572412009351e-05,1.1965572412009351e-05,T_flashes_last_5s,True
lag_14__CT_place_BACKOFA,1.193635216623079e-05,1.193635216623079e-05,CT_place_BACKOFA,False
lag_01__CT_place_LOBBY,1.1930677828786429e-05,1.1930677828786429e-05,CT_place_LOBBY,False
lag_07__T_place_VENTS,1.192775926028844e-05,1.192775926028844e-05,T_place_VENTS,False
lag_15__T_alive,-1.1900727258762345e-05,1.1900727258762345e-05,T_alive,False
lag_10__CT_place_ELECTRICALBOX,1.189167051052209e-05,1.189167051052209e-05,CT_place_ELECTRICALBOX,False
lag_06__T_place_WALKWAY,1.188878741231747e-05,1.188878741231747e-05,T_place_WALKWAY,False
lag_11__CT_place_TMAIN,1.1885364074259996e-05,1.1885364074259996e-05,CT_place_TMAIN,False
lag_01__T_place_DUMPSTER,1.18618199849152e-05,1.18618199849152e-05,T_place_DUMPSTER,False
lag_06__CT_place_CTSIDEUPPER,1.185885957966093e-05,1.185885957966093e-05,CT_place_CTSIDEUPPER,False
lag_14__CT_place_SQUEAKY,1.1853263458760921e-05,1.1853263458760921e-05,CT_place_SQUEAKY,False
lag_04__flash_inv_diff,-1.1841011655633338e-05,1.1841011655633338e-05,flash_inv_diff,True
lag_14__T_place_BALCONY,1.1833531061711255e-05,1.1833531061711255e-05,T_place_BALCONY,False
lag_01__CT_place_TSPAWN,1.1830680705315899e-05,1.1830680705315899e-05,CT_place_TSPAWN,False
lag_07__CT_place_TRAMP,1.1829533832496963e-05,1.1829533832496963e-05,CT_place_TRAMP,False
lag_08__CT_place_LOCKERROOM,1.1826004993054084e-05,1.1826004993054084e-05,CT_place_LOCKERROOM,False
lag_13__CT_place_LOCKERROOM,1.1816324331448413e-05,1.1816324331448413e-05,CT_place_LOCKERROOM,False
lag_03__CT_place_BRIDGE,1.181601965072332e-05,1.181601965072332e-05,CT_place_BRIDGE,False
lag_12__CT_place_OUTSIDELONG,1.1814269782917108e-05,1.1814269782917108e-05,CT_place_OUTSIDELONG,False
lag_08__CT_closest_enemy_dist,-1.1811492186097894e-05,1.1811492186097894e-05,CT_closest_enemy_dist,False
lag_04__CT_place_BRIDGE,1.1801513210230041e-05,1.1801513210230041e-05,CT_place_BRIDGE,False
lag_15__CT_place_ELECTRICALBOX,1.179652099381201e-05,1.179652099381201e-05,CT_place_ELECTRICALBOX,False
lag_04__CT3__molly,1.17756371764699e-05,1.17756371764699e-05,CT3__molly,True
lag_03__CT_place_BACKOFA,1.1744597941287793e-05,1.1744597941287793e-05,CT_place_BACKOFA,False
lag_04__CT_place_BACKOFA,1.1730168807844166e-05,1.1730168807844166e-05,CT_place_BACKOFA,False
lag_08__CT_place_CONTROL,1.172804240923142e-05,1.172804240923142e-05,CT_place_CONTROL,False
lag_13__CT_place_CONTROL,1.1718444511643611e-05,1.1718444511643611e-05,CT_place_CONTROL,False
lag_14__T_place_VENTS,1.1717180314008147e-05,1.1717180314008147e-05,T_place_VENTS,False
lag_07__T_place_JUNGLE,1.1715928849298507e-05,1.1715928849298507e-05,T_place_JUNGLE,False
lag_05__CT_place_TUNNELSTAIRS,1.1713866115314886e-05,1.1713866115314886e-05,CT_place_TUNNELSTAIRS,False
lag_05__T_place_PIPE,1.1712083505699411e-05,1.1712083505699411e-05,T_place_PIPE,False
lag_09__CT_place_UPPERTUNNEL,1.1694980457832571e-05,1.1694980457832571e-05,CT_place_UPPERTUNNEL,False
lag_09__CT_place_HUT,1.1688303857226856e-05,1.1688303857226856e-05,CT_place_HUT,False
lag_05__T_place_CONSTRUCTION,1.1668600564007647e-05,1.1668600564007647e-05,T_place_CONSTRUCTION,False
lag_03__CT_place_SQUEAKY,1.166284619102953e-05,1.166284619102953e-05,CT_place_SQUEAKY,False
lag_11__CT5__is_scoped,-1.1661751159408595e-05,1.1661751159408595e-05,CT5__is_scoped,False
lag_12__T1__is_scoped,-1.1656588867481332e-05,1.1656588867481332e-05,T1__is_scoped,False
lag_04__CT_place_SQUEAKY,1.16485180114978e-05,1.16485180114978e-05,CT_place_SQUEAKY,False
lag_03__T_place_BALCONY,1.1643422112683766e-05,1.1643422112683766e-05,T_place_BALCONY,False
lag_05__T_place_PLAYGROUND,1.1638569048955105e-05,1.1638569048955105e-05,T_place_PLAYGROUND,False
lag_04__T_place_BALCONY,1.1629127584456e-05,1.1629127584456e-05,T_place_BALCONY,False
lag_14__CT_place_TRAMP,1.1620692021097057e-05,1.1620692021097057e-05,CT_place_TRAMP,False
lag_13__T_bomb_carrier_alive,1.1619220458669588e-05,1.1619220458669588e-05,T_bomb_carrier_alive,False
lag_01__T_place_STREET,1.1614803952397779e-05,1.1614803952397779e-05,T_place_STREET,False
lag_05__CT_place_DECON,1.160564261226682e-05,1.160564261226682e-05,CT_place_DECON,False
lag_13__T_A_site_active_infernos,-1.1600192010519095e-05,1.1600192010519095e-05,T_A_site_active_infernos,True
lag_09__T_place_UPPERPARK,1.1583839295781218e-05,1.1583839295781218e-05,T_place_UPPERPARK,False
lag_10__CT_place_LOCKERROOM,1.156529106083326e-05,1.156529106083326e-05,CT_place_LOCKERROOM,False
lag_05__CT_place_ENTRANCE,1.1564985470613465e-05,1.1564985470613465e-05,CT_place_ENTRANCE,False
lag_07__T_place_HEAVEN,1.1564708074729424e-05,1.1564708074729424e-05,T_place_HEAVEN,False
lag_08__T_utility_inv,1.1561358405742794e-05,1.1561358405742794e-05,T_utility_inv,True
lag_12__CT_place_TMAIN,1.1555884157132823e-05,1.1555884157132823e-05,CT_place_TMAIN,False
lag_09__CT_place_LADDER,1.1553616786841303e-05,1.1553616786841303e-05,CT_place_LADDER,False
lag_07__T_place_ARCH,1.1532570169947576e-05,1.1532570169947576e-05,T_place_ARCH,False
lag_03__T_place_VENTS,1.1528944924066309e-05,1.1528944924066309e-05,T_place_VENTS,False
lag_04__T_place_VENTS,1.1514781363075599e-05,1.1514781363075599e-05,T_place_VENTS,False
lag_14__T_place_JUNGLE,1.1509089745231904e-05,1.1509089745231904e-05,T_place_JUNGLE,False
lag_07__T_place_GARAGE,1.1507124327181373e-05,1.1507124327181373e-05,T_place_GARAGE,False
lag_08__CT_place_OUTSIDELONG,1.1493576494103763e-05,1.1493576494103763e-05,CT_place_OUTSIDELONG,False
lag_13__CT_place_OUTSIDELONG,1.1484170499898028e-05,1.1484170499898028e-05,CT_place_OUTSIDELONG,False
lag_15__CT_place_LOCKERROOM,1.1472757250885479e-05,1.1472757250885479e-05,CT_place_LOCKERROOM,False
lag_10__CT_place_CONTROL,1.1469482160464395e-05,1.1469482160464395e-05,CT_place_CONTROL,False
lag_02__T_place_CONTROL,1.146785871242173e-05,1.146785871242173e-05,T_place_CONTROL,False
lag_09__T_place_TUNNEL,1.1460721907496918e-05,1.1460721907496918e-05,T_place_TUNNEL,False
lag_05__CT_place_TROPHY,1.1444068150012754e-05,1.1444068150012754e-05,CT_place_TROPHY,False
lag_09__T_place_SIDEHALL,1.1440934940765146e-05,1.1440934940765146e-05,T_place_SIDEHALL,False
lag_03__CT_place_TRAMP,1.143401186709525e-05,1.143401186709525e-05,CT_place_TRAMP,False
lag_09__CT_place_MAINHALL,1.1427147001086269e-05,1.1427147001086269e-05,CT_place_MAINHALL,False
lag_04__CT_place_TRAMP,1.141997108788928e-05,1.141997108788928e-05,CT_place_TRAMP,False
lag_03__T_place_TOPOFMID,1.1407819329178892e-05,1.1407819329178892e-05,T_place_TOPOFMID,False
lag_09__T_flash_duration_sum,1.140423773904331e-05,1.140423773904331e-05,T_flash_duration_sum,True
lag_05__CT_place_CRANE,1.1398968126741238e-05,1.1398968126741238e-05,CT_place_CRANE,False
lag_05__T_place_MINI,1.1394857210689224e-05,1.1394857210689224e-05,T_place_MINI,False
lag_15__CT_place_CONTROL,1.1377713235560805e-05,1.1377713235560805e-05,CT_place_CONTROL,False
lag_03__CT_place_UNDERA,1.137639719672734e-05,1.137639719672734e-05,CT_place_UNDERA,False
lag_02__T_he_last_5s,1.1360927601344883e-05,1.1360927601344883e-05,T_he_last_5s,True
lag_14__T_place_HEAVEN,1.1360539247107226e-05,1.1360539247107226e-05,T_place_HEAVEN,False
lag_14__T_place_ARCH,1.1328974323987495e-05,1.1328974323987495e-05,T_place_ARCH,False
lag_02__flash_inv_diff,-1.1328572327329312e-05,1.1328572327329312e-05,flash_inv_diff,True
lag_03__T_place_JUNGLE,1.1324193110340275e-05,1.1324193110340275e-05,T_place_JUNGLE,False
lag_06__CT_place_OBSERVATION,1.132083070842782e-05,1.132083070842782e-05,CT_place_OBSERVATION,False
lag_04__T_place_JUNGLE,1.1310290574328974e-05,1.1310290574328974e-05,T_place_JUNGLE,False
lag_06__CT_place_PALACEALLEY,1.1307854038022924e-05,1.1307854038022924e-05,CT_place_PALACEALLEY,False
lag_14__T_place_GARAGE,1.1303965948172845e-05,1.1303965948172845e-05,T_place_GARAGE,False
lag_07__CT3__molly,1.1299251127638854e-05,1.1299251127638854e-05,CT3__molly,True
lag_15__CT4__is_walking,1.1251775504206307e-05,1.1251775504206307e-05,CT4__is_walking,False
lag_07__CT_place_TSIDELOWER,1.1242591426707804e-05,1.1242591426707804e-05,CT_place_TSIDELOWER,False
lag_08__CT_place_TMAIN,1.1242207619943656e-05,1.1242207619943656e-05,CT_place_TMAIN,False
lag_10__CT_place_OUTSIDELONG,1.1240199455642141e-05,1.1240199455642141e-05,CT_place_OUTSIDELONG,False
lag_13__CT_place_TMAIN,1.1233008081035223e-05,1.1233008081035223e-05,CT_place_TMAIN,False
lag_07__CT_place_CONSTRUCTION,1.1218930922041181e-05,1.1218930922041181e-05,CT_place_CONSTRUCTION,False
lag_06__T_place_TRUCK,1.1197883395652752e-05,1.1197883395652752e-05,T_place_TRUCK,False
lag_11__T_place_CONTROL,1.1187700692971703e-05,1.1187700692971703e-05,T_place_CONTROL,False
lag_03__T_place_HEAVEN,1.1178032764291856e-05,1.1178032764291856e-05,T_place_HEAVEN,False
lag_07__CT_place_IVY,1.1169183380843606e-05,1.1169183380843606e-05,CT_place_IVY,False
lag_04__T_place_HEAVEN,1.11643066702527e-05,1.11643066702527e-05,T_place_HEAVEN,False
lag_09__CT_place_FOUNTAIN,1.115385748562403e-05,1.115385748562403e-05,CT_place_FOUNTAIN,False
lag_15__CT_place_OUTSIDELONG,1.1150265891046729e-05,1.1150265891046729e-05,CT_place_OUTSIDELONG,False
lag_03__T_place_ARCH,1.1146979886689223e-05,1.1146979886689223e-05,T_place_ARCH,False
lag_09__T_place_HUT,1.1146305041620508e-05,1.1146305041620508e-05,T_place_HUT,False
lag_14__centroid_distance_xy,1.1135590284538921e-05,1.1135590284538921e-05,centroid_distance_xy,False
lag_04__T_place_ARCH,1.1133283805975225e-05,1.1133283805975225e-05,T_place_ARCH,False
lag_05__CT_place_BACKALLEY,1.1128632650070358e-05,1.1128632650070358e-05,CT_place_BACKALLEY,False
lag_03__T_place_GARAGE,1.1122377145511564e-05,1.1122377145511564e-05,T_place_GARAGE,False
lag_04__T_place_GARAGE,1.1108720173069742e-05,1.1108720173069742e-05,T_place_GARAGE,False
lag_02__CT_place_BRIDGE,1.1096721209469251e-05,1.1096721209469251e-05,CT_place_BRIDGE,False
lag_12__T1__X,-1.108630203816574e-05,1.108630203816574e-05,T1__X,False
lag_11__T_he_last_5s,1.1083379831688944e-05,1.1083379831688944e-05,T_he_last_5s,True
lag_00__spread_diff,-1.107331809180323e-05,1.107331809180323e-05,spread_diff,False
lag_09__CT_place_SECRET,1.1062217708968092e-05,1.1062217708968092e-05,CT_place_SECRET,False
lag_14__CT_place_TSIDELOWER,1.1044110578950495e-05,1.1044110578950495e-05,CT_place_TSIDELOWER,False
lag_06__CT_place_RESTROOM,1.104410785046639e-05,1.104410785046639e-05,CT_place_RESTROOM,False
lag_02__CT_place_BACKOFA,1.1029645975213498e-05,1.1029645975213498e-05,CT_place_BACKOFA,False
lag_14__CT_place_CONSTRUCTION,1.1020877536793705e-05,1.1020877536793705e-05,CT_place_CONSTRUCTION,False
lag_14__CT3__duck_amount,1.101765337807592e-05,1.101765337807592e-05,CT3__duck_amount,False
lag_06__T_place_SNIPERSNEST,1.1002813153027091e-05,1.1002813153027091e-05,T_place_SNIPERSNEST,False
lag_10__CT_place_TMAIN,1.0994360309268814e-05,1.0994360309268814e-05,CT_place_TMAIN,False
lag_14__CT_place_IVY,1.0972013114951551e-05,1.0972013114951551e-05,CT_place_IVY,False
lag_02__CT_place_SQUEAKY,1.0952870070468634e-05,1.0952870070468634e-05,CT_place_SQUEAKY,False
lag_06__T_smokes_last_5s,1.0939823368971702e-05,1.0939823368971702e-05,T_smokes_last_5s,True
lag_02__T_place_BALCONY,1.0934629244729877e-05,1.0934629244729877e-05,T_place_BALCONY,False
lag_06__CT_place_VENDING,1.0930179087154102e-05,1.0930179087154102e-05,CT_place_VENDING,False
lag_15__CT_place_TMAIN,1.0906396710197441e-05,1.0906396710197441e-05,CT_place_TMAIN,False
lag_05__T_place_WALKWAY,1.0905504495895002e-05,1.0905504495895002e-05,T_place_WALKWAY,False
lag_01__CT_place_UPPERTUNNEL,1.088567114493344e-05,1.088567114493344e-05,CT_place_UPPERTUNNEL,False
lag_01__CT_place_HUT,1.0879462024604436e-05,1.0879462024604436e-05,CT_place_HUT,False
lag_05__CT_place_CTSIDEUPPER,1.0878057764784899e-05,1.0878057764784899e-05,CT_place_CTSIDEUPPER,False
lag_12__T_place_CONTROL,1.0877563909161836e-05,1.0877563909161836e-05,T_place_CONTROL,False
lag_03__CT_place_TSIDELOWER,1.0866687262023333e-05,1.0866687262023333e-05,CT_place_TSIDELOWER,False
lag_04__CT_place_TSIDELOWER,1.0853338608285412e-05,1.0853338608285412e-05,CT_place_TSIDELOWER,False
lag_03__CT_place_CONSTRUCTION,1.0843829841178376e-05,1.0843829841178376e-05,CT_place_CONSTRUCTION,False
lag_04__CT_place_CONSTRUCTION,1.0830503924808e-05,1.0830503924808e-05,CT_place_CONSTRUCTION,False
lag_02__T_place_VENTS,1.0827121514012106e-05,1.0827121514012106e-05,T_place_VENTS,False
lag_11__CT_place_BRIDGE,1.0825629033206496e-05,1.0825629033206496e-05,CT_place_BRIDGE,False
lag_06__T_place_OBSERVATION,1.079985850083176e-05,1.079985850083176e-05,T_place_OBSERVATION,False
lag_03__CT_place_IVY,1.0795739399327431e-05,1.0795739399327431e-05,CT_place_IVY,False
lag_03__CT3__molly,-1.0787534847622737e-05,1.0787534847622737e-05,CT3__molly,True
lag_09__CT_flashes_last_5s,1.0784964615595527e-05,1.0784964615595527e-05,CT_flashes_last_5s,True
lag_04__CT_place_IVY,1.0782482604554389e-05,1.0782482604554389e-05,CT_place_IVY,False
lag_01__T_place_UPPERPARK,1.0782223398564383e-05,1.0782223398564383e-05,T_place_UPPERPARK,False
lag_07__CT_place_TUNNELSTAIRS,1.0776446288218722e-05,1.0776446288218722e-05,CT_place_TUNNELSTAIRS,False
lag_12__T_he_last_5s,1.0776129784062505e-05,1.0776129784062505e-05,T_he_last_5s,True
lag_07__T_place_PIPE,1.0774804650282022e-05,1.0774804650282022e-05,T_place_PIPE,False
lag_09__T_place_MAIN,1.0769097571028396e-05,1.0769097571028396e-05,T_place_MAIN,False
lag_11__CT_place_BACKOFA,1.0760192708403338e-05,1.0760192708403338e-05,CT_place_BACKOFA,False
lag_01__CT_place_LADDER,1.0754087270470336e-05,1.0754087270470336e-05,CT_place_LADDER,False
lag_02__CT_place_TRAMP,1.0737970114860218e-05,1.0737970114860218e-05,CT_place_TRAMP,False
lag_07__T_place_CONSTRUCTION,1.0734797797340434e-05,1.0734797797340434e-05,T_place_CONSTRUCTION,False
lag_07__T_place_PLAYGROUND,1.0707171895774081e-05,1.0707171895774081e-05,T_place_PLAYGROUND,False
lag_06__CT_he_last_5s,1.068670280801598e-05,1.068670280801598e-05,CT_he_last_5s,True
lag_11__CT_place_SQUEAKY,1.0685304005164653e-05,1.0685304005164653e-05,CT_place_SQUEAKY,False
lag_07__CT_place_DECON,1.0676871170289814e-05,1.0676871170289814e-05,CT_place_DECON,False
lag_09__T4__molly,1.067658649844816e-05,1.067658649844816e-05,T4__molly,True
lag_11__utility_damage_diff_last_5s,1.0675011253624689e-05,1.0675011253624689e-05,utility_damage_diff_last_5s,True
lag_06__T_place_STAIRS,1.0671643394744024e-05,1.0671643394744024e-05,T_place_STAIRS,False
lag_01__T_place_TUNNEL,1.0667625247151591e-05,1.0667625247151591e-05,T_place_TUNNEL,False
lag_11__T_place_BALCONY,1.0667504284356255e-05,1.0667504284356255e-05,T_place_BALCONY,False
lag_06__CT_place_BRICKS,1.0652986929926556e-05,1.0652986929926556e-05,CT_place_BRICKS,False
lag_01__T_place_SIDEHALL,1.0649196156009566e-05,1.0649196156009566e-05,T_place_SIDEHALL,False
lag_07__CT_place_ENTRANCE,1.0639480933605228e-05,1.0639480933605228e-05,CT_place_ENTRANCE,False
lag_01__CT_place_MAINHALL,1.0636370461725164e-05,1.0636370461725164e-05,CT_place_MAINHALL,False
lag_02__T_place_JUNGLE,1.0634836144163273e-05,1.0634836144163273e-05,T_place_JUNGLE,False
lag_14__CT_place_TUNNELSTAIRS,1.0586193639028352e-05,1.0586193639028352e-05,CT_place_TUNNELSTAIRS,False
lag_06__T_place_SIDE,1.0585894415271468e-05,1.0585894415271468e-05,T_place_SIDE,False
lag_14__T_place_PIPE,1.058457200997509e-05,1.058457200997509e-05,T_place_PIPE,False
lag_08__T_place_CONTROL,1.0582290997263044e-05,1.0582290997263044e-05,T_place_CONTROL,False
lag_13__T_place_CONTROL,1.0573636245680973e-05,1.0573636245680973e-05,T_place_CONTROL,False
lag_06__T_place_UPSTAIRS,1.05719573184615e-05,1.05719573184615e-05,T_place_UPSTAIRS,False
lag_11__T_place_VENTS,1.0562611350906081e-05,1.0562611350906081e-05,T_place_VENTS,False
lag_14__T_place_CONSTRUCTION,1.0545289114816114e-05,1.0545289114816114e-05,T_place_CONSTRUCTION,False
lag_09__CT_place_ELECTRICALBOX,1.0531963198445737e-05,1.0531963198445737e-05,CT_place_ELECTRICALBOX,False
lag_07__CT_place_TROPHY,1.052822517522145e-05,1.052822517522145e-05,CT_place_TROPHY,False
lag_12__CT_place_BRIDGE,1.0525518518988974e-05,1.0525518518988974e-05,CT_place_BRIDGE,False
lag_10__T_place_MIDDOORS,1.0522108823352028e-05,1.0522108823352028e-05,T_place_MIDDOORS,False
lag_14__T_place_PLAYGROUND,1.0518147064431105e-05,1.0518147064431105e-05,T_place_PLAYGROUND,False
lag_02__T_place_HEAVEN,1.0497575203771703e-05,1.0497575203771703e-05,T_place_HEAVEN,False
lag_11__T1__flash_duration,1.0497326002223417e-05,1.0497326002223417e-05,T1__flash_duration,True
lag_14__CT_place_DECON,1.0488383850315586e-05,1.0488383850315586e-05,CT_place_DECON,False
lag_07__CT_place_CRANE,1.0486736755410675e-05,1.0486736755410675e-05,CT_place_CRANE,False
lag_08__T_he_last_5s,1.048361536959419e-05,1.048361536959419e-05,T_he_last_5s,True
lag_07__T_place_MINI,1.0482972356840037e-05,1.0482972356840037e-05,T_place_MINI,False
lag_06__T_place_DECON,1.047962905431632e-05,1.047962905431632e-05,T_place_DECON,False
lag_11__CT_place_TRAMP,1.0475640920049045e-05,1.0475640920049045e-05,CT_place_TRAMP,False
lag_13__T_he_last_5s,1.047503792506177e-05,1.047503792506177e-05,T_he_last_5s,True
lag_02__T_place_ARCH,1.046840498020174e-05,1.046840498020174e-05,T_place_ARCH,False
lag_09__CT_shots_fired_sum,1.0463210855959915e-05,1.0463210855959915e-05,CT_shots_fired_sum,False
lag_12__CT_place_BACKOFA,1.0461906640557572e-05,1.0461906640557572e-05,CT_place_BACKOFA,False
lag_14__CT_place_ENTRANCE,1.0451644811837468e-05,1.0451644811837468e-05,CT_place_ENTRANCE,False
lag_02__T_place_GARAGE,1.0445305633766111e-05,1.0445305633766111e-05,T_place_GARAGE,False
lag_06__T_place_GRAVEYARD,1.0417771591164637e-05,1.0417771591164637e-05,T_place_GRAVEYARD,False
lag_03__CT_place_TUNNELSTAIRS,1.0416128134238534e-05,1.0416128134238534e-05,CT_place_TUNNELSTAIRS,False
lag_03__T_place_PIPE,1.0414530152047519e-05,1.0414530152047519e-05,T_place_PIPE,False
lag_04__CT_place_TUNNELSTAIRS,1.0403323358332273e-05,1.0403323358332273e-05,CT_place_TUNNELSTAIRS,False
lag_04__T_place_PIPE,1.0401749932498205e-05,1.0401749932498205e-05,T_place_PIPE,False
lag_12__CT_place_SQUEAKY,1.0389082490291912e-05,1.0389082490291912e-05,CT_place_SQUEAKY,False
lag_10__CT_spread_xy,-1.0385390851297416e-05,1.0385390851297416e-05,CT_spread_xy,False
lag_05__CT_place_OBSERVATION,1.0384512279415503e-05,1.0384512279415503e-05,CT_place_OBSERVATION,False
lag_01__CT_place_FOUNTAIN,1.0381989341112785e-05,1.0381989341112785e-05,CT_place_FOUNTAIN,False
lag_03__T_place_CONSTRUCTION,1.0375864803791046e-05,1.0375864803791046e-05,T_place_CONSTRUCTION,False
lag_11__T_place_JUNGLE,1.0375026249676012e-05,1.0375026249676012e-05,T_place_JUNGLE,False
lag_01__T_place_HUT,1.0374965313530993e-05,1.0374965313530993e-05,T_place_HUT,False
lag_05__CT_place_PALACEALLEY,1.0372612450737506e-05,1.0372612450737506e-05,CT_place_PALACEALLEY,False
lag_12__T_place_BALCONY,1.037177844409598e-05,1.037177844409598e-05,T_place_BALCONY,False
lag_00__T_flash_duration_sum,-1.0363987712480593e-05,1.0363987712480593e-05,T_flash_duration_sum,True
lag_04__T_place_CONSTRUCTION,1.0363135515945032e-05,1.0363135515945032e-05,T_place_CONSTRUCTION,False
lag_03__T_place_PLAYGROUND,1.0349168405809905e-05,1.0349168405809905e-05,T_place_PLAYGROUND,False
lag_10__T_place_CONTROL,1.0349004696763586e-05,1.0349004696763586e-05,T_place_CONTROL,False
lag_14__CT_place_TROPHY,1.034235810948303e-05,1.034235810948303e-05,CT_place_TROPHY,False
lag_04__T_place_PLAYGROUND,1.0336467312299646e-05,1.0336467312299646e-05,T_place_PLAYGROUND,False
lag_03__CT_place_DECON,1.0319883585907519e-05,1.0319883585907519e-05,CT_place_DECON,False
lag_04__CT_place_DECON,1.0307214324711822e-05,1.0307214324711822e-05,CT_place_DECON,False
lag_15__T5__smoke,-1.0304623174306471e-05,1.0304623174306471e-05,T5__smoke,True
lag_14__CT_place_CRANE,1.0301608199370094e-05,1.0301608199370094e-05,CT_place_CRANE,False
lag_14__T_place_MINI,1.0297889275534544e-05,1.0297889275534544e-05,T_place_MINI,False
lag_01__CT_place_SECRET,1.0296684195054695e-05,1.0296684195054695e-05,CT_place_SECRET,False
lag_03__CT_place_ENTRANCE,1.0283732990501449e-05,1.0283732990501449e-05,CT_place_ENTRANCE,False
lag_05__T_place_TRUCK,1.027175039780559e-05,1.027175039780559e-05,T_place_TRUCK,False
lag_04__CT_place_ENTRANCE,1.027110920404084e-05,1.027110920404084e-05,CT_place_ENTRANCE,False
lag_12__T_place_VENTS,1.0269804079143796e-05,1.0269804079143796e-05,T_place_VENTS,False
lag_15__T_place_CONTROL,1.0266201570630074e-05,1.0266201570630074e-05,T_place_CONTROL,False
lag_10__T_he_last_5s,1.025249275699025e-05,1.025249275699025e-05,T_he_last_5s,True
lag_09__CT_place_LOCKERROOM,1.0242898497381248e-05,1.0242898497381248e-05,CT_place_LOCKERROOM,False
lag_11__T_place_HEAVEN,1.0241120435239282e-05,1.0241120435239282e-05,T_place_HEAVEN,False
lag_08__CT_place_BRIDGE,1.0239809853374027e-05,1.0239809853374027e-05,CT_place_BRIDGE,False
lag_07__CT_place_BACKALLEY,1.0238039976684377e-05,1.0238039976684377e-05,CT_place_BACKALLEY,False
lag_13__CT_place_BRIDGE,1.02314343166654e-05,1.02314343166654e-05,CT_place_BRIDGE,False
lag_11__T_place_ARCH,1.0212670531473123e-05,1.0212670531473123e-05,T_place_ARCH,False
lag_02__CT_place_TSIDELOWER,1.020517993310932e-05,1.020517993310932e-05,CT_place_TSIDELOWER,False
lag_06__T_place_SHOP,1.0204888894804753e-05,1.0204888894804753e-05,T_place_SHOP,False
lag_14__utility_damage_diff_last_5s,1.0203143574472051e-05,1.0203143574472051e-05,utility_damage_diff_last_5s,True
lag_11__T_place_GARAGE,1.0190124157816172e-05,1.0190124157816172e-05,T_place_GARAGE,False
lag_12__CT_place_TRAMP,1.0185241080762353e-05,1.0185241080762353e-05,CT_place_TRAMP,False
lag_02__CT_place_CONSTRUCTION,1.0183704034716357e-05,1.0183704034716357e-05,CT_place_CONSTRUCTION,False
lag_08__CT_place_BACKOFA,1.0177911462960765e-05,1.0177911462960765e-05,CT_place_BACKOFA,False
lag_03__CT_place_TROPHY,1.0176217074331362e-05,1.0176217074331362e-05,CT_place_TROPHY,False
lag_06__CT_place_TUNNEL,1.0171742360398639e-05,1.0171742360398639e-05,CT_place_TUNNEL,False
lag_15__T_he_last_5s,1.0170456334890332e-05,1.0170456334890332e-05,T_he_last_5s,True
lag_13__CT_place_BACKOFA,1.0169587767450139e-05,1.0169587767450139e-05,CT_place_BACKOFA,False
lag_04__CT_place_TROPHY,1.0163715160160791e-05,1.0163715160160791e-05,CT_place_TROPHY,False
lag_09__CT_place_CONTROL,1.0158042641705833e-05,1.0158042641705833e-05,CT_place_CONTROL,False
lag_08__T4__molly,-1.0147075045097154e-05,1.0147075045097154e-05,T4__molly,True
lag_02__CT_place_IVY,1.013855762721505e-05,1.013855762721505e-05,CT_place_IVY,False
lag_03__CT_place_CRANE,1.0136107448488474e-05,1.0136107448488474e-05,CT_place_CRANE,False
lag_03__T_place_MINI,1.013246310321847e-05,1.013246310321847e-05,T_place_MINI,False
lag_05__CT_place_RESTROOM,1.0130671398655977e-05,1.0130671398655977e-05,CT_place_RESTROOM,False
lag_04__CT_place_CRANE,1.0123661013494711e-05,1.0123661013494711e-05,CT_place_CRANE,False
lag_04__T_place_MINI,1.0120009392267093e-05,1.0120009392267093e-05,T_place_MINI,False
lag_08__CT_place_SQUEAKY,1.010707546811318e-05,1.010707546811318e-05,CT_place_SQUEAKY,False
lag_13__CT_place_SQUEAKY,1.0098796337842941e-05,1.0098796337842941e-05,CT_place_SQUEAKY,False
lag_05__T_place_SNIPERSNEST,1.009279367281124e-05,1.009279367281124e-05,T_place_SNIPERSNEST,False
lag_08__T_place_BALCONY,1.0090243449667469e-05,1.0090243449667469e-05,T_place_BALCONY,False
lag_12__T_place_JUNGLE,1.0087409464176744e-05,1.0087409464176744e-05,T_place_JUNGLE,False
lag_13__T_place_BALCONY,1.0081983418785967e-05,1.0081983418785967e-05,T_place_BALCONY,False
lag_14__CT_place_BACKALLEY,1.0057301551569253e-05,1.0057301551569253e-05,CT_place_BACKALLEY,False
lag_01__CT_flashes_last_5s,1.003864235826768e-05,1.003864235826768e-05,CT_flashes_last_5s,True
lag_05__T_smokes_last_5s,1.0035018931375816e-05,1.0035018931375816e-05,T_smokes_last_5s,True
lag_07__T_place_WALKWAY,1.003275883704191e-05,1.003275883704191e-05,T_place_WALKWAY,False
lag_05__CT_place_VENDING,1.0026178642874584e-05,1.0026178642874584e-05,CT_place_VENDING,False
lag_01__T_place_MAIN,1.0023852155427448e-05,1.0023852155427448e-05,T_place_MAIN,False
lag_01__utility_damage_diff_last_5s,-1.001847704173997e-05,1.001847704173997e-05,utility_damage_diff_last_5s,True
lag_06__CT_smokes_last_5s,1.0017248314397875e-05,1.0017248314397875e-05,CT_smokes_last_5s,True
lag_10__CT_place_BRIDGE,1.0014068720920477e-05,1.0014068720920477e-05,CT_place_BRIDGE,False
lag_07__CT_place_CTSIDEUPPER,1.0007516721088905e-05,1.0007516721088905e-05,CT_place_CTSIDEUPPER,False
lag_03__T1__hp,9.999395842896774e-06,9.999395842896774e-06,T1__hp,False
lag_08__T_place_VENTS,9.991037586587481e-06,9.991037586587481e-06,T_place_VENTS,False
lag_13__T_place_VENTS,9.982855772250332e-06,9.982855772250332e-06,T_place_VENTS,False
lag_03__utility_damage_diff_last_5s,-9.974276508728508e-06,9.974276508728508e-06,utility_damage_diff_last_5s,True
lag_12__T_place_HEAVEN,9.957218935596757e-06,9.957218935596757e-06,T_place_HEAVEN,False
lag_11__CT_place_TSIDELOWER,9.955871973943431e-06,9.955871973943431e-06,CT_place_TSIDELOWER,False
lag_09__CT_place_OUTSIDELONG,9.954974302672781e-06,9.954974302672781e-06,CT_place_OUTSIDELONG,False
lag_15__utility_damage_diff_last_5s,9.954733286576811e-06,9.954733286576811e-06,utility_damage_diff_last_5s,True
lag_10__CT_place_BACKOFA,9.953540029528085e-06,9.953540029528085e-06,CT_place_BACKOFA,False
lag_06__CT_place_SCAFFOLDING,9.938627954397816e-06,9.938627954397816e-06,CT_place_SCAFFOLDING,False
lag_11__CT_place_CONSTRUCTION,9.934919035003986e-06,9.934919035003986e-06,CT_place_CONSTRUCTION,False
lag_15__CT_place_BRIDGE,9.933947694662493e-06,9.933947694662493e-06,CT_place_BRIDGE,False
lag_12__T_place_ARCH,9.929548468790017e-06,9.929548468790017e-06,T_place_ARCH,False
lag_14__T_place_BDOORS,9.919665899360552e-06,9.919665899360552e-06,T_place_BDOORS,False
lag_08__CT_place_TRAMP,9.908761057886295e-06,9.908761057886295e-06,CT_place_TRAMP,False
lag_12__T_place_GARAGE,9.907634193950798e-06,9.907634193950798e-06,T_place_GARAGE,False
lag_05__T_place_OBSERVATION,9.906639206747059e-06,9.906639206747059e-06,T_place_OBSERVATION,False
lag_13__CT_place_TRAMP,9.900649274641182e-06,9.900649274641182e-06,CT_place_TRAMP,False
lag_03__CT_place_BACKALLEY,9.895731636788696e-06,9.895731636788696e-06,CT_place_BACKALLEY,False
lag_11__CT_place_IVY,9.890866749628913e-06,9.890866749628913e-06,CT_place_IVY,False
lag_10__CT_place_SQUEAKY,9.884251085168216e-06,9.884251085168216e-06,CT_place_SQUEAKY,False
lag_04__CT_place_BACKALLEY,9.883572602120694e-06,9.883572602120694e-06,CT_place_BACKALLEY,False
lag_15__CT_place_BACKOFA,9.873897397483233e-06,9.873897397483233e-06,CT_place_BACKOFA,False
lag_10__T_place_BALCONY,9.86779650702374e-06,9.86779650702374e-06,T_place_BALCONY,False
lag_14__T_place_WALKWAY,9.855637472355738e-06,9.855637472355738e-06,T_place_WALKWAY,False
lag_14__CT_place_CTSIDEUPPER,9.830839189817198e-06,9.830839189817198e-06,CT_place_CTSIDEUPPER,False
lag_08__T_place_JUNGLE,9.81359880825039e-06,9.81359880825039e-06,T_place_JUNGLE,False
lag_13__T_place_JUNGLE,9.805567060539033e-06,9.805567060539033e-06,T_place_JUNGLE,False
lag_15__CT_place_SQUEAKY,9.805177796806674e-06,9.805177796806674e-06,CT_place_SQUEAKY,False
lag_01__CT_place_ELECTRICALBOX,9.803132343222387e-06,9.803132343222387e-06,CT_place_ELECTRICALBOX,False
lag_05__CT_he_last_5s,9.802827662497293e-06,9.802827662497293e-06,CT_he_last_5s,True
lag_04__CT_flash_inv,9.79810101853218e-06,9.79810101853218e-06,CT_flash_inv,True
lag_05__T_place_STAIRS,9.789024261408485e-06,9.789024261408485e-06,T_place_STAIRS,False
lag_15__T_place_BALCONY,9.788846000446938e-06,9.788846000446938e-06,T_place_BALCONY,False
lag_02__CT_place_TUNNELSTAIRS,9.782049346540589e-06,9.782049346540589e-06,CT_place_TUNNELSTAIRS,False
lag_02__T_place_PIPE,9.780550499272067e-06,9.780550499272067e-06,T_place_PIPE,False
lag_15__T_utility_inv,9.776967090147082e-06,9.776967090147082e-06,T_utility_inv,True
lag_05__CT_place_BRICKS,9.771914847078733e-06,9.771914847078733e-06,CT_place_BRICKS,False
lag_10__T_place_VENTS,9.770772521733306e-06,9.770772521733306e-06,T_place_VENTS,False
lag_15__active_smokes_total,-9.764755304786377e-06,9.764755304786377e-06,active_smokes_total,True
lag_12__T2__armor,9.74708473222563e-06,9.74708473222563e-06,T2__armor,False
lag_02__T_place_CONSTRUCTION,9.74423710431438e-06,9.74423710431438e-06,T_place_CONSTRUCTION,False
lag_09__CT_place_TMAIN,9.73725036601536e-06,9.73725036601536e-06,CT_place_TMAIN,False
lag_02__T_place_PLAYGROUND,9.719168701849412e-06,9.719168701849412e-06,T_place_PLAYGROUND,False
lag_05__T_place_SIDE,9.710375707072672e-06,9.710375707072672e-06,T_place_SIDE,False
lag_05__T_place_UPSTAIRS,9.69758639257634e-06,9.69758639257634e-06,T_place_UPSTAIRS,False
lag_03__T_place_WALKWAY,9.697317182144616e-06,9.697317182144616e-06,T_place_WALKWAY,False
lag_15__T_place_VENTS,9.692600542621221e-06,9.692600542621221e-06,T_place_VENTS,False
lag_02__CT_place_DECON,9.691664672573097e-06,9.691664672573097e-06,CT_place_DECON,False
lag_10__CT_place_TRAMP,9.690318620414473e-06,9.690318620414473e-06,CT_place_TRAMP,False
lag_08__T_place_HEAVEN,9.68693166214507e-06,9.68693166214507e-06,T_place_HEAVEN,False
lag_04__T_place_WALKWAY,9.685405530035496e-06,9.685405530035496e-06,T_place_WALKWAY,False
lag_12__CT_place_TSIDELOWER,9.679869435785804e-06,9.679869435785804e-06,CT_place_TSIDELOWER,False
lag_13__T_place_HEAVEN,9.679009963292629e-06,9.679009963292629e-06,T_place_HEAVEN,False
lag_03__CT_place_CTSIDEUPPER,9.672909982327837e-06,9.672909982327837e-06,CT_place_CTSIDEUPPER,False
lag_04__CT_place_CTSIDEUPPER,9.661031981522683e-06,9.661031981522683e-06,CT_place_CTSIDEUPPER,False
lag_08__T_place_ARCH,9.660012437961996e-06,9.660012437961996e-06,T_place_ARCH,False
lag_12__CT_place_CONSTRUCTION,9.659504939918406e-06,9.659504939918406e-06,CT_place_CONSTRUCTION,False
lag_02__CT_place_ENTRANCE,9.657714144850615e-06,9.657714144850615e-06,CT_place_ENTRANCE,False
lag_13__T_place_ARCH,9.652112566982396e-06,9.652112566982396e-06,T_place_ARCH,False
lag_08__T_place_GARAGE,9.638696610636543e-06,9.638696610636543e-06,T_place_GARAGE,False
lag_13__T_place_GARAGE,9.630805834603962e-06,9.630805834603962e-06,T_place_GARAGE,False
lag_12__CT_place_IVY,9.616680472390726e-06,9.616680472390726e-06,CT_place_IVY,False
lag_05__T_place_DECON,9.612887879484333e-06,9.612887879484333e-06,T_place_DECON,False
lag_15__CT_place_TRAMP,9.612785106583033e-06,9.612785106583033e-06,CT_place_TRAMP,False
lag_10__T_place_JUNGLE,9.59725548455026e-06,9.59725548455026e-06,T_place_JUNGLE,False
lag_05__T_place_OUTSIDELONG,9.577333003107924e-06,9.577333003107924e-06,T_place_OUTSIDELONG,False
lag_14__T2__X,-9.56737858359702e-06,9.56737858359702e-06,T2__X,False
lag_02__CT_place_TROPHY,9.556742043059785e-06,9.556742043059785e-06,CT_place_TROPHY,False
lag_05__T_place_GRAVEYARD,9.556135410093702e-06,9.556135410093702e-06,T_place_GRAVEYARD,False
lag_07__CT_place_OBSERVATION,9.553473319101613e-06,9.553473319101613e-06,CT_place_OBSERVATION,False
lag_11__CT_place_TUNNELSTAIRS,9.543075975670945e-06,9.543075975670945e-06,CT_place_TUNNELSTAIRS,False
lag_07__CT_place_PALACEALLEY,9.542528459860478e-06,9.542528459860478e-06,CT_place_PALACEALLEY,False
lag_11__T_place_PIPE,9.54160623223288e-06,9.54160623223288e-06,T_place_PIPE,False
lag_01__CT_place_LOCKERROOM,9.534073797112796e-06,9.534073797112796e-06,CT_place_LOCKERROOM,False
lag_15__T_place_JUNGLE,9.520456842437852e-06,9.520456842437852e-06,T_place_JUNGLE,False
lag_02__CT_place_CRANE,9.519078957964666e-06,9.519078957964666e-06,CT_place_CRANE,False
lag_02__T_place_MINI,9.515651072433684e-06,9.515651072433684e-06,T_place_MINI,False
lag_14__CT_flashed_players,9.511162716080435e-06,9.511162716080435e-06,CT_flashed_players,False
lag_11__T_place_CONSTRUCTION,9.506190508545842e-06,9.506190508545842e-06,T_place_CONSTRUCTION,False
lag_06__CT5__smoke,-9.496034181211144e-06,9.496034181211144e-06,CT5__smoke,True
lag_11__T_place_PLAYGROUND,9.481728739046957e-06,9.481728739046957e-06,T_place_PLAYGROUND,False
lag_10__T_place_HEAVEN,9.473375939705875e-06,9.473375939705875e-06,T_place_HEAVEN,False
lag_06__CT_place_SIDEALLEY,9.459637112740893e-06,9.459637112740893e-06,CT_place_SIDEALLEY,False
lag_01__CT_place_CONTROL,9.455092367716134e-06,9.455092367716134e-06,CT_place_CONTROL,False
lag_11__CT_place_DECON,9.454907740291674e-06,9.454907740291674e-06,CT_place_DECON,False
lag_07__T_place_TRUCK,9.44972998695448e-06,9.44972998695448e-06,T_place_TRUCK,False
lag_10__T_place_ARCH,9.447055163036566e-06,9.447055163036566e-06,T_place_ARCH,False
lag_10__T_place_GARAGE,9.42620954447193e-06,9.42620954447193e-06,T_place_GARAGE,False
lag_11__CT_place_ENTRANCE,9.421778486284893e-06,9.421778486284893e-06,CT_place_ENTRANCE,False
lag_08__CT_place_TSIDELOWER,9.417120054422412e-06,9.417120054422412e-06,CT_place_TSIDELOWER,False
lag_13__CT_place_TSIDELOWER,9.409415724803694e-06,9.409415724803694e-06,CT_place_TSIDELOWER,False
lag_15__T_place_HEAVEN,9.397582289238926e-06,9.397582289238926e-06,T_place_HEAVEN,False
lag_08__CT_place_CONSTRUCTION,9.397305802849587e-06,9.397305802849587e-06,CT_place_CONSTRUCTION,False
lag_09__T3__shots_fired,9.396459063282236e-06,9.396459063282236e-06,T3__shots_fired,False
lag_13__CT_place_CONSTRUCTION,9.389614206156693e-06,9.389614206156693e-06,CT_place_CONSTRUCTION,False
lag_14__CT_place_OBSERVATION,9.384820259583648e-06,9.384820259583648e-06,CT_place_OBSERVATION,False
lag_14__CT_place_PALACEALLEY,9.374060027766973e-06,9.374060027766973e-06,CT_place_PALACEALLEY,False
lag_15__T_place_ARCH,9.371466148877516e-06,9.371466148877516e-06,T_place_ARCH,False
lag_05__T_place_SHOP,9.360867807117756e-06,9.360867807117756e-06,T_place_SHOP,False
lag_08__CT_place_IVY,9.355633665109053e-06,9.355633665109053e-06,CT_place_IVY,False
lag_15__T_place_GARAGE,9.350787877338007e-06,9.350787877338007e-06,T_place_GARAGE,False
lag_13__CT_place_IVY,9.347979357698932e-06,9.347979357698932e-06,CT_place_IVY,False
lag_10__closest_enemy_dist_diff,-9.341050827060826e-06,9.341050827060826e-06,closest_enemy_dist_diff,False
lag_05__CT_place_TUNNEL,9.330471584689803e-06,9.330471584689803e-06,CT_place_TUNNEL,False
lag_11__CT_place_TROPHY,9.323269296146464e-06,9.323269296146464e-06,CT_place_TROPHY,False
lag_07__CT_place_RESTROOM,9.319946912000887e-06,9.319946912000887e-06,CT_place_RESTROOM,False
lag_15__T_closest_enemy_dist,-9.30785245145671e-06,9.30785245145671e-06,T_closest_enemy_dist,False
lag_02__CT_place_BACKALLEY,9.2933296400588e-06,9.2933296400588e-06,CT_place_BACKALLEY,False
lag_11__CT_place_CRANE,9.286518434237223e-06,9.286518434237223e-06,CT_place_CRANE,False
lag_07__T_place_SNIPERSNEST,9.285103260481264e-06,9.285103260481264e-06,T_place_SNIPERSNEST,False
lag_11__T_place_MINI,9.283184226660524e-06,9.283184226660524e-06,T_place_MINI,False
lag_14__T_place_TRUCK,9.282895916840062e-06,9.282895916840062e-06,T_place_TRUCK,False
lag_12__CT_place_TUNNELSTAIRS,9.278524885303341e-06,9.278524885303341e-06,CT_place_TUNNELSTAIRS,False
lag_12__T_place_PIPE,9.27710880205268e-06,9.27710880205268e-06,T_place_PIPE,False
lag_01__CT_place_OUTSIDELONG,9.266071174351964e-06,9.266071174351964e-06,CT_place_OUTSIDELONG,False
lag_12__T_place_CONSTRUCTION,9.242668966180645e-06,9.242668966180645e-06,T_place_CONSTRUCTION,False
lag_03__CT_place_OBSERVATION,9.234048775397241e-06,9.234048775397241e-06,CT_place_OBSERVATION,False
lag_07__T_smokes_last_5s,9.231947842636146e-06,9.231947842636146e-06,T_smokes_last_5s,True
lag_07__CT_place_VENDING,9.223815141012892e-06,9.223815141012892e-06,CT_place_VENDING,False
lag_03__CT_place_PALACEALLEY,9.223469533026218e-06,9.223469533026218e-06,CT_place_PALACEALLEY,False
lag_04__CT_place_OBSERVATION,9.222701919497922e-06,9.222701919497922e-06,CT_place_OBSERVATION,False
lag_12__T_place_PLAYGROUND,9.218877494276967e-06,9.218877494276967e-06,T_place_PLAYGROUND,False
lag_04__CT_place_PALACEALLEY,9.212142686010338e-06,9.212142686010338e-06,CT_place_PALACEALLEY,False
lag_10__CT_place_TSIDELOWER,9.209513336827513e-06,9.209513336827513e-06,CT_place_TSIDELOWER,False
lag_01__T1__armor,-9.203298759530298e-06,9.203298759530298e-06,T1__armor,False
lag_12__CT_place_DECON,9.19279864319833e-06,9.19279864319833e-06,CT_place_DECON,False
lag_10__CT_place_CONSTRUCTION,9.190129276248626e-06,9.190129276248626e-06,CT_place_CONSTRUCTION,False
lag_05__CT_smokes_last_5s,9.188748663291335e-06,9.188748663291335e-06,CT_smokes_last_5s,True
lag_06__T_place_LADDER,9.182909707305953e-06,9.182909707305953e-06,T_place_LADDER,False
lag_09__T_place_CONTROL,9.165684787149075e-06,9.165684787149075e-06,T_place_CONTROL,False
lag_12__CT_place_ENTRANCE,9.160591616819147e-06,9.160591616819147e-06,CT_place_ENTRANCE,False
lag_14__CT_place_RESTROOM,9.15541204449255e-06,9.15541204449255e-06,CT_place_RESTROOM,False
lag_10__CT_place_IVY,9.149391189566813e-06,9.149391189566813e-06,CT_place_IVY,False
lag_15__CT_place_TSIDELOWER,9.13583153305808e-06,9.13583153305808e-06,CT_place_TSIDELOWER,False
lag_03__T_place_TRUCK,9.133772437053267e-06,9.133772437053267e-06,T_place_TRUCK,False
lag_04__T_place_TRUCK,9.122553819906898e-06,9.122553819906898e-06,T_place_TRUCK,False
lag_14__T_place_SNIPERSNEST,9.121184120886028e-06,9.121184120886028e-06,T_place_SNIPERSNEST,False
lag_05__CT_place_SCAFFOLDING,9.116629371419549e-06,9.116629371419549e-06,CT_place_SCAFFOLDING,False
lag_15__CT_place_CONSTRUCTION,9.116601177083794e-06,9.116601177083794e-06,CT_place_CONSTRUCTION,False
lag_07__T_place_OBSERVATION,9.113835403695703e-06,9.113835403695703e-06,T_place_OBSERVATION,False
lag_04__T_bomb_carrier_alive,-9.107497135119047e-06,9.107497135119047e-06,T_bomb_carrier_alive,False
lag_02__T_place_WALKWAY,9.10700146050658e-06,9.10700146050658e-06,T_place_WALKWAY,False
lag_11__CT_defuser_count,-9.105830940825399e-06,9.105830940825399e-06,CT_defuser_count,False
lag_09__CT_kills_last_3s,9.087918442673981e-06,9.087918442673981e-06,CT_kills_last_3s,False
lag_02__CT_place_CTSIDEUPPER,9.084069461096078e-06,9.084069461096078e-06,CT_place_CTSIDEUPPER,False
lag_09__T_he_last_5s,9.080213203560561e-06,9.080213203560561e-06,T_he_last_5s,True
lag_15__CT_place_IVY,9.076177775568794e-06,9.076177775568794e-06,CT_place_IVY,False
lag_14__T_smokes_last_5s,9.068960025615525e-06,9.068960025615525e-06,T_smokes_last_5s,True
lag_11__CT_place_BACKALLEY,9.066293387149926e-06,9.066293387149926e-06,CT_place_BACKALLEY,False
lag_12__CT_place_TROPHY,9.064808182301931e-06,9.064808182301931e-06,CT_place_TROPHY,False
lag_01__CT_place_TMAIN,9.063413926924113e-06,9.063413926924113e-06,CT_place_TMAIN,False
lag_14__CT_place_VENDING,9.060978300112765e-06,9.060978300112765e-06,CT_place_VENDING,False
lag_12__CT_place_CRANE,9.029085049405694e-06,9.029085049405694e-06,CT_place_CRANE,False
lag_08__CT_place_TUNNELSTAIRS,9.026654879562557e-06,9.026654879562557e-06,CT_place_TUNNELSTAIRS,False
lag_12__T_place_MINI,9.025833605846856e-06,9.025833605846856e-06,T_place_MINI,False
lag_08__T_place_PIPE,9.025275176099967e-06,9.025275176099967e-06,T_place_PIPE,False
lag_03__T_utility_inv,-9.020229299494531e-06,9.020229299494531e-06,T_utility_inv,True
lag_13__CT_place_TUNNELSTAIRS,9.019273420562968e-06,9.019273420562968e-06,CT_place_TUNNELSTAIRS,False
lag_07__CT_he_last_5s,9.018352102430072e-06,9.018352102430072e-06,CT_he_last_5s,True
lag_13__T_place_PIPE,9.017899174068589e-06,9.017899174068589e-06,T_place_PIPE,False
lag_03__CT_place_RESTROOM,9.008324923343025e-06,9.008324923343025e-06,CT_place_RESTROOM,False
lag_07__T_place_STAIRS,9.005635547509883e-06,9.005635547509883e-06,T_place_STAIRS,False
lag_04__CT_place_RESTROOM,8.997269105748273e-06,8.997269105748273e-06,CT_place_RESTROOM,False
lag_08__T_place_CONSTRUCTION,8.991781214717776e-06,8.991781214717776e-06,T_place_CONSTRUCTION,False
lag_07__CT_place_BRICKS,8.989895832201e-06,8.989895832201e-06,CT_place_BRICKS,False
lag_13__T_place_CONSTRUCTION,8.984419764601626e-06,8.984419764601626e-06,T_place_CONSTRUCTION,False
lag_03__T_place_SNIPERSNEST,8.974648153525777e-06,8.974648153525777e-06,T_place_SNIPERSNEST,False
lag_05__CT_defuser_count,-8.968712791102007e-06,8.968712791102007e-06,CT_defuser_count,False
lag_08__T_place_PLAYGROUND,8.968633665062953e-06,8.968633665062953e-06,T_place_PLAYGROUND,False
lag_04__T_place_SNIPERSNEST,8.963619620772079e-06,8.963619620772079e-06,T_place_SNIPERSNEST,False
lag_10__CT_kills_last_3s,8.963434083852917e-06,8.963434083852917e-06,CT_kills_last_3s,False
lag_13__T_place_PLAYGROUND,8.961294952314347e-06,8.961294952314347e-06,T_place_PLAYGROUND,False
lag_14__T_place_OBSERVATION,8.952933967520948e-06,8.952933967520948e-06,T_place_OBSERVATION,False
lag_08__CT_place_DECON,8.94326967681991e-06,8.94326967681991e-06,CT_place_DECON,False
lag_11__T_place_BDOORS,8.942229214881081e-06,8.942229214881081e-06,T_place_BDOORS,False
lag_13__CT_place_DECON,8.93593914952362e-06,8.93593914952362e-06,CT_place_DECON,False
lag_07__T_place_SIDE,8.93327705853153e-06,8.93327705853153e-06,T_place_SIDE,False
lag_06__T_mollies_last_5s,8.930639523896389e-06,8.930639523896389e-06,T_mollies_last_5s,True
lag_03__T_smokes_last_5s,8.92327352630673e-06,8.92327352630673e-06,T_smokes_last_5s,True
lag_07__T_place_UPSTAIRS,8.921513654058799e-06,8.921513654058799e-06,T_place_UPSTAIRS,False
lag_03__CT_place_VENDING,8.91540457814699e-06,8.91540457814699e-06,CT_place_VENDING,False
lag_04__T_smokes_last_5s,8.912308658182155e-06,8.912308658182155e-06,T_smokes_last_5s,True
lag_08__CT_place_ENTRANCE,8.911927579902112e-06,8.911927579902112e-06,CT_place_ENTRANCE,False
lag_13__CT_place_ENTRANCE,8.904636160877999e-06,8.904636160877999e-06,CT_place_ENTRANCE,False
lag_04__CT_place_VENDING,8.904456080927048e-06,8.904456080927048e-06,CT_place_VENDING,False
lag_06__CT_place_SECONDMID,8.889705895853695e-06,8.889705895853695e-06,CT_place_SECONDMID,False
lag_11__T_place_WALKWAY,8.884509952622466e-06,8.884509952622466e-06,T_place_WALKWAY,False
lag_09__CT_place_BRIDGE,8.869046723702922e-06,8.869046723702922e-06,CT_place_BRIDGE,False
lag_11__CT_place_CTSIDEUPPER,8.862148206389975e-06,8.862148206389975e-06,CT_place_CTSIDEUPPER,False
lag_14__CT_he_last_5s,8.8591341409483e-06,8.8591341409483e-06,CT_he_last_5s,True
lag_14__T_place_STAIRS,8.846644050208852e-06,8.846644050208852e-06,T_place_STAIRS,False
lag_07__T_place_DECON,8.843594514473807e-06,8.843594514473807e-06,T_place_DECON,False
lag_14__CT_place_BRICKS,8.831177183310501e-06,8.831177183310501e-06,CT_place_BRICKS,False
lag_10__CT_place_TUNNELSTAIRS,8.82766289578285e-06,8.82766289578285e-06,CT_place_TUNNELSTAIRS,False
lag_10__T_place_PIPE,8.82631866261363e-06,8.82631866261363e-06,T_place_PIPE,False
lag_08__CT_place_TROPHY,8.81875166669488e-06,8.81875166669488e-06,CT_place_TROPHY,False
lag_09__CT_place_BACKOFA,8.815429282549303e-06,8.815429282549303e-06,CT_place_BACKOFA,False
lag_12__CT_place_BACKALLEY,8.814956345304381e-06,8.814956345304381e-06,CT_place_BACKALLEY,False
lag_13__CT_place_TROPHY,8.811536645225715e-06,8.811536645225715e-06,CT_place_TROPHY,False
lag_03__T_place_OBSERVATION,8.809110113361385e-06,8.809110113361385e-06,T_place_OBSERVATION,False
lag_04__T_place_OBSERVATION,8.79828348843148e-06,8.79828348843148e-06,T_place_OBSERVATION,False
lag_10__T_place_CONSTRUCTION,8.793547749519348e-06,8.793547749519348e-06,T_place_CONSTRUCTION,False
lag_07__T_place_GRAVEYARD,8.791385880613234e-06,8.791385880613234e-06,T_place_GRAVEYARD,False
lag_08__CT_place_CRANE,8.783996236161329e-06,8.783996236161329e-06,CT_place_CRANE,False
lag_08__T_place_MINI,8.780835742072668e-06,8.780835742072668e-06,T_place_MINI,False
lag_13__CT_place_CRANE,8.7767994045862e-06,8.7767994045862e-06,CT_place_CRANE,False
lag_14__T_place_SIDE,8.775566129770596e-06,8.775566129770596e-06,T_place_SIDE,False
lag_13__T_place_MINI,8.773647095949855e-06,8.773647095949855e-06,T_place_MINI,False
lag_10__T_place_PLAYGROUND,8.770923159318045e-06,8.770923159318045e-06,T_place_PLAYGROUND,False
lag_14__T_place_UPSTAIRS,8.764019185036886e-06,8.764019185036886e-06,T_place_UPSTAIRS,False
lag_15__CT_place_TUNNELSTAIRS,8.757027899264358e-06,8.757027899264358e-06,CT_place_TUNNELSTAIRS,False
lag_15__T_place_PIPE,8.755702765483875e-06,8.755702765483875e-06,T_place_PIPE,False
lag_09__CT_place_SQUEAKY,8.754076588957105e-06,8.754076588957105e-06,CT_place_SQUEAKY,False
lag_10__CT_place_DECON,8.746103048906662e-06,8.746103048906662e-06,CT_place_DECON,False
lag_09__T_place_BALCONY,8.739503755350597e-06,8.739503755350597e-06,T_place_BALCONY,False
lag_01__T_flashed_players,8.738986252865288e-06,8.738986252865288e-06,T_flashed_players,False
lag_15__T_place_CONSTRUCTION,8.723195605853107e-06,8.723195605853107e-06,T_place_CONSTRUCTION,False
lag_03__CT_he_last_5s,8.716816410014872e-06,8.716816410014872e-06,CT_he_last_5s,True
lag_10__CT_place_ENTRANCE,8.715462172403932e-06,8.715462172403932e-06,CT_place_ENTRANCE,False
lag_04__CT_he_last_5s,8.706103471922688e-06,8.706103471922688e-06,CT_he_last_5s,True
lag_03__T_place_STAIRS,8.704536412551533e-06,8.704536412551533e-06,T_place_STAIRS,False
lag_15__T_place_PLAYGROUND,8.700746548129246e-06,8.700746548129246e-06,T_place_PLAYGROUND,False
lag_12__T_place_BDOORS,8.69433642947115e-06,8.69433642947115e-06,T_place_BDOORS,False
lag_04__T_place_STAIRS,8.693840754858684e-06,8.693840754858684e-06,T_place_STAIRS,False
lag_03__CT_place_BRICKS,8.689315109222662e-06,8.689315109222662e-06,CT_place_BRICKS,False
lag_14__T_place_DECON,8.68746246851515e-06,8.68746246851515e-06,T_place_DECON,False
lag_04__CT_place_BRICKS,8.678636731929146e-06,8.678636731929146e-06,CT_place_BRICKS,False
lag_05__CT_place_SIDEALLEY,8.677254299982451e-06,8.677254299982451e-06,CT_place_SIDEALLEY,False
lag_15__CT_place_DECON,8.676128345541656e-06,8.676128345541656e-06,CT_place_DECON,False
lag_02__CT_place_OBSERVATION,8.671919204061851e-06,8.671919204061851e-06,CT_place_OBSERVATION,False
lag_09__kill_diff_last_3s,-8.66565551405074e-06,8.66565551405074e-06,kill_diff_last_3s,False
lag_02__CT_place_PALACEALLEY,8.661991159897298e-06,8.661991159897298e-06,CT_place_PALACEALLEY,False
lag_09__T_place_VENTS,8.65357378643239e-06,8.65357378643239e-06,T_place_VENTS,False
lag_15__CT_place_ENTRANCE,8.645728485134896e-06,8.645728485134896e-06,CT_place_ENTRANCE,False
lag_07__active_smokes_total,-8.640830856165849e-06,8.640830856165849e-06,active_smokes_total,True
lag_12__T_place_WALKWAY,8.638206963951234e-06,8.638206963951234e-06,T_place_WALKWAY,False
lag_14__T_place_GRAVEYARD,8.636188795208e-06,8.636188795208e-06,T_place_GRAVEYARD,False
lag_03__T_place_SIDE,8.634587175038178e-06,8.634587175038178e-06,T_place_SIDE,False
lag_10__CT_place_TROPHY,8.624341717222705e-06,8.624341717222705e-06,CT_place_TROPHY,False
lag_04__T_place_SIDE,8.6239797383314e-06,8.6239797383314e-06,T_place_SIDE,False
lag_03__T_place_UPSTAIRS,8.62322031025542e-06,8.62322031025542e-06,T_place_UPSTAIRS,False
lag_03__CT_utility_damage_last_5s,8.617688763479237e-06,8.617688763479237e-06,CT_utility_damage_last_5s,True
lag_12__CT_place_CTSIDEUPPER,8.616470950073563e-06,8.616470950073563e-06,CT_place_CTSIDEUPPER,False
lag_04__T_place_UPSTAIRS,8.612638339400291e-06,8.612638339400291e-06,T_place_UPSTAIRS,False
lag_07__T_place_SHOP,8.61174521560315e-06,8.61174521560315e-06,T_place_SHOP,False
lag_00__T3__flash_duration,-8.593660822953098e-06,8.593660822953098e-06,T3__flash_duration,True
lag_10__CT_place_CRANE,8.590351171733346e-06,8.590351171733346e-06,CT_place_CRANE,False
lag_10__T_place_MINI,8.587251613789704e-06,8.587251613789704e-06,T_place_MINI,False
lag_07__CT_place_TUNNEL,8.583785529481247e-06,8.583785529481247e-06,CT_place_TUNNEL,False
lag_09__CT_place_TRAMP,8.582306691096164e-06,8.582306691096164e-06,CT_place_TRAMP,False
lag_06__CT_place_OUTSIDETUNNEL,8.578439519624226e-06,8.578439519624226e-06,CT_place_OUTSIDETUNNEL,False
lag_02__T_place_TRUCK,8.577761946071405e-06,8.577761946071405e-06,T_place_TRUCK,False
lag_08__CT_place_BACKALLEY,8.575680112699047e-06,8.575680112699047e-06,CT_place_BACKALLEY,False
lag_02__T1__has_helmet,-8.570527825213503e-06,8.570527825213503e-06,T1__has_helmet,False
lag_13__CT_place_BACKALLEY,8.568663361074869e-06,8.568663361074869e-06,CT_place_BACKALLEY,False
lag_15__CT_place_TROPHY,8.555333806725685e-06,8.555333806725685e-06,CT_place_TROPHY,False
lag_03__T_place_DECON,8.547894140065182e-06,8.547894140065182e-06,T_place_DECON,False
lag_00__utility_inv_diff,-8.543775948055554e-06,8.543775948055554e-06,utility_inv_diff,True
lag_04__T_place_DECON,8.537395842722617e-06,8.537395842722617e-06,T_place_DECON,False
lag_01__T_place_CONTROL,8.531403182132635e-06,8.531403182132635e-06,T_place_CONTROL,False
lag_15__CT_place_CRANE,8.521616109646857e-06,8.521616109646857e-06,CT_place_CRANE,False
lag_15__T_place_MINI,8.51854474603897e-06,8.51854474603897e-06,T_place_MINI,False
lag_09__T_place_JUNGLE,8.499895557179116e-06,8.499895557179116e-06,T_place_JUNGLE,False
lag_03__T_place_GRAVEYARD,8.497443559463136e-06,8.497443559463136e-06,T_place_GRAVEYARD,False
lag_04__T_place_GRAVEYARD,8.48702165967552e-06,8.48702165967552e-06,T_place_GRAVEYARD,False
lag_11__CT_place_OBSERVATION,8.460069693683181e-06,8.460069693683181e-06,CT_place_OBSERVATION,False
lag_02__CT_place_RESTROOM,8.459946911898442e-06,8.459946911898442e-06,CT_place_RESTROOM,False
lag_14__T_place_SHOP,8.459712262265384e-06,8.459712262265384e-06,T_place_SHOP,False
lag_07__CT_smokes_last_5s,8.453396731056273e-06,8.453396731056273e-06,CT_smokes_last_5s,True
lag_01__T_he_last_5s,8.451841495116241e-06,8.451841495116241e-06,T_he_last_5s,True
lag_13__T_place_BDOORS,8.451411304122303e-06,8.451411304122303e-06,T_place_BDOORS,False
lag_11__CT_place_PALACEALLEY,8.450377208646387e-06,8.450377208646387e-06,CT_place_PALACEALLEY,False
lag_14__CT_place_TUNNEL,8.432233698840719e-06,8.432233698840719e-06,CT_place_TUNNEL,False
lag_02__T_place_SNIPERSNEST,8.428322871623095e-06,8.428322871623095e-06,T_place_SNIPERSNEST,False
lag_06__T_place_RESTROOM,8.425286978308577e-06,8.425286978308577e-06,T_place_RESTROOM,False
lag_05__T_place_LADDER,8.42342615214875e-06,8.42342615214875e-06,T_place_LADDER,False
lag_08__T_place_WALKWAY,8.403731044381857e-06,8.403731044381857e-06,T_place_WALKWAY,False
lag_06__T_place_DECK,8.403043466387317e-06,8.403043466387317e-06,T_place_DECK,False
lag_13__T_place_WALKWAY,8.39685344544705e-06,8.39685344544705e-06,T_place_WALKWAY,False
lag_09__T_place_HEAVEN,8.390175025851931e-06,8.390175025851931e-06,T_place_HEAVEN,False
lag_07__CT_place_SCAFFOLDING,8.387053640035447e-06,8.387053640035447e-06,CT_place_SCAFFOLDING,False
lag_10__CT_place_BACKALLEY,8.386625268030912e-06,8.386625268030912e-06,CT_place_BACKALLEY,False
lag_08__CT_place_CTSIDEUPPER,8.382584383070935e-06,8.382584383070935e-06,CT_place_CTSIDEUPPER,False
lag_02__T_smokes_last_5s,8.380070539715234e-06,8.380070539715234e-06,T_smokes_last_5s,True
lag_13__CT_place_CTSIDEUPPER,8.375724064535461e-06,8.375724064535461e-06,CT_place_CTSIDEUPPER,False
lag_02__CT_place_VENDING,8.372682714252733e-06,8.372682714252733e-06,CT_place_VENDING,False
lag_08__T_active_infernos,-8.37109109852463e-06,8.37109109852463e-06,T_active_infernos,True
lag_11__T_place_TRUCK,8.368201633857097e-06,8.368201633857097e-06,T_place_TRUCK,False
lag_09__T_place_ARCH,8.366865586140193e-06,8.366865586140193e-06,T_place_ARCH,False
lag_09__T_place_GARAGE,8.34839647723129e-06,8.34839647723129e-06,T_place_GARAGE,False
lag_03__T_place_SHOP,8.323805559484754e-06,8.323805559484754e-06,T_place_SHOP,False
lag_15__CT_place_BACKALLEY,8.319522748934105e-06,8.319522748934105e-06,CT_place_BACKALLEY,False
lag_04__T_place_SHOP,8.31359011499444e-06,8.31359011499444e-06,T_place_SHOP,False
lag_02__CT1__shots_fired,-8.309580152854323e-06,8.309580152854323e-06,CT1__shots_fired,False
lag_14__CT_smokes_last_5s,8.304153197968844e-06,8.304153197968844e-06,CT_smokes_last_5s,True
lag_03__CT_place_TUNNEL,8.296781743410975e-06,8.296781743410975e-06,CT_place_TUNNEL,False
lag_04__CT_place_TUNNEL,8.286579941341188e-06,8.286579941341188e-06,CT_place_TUNNEL,False
lag_06__CT_place_STORAGEROOM,8.286566298920661e-06,8.286566298920661e-06,CT_place_STORAGEROOM,False
lag_02__T_place_OBSERVATION,8.272856575786136e-06,8.272856575786136e-06,T_place_OBSERVATION,False
lag_10__T_place_BDOORS,8.271870683529414e-06,8.271870683529414e-06,T_place_BDOORS,False
lag_01__CT_place_BRIDGE,8.255296961579006e-06,8.255296961579006e-06,CT_place_BRIDGE,False
lag_11__CT_place_RESTROOM,8.253266969404649e-06,8.253266969404649e-06,CT_place_RESTROOM,False
lag_14__CT_place_SCAFFOLDING,8.23898608359741e-06,8.23898608359741e-06,CT_place_SCAFFOLDING,False
lag_12__CT_place_OBSERVATION,8.225544661399908e-06,8.225544661399908e-06,CT_place_OBSERVATION,False
lag_11__T_place_SNIPERSNEST,8.222412361647002e-06,8.222412361647002e-06,T_place_SNIPERSNEST,False
lag_10__T_place_WALKWAY,8.21846606413601e-06,8.21846606413601e-06,T_place_WALKWAY,False
lag_12__CT_place_PALACEALLEY,8.216125024773646e-06,8.216125024773646e-06,CT_place_PALACEALLEY,False
lag_15__T_place_BDOORS,8.205686754081398e-06,8.205686754081398e-06,T_place_BDOORS,False
lag_01__CT_place_BACKOFA,8.205391168303322e-06,8.205391168303322e-06,CT_place_BACKOFA,False
lag_15__CT5__molly,8.203288416552823e-06,8.203288416552823e-06,CT5__molly,True
lag_10__CT_place_CTSIDEUPPER,8.197790521080606e-06,8.197790521080606e-06,CT_place_CTSIDEUPPER,False
lag_05__T_mollies_last_5s,8.192009772756137e-06,8.192009772756137e-06,T_mollies_last_5s,True
lag_02__CT_he_last_5s,8.186179911717772e-06,8.186179911717772e-06,CT_he_last_5s,True
lag_11__T_smokes_last_5s,8.175347829819657e-06,8.175347829819657e-06,T_smokes_last_5s,True
lag_02__T_place_STAIRS,8.174648428393994e-06,8.174648428393994e-06,T_place_STAIRS,False
lag_03__CT_smokes_last_5s,8.170751243596897e-06,8.170751243596897e-06,CT_smokes_last_5s,True
lag_11__CT_place_VENDING,8.168144631781615e-06,8.168144631781615e-06,CT_place_VENDING,False
lag_04__CT_smokes_last_5s,8.160710422089323e-06,8.160710422089323e-06,CT_smokes_last_5s,True
lag_02__CT_place_BRICKS,8.160352990671527e-06,8.160352990671527e-06,CT_place_BRICKS,False
lag_09__CT_place_TSIDELOWER,8.15648127172608e-06,8.15648127172608e-06,CT_place_TSIDELOWER,False
lag_05__CT_place_SECONDMID,8.154472197929863e-06,8.154472197929863e-06,CT_place_SECONDMID,False
lag_15__T_place_WALKWAY,8.15271596366074e-06,8.15271596366074e-06,T_place_WALKWAY,False
lag_01__CT_place_SQUEAKY,8.148283086484298e-06,8.148283086484298e-06,CT_place_SQUEAKY,False
lag_09__CT_place_CONSTRUCTION,8.139319106703624e-06,8.139319106703624e-06,CT_place_CONSTRUCTION,False
lag_12__T_place_TRUCK,8.136225915222894e-06,8.136225915222894e-06,T_place_TRUCK,False
lag_01__T_place_BALCONY,8.134706149576232e-06,8.134706149576232e-06,T_place_BALCONY,False
lag_15__CT_place_CTSIDEUPPER,8.132195944199339e-06,8.132195944199339e-06,CT_place_CTSIDEUPPER,False
lag_02__T_place_SIDE,8.108962902042549e-06,8.108962902042549e-06,T_place_SIDE,False
lag_03__CT_place_SCAFFOLDING,8.106626410153694e-06,8.106626410153694e-06,CT_place_SCAFFOLDING,False
lag_09__CT_place_IVY,8.103232175926678e-06,8.103232175926678e-06,CT_place_IVY,False
lag_02__T_place_UPSTAIRS,8.098287253233138e-06,8.098287253233138e-06,T_place_UPSTAIRS,False
lag_04__CT_place_SCAFFOLDING,8.096672900137492e-06,8.096672900137492e-06,CT_place_SCAFFOLDING,False
lag_11__T_place_OBSERVATION,8.070754120126367e-06,8.070754120126367e-06,T_place_OBSERVATION,False
lag_01__T_place_VENTS,8.054732461459935e-06,8.054732461459935e-06,T_place_VENTS,False
lag_02__T_place_DECON,8.027547664823942e-06,8.027547664823942e-06,T_place_DECON,False
lag_12__CT_place_RESTROOM,8.024475391721353e-06,8.024475391721353e-06,CT_place_RESTROOM,False
lag_04__CT2__has_helmet,-8.02250360720791e-06,8.02250360720791e-06,CT2__has_helmet,False
lag_08__CT_place_OBSERVATION,8.002258255146444e-06,8.002258255146444e-06,CT_place_OBSERVATION,False
lag_13__CT_place_OBSERVATION,7.995718078745995e-06,7.995718078745995e-06,CT_place_OBSERVATION,False
lag_12__T_place_SNIPERSNEST,7.994475708983373e-06,7.994475708983373e-06,T_place_SNIPERSNEST,False
lag_08__CT_place_PALACEALLEY,7.9931041909731e-06,7.9931041909731e-06,CT_place_PALACEALLEY,False
lag_07__T_place_BDOORS,7.991468919499312e-06,7.991468919499312e-06,T_place_BDOORS,False
lag_01__CT_place_TRAMP,7.988402103364933e-06,7.988402103364933e-06,CT_place_TRAMP,False
lag_13__CT_place_PALACEALLEY,7.986559467099141e-06,7.986559467099141e-06,CT_place_PALACEALLEY,False
lag_11__CT_he_last_5s,7.986193850229029e-06,7.986193850229029e-06,CT_he_last_5s,True
lag_07__CT_place_SIDEALLEY,7.982844181242399e-06,7.982844181242399e-06,CT_place_SIDEALLEY,False
lag_02__T_place_GRAVEYARD,7.980165719345678e-06,7.980165719345678e-06,T_place_GRAVEYARD,False
lag_11__T_place_STAIRS,7.974927939358167e-06,7.974927939358167e-06,T_place_STAIRS,False
lag_11__CT_place_BRICKS,7.961000846989919e-06,7.961000846989919e-06,CT_place_BRICKS,False
lag_12__T_smokes_last_5s,7.948711754579563e-06,7.948711754579563e-06,T_smokes_last_5s,True
lag_12__CT_place_VENDING,7.941708645375911e-06,7.941708645375911e-06,CT_place_VENDING,False
lag_06__T_place_QUAD,7.91865386418067e-06,7.91865386418067e-06,T_place_QUAD,False
lag_08__T_place_TRUCK,7.915373316791374e-06,7.915373316791374e-06,T_place_TRUCK,False
lag_01__T_place_JUNGLE,7.911679858807474e-06,7.911679858807474e-06,T_place_JUNGLE,False
lag_11__T_place_SIDE,7.910855856607668e-06,7.910855856607668e-06,T_place_SIDE,False
lag_13__T_place_TRUCK,7.908894076535944e-06,7.908894076535944e-06,T_place_TRUCK,False
lag_11__T_place_UPSTAIRS,7.900444870756473e-06,7.900444870756473e-06,T_place_UPSTAIRS,False
lag_02__T_macro_OTHER,7.874535185692366e-06,7.874535185692366e-06,T_macro_OTHER,False
lag_15__flash_inv_diff,-7.873180038586725e-06,7.873180038586725e-06,flash_inv_diff,True
lag_05__CT_place_OUTSIDETUNNEL,7.86893997428706e-06,7.86893997428706e-06,CT_place_OUTSIDETUNNEL,False
lag_12__T_place_OBSERVATION,7.84701023803791e-06,7.84701023803791e-06,T_place_OBSERVATION,False
lag_14__CT_place_SIDEALLEY,7.841908882255666e-06,7.841908882255666e-06,CT_place_SIDEALLEY,False
lag_11__T_place_DECON,7.831434231775347e-06,7.831434231775347e-06,T_place_DECON,False
lag_10__CT_place_OBSERVATION,7.825847205822356e-06,7.825847205822356e-06,CT_place_OBSERVATION,False
lag_09__CT_place_TUNNELSTAIRS,7.818292033334728e-06,7.818292033334728e-06,CT_place_TUNNELSTAIRS,False
lag_09__T_place_PIPE,7.817106961738318e-06,7.817106961738318e-06,T_place_PIPE,False
lag_02__T_place_SHOP,7.817105142748915e-06,7.817105142748915e-06,T_place_SHOP,False
lag_10__CT_place_PALACEALLEY,7.816885045031086e-06,7.816885045031086e-06,CT_place_PALACEALLEY,False
lag_11__T_alive,-7.815670869604219e-06,7.815670869604219e-06,T_alive,False
lag_01__T_place_HEAVEN,7.80957179813413e-06,7.80957179813413e-06,T_place_HEAVEN,False
lag_08__CT_place_RESTROOM,7.806655048625544e-06,7.806655048625544e-06,CT_place_RESTROOM,False
lag_06__T_place_LIBRARY,7.804434972058516e-06,7.804434972058516e-06,T_place_LIBRARY,False
lag_13__CT_place_RESTROOM,7.800264938850887e-06,7.800264938850887e-06,CT_place_RESTROOM,False
lag_02__CT_place_TUNNEL,7.791708412696607e-06,7.791708412696607e-06,CT_place_TUNNEL,False
lag_09__T_place_CONSTRUCTION,7.78807770984713e-06,7.78807770984713e-06,T_place_CONSTRUCTION,False
lag_01__T_place_ARCH,7.787855793139897e-06,7.787855793139897e-06,T_place_ARCH,False
lag_11__T_place_GRAVEYARD,7.78521007305244e-06,7.78521007305244e-06,T_place_GRAVEYARD,False
lag_08__T_place_SNIPERSNEST,7.77746390667744e-06,7.77746390667744e-06,T_place_SNIPERSNEST,False
lag_13__T_place_SNIPERSNEST,7.771109267196152e-06,7.771109267196152e-06,T_place_SNIPERSNEST,False
lag_01__T_place_GARAGE,7.770689990138635e-06,7.770689990138635e-06,T_place_GARAGE,False
lag_09__T_place_PLAYGROUND,7.768028808641247e-06,7.768028808641247e-06,T_place_PLAYGROUND,False
lag_12__CT_he_last_5s,7.764799192955252e-06,7.764799192955252e-06,CT_he_last_5s,True
lag_15__CT_place_OBSERVATION,7.763230314594693e-06,7.763230314594693e-06,CT_place_OBSERVATION,False
lag_05__T_smoke_inv,-7.762825589452405e-06,7.762825589452405e-06,T_smoke_inv,True
lag_10__T_alive,-7.755193109915126e-06,7.755193109915126e-06,T_alive,False
lag_15__CT_place_PALACEALLEY,7.754340913379565e-06,7.754340913379565e-06,CT_place_PALACEALLEY,False
lag_12__T_place_STAIRS,7.75385069573531e-06,7.75385069573531e-06,T_place_STAIRS,False
lag_13__CT_scoped_count,-7.749998076178599e-06,7.749998076178599e-06,CT_scoped_count,False
lag_07__T_place_LADDER,7.749316864646971e-06,7.749316864646971e-06,T_place_LADDER,False
lag_09__CT_place_DECON,7.746054507151712e-06,7.746054507151712e-06,CT_place_DECON,False
lag_10__T_place_TRUCK,7.740865839878097e-06,7.740865839878097e-06,T_place_TRUCK,False
lag_12__CT_place_BRICKS,7.740298315184191e-06,7.740298315184191e-06,CT_place_BRICKS,False
lag_08__T_smokes_last_5s,7.73294686950976e-06,7.73294686950976e-06,T_smokes_last_5s,True
lag_05__T_place_RESTROOM,7.728452146693598e-06,7.728452146693598e-06,T_place_RESTROOM,False
lag_13__T_smokes_last_5s,7.726614967396017e-06,7.726614967396017e-06,T_smokes_last_5s,True
lag_08__CT_place_VENDING,7.726132025709376e-06,7.726132025709376e-06,CT_place_VENDING,False
lag_00__T1__is_scoped,7.725858267804142e-06,7.725858267804142e-06,T1__is_scoped,False
lag_13__CT_place_VENDING,7.719808309047949e-06,7.719808309047949e-06,CT_place_VENDING,False
lag_09__CT_place_ENTRANCE,7.718926099187229e-06,7.718926099187229e-06,CT_place_ENTRANCE,False
lag_03__CT_place_SIDEALLEY,7.715924766671378e-06,7.715924766671378e-06,CT_place_SIDEALLEY,False
lag_05__T_place_DECK,7.708053090027533e-06,7.708053090027533e-06,T_place_DECK,False
lag_04__CT_place_SIDEALLEY,7.706453288847115e-06,7.706453288847115e-06,CT_place_SIDEALLEY,False
lag_12__T_place_SIDE,7.691557584621478e-06,7.691557584621478e-06,T_place_SIDE,False
lag_06__T_place_ADMIN,7.690198799537029e-06,7.690198799537029e-06,T_place_ADMIN,False
lag_12__T_place_UPSTAIRS,7.681428542127833e-06,7.681428542127833e-06,T_place_UPSTAIRS,False
lag_15__T_place_TRUCK,7.678936526644975e-06,7.678936526644975e-06,T_place_TRUCK,False
lag_02__CT_smokes_last_5s,7.67336314311251e-06,7.67336314311251e-06,CT_smokes_last_5s,True
lag_14__T2__hp,7.643000571988523e-06,7.643000571988523e-06,T2__hp,False
lag_09__CT_place_TROPHY,7.638222086825408e-06,7.638222086825408e-06,CT_place_TROPHY,False
lag_10__CT_place_RESTROOM,7.63455045671435e-06,7.63455045671435e-06,CT_place_RESTROOM,False
lag_08__T_place_OBSERVATION,7.634012035850901e-06,7.634012035850901e-06,T_place_OBSERVATION,False
lag_06__T_place_HOLE,7.632114829903003e-06,7.632114829903003e-06,T_place_HOLE,False
lag_13__T_place_OBSERVATION,7.6277665357338265e-06,7.6277665357338265e-06,T_place_OBSERVATION,False
lag_11__T_place_SHOP,7.626129445270635e-06,7.626129445270635e-06,T_place_SHOP,False
lag_06__T_place_HELL,7.615351478307275e-06,7.615351478307275e-06,T_place_HELL,False
lag_12__T_place_DECON,7.614339210704202e-06,7.614339210704202e-06,T_place_DECON,False
lag_02__CT_place_SCAFFOLDING,7.6131386776978616e-06,7.6131386776978616e-06,CT_place_SCAFFOLDING,False
lag_14__T_place_LADDER,7.612511581100989e-06,7.612511581100989e-06,T_place_LADDER,False
lag_09__CT_place_CRANE,7.60812099542818e-06,7.60812099542818e-06,CT_place_CRANE,False
lag_10__T_place_SNIPERSNEST,7.6060132414568216e-06,7.6060132414568216e-06,T_place_SNIPERSNEST,False
lag_09__T_place_MINI,7.6053725024394225e-06,7.6053725024394225e-06,T_place_MINI,False
lag_07__CT_B_site_active_infernos,7.60389912102255e-06,7.60389912102255e-06,CT_B_site_active_infernos,True
lag_11__CT_place_TUNNEL,7.601364359288709e-06,7.601364359288709e-06,CT_place_TUNNEL,False
lag_05__CT_place_STORAGEROOM,7.6012070167053025e-06,7.6012070167053025e-06,CT_place_STORAGEROOM,False
lag_01__CT_place_TSIDELOWER,7.592042493342888e-06,7.592042493342888e-06,CT_place_TSIDELOWER,False
lag_06__T_place_ELECTRICALBOX,7.58298438086058e-06,7.58298438086058e-06,T_place_ELECTRICALBOX,False
lag_01__CT_place_CONSTRUCTION,7.57606903789565e-06,7.57606903789565e-06,CT_place_CONSTRUCTION,False
lag_15__CT_place_RESTROOM,7.573471066280035e-06,7.573471066280035e-06,CT_place_RESTROOM,False
lag_12__T_place_GRAVEYARD,7.56939516577404e-06,7.56939516577404e-06,T_place_GRAVEYARD,False
lag_10__T_smokes_last_5s,7.562465270893881e-06,7.562465270893881e-06,T_smokes_last_5s,True
lag_10__CT_place_VENDING,7.5558059506875e-06,7.5558059506875e-06,CT_place_VENDING,False
lag_08__CT_he_last_5s,7.554025614808779e-06,7.554025614808779e-06,CT_he_last_5s,True
lag_13__CT_he_last_5s,7.547838777099969e-06,7.547838777099969e-06,CT_he_last_5s,True
lag_15__T_place_SNIPERSNEST,7.545154403487686e-06,7.545154403487686e-06,T_place_SNIPERSNEST,False
lag_08__T_place_STAIRS,7.543379524577176e-06,7.543379524577176e-06,T_place_STAIRS,False
lag_01__CT_place_IVY,7.54247366785421e-06,7.54247366785421e-06,CT_place_IVY,False
lag_13__T_place_STAIRS,7.537205419794191e-06,7.537205419794191e-06,T_place_STAIRS,False
lag_07__T_mollies_last_5s,7.536428711318877e-06,7.536428711318877e-06,T_mollies_last_5s,True
lag_08__CT_place_BRICKS,7.530193670390872e-06,7.530193670390872e-06,CT_place_BRICKS,False
lag_13__CT_place_BRICKS,7.52403138903901e-06,7.52403138903901e-06,CT_place_BRICKS,False
lag_15__T_smokes_last_5s,7.501957952626981e-06,7.501957952626981e-06,T_smokes_last_5s,True
lag_07__CT_place_SECONDMID,7.5018874667875934e-06,7.5018874667875934e-06,CT_place_SECONDMID,False
lag_15__CT_place_VENDING,7.4953504736186005e-06,7.4953504736186005e-06,CT_place_VENDING,False
lag_03__T_place_LADDER,7.490216830774443e-06,7.490216830774443e-06,T_place_LADDER,False
lag_11__CT_smokes_last_5s,7.485903552151285e-06,7.485903552151285e-06,CT_smokes_last_5s,True
lag_08__T_place_SIDE,7.482770342903677e-06,7.482770342903677e-06,T_place_SIDE,False
lag_04__T_place_LADDER,7.4810154728766065e-06,7.4810154728766065e-06,T_place_LADDER,False
lag_13__T_place_SIDE,7.476650807802798e-06,7.476650807802798e-06,T_place_SIDE,False
lag_08__T_place_UPSTAIRS,7.472922789020231e-06,7.472922789020231e-06,T_place_UPSTAIRS,False
lag_13__T_place_UPSTAIRS,7.466804163414054e-06,7.466804163414054e-06,T_place_UPSTAIRS,False
lag_10__T_place_OBSERVATION,7.465716407750733e-06,7.465716407750733e-06,T_place_OBSERVATION,False
lag_09__CT_place_BACKALLEY,7.427688160532853e-06,7.427688160532853e-06,CT_place_BACKALLEY,False
lag_11__CT_place_SCAFFOLDING,7.427152468153508e-06,7.427152468153508e-06,CT_place_SCAFFOLDING,False
lag_12__T_place_SHOP,7.414725132548483e-06,7.414725132548483e-06,T_place_SHOP,False
lag_08__T_place_DECON,7.4076501732633915e-06,7.4076501732633915e-06,T_place_DECON,False
lag_15__T_place_OBSERVATION,7.405978522001533e-06,7.405978522001533e-06,T_place_OBSERVATION,False
lag_14__T_mollies_last_5s,7.403378276649164e-06,7.403378276649164e-06,T_mollies_last_5s,True
lag_13__T_place_DECON,7.4015861173393205e-06,7.4015861173393205e-06,T_place_DECON,False
lag_12__CT_place_TUNNEL,7.3906394391087815e-06,7.3906394391087815e-06,CT_place_TUNNEL,False
lag_10__CT_he_last_5s,7.387493042187998e-06,7.387493042187998e-06,CT_he_last_5s,True
lag_10__T_place_STAIRS,7.377078873105347e-06,7.377078873105347e-06,T_place_STAIRS,False
lag_14__CT_place_SECONDMID,7.369448212557472e-06,7.369448212557472e-06,CT_place_SECONDMID,False
lag_10__CT_place_BRICKS,7.364182238234207e-06,7.364182238234207e-06,CT_place_BRICKS,False
lag_08__T_place_GRAVEYARD,7.363924851233605e-06,7.363924851233605e-06,T_place_GRAVEYARD,False
lag_13__T_place_GRAVEYARD,7.3578999035817105e-06,7.3578999035817105e-06,T_place_GRAVEYARD,False
lag_00__T_macro_MID,-7.35380581318168e-06,7.35380581318168e-06,T_macro_MID,False
lag_15__CT_he_last_5s,7.328382707783021e-06,7.328382707783021e-06,CT_he_last_5s,True
lag_09__T_place_BDOORS,7.3260457611468155e-06,7.3260457611468155e-06,T_place_BDOORS,False
lag_09__T_alive,7.324253147089621e-06,7.324253147089621e-06,T_alive,False
lag_15__T_place_STAIRS,7.318053121707635e-06,7.318053121707635e-06,T_place_STAIRS,False
lag_10__T_place_SIDE,7.317812560359016e-06,7.317812560359016e-06,T_place_SIDE,False
lag_10__T_place_UPSTAIRS,7.30817555449903e-06,7.30817555449903e-06,T_place_UPSTAIRS,False
lag_15__CT_place_BRICKS,7.305263352463953e-06,7.305263352463953e-06,CT_place_BRICKS,False
lag_04__active_infernos_total,7.29280100131291e-06,7.29280100131291e-06,active_infernos_total,True
lag_03__T_mollies_last_5s,7.284445928235073e-06,7.284445928235073e-06,T_mollies_last_5s,True
lag_09__T_place_WALKWAY,7.278756129380781e-06,7.278756129380781e-06,T_place_WALKWAY,False
lag_12__CT_smokes_last_5s,7.278383691300405e-06,7.278383691300405e-06,CT_smokes_last_5s,True
lag_01__CT_place_TUNNELSTAIRS,7.277251825144049e-06,7.277251825144049e-06,CT_place_TUNNELSTAIRS,False
lag_01__T_place_PIPE,7.276141332113184e-06,7.276141332113184e-06,T_place_PIPE,False
lag_04__T_mollies_last_5s,7.2754987741063815e-06,7.2754987741063815e-06,T_mollies_last_5s,True
lag_05__T_place_QUAD,7.263720362971071e-06,7.263720362971071e-06,T_place_QUAD,False
lag_09__CT_place_CTSIDEUPPER,7.260436177602969e-06,7.260436177602969e-06,CT_place_CTSIDEUPPER,False
lag_15__T_place_SIDE,7.259263384185033e-06,7.259263384185033e-06,T_place_SIDE,False
lag_03__CT_place_SECONDMID,7.2510579229856376e-06,7.2510579229856376e-06,CT_place_SECONDMID,False
lag_15__T_place_UPSTAIRS,7.249703230627347e-06,7.249703230627347e-06,T_place_UPSTAIRS,False
lag_01__T_place_CONSTRUCTION,7.249134341691388e-06,7.249134341691388e-06,T_place_CONSTRUCTION,False
lag_02__CT_place_SIDEALLEY,7.246224868140416e-06,7.246224868140416e-06,CT_place_SIDEALLEY,False
lag_10__T_place_DECON,7.244341759360395e-06,7.244341759360395e-06,T_place_DECON,False
lag_04__CT_place_SECONDMID,7.242153060360579e-06,7.242153060360579e-06,CT_place_SECONDMID,False
lag_07__CT_place_OUTSIDETUNNEL,7.239213118737098e-06,7.239213118737098e-06,CT_place_OUTSIDETUNNEL,False
lag_01__T_place_PLAYGROUND,7.23047787687392e-06,7.23047787687392e-06,T_place_PLAYGROUND,False
lag_12__CT_place_SCAFFOLDING,7.2212583290820476e-06,7.2212583290820476e-06,CT_place_SCAFFOLDING,False
lag_08__T_place_SHOP,7.213450771814678e-06,7.213450771814678e-06,T_place_SHOP,False
lag_01__CT_place_DECON,7.210022886283696e-06,7.210022886283696e-06,CT_place_DECON,False
lag_13__T_place_SHOP,7.207549060694873e-06,7.207549060694873e-06,T_place_SHOP,False
lag_10__T_place_GRAVEYARD,7.201590051408857e-06,7.201590051408857e-06,T_place_GRAVEYARD,False
lag_08__CT_place_TUNNEL,7.1900212788023055e-06,7.1900212788023055e-06,CT_place_TUNNEL,False
lag_15__T_place_DECON,7.186378752521705e-06,7.186378752521705e-06,T_place_DECON,False
lag_01__CT_place_ENTRANCE,7.184764399426058e-06,7.184764399426058e-06,CT_place_ENTRANCE,False
lag_13__CT_place_TUNNEL,7.1841373028291855e-06,7.1841373028291855e-06,CT_place_TUNNEL,False
lag_06__CT_place_UNKNOWN,7.172648111009039e-06,7.172648111009039e-06,CT_place_UNKNOWN,False
lag_05__T_place_LIBRARY,7.158952485042391e-06,7.158952485042391e-06,T_place_LIBRARY,False
lag_11__T1__is_scoped,-7.151439604058396e-06,7.151439604058396e-06,T1__is_scoped,False
lag_15__T_place_GRAVEYARD,7.143964467104524e-06,7.143964467104524e-06,T_place_GRAVEYARD,False
lag_14__CT_place_OUTSIDETUNNEL,7.111406830517808e-06,7.111406830517808e-06,CT_place_OUTSIDETUNNEL,False
lag_07__T_place_RESTROOM,7.109969374141656e-06,7.109969374141656e-06,T_place_RESTROOM,False
lag_01__CT_place_TROPHY,7.109642865543719e-06,7.109642865543719e-06,CT_place_TROPHY,False
lag_07__T_place_DECK,7.091203769959975e-06,7.091203769959975e-06,T_place_DECK,False
lag_01__CT_place_CRANE,7.081619969540043e-06,7.081619969540043e-06,CT_place_CRANE,False
lag_08__CT_smokes_last_5s,7.08080779077136e-06,7.08080779077136e-06,CT_smokes_last_5s,True
lag_01__T_place_MINI,7.079070655890973e-06,7.079070655890973e-06,T_place_MINI,False
lag_13__CT_smokes_last_5s,7.075015673763119e-06,7.075015673763119e-06,CT_smokes_last_5s,True
lag_11__CT_place_SIDEALLEY,7.069198545650579e-06,7.069198545650579e-06,CT_place_SIDEALLEY,False
lag_02__CT_spread_xy,-7.0677147050446365e-06,7.0677147050446365e-06,CT_spread_xy,False
lag_10__T_place_SHOP,7.054426077957032e-06,7.054426077957032e-06,T_place_SHOP,False
lag_05__T_place_ADMIN,7.054165507724974e-06,7.054165507724974e-06,T_place_ADMIN,False
lag_02__T_place_LADDER,7.034252121229656e-06,7.034252121229656e-06,T_place_LADDER,False
lag_10__CT_place_TUNNEL,7.03151499692467e-06,7.03151499692467e-06,CT_place_TUNNEL,False
lag_08__CT_place_SCAFFOLDING,7.025239483482437e-06,7.025239483482437e-06,CT_place_SCAFFOLDING,False
lag_13__CT_place_SCAFFOLDING,7.019492386461934e-06,7.019492386461934e-06,CT_place_SCAFFOLDING,False
lag_13__CT2__armor,7.01441695127869e-06,7.01441695127869e-06,CT2__armor,False
lag_05__T_place_HOLE,7.000885034358362e-06,7.000885034358362e-06,T_place_HOLE,False
lag_15__T_place_SHOP,6.997983746259706e-06,6.997983746259706e-06,T_place_SHOP,False
lag_03__CT_place_OUTSIDETUNNEL,6.997163382038707e-06,6.997163382038707e-06,CT_place_OUTSIDETUNNEL,False
lag_07__CT_place_STORAGEROOM,6.99290694683441e-06,6.99290694683441e-06,CT_place_STORAGEROOM,False
lag_04__CT_place_OUTSIDETUNNEL,6.988570930843707e-06,6.988570930843707e-06,CT_place_OUTSIDETUNNEL,False
lag_05__T_place_HELL,6.98551002642489e-06,6.98551002642489e-06,T_place_HELL,False
lag_14__T_place_RESTROOM,6.984449100855272e-06,6.984449100855272e-06,T_place_RESTROOM,False
lag_07__utility_damage_diff_last_5s,6.976046734052943e-06,6.976046734052943e-06,utility_damage_diff_last_5s,True
lag_15__CT_place_TUNNEL,6.975253654672997e-06,6.975253654672997e-06,CT_place_TUNNEL,False
lag_14__T_place_DECK,6.966010005271528e-06,6.966010005271528e-06,T_place_DECK,False
lag_05__T_place_ELECTRICALBOX,6.95581775289611e-06,6.95581775289611e-06,T_place_ELECTRICALBOX,False
lag_09__CT_place_OBSERVATION,6.931033567525446e-06,6.931033567525446e-06,CT_place_OBSERVATION,False
lag_10__CT_smokes_last_5s,6.9247130340954755e-06,6.9247130340954755e-06,CT_smokes_last_5s,True
lag_09__CT_place_PALACEALLEY,6.923093224031618e-06,6.923093224031618e-06,CT_place_PALACEALLEY,False
lag_01__CT_place_BACKALLEY,6.913677680131514e-06,6.913677680131514e-06,CT_place_BACKALLEY,False
lag_06__T_place_RAFTERS,6.913413471920649e-06,6.913413471920649e-06,T_place_RAFTERS,False
lag_01__T1__hp,6.873871370771667e-06,6.873871370771667e-06,T1__hp,False
lag_12__CT_place_SIDEALLEY,6.873231086501619e-06,6.873231086501619e-06,CT_place_SIDEALLEY,False
lag_03__T_place_RESTROOM,6.8722429205081426e-06,6.8722429205081426e-06,T_place_RESTROOM,False
lag_10__CT_place_SCAFFOLDING,6.870362085464876e-06,6.870362085464876e-06,CT_place_SCAFFOLDING,False
lag_14__CT_place_STORAGEROOM,6.8694516812684014e-06,6.8694516812684014e-06,CT_place_STORAGEROOM,False
lag_15__CT_smokes_last_5s,6.8693029788846616e-06,6.8693029788846616e-06,CT_smokes_last_5s,True
lag_06__CT3__molly,-6.865635896247113e-06,6.865635896247113e-06,CT3__molly,True
lag_04__T_place_RESTROOM,6.863805538159795e-06,6.863805538159795e-06,T_place_RESTROOM,False
lag_11__T_place_LADDER,6.8624021878349595e-06,6.8624021878349595e-06,T_place_LADDER,False
lag_09__T_place_TRUCK,6.855768788227579e-06,6.855768788227579e-06,T_place_TRUCK,False
lag_06__CT_place_GRAVEYARD,6.8549720708688255e-06,6.8549720708688255e-06,CT_place_GRAVEYARD,False
lag_03__T_place_DECK,6.854105322418036e-06,6.854105322418036e-06,T_place_DECK,False
lag_04__T_place_DECK,6.845682491984917e-06,6.845682491984917e-06,T_place_DECK,False
lag_02__T_mollies_last_5s,6.841007234470453e-06,6.841007234470453e-06,T_mollies_last_5s,True
lag_03__CT_place_CTSPAWN,6.825643595220754e-06,6.825643595220754e-06,CT_place_CTSPAWN,False
lag_06__CT_place_LOWERMID,6.815488632128108e-06,6.815488632128108e-06,CT_place_LOWERMID,False
lag_15__CT_place_SCAFFOLDING,6.8153954089211766e-06,6.8153954089211766e-06,CT_place_SCAFFOLDING,False
lag_02__CT_place_SECONDMID,6.809655133110937e-06,6.809655133110937e-06,CT_place_SECONDMID,False
lag_01__T_place_WALKWAY,6.775058864150196e-06,6.775058864150196e-06,T_place_WALKWAY,False
lag_09__CT_place_RESTROOM,6.761609256500378e-06,6.761609256500378e-06,CT_place_RESTROOM,False
lag_03__CT_place_STORAGEROOM,6.759097686881432e-06,6.759097686881432e-06,CT_place_STORAGEROOM,False
lag_01__CT_place_CTSIDEUPPER,6.758005383744603e-06,6.758005383744603e-06,CT_place_CTSIDEUPPER,False
lag_04__CT_place_STORAGEROOM,6.750790362275438e-06,6.750790362275438e-06,CT_place_STORAGEROOM,False
lag_09__T_place_SNIPERSNEST,6.736328032275196e-06,6.736328032275196e-06,T_place_SNIPERSNEST,False
lag_06__CT_flash_inv,6.713928087265231e-06,6.713928087265231e-06,CT_flash_inv,True
lag_09__T_smokes_last_5s,6.6977672759094276e-06,6.6977672759094276e-06,T_smokes_last_5s,True
lag_09__CT_place_VENDING,6.69185874357936e-06,6.69185874357936e-06,CT_place_VENDING,False
lag_08__CT_place_SIDEALLEY,6.6866609813587274e-06,6.6866609813587274e-06,CT_place_SIDEALLEY,False
lag_07__T_place_QUAD,6.682424100290518e-06,6.682424100290518e-06,T_place_QUAD,False
lag_13__CT_place_SIDEALLEY,6.681185823254054e-06,6.681185823254054e-06,CT_place_SIDEALLEY,False
lag_11__T_mollies_last_5s,6.673881216556765e-06,6.673881216556765e-06,T_mollies_last_5s,True
lag_12__T_place_LADDER,6.672167728538625e-06,6.672167728538625e-06,T_place_LADDER,False
lag_11__CT_place_SECONDMID,6.643296273978194e-06,6.643296273978194e-06,CT_place_SECONDMID,False
lag_06__CT_place_ROOF,6.634184501308482e-06,6.634184501308482e-06,CT_place_ROOF,False
lag_09__T_place_OBSERVATION,6.612072866118979e-06,6.612072866118979e-06,T_place_OBSERVATION,False
lag_07__T_place_LIBRARY,6.586040854017483e-06,6.586040854017483e-06,T_place_LIBRARY,False
lag_05__CT_place_UNKNOWN,6.579418823093874e-06,6.579418823093874e-06,CT_place_UNKNOWN,False
lag_02__CT_place_OUTSIDETUNNEL,6.571213361894479e-06,6.571213361894479e-06,CT_place_OUTSIDETUNNEL,False
lag_14__T_place_QUAD,6.564453542523552e-06,6.564453542523552e-06,T_place_QUAD,False
lag_09__CT_he_last_5s,6.5427939262008294e-06,6.5427939262008294e-06,CT_he_last_5s,True
lag_10__CT_place_SIDEALLEY,6.5392491706006695e-06,6.5392491706006695e-06,CT_place_SIDEALLEY,False
lag_09__T_place_STAIRS,6.533574378408957e-06,6.533574378408957e-06,T_place_STAIRS,False
lag_09__CT_place_BRICKS,6.5221543081861455e-06,6.5221543081861455e-06,CT_place_BRICKS,False
lag_14__CT2__hp,-6.501747520815115e-06,6.501747520815115e-06,CT2__hp,False
lag_08__T_place_LADDER,6.4910527726169676e-06,6.4910527726169676e-06,T_place_LADDER,False
lag_07__T_place_ADMIN,6.489642601081869e-06,6.489642601081869e-06,T_place_ADMIN,False
lag_12__T_mollies_last_5s,6.488875442300923e-06,6.488875442300923e-06,T_mollies_last_5s,True
lag_15__CT_place_SIDEALLEY,6.486923211923568e-06,6.486923211923568e-06,CT_place_SIDEALLEY,False
lag_13__T_place_LADDER,6.485740414063912e-06,6.485740414063912e-06,T_place_LADDER,False
lag_09__T_place_SIDE,6.481076979980571e-06,6.481076979980571e-06,T_place_SIDE,False
lag_09__T_place_UPSTAIRS,6.4725486481620464e-06,6.4725486481620464e-06,T_place_UPSTAIRS,False
lag_14__T_place_LIBRARY,6.469769232353428e-06,6.469769232353428e-06,T_place_LIBRARY,False
lag_12__CT_place_SECONDMID,6.459124506363878e-06,6.459124506363878e-06,CT_place_SECONDMID,False
lag_03__T_place_QUAD,6.458995812863577e-06,6.458995812863577e-06,T_place_QUAD,False
lag_02__T_place_RESTROOM,6.453899004554842e-06,6.453899004554842e-06,T_place_RESTROOM,False
lag_01__CT_place_OBSERVATION,6.45139471089351e-06,6.45139471089351e-06,CT_place_OBSERVATION,False
lag_04__T_place_QUAD,6.45106138108531e-06,6.45106138108531e-06,T_place_QUAD,False
lag_01__CT_place_PALACEALLEY,6.4440027927048504e-06,6.4440027927048504e-06,CT_place_PALACEALLEY,False
lag_07__T_place_HOLE,6.4406217461510096e-06,6.4406217461510096e-06,T_place_HOLE,False
lag_02__T_place_DECK,6.436859621317126e-06,6.436859621317126e-06,T_place_DECK,False
lag_06__CT_place_SIDE,6.435183877329109e-06,6.435183877329109e-06,CT_place_SIDE,False
lag_07__T_place_HELL,6.426476829801686e-06,6.426476829801686e-06,T_place_HELL,False
lag_09__T_place_DECON,6.4160135480051395e-06,6.4160135480051395e-06,T_place_DECON,False
lag_11__CT_place_OUTSIDETUNNEL,6.4106784520845395e-06,6.4106784520845395e-06,CT_place_OUTSIDETUNNEL,False
lag_07__T_place_ELECTRICALBOX,6.399165158654796e-06,6.399165158654796e-06,T_place_ELECTRICALBOX,False
lag_01__T_place_TRUCK,6.381339971994748e-06,6.381339971994748e-06,T_place_TRUCK,False
lag_09__T_place_GRAVEYARD,6.37814491710742e-06,6.37814491710742e-06,T_place_GRAVEYARD,False
lag_14__T_place_ADMIN,6.375068096531322e-06,6.375068096531322e-06,T_place_ADMIN,False
lag_03__T_place_LIBRARY,6.365836270560976e-06,6.365836270560976e-06,T_place_LIBRARY,False
lag_04__T_place_LIBRARY,6.3580200730939396e-06,6.3580200730939396e-06,T_place_LIBRARY,False
lag_06__CT_place_TSTAIRS,6.351154297590256e-06,6.351154297590256e-06,CT_place_TSTAIRS,False
lag_10__T_place_LADDER,6.347954240482068e-06,6.347954240482068e-06,T_place_LADDER,False
lag_02__CT_place_STORAGEROOM,6.3476345530943945e-06,6.3476345530943945e-06,CT_place_STORAGEROOM,False
lag_05__T_place_RAFTERS,6.341628250083886e-06,6.341628250083886e-06,T_place_RAFTERS,False
lag_03__CT_flash_duration_sum,6.3293223320215475e-06,6.3293223320215475e-06,CT_flash_duration_sum,True
lag_14__T_place_HOLE,6.326916263788007e-06,6.326916263788007e-06,T_place_HOLE,False
lag_14__T_place_HELL,6.313024186965777e-06,6.313024186965777e-06,T_place_HELL,False
lag_08__T_mollies_last_5s,6.312730420177104e-06,6.312730420177104e-06,T_mollies_last_5s,True
lag_13__T_mollies_last_5s,6.307562216534279e-06,6.307562216534279e-06,T_mollies_last_5s,True
lag_15__T_place_LADDER,6.297165327850962e-06,6.297165327850962e-06,T_place_LADDER,False
lag_11__T_place_RESTROOM,6.296228548308136e-06,6.296228548308136e-06,T_place_RESTROOM,False
lag_01__CT_place_RESTROOM,6.293696060311049e-06,6.293696060311049e-06,CT_place_RESTROOM,False
lag_05__CT_place_GRAVEYARD,6.288026270340197e-06,6.288026270340197e-06,CT_place_GRAVEYARD,False
lag_14__T_place_ELECTRICALBOX,6.286195002758177e-06,6.286195002758177e-06,T_place_ELECTRICALBOX,False
lag_08__CT_place_SECONDMID,6.2837980294716544e-06,6.2837980294716544e-06,CT_place_SECONDMID,False
lag_11__T_place_DECK,6.279610715864692e-06,6.279610715864692e-06,T_place_DECK,False
lag_13__CT_place_SECONDMID,6.278657565417234e-06,6.278657565417234e-06,CT_place_SECONDMID,False
lag_03__T_place_ADMIN,6.272656264627585e-06,6.272656264627585e-06,T_place_ADMIN,False
lag_01__T_place_SNIPERSNEST,6.270164703892078e-06,6.270164703892078e-06,T_place_SNIPERSNEST,False
lag_04__T_place_ADMIN,6.264951025514165e-06,6.264951025514165e-06,T_place_ADMIN,False
lag_05__CT_place_LOWERMID,6.251797913137125e-06,6.251797913137125e-06,CT_place_LOWERMID,False
lag_09__T_place_SHOP,6.2478102336172014e-06,6.2478102336172014e-06,T_place_SHOP,False
lag_01__T_smokes_last_5s,6.234268767002504e-06,6.234268767002504e-06,T_smokes_last_5s,True
lag_12__CT_place_OUTSIDETUNNEL,6.232964551600162e-06,6.232964551600162e-06,CT_place_OUTSIDETUNNEL,False
lag_01__CT_place_VENDING,6.228775419003796e-06,6.228775419003796e-06,CT_place_VENDING,False
lag_09__CT_place_TUNNEL,6.2275189520732965e-06,6.2275189520732965e-06,CT_place_TUNNEL,False
lag_03__T_place_HELL,6.211603704286972e-06,6.211603704286972e-06,T_place_HELL,False
lag_04__T_place_HELL,6.203975317475852e-06,6.203975317475852e-06,T_place_HELL,False
lag_11__CT_place_STORAGEROOM,6.192561158968601e-06,6.192561158968601e-06,CT_place_STORAGEROOM,False
lag_03__T_place_ELECTRICALBOX,6.185205620568013e-06,6.185205620568013e-06,T_place_ELECTRICALBOX,False
lag_04__T_place_ELECTRICALBOX,6.1776090660714544e-06,6.1776090660714544e-06,T_place_ELECTRICALBOX,False
lag_10__T_mollies_last_5s,6.173562724143267e-06,6.173562724143267e-06,T_mollies_last_5s,True
lag_01__T_place_OBSERVATION,6.154507445899071e-06,6.154507445899071e-06,T_place_OBSERVATION,False
lag_10__CT_place_SECONDMID,6.145266524981707e-06,6.145266524981707e-06,CT_place_SECONDMID,False
lag_12__CT_spread_xy,-6.138258413557196e-06,6.138258413557196e-06,CT_spread_xy,False
lag_11__T_bomb_carrier_alive,6.1334621932473965e-06,6.1334621932473965e-06,T_bomb_carrier_alive,False
lag_09__CT_smokes_last_5s,6.132935141067719e-06,6.132935141067719e-06,CT_smokes_last_5s,True
lag_08__T_molly_inv,-6.126873813627753e-06,6.126873813627753e-06,T_molly_inv,True
lag_15__T_mollies_last_5s,6.124170340626733e-06,6.124170340626733e-06,T_mollies_last_5s,True
lag_12__T_place_RESTROOM,6.121686055848841e-06,6.121686055848841e-06,T_place_RESTROOM,False
lag_12__T_place_DECK,6.105525699240388e-06,6.105525699240388e-06,T_place_DECK,False
lag_15__CT_place_SECONDMID,6.0961006056459155e-06,6.0961006056459155e-06,CT_place_SECONDMID,False
lag_04__CT_closest_enemy_dist,-6.096050583437318e-06,6.096050583437318e-06,CT_closest_enemy_dist,False
lag_01__CT_he_last_5s,6.090020178817213e-06,6.090020178817213e-06,CT_he_last_5s,True
lag_05__CT_place_ROOF,6.085492714191787e-06,6.085492714191787e-06,CT_place_ROOF,False
lag_09__CT_place_SCAFFOLDING,6.084794222260825e-06,6.084794222260825e-06,CT_place_SCAFFOLDING,False
lag_01__T_place_STAIRS,6.0814372773165815e-06,6.0814372773165815e-06,T_place_STAIRS,False
lag_01__CT_place_BRICKS,6.070808922231663e-06,6.070808922231663e-06,CT_place_BRICKS,False
lag_02__T_place_QUAD,6.065803972887807e-06,6.065803972887807e-06,T_place_QUAD,False
lag_08__CT_place_OUTSIDETUNNEL,6.063773980713449e-06,6.063773980713449e-06,CT_place_OUTSIDETUNNEL,False
lag_13__CT_place_OUTSIDETUNNEL,6.0588113228732254e-06,6.0588113228732254e-06,CT_place_OUTSIDETUNNEL,False
lag_07__CT_place_UNKNOWN,6.0528832364070695e-06,6.0528832364070695e-06,CT_place_UNKNOWN,False
lag_06__CT_place_STREET,6.039442723704269e-06,6.039442723704269e-06,CT_place_STREET,False
lag_06__T_place_HUTROOF,6.0345828387653455e-06,6.0345828387653455e-06,T_place_HUTROOF,False
lag_01__T_place_UPSTAIRS,6.024637059454108e-06,6.024637059454108e-06,T_place_UPSTAIRS,False
lag_12__CT_place_STORAGEROOM,6.020892215019558e-06,6.020892215019558e-06,CT_place_STORAGEROOM,False
lag_00__T3__molly,-6.010286142554833e-06,6.010286142554833e-06,T3__molly,True
lag_06__T_place_SCAFFOLDING,6.001950623613084e-06,6.001950623613084e-06,T_place_SCAFFOLDING,False
lag_04__CT_place_CTSPAWN,5.9878448155359365e-06,5.9878448155359365e-06,CT_place_CTSPAWN,False
lag_02__T_place_LIBRARY,5.978317403787514e-06,5.978317403787514e-06,T_place_LIBRARY,False
lag_01__T_place_DECON,5.9720159697462805e-06,5.9720159697462805e-06,T_place_DECON,False
lag_08__T_place_RESTROOM,5.955515007372014e-06,5.955515007372014e-06,T_place_RESTROOM,False
lag_05__T2__armor,-5.952852916379925e-06,5.952852916379925e-06,T2__armor,False
lag_13__T_place_RESTROOM,5.950641480012564e-06,5.950641480012564e-06,T_place_RESTROOM,False
lag_14__CT_place_UNKNOWN,5.946024430159014e-06,5.946024430159014e-06,CT_place_UNKNOWN,False
lag_08__T_place_DECK,5.939793481957167e-06,5.939793481957167e-06,T_place_DECK,False
lag_01__T_place_GRAVEYARD,5.936765774094965e-06,5.936765774094965e-06,T_place_GRAVEYARD,False
lag_13__T_place_DECK,5.934934051765595e-06,5.934934051765595e-06,T_place_DECK,False
lag_10__CT_place_OUTSIDETUNNEL,5.930093720962759e-06,5.930093720962759e-06,CT_place_OUTSIDETUNNEL,False
lag_11__T_place_QUAD,5.91761818213854e-06,5.91761818213854e-06,T_place_QUAD,False
lag_05__CT_place_SIDE,5.902948487346293e-06,5.902948487346293e-06,CT_place_SIDE,False
lag_02__T_place_ADMIN,5.890809006814379e-06,5.890809006814379e-06,T_place_ADMIN,False
lag_15__CT_place_OUTSIDETUNNEL,5.882646291865967e-06,5.882646291865967e-06,CT_place_OUTSIDETUNNEL,False
lag_08__CT_place_STORAGEROOM,5.857456926605664e-06,5.857456926605664e-06,CT_place_STORAGEROOM,False
lag_06__CT_mollies_last_5s,5.853809852851555e-06,5.853809852851555e-06,CT_mollies_last_5s,True
lag_13__CT_place_STORAGEROOM,5.852664799022023e-06,5.852664799022023e-06,CT_place_STORAGEROOM,False
lag_03__CT_place_UNKNOWN,5.8505024753685575e-06,5.8505024753685575e-06,CT_place_UNKNOWN,False
lag_04__CT_place_UNKNOWN,5.8433170124772005e-06,5.8433170124772005e-06,CT_place_UNKNOWN,False
lag_08__CT_defuser_count,-5.837303888256429e-06,5.837303888256429e-06,CT_defuser_count,False
lag_07__T_place_RAFTERS,5.834131115989294e-06,5.834131115989294e-06,T_place_RAFTERS,False
lag_02__T_place_HELL,5.833479463035474e-06,5.833479463035474e-06,T_place_HELL,False
lag_11__T_place_LIBRARY,5.832266651850659e-06,5.832266651850659e-06,T_place_LIBRARY,False
lag_05__CT_place_TSTAIRS,5.825871994602494e-06,5.825871994602494e-06,CT_place_TSTAIRS,False
lag_10__T_place_RESTROOM,5.824224444950232e-06,5.824224444950232e-06,T_place_RESTROOM,False
lag_01__T_place_SHOP,5.815454642288387e-06,5.815454642288387e-06,T_place_SHOP,False
lag_10__T_place_DECK,5.808849891764112e-06,5.808849891764112e-06,T_place_DECK,False
lag_02__T_place_ELECTRICALBOX,5.808681635244284e-06,5.808681635244284e-06,T_place_ELECTRICALBOX,False
lag_06__T2__armor,-5.8031637308886275e-06,5.8031637308886275e-06,T2__armor,False
lag_02__CT_flash_duration_sum,5.8011887631437276e-06,5.8011887631437276e-06,CT_flash_duration_sum,True
lag_01__CT_place_TUNNEL,5.796568984806072e-06,5.796568984806072e-06,CT_place_TUNNEL,False
lag_09__CT_place_SIDEALLEY,5.791542662336724e-06,5.791542662336724e-06,CT_place_SIDEALLEY,False
lag_07__CT_place_GRAVEYARD,5.7848073993227445e-06,5.7848073993227445e-06,CT_place_GRAVEYARD,False
lag_15__T_place_RESTROOM,5.777623755420791e-06,5.777623755420791e-06,T_place_RESTROOM,False
lag_15__T_place_DECK,5.762373803008813e-06,5.762373803008813e-06,T_place_DECK,False
lag_12__T_place_QUAD,5.7535739870218094e-06,5.7535739870218094e-06,T_place_QUAD,False
lag_05__T_bomb_carrier_alive,-5.75233298150124e-06,5.75233298150124e-06,T_bomb_carrier_alive,False
lag_07__CT_place_LOWERMID,5.75148624193389e-06,5.75148624193389e-06,CT_place_LOWERMID,False
lag_11__T_place_ADMIN,5.746896022174042e-06,5.746896022174042e-06,T_place_ADMIN,False
lag_14__T_place_RAFTERS,5.731128567276755e-06,5.731128567276755e-06,T_place_RAFTERS,False
lag_10__CT_place_STORAGEROOM,5.728323230869137e-06,5.728323230869137e-06,CT_place_STORAGEROOM,False
lag_15__CT_flash_inv,-5.724009952245979e-06,5.724009952245979e-06,CT_flash_inv,True
lag_01__CT_smokes_last_5s,5.708520802727435e-06,5.708520802727435e-06,CT_smokes_last_5s,True
lag_11__T_place_HOLE,5.70349084227928e-06,5.70349084227928e-06,T_place_HOLE,False
lag_07__CT1__molly,-5.694466381100938e-06,5.694466381100938e-06,CT1__molly,True
lag_11__T_place_HELL,5.690964826499112e-06,5.690964826499112e-06,T_place_HELL,False
lag_06__T_place_ENTRANCE,5.685175892722327e-06,5.685175892722327e-06,T_place_ENTRANCE,False
lag_14__CT_place_GRAVEYARD,5.682681603502715e-06,5.682681603502715e-06,CT_place_GRAVEYARD,False
lag_15__CT_place_STORAGEROOM,5.682496066583553e-06,5.682496066583553e-06,CT_place_STORAGEROOM,False
lag_12__T_place_LIBRARY,5.670583959727082e-06,5.670583959727082e-06,T_place_LIBRARY,False
lag_11__T_place_ELECTRICALBOX,5.666776814905461e-06,5.666776814905461e-06,T_place_ELECTRICALBOX,False
lag_01__CT_place_SCAFFOLDING,5.663721367454855e-06,5.663721367454855e-06,CT_place_SCAFFOLDING,False
lag_14__CT_place_LOWERMID,5.649945705954451e-06,5.649945705954451e-06,CT_place_LOWERMID,False
lag_03__T_place_RAFTERS,5.639063147100387e-06,5.639063147100387e-06,T_place_RAFTERS,False
lag_09__T_place_OUTSIDELONG,5.6390458667010535e-06,5.6390458667010535e-06,T_place_OUTSIDELONG,False
lag_04__T_place_RAFTERS,5.632135525956983e-06,5.632135525956983e-06,T_place_RAFTERS,False
lag_09__T_place_LADDER,5.622118806059007e-06,5.622118806059007e-06,T_place_LADDER,False
lag_02__CT_utility_damage_last_5s,-5.604577381745912e-06,5.604577381745912e-06,CT_utility_damage_last_5s,True
lag_07__CT_place_ROOF,5.598486040980788e-06,5.598486040980788e-06,CT_place_ROOF,False
lag_08__T_place_QUAD,5.5973900998651516e-06,5.5973900998651516e-06,T_place_QUAD,False
lag_11__CT5__is_walking,5.594045433099382e-06,5.594045433099382e-06,CT5__is_walking,False
lag_13__T_place_QUAD,5.592810339294374e-06,5.592810339294374e-06,T_place_QUAD,False
lag_03__CT_place_GRAVEYARD,5.591388344328152e-06,5.591388344328152e-06,CT_place_GRAVEYARD,False
lag_06__T_place_KITCHEN,5.591256012849044e-06,5.591256012849044e-06,T_place_KITCHEN,False
lag_12__T_place_ADMIN,5.5875811995065305e-06,5.5875811995065305e-06,T_place_ADMIN,False
lag_04__CT_place_GRAVEYARD,5.584520749835065e-06,5.584520749835065e-06,CT_place_GRAVEYARD,False
lag_01__T4__utility_total,-5.581696314038709e-06,5.581696314038709e-06,T4__utility_total,True
lag_03__CT_place_LOWERMID,5.559179953706916e-06,5.559179953706916e-06,CT_place_LOWERMID,False
lag_04__CT_place_LOWERMID,5.552350103243953e-06,5.552350103243953e-06,CT_place_LOWERMID,False
lag_12__T_place_HOLE,5.545378371607512e-06,5.545378371607512e-06,T_place_HOLE,False
lag_05__CT_place_STREET,5.539935045817401e-06,5.539935045817401e-06,CT_place_STREET,False
lag_05__T_place_HUTROOF,5.535478521778714e-06,5.535478521778714e-06,T_place_HUTROOF,False
lag_12__T_place_HELL,5.53319887330872e-06,5.53319887330872e-06,T_place_HELL,False
lag_08__T_place_LIBRARY,5.516657438420225e-06,5.516657438420225e-06,T_place_LIBRARY,False
lag_13__T_place_LIBRARY,5.512147254194133e-06,5.512147254194133e-06,T_place_LIBRARY,False
lag_12__T_place_ELECTRICALBOX,5.509682523552328e-06,5.509682523552328e-06,T_place_ELECTRICALBOX,False
lag_05__T_place_SCAFFOLDING,5.505543867911911e-06,5.505543867911911e-06,T_place_SCAFFOLDING,False
lag_14__CT_place_ROOF,5.499648068507668e-06,5.499648068507668e-06,CT_place_ROOF,False
lag_02__CT_place_UNKNOWN,5.4943534451012965e-06,5.4943534451012965e-06,CT_place_UNKNOWN,False
lag_06__CT_damage_last_5s,-5.492281616170658e-06,5.492281616170658e-06,CT_damage_last_5s,False
lag_10__T_place_QUAD,5.473993041960057e-06,5.473993041960057e-06,T_place_QUAD,False
lag_09__T_mollies_last_5s,5.467665687319823e-06,5.467665687319823e-06,T_mollies_last_5s,True
lag_10__T_place_TUNNELSTAIRS,5.465702997753397e-06,5.465702997753397e-06,T_place_TUNNELSTAIRS,False
lag_09__CT_place_SECONDMID,5.442605470307171e-06,5.442605470307171e-06,CT_place_SECONDMID,False
lag_08__T_place_ADMIN,5.4359079513233155e-06,5.4359079513233155e-06,T_place_ADMIN,False
lag_13__T_place_ADMIN,5.431464160210453e-06,5.431464160210453e-06,T_place_ADMIN,False
lag_07__CT_place_SIDE,5.430556484498084e-06,5.430556484498084e-06,CT_place_SIDE,False
lag_15__T_place_QUAD,5.430194505606778e-06,5.430194505606778e-06,T_place_QUAD,False
lag_13__closest_enemy_dist_diff,-5.426088137028273e-06,5.426088137028273e-06,closest_enemy_dist_diff,False
lag_03__CT_place_ROOF,5.411295660451287e-06,5.411295660451287e-06,CT_place_ROOF,False
lag_04__CT_place_ROOF,5.404653165896889e-06,5.404653165896889e-06,CT_place_ROOF,False
lag_10__T_place_LIBRARY,5.395042080635903e-06,5.395042080635903e-06,T_place_LIBRARY,False
lag_08__T_place_HOLE,5.394851086748531e-06,5.394851086748531e-06,T_place_HOLE,False
lag_01__CT_place_SIDEALLEY,5.390760634327307e-06,5.390760634327307e-06,CT_place_SIDEALLEY,False
lag_13__T_place_HOLE,5.390439127950231e-06,5.390439127950231e-06,T_place_HOLE,False
lag_08__T_place_HELL,5.383003554015886e-06,5.383003554015886e-06,T_place_HELL,False
lag_13__T_place_HELL,5.378597961680498e-06,5.378597961680498e-06,T_place_HELL,False
lag_05__CT_mollies_last_5s,5.369661266740877e-06,5.369661266740877e-06,CT_mollies_last_5s,True
lag_11__CT_place_UNKNOWN,5.360127943276893e-06,5.360127943276893e-06,CT_place_UNKNOWN,False
lag_08__T_place_ELECTRICALBOX,5.360125214792788e-06,5.360125214792788e-06,T_place_ELECTRICALBOX,False
lag_07__CT_place_TSTAIRS,5.359643637348199e-06,5.359643637348199e-06,CT_place_TSTAIRS,False
lag_13__CT_place_BOMBSITEB,-5.356265774025815e-06,5.356265774025815e-06,CT_place_BOMBSITEB,False
lag_13__CT_macro_B,-5.356265774025815e-06,5.356265774025815e-06,CT_macro_B,False
lag_13__T_place_ELECTRICALBOX,5.355740540835541e-06,5.355740540835541e-06,T_place_ELECTRICALBOX,False
lag_15__T_place_LIBRARY,5.351873824110953e-06,5.351873824110953e-06,T_place_LIBRARY,False
lag_04__CT_shots_fired_sum,-5.338817572919652e-06,5.338817572919652e-06,CT_shots_fired_sum,False
lag_14__CT_place_SIDE,5.334679372026585e-06,5.334679372026585e-06,CT_place_SIDE,False
lag_10__T_place_ADMIN,5.31607065568096e-06,5.31607065568096e-06,T_place_ADMIN,False
lag_02__T_place_RAFTERS,5.2957816478738096e-06,5.2957816478738096e-06,T_place_RAFTERS,False
lag_06__T_place_LOCKERROOM,5.277224317978835e-06,5.277224317978835e-06,T_place_LOCKERROOM,False
lag_10__T_place_HOLE,5.2759196478291415e-06,5.2759196478291415e-06,T_place_HOLE,False
lag_15__T_place_ADMIN,5.273537226457847e-06,5.273537226457847e-06,T_place_ADMIN,False
lag_14__CT_place_TSTAIRS,5.265022537059849e-06,5.265022537059849e-06,CT_place_TSTAIRS,False
lag_10__T_place_HELL,5.2643322305812035e-06,5.2643322305812035e-06,T_place_HELL,False
lag_09__CT_place_OUTSIDETUNNEL,5.252034952718532e-06,5.252034952718532e-06,CT_place_OUTSIDETUNNEL,False
lag_02__CT_place_GRAVEYARD,5.251014044915792e-06,5.251014044915792e-06,CT_place_GRAVEYARD,False
lag_03__CT_place_SIDE,5.248980414762627e-06,5.248980414762627e-06,CT_place_SIDE,False
lag_04__CT_place_SIDE,5.242529823590303e-06,5.242529823590303e-06,CT_place_SIDE,False
lag_10__T_place_ELECTRICALBOX,5.241957296675537e-06,5.241957296675537e-06,T_place_ELECTRICALBOX,False
lag_15__T_smoke_inv,-5.234816399024567e-06,5.234816399024567e-06,T_smoke_inv,True
lag_15__T_place_HOLE,5.233706360741053e-06,5.233706360741053e-06,T_place_HOLE,False
lag_01__T_place_LADDER,5.2330583457660396e-06,5.2330583457660396e-06,T_place_LADDER,False
lag_03__T3__X,5.22760547028156e-06,5.22760547028156e-06,T3__X,False
lag_15__T_place_HELL,5.222215349931503e-06,5.222215349931503e-06,T_place_HELL,False
lag_02__CT_place_LOWERMID,5.2207665248715784e-06,5.2207665248715784e-06,CT_place_LOWERMID,False
lag_05__T_place_ENTRANCE,5.214971679379232e-06,5.214971679379232e-06,T_place_ENTRANCE,False
lag_12__CT_place_UNKNOWN,5.211531515669776e-06,5.211531515669776e-06,CT_place_UNKNOWN,False
lag_15__T_place_ELECTRICALBOX,5.2000145842612255e-06,5.2000145842612255e-06,T_place_ELECTRICALBOX,False
lag_03__CT_place_TSTAIRS,5.180438620300265e-06,5.180438620300265e-06,CT_place_TSTAIRS,False
lag_04__CT_place_TSTAIRS,5.174075795366662e-06,5.174075795366662e-06,CT_place_TSTAIRS,False
lag_11__T_place_RAFTERS,5.166407390788663e-06,5.166407390788663e-06,T_place_RAFTERS,False
lag_09__T_place_RESTROOM,5.158271960681304e-06,5.158271960681304e-06,T_place_RESTROOM,False
lag_09__T_place_DECK,5.144656824995764e-06,5.144656824995764e-06,T_place_DECK,False
lag_05__T_place_KITCHEN,5.128822067490546e-06,5.128822067490546e-06,T_place_KITCHEN,False
lag_13__CT_velocity_mean,-5.123189566802466e-06,5.123189566802466e-06,CT_velocity_mean,False
lag_11__CT_place_GRAVEYARD,5.122735274198931e-06,5.122735274198931e-06,CT_place_GRAVEYARD,False
lag_14__T1__has_helmet,-5.115820840728702e-06,5.115820840728702e-06,T1__has_helmet,False
lag_07__CT_place_STREET,5.096590030007064e-06,5.096590030007064e-06,CT_place_STREET,False
lag_11__CT_place_LOWERMID,5.093223990115803e-06,5.093223990115803e-06,CT_place_LOWERMID,False
lag_07__T_place_HUTROOF,5.092491392133525e-06,5.092491392133525e-06,T_place_HUTROOF,False
lag_01__T_mollies_last_5s,5.089301794214407e-06,5.089301794214407e-06,T_mollies_last_5s,True
lag_02__CT_place_ROOF,5.081891686131712e-06,5.081891686131712e-06,CT_place_ROOF,False
lag_09__CT_place_STORAGEROOM,5.073339707450941e-06,5.073339707450941e-06,CT_place_STORAGEROOM,False
lag_08__CT_place_UNKNOWN,5.0700700739980675e-06,5.0700700739980675e-06,CT_place_UNKNOWN,False
lag_03__T_place_BOMBSITEA,5.067857273388654e-06,5.067857273388654e-06,T_place_BOMBSITEA,False
lag_03__T_macro_A,5.067857273388654e-06,5.067857273388654e-06,T_macro_A,False
lag_01__CT_place_SECONDMID,5.065974619355984e-06,5.065974619355984e-06,CT_place_SECONDMID,False
lag_13__CT_place_UNKNOWN,5.065923232905334e-06,5.065923232905334e-06,CT_place_UNKNOWN,False
lag_07__T_place_SCAFFOLDING,5.064953256805893e-06,5.064953256805893e-06,T_place_SCAFFOLDING,False
lag_12__T_place_RAFTERS,5.023185622121673e-06,5.023185622121673e-06,T_place_RAFTERS,False
lag_14__CT_place_STREET,5.006618721381528e-06,5.006618721381528e-06,CT_place_STREET,False
lag_14__T_place_HUTROOF,5.002582838642411e-06,5.002582838642411e-06,T_place_HUTROOF,False
lag_12__CT_place_GRAVEYARD,4.980721314495895e-06,4.980721314495895e-06,CT_place_GRAVEYARD,False
lag_14__T_place_SCAFFOLDING,4.9755326472222805e-06,4.9755326472222805e-06,T_place_SCAFFOLDING,False
lag_10__CT_place_UNKNOWN,4.958297267876333e-06,4.958297267876333e-06,CT_place_UNKNOWN,False
lag_11__CT_place_ROOF,4.9577370191400405e-06,4.9577370191400405e-06,CT_place_ROOF,False
lag_12__CT_place_LOWERMID,4.952029030391714e-06,4.952029030391714e-06,CT_place_LOWERMID,False
lag_07__CT_mollies_last_5s,4.939938207826344e-06,4.939938207826344e-06,CT_mollies_last_5s,True
lag_02__CT_place_SIDE,4.929449460178148e-06,4.929449460178148e-06,CT_place_SIDE,False
lag_03__CT_place_STREET,4.926182100462029e-06,4.926182100462029e-06,CT_place_STREET,False
lag_15__T_place_LONGDOORS,-4.924234872305533e-06,4.924234872305533e-06,T_place_LONGDOORS,False
lag_03__T_place_HUTROOF,4.92221715830965e-06,4.92221715830965e-06,T_place_HUTROOF,False
lag_04__CT_place_STREET,4.92013441544259e-06,4.92013441544259e-06,CT_place_STREET,False
lag_15__CT_place_UNKNOWN,4.918628292216454e-06,4.918628292216454e-06,CT_place_UNKNOWN,False
lag_04__T_place_HUTROOF,4.9161740207637195e-06,4.9161740207637195e-06,T_place_HUTROOF,False
lag_06__CT_place_UPSTAIRS,4.91281934955623e-06,4.91281934955623e-06,CT_place_UPSTAIRS,False
lag_01__CT_spread_xy,4.90285719934036e-06,4.90285719934036e-06,CT_spread_xy,False
lag_03__T_place_SCAFFOLDING,4.895601250609616e-06,4.895601250609616e-06,T_place_SCAFFOLDING,False
lag_04__T_place_SCAFFOLDING,4.8895863073994406e-06,4.8895863073994406e-06,T_place_SCAFFOLDING,False
lag_01__CT_place_OUTSIDETUNNEL,4.888588136964245e-06,4.888588136964245e-06,CT_place_OUTSIDETUNNEL,False
lag_08__T_place_RAFTERS,4.886831902695121e-06,4.886831902695121e-06,T_place_RAFTERS,False
lag_13__T_place_RAFTERS,4.882836947217584e-06,4.882836947217584e-06,T_place_RAFTERS,False
lag_02__CT_place_TSTAIRS,4.865083155891625e-06,4.865083155891625e-06,CT_place_TSTAIRS,False
lag_14__CT_mollies_last_5s,4.852731763094198e-06,4.852731763094198e-06,CT_mollies_last_5s,True
lag_09__T_place_QUAD,4.848092430620454e-06,4.848092430620454e-06,T_place_QUAD,False
lag_14__T_molly_inv,4.8464653445989825e-06,4.8464653445989825e-06,T_molly_inv,True
lag_08__CT_place_GRAVEYARD,4.8455199248564895e-06,4.8455199248564895e-06,CT_place_GRAVEYARD,False
lag_13__CT_place_GRAVEYARD,4.841558165935567e-06,4.841558165935567e-06,CT_place_GRAVEYARD,False
lag_05__T_place_LOCKERROOM,4.840762358071515e-06,4.840762358071515e-06,T_place_LOCKERROOM,False
lag_12__CT_place_ROOF,4.82030145576573e-06,4.82030145576573e-06,CT_place_ROOF,False
lag_08__CT_place_LOWERMID,4.81760844195378e-06,4.81760844195378e-06,CT_place_LOWERMID,False
lag_13__CT_place_LOWERMID,4.813662599190138e-06,4.813662599190138e-06,CT_place_LOWERMID,False
lag_11__CT_place_SIDE,4.809021902474342e-06,4.809021902474342e-06,CT_place_SIDE,False
lag_00__CT5__Y,-4.808578523807228e-06,4.808578523807228e-06,CT5__Y,False
lag_01__T_place_RESTROOM,4.801312115887413e-06,4.801312115887413e-06,T_place_RESTROOM,False
lag_07__T_place_ENTRANCE,4.797629117092583e-06,4.797629117092583e-06,T_place_ENTRANCE,False
lag_01__T_place_DECK,4.788640126207611e-06,4.788640126207611e-06,T_place_DECK,False
lag_10__T_place_RAFTERS,4.779102710017469e-06,4.779102710017469e-06,T_place_RAFTERS,False
lag_09__T_place_LIBRARY,4.7781663852219936e-06,4.7781663852219936e-06,T_place_LIBRARY,False
lag_03__CT_mollies_last_5s,4.774773060489679e-06,4.774773060489679e-06,CT_mollies_last_5s,True
lag_04__CT_mollies_last_5s,4.768907729157945e-06,4.768907729157945e-06,CT_mollies_last_5s,True
lag_06__T3__is_walking,-4.762067874253262e-06,4.762067874253262e-06,T3__is_walking,False
lag_11__CT_place_TSTAIRS,4.74623084301129e-06,4.74623084301129e-06,CT_place_TSTAIRS,False
lag_15__T_place_RAFTERS,4.740864369523479e-06,4.740864369523479e-06,T_place_RAFTERS,False
lag_10__CT_place_GRAVEYARD,4.738699772133259e-06,4.738699772133259e-06,CT_place_GRAVEYARD,False
lag_01__CT_place_STORAGEROOM,4.722262474388117e-06,4.722262474388117e-06,CT_place_STORAGEROOM,False
lag_07__T_place_KITCHEN,4.718378022516845e-06,4.718378022516845e-06,T_place_KITCHEN,False
lag_14__T_place_ENTRANCE,4.712933787232032e-06,4.712933787232032e-06,T_place_ENTRANCE,False
lag_10__CT_place_LOWERMID,4.7114017434068955e-06,4.7114017434068955e-06,CT_place_LOWERMID,False
lag_09__T_place_ADMIN,4.708226697403006e-06,4.708226697403006e-06,T_place_ADMIN,False
lag_15__CT_place_GRAVEYARD,4.7007838475110475e-06,4.7007838475110475e-06,CT_place_GRAVEYARD,False
lag_08__CT_place_ROOF,4.689453817263711e-06,4.689453817263711e-06,CT_place_ROOF,False
lag_13__CT_place_ROOF,4.685613021138124e-06,4.685613021138124e-06,CT_place_ROOF,False
lag_12__CT_place_SIDE,4.675708169088466e-06,4.675708169088466e-06,CT_place_SIDE,False
lag_15__CT_place_LOWERMID,4.673706371249864e-06,4.673706371249864e-06,CT_place_LOWERMID,False
lag_09__T_place_HOLE,4.6726586333534215e-06,4.6726586333534215e-06,T_place_HOLE,False
lag_01__T_alive,4.664488187700044e-06,4.664488187700044e-06,T_alive,False
lag_09__T_place_HELL,4.662402716348879e-06,4.662402716348879e-06,T_place_HELL,False
lag_09__T_place_ELECTRICALBOX,4.6425866457866505e-06,4.6425866457866505e-06,T_place_ELECTRICALBOX,False
lag_03__T_place_ENTRANCE,4.63722062704619e-06,4.63722062704619e-06,T_place_ENTRANCE,False
lag_14__T_place_KITCHEN,4.635078312276164e-06,4.635078312276164e-06,T_place_KITCHEN,False
lag_04__T_place_ENTRANCE,4.6315280997077934e-06,4.6315280997077934e-06,T_place_ENTRANCE,False
lag_02__CT_place_STREET,4.626302597898757e-06,4.626302597898757e-06,CT_place_STREET,False
lag_02__T_place_HUTROOF,4.622581855073804e-06,4.622581855073804e-06,T_place_HUTROOF,False
lag_12__CT_place_TSTAIRS,4.614656518242555e-06,4.614656518242555e-06,CT_place_TSTAIRS,False
lag_09__CT_defuser_count,-4.6094223762338515e-06,4.6094223762338515e-06,CT_defuser_count,False
lag_06__T_place_BACKOFA,4.600785814545816e-06,4.600785814545816e-06,T_place_BACKOFA,False
lag_02__T_place_SCAFFOLDING,4.597582119458821e-06,4.597582119458821e-06,T_place_SCAFFOLDING,False
lag_10__CT_place_ROOF,4.586069735523779e-06,4.586069735523779e-06,CT_place_ROOF,False
lag_03__T_place_KITCHEN,4.560615252557909e-06,4.560615252557909e-06,T_place_KITCHEN,False
lag_04__T_place_KITCHEN,4.5550141294370405e-06,4.5550141294370405e-06,T_place_KITCHEN,False
lag_15__CT_place_ROOF,4.549379809759557e-06,4.549379809759557e-06,CT_place_ROOF,False
lag_08__CT_place_SIDE,4.5487859097192995e-06,4.5487859097192995e-06,CT_place_SIDE,False
lag_13__CT_place_SIDE,4.5450651668943465e-06,4.5450651668943465e-06,CT_place_SIDE,False
lag_11__CT_place_STREET,4.5132828745408915e-06,4.5132828745408915e-06,CT_place_STREET,False
lag_01__T_place_QUAD,4.512596660788404e-06,4.512596660788404e-06,T_place_QUAD,False
lag_11__T_place_HUTROOF,4.50965535492287e-06,4.50965535492287e-06,T_place_HUTROOF,False
lag_05__CT_place_UPSTAIRS,4.506496225076262e-06,4.506496225076262e-06,CT_place_UPSTAIRS,False
lag_08__CT_place_TSTAIRS,4.48939226771472e-06,4.48939226771472e-06,CT_place_TSTAIRS,False
lag_13__CT_place_TSTAIRS,4.48571927336161e-06,4.48571927336161e-06,CT_place_TSTAIRS,False
lag_11__T_place_SCAFFOLDING,4.485266345000127e-06,4.485266345000127e-06,T_place_SCAFFOLDING,False
lag_02__CT_mollies_last_5s,4.48410855824477e-06,4.48410855824477e-06,CT_mollies_last_5s,True
lag_10__T_smoke_inv,-4.461185199033935e-06,4.461185199033935e-06,T_smoke_inv,True
lag_07__T_place_LOCKERROOM,4.453370365808951e-06,4.453370365808951e-06,T_place_LOCKERROOM,False
lag_10__CT_place_SIDE,4.448508207133273e-06,4.448508207133273e-06,CT_place_SIDE,False
lag_01__T_place_LIBRARY,4.447509581950726e-06,4.447509581950726e-06,T_place_LIBRARY,False
lag_15__CT_spread_xy,-4.413067927089287e-06,4.413067927089287e-06,CT_spread_xy,False
lag_15__CT_place_SIDE,4.412914677232038e-06,4.412914677232038e-06,CT_place_SIDE,False
lag_09__CT_place_UNKNOWN,4.391361926536774e-06,4.391361926536774e-06,CT_place_UNKNOWN,False
lag_10__CT_place_TSTAIRS,4.390422418509843e-06,4.390422418509843e-06,CT_place_TSTAIRS,False
lag_12__CT_place_STREET,4.388170509628253e-06,4.388170509628253e-06,CT_place_STREET,False
lag_05__T_macro_MID,4.38688630310935e-06,4.38688630310935e-06,T_macro_MID,False
lag_12__T_place_HUTROOF,4.384638486953918e-06,4.384638486953918e-06,T_place_HUTROOF,False
lag_01__T_place_ADMIN,4.3824088606925216e-06,4.3824088606925216e-06,T_place_ADMIN,False
lag_14__T_place_LOCKERROOM,4.374748186819488e-06,4.374748186819488e-06,T_place_LOCKERROOM,False
lag_11__CT_mollies_last_5s,4.374561740405625e-06,4.374561740405625e-06,CT_mollies_last_5s,True
lag_12__T_place_SCAFFOLDING,4.360927960078698e-06,4.360927960078698e-06,T_place_SCAFFOLDING,False
lag_15__CT_place_TSTAIRS,4.3552968236326706e-06,4.3552968236326706e-06,CT_place_TSTAIRS,False
lag_02__T_place_ENTRANCE,4.354929387773154e-06,4.354929387773154e-06,T_place_ENTRANCE,False
lag_01__T_place_HELL,4.3397603803896345e-06,4.3397603803896345e-06,T_place_HELL,False
lag_01__T_place_ELECTRICALBOX,4.321310370869469e-06,4.321310370869469e-06,T_place_ELECTRICALBOX,False
lag_03__T_place_LOCKERROOM,4.304470621718792e-06,4.304470621718792e-06,T_place_LOCKERROOM,False
lag_15__T_place_MIDDLE,-4.301090029912302e-06,4.301090029912302e-06,T_place_MIDDLE,False
lag_04__T_place_LOCKERROOM,4.299180091038579e-06,4.299180091038579e-06,T_place_LOCKERROOM,False
lag_09__T1__X,4.295746748539386e-06,4.295746748539386e-06,T1__X,False
lag_02__T_place_KITCHEN,4.282989721104968e-06,4.282989721104968e-06,T_place_KITCHEN,False
lag_08__CT_place_STREET,4.269052624295e-06,4.269052624295e-06,CT_place_STREET,False
lag_08__T_place_HUTROOF,4.265617462806404e-06,4.265617462806404e-06,T_place_HUTROOF,False
lag_13__CT_place_STREET,4.265557436156087e-06,4.265557436156087e-06,CT_place_STREET,False
lag_13__T_place_HUTROOF,4.262125003151596e-06,4.262125003151596e-06,T_place_HUTROOF,False
lag_12__CT_mollies_last_5s,4.253290171618573e-06,4.253290171618573e-06,CT_mollies_last_5s,True
lag_11__T_place_ENTRANCE,4.248540335538564e-06,4.248540335538564e-06,T_place_ENTRANCE,False
lag_08__T_place_SCAFFOLDING,4.242549039190635e-06,4.242549039190635e-06,T_place_SCAFFOLDING,False
lag_13__T_place_SCAFFOLDING,4.239076588419266e-06,4.239076588419266e-06,T_place_SCAFFOLDING,False
lag_09__T_place_RAFTERS,4.232651917845942e-06,4.232651917845942e-06,T_place_RAFTERS,False
lag_05__T_place_BACKOFA,4.220275059196865e-06,4.220275059196865e-06,T_place_BACKOFA,False
lag_03__T2__has_helmet,4.207555775792571e-06,4.207555775792571e-06,T2__has_helmet,False
lag_09__CT_place_GRAVEYARD,4.196868303552037e-06,4.196868303552037e-06,CT_place_GRAVEYARD,False
lag_11__T_place_KITCHEN,4.1783541746553965e-06,4.1783541746553965e-06,T_place_KITCHEN,False
lag_10__CT_place_STREET,4.174936293566134e-06,4.174936293566134e-06,CT_place_STREET,False
lag_09__CT_place_LOWERMID,4.1726943891262636e-06,4.1726943891262636e-06,CT_place_LOWERMID,False
lag_10__T_place_HUTROOF,4.171585715084802e-06,4.171585715084802e-06,T_place_HUTROOF,False
lag_10__T_place_SCAFFOLDING,4.149022515775869e-06,4.149022515775869e-06,T_place_SCAFFOLDING,False
lag_07__CT_place_UPSTAIRS,4.145857019466348e-06,4.145857019466348e-06,CT_place_UPSTAIRS,False
lag_15__CT_place_STREET,4.141536010138225e-06,4.141536010138225e-06,CT_place_STREET,False
lag_15__T_place_HUTROOF,4.138202257308876e-06,4.138202257308876e-06,T_place_HUTROOF,False
lag_08__CT_mollies_last_5s,4.137835276196711e-06,4.137835276196711e-06,CT_mollies_last_5s,True
lag_13__CT_mollies_last_5s,4.1344519559061155e-06,4.1344519559061155e-06,CT_mollies_last_5s,True
lag_12__T_place_ENTRANCE,4.13076577387983e-06,4.13076577387983e-06,T_place_ENTRANCE,False
lag_15__T_place_SCAFFOLDING,4.115824140171753e-06,4.115824140171753e-06,T_place_SCAFFOLDING,False
lag_10__CT_place_SHORTSTAIRS,4.093960342288483e-06,4.093960342288483e-06,CT_place_SHORTSTAIRS,False
lag_01__CT_place_UNKNOWN,4.087468369107228e-06,4.087468369107228e-06,CT_place_UNKNOWN,False
lag_01__T_macro_OTHER,4.084285592398373e-06,4.084285592398373e-06,T_macro_OTHER,False
lag_14__CT_place_UPSTAIRS,4.072663159604417e-06,4.072663159604417e-06,CT_place_UPSTAIRS,False
lag_12__T_place_KITCHEN,4.06252775064786e-06,4.06252775064786e-06,T_place_KITCHEN,False
lag_09__CT_place_ROOF,4.061695562995737e-06,4.061695562995737e-06,CT_place_ROOF,False
lag_06__T_bomb_zone_count,-4.053471457154956e-06,4.053471457154956e-06,T_bomb_zone_count,False
lag_10__CT_mollies_last_5s,4.046614321850939e-06,4.046614321850939e-06,CT_mollies_last_5s,True
lag_02__T_place_LOCKERROOM,4.042432010464836e-06,4.042432010464836e-06,T_place_LOCKERROOM,False
lag_08__T_place_ENTRANCE,4.018635991087649e-06,4.018635991087649e-06,T_place_ENTRANCE,False
lag_13__T_place_ENTRANCE,4.0153495319827925e-06,4.0153495319827925e-06,T_place_ENTRANCE,False
lag_15__CT_mollies_last_5s,4.0142363104678225e-06,4.0142363104678225e-06,CT_mollies_last_5s,True
lag_12__CT_macro_B,-4.0113923205353785e-06,4.0113923205353785e-06,CT_macro_B,False
lag_12__CT_place_BOMBSITEB,-4.0113923205353785e-06,4.0113923205353785e-06,CT_place_BOMBSITEB,False
lag_03__CT_place_UPSTAIRS,4.007240477221785e-06,4.007240477221785e-06,CT_place_UPSTAIRS,False
lag_09__T1__smoke,4.003760295745451e-06,4.003760295745451e-06,T1__smoke,True
lag_04__CT_place_UPSTAIRS,4.002316018159036e-06,4.002316018159036e-06,CT_place_UPSTAIRS,False
lag_05__T2__flash,3.993570317106787e-06,3.993570317106787e-06,T2__flash,True
lag_09__T4__X,-3.978410404670285e-06,3.978410404670285e-06,T4__X,False
lag_06__T_place_CTSIDEUPPER,3.975197159888921e-06,3.975197159888921e-06,T_place_CTSIDEUPPER,False
lag_06__CT_place_PIPE,3.969479166698875e-06,3.969479166698875e-06,CT_place_PIPE,False
lag_08__active_smokes_total,3.964578809245722e-06,3.964578809245722e-06,active_smokes_total,True
lag_08__T_place_KITCHEN,3.952246970584383e-06,3.952246970584383e-06,T_place_KITCHEN,False
lag_13__T_place_KITCHEN,3.9490173548983876e-06,3.9490173548983876e-06,T_place_KITCHEN,False
lag_11__T_place_LOCKERROOM,3.9436786209989805e-06,3.9436786209989805e-06,T_place_LOCKERROOM,False
lag_02__CT5__is_walking,-3.942468538298272e-06,3.942468538298272e-06,CT5__is_walking,False
lag_08__T_velocity_mean,-3.942052899219561e-06,3.942052899219561e-06,T_velocity_mean,False
lag_09__CT_place_SIDE,3.939859197998885e-06,3.939859197998885e-06,CT_place_SIDE,False
lag_01__T_place_RAFTERS,3.939744601666462e-06,3.939744601666462e-06,T_place_RAFTERS,False
lag_10__T_place_ENTRANCE,3.93004302168265e-06,3.93004302168265e-06,T_place_ENTRANCE,False
lag_01__CT_place_GRAVEYARD,3.906443907908397e-06,3.906443907908397e-06,CT_place_GRAVEYARD,False
lag_02__T4__flash_duration,3.905200628651073e-06,3.905200628651073e-06,T4__flash_duration,True
lag_06__CT_place_DUMPSTER,3.8992516238067765e-06,3.8992516238067765e-06,CT_place_DUMPSTER,False
lag_15__T_place_ENTRANCE,3.898597697116202e-06,3.898597697116202e-06,T_place_ENTRANCE,False
lag_00__T_scoped_count,3.896084763255203e-06,3.896084763255203e-06,T_scoped_count,False
lag_09__CT_place_TSTAIRS,3.8884131754457485e-06,3.8884131754457485e-06,CT_place_TSTAIRS,False
lag_01__CT_place_LOWERMID,3.8839352782815695e-06,3.8839352782815695e-06,CT_place_LOWERMID,False
lag_07__T_place_BACKOFA,3.88253511118819e-06,3.88253511118819e-06,T_place_BACKOFA,False
lag_06__CT_place_PLAYGROUND,3.8726684579160064e-06,3.8726684579160064e-06,CT_place_PLAYGROUND,False
lag_06__CT_place_KITCHEN,3.866969564114697e-06,3.866969564114697e-06,CT_place_KITCHEN,False
lag_10__T_place_KITCHEN,3.8651223803753965e-06,3.8651223803753965e-06,T_place_KITCHEN,False
lag_12__T_place_LOCKERROOM,3.834354174614418e-06,3.834354174614418e-06,T_place_LOCKERROOM,False
lag_15__T_place_KITCHEN,3.834194558294257e-06,3.834194558294257e-06,T_place_KITCHEN,False
lag_15__T_flash_inv,3.8247003431024496e-06,3.8247003431024496e-06,T_flash_inv,True
lag_14__T_place_BACKOFA,3.8139905882417224e-06,3.8139905882417224e-06,T_place_BACKOFA,False
lag_01__CT_place_ROOF,3.7806189538969193e-06,3.7806189538969193e-06,CT_place_ROOF,False
lag_04__T3__X,3.774461902139592e-06,3.774461902139592e-06,T3__X,False
lag_02__CT_place_UPSTAIRS,3.7632973999279784e-06,3.7632973999279784e-06,CT_place_UPSTAIRS,False
lag_03__T_place_BACKOFA,3.752719294425333e-06,3.752719294425333e-06,T_place_BACKOFA,False
lag_04__T_place_BACKOFA,3.748111566892476e-06,3.748111566892476e-06,T_place_BACKOFA,False
lag_00__T_start_balance_sum,3.7433037505252287e-06,3.7433037505252287e-06,T_start_balance_sum,False
lag_08__T_place_LOCKERROOM,3.730268872459419e-06,3.730268872459419e-06,T_place_LOCKERROOM,False
lag_13__T_place_LOCKERROOM,3.7272163808665937e-06,3.7272163808665937e-06,T_place_LOCKERROOM,False
lag_09__CT_place_STREET,3.6975686725781998e-06,3.6975686725781998e-06,CT_place_STREET,False
lag_09__T_place_HUTROOF,3.6945962165191304e-06,3.6945962165191304e-06,T_place_HUTROOF,False
lag_09__T_place_SCAFFOLDING,3.6746164369105827e-06,3.6746164369105827e-06,T_place_SCAFFOLDING,False
lag_11__CT_place_UPSTAIRS,3.671359081636183e-06,3.671359081636183e-06,CT_place_UPSTAIRS,False
lag_01__CT_place_SIDE,3.6672149690275546e-06,3.6672149690275546e-06,CT_place_SIDE,False
lag_03__CT_defuser_count,3.6546625779010355e-06,3.6546625779010355e-06,CT_defuser_count,False
lag_10__T_place_LOCKERROOM,3.648032361525111e-06,3.648032361525111e-06,T_place_LOCKERROOM,False
lag_05__T_place_CTSIDEUPPER,3.646422101155622e-06,3.646422101155622e-06,T_place_CTSIDEUPPER,False
lag_05__CT_place_PIPE,3.6411720429896377e-06,3.6411720429896377e-06,CT_place_PIPE,False
lag_01__CT_place_TSTAIRS,3.619331664594938e-06,3.619331664594938e-06,CT_place_TSTAIRS,False
lag_15__T_place_LOCKERROOM,3.6188450849294895e-06,3.6188450849294895e-06,T_place_LOCKERROOM,False
lag_06__T_macro_MID,3.5929940622736467e-06,3.5929940622736467e-06,T_macro_MID,False
lag_09__CT_mollies_last_5s,3.58392094312876e-06,3.58392094312876e-06,CT_mollies_last_5s,True
lag_05__CT_place_DUMPSTER,3.576757535483921e-06,3.576757535483921e-06,CT_place_DUMPSTER,False
lag_12__CT_place_UPSTAIRS,3.5695809401659062e-06,3.5695809401659062e-06,CT_place_UPSTAIRS,False
lag_05__CT_place_PLAYGROUND,3.552371026671608e-06,3.552371026671608e-06,CT_place_PLAYGROUND,False
lag_05__CT_place_KITCHEN,3.5471430237521417e-06,3.5471430237521417e-06,CT_place_KITCHEN,False
lag_06__T_place_BRICKS,3.531266656864318e-06,3.531266656864318e-06,T_place_BRICKS,False
lag_02__T_place_BACKOFA,3.5242749163444387e-06,3.5242749163444387e-06,T_place_BACKOFA,False
lag_09__T_place_ENTRANCE,3.4806766961992253e-06,3.4806766961992253e-06,T_place_ENTRANCE,False
lag_08__CT_place_UPSTAIRS,3.472690423222957e-06,3.472690423222957e-06,CT_place_UPSTAIRS,False
lag_13__CT_place_UPSTAIRS,3.4698480249062413e-06,3.4698480249062413e-06,CT_place_UPSTAIRS,False
lag_06__T2__X,3.456977538007777e-06,3.456977538007777e-06,T2__X,False
lag_08__T_place_LOWERTUNNEL,3.4478011912142392e-06,3.4478011912142392e-06,T_place_LOWERTUNNEL,False
lag_01__CT_place_STREET,3.441691433181404e-06,3.441691433181404e-06,CT_place_STREET,False
lag_01__T_place_HUTROOF,3.4389245229249354e-06,3.4389245229249354e-06,T_place_HUTROOF,False
lag_11__T_place_BACKOFA,3.4381787372694816e-06,3.4381787372694816e-06,T_place_BACKOFA,False
lag_06__T_place_STORAGEROOM,3.4257889183209045e-06,3.4257889183209045e-06,T_place_STORAGEROOM,False
lag_09__T_place_KITCHEN,3.423175940042711e-06,3.423175940042711e-06,T_place_KITCHEN,False
lag_01__T_place_SCAFFOLDING,3.420326265768381e-06,3.420326265768381e-06,T_place_SCAFFOLDING,False
lag_10__CT_place_UPSTAIRS,3.396132115085493e-06,3.396132115085493e-06,CT_place_UPSTAIRS,False
lag_15__CT_place_UPSTAIRS,3.368957095517544e-06,3.368957095517544e-06,CT_place_UPSTAIRS,False
lag_07__T_place_CTSIDEUPPER,3.3546084523550235e-06,3.3546084523550235e-06,T_place_CTSIDEUPPER,False
lag_07__CT_place_PIPE,3.3497801723569864e-06,3.3497801723569864e-06,CT_place_PIPE,False
lag_12__T_place_BACKOFA,3.3428646020183805e-06,3.3428646020183805e-06,T_place_BACKOFA,False
lag_01__CT_mollies_last_5s,3.3359085591655457e-06,3.3359085591655457e-06,CT_mollies_last_5s,True
lag_14__T_place_CTSIDEUPPER,3.295386022728053e-06,3.295386022728053e-06,T_place_CTSIDEUPPER,False
lag_14__CT_place_PIPE,3.290641416242579e-06,3.290641416242579e-06,CT_place_PIPE,False
lag_07__CT_place_DUMPSTER,3.2905211355682695e-06,3.2905211355682695e-06,CT_place_DUMPSTER,False
lag_06__T_place_CRANE,3.2766272397566354e-06,3.2766272397566354e-06,T_place_CRANE,False
lag_07__CT_place_PLAYGROUND,3.268083673901856e-06,3.268083673901856e-06,CT_place_PLAYGROUND,False
lag_07__CT_place_KITCHEN,3.263276539655635e-06,3.263276539655635e-06,CT_place_KITCHEN,False
lag_00__T_place_SIDE,-3.2582072435616283e-06,3.2582072435616283e-06,T_place_SIDE,False
lag_08__T_place_BACKOFA,3.2521234061277937e-06,3.2521234061277937e-06,T_place_BACKOFA,False
lag_13__T_place_BACKOFA,3.249463134125108e-06,3.249463134125108e-06,T_place_BACKOFA,False
lag_02__T1__armor,-3.2434318200103007e-06,3.2434318200103007e-06,T1__armor,False
lag_03__T_place_CTSIDEUPPER,3.2424452456325525e-06,3.2424452456325525e-06,T_place_CTSIDEUPPER,False
lag_01__T_place_ENTRANCE,3.2398058920080075e-06,3.2398058920080075e-06,T_place_ENTRANCE,False
lag_05__T_place_BRICKS,3.2392042612627847e-06,3.2392042612627847e-06,T_place_BRICKS,False
lag_04__T_place_CTSIDEUPPER,3.2384632504545152e-06,3.2384632504545152e-06,T_place_CTSIDEUPPER,False
lag_03__CT_place_PIPE,3.2377799925598083e-06,3.2377799925598083e-06,CT_place_PIPE,False
lag_04__CT_place_PIPE,3.2338027722289553e-06,3.2338027722289553e-06,CT_place_PIPE,False
lag_14__CT_place_DUMPSTER,3.232426706745173e-06,3.232426706745173e-06,CT_place_DUMPSTER,False
lag_09__T_place_LOCKERROOM,3.23091194331937e-06,3.23091194331937e-06,T_place_LOCKERROOM,False
lag_14__CT_place_PLAYGROUND,3.2103905596159166e-06,3.2103905596159166e-06,CT_place_PLAYGROUND,False
lag_14__CT_place_KITCHEN,3.2056659620138817e-06,3.2056659620138817e-06,CT_place_KITCHEN,False
lag_01__T_place_KITCHEN,3.1862882678979076e-06,3.1862882678979076e-06,T_place_KITCHEN,False
lag_03__CT_place_DUMPSTER,3.180499334121123e-06,3.180499334121123e-06,CT_place_DUMPSTER,False
lag_10__T_place_BACKOFA,3.1804299851501128e-06,3.1804299851501128e-06,T_place_BACKOFA,False
lag_12__CT_closest_enemy_dist,-3.177146936650388e-06,3.177146936650388e-06,CT_closest_enemy_dist,False
lag_04__CT_place_DUMPSTER,3.1765932817506837e-06,3.1765932817506837e-06,CT_place_DUMPSTER,False
lag_03__CT_place_PLAYGROUND,3.1588153888151282e-06,3.1588153888151282e-06,CT_place_PLAYGROUND,False
lag_15__T_place_BACKOFA,3.1549834602628835e-06,3.1549834602628835e-06,T_place_BACKOFA,False
lag_04__CT_place_PLAYGROUND,3.1549363939120667e-06,3.1549363939120667e-06,CT_place_PLAYGROUND,False
lag_03__CT_place_KITCHEN,3.1541662792733405e-06,3.1541662792733405e-06,CT_place_KITCHEN,False
lag_04__CT_place_KITCHEN,3.1502936508331914e-06,3.1502936508331914e-06,CT_place_KITCHEN,False
lag_05__T_place_STORAGEROOM,3.1424517601408297e-06,3.1424517601408297e-06,T_place_STORAGEROOM,False
lag_08__T_alive,-3.0867008717905264e-06,3.0867008717905264e-06,T_alive,False
lag_02__CT2__molly,3.082690000155708e-06,3.082690000155708e-06,CT2__molly,True
lag_13__CT3__utility_total,-3.0512969715346117e-06,3.0512969715346117e-06,CT3__utility_total,True
lag_02__T_place_CTSIDEUPPER,3.0450635222223355e-06,3.0450635222223355e-06,T_place_CTSIDEUPPER,False
lag_02__CT_place_PIPE,3.040679303012439e-06,3.040679303012439e-06,CT_place_PIPE,False
lag_00__T_round_start_equip_sum,3.0176656764524523e-06,3.0176656764524523e-06,T_round_start_equip_sum,False
lag_09__CT_place_UPSTAIRS,3.0078142572165234e-06,3.0078142572165234e-06,CT_place_UPSTAIRS,False
lag_01__T_place_LOCKERROOM,3.0073279049247503e-06,3.0073279049247503e-06,T_place_LOCKERROOM,False
lag_05__T_place_CRANE,3.005627604579786e-06,3.005627604579786e-06,T_place_CRANE,False
lag_15__T_macro_A,3.002565108545241e-06,3.002565108545241e-06,T_macro_A,False
lag_15__T_place_BOMBSITEA,3.002565108545241e-06,3.002565108545241e-06,T_place_BOMBSITEA,False
lag_12__T_closest_enemy_dist,3.001167215188616e-06,3.001167215188616e-06,T_closest_enemy_dist,False
lag_02__CT_place_DUMPSTER,2.986884510391974e-06,2.986884510391974e-06,CT_place_DUMPSTER,False
lag_07__T_place_BRICKS,2.9799809908581665e-06,2.9799809908581665e-06,T_place_BRICKS,False
lag_08__T_place_OUTSIDETUNNEL,2.9709210593864555e-06,2.9709210593864555e-06,T_place_OUTSIDETUNNEL,False
lag_11__T_place_CTSIDEUPPER,2.9706723125855206e-06,2.9706723125855206e-06,T_place_CTSIDEUPPER,False
lag_02__CT_place_PLAYGROUND,2.966523879877059e-06,2.966523879877059e-06,CT_place_PLAYGROUND,False
lag_11__CT_place_PIPE,2.966396323245135e-06,2.966396323245135e-06,CT_place_PIPE,False
lag_02__CT_place_KITCHEN,2.9621562589454697e-06,2.9621562589454697e-06,CT_place_KITCHEN,False
lag_01__T4__flash_duration,-2.9462426027748734e-06,2.9462426027748734e-06,T4__flash_duration,True
lag_14__T_place_BRICKS,2.927373543570866e-06,2.927373543570866e-06,T_place_BRICKS,False
lag_11__CT_place_DUMPSTER,2.9139162052160827e-06,2.9139162052160827e-06,CT_place_DUMPSTER,False
lag_11__CT_place_PLAYGROUND,2.894052386182011e-06,2.894052386182011e-06,CT_place_PLAYGROUND,False
lag_07__T_place_STORAGEROOM,2.890969881264027e-06,2.890969881264027e-06,T_place_STORAGEROOM,False
lag_11__CT_place_KITCHEN,2.8897932224936085e-06,2.8897932224936085e-06,CT_place_KITCHEN,False
lag_01__T_bomb_zone_count,-2.888591552618891e-06,2.888591552618891e-06,T_bomb_zone_count,False
lag_12__T_place_CTSIDEUPPER,2.888321205318789e-06,2.888321205318789e-06,T_place_CTSIDEUPPER,False
lag_12__CT_place_PIPE,2.884163450289634e-06,2.884163450289634e-06,CT_place_PIPE,False
lag_03__T_place_BRICKS,2.8803435725421878e-06,2.8803435725421878e-06,T_place_BRICKS,False
lag_04__T_place_BRICKS,2.87680768451537e-06,2.87680768451537e-06,T_place_BRICKS,False
lag_03__CT1__flash,-2.875515519917826e-06,2.875515519917826e-06,CT1__flash,True
lag_14__T_place_STORAGEROOM,2.8399319944583112e-06,2.8399319944583112e-06,T_place_STORAGEROOM,False
lag_12__CT_place_DUMPSTER,2.833136704794015e-06,2.833136704794015e-06,CT_place_DUMPSTER,False
lag_09__T_place_BACKOFA,2.8167737582407426e-06,2.8167737582407426e-06,T_place_BACKOFA,False
lag_12__CT_place_PLAYGROUND,2.8138229026808403e-06,2.8138229026808403e-06,CT_place_PLAYGROUND,False
lag_08__T_place_CTSIDEUPPER,2.8099186692998046e-06,2.8099186692998046e-06,T_place_CTSIDEUPPER,False
lag_12__CT_place_KITCHEN,2.8096835649193963e-06,2.8096835649193963e-06,CT_place_KITCHEN,False
lag_13__T_place_CTSIDEUPPER,2.807617192956968e-06,2.807617192956968e-06,T_place_CTSIDEUPPER,False
lag_08__CT_place_PIPE,2.805874373734696e-06,2.805874373734696e-06,CT_place_PIPE,False
lag_13__CT_place_PIPE,2.8035785817337455e-06,2.8035785817337455e-06,CT_place_PIPE,False
lag_01__CT_place_UPSTAIRS,2.7996686640108237e-06,2.7996686640108237e-06,CT_place_UPSTAIRS,False
lag_03__T_place_STORAGEROOM,2.7943087843596004e-06,2.7943087843596004e-06,T_place_STORAGEROOM,False
lag_04__T_place_STORAGEROOM,2.7908758966077585e-06,2.7908758966077585e-06,T_place_STORAGEROOM,False
lag_07__T_place_CRANE,2.765094905043952e-06,2.765094905043952e-06,T_place_CRANE,False
lag_05__T_macro_OTHER,-2.76499122264795e-06,2.76499122264795e-06,T_macro_OTHER,False
lag_06__CT_place_SILO,2.764150394796161e-06,2.764150394796161e-06,CT_place_SILO,False
lag_08__CT_place_DUMPSTER,2.7562332434172276e-06,2.7562332434172276e-06,CT_place_DUMPSTER,False
lag_13__CT_place_DUMPSTER,2.7539779239305062e-06,2.7539779239305062e-06,CT_place_DUMPSTER,False
lag_10__T_place_CTSIDEUPPER,2.7479709387989715e-06,2.7479709387989715e-06,T_place_CTSIDEUPPER,False
lag_10__CT_place_PIPE,2.7440178200777154e-06,2.7440178200777154e-06,CT_place_PIPE,False
lag_13__utility_damage_diff_last_5s,-2.7397493340686196e-06,2.7397493340686196e-06,utility_damage_diff_last_5s,True
lag_08__CT_place_PLAYGROUND,2.7374412638891954e-06,2.7374412638891954e-06,CT_place_PLAYGROUND,False
lag_13__CT_place_PLAYGROUND,2.735203452175483e-06,2.735203452175483e-06,CT_place_PLAYGROUND,False
lag_08__CT_place_KITCHEN,2.733414021349745e-06,2.733414021349745e-06,CT_place_KITCHEN,False
lag_13__CT_place_KITCHEN,2.7311766643833835e-06,2.7311766643833835e-06,CT_place_KITCHEN,False
lag_15__T_place_CTSIDEUPPER,2.7259841317572864e-06,2.7259841317572864e-06,T_place_CTSIDEUPPER,False
lag_15__CT_place_PIPE,2.7220623906032415e-06,2.7220623906032415e-06,CT_place_PIPE,False
lag_14__T_place_CRANE,2.7162784590473166e-06,2.7162784590473166e-06,T_place_CRANE,False
lag_03__flash_inv_diff,-2.7159894671058282e-06,2.7159894671058282e-06,flash_inv_diff,True
lag_02__T_place_BRICKS,2.705003225855762e-06,2.705003225855762e-06,T_place_BRICKS,False
lag_10__CT_place_DUMPSTER,2.6954705845128046e-06,2.6954705845128046e-06,CT_place_DUMPSTER,False
lag_05__T_unique_places,-2.683493903532508e-06,2.683493903532508e-06,T_unique_places,False
lag_10__CT_place_PLAYGROUND,2.677094016689807e-06,2.677094016689807e-06,CT_place_PLAYGROUND,False
lag_15__CT_place_DUMPSTER,2.673904191397014e-06,2.673904191397014e-06,CT_place_DUMPSTER,False
lag_10__CT_place_KITCHEN,2.673153630894376e-06,2.673153630894376e-06,CT_place_KITCHEN,False
lag_03__T_place_CRANE,2.6726420401246287e-06,2.6726420401246287e-06,T_place_CRANE,False
lag_04__T_place_CRANE,2.669358991624904e-06,2.669358991624904e-06,T_place_CRANE,False
lag_15__CT_place_PLAYGROUND,2.655674961715704e-06,2.655674961715704e-06,CT_place_PLAYGROUND,False
lag_15__CT_place_KITCHEN,2.6517657261138083e-06,2.6517657261138083e-06,CT_place_KITCHEN,False
lag_11__T_place_BRICKS,2.638918658703915e-06,2.638918658703915e-06,T_place_BRICKS,False
lag_02__T_place_STORAGEROOM,2.6242068997817114e-06,2.6242068997817114e-06,T_place_STORAGEROOM,False
lag_01__T_place_BACKOFA,2.6218497168883914e-06,2.6218497168883914e-06,T_place_BACKOFA,False
lag_12__T_place_BRICKS,2.565765271356213e-06,2.565765271356213e-06,T_place_BRICKS,False
lag_11__T_place_STORAGEROOM,2.560096163506387e-06,2.560096163506387e-06,T_place_STORAGEROOM,False
lag_04__T4__flash_duration,-2.5375989025633316e-06,2.5375989025633316e-06,T4__flash_duration,True
lag_05__CT_place_SILO,2.5355366233270615e-06,2.5355366233270615e-06,CT_place_SILO,False
lag_02__T_place_CRANE,2.509946853024303e-06,2.509946853024303e-06,T_place_CRANE,False
lag_08__T_place_BRICKS,2.4961179860838456e-06,2.4961179860838456e-06,T_place_BRICKS,False
lag_15__CT2__has_defuser,-2.495839680705103e-06,2.495839680705103e-06,CT2__has_defuser,False
lag_13__T_place_BRICKS,2.49407844421512e-06,2.49407844421512e-06,T_place_BRICKS,False
lag_12__T_place_STORAGEROOM,2.4891260181902908e-06,2.4891260181902908e-06,T_place_STORAGEROOM,False
lag_11__T_place_CRANE,2.448630766593851e-06,2.448630766593851e-06,T_place_CRANE,False
lag_10__T_place_BRICKS,2.441090828142478e-06,2.441090828142478e-06,T_place_BRICKS,False
lag_07__T2__flash,2.4394057618337683e-06,2.4394057618337683e-06,T2__flash,True
lag_09__T_place_CTSIDEUPPER,2.4337643935723463e-06,2.4337643935723463e-06,T_place_CTSIDEUPPER,False
lag_09__CT_place_PIPE,2.4302619294758188e-06,2.4302619294758188e-06,CT_place_PIPE,False
lag_08__T_place_STORAGEROOM,2.4215594294219045e-06,2.4215594294219045e-06,T_place_STORAGEROOM,False
lag_15__T_place_BRICKS,2.4215569283114746e-06,2.4215569283114746e-06,T_place_BRICKS,False
lag_13__T_place_STORAGEROOM,2.4195792320824694e-06,2.4195792320824694e-06,T_place_STORAGEROOM,False
lag_13__T_utility_inv,-2.4137752916431054e-06,2.4137752916431054e-06,T_utility_inv,True
lag_09__CT_place_DUMPSTER,2.3872660221968545e-06,2.3872660221968545e-06,CT_place_DUMPSTER,False
lag_12__T_place_CRANE,2.380748810537625e-06,2.380748810537625e-06,T_place_CRANE,False
lag_09__CT_place_PLAYGROUND,2.3709890228929e-06,2.3709890228929e-06,CT_place_PLAYGROUND,False
lag_10__T_place_STORAGEROOM,2.368176410527667e-06,2.368176410527667e-06,T_place_STORAGEROOM,False
lag_09__CT_place_KITCHEN,2.367500883337925e-06,2.367500883337925e-06,CT_place_KITCHEN,False
lag_14__T3__X,-2.3548711851617554e-06,2.3548711851617554e-06,T3__X,False
lag_15__T_place_STORAGEROOM,2.349229589526658e-06,2.349229589526658e-06,T_place_STORAGEROOM,False
lag_07__CT_place_SILO,2.332623580514337e-06,2.332623580514337e-06,CT_place_SILO,False
lag_08__T_place_CRANE,2.3161244371294742e-06,2.3161244371294742e-06,T_place_CRANE,False
lag_13__T_place_CRANE,2.3142281406762777e-06,2.3142281406762777e-06,T_place_CRANE,False
lag_11__T_closest_enemy_dist,-2.3070349470799556e-06,2.3070349470799556e-06,T_closest_enemy_dist,False
lag_01__CT_utility_damage_last_5s,2.3025304471957497e-06,2.3025304471957497e-06,CT_utility_damage_last_5s,True
lag_14__CT_place_SILO,2.291444388902164e-06,2.291444388902164e-06,CT_place_SILO,False
lag_01__T_place_CTSIDEUPPER,2.2653432552033337e-06,2.2653432552033337e-06,T_place_CTSIDEUPPER,False
lag_10__T_place_CRANE,2.2650651771982666e-06,2.2650651771982666e-06,T_place_CRANE,False
lag_01__CT_place_PIPE,2.2620840809395304e-06,2.2620840809395304e-06,CT_place_PIPE,False
lag_15__CT_closest_enemy_dist,-2.2570598048332613e-06,2.2570598048332613e-06,CT_closest_enemy_dist,False
lag_03__CT_place_SILO,2.254632136100554e-06,2.254632136100554e-06,CT_place_SILO,False
lag_04__CT_place_SILO,2.2518629521073308e-06,2.2518629521073308e-06,CT_place_SILO,False
lag_15__T_place_CRANE,2.2469407667813357e-06,2.2469407667813357e-06,T_place_CRANE,False
lag_01__CT_place_DUMPSTER,2.222066086687846e-06,2.222066086687846e-06,CT_place_DUMPSTER,False
lag_01__CT_place_PLAYGROUND,2.2069136775826337e-06,2.2069136775826337e-06,CT_place_PLAYGROUND,False
lag_01__CT_place_KITCHEN,2.2036688278603833e-06,2.2036688278603833e-06,CT_place_KITCHEN,False
lag_09__T_place_BRICKS,2.1619725885102525e-06,2.1619725885102525e-06,T_place_BRICKS,False
lag_02__CT_place_SILO,2.1173830191401066e-06,2.1173830191401066e-06,CT_place_SILO,False
lag_09__T_place_STORAGEROOM,2.097395054079243e-06,2.097395054079243e-06,T_place_STORAGEROOM,False
lag_11__CT_place_SILO,2.065654371108394e-06,2.065654371108394e-06,CT_place_SILO,False
lag_05__CT3__is_walking,-2.029326878982829e-06,2.029326878982829e-06,CT3__is_walking,False
lag_01__T_place_BRICKS,2.0123595732002286e-06,2.0123595732002286e-06,T_place_BRICKS,False
lag_12__CT_place_SILO,2.0083914478163933e-06,2.0083914478163933e-06,CT_place_SILO,False
lag_09__T_place_CRANE,2.006073145821574e-06,2.006073145821574e-06,T_place_CRANE,False
lag_04__utility_damage_diff_last_5s,-1.9987555788247846e-06,1.9987555788247846e-06,utility_damage_diff_last_5s,True
lag_00__T1__flash_duration,1.983617494261125e-06,1.983617494261125e-06,T1__flash_duration,True
lag_08__CT_place_SILO,1.9538754258974222e-06,1.9538754258974222e-06,CT_place_SILO,False
lag_13__CT_place_SILO,1.9522760794643546e-06,1.9522760794643546e-06,CT_place_SILO,False
lag_01__T_place_STORAGEROOM,1.952253796844161e-06,1.952253796844161e-06,T_place_STORAGEROOM,False
lag_10__CT_place_SILO,1.9108001652057283e-06,1.9108001652057283e-06,CT_place_SILO,False
lag_02__T3__X,-1.903068778119632e-06,1.903068778119632e-06,T3__X,False
lag_15__CT_place_SILO,1.895511672955763e-06,1.895511672955763e-06,CT_place_SILO,False
lag_03__T_place_HOLE,1.8839563153960626e-06,1.8839563153960626e-06,T_place_HOLE,False
lag_03__CT_damage_last_5s,1.873909582172928e-06,1.873909582172928e-06,CT_damage_last_5s,False
lag_01__T_place_CRANE,1.8672499209060334e-06,1.8672499209060334e-06,T_place_CRANE,False
lag_13__CT_B_site_active_infernos,-1.865712079052173e-06,1.865712079052173e-06,CT_B_site_active_infernos,True
lag_03__CT2__molly,-1.8024103383140755e-06,1.8024103383140755e-06,CT2__molly,True
lag_09__CT_place_SILO,1.692316232038138e-06,1.692316232038138e-06,CT_place_SILO,False
lag_01__CT_place_SILO,1.5752056015116978e-06,1.5752056015116978e-06,CT_place_SILO,False
lag_06__CT_place_DECK,1.5629451581844478e-06,1.5629451581844478e-06,CT_place_DECK,False
lag_07__CT_active_smokes,1.4900189171385136e-06,1.4900189171385136e-06,CT_active_smokes,True
lag_05__CT_place_DECK,1.4336775393530843e-06,1.4336775393530843e-06,CT_place_DECK,False
lag_07__T_bomb_carrier_alive,-1.420137323293602e-06,1.420137323293602e-06,T_bomb_carrier_alive,False
lag_05__utility_damage_diff_last_5s,-1.3247525885162759e-06,1.3247525885162759e-06,utility_damage_diff_last_5s,True
lag_07__CT_place_DECK,1.3189448964112671e-06,1.3189448964112671e-06,CT_place_DECK,False
lag_14__CT_place_DECK,1.2956589898749371e-06,1.2956589898749371e-06,CT_place_DECK,False
lag_10__CT_defuser_count,-1.2877871995442547e-06,1.2877871995442547e-06,CT_defuser_count,False
lag_03__CT_place_DECK,1.2748453173117014e-06,1.2748453173117014e-06,CT_place_DECK,False
lag_04__CT_place_DECK,1.2732798495562747e-06,1.2732798495562747e-06,CT_place_DECK,False
lag_02__CT_place_DECK,1.1972393849646323e-06,1.1972393849646323e-06,CT_place_DECK,False
lag_05__CT_place_EXTENDEDA,1.1903841823368566e-06,1.1903841823368566e-06,CT_place_EXTENDEDA,False
lag_11__CT_place_DECK,1.1679901490424527e-06,1.1679901490424527e-06,CT_place_DECK,False
lag_12__T2__has_helmet,-1.1637230272754095e-06,1.1637230272754095e-06,T2__has_helmet,False
lag_12__CT_place_DECK,1.1356121376593364e-06,1.1356121376593364e-06,CT_place_DECK,False
lag_08__CT_place_DECK,1.104785610550607e-06,1.104785610550607e-06,CT_place_DECK,False
lag_13__CT_place_DECK,1.1038815728170448e-06,1.1038815728170448e-06,CT_place_DECK,False
lag_10__CT_place_DECK,1.0804307066791807e-06,1.0804307066791807e-06,CT_place_DECK,False
lag_15__CT_place_DECK,1.0717857321651536e-06,1.0717857321651536e-06,CT_place_DECK,False
lag_04__CT_spread_xy,-1.069796780939214e-06,1.069796780939214e-06,CT_spread_xy,False
lag_13__CT2__flash,-1.0685787401598645e-06,1.0685787401598645e-06,CT2__flash,True
lag_14__T1__armor,1.024267930915812e-06,1.024267930915812e-06,T1__armor,False
lag_03__CT2__has_helmet,9.892556818158482e-07,9.892556818158482e-07,CT2__has_helmet,False
lag_09__CT_place_DECK,9.568929044689867e-07,9.568929044689867e-07,CT_place_DECK,False
lag_06__T_place_UNDERA,-9.036751293933776e-07,9.036751293933776e-07,T_place_UNDERA,False
lag_01__CT_place_DECK,8.906746415959788e-07,8.906746415959788e-07,CT_place_DECK,False
lag_05__T_equip_value_sum,-8.374623234885803e-07,8.374623234885803e-07,T_equip_value_sum,False
lag_14__CT5__flash_duration,-7.612288754899055e-07,7.612288754899055e-07,CT5__flash_duration,True
lag_02__CT3__is_walking,-6.909975809321622e-07,6.909975809321622e-07,CT3__is_walking,False
lag_04__CT_defuser_count,6.625197670473426e-07,6.625197670473426e-07,CT_defuser_count,False
lag_09__T3__is_walking,-6.425350989047729e-07,6.425350989047729e-07,T3__is_walking,False
lag_10__T_bomb_carrier_alive,5.330125532054808e-07,5.330125532054808e-07,T_bomb_carrier_alive,False
lag_01__CT5__flash_duration,4.586873387779633e-07,4.586873387779633e-07,CT5__flash_duration,True
lag_08__T3__is_walking,-4.5766591938445345e-07,4.5766591938445345e-07,T3__is_walking,False
lag_11__T_utility_inv,4.550998653485294e-07,4.550998653485294e-07,T_utility_inv,True
lag_12__CT5__is_scoped,3.7805617125741264e-07,3.7805617125741264e-07,CT5__is_scoped,False
lag_11__T1__X,-3.371385446371278e-07,3.371385446371278e-07,T1__X,False
lag_05__CT_place_SHORTSTAIRS,2.62392006789014e-07,2.62392006789014e-07,CT_place_SHORTSTAIRS,False
lag_10__T1__X,2.264572458443581e-07,2.264572458443581e-07,T1__X,False
lag_06__CT1__flash,1.8174797844494606e-07,1.8174797844494606e-07,CT1__flash,True
lag_14__CT3__is_scoped,1.1832970869818382e-07,1.1832970869818382e-07,CT3__is_scoped,False
lag_12__CT_B_site_active_smokes,4.354537708195494e-08,4.354537708195494e-08,CT_B_site_active_smokes,True
lag_00__CT3__flash,8.273493001809129e-12,8.273493001809129e-12,CT3__flash,True
lag_00__CT4__utility_total,-6.4538374644484975e-12,6.4538374644484975e-12,CT4__utility_total,True
lag_00__T4__flash,5.9574142494134286e-12,5.9574142494134286e-12,T4__flash,True
lag_00__CT5__has_defuser,5.129896507582998e-12,5.129896507582998e-12,CT5__has_defuser,False
lag_00__CT4__smoke,-5.129896507582998e-12,5.129896507582998e-12,CT4__smoke,True
lag_00__T3__hp,3.4750969463148706e-12,3.4750969463148706e-12,T3__hp,False
lag_00__CT3__has_defuser,-3.3097136142856698e-12,3.3097136142856698e-12,CT3__has_defuser,False
lag_00__T5__hp,3.3096502968787966e-12,3.3096502968787966e-12,T5__hp,False
lag_00__T3__armor,2.9787071247067143e-12,2.9787071247067143e-12,T3__armor,False
lag_00__CT3__has_helmet,2.978589597191217e-12,2.978589597191217e-12,CT3__has_helmet,False
lag_00__T5__has_bomb,-2.8959057374322583e-12,2.8959057374322583e-12,T5__has_bomb,False
lag_00__round_num,2.813126034201252e-12,2.813126034201252e-12,round_num,False
lag_00__T3__has_helmet,-2.6477379316824923e-12,2.6477379316824923e-12,T3__has_helmet,False
lag_00__T_A_site_active_smokes,-2.6476598691260733e-12,2.6476598691260733e-12,T_A_site_active_smokes,True
lag_00__T4__hp,2.4821661653157134e-12,2.4821661653157134e-12,T4__hp,False
lag_00__CT4__flash,-2.316646874334083e-12,2.316646874334083e-12,CT4__flash,True
lag_00__CT5__shots_fired,2.316646874334083e-12,2.316646874334083e-12,CT5__shots_fired,False
lag_00__CT1__has_defuser,2.316646874334083e-12,2.316646874334083e-12,CT1__has_defuser,False
lag_00__T4__shots_fired,-2.1926874378686012e-12,2.1926874378686012e-12,T4__shots_fired,False
lag_00__CT5__has_helmet,2.1512930326039736e-12,2.1512930326039736e-12,CT5__has_helmet,False
lag_00__CT_A_site_active_smokes,2.1512930326039736e-12,2.1512930326039736e-12,CT_A_site_active_smokes,True
lag_00__T4__armor,-2.1512863105505042e-12,2.1512863105505042e-12,T4__armor,False
lag_00__CT3__armor,1.9857865352079784e-12,1.9857865352079784e-12,CT3__armor,False
lag_00__CT_place_MIDDLE,-1.98577504266495e-12,1.98577504266495e-12,CT_place_MIDDLE,False
lag_00__T1__has_bomb,1.98577504266495e-12,1.98577504266495e-12,T1__has_bomb,False
lag_00__T4__alive,1.8202347181611733e-12,1.8202347181611733e-12,T4__alive,False
lag_00__CT4__molly,-1.820155137721713e-12,1.820155137721713e-12,CT4__molly,True
lag_00__CT3__alive,1.820155137721713e-12,1.820155137721713e-12,CT3__alive,False
lag_00__CT_place_ALLEY,-1.7790352524471587e-12,1.7790352524471587e-12,CT_place_ALLEY,False
lag_00__T1__shots_fired,1.7375484731574353e-12,1.7375484731574353e-12,T1__shots_fired,False
lag_00__CT1__is_scoped,1.7374712779627544e-12,1.7374712779627544e-12,CT1__is_scoped,False
lag_00__CT_place_RUINS,1.6961915812879758e-12,1.6961915812879758e-12,CT_place_RUINS,False
lag_00__CT_place_SIDEHALL,1.6134593661121244e-12,1.6134593661121244e-12,CT_place_SIDEHALL,False
lag_00__CT_place_OUTSIDE,-1.6134593661121244e-12,1.6134593661121244e-12,CT_place_OUTSIDE,False
lag_00__CT_place_TUNNELS,-1.5720619250814138e-12,1.5720619250814138e-12,CT_place_TUNNELS,False
lag_00__CT4__flash_duration,1.530692239626319e-12,1.530692239626319e-12,CT4__flash_duration,True
lag_00__CT_A_site_active_infernos,1.530692239626319e-12,1.530692239626319e-12,CT_A_site_active_infernos,True
lag_00__T5__armor,-1.4893535623533571e-12,1.4893535623533571e-12,T5__armor,False
lag_00__T3__alive,-1.4893535623533571e-12,1.4893535623533571e-12,T3__alive,False
lag_00__CT4__has_defuser,1.4892947985956084e-12,1.4892947985956084e-12,CT4__has_defuser,False
lag_00__T_B_site_active_infernos,-1.4892947985956084e-12,1.4892947985956084e-12,T_B_site_active_infernos,True
lag_00__CT3__flash_duration,-1.4479528687161292e-12,1.4479528687161292e-12,CT3__flash_duration,True
lag_00__T_flash_alpha_mean,-1.4479164395231336e-12,1.4479164395231336e-12,T_flash_alpha_mean,True
lag_00__T_place_SECONDMID,-1.4479164395231336e-12,1.4479164395231336e-12,T_place_SECONDMID,False
lag_00__CT_place_RAMP,-1.4065554276854186e-12,1.4065554276854186e-12,CT_place_RAMP,False
lag_00__CT1__flash_duration,-1.4065554276854186e-12,1.4065554276854186e-12,CT1__flash_duration,True
lag_00__T_place_CONNECTOR,-1.4065554276854186e-12,1.4065554276854186e-12,T_place_CONNECTOR,False
lag_00__CT_place_LOWERPARK,-1.4065415498976108e-12,1.4065415498976108e-12,CT_place_LOWERPARK,False
lag_00__T5__alive,1.3238689658412461e-12,1.3238689658412461e-12,T5__alive,False
lag_00__CT_place_CONNECTOR,1.3238299345630367e-12,1.3238299345630367e-12,CT_place_CONNECTOR,False
lag_00__CT_place_CATWALK,1.3238299345630367e-12,1.3238299345630367e-12,CT_place_CATWALK,False
lag_00__CT4__shots_fired,-1.3238299345630367e-12,1.3238299345630367e-12,CT4__shots_fired,False
lag_00__CT_place_LONGDOORS,1.3238299345630367e-12,1.3238299345630367e-12,CT_place_LONGDOORS,False
lag_00__CT_place_ADMIN,-1.2824741268957496e-12,1.2824741268957496e-12,CT_place_ADMIN,False
lag_00__T5__shots_fired,-1.241083624758943e-12,1.241083624758943e-12,T5__shots_fired,False
lag_00__T_place_BANANA,-1.2410830826578567e-12,1.2410830826578567e-12,T_place_BANANA,False
lag_00__T_place_TUNNELS,-1.1583234371670414e-12,1.1583234371670414e-12,T_place_TUNNELS,False
lag_00__T4__is_scoped,-1.1170026492299256e-12,1.1170026492299256e-12,T4__is_scoped,False
lag_00__CT_place_APARTMENTS,1.1170026492299256e-12,1.1170026492299256e-12,CT_place_APARTMENTS,False
lag_00__T5__flash_duration,-1.0756465163019868e-12,1.0756465163019868e-12,T5__flash_duration,True
lag_00__T_place_UNDERPASS,-1.0756431552752521e-12,1.0756431552752521e-12,T_place_UNDERPASS,False
lag_00__CT_place_BANANA,1.0756431552752521e-12,1.0756431552752521e-12,CT_place_BANANA,False
lag_00__CT_place_LONGDOG,-1.054920040211016e-12,1.054920040211016e-12,CT_place_LONGDOG,False
lag_00__CT_place_SNIPERSNEST,1.0341866252261411e-12,1.0341866252261411e-12,CT_place_SNIPERSNEST,False
lag_00__CT2__flash_duration,-1.0341866252261411e-12,1.0341866252261411e-12,CT2__flash_duration,True
lag_00__CT_place_TSIDEUPPER,9.928932676039892e-13,9.928932676039892e-13,CT_place_TSIDEUPPER,False
lag_00__T5__has_helmet,-9.92887521332475e-13,9.92887521332475e-13,T5__has_helmet,False
lag_00__T_place_BACKALLEY,-9.51512956967604e-13,9.51512956967604e-13,T_place_BACKALLEY,False
lag_00__T_place_TSIDEUPPER,9.100775688608564e-13,9.100775688608564e-13,T_place_TSIDEUPPER,False
lag_00__CT3__shots_fired,-9.100775688608564e-13,9.100775688608564e-13,CT3__shots_fired,False
lag_00__T_place_PALACEINTERIOR,-9.100775688608564e-13,9.100775688608564e-13,T_place_PALACEINTERIOR,False
lag_00__CT_place_LOWERTUNNEL,-9.100775688608564e-13,9.100775688608564e-13,CT_place_LOWERTUNNEL,False
lag_00__T_place_CANAL,-8.687911501326084e-13,8.687911501326084e-13,T_place_CANAL,False
lag_00__T_place_TMAIN,-8.687911501326084e-13,8.687911501326084e-13,T_place_TMAIN,False
lag_00__CT_place_HEAVEN,8.687356389813772e-13,8.687356389813772e-13,CT_place_HEAVEN,False
lag_00__T_place_STREET,8.481132462989649e-13,8.481132462989649e-13,T_place_STREET,False
lag_00__T5__is_scoped,-8.274284035714174e-13,8.274284035714174e-13,T5__is_scoped,False
lag_00__CT_place_TOPOFMID,8.274125742196992e-13,8.274125742196992e-13,CT_place_TOPOFMID,False
lag_00__T_place_VENDING,7.860309625407069e-13,7.860309625407069e-13,T_place_VENDING,False
lag_00__T_place_TSIDELOWER,7.860309625407069e-13,7.860309625407069e-13,T_place_TSIDELOWER,False
lag_00__T_place_ROOF,7.860309625407069e-13,7.860309625407069e-13,T_place_ROOF,False
lag_00__T_place_CTSPAWN,-7.860205541998511e-13,7.860205541998511e-13,T_place_CTSPAWN,False
lag_00__T_place_SIDEENTRANCE,7.446473992978042e-13,7.446473992978042e-13,T_place_SIDEENTRANCE,False
lag_00__CT_place_SIDEENTRANCE,-7.446473992978042e-13,7.446473992978042e-13,CT_place_SIDEENTRANCE,False
lag_00__T_place_MAINHALL,-7.446473992978042e-13,7.446473992978042e-13,T_place_MAINHALL,False
lag_00__CT_place_HELL,-7.239764343580646e-13,7.239764343580646e-13,CT_place_HELL,False
lag_00__CT_defusing_count,7.239582197615668e-13,7.239582197615668e-13,CT_defusing_count,False
lag_00__CT_place_PIT,7.03281508550313e-13,7.03281508550313e-13,CT_place_PIT,False
lag_00__CT_place_JUNGLE,7.032777138427093e-13,7.032777138427093e-13,CT_place_JUNGLE,False
lag_00__CT_place_BACKOFB,7.032707749488054e-13,7.032707749488054e-13,CT_place_BACKOFB,False
lag_00__T_place_PIT,-6.825940637375516e-13,6.825940637375516e-13,T_place_PIT,False
lag_00__T_place_LONGDOG,6.619600700918937e-13,6.619600700918937e-13,T_place_LONGDOG,False
lag_00__T_place_BOMBSITEB,-6.619344829206231e-13,6.619344829206231e-13,T_place_BOMBSITEB,False
lag_00__T_macro_B,-6.619344829206231e-13,6.619344829206231e-13,T_macro_B,False
lag_00__CT_place_QUAD,6.619344829206231e-13,6.619344829206231e-13,CT_place_QUAD,False
lag_00__CT_place_GARAGE,6.619149672815183e-13,6.619149672815183e-13,CT_place_GARAGE,False
lag_00__CT_place_PALACEINTERIOR,-6.619149672815183e-13,6.619149672815183e-13,CT_place_PALACEINTERIOR,False
lag_00__CT_place_TRUCK,6.619149672815183e-13,6.619149672815183e-13,CT_place_TRUCK,False
lag_00__T2__is_scoped,-6.4126877636142e-13,6.4126877636142e-13,T2__is_scoped,False
lag_00__CT_place_VENTS,-6.412370634478748e-13,6.412370634478748e-13,CT_place_VENTS,False
lag_00__CT_place_STAIRS,6.205418123794715e-13,6.205418123794715e-13,CT_place_STAIRS,False
lag_00__CT_place_HUTROOF,6.205418123794715e-13,6.205418123794715e-13,CT_place_HUTROOF,False
lag_00__CT_place_UPPERTUNNEL,6.205418123794715e-13,6.205418123794715e-13,CT_place_UPPERTUNNEL,False
lag_00__T_place_SIDEALLEY,6.205418123794715e-13,6.205418123794715e-13,T_place_SIDEALLEY,False
lag_00__T_place_TRAMP,6.205415413289284e-13,6.205415413289284e-13,T_place_TRAMP,False
lag_00__CT_place_DECON,6.101889826748419e-13,6.101889826748419e-13,CT_place_DECON,False
lag_00__T_place_BRIDGE,-5.791982019866249e-13,5.791982019866249e-13,T_place_BRIDGE,False
lag_00__T_place_RUINS,5.791982019866249e-13,5.791982019866249e-13,T_place_RUINS,False
lag_00__T_place_LOWERMID,5.791982019866249e-13,5.791982019866249e-13,T_place_LOWERMID,False
lag_00__CT_place_WALKWAY,-5.791860047121844e-13,5.791860047121844e-13,CT_place_WALKWAY,False
lag_00__CT_place_HOUSE,-5.791617185835207e-13,5.791617185835207e-13,CT_place_HOUSE,False
lag_00__CT_place_LOBBY,-5.378232581509934e-13,5.378232581509934e-13,CT_place_LOBBY,False
lag_00__CT_place_CANAL,5.378232581509934e-13,5.378232581509934e-13,CT_place_CANAL,False
lag_00__T_place_TROPHY,5.378232581509934e-13,5.378232581509934e-13,T_place_TROPHY,False
lag_00__CT_flashes_last_5s,5.378215776376261e-13,5.378215776376261e-13,CT_flashes_last_5s,True
lag_00__T_flashes_last_5s,5.171164061193445e-13,5.171164061193445e-13,T_flashes_last_5s,True
lag_00__CT_place_TSPAWN,-5.171164061193445e-13,5.171164061193445e-13,CT_place_TSPAWN,False
lag_00__T_place_PIPE,5.171037209539264e-13,5.171037209539264e-13,T_place_PIPE,False
lag_00__CT_place_TMAIN,5.171037209539264e-13,5.171037209539264e-13,CT_place_TMAIN,False
lag_00__CT_place_SECRET,-4.964466338019946e-13,4.964466338019946e-13,CT_place_SECRET,False
lag_00__T_place_SQUEAKY,-4.964466338019946e-13,4.964466338019946e-13,T_place_SQUEAKY,False
lag_00__T_place_SILO,-4.964466338019946e-13,4.964466338019946e-13,T_place_SILO,False
lag_00__T_place_PALACEALLEY,-4.964466338019946e-13,4.964466338019946e-13,T_place_PALACEALLEY,False
lag_00__T_place_ALLEY,4.964466338019946e-13,4.964466338019946e-13,T_place_ALLEY,False
lag_00__T1__molly,-4.964437606662375e-13,4.964437606662375e-13,T1__molly,True
lag_00__T4__has_helmet,4.964437606662375e-13,4.964437606662375e-13,T4__has_helmet,False
lag_00__CT_place_ARCH,4.964437606662375e-13,4.964437606662375e-13,CT_place_ARCH,False
lag_00__CT_place_CONSTRUCTION,-4.964292865672348e-13,4.964292865672348e-13,CT_place_CONSTRUCTION,False
lag_00__CT_place_BACKOFA,-4.757583216274952e-13,4.757583216274952e-13,CT_place_BACKOFA,False
lag_00__CT_place_IVY,4.550665400060439e-13,4.550665400060439e-13,CT_place_IVY,False
lag_00__CT_place_HUT,-4.550387844304282e-13,4.550387844304282e-13,CT_place_HUT,False
lag_00__CT_place_LADDER,4.550387844304282e-13,4.550387844304282e-13,CT_place_LADDER,False
lag_00__T_place_HOUSE,-4.550387844304282e-13,4.550387844304282e-13,T_place_HOUSE,False
lag_00__T_place_PLAYGROUND,4.343955750663042e-13,4.343955750663042e-13,T_place_PLAYGROUND,False
lag_00__T_place_LOWERPARK,4.343955750663042e-13,4.343955750663042e-13,T_place_LOWERPARK,False
lag_00__T_place_ARCH,4.3438711828935883e-13,4.3438711828935883e-13,T_place_ARCH,False
lag_00__T_place_GARAGE,4.137142017857087e-13,4.137142017857087e-13,T_place_GARAGE,False
lag_00__CT_flash_alpha_mean,4.137062871098496e-13,4.137062871098496e-13,CT_flash_alpha_mean,True
lag_00__CT_place_FOUNTAIN,-4.1368297676314114e-13,4.1368297676314114e-13,CT_place_FOUNTAIN,False
lag_00__CT_place_BRICKS,-4.1368297676314114e-13,4.1368297676314114e-13,CT_place_BRICKS,False
lag_00__CT_place_ENTRANCE,-4.0336831097498305e-13,4.0336831097498305e-13,CT_place_ENTRANCE,False
lag_00__CT_place_TUNNELSTAIRS,4.033648415280311e-13,4.033648415280311e-13,CT_place_TUNNELSTAIRS,False
lag_00__T_place_DECON,-4.033648415280311e-13,4.033648415280311e-13,T_place_DECON,False
lag_00__CT_place_TROPHY,-4.033648415280311e-13,4.033648415280311e-13,CT_place_TROPHY,False
lag_00__T_place_TSTAIRS,3.930189507173054e-13,3.930189507173054e-13,T_place_TSTAIRS,False
lag_00__T_place_DUMPSTER,3.930189507173054e-13,3.930189507173054e-13,T_place_DUMPSTER,False
lag_00__T_place_TRUCK,-3.8267305990657974e-13,3.8267305990657974e-13,T_place_TRUCK,False
lag_00__T_place_RAMP,-3.723236996489021e-13,3.723236996489021e-13,T_place_RAMP,False
lag_00__CT_place_WATER,-3.723236996489021e-13,3.723236996489021e-13,CT_place_WATER,False
lag_00__T_place_LOBBY,3.723236996489021e-13,3.723236996489021e-13,T_place_LOBBY,False
lag_00__T_place_JUNGLE,3.723236996489021e-13,3.723236996489021e-13,T_place_JUNGLE,False
lag_00__CT_smokes_last_5s,3.516407542751565e-13,3.516407542751565e-13,CT_smokes_last_5s,True
lag_00__CT_place_CRANE,3.5163885692135466e-13,3.5163885692135466e-13,CT_place_CRANE,False
lag_00__T_place_IVY,-3.3098003504594686e-13,3.3098003504594686e-13,T_place_IVY,False
lag_00__T2__flash_duration,3.3096724146031153e-13,3.3096724146031153e-13,T2__flash_duration,True
lag_00__CT_place_BRIDGE,3.3096724146031153e-13,3.3096724146031153e-13,CT_place_BRIDGE,False
lag_00__CT_burning_players,3.3096724146031153e-13,3.3096724146031153e-13,CT_burning_players,False
lag_00__T3__smoke,3.3096724146031153e-13,3.3096724146031153e-13,T3__smoke,True
lag_00__T3__has_bomb,-3.3096724146031153e-13,3.3096724146031153e-13,T3__has_bomb,False
lag_00__T_place_OUTSIDE,3.3095748364075916e-13,3.3095748364075916e-13,T_place_OUTSIDE,False
lag_00__T_place_GRAVEYARD,-2.8959910099331243e-13,2.8959910099331243e-13,T_place_GRAVEYARD,False
lag_00__CT_place_UNDERPASS,-2.8959910099331243e-13,2.8959910099331243e-13,CT_place_UNDERPASS,False
lag_00__T_utility_damage_last_5s,2.8959910099331243e-13,2.8959910099331243e-13,T_utility_damage_last_5s,True
lag_00__CT_place_UPPERPARK,2.895930023560922e-13,2.895930023560922e-13,CT_place_UPPERPARK,False
lag_00__CT_place_CONTROL,2.8958085929176036e-13,2.8958085929176036e-13,CT_place_CONTROL,False
lag_00__T_smokes_last_5s,-2.792506623074814e-13,2.792506623074814e-13,T_smokes_last_5s,True
lag_00__T_place_OBSERVATION,-2.689116290754967e-13,2.689116290754967e-13,T_place_OBSERVATION,False
lag_00__T_place_SECRET,2.689116290754967e-13,2.689116290754967e-13,T_place_SECRET,False
lag_00__CT_place_SIDE,-2.637421531170858e-13,2.637421531170858e-13,CT_place_SIDE,False
lag_00__CT_place_PALACEALLEY,2.585466563065353e-13,2.585466563065353e-13,CT_place_PALACEALLEY,False
lag_00__CT_place_MINI,2.482233169009973e-13,2.482233169009973e-13,CT_place_MINI,False
lag_00__CT_place_ROOF,2.482233169009973e-13,2.482233169009973e-13,CT_place_ROOF,False
lag_00__CT_place_BALCONY,2.4822188033311876e-13,2.4822188033311876e-13,CT_place_BALCONY,False
lag_00__T_place_UPSTAIRS,-2.4822188033311876e-13,2.4822188033311876e-13,T_place_UPSTAIRS,False
lag_00__T_place_QUAD,2.4822188033311876e-13,2.4822188033311876e-13,T_place_QUAD,False
lag_00__T_place_FOUNTAIN,-2.482146432836174e-13,2.482146432836174e-13,T_place_FOUNTAIN,False
lag_00__CT_place_MAIN,-2.2753327000302193e-13,2.2753327000302193e-13,CT_place_MAIN,False
lag_00__T_place_CONSTRUCTION,2.2753327000302193e-13,2.2753327000302193e-13,T_place_CONSTRUCTION,False
lag_00__CT_place_SECONDMID,2.2752933977014667e-13,2.2752933977014667e-13,CT_place_SECONDMID,False
lag_00__CT_place_TSIDELOWER,-2.275193922152141e-13,2.275193922152141e-13,CT_place_TSIDELOWER,False
lag_00__T_place_SIDEHALL,2.275193922152141e-13,2.275193922152141e-13,T_place_SIDEHALL,False
lag_00__CT_place_VENDING,2.275193922152141e-13,2.275193922152141e-13,CT_place_VENDING,False
lag_00__CT_place_BACKALLEY,-2.1719355914467942e-13,2.1719355914467942e-13,CT_place_BACKALLEY,False
lag_00__T_place_DECK,2.0685710089285436e-13,2.0685710089285436e-13,T_place_DECK,False
lag_00__CT_place_SCAFFOLDING,-2.0685710089285436e-13,2.0685710089285436e-13,CT_place_SCAFFOLDING,False
lag_00__T_place_RAFTERS,2.0685710089285436e-13,2.0685710089285436e-13,T_place_RAFTERS,False
lag_00__CT_place_TRAMP,2.068531435549248e-13,2.068531435549248e-13,CT_place_TRAMP,False
lag_00__T_place_ENTRANCE,2.0684148838157057e-13,2.0684148838157057e-13,T_place_ENTRANCE,False
lag_00__T_place_RESTROOM,-2.0684148838157057e-13,2.0684148838157057e-13,T_place_RESTROOM,False
lag_00__T_place_KITCHEN,-1.8616919529416964e-13,1.8616919529416964e-13,T_place_KITCHEN,False
lag_00__CT_place_CTSIDEUPPER,1.8616358454792703e-13,1.8616358454792703e-13,CT_place_CTSIDEUPPER,False
lag_00__T_place_WATER,1.8616184982445105e-13,1.8616184982445105e-13,T_place_WATER,False
lag_00__CT_place_UNKNOWN,1.7582037713757825e-13,1.7582037713757825e-13,CT_place_UNKNOWN,False
lag_00__CT_he_last_5s,1.7582037713757825e-13,1.7582037713757825e-13,CT_he_last_5s,True
lag_00__CT_place_SIDEALLEY,-1.7581942846067733e-13,1.7581942846067733e-13,CT_place_SIDEALLEY,False
lag_00__T_place_STAIRS,-1.7581942846067733e-13,1.7581942846067733e-13,T_place_STAIRS,False
lag_00__CT3__hp,1.6547874182037958e-13,1.6547874182037958e-13,CT3__hp,False
lag_00__CT_place_GRAVEYARD,1.4479955049665622e-13,1.4479955049665622e-13,CT_place_GRAVEYARD,False
lag_00__CT_place_ELECTRICALBOX,-1.447965011780461e-13,1.447965011780461e-13,CT_place_ELECTRICALBOX,False
lag_00__T_place_TUNNEL,1.4479042964588018e-13,1.4479042964588018e-13,T_place_TUNNEL,False
lag_00__CT_place_SQUEAKY,-1.4479042964588018e-13,1.4479042964588018e-13,CT_place_SQUEAKY,False
lag_00__T_place_LADDER,1.4479042964588018e-13,1.4479042964588018e-13,T_place_LADDER,False
lag_00__CT_place_UPSTAIRS,1.396253311537407e-13,1.396253311537407e-13,CT_place_UPSTAIRS,False
lag_00__CT_mollies_last_5s,-1.2927910152983613e-13,1.2927910152983613e-13,CT_mollies_last_5s,True
lag_00__CT_place_TSTAIRS,1.292759302384816e-13,1.292759302384816e-13,CT_place_TSTAIRS,False
lag_00__CT2__is_scoped,-1.2411165845049865e-13,1.2411165845049865e-13,CT2__is_scoped,False
lag_00__CT_place_LIBRARY,1.2411094016655938e-13,1.2411094016655938e-13,CT_place_LIBRARY,False
lag_00__T_he_last_5s,-1.2411094016655938e-13,1.2411094016655938e-13,T_he_last_5s,True
lag_00__T_place_WALKWAY,-1.241073216418087e-13,1.241073216418087e-13,T_place_WALKWAY,False
lag_00__T_place_BRICKS,-1.241073216418087e-13,1.241073216418087e-13,T_place_BRICKS,False
lag_00__T_place_LOCKERROOM,1.1895172347120564e-13,1.1895172347120564e-13,T_place_LOCKERROOM,False
lag_00__CT_place_STREET,-1.0859889376657605e-13,1.0859889376657605e-13,CT_place_STREET,False
lag_00__CT_place_LOCKERROOM,1.0342855044642718e-13,1.0342855044642718e-13,CT_place_LOCKERROOM,False
lag_00__CT_place_OUTSIDETUNNEL,-1.0342855044642718e-13,1.0342855044642718e-13,CT_place_OUTSIDETUNNEL,False
lag_00__T_place_BALCONY,-1.034265717774624e-13,1.034265717774624e-13,T_place_BALCONY,False
lag_00__T_mollies_last_5s,1.034265717774624e-13,1.034265717774624e-13,T_mollies_last_5s,True
lag_00__CT_place_LOWERMID,-9.308459764708482e-14,9.308459764708482e-14,CT_place_LOWERMID,False
lag_00__T_place_CTSIDEUPPER,9.308179227396352e-14,9.308179227396352e-14,T_place_CTSIDEUPPER,False
lag_00__CT_place_STORAGEROOM,-9.308179227396352e-14,9.308179227396352e-14,CT_place_STORAGEROOM,False
lag_00__CT_place_OBSERVATION,9.308092491222553e-14,9.308092491222553e-14,CT_place_OBSERVATION,False
lag_00__CT_place_TUNNEL,9.308092491222553e-14,9.308092491222553e-14,CT_place_TUNNEL,False
lag_00__T_place_MAIN,-8.274500876148672e-14,8.274500876148672e-14,T_place_MAIN,False
lag_00__T_place_APARTMENTS,8.274181036507788e-14,8.274181036507788e-14,T_place_APARTMENTS,False
lag_00__CT4__is_scoped,8.273937091018979e-14,8.273937091018979e-14,CT4__is_scoped,False
lag_00__T_place_HEAVEN,8.273937091018979e-14,8.273937091018979e-14,T_place_HEAVEN,False
lag_00__T_place_HUT,-8.273937091018979e-14,8.273937091018979e-14,T_place_HUT,False
lag_00__CT_place_RAFTERS,-8.273937091018979e-14,8.273937091018979e-14,CT_place_RAFTERS,False
lag_00__CT_place_SILO,7.756772654743394e-14,7.756772654743394e-14,CT_place_SILO,False
lag_00__T_place_SCAFFOLDING,7.756772654743394e-14,7.756772654743394e-14,T_place_SCAFFOLDING,False
lag_00__T_place_BACKOFA,-7.239825058902305e-14,7.239825058902305e-14,T_place_BACKOFA,False
lag_00__T_place_CRANE,-7.239521482294009e-14,7.239521482294009e-14,T_place_CRANE,False
lag_00__T_place_ADMIN,-6.205582922524933e-14,6.205582922524933e-14,T_place_ADMIN,False
lag_00__T_place_VENTS,6.205582922524933e-14,6.205582922524933e-14,T_place_VENTS,False
lag_00__T_place_STORAGEROOM,6.205366082090435e-14,6.205366082090435e-14,T_place_STORAGEROOM,False
lag_00__CT_place_RESTROOM,-6.205366082090435e-14,6.205366082090435e-14,CT_place_RESTROOM,False
lag_00__CT_place_PIPE,-6.205366082090435e-14,6.205366082090435e-14,CT_place_PIPE,False
lag_00__T_place_HUTROOF,5.687984805380353e-14,5.687984805380353e-14,T_place_HUTROOF,False
lag_00__T_place_SNIPERSNEST,5.171427522321359e-14,5.171427522321359e-14,T_place_SNIPERSNEST,False
lag_00__T_place_ELECTRICALBOX,5.171037209539264e-14,5.171037209539264e-14,T_place_ELECTRICALBOX,False
lag_00__CT_place_OUTSIDELONG,-4.137250438074336e-14,4.137250438074336e-14,CT_place_OUTSIDELONG,False
lag_00__T_place_BACKOFB,-4.137250438074336e-14,4.137250438074336e-14,T_place_BACKOFB,False
lag_00__T_place_UPPERPARK,4.137250438074336e-14,4.137250438074336e-14,T_place_UPPERPARK,False
lag_00__CT_place_SHOP,-4.1369685455094896e-14,4.1369685455094896e-14,CT_place_SHOP,False
lag_00__T_place_SHOP,-3.102791461262466e-14,3.102791461262466e-14,T_place_SHOP,False
lag_00__T_place_HELL,3.102791461262466e-14,3.102791461262466e-14,T_place_HELL,False
lag_00__CT_place_KITCHEN,-3.1027735041639845e-14,3.1027735041639845e-14,CT_place_KITCHEN,False
lag_00__CT_place_PLAYGROUND,2.068625219037168e-14,2.068625219037168e-14,CT_place_PLAYGROUND,False
lag_00__T_place_MINI,-2.0684842727547448e-14,2.0684842727547448e-14,T_place_MINI,False
lag_00__T_place_CONTROL,2.0684842727547448e-14,2.0684842727547448e-14,T_place_CONTROL,False
lag_00__CT_place_DUMPSTER,1.551341520522609e-14,1.551341520522609e-14,CT_place_DUMPSTER,False
lag_00__T_place_LIBRARY,-1.0342726295634735e-14,1.0342726295634735e-14,T_place_LIBRARY,False
lag_00__CT_place_DECK,-7.756978653156166e-15,7.756978653156166e-15,CT_place_DECK,False
lag_00__CT1__has_bomb,0.0,0.0,CT1__has_bomb,False
lag_14__CT1__has_bomb,0.0,0.0,CT1__has_bomb,False
lag_11__CT_B_site_mollies_last_5s,0.0,0.0,CT_B_site_mollies_last_5s,True
lag_10__T5__he,0.0,0.0,T5__he,True
lag_10__T5__has_defuser,0.0,0.0,T5__has_defuser,False
lag_00__CT1__he,0.0,0.0,CT1__he,True
lag_15__CT_bomb_zone_count,0.0,0.0,CT_bomb_zone_count,False
lag_10__T4__he,0.0,0.0,T4__he,True
lag_04__CT_B_site_mollies_last_5s,0.0,0.0,CT_B_site_mollies_last_5s,True
lag_10__T4__has_defuser,0.0,0.0,T4__has_defuser,False
lag_04__CT_B_site_he_last_5s,0.0,0.0,CT_B_site_he_last_5s,True
lag_01__T1__has_defuser,0.0,0.0,T1__has_defuser,False
lag_10__CT1__he,0.0,0.0,CT1__he,True
lag_04__T_A_site_mollies_last_5s,0.0,0.0,T_A_site_mollies_last_5s,True
lag_14__CT1__he,0.0,0.0,CT1__he,True
lag_04__CT_B_site_smokes_last_5s,0.0,0.0,CT_B_site_smokes_last_5s,True
lag_10__CT1__has_bomb,0.0,0.0,CT1__has_bomb,False
lag_10__CT2__he,0.0,0.0,CT2__he,True
lag_00__CT4__he,0.0,0.0,CT4__he,True
lag_14__T5__he,0.0,0.0,T5__he,True
lag_03__T_defuser_count,0.0,0.0,T_defuser_count,False
lag_10__CT2__has_bomb,0.0,0.0,CT2__has_bomb,False
lag_00__CT4__has_bomb,0.0,0.0,CT4__has_bomb,False
lag_15__CT_he_inv,0.0,0.0,CT_he_inv,True
lag_11__CT_B_site_he_last_5s,0.0,0.0,CT_B_site_he_last_5s,True
lag_11__CT_B_site_flashes_last_5s,0.0,0.0,CT_B_site_flashes_last_5s,True
lag_11__CT_B_site_smokes_last_5s,0.0,0.0,CT_B_site_smokes_last_5s,True
lag_03__T_defusing_count,0.0,0.0,T_defusing_count,False
lag_10__CT3__he,0.0,0.0,CT3__he,True
lag_04__CT_B_site_flashes_last_5s,0.0,0.0,CT_B_site_flashes_last_5s,True
lag_04__T_B_site_mollies_last_5s,0.0,0.0,T_B_site_mollies_last_5s,True
lag_10__T3__he,0.0,0.0,T3__he,True
lag_04__CT4__has_bomb,0.0,0.0,CT4__has_bomb,False
lag_04__CT_A_site_he_last_5s,0.0,0.0,CT_A_site_he_last_5s,True
lag_14__CT2__has_bomb,0.0,0.0,CT2__has_bomb,False
lag_00__CT2__has_bomb,0.0,0.0,CT2__has_bomb,False
lag_04__CT5__has_bomb,0.0,0.0,CT5__has_bomb,False
lag_04__CT_A_site_flashes_last_5s,0.0,0.0,CT_A_site_flashes_last_5s,True
lag_10__T_place_UNKNOWN,0.0,0.0,T_place_UNKNOWN,False
lag_14__CT2__he,0.0,0.0,CT2__he,True
lag_00__CT2__he,0.0,0.0,CT2__he,True
lag_04__T_A_site_smokes_last_5s,0.0,0.0,T_A_site_smokes_last_5s,True
lag_04__T_A_site_flashes_last_5s,0.0,0.0,T_A_site_flashes_last_5s,True
lag_10__CT_bomb_carrier_alive,0.0,0.0,CT_bomb_carrier_alive,False
lag_10__CT_he_inv,0.0,0.0,CT_he_inv,True
lag_10__CT_bomb_zone_count,0.0,0.0,CT_bomb_zone_count,False
lag_04__CT_A_site_smokes_last_5s,0.0,0.0,CT_A_site_smokes_last_5s,True
lag_10__T1__has_defuser,0.0,0.0,T1__has_defuser,False
lag_04__CT5__he,0.0,0.0,CT5__he,True
lag_04__T_A_site_he_last_5s,0.0,0.0,T_A_site_he_last_5s,True
lag_10__T2__he,0.0,0.0,T2__he,True
lag_04__T_B_site_he_last_5s,0.0,0.0,T_B_site_he_last_5s,True
lag_04__T_B_site_flashes_last_5s,0.0,0.0,T_B_site_flashes_last_5s,True
lag_10__T3__has_defuser,0.0,0.0,T3__has_defuser,False
lag_14__CT3__has_bomb,0.0,0.0,CT3__has_bomb,False
lag_04__T_B_site_smokes_last_5s,0.0,0.0,T_B_site_smokes_last_5s,True
lag_04__CT_A_site_mollies_last_5s,0.0,0.0,CT_A_site_mollies_last_5s,True
lag_10__T_defuser_count,0.0,0.0,T_defuser_count,False
lag_14__CT3__he,0.0,0.0,CT3__he,True
lag_10__T2__has_defuser,0.0,0.0,T2__has_defuser,False
lag_00__CT3__has_bomb,0.0,0.0,CT3__has_bomb,False
lag_10__T_defusing_count,0.0,0.0,T_defusing_count,False
lag_10__T_he_inv,0.0,0.0,T_he_inv,True
lag_00__CT3__he,0.0,0.0,CT3__he,True
lag_10__T1__he,0.0,0.0,T1__he,True
lag_01__CT4__has_bomb,0.0,0.0,CT4__has_bomb,False
lag_10__CT5__he,0.0,0.0,CT5__he,True
lag_15__CT_bomb_carrier_alive,0.0,0.0,CT_bomb_carrier_alive,False
lag_12__T_B_site_he_last_5s,0.0,0.0,T_B_site_he_last_5s,True
lag_12__T_B_site_smokes_last_5s,0.0,0.0,T_B_site_smokes_last_5s,True
lag_01__T2__he,0.0,0.0,T2__he,True
lag_15__CT_A_site_he_last_5s,0.0,0.0,CT_A_site_he_last_5s,True
lag_15__CT_A_site_mollies_last_5s,0.0,0.0,CT_A_site_mollies_last_5s,True
lag_14__T_A_site_mollies_last_5s,0.0,0.0,T_A_site_mollies_last_5s,True
lag_00__T3__has_defuser,0.0,0.0,T3__has_defuser,False
lag_00__T3__is_scoped,0.0,0.0,T3__is_scoped,False
lag_12__T_B_site_flashes_last_5s,0.0,0.0,T_B_site_flashes_last_5s,True
lag_10__CT_B_site_mollies_last_5s,0.0,0.0,CT_B_site_mollies_last_5s,True
lag_14__T_A_site_smokes_last_5s,0.0,0.0,T_A_site_smokes_last_5s,True
lag_10__CT_B_site_he_last_5s,0.0,0.0,CT_B_site_he_last_5s,True
lag_10__CT_B_site_flashes_last_5s,0.0,0.0,CT_B_site_flashes_last_5s,True
lag_10__CT_B_site_smokes_last_5s,0.0,0.0,CT_B_site_smokes_last_5s,True
lag_14__T_A_site_he_last_5s,0.0,0.0,T_A_site_he_last_5s,True
lag_10__T_B_site_mollies_last_5s,0.0,0.0,T_B_site_mollies_last_5s,True
lag_00__T3__he,0.0,0.0,T3__he,True
lag_10__T_B_site_he_last_5s,0.0,0.0,T_B_site_he_last_5s,True
lag_10__T_B_site_flashes_last_5s,0.0,0.0,T_B_site_flashes_last_5s,True
lag_14__CT_A_site_smokes_last_5s,0.0,0.0,CT_A_site_smokes_last_5s,True
lag_12__CT_A_site_mollies_last_5s,0.0,0.0,CT_A_site_mollies_last_5s,True
lag_00__T2__he,0.0,0.0,T2__he,True
lag_15__CT_A_site_flashes_last_5s,0.0,0.0,CT_A_site_flashes_last_5s,True
lag_00__T1__he,0.0,0.0,T1__he,True
lag_15__CT_A_site_smokes_last_5s,0.0,0.0,CT_A_site_smokes_last_5s,True
lag_14__T_B_site_smokes_last_5s,0.0,0.0,T_B_site_smokes_last_5s,True
lag_01__T3__has_defuser,0.0,0.0,T3__has_defuser,False
lag_14__CT_A_site_mollies_last_5s,0.0,0.0,CT_A_site_mollies_last_5s,True
lag_14__CT_A_site_he_last_5s,0.0,0.0,CT_A_site_he_last_5s,True
lag_12__T_A_site_smokes_last_5s,0.0,0.0,T_A_site_smokes_last_5s,True
lag_12__T_A_site_flashes_last_5s,0.0,0.0,T_A_site_flashes_last_5s,True
lag_00__T2__has_defuser,0.0,0.0,T2__has_defuser,False
lag_14__CT_A_site_flashes_last_5s,0.0,0.0,CT_A_site_flashes_last_5s,True
lag_12__T_A_site_he_last_5s,0.0,0.0,T_A_site_he_last_5s,True
lag_12__T_A_site_mollies_last_5s,0.0,0.0,T_A_site_mollies_last_5s,True
lag_04__CT1__he,0.0,0.0,CT1__he,True
lag_12__CT_A_site_smokes_last_5s,0.0,0.0,CT_A_site_smokes_last_5s,True
lag_12__CT_A_site_flashes_last_5s,0.0,0.0,CT_A_site_flashes_last_5s,True
lag_12__CT_A_site_he_last_5s,0.0,0.0,CT_A_site_he_last_5s,True
lag_04__CT1__has_bomb,0.0,0.0,CT1__has_bomb,False
lag_14__T_A_site_flashes_last_5s,0.0,0.0,T_A_site_flashes_last_5s,True
lag_15__T_B_site_smokes_last_5s,0.0,0.0,T_B_site_smokes_last_5s,True
lag_10__CT3__has_bomb,0.0,0.0,CT3__has_bomb,False
lag_00__T5__he,0.0,0.0,T5__he,True
lag_12__T_B_site_mollies_last_5s,0.0,0.0,T_B_site_mollies_last_5s,True
lag_01__T1__he,0.0,0.0,T1__he,True
lag_15__CT_B_site_smokes_last_5s,0.0,0.0,CT_B_site_smokes_last_5s,True
lag_15__CT_B_site_flashes_last_5s,0.0,0.0,CT_B_site_flashes_last_5s,True
lag_14__CT4__has_bomb,0.0,0.0,CT4__has_bomb,False
lag_10__CT5__has_bomb,0.0,0.0,CT5__has_bomb,False
lag_11__T_B_site_mollies_last_5s,0.0,0.0,T_B_site_mollies_last_5s,True
lag_12__CT_B_site_smokes_last_5s,0.0,0.0,CT_B_site_smokes_last_5s,True
lag_12__CT_B_site_flashes_last_5s,0.0,0.0,CT_B_site_flashes_last_5s,True
lag_04__CT2__he,0.0,0.0,CT2__he,True
lag_12__CT_B_site_he_last_5s,0.0,0.0,CT_B_site_he_last_5s,True
lag_14__CT4__he,0.0,0.0,CT4__he,True
lag_12__CT_B_site_mollies_last_5s,0.0,0.0,CT_B_site_mollies_last_5s,True
lag_04__CT4__he,0.0,0.0,CT4__he,True
lag_10__CT4__has_bomb,0.0,0.0,CT4__has_bomb,False
lag_10__CT4__he,0.0,0.0,CT4__he,True
lag_15__CT_B_site_he_last_5s,0.0,0.0,CT_B_site_he_last_5s,True
lag_15__CT_B_site_mollies_last_5s,0.0,0.0,CT_B_site_mollies_last_5s,True
lag_04__CT3__has_bomb,0.0,0.0,CT3__has_bomb,False
lag_00__T5__has_defuser,0.0,0.0,T5__has_defuser,False
lag_04__CT3__he,0.0,0.0,CT3__he,True
lag_14__CT5__he,0.0,0.0,CT5__he,True
lag_04__CT2__has_bomb,0.0,0.0,CT2__has_bomb,False
lag_00__T4__has_defuser,0.0,0.0,T4__has_defuser,False
lag_01__T2__has_defuser,0.0,0.0,T2__has_defuser,False
lag_10__T_B_site_smokes_last_5s,0.0,0.0,T_B_site_smokes_last_5s,True
lag_10__CT_A_site_mollies_last_5s,0.0,0.0,CT_A_site_mollies_last_5s,True
lag_10__CT_A_site_he_last_5s,0.0,0.0,CT_A_site_he_last_5s,True
lag_15__T_B_site_flashes_last_5s,0.0,0.0,T_B_site_flashes_last_5s,True
lag_10__CT_A_site_flashes_last_5s,0.0,0.0,CT_A_site_flashes_last_5s,True
lag_10__CT_A_site_smokes_last_5s,0.0,0.0,CT_A_site_smokes_last_5s,True
lag_10__T_A_site_mollies_last_5s,0.0,0.0,T_A_site_mollies_last_5s,True
lag_15__T_B_site_he_last_5s,0.0,0.0,T_B_site_he_last_5s,True
lag_00__T4__he,0.0,0.0,T4__he,True
lag_10__T_A_site_he_last_5s,0.0,0.0,T_A_site_he_last_5s,True
lag_10__T_A_site_flashes_last_5s,0.0,0.0,T_A_site_flashes_last_5s,True
lag_10__T_A_site_smokes_last_5s,0.0,0.0,T_A_site_smokes_last_5s,True
lag_15__T_B_site_mollies_last_5s,0.0,0.0,T_B_site_mollies_last_5s,True
lag_14__CT5__has_bomb,0.0,0.0,CT5__has_bomb,False
lag_03__T_he_inv,0.0,0.0,T_he_inv,True
lag_14__T4__has_defuser,0.0,0.0,T4__has_defuser,False
lag_11__T_B_site_he_last_5s,0.0,0.0,T_B_site_he_last_5s,True
lag_11__T_defusing_count,0.0,0.0,T_defusing_count,False
lag_02__CT_bomb_carrier_alive,0.0,0.0,CT_bomb_carrier_alive,False
lag_02__T1__has_defuser,0.0,0.0,T1__has_defuser,False
lag_02__T1__he,0.0,0.0,T1__he,True
lag_02__T2__has_defuser,0.0,0.0,T2__has_defuser,False
lag_11__T5__he,0.0,0.0,T5__he,True
lag_11__T5__has_defuser,0.0,0.0,T5__has_defuser,False
lag_11__T_defuser_count,0.0,0.0,T_defuser_count,False
lag_15__T_he_inv,0.0,0.0,T_he_inv,True
lag_11__T4__he,0.0,0.0,T4__he,True
lag_15__T_place_UNKNOWN,0.0,0.0,T_place_UNKNOWN,False
lag_11__T4__has_defuser,0.0,0.0,T4__has_defuser,False
lag_11__T3__he,0.0,0.0,T3__he,True
lag_11__T_he_inv,0.0,0.0,T_he_inv,True
lag_02__T2__he,0.0,0.0,T2__he,True
lag_15__T_defusing_count,0.0,0.0,T_defusing_count,False
lag_11__T3__has_defuser,0.0,0.0,T3__has_defuser,False
lag_15__T_defuser_count,0.0,0.0,T_defuser_count,False
lag_11__T2__he,0.0,0.0,T2__he,True
lag_14__T_defuser_count,0.0,0.0,T_defuser_count,False
lag_02__CT_he_inv,0.0,0.0,CT_he_inv,True
lag_00__CT_place_MAINHALL,0.0,0.0,CT_place_MAINHALL,False
lag_02__CT_bomb_zone_count,0.0,0.0,CT_bomb_zone_count,False
lag_03__CT_A_site_mollies_last_5s,0.0,0.0,CT_A_site_mollies_last_5s,True
lag_03__T_B_site_smokes_last_5s,0.0,0.0,T_B_site_smokes_last_5s,True
lag_03__T_B_site_flashes_last_5s,0.0,0.0,T_B_site_flashes_last_5s,True
lag_03__T_B_site_he_last_5s,0.0,0.0,T_B_site_he_last_5s,True
lag_03__T_B_site_mollies_last_5s,0.0,0.0,T_B_site_mollies_last_5s,True
lag_03__CT_B_site_smokes_last_5s,0.0,0.0,CT_B_site_smokes_last_5s,True
lag_03__CT_B_site_flashes_last_5s,0.0,0.0,CT_B_site_flashes_last_5s,True
lag_03__CT_B_site_he_last_5s,0.0,0.0,CT_B_site_he_last_5s,True
lag_03__CT_B_site_mollies_last_5s,0.0,0.0,CT_B_site_mollies_last_5s,True
lag_14__T_place_UNKNOWN,0.0,0.0,T_place_UNKNOWN,False
lag_02__T_defuser_count,0.0,0.0,T_defuser_count,False
lag_02__T_defusing_count,0.0,0.0,T_defusing_count,False
lag_02__T_he_inv,0.0,0.0,T_he_inv,True
lag_02__T_place_UNKNOWN,0.0,0.0,T_place_UNKNOWN,False
lag_14__T_he_inv,0.0,0.0,T_he_inv,True
lag_14__T_defusing_count,0.0,0.0,T_defusing_count,False
lag_01__T_place_UNKNOWN,0.0,0.0,T_place_UNKNOWN,False
lag_11__T2__has_defuser,0.0,0.0,T2__has_defuser,False
lag_02__T3__has_defuser,0.0,0.0,T3__has_defuser,False
lag_11__T1__he,0.0,0.0,T1__he,True
lag_02__CT4__has_bomb,0.0,0.0,CT4__has_bomb,False
lag_02__CT5__has_bomb,0.0,0.0,CT5__has_bomb,False
lag_02__T_A_site_smokes_last_5s,0.0,0.0,T_A_site_smokes_last_5s,True
lag_02__T_A_site_flashes_last_5s,0.0,0.0,T_A_site_flashes_last_5s,True
lag_02__T_A_site_he_last_5s,0.0,0.0,T_A_site_he_last_5s,True
lag_02__T_A_site_mollies_last_5s,0.0,0.0,T_A_site_mollies_last_5s,True
lag_02__CT_A_site_smokes_last_5s,0.0,0.0,CT_A_site_smokes_last_5s,True
lag_02__CT_A_site_flashes_last_5s,0.0,0.0,CT_A_site_flashes_last_5s,True
lag_02__CT_A_site_he_last_5s,0.0,0.0,CT_A_site_he_last_5s,True
lag_02__CT_A_site_mollies_last_5s,0.0,0.0,CT_A_site_mollies_last_5s,True
lag_02__T_B_site_smokes_last_5s,0.0,0.0,T_B_site_smokes_last_5s,True
lag_02__T_B_site_flashes_last_5s,0.0,0.0,T_B_site_flashes_last_5s,True
lag_02__T_B_site_he_last_5s,0.0,0.0,T_B_site_he_last_5s,True
lag_02__T_B_site_mollies_last_5s,0.0,0.0,T_B_site_mollies_last_5s,True
lag_02__CT_B_site_smokes_last_5s,0.0,0.0,CT_B_site_smokes_last_5s,True
lag_02__CT_B_site_flashes_last_5s,0.0,0.0,CT_B_site_flashes_last_5s,True
lag_02__CT_B_site_he_last_5s,0.0,0.0,CT_B_site_he_last_5s,True
lag_02__CT_B_site_mollies_last_5s,0.0,0.0,CT_B_site_mollies_last_5s,True
lag_02__CT5__he,0.0,0.0,CT5__he,True
lag_01__T_defuser_count,0.0,0.0,T_defuser_count,False
lag_02__T3__he,0.0,0.0,T3__he,True
lag_02__CT4__he,0.0,0.0,CT4__he,True
lag_02__T4__has_defuser,0.0,0.0,T4__has_defuser,False
lag_01__T_he_inv,0.0,0.0,T_he_inv,True
lag_11__T1__has_defuser,0.0,0.0,T1__has_defuser,False
lag_02__T4__he,0.0,0.0,T4__he,True
lag_11__T_place_UNKNOWN,0.0,0.0,T_place_UNKNOWN,False
lag_02__T5__has_defuser,0.0,0.0,T5__has_defuser,False
lag_02__T5__he,0.0,0.0,T5__he,True
lag_11__CT_bomb_carrier_alive,0.0,0.0,CT_bomb_carrier_alive,False
lag_11__CT_he_inv,0.0,0.0,CT_he_inv,True
lag_11__CT_bomb_zone_count,0.0,0.0,CT_bomb_zone_count,False
lag_02__CT1__he,0.0,0.0,CT1__he,True
lag_02__CT1__has_bomb,0.0,0.0,CT1__has_bomb,False
lag_02__CT2__he,0.0,0.0,CT2__he,True
lag_02__CT2__has_bomb,0.0,0.0,CT2__has_bomb,False
lag_02__CT3__he,0.0,0.0,CT3__he,True
lag_01__T_defusing_count,0.0,0.0,T_defusing_count,False
lag_02__CT3__has_bomb,0.0,0.0,CT3__has_bomb,False
lag_03__CT_A_site_he_last_5s,0.0,0.0,CT_A_site_he_last_5s,True
lag_03__CT_A_site_flashes_last_5s,0.0,0.0,CT_A_site_flashes_last_5s,True
lag_03__CT_A_site_smokes_last_5s,0.0,0.0,CT_A_site_smokes_last_5s,True
lag_03__T_place_UNKNOWN,0.0,0.0,T_place_UNKNOWN,False
lag_00__CT_A_site_smokes_last_5s,0.0,0.0,CT_A_site_smokes_last_5s,True
lag_00__CT_A_site_flashes_last_5s,0.0,0.0,CT_A_site_flashes_last_5s,True
lag_00__CT_A_site_he_last_5s,0.0,0.0,CT_A_site_he_last_5s,True
lag_00__CT_A_site_mollies_last_5s,0.0,0.0,CT_A_site_mollies_last_5s,True
lag_11__CT5__he,0.0,0.0,CT5__he,True
lag_03__CT_bomb_zone_count,0.0,0.0,CT_bomb_zone_count,False
lag_00__T_B_site_smokes_last_5s,0.0,0.0,T_B_site_smokes_last_5s,True
lag_00__T_B_site_flashes_last_5s,0.0,0.0,T_B_site_flashes_last_5s,True
lag_00__T_B_site_he_last_5s,0.0,0.0,T_B_site_he_last_5s,True
lag_00__T_B_site_mollies_last_5s,0.0,0.0,T_B_site_mollies_last_5s,True
lag_11__CT4__has_bomb,0.0,0.0,CT4__has_bomb,False
lag_11__CT4__he,0.0,0.0,CT4__he,True
lag_00__CT_B_site_smokes_last_5s,0.0,0.0,CT_B_site_smokes_last_5s,True
lag_00__CT_B_site_flashes_last_5s,0.0,0.0,CT_B_site_flashes_last_5s,True
lag_00__CT_B_site_he_last_5s,0.0,0.0,CT_B_site_he_last_5s,True
lag_00__CT_B_site_mollies_last_5s,0.0,0.0,CT_B_site_mollies_last_5s,True
lag_11__CT3__has_bomb,0.0,0.0,CT3__has_bomb,False
lag_14__T_B_site_he_last_5s,0.0,0.0,T_B_site_he_last_5s,True
lag_00__T_A_site_mollies_last_5s,0.0,0.0,T_A_site_mollies_last_5s,True
lag_11__CT2__has_bomb,0.0,0.0,CT2__has_bomb,False
lag_00__T_A_site_he_last_5s,0.0,0.0,T_A_site_he_last_5s,True
lag_11__T_B_site_flashes_last_5s,0.0,0.0,T_B_site_flashes_last_5s,True
lag_14__T5__has_defuser,0.0,0.0,T5__has_defuser,False
lag_11__T_B_site_smokes_last_5s,0.0,0.0,T_B_site_smokes_last_5s,True
lag_11__CT_A_site_mollies_last_5s,0.0,0.0,CT_A_site_mollies_last_5s,True
lag_11__CT_A_site_he_last_5s,0.0,0.0,CT_A_site_he_last_5s,True
lag_11__CT_A_site_flashes_last_5s,0.0,0.0,CT_A_site_flashes_last_5s,True
lag_00__CT5__he,0.0,0.0,CT5__he,True
lag_11__CT_A_site_smokes_last_5s,0.0,0.0,CT_A_site_smokes_last_5s,True
lag_11__T_A_site_mollies_last_5s,0.0,0.0,T_A_site_mollies_last_5s,True
lag_00__CT5__has_bomb,0.0,0.0,CT5__has_bomb,False
lag_11__T_A_site_he_last_5s,0.0,0.0,T_A_site_he_last_5s,True
lag_11__T_A_site_flashes_last_5s,0.0,0.0,T_A_site_flashes_last_5s,True
lag_11__T_A_site_smokes_last_5s,0.0,0.0,T_A_site_smokes_last_5s,True
lag_14__T4__he,0.0,0.0,T4__he,True
lag_11__CT5__has_bomb,0.0,0.0,CT5__has_bomb,False
lag_00__T_A_site_smokes_last_5s,0.0,0.0,T_A_site_smokes_last_5s,True
lag_00__T_A_site_flashes_last_5s,0.0,0.0,T_A_site_flashes_last_5s,True
lag_11__CT3__he,0.0,0.0,CT3__he,True
lag_11__CT2__he,0.0,0.0,CT2__he,True
lag_03__T_A_site_mollies_last_5s,0.0,0.0,T_A_site_mollies_last_5s,True
lag_03__CT1__he,0.0,0.0,CT1__he,True
lag_03__CT1__has_bomb,0.0,0.0,CT1__has_bomb,False
lag_01__CT_he_inv,0.0,0.0,CT_he_inv,True
lag_03__CT2__he,0.0,0.0,CT2__he,True
lag_03__CT2__has_bomb,0.0,0.0,CT2__has_bomb,False
lag_03__CT3__he,0.0,0.0,CT3__he,True
lag_03__CT3__has_bomb,0.0,0.0,CT3__has_bomb,False
lag_14__CT_bomb_carrier_alive,0.0,0.0,CT_bomb_carrier_alive,False
lag_03__CT4__he,0.0,0.0,CT4__he,True
lag_14__CT_he_inv,0.0,0.0,CT_he_inv,True
lag_03__CT4__has_bomb,0.0,0.0,CT4__has_bomb,False
lag_01__CT_bomb_zone_count,0.0,0.0,CT_bomb_zone_count,False
lag_14__CT_bomb_zone_count,0.0,0.0,CT_bomb_zone_count,False
lag_03__CT5__he,0.0,0.0,CT5__he,True
lag_03__CT5__has_bomb,0.0,0.0,CT5__has_bomb,False
lag_03__T_A_site_smokes_last_5s,0.0,0.0,T_A_site_smokes_last_5s,True
lag_03__T_A_site_flashes_last_5s,0.0,0.0,T_A_site_flashes_last_5s,True
lag_03__T_A_site_he_last_5s,0.0,0.0,T_A_site_he_last_5s,True
lag_01__CT_bomb_carrier_alive,0.0,0.0,CT_bomb_carrier_alive,False
lag_03__T5__he,0.0,0.0,T5__he,True
lag_14__T3__he,0.0,0.0,T3__he,True
lag_03__T5__has_defuser,0.0,0.0,T5__has_defuser,False
lag_11__CT1__has_bomb,0.0,0.0,CT1__has_bomb,False
lag_03__CT_he_inv,0.0,0.0,CT_he_inv,True
lag_03__CT_bomb_carrier_alive,0.0,0.0,CT_bomb_carrier_alive,False
lag_11__CT1__he,0.0,0.0,CT1__he,True
lag_14__T3__has_defuser,0.0,0.0,T3__has_defuser,False
lag_14__T2__he,0.0,0.0,T2__he,True
lag_14__T2__has_defuser,0.0,0.0,T2__has_defuser,False
lag_03__T1__has_defuser,0.0,0.0,T1__has_defuser,False
lag_14__T1__he,0.0,0.0,T1__he,True
lag_03__T1__he,0.0,0.0,T1__he,True
lag_03__T2__has_defuser,0.0,0.0,T2__has_defuser,False
lag_14__T1__has_defuser,0.0,0.0,T1__has_defuser,False
lag_03__T2__he,0.0,0.0,T2__he,True
lag_03__T3__has_defuser,0.0,0.0,T3__has_defuser,False
lag_03__T3__he,0.0,0.0,T3__he,True
lag_03__T4__has_defuser,0.0,0.0,T4__has_defuser,False
lag_03__T4__he,0.0,0.0,T4__he,True
lag_14__T_B_site_flashes_last_5s,0.0,0.0,T_B_site_flashes_last_5s,True
lag_09__T_defuser_count,0.0,0.0,T_defuser_count,False
lag_04__T5__he,0.0,0.0,T5__he,True
lag_07__T_A_site_smokes_last_5s,0.0,0.0,T_A_site_smokes_last_5s,True
lag_07__T_B_site_smokes_last_5s,0.0,0.0,T_B_site_smokes_last_5s,True
lag_13__CT_B_site_he_last_5s,0.0,0.0,CT_B_site_he_last_5s,True
lag_07__CT_A_site_mollies_last_5s,0.0,0.0,CT_A_site_mollies_last_5s,True
lag_07__CT_A_site_he_last_5s,0.0,0.0,CT_A_site_he_last_5s,True
lag_07__CT_A_site_flashes_last_5s,0.0,0.0,CT_A_site_flashes_last_5s,True
lag_07__CT_A_site_smokes_last_5s,0.0,0.0,CT_A_site_smokes_last_5s,True
lag_07__T_A_site_mollies_last_5s,0.0,0.0,T_A_site_mollies_last_5s,True
lag_07__T_A_site_he_last_5s,0.0,0.0,T_A_site_he_last_5s,True
lag_07__T_A_site_flashes_last_5s,0.0,0.0,T_A_site_flashes_last_5s,True
lag_13__CT_B_site_mollies_last_5s,0.0,0.0,CT_B_site_mollies_last_5s,True
lag_12__CT5__has_bomb,0.0,0.0,CT5__has_bomb,False
lag_07__CT5__has_bomb,0.0,0.0,CT5__has_bomb,False
lag_07__CT5__he,0.0,0.0,CT5__he,True
lag_13__CT_bomb_zone_count,0.0,0.0,CT_bomb_zone_count,False
lag_07__CT4__has_bomb,0.0,0.0,CT4__has_bomb,False
lag_07__CT4__he,0.0,0.0,CT4__he,True
lag_07__CT3__has_bomb,0.0,0.0,CT3__has_bomb,False
lag_07__CT3__he,0.0,0.0,CT3__he,True
lag_07__CT2__has_bomb,0.0,0.0,CT2__has_bomb,False
lag_07__CT2__he,0.0,0.0,CT2__he,True
lag_07__T_B_site_flashes_last_5s,0.0,0.0,T_B_site_flashes_last_5s,True
lag_07__T_B_site_he_last_5s,0.0,0.0,T_B_site_he_last_5s,True
lag_07__T_B_site_mollies_last_5s,0.0,0.0,T_B_site_mollies_last_5s,True
lag_07__CT_B_site_smokes_last_5s,0.0,0.0,CT_B_site_smokes_last_5s,True
lag_13__CT_A_site_smokes_last_5s,0.0,0.0,CT_A_site_smokes_last_5s,True
lag_13__CT_A_site_flashes_last_5s,0.0,0.0,CT_A_site_flashes_last_5s,True
lag_13__CT_A_site_he_last_5s,0.0,0.0,CT_A_site_he_last_5s,True
lag_13__CT_bomb_carrier_alive,0.0,0.0,CT_bomb_carrier_alive,False
lag_13__CT_A_site_mollies_last_5s,0.0,0.0,CT_A_site_mollies_last_5s,True
lag_13__T_B_site_smokes_last_5s,0.0,0.0,T_B_site_smokes_last_5s,True
lag_13__T_B_site_flashes_last_5s,0.0,0.0,T_B_site_flashes_last_5s,True
lag_13__T_B_site_he_last_5s,0.0,0.0,T_B_site_he_last_5s,True
lag_13__T_B_site_mollies_last_5s,0.0,0.0,T_B_site_mollies_last_5s,True
lag_13__CT_he_inv,0.0,0.0,CT_he_inv,True
lag_13__CT_B_site_smokes_last_5s,0.0,0.0,CT_B_site_smokes_last_5s,True
lag_05__CT_bomb_zone_count,0.0,0.0,CT_bomb_zone_count,False
lag_13__CT_B_site_flashes_last_5s,0.0,0.0,CT_B_site_flashes_last_5s,True
lag_15__CT2__he,0.0,0.0,CT2__he,True
lag_15__CT2__has_bomb,0.0,0.0,CT2__has_bomb,False
lag_07__CT_B_site_mollies_last_5s,0.0,0.0,CT_B_site_mollies_last_5s,True
lag_07__CT_B_site_he_last_5s,0.0,0.0,CT_B_site_he_last_5s,True
lag_01__CT3__has_bomb,0.0,0.0,CT3__has_bomb,False
lag_07__CT_B_site_flashes_last_5s,0.0,0.0,CT_B_site_flashes_last_5s,True
lag_07__CT1__has_bomb,0.0,0.0,CT1__has_bomb,False
lag_07__CT1__he,0.0,0.0,CT1__he,True
lag_07__T5__he,0.0,0.0,T5__he,True
lag_07__T_defuser_count,0.0,0.0,T_defuser_count,False
lag_05__T2__has_defuser,0.0,0.0,T2__has_defuser,False
lag_05__T2__he,0.0,0.0,T2__he,True
lag_05__T3__has_defuser,0.0,0.0,T3__has_defuser,False
lag_15__CT3__he,0.0,0.0,CT3__he,True
lag_13__T_he_inv,0.0,0.0,T_he_inv,True
lag_05__T3__he,0.0,0.0,T3__he,True
lag_13__T_defusing_count,0.0,0.0,T_defusing_count,False
lag_08__CT_B_site_mollies_last_5s,0.0,0.0,CT_B_site_mollies_last_5s,True
lag_08__CT_B_site_he_last_5s,0.0,0.0,CT_B_site_he_last_5s,True
lag_08__CT_B_site_flashes_last_5s,0.0,0.0,CT_B_site_flashes_last_5s,True
lag_08__CT_B_site_smokes_last_5s,0.0,0.0,CT_B_site_smokes_last_5s,True
lag_08__T_B_site_mollies_last_5s,0.0,0.0,T_B_site_mollies_last_5s,True
lag_05__T4__has_defuser,0.0,0.0,T4__has_defuser,False
lag_13__T_defuser_count,0.0,0.0,T_defuser_count,False
lag_08__T_B_site_he_last_5s,0.0,0.0,T_B_site_he_last_5s,True
lag_08__T_B_site_flashes_last_5s,0.0,0.0,T_B_site_flashes_last_5s,True
lag_08__T_B_site_smokes_last_5s,0.0,0.0,T_B_site_smokes_last_5s,True
lag_08__CT_A_site_mollies_last_5s,0.0,0.0,CT_A_site_mollies_last_5s,True
lag_08__CT_A_site_he_last_5s,0.0,0.0,CT_A_site_he_last_5s,True
lag_05__T1__he,0.0,0.0,T1__he,True
lag_07__T_defusing_count,0.0,0.0,T_defusing_count,False
lag_07__T5__has_defuser,0.0,0.0,T5__has_defuser,False
lag_07__T_he_inv,0.0,0.0,T_he_inv,True
lag_05__CT_he_inv,0.0,0.0,CT_he_inv,True
lag_07__T4__he,0.0,0.0,T4__he,True
lag_07__T4__has_defuser,0.0,0.0,T4__has_defuser,False
lag_07__T3__he,0.0,0.0,T3__he,True
lag_01__CT3__he,0.0,0.0,CT3__he,True
lag_15__T5__has_defuser,0.0,0.0,T5__has_defuser,False
lag_07__T3__has_defuser,0.0,0.0,T3__has_defuser,False
lag_07__T2__he,0.0,0.0,T2__he,True
lag_05__CT_bomb_carrier_alive,0.0,0.0,CT_bomb_carrier_alive,False
lag_07__T2__has_defuser,0.0,0.0,T2__has_defuser,False
lag_07__T1__he,0.0,0.0,T1__he,True
lag_07__T1__has_defuser,0.0,0.0,T1__has_defuser,False
lag_07__CT_bomb_carrier_alive,0.0,0.0,CT_bomb_carrier_alive,False
lag_07__CT_he_inv,0.0,0.0,CT_he_inv,True
lag_07__CT_bomb_zone_count,0.0,0.0,CT_bomb_zone_count,False
lag_07__T_place_UNKNOWN,0.0,0.0,T_place_UNKNOWN,False
lag_15__T4__he,0.0,0.0,T4__he,True
lag_05__T1__has_defuser,0.0,0.0,T1__has_defuser,False
lag_13__T_place_UNKNOWN,0.0,0.0,T_place_UNKNOWN,False
lag_13__T_A_site_mollies_last_5s,0.0,0.0,T_A_site_mollies_last_5s,True
lag_13__T_A_site_he_last_5s,0.0,0.0,T_A_site_he_last_5s,True
lag_06__T_defuser_count,0.0,0.0,T_defuser_count,False
lag_06__CT5__he,0.0,0.0,CT5__he,True
lag_01__T_A_site_flashes_last_5s,0.0,0.0,T_A_site_flashes_last_5s,True
lag_01__T_A_site_he_last_5s,0.0,0.0,T_A_site_he_last_5s,True
lag_01__T_A_site_mollies_last_5s,0.0,0.0,T_A_site_mollies_last_5s,True
lag_06__CT4__has_bomb,0.0,0.0,CT4__has_bomb,False
lag_13__T1__has_defuser,0.0,0.0,T1__has_defuser,False
lag_01__CT_A_site_smokes_last_5s,0.0,0.0,CT_A_site_smokes_last_5s,True
lag_01__CT_A_site_flashes_last_5s,0.0,0.0,CT_A_site_flashes_last_5s,True
lag_01__CT_A_site_he_last_5s,0.0,0.0,CT_A_site_he_last_5s,True
lag_01__CT_A_site_mollies_last_5s,0.0,0.0,CT_A_site_mollies_last_5s,True
lag_06__CT4__he,0.0,0.0,CT4__he,True
lag_13__T1__he,0.0,0.0,T1__he,True
lag_01__T_B_site_smokes_last_5s,0.0,0.0,T_B_site_smokes_last_5s,True
lag_01__T_B_site_flashes_last_5s,0.0,0.0,T_B_site_flashes_last_5s,True
lag_01__T_B_site_he_last_5s,0.0,0.0,T_B_site_he_last_5s,True
lag_01__T_B_site_mollies_last_5s,0.0,0.0,T_B_site_mollies_last_5s,True
lag_06__CT3__has_bomb,0.0,0.0,CT3__has_bomb,False
lag_06__CT3__he,0.0,0.0,CT3__he,True
lag_01__CT_B_site_smokes_last_5s,0.0,0.0,CT_B_site_smokes_last_5s,True
lag_01__CT_B_site_flashes_last_5s,0.0,0.0,CT_B_site_flashes_last_5s,True
lag_01__T_A_site_smokes_last_5s,0.0,0.0,T_A_site_smokes_last_5s,True
lag_06__CT5__has_bomb,0.0,0.0,CT5__has_bomb,False
lag_01__CT_B_site_mollies_last_5s,0.0,0.0,CT_B_site_mollies_last_5s,True
lag_06__T_A_site_smokes_last_5s,0.0,0.0,T_A_site_smokes_last_5s,True
lag_06__CT_B_site_mollies_last_5s,0.0,0.0,CT_B_site_mollies_last_5s,True
lag_06__CT_B_site_flashes_last_5s,0.0,0.0,CT_B_site_flashes_last_5s,True
lag_15__CT1__has_bomb,0.0,0.0,CT1__has_bomb,False
lag_06__CT_B_site_smokes_last_5s,0.0,0.0,CT_B_site_smokes_last_5s,True
lag_06__T_B_site_mollies_last_5s,0.0,0.0,T_B_site_mollies_last_5s,True
lag_06__T_B_site_he_last_5s,0.0,0.0,T_B_site_he_last_5s,True
lag_15__CT1__he,0.0,0.0,CT1__he,True
lag_01__CT4__he,0.0,0.0,CT4__he,True
lag_06__T_B_site_flashes_last_5s,0.0,0.0,T_B_site_flashes_last_5s,True
lag_06__T_B_site_smokes_last_5s,0.0,0.0,T_B_site_smokes_last_5s,True
lag_06__CT_A_site_mollies_last_5s,0.0,0.0,CT_A_site_mollies_last_5s,True
lag_06__CT_A_site_he_last_5s,0.0,0.0,CT_A_site_he_last_5s,True
lag_06__CT_A_site_flashes_last_5s,0.0,0.0,CT_A_site_flashes_last_5s,True
lag_01__CT5__he,0.0,0.0,CT5__he,True
lag_06__CT_A_site_smokes_last_5s,0.0,0.0,CT_A_site_smokes_last_5s,True
lag_06__T_A_site_mollies_last_5s,0.0,0.0,T_A_site_mollies_last_5s,True
lag_01__CT5__has_bomb,0.0,0.0,CT5__has_bomb,False
lag_06__T_A_site_he_last_5s,0.0,0.0,T_A_site_he_last_5s,True
lag_06__T_A_site_flashes_last_5s,0.0,0.0,T_A_site_flashes_last_5s,True
lag_01__CT_B_site_he_last_5s,0.0,0.0,CT_B_site_he_last_5s,True
lag_13__T2__has_defuser,0.0,0.0,T2__has_defuser,False
lag_13__T_A_site_flashes_last_5s,0.0,0.0,T_A_site_flashes_last_5s,True
lag_13__CT1__he,0.0,0.0,CT1__he,True
lag_13__CT1__has_bomb,0.0,0.0,CT1__has_bomb,False
lag_06__T1__has_defuser,0.0,0.0,T1__has_defuser,False
lag_05__T_he_inv,0.0,0.0,T_he_inv,True
lag_13__CT2__he,0.0,0.0,CT2__he,True
lag_13__CT2__has_bomb,0.0,0.0,CT2__has_bomb,False
lag_13__CT3__he,0.0,0.0,CT3__he,True
lag_13__CT3__has_bomb,0.0,0.0,CT3__has_bomb,False
lag_06__CT_bomb_carrier_alive,0.0,0.0,CT_bomb_carrier_alive,False
lag_06__CT_he_inv,0.0,0.0,CT_he_inv,True
lag_06__CT_bomb_zone_count,0.0,0.0,CT_bomb_zone_count,False
lag_13__CT4__he,0.0,0.0,CT4__he,True
lag_13__CT4__has_bomb,0.0,0.0,CT4__has_bomb,False
lag_06__T_place_UNKNOWN,0.0,0.0,T_place_UNKNOWN,False
lag_13__CT5__he,0.0,0.0,CT5__he,True
lag_06__T_he_inv,0.0,0.0,T_he_inv,True
lag_13__CT5__has_bomb,0.0,0.0,CT5__has_bomb,False
lag_05__T_place_UNKNOWN,0.0,0.0,T_place_UNKNOWN,False
lag_06__T_defusing_count,0.0,0.0,T_defusing_count,False
lag_13__T_A_site_smokes_last_5s,0.0,0.0,T_A_site_smokes_last_5s,True
lag_06__T1__he,0.0,0.0,T1__he,True
lag_06__T2__has_defuser,0.0,0.0,T2__has_defuser,False
lag_15__T5__he,0.0,0.0,T5__he,True
lag_06__T2__he,0.0,0.0,T2__he,True
lag_13__T2__he,0.0,0.0,T2__he,True
lag_06__CT2__has_bomb,0.0,0.0,CT2__has_bomb,False
lag_06__CT2__he,0.0,0.0,CT2__he,True
lag_13__T3__has_defuser,0.0,0.0,T3__has_defuser,False
lag_06__CT1__has_bomb,0.0,0.0,CT1__has_bomb,False
lag_05__T_defuser_count,0.0,0.0,T_defuser_count,False
lag_06__CT1__he,0.0,0.0,CT1__he,True
lag_05__T_defusing_count,0.0,0.0,T_defusing_count,False
lag_13__T3__he,0.0,0.0,T3__he,True
lag_06__T5__he,0.0,0.0,T5__he,True
lag_13__T4__has_defuser,0.0,0.0,T4__has_defuser,False
lag_06__T5__has_defuser,0.0,0.0,T5__has_defuser,False
lag_13__T4__he,0.0,0.0,T4__he,True
lag_06__T4__he,0.0,0.0,T4__he,True
lag_13__T5__has_defuser,0.0,0.0,T5__has_defuser,False
lag_06__T4__has_defuser,0.0,0.0,T4__has_defuser,False
lag_06__T3__he,0.0,0.0,T3__he,True
lag_13__T5__he,0.0,0.0,T5__he,True
lag_06__T3__has_defuser,0.0,0.0,T3__has_defuser,False
lag_08__CT_A_site_flashes_last_5s,0.0,0.0,CT_A_site_flashes_last_5s,True
lag_08__CT_A_site_smokes_last_5s,0.0,0.0,CT_A_site_smokes_last_5s,True
lag_08__T_A_site_mollies_last_5s,0.0,0.0,T_A_site_mollies_last_5s,True
lag_12__T3__has_defuser,0.0,0.0,T3__has_defuser,False
lag_09__CT2__he,0.0,0.0,CT2__he,True
lag_00__CT_he_inv,0.0,0.0,CT_he_inv,True
lag_15__T1__he,0.0,0.0,T1__he,True
lag_12__T3__he,0.0,0.0,T3__he,True
lag_00__CT_bomb_carrier_alive,0.0,0.0,CT_bomb_carrier_alive,False
lag_12__T4__has_defuser,0.0,0.0,T4__has_defuser,False
lag_09__CT1__has_bomb,0.0,0.0,CT1__has_bomb,False
lag_09__CT1__he,0.0,0.0,CT1__he,True
lag_12__T4__he,0.0,0.0,T4__he,True
lag_09__T5__he,0.0,0.0,T5__he,True
lag_12__T5__has_defuser,0.0,0.0,T5__has_defuser,False
lag_09__T5__has_defuser,0.0,0.0,T5__has_defuser,False
lag_09__T4__he,0.0,0.0,T4__he,True
lag_04__T_place_UNKNOWN,0.0,0.0,T_place_UNKNOWN,False
lag_01__T5__has_defuser,0.0,0.0,T5__has_defuser,False
lag_04__CT_bomb_zone_count,0.0,0.0,CT_bomb_zone_count,False
lag_04__CT_he_inv,0.0,0.0,CT_he_inv,True
lag_09__T4__has_defuser,0.0,0.0,T4__has_defuser,False
lag_04__CT_bomb_carrier_alive,0.0,0.0,CT_bomb_carrier_alive,False
lag_09__CT2__has_bomb,0.0,0.0,CT2__has_bomb,False
lag_12__T2__he,0.0,0.0,T2__he,True
lag_04__T1__has_defuser,0.0,0.0,T1__has_defuser,False
lag_09__CT3__he,0.0,0.0,CT3__he,True
lag_09__T_A_site_mollies_last_5s,0.0,0.0,T_A_site_mollies_last_5s,True
lag_09__T_A_site_he_last_5s,0.0,0.0,T_A_site_he_last_5s,True
lag_15__T2__he,0.0,0.0,T2__he,True
lag_09__T_A_site_flashes_last_5s,0.0,0.0,T_A_site_flashes_last_5s,True
lag_09__T_A_site_smokes_last_5s,0.0,0.0,T_A_site_smokes_last_5s,True
lag_12__T1__has_defuser,0.0,0.0,T1__has_defuser,False
lag_09__CT5__has_bomb,0.0,0.0,CT5__has_bomb,False
lag_09__CT5__he,0.0,0.0,CT5__he,True
lag_12__T1__he,0.0,0.0,T1__he,True
lag_09__CT4__has_bomb,0.0,0.0,CT4__has_bomb,False
lag_15__T2__has_defuser,0.0,0.0,T2__has_defuser,False
lag_09__CT4__he,0.0,0.0,CT4__he,True
lag_04__T_defuser_count,0.0,0.0,T_defuser_count,False
lag_04__T_defusing_count,0.0,0.0,T_defusing_count,False
lag_00__CT_bomb_zone_count,0.0,0.0,CT_bomb_zone_count,False
lag_12__T2__has_defuser,0.0,0.0,T2__has_defuser,False
lag_09__CT3__has_bomb,0.0,0.0,CT3__has_bomb,False
lag_15__CT5__has_bomb,0.0,0.0,CT5__has_bomb,False
lag_04__T_he_inv,0.0,0.0,T_he_inv,True
lag_01__T4__he,0.0,0.0,T4__he,True
lag_04__T1__he,0.0,0.0,T1__he,True
lag_01__T5__he,0.0,0.0,T5__he,True
lag_09__CT_he_inv,0.0,0.0,CT_he_inv,True
lag_12__CT3__he,0.0,0.0,CT3__he,True
lag_14__CT_B_site_he_last_5s,0.0,0.0,CT_B_site_he_last_5s,True
lag_12__CT3__has_bomb,0.0,0.0,CT3__has_bomb,False
lag_09__T_place_UNKNOWN,0.0,0.0,T_place_UNKNOWN,False
lag_12__CT4__he,0.0,0.0,CT4__he,True
lag_04__T5__has_defuser,0.0,0.0,T5__has_defuser,False
lag_15__T_A_site_flashes_last_5s,0.0,0.0,T_A_site_flashes_last_5s,True
lag_15__T_A_site_he_last_5s,0.0,0.0,T_A_site_he_last_5s,True
lag_01__T3__he,0.0,0.0,T3__he,True
lag_09__T_he_inv,0.0,0.0,T_he_inv,True
lag_12__CT4__has_bomb,0.0,0.0,CT4__has_bomb,False
lag_09__T_defusing_count,0.0,0.0,T_defusing_count,False
lag_14__CT_B_site_flashes_last_5s,0.0,0.0,CT_B_site_flashes_last_5s,True
lag_00__T1__has_defuser,0.0,0.0,T1__has_defuser,False
lag_06__CT_B_site_he_last_5s,0.0,0.0,CT_B_site_he_last_5s,True
lag_12__CT5__he,0.0,0.0,CT5__he,True
lag_15__T_A_site_mollies_last_5s,0.0,0.0,T_A_site_mollies_last_5s,True
lag_14__CT_B_site_smokes_last_5s,0.0,0.0,CT_B_site_smokes_last_5s,True
lag_14__T_B_site_mollies_last_5s,0.0,0.0,T_B_site_mollies_last_5s,True
lag_09__CT_bomb_zone_count,0.0,0.0,CT_bomb_zone_count,False
lag_09__CT_bomb_carrier_alive,0.0,0.0,CT_bomb_carrier_alive,False
lag_04__T2__has_defuser,0.0,0.0,T2__has_defuser,False
lag_12__CT2__has_bomb,0.0,0.0,CT2__has_bomb,False
lag_12__T5__he,0.0,0.0,T5__he,True
lag_04__T2__he,0.0,0.0,T2__he,True
lag_04__T3__has_defuser,0.0,0.0,T3__has_defuser,False
lag_04__T3__he,0.0,0.0,T3__he,True
lag_04__T4__has_defuser,0.0,0.0,T4__has_defuser,False
lag_15__T_A_site_smokes_last_5s,0.0,0.0,T_A_site_smokes_last_5s,True
lag_01__T4__has_defuser,0.0,0.0,T4__has_defuser,False
lag_09__T3__he,0.0,0.0,T3__he,True
lag_15__T1__has_defuser,0.0,0.0,T1__has_defuser,False
lag_04__T4__he,0.0,0.0,T4__he,True
lag_09__T3__has_defuser,0.0,0.0,T3__has_defuser,False
lag_09__T2__he,0.0,0.0,T2__he,True
lag_09__T2__has_defuser,0.0,0.0,T2__has_defuser,False
lag_09__T1__he,0.0,0.0,T1__he,True
lag_12__CT1__he,0.0,0.0,CT1__he,True
lag_09__T1__has_defuser,0.0,0.0,T1__has_defuser,False
lag_12__CT1__has_bomb,0.0,0.0,CT1__has_bomb,False
lag_12__CT2__he,0.0,0.0,CT2__he,True
lag_14__CT_B_site_mollies_last_5s,0.0,0.0,CT_B_site_mollies_last_5s,True
lag_15__CT5__he,0.0,0.0,CT5__he,True
lag_05__CT_B_site_mollies_last_5s,0.0,0.0,CT_B_site_mollies_last_5s,True
lag_08__T_A_site_he_last_5s,0.0,0.0,T_A_site_he_last_5s,True
lag_08__T5__has_defuser,0.0,0.0,T5__has_defuser,False
lag_08__T4__has_defuser,0.0,0.0,T4__has_defuser,False
lag_12__T_place_UNKNOWN,0.0,0.0,T_place_UNKNOWN,False
lag_05__T5__he,0.0,0.0,T5__he,True
lag_05__CT1__he,0.0,0.0,CT1__he,True
lag_05__CT1__has_bomb,0.0,0.0,CT1__has_bomb,False
lag_05__CT2__he,0.0,0.0,CT2__he,True
lag_08__T3__has_defuser,0.0,0.0,T3__has_defuser,False
lag_08__T2__he,0.0,0.0,T2__he,True
lag_08__T2__has_defuser,0.0,0.0,T2__has_defuser,False
lag_08__T1__he,0.0,0.0,T1__he,True
lag_05__CT2__has_bomb,0.0,0.0,CT2__has_bomb,False
lag_08__T1__has_defuser,0.0,0.0,T1__has_defuser,False
lag_12__CT_bomb_zone_count,0.0,0.0,CT_bomb_zone_count,False
lag_15__T4__has_defuser,0.0,0.0,T4__has_defuser,False
lag_12__CT_he_inv,0.0,0.0,CT_he_inv,True
lag_12__CT_bomb_carrier_alive,0.0,0.0,CT_bomb_carrier_alive,False
lag_05__CT3__he,0.0,0.0,CT3__he,True
lag_08__CT_bomb_carrier_alive,0.0,0.0,CT_bomb_carrier_alive,False
lag_08__CT_he_inv,0.0,0.0,CT_he_inv,True
lag_08__T4__he,0.0,0.0,T4__he,True
lag_08__T5__he,0.0,0.0,T5__he,True
lag_08__T_place_UNKNOWN,0.0,0.0,T_place_UNKNOWN,False
lag_12__T_he_inv,0.0,0.0,T_he_inv,True
lag_08__T_A_site_flashes_last_5s,0.0,0.0,T_A_site_flashes_last_5s,True
lag_08__T_A_site_smokes_last_5s,0.0,0.0,T_A_site_smokes_last_5s,True
lag_08__CT5__has_bomb,0.0,0.0,CT5__has_bomb,False
lag_01__CT2__has_bomb,0.0,0.0,CT2__has_bomb,False
lag_08__CT5__he,0.0,0.0,CT5__he,True
lag_15__CT3__has_bomb,0.0,0.0,CT3__has_bomb,False
lag_05__T4__he,0.0,0.0,T4__he,True
lag_01__CT2__he,0.0,0.0,CT2__he,True
lag_08__CT4__has_bomb,0.0,0.0,CT4__has_bomb,False
lag_08__CT4__he,0.0,0.0,CT4__he,True
lag_08__CT3__has_bomb,0.0,0.0,CT3__has_bomb,False
lag_08__CT3__he,0.0,0.0,CT3__he,True
lag_12__T_defuser_count,0.0,0.0,T_defuser_count,False
lag_08__CT2__has_bomb,0.0,0.0,CT2__has_bomb,False
lag_08__CT2__he,0.0,0.0,CT2__he,True
lag_12__T_defusing_count,0.0,0.0,T_defusing_count,False
lag_08__CT1__has_bomb,0.0,0.0,CT1__has_bomb,False
lag_08__CT1__he,0.0,0.0,CT1__he,True
lag_05__T5__has_defuser,0.0,0.0,T5__has_defuser,False
lag_08__CT_bomb_zone_count,0.0,0.0,CT_bomb_zone_count,False
lag_08__T_he_inv,0.0,0.0,T_he_inv,True
lag_05__CT_B_site_he_last_5s,0.0,0.0,CT_B_site_he_last_5s,True
lag_09__T_B_site_mollies_last_5s,0.0,0.0,T_B_site_mollies_last_5s,True
lag_09__T_B_site_flashes_last_5s,0.0,0.0,T_B_site_flashes_last_5s,True
lag_09__T_B_site_smokes_last_5s,0.0,0.0,T_B_site_smokes_last_5s,True
lag_09__CT_A_site_mollies_last_5s,0.0,0.0,CT_A_site_mollies_last_5s,True
lag_15__CT4__has_bomb,0.0,0.0,CT4__has_bomb,False
lag_05__T_A_site_mollies_last_5s,0.0,0.0,T_A_site_mollies_last_5s,True
lag_09__CT_A_site_he_last_5s,0.0,0.0,CT_A_site_he_last_5s,True
lag_05__CT_A_site_smokes_last_5s,0.0,0.0,CT_A_site_smokes_last_5s,True
lag_05__CT_A_site_flashes_last_5s,0.0,0.0,CT_A_site_flashes_last_5s,True
lag_09__CT_A_site_flashes_last_5s,0.0,0.0,CT_A_site_flashes_last_5s,True
lag_00__T_place_UNKNOWN,0.0,0.0,T_place_UNKNOWN,False
lag_05__CT_A_site_he_last_5s,0.0,0.0,CT_A_site_he_last_5s,True
lag_05__CT_A_site_mollies_last_5s,0.0,0.0,CT_A_site_mollies_last_5s,True
lag_05__T_B_site_smokes_last_5s,0.0,0.0,T_B_site_smokes_last_5s,True
lag_05__T_B_site_flashes_last_5s,0.0,0.0,T_B_site_flashes_last_5s,True
lag_05__T_B_site_he_last_5s,0.0,0.0,T_B_site_he_last_5s,True
lag_05__T_B_site_mollies_last_5s,0.0,0.0,T_B_site_mollies_last_5s,True
lag_05__CT_B_site_smokes_last_5s,0.0,0.0,CT_B_site_smokes_last_5s,True
lag_05__CT_B_site_flashes_last_5s,0.0,0.0,CT_B_site_flashes_last_5s,True
lag_09__CT_A_site_smokes_last_5s,0.0,0.0,CT_A_site_smokes_last_5s,True
lag_09__T_B_site_he_last_5s,0.0,0.0,T_B_site_he_last_5s,True
lag_05__T_A_site_he_last_5s,0.0,0.0,T_A_site_he_last_5s,True
lag_08__T_defusing_count,0.0,0.0,T_defusing_count,False
lag_09__CT_B_site_smokes_last_5s,0.0,0.0,CT_B_site_smokes_last_5s,True
lag_00__T_defuser_count,0.0,0.0,T_defuser_count,False
lag_08__T_defuser_count,0.0,0.0,T_defuser_count,False
lag_05__CT3__has_bomb,0.0,0.0,CT3__has_bomb,False
lag_00__T_defusing_count,0.0,0.0,T_defusing_count,False
lag_05__CT4__he,0.0,0.0,CT4__he,True
lag_05__CT4__has_bomb,0.0,0.0,CT4__has_bomb,False
lag_05__CT5__he,0.0,0.0,CT5__he,True
lag_05__CT5__has_bomb,0.0,0.0,CT5__has_bomb,False
lag_15__CT4__he,0.0,0.0,CT4__he,True
lag_01__CT1__has_bomb,0.0,0.0,CT1__has_bomb,False
lag_05__T_A_site_smokes_last_5s,0.0,0.0,T_A_site_smokes_last_5s,True
lag_15__T3__he,0.0,0.0,T3__he,True
lag_01__CT1__he,0.0,0.0,CT1__he,True
lag_05__T_A_site_flashes_last_5s,0.0,0.0,T_A_site_flashes_last_5s,True
lag_00__T_he_inv,0.0,0.0,T_he_inv,True
lag_09__CT_B_site_mollies_last_5s,0.0,0.0,CT_B_site_mollies_last_5s,True
lag_09__CT_B_site_he_last_5s,0.0,0.0,CT_B_site_he_last_5s,True
lag_15__T3__has_defuser,0.0,0.0,T3__has_defuser,False
lag_09__CT_B_site_flashes_last_5s,0.0,0.0,CT_B_site_flashes_last_5s,True
lag_08__T3__he,0.0,0.0,T3__he,True
