tick,seconds_in_round,lstm_delta_from_prev,rank,feature,base_feature,is_utility,feature_delta_scaled,coefficient,ridge_delta_contribution
51158,63.5,0.2842694818973541,1,lag_10__CT_place_LOCKERROOM,CT_place_LOCKERROOM,False,-12.448311805725098,-0.0028743501752614975,0.0357808072204957
51158,63.5,0.2842694818973541,2,lag_03__T_place_MINI,T_place_MINI,False,-13.912817001342773,-0.002085759537294507,0.029018790751183854
51158,63.5,0.2842694818973541,3,lag_06__T_place_MINI,T_place_MINI,False,13.912817001342773,0.0017149008344858885,0.02385910148565218
51158,63.5,0.2842694818973541,4,lag_04__T_place_HUT,T_place_HUT,False,9.321470260620117,0.002016171347349882,0.01879368125463632
51158,63.5,0.2842694818973541,5,lag_08__T_place_MINI,T_place_MINI,False,13.91281509399414,0.00128682900685817,0.017903414030005838
51158,63.5,0.2842694818973541,6,lag_01__T_place_MINI,T_place_MINI,False,-13.91281509399414,-0.0011212662793695927,0.01559997041599992
51158,63.5,0.2842694818973541,7,lag_04__CT1__is_scoped,CT1__is_scoped,False,-4.282663822174072,-0.002525867195799947,0.010817440059068706
51158,63.5,0.2842694818973541,8,lag_00__kill_diff_last_3s,kill_diff_last_3s,False,2.4069459438323975,0.0026839885395020247,0.006460215328447039
51158,63.5,0.2842694818973541,9,lag_06__CT1__is_scoped,CT1__is_scoped,False,4.282663822174072,0.0014957779785618186,0.006405914234791366
51158,63.5,0.2842694818973541,10,lag_00__CT_kills_last_3s,CT_kills_last_3s,False,2.8871407508850098,0.0021887090988457203,0.006319111231110286
51158,63.5,0.2842694818973541,11,lag_07__CT5__flash_duration,CT5__flash_duration,True,5.176568031311035,0.0011893287301063538,0.006156641082988301
51158,63.5,0.2842694818973541,12,lag_14__CT4__duck_amount,CT4__duck_amount,False,-2.4951586723327637,-0.002035298850387335,0.0050783935773328626
51158,63.5,0.2842694818973541,13,lag_00__damage_diff_last_5s,damage_diff_last_5s,False,2.255978584289551,0.0020862389355897903,0.0047065103604015945
51158,63.5,0.2842694818973541,14,lag_00__CT_damage_last_5s,CT_damage_last_5s,False,2.179865598678589,0.0018514466937631369,0.004035904955521474
51158,63.5,0.2842694818973541,15,lag_14__T1__is_walking,T1__is_walking,False,2.281590461730957,0.0015562789048999548,0.003550791105212836
51158,63.5,0.2842694818973541,16,lag_10__CT5__duck_amount,CT5__duck_amount,False,-3.7749595642089844,-0.0008654188131913543,0.003266921025903091
51158,63.5,0.2842694818973541,17,lag_04__CT_scoped_count,CT_scoped_count,False,-2.141930103302002,-0.0012965175556018949,0.0027770499818032257
51158,63.5,0.2842694818973541,18,lag_04__CT5__duck_amount,CT5__duck_amount,False,-2.8762805461883545,-0.000887815491296351,0.0025536064262203506
51158,63.5,0.2842694818973541,19,lag_06__CT1__flash_duration,CT1__flash_duration,True,4.75895881652832,0.000533432699739933,0.0025385842494518585
51158,63.5,0.2842694818973541,20,lag_02__T3__is_walking,T3__is_walking,False,-2.3223767280578613,-0.0010841221082955599,0.0025177399546786328
50454,52.5,0.2458380162715912,1,lag_00__CT_place_ADMIN,CT_place_ADMIN,False,-6.947057247161865,-0.0018542144680395722,0.012881334057986693
50454,52.5,0.2458380162715912,2,lag_04__T_place_SILO,T_place_SILO,False,-6.793753623962402,-0.0017441707896068692,0.011849466622701033
50454,52.5,0.2458380162715912,3,lag_04__CT_place_ADMIN,CT_place_ADMIN,False,6.947057247161865,0.0016240475233644247,0.011282351116924105
50454,52.5,0.2458380162715912,4,lag_05__CT1__flash_duration,CT1__flash_duration,True,5.3276262283325195,0.0015557149890810251,0.008288267979638109
50454,52.5,0.2458380162715912,5,lag_08__CT_place_MINI,CT_place_MINI,False,-6.131025314331055,-0.0012106822105124593,0.007422723280262167
50454,52.5,0.2458380162715912,6,lag_07__T2__duck_amount,T2__duck_amount,False,-3.8233180046081543,-0.0017421896336600184,0.006660944993814033
50454,52.5,0.2458380162715912,7,lag_00__kill_diff_last_3s,kill_diff_last_3s,False,2.4069459438323975,0.0026839885395020247,0.006460215328447039
50454,52.5,0.2458380162715912,8,lag_00__CT_kills_last_3s,CT_kills_last_3s,False,2.8871402740478516,0.0021887090988457203,0.006319110187452459
50454,52.5,0.2458380162715912,9,lag_07__CT_place_RAFTERS,CT_place_RAFTERS,False,-5.343343257904053,-0.001169900526292622,0.006251180089584085
50454,52.5,0.2458380162715912,10,lag_04__T_flashed_players,T_flashed_players,False,3.8592472076416016,0.0015007505426183343,0.005791767340966425
50454,52.5,0.2458380162715912,11,lag_01__T2__flash_duration,T2__flash_duration,True,-4.503886699676514,-0.0012770873727276921,0.005751856832353075
50454,52.5,0.2458380162715912,12,lag_00__CT_shots_fired_sum,CT_shots_fired_sum,False,3.473705291748047,0.0014053488848730922,0.004881767858135877
50454,52.5,0.2458380162715912,13,lag_05__CT1__is_scoped,CT1__is_scoped,False,-4.282663822174072,-0.0010969338472932577,0.004697798903121053
50454,52.5,0.2458380162715912,14,lag_00__CT_place_HELL,CT_place_HELL,False,5.4229230880737305,0.000791971106082201,0.0042947983962604575
50454,52.5,0.2458380162715912,15,lag_05__CT_flashed_players,CT_flashed_players,False,4.379879951477051,0.0009271487360820174,0.004060800161202915
50454,52.5,0.2458380162715912,16,lag_00__CT_damage_last_5s,CT_damage_last_5s,False,2.1798653602600098,0.0018514466937631369,0.004035904514102184
50454,52.5,0.2458380162715912,17,lag_14__T1__is_walking,T1__is_walking,False,2.281590461730957,0.0015562789048999548,0.003550791105212836
50454,52.5,0.2458380162715912,18,lag_05__CT_flash_duration_sum,CT_flash_duration_sum,True,3.8488478660583496,0.0009175981977023184,0.003531695865125556
50454,52.5,0.2458380162715912,19,lag_00__damage_diff_last_5s,damage_diff_last_5s,False,1.646864891052246,0.0020862389355897903,0.003435753657369034
50454,52.5,0.2458380162715912,20,lag_00__CT3__flash_duration,CT3__flash_duration,True,-3.253370761871338,-0.0010382182663306594,0.003377708952120917
50422,52.0,0.16024619340896606,1,lag_04__CT1__is_scoped,CT1__is_scoped,False,-4.282663822174072,-0.002525867195799947,0.010817440059068706
50422,52.0,0.16024619340896606,2,lag_03__T_place_SILO,T_place_SILO,False,-6.793753623962402,-0.0013464117655530572,0.009147189811571699
50422,52.0,0.16024619340896606,3,lag_03__CT_place_ADMIN,CT_place_ADMIN,False,6.947057247161865,0.0011725248768925667,0.00814559744349408
50422,52.0,0.16024619340896606,4,lag_14__CT4__duck_amount,CT4__duck_amount,False,-3.6725916862487793,-0.002035298850387335,0.007474821636964224
50422,52.0,0.16024619340896606,5,lag_00__kill_diff_last_3s,kill_diff_last_3s,False,2.4069459438323975,0.0026839885395020247,0.006460215328447039
50422,52.0,0.16024619340896606,6,lag_00__CT_kills_last_3s,CT_kills_last_3s,False,2.8871407508850098,0.0021887090988457203,0.006319111231110286
50422,52.0,0.16024619340896606,7,lag_02__CT1__is_scoped,CT1__is_scoped,False,4.282663822174072,0.0014207649510353804,0.006084658655612141
50422,52.0,0.16024619340896606,8,lag_06__CT_place_RAFTERS,CT_place_RAFTERS,False,-5.343343257904053,-0.001137366285547614,0.0060773384736482194
50422,52.0,0.16024619340896606,9,lag_00__T2__flash_duration,T2__flash_duration,True,-4.503886699676514,-0.00131480791606009,0.005921745885772434
50422,52.0,0.16024619340896606,10,lag_00__damage_diff_last_5s,damage_diff_last_5s,False,2.255978584289551,0.0020862389355897903,0.0047065103604015945
50422,52.0,0.16024619340896606,11,lag_00__CT_damage_last_5s,CT_damage_last_5s,False,2.179865598678589,0.0018514466937631369,0.004035904955521474
50422,52.0,0.16024619340896606,12,lag_07__CT_place_MINI,CT_place_MINI,False,-6.131025314331055,-0.0005913241766393185,0.0036254234959516296
50422,52.0,0.16024619340896606,13,lag_06__T2__duck_amount,T2__duck_amount,False,-3.8233180046081543,-0.0008612168021500111,0.003292705705531196
50422,52.0,0.16024619340896606,14,lag_04__T_flashed_players,T_flashed_players,False,1.9296237230300903,0.0015007505426183343,0.0028958838493866185
50422,52.0,0.16024619340896606,15,lag_04__CT_flashed_players,CT_flashed_players,False,4.379879951477051,0.0006552239065058529,0.002869802051833459
50422,52.0,0.16024619340896606,16,lag_04__CT_scoped_count,CT_scoped_count,False,-2.141930103302002,-0.0012965175556018949,0.0027770499818032257
50422,52.0,0.16024619340896606,17,lag_08__T5__is_walking,T5__is_walking,False,2.3193888664245605,0.0011377058690413833,0.0026387823259204635
50422,52.0,0.16024619340896606,18,lag_02__T3__is_walking,T3__is_walking,False,2.3223767280578613,-0.0010841221082955599,-0.0025177399546786328
50422,52.0,0.16024619340896606,19,lag_11__T_kills_last_3s,T_kills_last_3s,False,-3.1681017875671387,-0.000776766799390316,0.002460876285671265
50422,52.0,0.16024619340896606,20,lag_04__T2__flash_duration,T2__flash_duration,True,3.139570474624634,0.000758701644372195,0.0023819972817201024
50486,53.0,-0.1552829146385193,1,lag_04__CT1__is_scoped,CT1__is_scoped,False,4.282663822174072,-0.002525867195799947,-0.010817440059068706
50486,53.0,-0.1552829146385193,2,lag_14__CT4__duck_amount,CT4__duck_amount,False,3.6725916862487793,-0.002035298850387335,-0.007474821636964224
50486,53.0,-0.1552829146385193,3,lag_01__CT_place_ADMIN,CT_place_ADMIN,False,-6.947057247161865,0.0010386088397353888,-0.007215275067050109
50486,53.0,-0.1552829146385193,4,lag_09__CT_place_MINI,CT_place_MINI,False,-6.131025314331055,0.0011554337106645107,-0.007083993329115579
50486,53.0,-0.1552829146385193,5,lag_00__CT_shots_fired_sum,CT_shots_fired_sum,False,-4.863187313079834,0.0014053488848730922,-0.006834474867365714
50486,53.0,-0.1552829146385193,6,lag_00__kill_diff_last_3s,kill_diff_last_3s,False,-2.4069459438323975,0.0026839885395020247,-0.006460215328447039
50486,53.0,-0.1552829146385193,7,lag_06__CT1__is_scoped,CT1__is_scoped,False,-4.282663822174072,0.0014957779785618186,-0.006405914234791366
50486,53.0,-0.1552829146385193,8,lag_02__CT1__is_scoped,CT1__is_scoped,False,-4.282663822174072,0.0014207649510353804,-0.006084658655612141
50486,53.0,-0.1552829146385193,9,lag_05__CT_place_ADMIN,CT_place_ADMIN,False,6.947057247161865,-0.0007170354947447777,-0.004981286630239001
50486,53.0,-0.1552829146385193,10,lag_05__T_place_SILO,T_place_SILO,False,-6.793753623962402,0.0007189982570707798,-0.004884697014597261
50486,53.0,-0.1552829146385193,11,lag_02__T2__flash_duration,T2__flash_duration,True,-4.503886699676514,0.0008845743723213673,-0.003984022750372906
50486,53.0,-0.1552829146385193,12,lag_00__T_kills_last_3s,T_kills_last_3s,False,3.1681017875671387,-0.0011310519184917212,-0.0035832876048048634
50486,53.0,-0.1552829146385193,13,lag_13__T2__duck_amount,T2__duck_amount,False,3.8233180046081543,-0.0008803759119473398,-0.0033659570749715872
50486,53.0,-0.1552829146385193,14,lag_10__CT5__duck_amount,CT5__duck_amount,False,3.7749595642089844,-0.0008654188131913543,-0.003266921025903091
50486,53.0,-0.1552829146385193,15,lag_01__T5__duck_amount,T5__duck_amount,False,-2.248567581176758,0.0013803831534460187,-0.0031038848084412596
50486,53.0,-0.1552829146385193,16,lag_04__T_flashed_players,T_flashed_players,False,-1.9296236038208008,0.0015007505426183343,-0.0028958836704832125
50486,53.0,-0.1552829146385193,17,lag_06__CT1__flash_duration,CT1__flash_duration,True,5.3276262283325195,0.000533432699739933,0.0028419300421846927
50486,53.0,-0.1552829146385193,18,lag_08__CT_place_RAFTERS,CT_place_RAFTERS,False,-5.343343257904053,0.0005252965493127704,-0.0028068397751706553
50486,53.0,-0.1552829146385193,19,lag_04__CT_scoped_count,CT_scoped_count,False,2.141930103302002,-0.0012965175556018949,-0.0027770499818032257
50486,53.0,-0.1552829146385193,20,lag_08__T5__is_walking,T5__is_walking,False,-2.3193888664245605,0.0011377058690413833,-0.0026387823259204635
49878,43.5,-0.09910979866981506,1,lag_00__CT_place_GARAGE,CT_place_GARAGE,False,-7.1875224113464355,0.0016269616317003965,-0.011693823190247365
49878,43.5,-0.09910979866981506,2,lag_00__kill_diff_last_3s,kill_diff_last_3s,False,-2.4069459438323975,0.0026839885395020247,-0.006460215328447039
49878,43.5,-0.09910979866981506,3,lag_01__CT_place_MINI,CT_place_MINI,False,6.131025314331055,-0.0009253682801499963,-0.005673456350678618
49878,43.5,-0.09910979866981506,4,lag_01__T5__duck_amount,T5__duck_amount,False,-3.7970333099365234,0.0013803831534460187,-0.005241360814109752
49878,43.5,-0.09910979866981506,5,lag_14__T4__is_scoped,T4__is_scoped,False,-4.644811153411865,0.001090245321393013,-0.00506398362876137
49878,43.5,-0.09910979866981506,6,lag_07__T5__duck_amount,T5__duck_amount,False,3.415618896484375,-0.00141742336563766,-0.004841378031990473
49878,43.5,-0.09910979866981506,7,lag_02__T4__is_scoped,T4__is_scoped,False,-4.644811153411865,0.0008677100413478911,-0.004030349277980155
49878,43.5,-0.09910979866981506,8,lag_00__T_kills_last_3s,T_kills_last_3s,False,3.1681017875671387,-0.0011310519184917212,-0.0035832876048048634
49878,43.5,-0.09910979866981506,9,lag_01__T2__duck_amount,T2__duck_amount,False,-3.8233180046081543,0.000875247991643846,-0.003346351404949044
49878,43.5,-0.09910979866981506,10,lag_00__T_shots_fired_sum,T_shots_fired_sum,False,3.748685598373413,-0.0008920037071220577,-0.0033438414505841535
49878,43.5,-0.09910979866981506,11,lag_08__T5__is_walking,T5__is_walking,False,-2.3193888664245605,0.0011377058690413833,-0.0026387823259204635
49878,43.5,-0.09910979866981506,12,lag_11__T4__is_walking,T4__is_walking,False,2.307980537414551,-0.0009613109868951142,-0.002218687048156698
49878,43.5,-0.09910979866981506,13,lag_00__T5__shots_fired,T5__shots_fired,False,3.0739080905914307,0.0006644938257522881,0.0020425929471280108
49878,43.5,-0.09910979866981506,14,lag_13__CT5__duck_amount,CT5__duck_amount,False,-3.7749595642089844,0.0005157488631084561,-0.0019469311035211767
49878,43.5,-0.09910979866981506,15,lag_01__T_duck_amount_mean,T_duck_amount_mean,False,-2.3263494968414307,0.0008338342304341495,-0.0019397898424196452
49878,43.5,-0.09910979866981506,16,lag_12__T5__is_walking,T5__is_walking,False,2.3193888664245605,-0.0008230392122641206,-0.001908947985556242
49878,43.5,-0.09910979866981506,17,lag_14__T_scoped_count,T_scoped_count,False,-2.8811259269714355,0.0006574045401066542,-0.0018940652650100143
49878,43.5,-0.09910979866981506,18,lag_12__CT4__duck_amount,CT4__duck_amount,False,3.6725916862487793,0.0004873345897067338,0.0017897809625784106
49878,43.5,-0.09910979866981506,19,lag_03__T4__is_scoped,T4__is_scoped,False,4.644811153411865,-0.00038077926728874445,-0.001768647787690758
49878,43.5,-0.09910979866981506,20,lag_02__T_scoped_count,T_scoped_count,False,-2.8811259269714355,0.0005177047569304705,-0.0014915725977088234
51318,66.0,0.08532583713531494,1,lag_06__T_place_MINI,T_place_MINI,False,-13.91281509399414,0.0017149008344858885,-0.023859098214738417
51318,66.0,0.08532583713531494,2,lag_08__T_place_MINI,T_place_MINI,False,-13.912817001342773,0.00128682900685817,-0.017903416484437384
51318,66.0,0.08532583713531494,3,lag_13__T_place_MINI,T_place_MINI,False,13.91281509399414,0.0010436169104650617,0.014519649104265842
51318,66.0,0.08532583713531494,4,lag_15__CT_place_LOCKERROOM,CT_place_LOCKERROOM,False,-12.448311805725098,-0.0011448675068095326,0.014251667701008164
51318,66.0,0.08532583713531494,5,lag_11__T_place_MINI,T_place_MINI,False,13.912817001342773,0.0006724930135533214,0.009356272232248886
51318,66.0,0.08532583713531494,6,lag_09__T_place_HUT,T_place_HUT,False,9.321470260620117,0.00096965825650841,0.009038640601007897
51318,66.0,0.08532583713531494,7,lag_00__CT_kills_last_3s,CT_kills_last_3s,False,2.8871402740478516,0.0021887090988457203,0.006319110187452459
51318,66.0,0.08532583713531494,8,lag_00__CT_damage_last_5s,CT_damage_last_5s,False,2.899221181869507,0.0018514466937631369,0.0053677534716603525
51318,66.0,0.08532583713531494,9,lag_01__T_shots_fired_sum,T_shots_fired_sum,False,4.498422622680664,0.0010463892249390483,0.004707100961595101
51318,66.0,0.08532583713531494,10,lag_00__T_shots_fired_sum,T_shots_fired_sum,False,-4.498422622680664,-0.0008920037071220577,0.004012609655632882
51318,66.0,0.08532583713531494,11,lag_00__damage_diff_last_5s,damage_diff_last_5s,False,1.9175821542739868,0.0020862389355897903,0.004000534552438539
51318,66.0,0.08532583713531494,12,lag_15__CT5__duck_amount,CT5__duck_amount,False,-3.7749595642089844,-0.0010374754201620817,0.003916427759972585
51318,66.0,0.08532583713531494,13,lag_00__T_kills_last_3s,T_kills_last_3s,False,3.1681017875671387,-0.0011310519184917212,-0.0035832876048048634
51318,66.0,0.08532583713531494,14,lag_12__CT5__flash_duration,CT5__flash_duration,True,5.176568031311035,0.0004630276816897094,0.0023968942946470118
51318,66.0,0.08532583713531494,15,lag_11__CT5__duck_amount,CT5__duck_amount,False,3.534308910369873,0.0005808984278701246,0.0020530744896412323
51318,66.0,0.08532583713531494,16,lag_02__CT1__flash_duration,CT1__flash_duration,True,-4.75895881652832,-0.0004066794062964618,0.0019353705460950499
51318,66.0,0.08532583713531494,17,lag_00__T1__duck_amount,T1__duck_amount,False,3.2296335697174072,0.0005807371344417334,0.0018755681445745132
51318,66.0,0.08532583713531494,18,lag_11__CT1__is_scoped,CT1__is_scoped,False,4.282663822174072,0.00042847535223700106,0.0018350158897186969
51318,66.0,0.08532583713531494,19,lag_11__CT1__flash_duration,CT1__flash_duration,True,4.75895881652832,0.00034159558708779514,0.0016256393308586303
51318,66.0,0.08532583713531494,20,lag_03__CT5__flash_duration,CT5__flash_duration,True,-3.943018913269043,-0.0003754222416318953,0.0014802969992164239
50294,50.0,-0.06493794918060303,1,lag_07__T2__duck_amount,T2__duck_amount,False,3.8233180046081543,-0.0017421896336600184,-0.006660944993814033
50294,50.0,-0.06493794918060303,2,lag_13__CT_place_GARAGE,CT_place_GARAGE,False,-7.1875224113464355,0.0006033730460330844,-0.004336757290765159
50294,50.0,-0.06493794918060303,3,lag_00__T2__flash_duration,T2__flash_duration,True,3.139570474624634,-0.00131480791606009,-0.004127932113065003
50294,50.0,-0.06493794918060303,4,lag_14__CT_place_MINI,CT_place_MINI,False,6.131025314331055,-0.0005793398595415056,-0.0035519473444499683
50294,50.0,-0.06493794918060303,5,lag_14__T1__is_walking,T1__is_walking,False,-2.281590461730957,0.0015562789048999548,-0.003550791105212836
50294,50.0,-0.06493794918060303,6,lag_15__T4__is_scoped,T4__is_scoped,False,-4.644811153411865,0.0007548597059212625,-0.0035061807813242807
50294,50.0,-0.06493794918060303,7,lag_00__CT3__flash_duration,CT3__flash_duration,True,3.253370761871338,-0.0010382182663306594,-0.003377708952120917
50294,50.0,-0.06493794918060303,8,lag_04__CT5__duck_amount,CT5__duck_amount,False,3.7749595642089844,-0.000887815491296351,-0.0033514675801220584
50294,50.0,-0.06493794918060303,9,lag_00__CT_flashed_players,CT_flashed_players,False,4.379879951477051,-0.0005995391984470189,-0.002625909715402719
50294,50.0,-0.06493794918060303,10,lag_00__T_flashed_players,T_flashed_players,False,1.9296237230300903,-0.0011804020032286644,-0.002277731708142272
50294,50.0,-0.06493794918060303,11,lag_10__CT4__duck_amount,CT4__duck_amount,False,-3.6725916862487793,0.0006053324323147535,-0.0022231388583359157
50294,50.0,-0.06493794918060303,12,lag_11__T4__is_walking,T4__is_walking,False,2.307980537414551,-0.0009613109868951142,-0.002218687048156698
50294,50.0,-0.06493794918060303,13,lag_08__T3__is_walking,T3__is_walking,False,2.3223767280578613,0.0009110851678997278,0.002115882991209017
50294,50.0,-0.06493794918060303,14,lag_03__CT_place_MINI,CT_place_MINI,False,-6.131025314331055,-0.0003287628060206771,0.0020156530861232813
50294,50.0,-0.06493794918060303,15,lag_02__T2__duck_amount,T2__duck_amount,False,-3.8233180046081543,0.0004323761095292866,-0.001653111364325749
50294,50.0,-0.06493794918060303,16,lag_15__T4__is_walking,T4__is_walking,False,-2.307980537414551,0.0007160146487876773,-0.0016525478739056743
50294,50.0,-0.06493794918060303,17,lag_08__CT4__duck_amount,CT4__duck_amount,False,3.6725916862487793,-0.00044154396164231,-0.0016216106826408977
50294,50.0,-0.06493794918060303,18,lag_00__CT_flash_duration_sum,CT_flash_duration_sum,True,3.8488478660583496,-0.00041389319812878966,-0.0015930119523940578
50294,50.0,-0.06493794918060303,19,lag_13__T_kills_last_3s,T_kills_last_3s,False,3.1681017875671387,0.0005006302380934358,0.001586047552213976
50294,50.0,-0.06493794918060303,20,lag_13__T_shots_fired_sum,T_shots_fired_sum,False,3.748685598373413,-0.00040760505362413824,-0.0015279831943450298
49974,45.0,-0.0510074645280838,1,lag_03__CT_place_GARAGE,CT_place_GARAGE,False,-7.1875224113464355,0.0011359386844560504,-0.008164584752443249
49974,45.0,-0.0510074645280838,2,lag_14__T1__is_walking,T1__is_walking,False,-2.281590461730957,0.0015562789048999548,-0.003550791105212836
49974,45.0,-0.0510074645280838,3,lag_15__CT_B_site_active_smokes,CT_B_site_active_smokes,True,-3.32244610786438,0.0007619488169439137,-0.002531533881247175
49974,45.0,-0.0510074645280838,4,lag_04__CT_place_MINI,CT_place_MINI,False,6.131025314331055,-0.00038950785528868437,-0.002388082520905721
49974,45.0,-0.0510074645280838,5,lag_15__CT_A_site_active_smokes,CT_A_site_active_smokes,True,-3.2196006774902344,0.0007396640721708536,-0.002381422947876466
49974,45.0,-0.0510074645280838,6,lag_10__CT4__duck_amount,CT4__duck_amount,False,-3.3475615978240967,0.0006053324323147535,-0.002026387604334323
49974,45.0,-0.0510074645280838,7,lag_15__CT4__duck_amount,CT4__duck_amount,False,3.6725916862487793,-0.0005327825783751905,-0.0019566928679189133
49974,45.0,-0.0510074645280838,8,lag_12__T5__is_walking,T5__is_walking,False,2.3193888664245605,-0.0008230392122641206,-0.001908947985556242
49974,45.0,-0.0510074645280838,9,lag_02__T5__duck_amount,T5__duck_amount,False,-3.4071004390716553,0.00048527796752750874,-0.0016533907762347755
49974,45.0,-0.0510074645280838,10,lag_02__T2__duck_amount,T2__duck_amount,False,3.8233180046081543,0.0004323761095292866,0.001653111364325749
49974,45.0,-0.0510074645280838,11,lag_15__T4__is_walking,T4__is_walking,False,-2.307980537414551,0.0007160146487876773,-0.0016525478739056743
49974,45.0,-0.0510074645280838,12,lag_07__T4__is_walking,T4__is_walking,False,2.307980537414551,-0.0006861970177851617,-0.0015837293618800596
49974,45.0,-0.0510074645280838,13,lag_15__CT_active_smokes,CT_active_smokes,True,-2.309805154800415,0.0006818635738454759,-0.0015749719977389137
49974,45.0,-0.0510074645280838,14,lag_04__T2__duck_amount,T2__duck_amount,False,-3.8233180046081543,0.00039371088496409357,-0.0015052819150934288
49974,45.0,-0.0510074645280838,15,lag_13__T1__is_walking,T1__is_walking,False,2.281590461730957,0.0006442470476031303,0.001469907918809632
49974,45.0,-0.0510074645280838,16,lag_11__T5__is_walking,T5__is_walking,False,-2.3193888664245605,0.0005790881114080548,-0.001343130518278668
49974,45.0,-0.0510074645280838,17,lag_08__T4__is_walking,T4__is_walking,False,-2.307980537414551,-0.0005796454497613013,0.0013378104166499871
49974,45.0,-0.0510074645280838,18,lag_12__CT3__is_walking,CT3__is_walking,False,-2.387126922607422,-0.0005332557484507561,0.0012729491537619708
49974,45.0,-0.0510074645280838,19,lag_10__T5__duck_amount,T5__duck_amount,False,3.415618896484375,-0.00035343781928531826,-0.0012072088942831627
49974,45.0,-0.0510074645280838,20,lag_03__T_kills_last_3s,T_kills_last_3s,False,3.1681017875671387,-0.0003804056323133409,-0.001205163763732503
50070,46.5,0.042699456214904785,1,lag_07__T2__duck_amount,T2__duck_amount,False,-3.8233180046081543,-0.0017421896336600184,0.006660944993814033
50070,46.5,0.042699456214904785,2,lag_00__kill_diff_last_3s,kill_diff_last_3s,False,2.4069459438323975,0.0026839885395020247,0.006460215328447039
50070,46.5,0.042699456214904785,3,lag_07__T5__duck_amount,T5__duck_amount,False,-3.7970333099365234,-0.00141742336563766,0.005382003733608531
50070,46.5,0.042699456214904785,4,lag_07__CT_place_MINI,CT_place_MINI,False,6.131025314331055,-0.0005913241766393185,-0.0036254234959516296
50070,46.5,0.042699456214904785,5,lag_00__T_kills_last_3s,T_kills_last_3s,False,-3.1681017875671387,-0.0011310519184917212,0.0035832876048048634
50070,46.5,0.042699456214904785,6,lag_14__T1__is_walking,T1__is_walking,False,-2.281590461730957,0.0015562789048999548,-0.003550791105212836
50070,46.5,0.042699456214904785,7,lag_06__CT_place_GARAGE,CT_place_GARAGE,False,-7.1875224113464355,-0.00046552554704248905,0.0033459753024221994
50070,46.5,0.042699456214904785,8,lag_02__T3__is_walking,T3__is_walking,False,-2.3223767280578613,-0.0010841221082955599,0.0025177399546786328
50070,46.5,0.042699456214904785,9,lag_07__T_duck_amount_mean,T_duck_amount_mean,False,-2.3263494968414307,-0.0010156609350815415,0.002362782305288441
50070,46.5,0.042699456214904785,10,lag_11__T4__is_walking,T4__is_walking,False,-2.307980537414551,-0.0009613109868951142,0.002218687048156698
50070,46.5,0.042699456214904785,11,lag_01__CT4__duck_amount,CT4__duck_amount,False,3.6725916862487793,-0.00045866347500123084,-0.0016844836650754952
50070,46.5,0.042699456214904785,12,lag_09__T4__is_scoped,T4__is_scoped,False,4.644811153411865,0.00032590876799076796,0.001513784680558239
50070,46.5,0.042699456214904785,13,lag_06__T5__duck_amount,T5__duck_amount,False,3.4071004390716553,0.0004416982992552221,0.0015049104693296705
50070,46.5,0.042699456214904785,14,lag_01__CT5__duck_amount,CT5__duck_amount,False,-2.184244155883789,0.0006362353451550007,-0.0013896933344215157
50070,46.5,0.042699456214904785,15,lag_08__T4__is_walking,T4__is_walking,False,-2.307980537414551,-0.0005796454497613013,0.0013378104166499871
50070,46.5,0.042699456214904785,16,lag_01__T2__is_walking,T2__is_walking,False,2.2968344688415527,-0.0005755001329816878,-0.0013218285422552378
50070,46.5,0.042699456214904785,17,lag_09__CT3__is_walking,CT3__is_walking,False,-2.387126922607422,-0.0005413369508460164,0.0012922400095667363
50070,46.5,0.042699456214904785,18,lag_01__T2__duck_amount,T2__duck_amount,False,-1.466491460800171,0.000875247991643846,-0.0012835437058281995
50070,46.5,0.042699456214904785,19,lag_15__CT_B_site_active_smokes,CT_B_site_active_smokes,True,1.6612231731414795,0.0007619488169439137,0.0012657670314549646
50070,46.5,0.042699456214904785,20,lag_03__T2__duck_amount,T2__duck_amount,False,-3.8233180046081543,-0.0003294431371614337,0.0012595658778039032
51126,63.0,-0.04056558012962341,1,lag_14__CT4__duck_amount,CT4__duck_amount,False,3.6725916862487793,-0.002035298850387335,-0.007474821636964224
51126,63.0,-0.04056558012962341,2,lag_05__CT1__flash_duration,CT1__flash_duration,True,4.75895881652832,0.0015557149890810251,0.007403583563292404
51126,63.0,-0.04056558012962341,3,lag_09__CT_place_LOCKERROOM,CT_place_LOCKERROOM,False,-12.448311805725098,-0.0004606042639352381,0.0057337454965123436
51126,63.0,-0.04056558012962341,4,lag_00__T_place_MINI,T_place_MINI,False,-13.91281509399414,0.00037581962533295155,-0.005228708955951511
51126,63.0,-0.04056558012962341,5,lag_05__CT1__is_scoped,CT1__is_scoped,False,4.282663822174072,-0.0010969338472932577,-0.004697798903121053
51126,63.0,-0.04056558012962341,6,lag_07__T_place_MINI,T_place_MINI,False,13.91281509399414,-0.00031838149880059063,-0.004429582922161335
51126,63.0,-0.04056558012962341,7,lag_05__T_place_MINI,T_place_MINI,False,13.912817001342773,-0.00028417835710570216,-0.003953721478153871
51126,63.0,-0.04056558012962341,8,lag_10__CT5__duck_amount,CT5__duck_amount,False,3.7749595642089844,-0.0008654188131913543,-0.003266921025903091
51126,63.0,-0.04056558012962341,9,lag_03__T_place_HUT,T_place_HUT,False,9.321470260620117,-0.00033443959546275437,-0.0031174687430798875
51126,63.0,-0.04056558012962341,10,lag_03__CT1__is_scoped,CT1__is_scoped,False,-4.282663822174072,0.0006467398488894105,-0.0027697693531970047
51126,63.0,-0.04056558012962341,11,lag_02__T_place_MINI,T_place_MINI,False,-13.912817001342773,0.00019566851551644504,-0.002722300249304699
51126,63.0,-0.04056558012962341,12,lag_11__CT5__duck_amount,CT5__duck_amount,False,-3.7749595642089844,0.0005808984278701246,-0.0021928680761222896
51126,63.0,-0.04056558012962341,13,lag_05__CT5__duck_amount,CT5__duck_amount,False,3.534308910369873,-0.0005901423864997923,-0.0020857454949931575
51126,63.0,-0.04056558012962341,14,lag_05__CT_flashed_players,CT_flashed_players,False,2.1899399757385254,0.0009271487360820174,0.0020304000806014577
51126,63.0,-0.04056558012962341,15,lag_06__CT5__flash_duration,CT5__flash_duration,True,5.176568031311035,-0.00038346252404153347,-0.0019850198431592414
51126,63.0,-0.04056558012962341,16,lag_06__T_velocity_mean,T_velocity_mean,False,-1.760580062866211,0.0010691974312067032,-0.0018824076806502887
51126,63.0,-0.04056558012962341,17,lag_09__CT5__duck_amount,CT5__duck_amount,False,-3.7749595642089844,0.00048814306501299143,-0.00184272033197308
51126,63.0,-0.04056558012962341,18,lag_01__CT4__duck_amount,CT4__duck_amount,False,3.4163658618927,-0.00045866347500123084,-0.001566962238091281
51126,63.0,-0.04056558012962341,19,lag_13__T1__is_walking,T1__is_walking,False,2.281590461730957,0.0006442470476031303,0.001469907918809632
51126,63.0,-0.04056558012962341,20,lag_14__CT_duck_amount_mean,CT_duck_amount_mean,False,1.9961782693862915,-0.0007341195014305413,-0.001465433395888345
50198,48.5,0.03895282745361328,1,lag_07__T2__duck_amount,T2__duck_amount,False,-3.8233180046081543,-0.0017421896336600184,0.006660944993814033
50198,48.5,0.03895282745361328,2,lag_00__CT_place_MINI,CT_place_MINI,False,-6.131025314331055,-0.0007892241119407117,0.00483875300898895
50198,48.5,0.03895282745361328,3,lag_14__T1__is_walking,T1__is_walking,False,2.281590461730957,0.0015562789048999548,0.003550791105212836
50198,48.5,0.03895282745361328,4,lag_14__CT4__duck_amount,CT4__duck_amount,False,1.5924237966537476,-0.002035298850387335,-0.0032410583226588074
50198,48.5,0.03895282745361328,5,lag_13__T4__is_scoped,T4__is_scoped,False,4.644811153411865,0.0006845768075436354,0.0031797299910457655
50198,48.5,0.03895282745361328,6,lag_09__T5__duck_amount,T5__duck_amount,False,-3.4071004390716553,-0.0007724037277512252,0.0026316570799617828
50198,48.5,0.03895282745361328,7,lag_02__T3__is_walking,T3__is_walking,False,-2.3223767280578613,-0.0010841221082955599,0.0025177399546786328
50198,48.5,0.03895282745361328,8,lag_01__CT5__duck_amount,CT5__duck_amount,False,3.7749595642089844,0.0006362353451550007,0.002401762701280674
50198,48.5,0.03895282745361328,9,lag_05__CT4__duck_amount,CT4__duck_amount,False,3.6725916862487793,-0.0005860349629074335,-0.002152267132624952
50198,48.5,0.03895282745361328,10,lag_10__CT_place_GARAGE,CT_place_GARAGE,False,-7.1875224113464355,-0.0002520659763831645,0.0018117298543919164
50198,48.5,0.03895282745361328,11,lag_10__CT3__is_walking,CT3__is_walking,False,2.387126922607422,0.0007095540058799088,0.0016937954704798752
50198,48.5,0.03895282745361328,12,lag_04__CT5__duck_amount,CT5__duck_amount,False,1.893931269645691,-0.000887815491296351,-0.0016814615206420108
50198,48.5,0.03895282745361328,13,lag_15__T4__is_walking,T4__is_walking,False,-2.307980537414551,0.0007160146487876773,-0.0016525478739056743
50198,48.5,0.03895282745361328,14,lag_10__T_shots_fired_sum,T_shots_fired_sum,False,3.748685598373413,0.0004401568148750812,0.0016500095129481293
50198,48.5,0.03895282745361328,15,lag_10__T_kills_last_3s,T_kills_last_3s,False,3.1681017875671387,-0.0005074117798358202,-0.0016075321667304854
50198,48.5,0.03895282745361328,16,lag_04__T2__duck_amount,T2__duck_amount,False,3.8233180046081543,0.00039371088496409357,0.0015052819150934288
50198,48.5,0.03895282745361328,17,lag_04__CT5__is_walking,CT5__is_walking,False,-2.396676540374756,0.0006261920789256692,-0.001500779865329649
50198,48.5,0.03895282745361328,18,lag_05__T3__is_walking,T3__is_walking,False,2.3223767280578613,0.0006230797152966261,0.0014470258305298023
50198,48.5,0.03895282745361328,19,lag_02__CT3__is_walking,CT3__is_walking,False,2.387126922607422,0.000597444421146065,0.0014261756624793787
50198,48.5,0.03895282745361328,20,lag_08__T4__is_walking,T4__is_walking,False,2.307980537414551,-0.0005796454497613013,-0.0013378104166499871
50358,51.0,0.035882413387298584,1,lag_01__CT_place_ADMIN,CT_place_ADMIN,False,6.947057247161865,0.0010386088397353888,0.007215275067050109
50358,51.0,0.035882413387298584,2,lag_02__CT1__is_scoped,CT1__is_scoped,False,-4.282663822174072,0.0014207649510353804,-0.006084658655612141
50358,51.0,0.035882413387298584,3,lag_05__CT_place_MINI,CT_place_MINI,False,-6.131025314331055,-0.0006835449021309614,0.004190831098446868
50358,51.0,0.035882413387298584,4,lag_02__T2__flash_duration,T2__flash_duration,True,3.139570474624634,0.0008845743723213673,0.0027771835819497825
50358,51.0,0.035882413387298584,5,lag_15__CT_place_GARAGE,CT_place_GARAGE,False,-7.1875224113464355,-0.00034386018523946404,0.0024715027877783846
50358,51.0,0.035882413387298584,6,lag_01__T_place_SILO,T_place_SILO,False,-6.793753623962402,-0.00034072715789079666,0.0023148163637030095
50358,51.0,0.035882413387298584,7,lag_00__T_flashed_players,T_flashed_players,False,-1.9296236038208008,-0.0011804020032286644,0.002277731567427388
50358,51.0,0.035882413387298584,8,lag_05__CT5__duck_amount,CT5__duck_amount,False,-3.7749595642089844,-0.0005901423864997923,0.002227763646162506
50358,51.0,0.035882413387298584,9,lag_10__CT4__duck_amount,CT4__duck_amount,False,3.6725916862487793,0.0006053324323147535,0.0022231388583359157
50358,51.0,0.035882413387298584,10,lag_10__CT5__is_walking,CT5__is_walking,False,2.396676540374756,0.0009141857735812664,0.0021910075970865694
50358,51.0,0.035882413387298584,11,lag_02__CT1__flash_duration,CT1__flash_duration,True,5.3276262283325195,-0.0004066794062964618,-0.002166635871507727
50358,51.0,0.035882413387298584,12,lag_06__CT5__duck_amount,CT5__duck_amount,False,3.7749595642089844,0.0005144865717738867,0.0019421660047749256
50358,51.0,0.035882413387298584,13,lag_10__CT5__duck_amount,CT5__duck_amount,False,-2.184244155883789,-0.0008654188131913543,0.0018902859851051002
50358,51.0,0.035882413387298584,14,lag_15__T_shots_fired_sum,T_shots_fired_sum,False,3.748685598373413,-0.0004792142426595092,-0.0017964235299931242
50358,51.0,0.035882413387298584,15,lag_12__CT4__duck_amount,CT4__duck_amount,False,-3.6725916862487793,0.0004873345897067338,-0.0017897809625784106
50358,51.0,0.035882413387298584,16,lag_01__T2__flash_duration,T2__flash_duration,True,1.364316463470459,-0.0012770873727276921,-0.0017423513279026248
50358,51.0,0.035882413387298584,17,lag_00__T3__is_walking,T3__is_walking,False,2.3223767280578613,0.0007178710657171905,0.0016671670567676988
50358,51.0,0.035882413387298584,18,lag_13__T4__is_walking,T4__is_walking,False,2.307980537414551,-0.000714772439096123,-0.0016496808781141792
50358,51.0,0.035882413387298584,19,lag_08__CT4__duck_amount,CT4__duck_amount,False,-3.6725916862487793,-0.00044154396164231,0.0016216106826408977
50358,51.0,0.035882413387298584,20,lag_15__T2__is_walking,T2__is_walking,False,-2.2968344688415527,0.0006923961918801069,-0.0015903194396048592
50838,58.5,-0.031984567642211914,1,lag_00__CT_place_LOCKERROOM,CT_place_LOCKERROOM,False,-12.448311805725098,0.0006011570221744478,-0.0074833900562287226
50838,58.5,-0.031984567642211914,2,lag_09__CT_place_LOCKERROOM,CT_place_LOCKERROOM,False,12.448311805725098,-0.0004606042639352381,-0.0057337454965123436
50838,58.5,-0.031984567642211914,3,lag_14__T1__is_walking,T1__is_walking,False,-2.281590461730957,0.0015562789048999548,-0.003550791105212836
50838,58.5,-0.031984567642211914,4,lag_08__CT1__is_scoped,CT1__is_scoped,False,4.282663822174072,-0.0006457447307184339,-0.002765507596607375
50838,58.5,-0.031984567642211914,5,lag_13__CT1__is_scoped,CT1__is_scoped,False,-4.282663822174072,0.0005760301137343049,-0.002466943328572724
50838,58.5,-0.031984567642211914,6,lag_11__T_kills_last_3s,T_kills_last_3s,False,3.1681017875671387,-0.000776766799390316,-0.002460876285671265
50838,58.5,-0.031984567642211914,7,lag_01__CT5__duck_amount,CT5__duck_amount,False,3.7749595642089844,0.0006362353451550007,0.002401762701280674
50838,58.5,-0.031984567642211914,8,lag_05__CT4__duck_amount,CT4__duck_amount,False,3.6725916862487793,-0.0005860349629074335,-0.002152267132624952
50838,58.5,-0.031984567642211914,9,lag_00__T3__is_walking,T3__is_walking,False,-2.3223767280578613,0.0007178710657171905,-0.0016671670567676988
50838,58.5,-0.031984567642211914,10,lag_15__CT1__is_scoped,CT1__is_scoped,False,4.282663822174072,0.0003843345621135086,0.001645975724774637
50838,58.5,-0.031984567642211914,11,lag_02__CT5__duck_amount,CT5__duck_amount,False,-3.7749595642089844,0.0004283810267224908,-0.0016171210539517311
50838,58.5,-0.031984567642211914,12,lag_07__CT5__duck_amount,CT5__duck_amount,False,3.7749595642089844,-0.00042337129707448184,-0.0015982095271028784
50838,58.5,-0.031984567642211914,13,lag_10__T3__is_walking,T3__is_walking,False,-2.3223767280578613,-0.0006160950870253146,0.0014308048923783734
50838,58.5,-0.031984567642211914,14,lag_09__CT_place_HELL,CT_place_HELL,False,-5.4229230880737305,-0.00023063797561917454,0.0012507320029718078
50838,58.5,-0.031984567642211914,15,lag_12__CT3__shots_fired,CT3__shots_fired,False,2.5713651180267334,0.0004783144686371088,0.0012299211401009535
50838,58.5,-0.031984567642211914,16,lag_02__CT_duck_amount_mean,CT_duck_amount_mean,False,-1.996178150177002,0.0005872309557162225,-0.001172217602908282
50838,58.5,-0.031984567642211914,17,lag_06__T1__is_walking,T1__is_walking,False,-2.281590461730957,-0.0005081794806756079,0.0011594574559568582
50838,58.5,-0.031984567642211914,18,lag_12__kill_diff_last_3s,kill_diff_last_3s,False,2.4069459438323975,0.00047556590288877487,0.0011446614209831285
50838,58.5,-0.031984567642211914,19,lag_12__CT_place_HELL,CT_place_HELL,False,5.4229230880737305,-0.00020721730834338814,-0.0011237235256638528
50838,58.5,-0.031984567642211914,20,lag_07__CT1__is_scoped,CT1__is_scoped,False,-4.282663822174072,0.0002571312361396849,-0.001101206642566327
49910,44.0,-0.03178751468658447,1,lag_01__CT_place_GARAGE,CT_place_GARAGE,False,-7.1875224113464355,0.0010666802991181612,-0.007666788555653503
49910,44.0,-0.03178751468658447,2,lag_01__T5__duck_amount,T5__duck_amount,False,3.4071004390716553,0.0013803831534460187,0.004703104048193046
49910,44.0,-0.03178751468658447,3,lag_01__T_shots_fired_sum,T_shots_fired_sum,False,3.748685598373413,0.0010463892249390483,0.003922584217822128
49910,44.0,-0.03178751468658447,4,lag_15__CT5__duck_amount,CT5__duck_amount,False,3.5613739490509033,-0.0010374754201620817,-0.003694837934145878
49910,44.0,-0.03178751468658447,5,lag_15__T4__is_scoped,T4__is_scoped,False,-4.644811153411865,0.0007548597059212625,-0.0035061807813242807
49910,44.0,-0.03178751468658447,6,lag_00__T_shots_fired_sum,T_shots_fired_sum,False,-3.748685598373413,-0.0008920037071220577,0.0033438414505841535
49910,44.0,-0.03178751468658447,7,lag_02__CT_place_MINI,CT_place_MINI,False,6.131025314331055,-0.00042748061241582036,-0.0026208944561071368
49910,44.0,-0.03178751468658447,8,lag_00__T5__shots_fired,T5__shots_fired,False,-3.0739080905914307,0.0006644938257522881,-0.0020425929471280108
49910,44.0,-0.03178751468658447,9,lag_01__T_kills_last_3s,T_kills_last_3s,False,3.1681017875671387,-0.000641276768874377,-0.0020316300777961926
49910,44.0,-0.03178751468658447,10,lag_02__T5__duck_amount,T5__duck_amount,False,-3.7970333099365234,0.00048527796752750874,-0.0018426166072802452
49910,44.0,-0.03178751468658447,11,lag_03__T4__is_scoped,T4__is_scoped,False,-4.644811153411865,-0.00038077926728874445,0.001768647787690758
49910,44.0,-0.03178751468658447,12,lag_10__CT3__is_walking,CT3__is_walking,False,-2.387126922607422,0.0007095540058799088,-0.0016937954704798752
49910,44.0,-0.03178751468658447,13,lag_02__T2__duck_amount,T2__duck_amount,False,-3.8233180046081543,0.0004323761095292866,-0.001653111364325749
49910,44.0,-0.03178751468658447,14,lag_15__T4__is_walking,T4__is_walking,False,2.307980537414551,0.0007160146487876773,0.0016525478739056743
49910,44.0,-0.03178751468658447,15,lag_13__T4__is_walking,T4__is_walking,False,-2.307980537414551,-0.000714772439096123,0.0016496808781141792
49910,44.0,-0.03178751468658447,16,lag_01__kill_diff_last_3s,kill_diff_last_3s,False,-2.4069459438323975,0.0006247517303563654,-0.0015037436432835255
49910,44.0,-0.03178751468658447,17,lag_14__CT5__duck_amount,CT5__duck_amount,False,-3.7749595642089844,0.00039486627792939544,-0.0014906042324531743
49910,44.0,-0.03178751468658447,18,lag_13__CT4__is_walking,CT4__is_walking,False,-2.384641170501709,0.0006243640673346817,-0.0014888842603481833
49910,44.0,-0.03178751468658447,19,lag_08__CT4__duck_amount,CT4__duck_amount,False,-3.3475615978240967,-0.00044154396164231,0.001478095609744913
49910,44.0,-0.03178751468658447,20,lag_11__T5__is_walking,T5__is_walking,False,-2.3193888664245605,0.0005790881114080548,-0.001343130518278668
50134,47.5,0.03091326355934143,1,lag_09__CT_place_MINI,CT_place_MINI,False,6.131025314331055,0.0011554337106645107,0.007083993329115579
50134,47.5,0.03091326355934143,2,lag_07__T2__duck_amount,T2__duck_amount,False,3.8233180046081543,-0.0017421896336600184,-0.006660944993814033
50134,47.5,0.03091326355934143,3,lag_07__T5__duck_amount,T5__duck_amount,False,-3.4071004390716553,-0.00141742336563766,0.004829303771414495
50134,47.5,0.03091326355934143,4,lag_00__damage_diff_last_5s,damage_diff_last_5s,False,1.6694245338439941,0.0020862389355897903,0.0034828184625341763
50134,47.5,0.03091326355934143,5,lag_09__T5__duck_amount,T5__duck_amount,False,-3.7970333099365234,-0.0007724037277512252,0.002932842682990544
50134,47.5,0.03091326355934143,6,lag_05__CT4__duck_amount,CT4__duck_amount,False,-3.6725916862487793,-0.0005860349629074335,0.002152267132624952
50134,47.5,0.03091326355934143,7,lag_04__CT5__duck_amount,CT5__duck_amount,False,2.184244155883789,-0.000887815491296351,-0.0019392057983671496
50134,47.5,0.03091326355934143,8,lag_15__CT4__duck_amount,CT4__duck_amount,False,-3.3475615978240967,-0.0005327825783751905,0.0017835224993584947
50134,47.5,0.03091326355934143,9,lag_11__T4__is_scoped,T4__is_scoped,False,4.644811153411865,0.0003798323741648346,0.0017642496479477326
50134,47.5,0.03091326355934143,10,lag_01__CT4__duck_amount,CT4__duck_amount,False,-3.6725916862487793,-0.00045866347500123084,0.0016844836650754952
50134,47.5,0.03091326355934143,11,lag_00__T3__is_walking,T3__is_walking,False,-2.3223767280578613,0.0007178710657171905,-0.0016671670567676988
50134,47.5,0.03091326355934143,12,lag_02__T2__duck_amount,T2__duck_amount,False,3.8233180046081543,0.0004323761095292866,0.001653111364325749
50134,47.5,0.03091326355934143,13,lag_13__T4__is_walking,T4__is_walking,False,-2.307980537414551,-0.000714772439096123,0.0016496808781141792
50134,47.5,0.03091326355934143,14,lag_08__T_shots_fired_sum,T_shots_fired_sum,False,3.748685598373413,0.0003371294878888875,0.0012637924560360767
50134,47.5,0.03091326355934143,15,lag_01__CT5__duck_amount,CT5__duck_amount,False,-1.893931269645691,0.0006362353451550007,-0.0012049860150428748
50134,47.5,0.03091326355934143,16,lag_08__CT_place_GARAGE,CT_place_GARAGE,False,-7.1875224113464355,-0.0001593147753737867,0.001145078518457715
50134,47.5,0.03091326355934143,17,lag_04__T3__is_walking,T3__is_walking,False,-2.3223767280578613,-0.00048691569827497005,0.0011308016861998338
50134,47.5,0.03091326355934143,18,lag_11__CT3__is_walking,CT3__is_walking,False,-2.387126922607422,-0.00047269437345676124,0.0011283814650436819
50134,47.5,0.03091326355934143,19,lag_10__T4__is_scoped,T4__is_scoped,False,-4.644811153411865,0.0002422533871140331,-0.0011252212344190632
50134,47.5,0.03091326355934143,20,lag_08__T5__duck_amount,T5__duck_amount,False,3.4071004390716553,-0.0003265233535785228,-0.0011124978613445344
50326,50.5,-0.030374974012374878,1,lag_00__CT_place_ADMIN,CT_place_ADMIN,False,6.947057247161865,-0.0018542144680395722,-0.012881334057986693
50326,50.5,-0.030374974012374878,2,lag_00__T_flashed_players,T_flashed_players,False,3.8592472076416016,-0.0011804020032286644,-0.004555463134854776
50326,50.5,-0.030374974012374878,3,lag_01__T2__flash_duration,T2__flash_duration,True,3.139570474624634,-0.0012770873727276921,-0.004009505808931807
50326,50.5,-0.030374974012374878,4,lag_13__T2__duck_amount,T2__duck_amount,False,3.8233180046081543,-0.0008803759119473398,-0.0033659570749715872
50326,50.5,-0.030374974012374878,5,lag_04__CT5__duck_amount,CT5__duck_amount,False,-3.7749595642089844,-0.000887815491296351,0.0033514675801220584
50326,50.5,-0.030374974012374878,6,lag_00__T_place_SILO,T_place_SILO,False,-6.793753623962402,0.0004119747318327427,-0.0027988548273696345
50326,50.5,-0.030374974012374878,7,lag_14__CT_place_GARAGE,CT_place_GARAGE,False,-7.1875224113464355,0.00036424744757823646,-0.0026180366927443105
50326,50.5,-0.030374974012374878,8,lag_04__CT_place_MINI,CT_place_MINI,False,-6.131025314331055,-0.00038950785528868437,0.002388082520905721
50326,50.5,-0.030374974012374878,9,lag_05__CT5__duck_amount,CT5__duck_amount,False,3.7749595642089844,-0.0005901423864997923,-0.002227763646162506
50326,50.5,-0.030374974012374878,10,lag_00__T5__flash_duration,T5__flash_duration,True,2.418196201324463,-0.0008389408467337489,-0.00202872356870748
50326,50.5,-0.030374974012374878,11,lag_10__CT5__duck_amount,CT5__duck_amount,False,2.184244155883789,-0.0008654188131913543,-0.0018902859851051002
50326,50.5,-0.030374974012374878,12,lag_00__T2__flash_duration,T2__flash_duration,True,1.364316463470459,-0.00131480791606009,-0.0017938140861820662
50326,50.5,-0.030374974012374878,13,lag_01__CT1__is_scoped,CT1__is_scoped,False,-4.282663822174072,-0.00039968665805645287,0.00171172359066403
50326,50.5,-0.030374974012374878,14,lag_00__T3__is_walking,T3__is_walking,False,-2.3223767280578613,0.0007178710657171905,-0.0016671670567676988
50326,50.5,-0.030374974012374878,15,lag_15__T2__duck_amount,T2__duck_amount,False,-3.8233180046081543,-0.0004255352832842618,0.0016269567101767496
50326,50.5,-0.030374974012374878,16,lag_15__T2__is_walking,T2__is_walking,False,2.2968344688415527,0.0006923961918801069,0.0015903194396048592
50326,50.5,-0.030374974012374878,17,lag_13__T_shots_fired_sum,T_shots_fired_sum,False,-3.748685598373413,-0.00040760505362413824,0.0015279831943450298
50326,50.5,-0.030374974012374878,18,lag_04__CT5__is_walking,CT5__is_walking,False,2.396676540374756,0.0006261920789256692,0.001500779865329649
50326,50.5,-0.030374974012374878,19,lag_15__CT_place_MINI,CT_place_MINI,False,6.131025314331055,-0.0002393448376096785,-0.0014674292582393944
50326,50.5,-0.030374974012374878,20,lag_05__T3__is_walking,T3__is_walking,False,2.3223767280578613,0.0006230797152966261,0.0014470258305298023
50774,57.5,-0.027377307415008545,1,lag_06__CT1__is_scoped,CT1__is_scoped,False,4.282663822174072,0.0014957779785618186,0.006405914234791366
50774,57.5,-0.027377307415008545,2,lag_07__CT_place_LOCKERROOM,CT_place_LOCKERROOM,False,12.448311805725098,-0.00048606019117869437,-0.006050628816142739
50774,57.5,-0.027377307415008545,3,lag_05__CT1__is_scoped,CT1__is_scoped,False,-4.282663822174072,-0.0010969338472932577,0.004697798903121053
50774,57.5,-0.027377307415008545,4,lag_00__CT_damage_last_5s,CT_damage_last_5s,False,-2.179865598678589,0.0018514466937631369,-0.004035904955521474
50774,57.5,-0.027377307415008545,5,lag_00__damage_diff_last_5s,damage_diff_last_5s,False,-1.6468645334243774,0.0020862389355897903,-0.00343575291127185
50774,57.5,-0.027377307415008545,6,lag_10__CT_place_HELL,CT_place_HELL,False,5.4229230880737305,-0.0005772862350568175,-0.0031305788525167744
50774,57.5,-0.027377307415008545,7,lag_14__CT_place_ADMIN,CT_place_ADMIN,False,6.947057247161865,-0.00044439733028411865,-0.0030872536939696715
50774,57.5,-0.027377307415008545,8,lag_08__CT1__is_scoped,CT1__is_scoped,False,4.282663822174072,-0.0006457447307184339,-0.002765507596607375
50774,57.5,-0.027377307415008545,9,lag_13__CT1__is_scoped,CT1__is_scoped,False,4.282663822174072,0.0005760301137343049,0.002466943328572724
50774,57.5,-0.027377307415008545,10,lag_14__T_place_SILO,T_place_SILO,False,-6.793753623962402,0.00033634607098065317,-0.002285052338630328
50774,57.5,-0.027377307415008545,11,lag_10__CT_place_ADMIN,CT_place_ADMIN,False,-6.947057247161865,0.0003285439743194729,-0.002282413797807456
50774,57.5,-0.027377307415008545,12,lag_05__CT5__duck_amount,CT5__duck_amount,False,3.7749595642089844,-0.0005901423864997923,-0.002227763646162506
50774,57.5,-0.027377307415008545,13,lag_08__T3__is_walking,T3__is_walking,False,-2.3223767280578613,0.0009110851678997278,-0.002115882991209017
50774,57.5,-0.027377307415008545,14,lag_06__CT1__flash_duration,CT1__flash_duration,True,-3.9371697902679443,0.000533432699739933,-0.0021002151105571354
50774,57.5,-0.027377307415008545,15,lag_07__T_duck_amount_mean,T_duck_amount_mean,False,-1.9359265565872192,-0.0010156609350815415,0.001966244976712564
50774,57.5,-0.027377307415008545,16,lag_11__CT1__is_scoped,CT1__is_scoped,False,-4.282663822174072,0.00042847535223700106,-0.0018350158897186969
50774,57.5,-0.027377307415008545,17,lag_15__CT1__is_scoped,CT1__is_scoped,False,-4.282663822174072,0.0003843345621135086,-0.001645975724774637
50774,57.5,-0.027377307415008545,18,lag_06__CT_scoped_count,CT_scoped_count,False,2.141930103302002,0.0007211040356196463,0.0015445544415062795
50774,57.5,-0.027377307415008545,19,lag_01__damage_diff_last_5s,damage_diff_last_5s,False,-2.25597882270813,0.0006586796371266246,-0.0014859673123067407
50774,57.5,-0.027377307415008545,20,lag_04__kill_diff_last_3s,kill_diff_last_3s,False,-2.4069459438323975,0.0005452635232359171,-0.0013124198255724528
50550,54.0,0.027044713497161865,1,lag_04__CT1__is_scoped,CT1__is_scoped,False,-4.282663822174072,-0.002525867195799947,0.010817440059068706
50550,54.0,0.027044713497161865,2,lag_03__CT_place_ADMIN,CT_place_ADMIN,False,-6.947057247161865,0.0011725248768925667,-0.00814559744349408
50550,54.0,0.027044713497161865,3,lag_00__CT_place_LOCKERROOM,CT_place_LOCKERROOM,False,12.448311805725098,0.0006011570221744478,0.0074833900562287226
50550,54.0,0.027044713497161865,4,lag_14__CT4__duck_amount,CT4__duck_amount,False,-3.6725916862487793,-0.002035298850387335,0.007474821636964224
50550,54.0,0.027044713497161865,5,lag_06__CT1__is_scoped,CT1__is_scoped,False,4.282663822174072,0.0014957779785618186,0.006405914234791366
50550,54.0,0.027044713497161865,6,lag_00__CT_place_HELL,CT_place_HELL,False,-5.4229230880737305,0.000791971106082201,-0.0042947983962604575
50550,54.0,0.027044713497161865,7,lag_04__T2__flash_duration,T2__flash_duration,True,-4.503886699676514,0.000758701644372195,-0.0034171062451106293
50550,54.0,0.027044713497161865,8,lag_04__T_flashed_players,T_flashed_players,False,-1.9296237230300903,0.0015007505426183343,-0.0028958838493866185
50550,54.0,0.027044713497161865,9,lag_04__CT_scoped_count,CT_scoped_count,False,-2.141930103302002,-0.0012965175556018949,0.0027770499818032257
50550,54.0,0.027044713497161865,10,lag_08__CT1__is_scoped,CT1__is_scoped,False,-4.282663822174072,-0.0006457447307184339,0.002765507596607375
50550,54.0,0.027044713497161865,11,lag_01__T_shots_fired_sum,T_shots_fired_sum,False,-2.249211311340332,0.0010463892249390483,-0.0023535504807975505
50550,54.0,0.027044713497161865,12,lag_11__T4__is_walking,T4__is_walking,False,-2.307980537414551,-0.0009613109868951142,0.002218687048156698
50550,54.0,0.027044713497161865,13,lag_11__CT5__duck_amount,CT5__duck_amount,False,-3.7749595642089844,0.0005808984278701246,-0.0021928680761222896
50550,54.0,0.027044713497161865,14,lag_15__CT5__duck_amount,CT5__duck_amount,False,1.893931269645691,-0.0010374754201620817,-0.001964907139733768
50550,54.0,0.027044713497161865,15,lag_12__T5__is_walking,T5__is_walking,False,2.3193888664245605,-0.0008230392122641206,-0.001908947985556242
50550,54.0,0.027044713497161865,16,lag_01__CT1__is_scoped,CT1__is_scoped,False,4.282663822174072,-0.00039968665805645287,-0.00171172359066403
50550,54.0,0.027044713497161865,17,lag_00__T3__is_walking,T3__is_walking,False,2.3223767280578613,0.0007178710657171905,0.0016671670567676988
50550,54.0,0.027044713497161865,18,lag_14__CT_duck_amount_mean,CT_duck_amount_mean,False,-2.2482590675354004,-0.0007341195014305413,0.0016504908257457818
50550,54.0,0.027044713497161865,19,lag_15__T2__duck_amount,T2__duck_amount,False,3.8233180046081543,-0.0004255352832842618,-0.0016269567101767496
50550,54.0,0.027044713497161865,20,lag_01__T_duck_amount_mean,T_duck_amount_mean,False,1.9359265565872192,0.0008338342304341495,0.001614241830488937
50934,60.0,0.026421666145324707,1,lag_01__T_place_MINI,T_place_MINI,False,13.91281509399414,-0.0011212662793695927,-0.01559997041599992
50934,60.0,0.026421666145324707,2,lag_12__CT_place_LOCKERROOM,CT_place_LOCKERROOM,False,12.448311805725098,0.0009402557043358684,0.011704596184684557
50934,60.0,0.026421666145324707,3,lag_03__CT_place_LOCKERROOM,CT_place_LOCKERROOM,False,-12.448311805725098,-0.0006140506593510509,0.007643894072112967
50934,60.0,0.026421666145324707,4,lag_04__CT5__duck_amount,CT5__duck_amount,False,3.7749595642089844,-0.000887815491296351,-0.0033514675801220584
50934,60.0,0.026421666145324707,5,lag_10__CT5__duck_amount,CT5__duck_amount,False,3.7749595642089844,-0.0008654188131913543,-0.003266921025903091
50934,60.0,0.026421666145324707,6,lag_13__CT1__is_scoped,CT1__is_scoped,False,4.282663822174072,0.0005760301137343049,0.002466943328572724
50934,60.0,0.026421666145324707,7,lag_12__CT1__is_scoped,CT1__is_scoped,False,-4.282663822174072,-0.0005525658489204943,0.002366453770540705
50934,60.0,0.026421666145324707,8,lag_00__T_flashed_players,T_flashed_players,False,1.9296237230300903,-0.0011804020032286644,-0.002277731708142272
50934,60.0,0.026421666145324707,9,lag_05__CT5__duck_amount,CT5__duck_amount,False,-3.7749595642089844,-0.0005901423864997923,0.002227763646162506
50934,60.0,0.026421666145324707,10,lag_14__CT_shots_fired_sum,CT_shots_fired_sum,False,-4.863187313079834,-0.0004142530669923872,0.002014590259801788
50934,60.0,0.026421666145324707,11,lag_11__CT1__is_scoped,CT1__is_scoped,False,4.282663822174072,0.00042847535223700106,0.0018350158897186969
50934,60.0,0.026421666145324707,12,lag_00__CT5__flash_duration,CT5__flash_duration,True,5.176568031311035,0.00034076609881594777,0.0017639988932852124
50934,60.0,0.026421666145324707,13,lag_15__CT_place_ADMIN,CT_place_ADMIN,False,-6.947057247161865,-0.00024286838015541434,0.0016872205404651341
50934,60.0,0.026421666145324707,14,lag_08__CT4__duck_amount,CT4__duck_amount,False,3.6725916862487793,-0.00044154396164231,-0.0016216106826408977
50934,60.0,0.026421666145324707,15,lag_15__kill_diff_last_3s,kill_diff_last_3s,False,2.4069459438323975,0.0005775074241682887,0.0013900291521349584
50934,60.0,0.026421666145324707,16,lag_11__CT1__flash_duration,CT1__flash_duration,True,-3.9371697902679443,0.00034159558708779514,-0.0013449198259709097
50934,60.0,0.026421666145324707,17,lag_08__T4__is_walking,T4__is_walking,False,2.307980537414551,-0.0005796454497613013,-0.0013378104166499871
50934,60.0,0.026421666145324707,18,lag_00__CT_flashed_players,CT_flashed_players,False,2.1899399757385254,-0.0005995391984470189,-0.0013129548577013594
50934,60.0,0.026421666145324707,19,lag_14__T_velocity_mean,T_velocity_mean,False,-1.90834379196167,-0.0006706330459564924,0.0012797984099354176
50934,60.0,0.026421666145324707,20,lag_15__CT3__shots_fired,CT3__shots_fired,False,2.5713651180267334,0.00044750847155228257,0.0011507076737709981
48182,17.0,0.02378028631210327,1,lag_14__T4__is_scoped,T4__is_scoped,False,4.644811153411865,0.001090245321393013,0.00506398362876137
48182,17.0,0.02378028631210327,2,lag_13__T2__duck_amount,T2__duck_amount,False,3.8233180046081543,-0.0008803759119473398,-0.0033659570749715872
48182,17.0,0.02378028631210327,3,lag_01__T2__duck_amount,T2__duck_amount,False,3.8233180046081543,0.000875247991643846,0.003346351404949044
48182,17.0,0.02378028631210327,4,lag_06__T2__duck_amount,T2__duck_amount,False,-3.8233180046081543,-0.0008612168021500111,0.003292705705531196
48182,17.0,0.02378028631210327,5,lag_14__CT4__duck_amount,CT4__duck_amount,False,1.2971898317337036,-0.002035298850387335,-0.0026401689732617473
48182,17.0,0.02378028631210327,6,lag_13__CT5__is_walking,CT5__is_walking,False,2.396676540374756,0.0008454928756691515,0.0020263729401702457
48182,17.0,0.02378028631210327,7,lag_14__T_scoped_count,T_scoped_count,False,2.8811259269714355,0.0006574045401066542,0.0018940652650100143
48182,17.0,0.02378028631210327,8,lag_00__T3__is_walking,T3__is_walking,False,-2.3223767280578613,0.0007178710657171905,-0.0016671670567676988
48182,17.0,0.02378028631210327,9,lag_15__CT1__is_scoped,CT1__is_scoped,False,4.282663822174072,0.0003843345621135086,0.001645975724774637
48182,17.0,0.02378028631210327,10,lag_01__T2__is_walking,T2__is_walking,False,-2.2968344688415527,-0.0005755001329816878,0.0013218285422552378
48182,17.0,0.02378028631210327,11,lag_05__CT5__smoke,CT5__smoke,True,-2.1936588287353516,0.000572294753510505,-0.001255419438677241
48182,17.0,0.02378028631210327,12,lag_14__CT_A_site_active_infernos,CT_A_site_active_infernos,True,3.5290777683258057,0.000331381568685174,0.0011694713268797785
48182,17.0,0.02378028631210327,13,lag_05__CT5__is_walking,CT5__is_walking,False,2.396676540374756,0.000485501775983721,0.0011635907168104642
48182,17.0,0.02378028631210327,14,lag_09__CT_flashed_players,CT_flashed_players,False,-4.379879951477051,-0.00026127815362997353,0.0011443669468428619
48182,17.0,0.02378028631210327,15,lag_04__T3__is_walking,T3__is_walking,False,2.3223767280578613,-0.00048691569827497005,-0.0011308016861998338
48182,17.0,0.02378028631210327,16,lag_03__T1__is_walking,T1__is_walking,False,2.281590461730957,0.0004292548110242933,0.000979383682485152
48182,17.0,0.02378028631210327,17,lag_14__T5__is_walking,T5__is_walking,False,2.3193888664245605,0.0004222536808811128,0.0009793704862424424
48182,17.0,0.02378028631210327,18,lag_01__T_duck_amount_mean,T_duck_amount_mean,False,1.1631746292114258,0.0008338342304341495,0.0009698948218090364
48182,17.0,0.02378028631210327,19,lag_11__T5__duck_amount,T5__duck_amount,False,3.7970333099365234,-0.00025421768077649176,-0.000965273001883149
48182,17.0,0.02378028631210327,20,lag_11__T2__duck_amount,T2__duck_amount,False,-3.8233180046081543,0.00024364709679502994,-0.0009315403319469437
50678,56.0,0.022894442081451416,1,lag_04__CT1__is_scoped,CT1__is_scoped,False,-4.282663822174072,-0.002525867195799947,0.010817440059068706
50678,56.0,0.022894442081451416,2,lag_00__kill_diff_last_3s,kill_diff_last_3s,False,2.4069459438323975,0.0026839885395020247,0.006460215328447039
50678,56.0,0.022894442081451416,3,lag_02__CT1__is_scoped,CT1__is_scoped,False,-4.282663822174072,0.0014207649510353804,-0.006084658655612141
50678,56.0,0.022894442081451416,4,lag_04__CT_place_LOCKERROOM,CT_place_LOCKERROOM,False,12.448311805725098,-0.00043654919136315584,-0.005434300452625718
50678,56.0,0.022894442081451416,5,lag_05__CT1__is_scoped,CT1__is_scoped,False,4.282663822174072,-0.0010969338472932577,-0.004697798903121053
50678,56.0,0.022894442081451416,6,lag_15__CT5__duck_amount,CT5__duck_amount,False,-3.7749595642089844,-0.0010374754201620817,0.003916427759972585
50678,56.0,0.022894442081451416,7,lag_00__T_kills_last_3s,T_kills_last_3s,False,-3.1681017875671387,-0.0011310519184917212,0.0035832876048048634
50678,56.0,0.022894442081451416,8,lag_07__T5__duck_amount,T5__duck_amount,False,-2.248567581176758,-0.00141742336563766,0.0031871722287752924
50678,56.0,0.022894442081451416,9,lag_04__CT_scoped_count,CT_scoped_count,False,-2.141930103302002,-0.0012965175556018949,0.0027770499818032257
50678,56.0,0.022894442081451416,10,lag_03__CT1__is_scoped,CT1__is_scoped,False,4.282663822174072,0.0006467398488894105,0.0027697693531970047
50678,56.0,0.022894442081451416,11,lag_08__CT1__is_scoped,CT1__is_scoped,False,-4.282663822174072,-0.0006457447307184339,0.002765507596607375
50678,56.0,0.022894442081451416,12,lag_12__CT1__is_scoped,CT1__is_scoped,False,-4.282663822174072,-0.0005525658489204943,0.002366453770540705
50678,56.0,0.022894442081451416,13,lag_08__T3__is_walking,T3__is_walking,False,2.3223767280578613,0.0009110851678997278,0.002115882991209017
50678,56.0,0.022894442081451416,14,lag_06__T_velocity_mean,T_velocity_mean,False,-1.90834379196167,0.0010691974312067032,-0.0020403962802246767
50678,56.0,0.022894442081451416,15,lag_15__T4__is_walking,T4__is_walking,False,-2.307980537414551,0.0007160146487876773,-0.0016525478739056743
50678,56.0,0.022894442081451416,16,lag_02__CT5__duck_amount,CT5__duck_amount,False,3.7749595642089844,0.0004283810267224908,0.0016171210539517311
50678,56.0,0.022894442081451416,17,lag_01__kill_diff_last_3s,kill_diff_last_3s,False,-2.4069459438323975,0.0006247517303563654,-0.0015037436432835255
50678,56.0,0.022894442081451416,18,lag_15__CT_place_MINI,CT_place_MINI,False,-6.131025314331055,-0.0002393448376096785,0.0014674292582393944
50678,56.0,0.022894442081451416,19,lag_15__CT5__is_walking,CT5__is_walking,False,2.396676540374756,0.0006060510058887303,0.001452508228084043
50678,56.0,0.022894442081451416,20,lag_05__T3__is_walking,T3__is_walking,False,-2.3223767280578613,0.0006230797152966261,-0.0014470258305298023
50742,57.0,-0.020805656909942627,1,lag_04__CT1__is_scoped,CT1__is_scoped,False,-4.282663822174072,-0.002525867195799947,0.010817440059068706
50742,57.0,-0.020805656909942627,2,lag_06__CT1__is_scoped,CT1__is_scoped,False,-4.282663822174072,0.0014957779785618186,-0.006405914234791366
50742,57.0,-0.020805656909942627,3,lag_05__CT1__flash_duration,CT1__flash_duration,True,-3.9371697902679443,0.0015557149890810251,-0.006125114057276837
50742,57.0,-0.020805656909942627,4,lag_00__damage_diff_last_5s,damage_diff_last_5s,False,-2.25597882270813,0.0020862389355897903,-0.004706510857799717
50742,57.0,-0.020805656909942627,5,lag_05__CT1__is_scoped,CT1__is_scoped,False,4.282663822174072,-0.0010969338472932577,-0.004697798903121053
50742,57.0,-0.020805656909942627,6,lag_00__CT_damage_last_5s,CT_damage_last_5s,False,-2.179865598678589,0.0018514466937631369,-0.004035904955521474
50742,57.0,-0.020805656909942627,7,lag_06__CT_place_LOCKERROOM,CT_place_LOCKERROOM,False,12.448311805725098,-0.00028529707924462855,-0.0035514669996997983
50742,57.0,-0.020805656909942627,8,lag_04__CT5__duck_amount,CT5__duck_amount,False,3.7749595642089844,-0.000887815491296351,-0.0033514675801220584
50742,57.0,-0.020805656909942627,9,lag_04__CT_scoped_count,CT_scoped_count,False,-2.141930103302002,-0.0012965175556018949,0.0027770499818032257
50742,57.0,-0.020805656909942627,10,lag_12__CT1__is_scoped,CT1__is_scoped,False,4.282663822174072,-0.0005525658489204943,-0.002366453770540705
50742,57.0,-0.020805656909942627,11,lag_05__CT_flashed_players,CT_flashed_players,False,-2.1899399757385254,0.0009271487360820174,-0.0020304000806014577
50742,57.0,-0.020805656909942627,12,lag_07__T_duck_amount_mean,T_duck_amount_mean,False,1.9359265565872192,-0.0010156609350815415,-0.001966244976712564
50742,57.0,-0.020805656909942627,13,lag_13__CT_place_ADMIN,CT_place_ADMIN,False,6.947057247161865,-0.0002771644794847816,-0.0019254775058605983
50742,57.0,-0.020805656909942627,14,lag_14__CT1__is_scoped,CT1__is_scoped,False,-4.282663822174072,-0.0004411787958815694,0.0018894204682323168
50742,57.0,-0.020805656909942627,15,lag_02__CT4__duck_amount,CT4__duck_amount,False,3.6725916862487793,0.0005083826836198568,0.0018670820172951297
50742,57.0,-0.020805656909942627,16,lag_09__T5__duck_amount,T5__duck_amount,False,-2.248567581176758,-0.0007724037277512252,0.0017368019818014835
50742,57.0,-0.020805656909942627,17,lag_05__CT_flash_duration_sum,CT_flash_duration_sum,True,-1.768808126449585,0.0009175981977023184,-0.0016230551489113537
50742,57.0,-0.020805656909942627,18,lag_08__CT_shots_fired_sum,CT_shots_fired_sum,False,-4.863187313079834,-0.00032837261096574366,0.0015969375156115045
50742,57.0,-0.020805656909942627,19,lag_06__CT_scoped_count,CT_scoped_count,False,-2.141930103302002,0.0007211040356196463,-0.0015445544415062795
50742,57.0,-0.020805656909942627,20,lag_10__T3__is_walking,T3__is_walking,False,2.3223767280578613,-0.0006160950870253146,-0.0014308048923783734
50006,45.5,-0.020551100373268127,1,lag_04__CT_place_GARAGE,CT_place_GARAGE,False,-7.1875224113464355,0.0007114710169844329,-0.005113713879599052
50006,45.5,-0.020551100373268127,2,lag_05__CT_place_MINI,CT_place_MINI,False,6.131025314331055,-0.0006835449021309614,-0.004190831098446868
50006,45.5,-0.020551100373268127,3,lag_14__T1__is_walking,T1__is_walking,False,2.281590461730957,0.0015562789048999548,0.003550791105212836
50006,45.5,-0.020551100373268127,4,lag_01__T2__duck_amount,T2__duck_amount,False,-3.8233180046081543,0.000875247991643846,-0.003346351404949044
50006,45.5,-0.020551100373268127,5,lag_12__T5__is_walking,T5__is_walking,False,-2.3193888664245605,-0.0008230392122641206,0.001908947985556242
50006,45.5,-0.020551100373268127,6,lag_01__CT4__duck_amount,CT4__duck_amount,False,-3.6725916862487793,-0.00045866347500123084,0.0016844836650754952
50006,45.5,-0.020551100373268127,7,lag_00__T3__is_walking,T3__is_walking,False,-2.3223767280578613,0.0007178710657171905,-0.0016671670567676988
50006,45.5,-0.020551100373268127,8,lag_15__T4__is_walking,T4__is_walking,False,2.307980537414551,0.0007160146487876773,0.0016525478739056743
50006,45.5,-0.020551100373268127,9,lag_02__CT3__is_walking,CT3__is_walking,False,-2.387126922607422,0.000597444421146065,-0.0014261756624793787
50006,45.5,-0.020551100373268127,10,lag_08__T4__is_walking,T4__is_walking,False,2.307980537414551,-0.0005796454497613013,-0.0013378104166499871
50006,45.5,-0.020551100373268127,11,lag_04__T_kills_last_3s,T_kills_last_3s,False,3.1681017875671387,-0.0004195147776044905,-0.001329065516839617
50006,45.5,-0.020551100373268127,12,lag_01__T2__is_walking,T2__is_walking,False,2.2968344688415527,-0.0005755001329816878,-0.0013218285422552378
50006,45.5,-0.020551100373268127,13,lag_04__kill_diff_last_3s,kill_diff_last_3s,False,-2.4069459438323975,0.0005452635232359171,-0.0013124198255724528
50006,45.5,-0.020551100373268127,14,lag_12__CT3__is_walking,CT3__is_walking,False,2.387126922607422,-0.0005332557484507561,-0.0012729491537619708
50006,45.5,-0.020551100373268127,15,lag_03__T2__duck_amount,T2__duck_amount,False,3.8233180046081543,-0.0003294431371614337,-0.0012595658778039032
50006,45.5,-0.020551100373268127,16,lag_04__T_shots_fired_sum,T_shots_fired_sum,False,3.748685598373413,-0.0003138912143185735,-0.0011766794745719789
50006,45.5,-0.020551100373268127,17,lag_07__CT3__is_walking,CT3__is_walking,False,-2.387126922607422,0.0004160612297710031,-0.0009931909630395142
50006,45.5,-0.020551100373268127,18,lag_14__T5__is_walking,T5__is_walking,False,-2.3193888664245605,0.0004222536808811128,-0.0009793704862424424
50006,45.5,-0.020551100373268127,19,lag_01__T_duck_amount_mean,T_duck_amount_mean,False,-1.1631747484207153,0.0008338342304341495,-0.0009698949212098226
50006,45.5,-0.020551100373268127,20,lag_11__T5__duck_amount,T5__duck_amount,False,3.415618896484375,-0.00025421768077649176,-0.0008683107142806179
51030,61.5,-0.02022373676300049,1,lag_15__CT_place_LOCKERROOM,CT_place_LOCKERROOM,False,12.448311805725098,-0.0011448675068095326,-0.014251667701008164
51030,61.5,-0.02022373676300049,2,lag_04__T_place_MINI,T_place_MINI,False,13.91281509399414,-0.0005958647816441953,-0.008290156528038883
51030,61.5,-0.02022373676300049,3,lag_02__CT1__is_scoped,CT1__is_scoped,False,4.282663822174072,0.0014207649510353804,0.006084658655612141
51030,61.5,-0.02022373676300049,4,lag_06__CT_place_LOCKERROOM,CT_place_LOCKERROOM,False,-12.448311805725098,-0.00028529707924462855,0.0035514669996997983
51030,61.5,-0.02022373676300049,5,lag_00__T_place_HUT,T_place_HUT,False,9.321470260620117,-0.0003688803408294916,-0.003438507126769519
51030,61.5,-0.02022373676300049,6,lag_02__T_place_MINI,T_place_MINI,False,13.912817001342773,0.00019566851551644504,0.002722300249304699
51030,61.5,-0.02022373676300049,7,lag_02__T3__is_walking,T3__is_walking,False,-2.3223767280578613,-0.0010841221082955599,0.0025177399546786328
51030,61.5,-0.02022373676300049,8,lag_13__CT1__is_scoped,CT1__is_scoped,False,-4.282663822174072,0.0005760301137343049,-0.002466943328572724
51030,61.5,-0.02022373676300049,9,lag_11__T_kills_last_3s,T_kills_last_3s,False,-3.1681017875671387,-0.000776766799390316,0.002460876285671265
51030,61.5,-0.02022373676300049,10,lag_11__T4__is_walking,T4__is_walking,False,2.307980537414551,-0.0009613109868951142,-0.002218687048156698
51030,61.5,-0.02022373676300049,11,lag_13__CT5__duck_amount,CT5__duck_amount,False,3.7749595642089844,0.0005157488631084561,0.0019469311035211767
51030,61.5,-0.02022373676300049,12,lag_03__CT5__flash_duration,CT5__flash_duration,True,5.176568031311035,-0.0003754222416318953,-0.001943398774274796
51030,61.5,-0.02022373676300049,13,lag_06__CT5__duck_amount,CT5__duck_amount,False,-3.7749595642089844,0.0005144865717738867,-0.0019421660047749256
51030,61.5,-0.02022373676300049,14,lag_02__CT1__flash_duration,CT1__flash_duration,True,4.75895881652832,-0.0004066794062964618,-0.0019353705460950499
51030,61.5,-0.02022373676300049,15,lag_14__CT1__is_scoped,CT1__is_scoped,False,4.282663822174072,-0.0004411787958815694,-0.0018894204682323168
51030,61.5,-0.02022373676300049,16,lag_15__CT1__is_scoped,CT1__is_scoped,False,-4.282663822174072,0.0003843345621135086,-0.001645975724774637
51030,61.5,-0.02022373676300049,17,lag_07__CT5__duck_amount,CT5__duck_amount,False,3.7749595642089844,-0.00042337129707448184,-0.0015982095271028784
51030,61.5,-0.02022373676300049,18,lag_02__CT5__duck_amount,CT5__duck_amount,False,3.534308910369873,0.0004283810267224908,0.0015140308797786939
51030,61.5,-0.02022373676300049,19,lag_10__CT4__duck_amount,CT4__duck_amount,False,-2.4951586723327637,0.0006053324323147535,-0.001510400468134443
51030,61.5,-0.02022373676300049,20,lag_13__T1__is_walking,T1__is_walking,False,2.281590461730957,0.0006442470476031303,0.001469907918809632
49494,37.5,-0.019744426012039185,1,lag_14__T4__is_scoped,T4__is_scoped,False,4.644811153411865,0.001090245321393013,0.00506398362876137
49494,37.5,-0.019744426012039185,2,lag_02__T4__is_scoped,T4__is_scoped,False,-4.644811153411865,0.0008677100413478911,-0.004030349277980155
49494,37.5,-0.019744426012039185,3,lag_07__T5__duck_amount,T5__duck_amount,False,2.7647061347961426,-0.00141742336563766,-0.003918759074581835
49494,37.5,-0.019744426012039185,4,lag_04__T_flashed_players,T_flashed_players,False,-1.9296237230300903,0.0015007505426183343,-0.0028958838493866185
49494,37.5,-0.019744426012039185,5,lag_08__T5__is_walking,T5__is_walking,False,-2.3193888664245605,0.0011377058690413833,-0.0026387823259204635
49494,37.5,-0.019744426012039185,6,lag_02__T3__is_walking,T3__is_walking,False,-2.3223767280578613,-0.0010841221082955599,0.0025177399546786328
49494,37.5,-0.019744426012039185,7,lag_01__CT5__duck_amount,CT5__duck_amount,False,-3.7749595642089844,0.0006362353451550007,-0.002401762701280674
49494,37.5,-0.019744426012039185,8,lag_11__T4__flash_duration,T4__flash_duration,True,3.9309911727905273,-0.0005000606179237366,-0.001965733874918385
49494,37.5,-0.019744426012039185,9,lag_14__T_scoped_count,T_scoped_count,False,2.8811259269714355,0.0006574045401066542,0.0018940652650100143
49494,37.5,-0.019744426012039185,10,lag_06__T5__duck_amount,T5__duck_amount,False,-3.7970333099365234,0.0004416982992552221,-0.001677143155214389
49494,37.5,-0.019744426012039185,11,lag_00__T3__is_walking,T3__is_walking,False,2.3223767280578613,0.0007178710657171905,0.0016671670567676988
49494,37.5,-0.019744426012039185,12,lag_15__T2__is_walking,T2__is_walking,False,-2.2968344688415527,0.0006923961918801069,-0.0015903194396048592
49494,37.5,-0.019744426012039185,13,lag_02__CT5__duck_amount,CT5__duck_amount,False,3.5613739490509033,0.0004283810267224908,0.0015256250288371576
49494,37.5,-0.019744426012039185,14,lag_02__T_scoped_count,T_scoped_count,False,-2.8811259269714355,0.0005177047569304705,-0.0014915725977088234
49494,37.5,-0.019744426012039185,15,lag_05__T3__is_walking,T3__is_walking,False,2.3223767280578613,0.0006230797152966261,0.0014470258305298023
49494,37.5,-0.019744426012039185,16,lag_11__T4__duck_amount,T4__duck_amount,False,-2.4722955226898193,0.0005768715054728091,-0.0014261968401477615
49494,37.5,-0.019744426012039185,17,lag_02__CT3__is_walking,CT3__is_walking,False,-2.387126922607422,0.000597444421146065,-0.0014261756624793787
49494,37.5,-0.019744426012039185,18,lag_06__T5__is_walking,T5__is_walking,False,2.3193888664245605,-0.0005818181089125574,-0.001349462444095978
49494,37.5,-0.019744426012039185,19,lag_07__CT5__is_walking,CT5__is_walking,False,2.396676540374756,0.0005616898415610194,0.0013461888662361088
49494,37.5,-0.019744426012039185,20,lag_11__T5__is_walking,T5__is_walking,False,-2.3193888664245605,0.0005790881114080548,-0.001343130518278668
47670,9.0,-0.019593358039855957,1,lag_04__CT_place_ADMIN,CT_place_ADMIN,False,6.947057247161865,0.0016240475233644247,0.011282351116924105
47670,9.0,-0.019593358039855957,2,lag_01__CT_place_ADMIN,CT_place_ADMIN,False,-6.947057247161865,0.0010386088397353888,-0.007215275067050109
47670,9.0,-0.019593358039855957,3,lag_00__T_flashed_players,T_flashed_players,False,5.788870811462402,-0.0011804020032286644,-0.006833194702282164
47670,9.0,-0.019593358039855957,4,lag_00__T2__flash_duration,T2__flash_duration,True,4.392442226409912,-0.00131480791606009,-0.005775217810120359
47670,9.0,-0.019593358039855957,5,lag_02__CT_place_GARAGE,CT_place_GARAGE,False,7.1875224113464355,0.0006104690837673843,0.004387760221012199
47670,9.0,-0.019593358039855957,6,lag_00__T5__flash_duration,T5__flash_duration,True,5.0312418937683105,-0.0008389408467337489,-0.004220914334480297
47670,9.0,-0.019593358039855957,7,lag_04__CT_place_HELL,CT_place_HELL,False,-16.268770217895508,0.00022985135728958994,-0.0037393989160157404
47670,9.0,-0.019593358039855957,8,lag_00__T_flash_duration_sum,T_flash_duration_sum,True,4.259374618530273,-0.0008311167475767434,-0.003540037579663813
47670,9.0,-0.019593358039855957,9,lag_10__CT5__duck_amount,CT5__duck_amount,False,-3.7749595642089844,-0.0008654188131913543,0.003266921025903091
47670,9.0,-0.019593358039855957,10,lag_11__CT5__duck_amount,CT5__duck_amount,False,3.7749595642089844,0.0005808984278701246,0.0021928680761222896
47670,9.0,-0.019593358039855957,11,lag_04__CT_place_HEAVEN,CT_place_HEAVEN,False,10.798914909362793,0.00018099315639119595,0.0019545296950455177
47670,9.0,-0.019593358039855957,12,lag_01__CT_place_HEAVEN,CT_place_HEAVEN,False,-5.3994574546813965,0.0002814343897625804,-0.0015195930138072744
47670,9.0,-0.019593358039855957,13,lag_00__CT_flashed_players,CT_flashed_players,False,2.1899399757385254,-0.0005995391984470189,-0.0013129548577013594
47670,9.0,-0.019593358039855957,14,lag_08__T_place_OUTSIDE,T_place_OUTSIDE,False,2.6496129035949707,-0.0004949701251462102,-0.001311479230481416
47670,9.0,-0.019593358039855957,15,lag_06__CT_place_OUTSIDE,CT_place_OUTSIDE,False,-2.149658679962158,0.000581052852794528,-0.0012490653085265313
47670,9.0,-0.019593358039855957,16,lag_00__CT1__duck_amount,CT1__duck_amount,False,-3.8154516220092773,0.0003175206948071718,-0.0012114848500235365
47670,9.0,-0.019593358039855957,17,lag_02__CT_place_RAFTERS,CT_place_RAFTERS,False,5.343343257904053,0.00020345518714748323,0.0010871309025301118
47670,9.0,-0.019593358039855957,18,lag_08__CT_place_OUTSIDE,CT_place_OUTSIDE,False,-2.1496591567993164,0.0004940523067489266,-0.0010620440651406549
47670,9.0,-0.019593358039855957,19,lag_07__CT_place_HELL,CT_place_HELL,False,5.4229230880737305,-0.0001827387895900756,-0.0009909784011546685
47670,9.0,-0.019593358039855957,20,lag_08__CT_place_HELL,CT_place_HELL,False,5.4229230880737305,0.00018206868844572455,0.0009873444941876225
51638,71.0,-0.018883168697357178,1,lag_00__CT_damage_last_5s,CT_damage_last_5s,False,-3.422389030456543,0.0018514466937631369,-0.006336370855209994
51638,71.0,-0.018883168697357178,2,lag_00__damage_diff_last_5s,damage_diff_last_5s,False,-2.459016799926758,0.0020862389355897903,-0.005130096591276612
51638,71.0,-0.018883168697357178,3,lag_08__T_place_HUT,T_place_HUT,False,-9.321470260620117,0.0005006659775972366,-0.004666943020676939
51638,71.0,-0.018883168697357178,4,lag_13__CT5__is_walking,CT5__is_walking,False,-2.396676540374756,0.0008454928756691515,-0.0020263729401702457
51638,71.0,-0.018883168697357178,5,lag_10__T_shots_fired_sum,T_shots_fired_sum,False,-4.498422622680664,0.0004401568148750812,-0.00198001137356113
51638,71.0,-0.018883168697357178,6,lag_10__T_kills_last_3s,T_kills_last_3s,False,3.1681017875671387,-0.0005074117798358202,-0.0016075321667304854
51638,71.0,-0.018883168697357178,7,lag_02__CT_duck_amount_mean,CT_duck_amount_mean,False,2.5721492767333984,0.0005872309557162225,0.001510445678020944
51638,71.0,-0.018883168697357178,8,lag_09__CT1__duck_amount,CT1__duck_amount,False,-3.8154516220092773,0.0003815535455942154,-0.0014557990944208399
51638,71.0,-0.018883168697357178,9,lag_05__T3__is_walking,T3__is_walking,False,-2.3223767280578613,0.0006230797152966261,-0.0014470258305298023
51638,71.0,-0.018883168697357178,10,lag_15__kill_diff_last_3s,kill_diff_last_3s,False,2.4069459438323975,0.0005775074241682887,0.0013900291521349584
51638,71.0,-0.018883168697357178,11,lag_04__T_kills_last_3s,T_kills_last_3s,False,-3.1681017875671387,-0.0004195147776044905,0.001329065516839617
51638,71.0,-0.018883168697357178,12,lag_04__CT_place_HELL,CT_place_HELL,False,-5.4229230880737305,0.00022985135728958994,-0.0012464662322708014
51638,71.0,-0.018883168697357178,13,lag_10__CT_kills_last_3s,CT_kills_last_3s,False,2.8871402740478516,-0.00039269166882149875,-0.00113375593233761
51638,71.0,-0.018883168697357178,14,lag_04__T3__is_walking,T3__is_walking,False,2.3223767280578613,-0.00048691569827497005,-0.0011308016861998338
51638,71.0,-0.018883168697357178,15,lag_09__CT5__is_walking,CT5__is_walking,False,2.396676540374756,-0.00045766684343107045,-0.001096879386958613
51638,71.0,-0.018883168697357178,16,lag_15__CT_kills_last_3s,CT_kills_last_3s,False,2.8871407508850098,0.0003650308644864708,0.0010538954841896736
51638,71.0,-0.018883168697357178,17,lag_10__T1__duck_amount,T1__duck_amount,False,3.2296335697174072,0.00031614353065378964,0.0010210277594484632
51638,71.0,-0.018883168697357178,18,lag_07__CT_place_HELL,CT_place_HELL,False,5.4229230880737305,-0.0001827387895900756,-0.0009909784011546685
51638,71.0,-0.018883168697357178,19,lag_04__CT_place_HEAVEN,CT_place_HEAVEN,False,5.3994574546813965,0.00018099315639119595,0.0009772648475227588
51638,71.0,-0.018883168697357178,20,lag_05__damage_diff_last_5s,damage_diff_last_5s,False,-2.255979061126709,0.0004231432976666838,-0.0009546024193921449
51350,66.5,-0.017911016941070557,1,lag_00__kill_diff_last_3s,kill_diff_last_3s,False,-2.4069459438323975,0.0026839885395020247,-0.006460215328447039
51350,66.5,-0.017911016941070557,2,lag_00__CT_kills_last_3s,CT_kills_last_3s,False,-2.8871402740478516,0.0021887090988457203,-0.006319110187452459
51350,66.5,-0.017911016941070557,3,lag_01__T_shots_fired_sum,T_shots_fired_sum,False,-4.498422622680664,0.0010463892249390483,-0.004707100961595101
51350,66.5,-0.017911016941070557,4,lag_07__T_place_MINI,T_place_MINI,False,-13.91281509399414,-0.00031838149880059063,0.004429582922161335
51350,66.5,-0.017911016941070557,5,lag_14__T_place_MINI,T_place_MINI,False,13.91281509399414,-0.0002130497741745785,-0.0029641221139081186
51350,66.5,-0.017911016941070557,6,lag_10__CT5__duck_amount,CT5__duck_amount,False,-2.8762805461883545,-0.0008654188131913543,0.002489187296687706
51350,66.5,-0.017911016941070557,7,lag_12__CT1__is_scoped,CT1__is_scoped,False,4.282663822174072,-0.0005525658489204943,-0.002366453770540705
51350,66.5,-0.017911016941070557,8,lag_10__CT5__is_walking,CT5__is_walking,False,2.396676540374756,0.0009141857735812664,0.0021910075970865694
51350,66.5,-0.017911016941070557,9,lag_08__T3__is_walking,T3__is_walking,False,-2.3223767280578613,0.0009110851678997278,-0.002115882991209017
51350,66.5,-0.017911016941070557,10,lag_01__T_kills_last_3s,T_kills_last_3s,False,3.1681017875671387,-0.000641276768874377,-0.0020316300777961926
51350,66.5,-0.017911016941070557,11,lag_13__CT5__is_walking,CT5__is_walking,False,2.396676540374756,0.0008454928756691515,0.0020263729401702457
51350,66.5,-0.017911016941070557,12,lag_08__CT4__duck_amount,CT4__duck_amount,False,3.4163658618927,-0.00044154396164231,-0.0015084757170796478
51350,66.5,-0.017911016941070557,13,lag_04__CT5__is_walking,CT5__is_walking,False,-2.396676540374756,0.0006261920789256692,-0.001500779865329649
51350,66.5,-0.017911016941070557,14,lag_04__CT_flashed_players,CT_flashed_players,False,-2.1899399757385254,0.0006552239065058529,-0.0014349010259167294
51350,66.5,-0.017911016941070557,15,lag_00__T_shots_fired_sum,T_shots_fired_sum,False,-1.499474048614502,-0.0008920037071220577,0.0013375364100974563
51350,66.5,-0.017911016941070557,16,lag_01__damage_diff_last_5s,damage_diff_last_5s,False,1.9175821542739868,0.0006586796371266246,0.0012630723175376807
51350,66.5,-0.017911016941070557,17,lag_00__CT1__duck_amount,CT1__duck_amount,False,-3.8154516220092773,0.0003175206948071718,-0.0012114848500235365
51350,66.5,-0.017911016941070557,18,lag_01__CT_damage_last_5s,CT_damage_last_5s,False,2.899221181869507,0.0004142562975175679,0.0012010206324857692
51350,66.5,-0.017911016941070557,19,lag_02__T_shots_fired_sum,T_shots_fired_sum,False,4.498422622680664,-0.00025761532015167177,-0.0011588625841194022
51350,66.5,-0.017911016941070557,20,lag_09__CT5__is_walking,CT5__is_walking,False,-2.396676540374756,-0.00045766684343107045,0.001096879386958613
51926,75.5,-0.01762378215789795,1,lag_06__CT_place_MINI,CT_place_MINI,False,6.131025314331055,-0.0005633932305499911,-0.0034541781584247477
51926,75.5,-0.01762378215789795,2,lag_04__CT5__duck_amount,CT5__duck_amount,False,3.7749595642089844,-0.000887815491296351,-0.0033514675801220584
51926,75.5,-0.01762378215789795,3,lag_10__CT5__is_walking,CT5__is_walking,False,-2.396676540374756,0.0009141857735812664,-0.0021910075970865694
51926,75.5,-0.01762378215789795,4,lag_05__CT5__duck_amount,CT5__duck_amount,False,-3.6141715049743652,-0.0005901423864997923,0.002132875797165118
51926,75.5,-0.01762378215789795,5,lag_13__CT_place_HELL,CT_place_HELL,False,-5.4229230880737305,0.0003305129357613623,-0.0017923462302473214
51926,75.5,-0.01762378215789795,6,lag_04__CT_duck_amount_mean,CT_duck_amount_mean,False,2.994267225265503,-0.00055792584316805,-0.0016705790663267134
51926,75.5,-0.01762378215789795,7,lag_07__CT5__duck_amount,CT5__duck_amount,False,3.7749595642089844,-0.00042337129707448184,-0.0015982095271028784
51926,75.5,-0.01762378215789795,8,lag_13__T_kills_last_3s,T_kills_last_3s,False,-3.1681017875671387,0.0005006302380934358,-0.001586047552213976
51926,75.5,-0.01762378215789795,9,lag_05__CT_duck_amount_mean,CT_duck_amount_mean,False,-2.866731643676758,-0.00046590386773459613,0.0013356213605461575
51926,75.5,-0.01762378215789795,10,lag_06__CT_place_OUTSIDE,CT_place_OUTSIDE,False,-2.1496589183807373,0.000581052852794528,-0.0012490654470603268
51926,75.5,-0.01762378215789795,11,lag_14__CT_damage_last_5s,CT_damage_last_5s,False,-2.179865598678589,0.000530524121131748,-0.00115647128092429
51926,75.5,-0.01762378215789795,12,lag_11__CT1__duck_amount,CT1__duck_amount,False,3.277567148208618,-0.00034347709151916206,-0.0011257692313254505
51926,75.5,-0.01762378215789795,13,lag_14__damage_diff_last_5s,damage_diff_last_5s,False,-2.255979061126709,0.00045203082845546305,-0.001019772083979284
51926,75.5,-0.01762378215789795,14,lag_03__CT5__duck_amount,CT5__duck_amount,False,-3.7749595642089844,-0.0002455803914926946,0.0009270560476475342
51926,75.5,-0.01762378215789795,15,lag_05__CT1__is_walking,CT1__is_walking,False,-2.3343825340270996,-0.0003635524772107601,0.0008486705530030836
51926,75.5,-0.01762378215789795,16,lag_09__damage_diff_last_5s,damage_diff_last_5s,False,-2.459016799926758,0.00034283899003639817,-0.0008430468361694254
51926,75.5,-0.01762378215789795,17,lag_03__CT_duck_amount_mean,CT_duck_amount_mean,False,-2.994267225265503,-0.0002767359255813062,0.0008286213120216185
51926,75.5,-0.01762378215789795,18,lag_14__T3__is_walking,T3__is_walking,False,-2.3223767280578613,-0.000338447920512408,0.0007860035742575933
51926,75.5,-0.01762378215789795,19,lag_00__T_bomb_carrier_alive,T_bomb_carrier_alive,False,2.123861789703369,-0.00035469705471768975,-0.0007533275214352264
51926,75.5,-0.01762378215789795,20,lag_09__CT_damage_last_5s,CT_damage_last_5s,False,-3.422389030456543,0.0002013527846429497,-0.0006891075614139097
47894,12.5,0.016005337238311768,1,lag_06__CT1__is_scoped,CT1__is_scoped,False,4.282663822174072,0.0014957779785618186,0.006405914234791366
47894,12.5,0.016005337238311768,2,lag_02__T_place_SILO,T_place_SILO,False,6.793753623962402,-0.0007168883457779884,-0.004870362797105621
47894,12.5,0.016005337238311768,3,lag_11__CT_place_HELL,CT_place_HELL,False,-16.268770217895508,0.0002110927161993459,-0.003434218894518587
47894,12.5,0.016005337238311768,4,lag_09__CT_place_HEAVEN,CT_place_HEAVEN,False,-5.399457931518555,0.0005930759944021702,-0.0032022888819680517
47894,12.5,0.016005337238311768,5,lag_08__CT_place_RAFTERS,CT_place_RAFTERS,False,5.343343257904053,0.0005252965493127704,0.0028068397751706553
47894,12.5,0.016005337238311768,6,lag_08__T5__is_walking,T5__is_walking,False,2.3193888664245605,0.0011377058690413833,0.0026387823259204635
47894,12.5,0.016005337238311768,7,lag_00__CT_flashed_players,CT_flashed_players,False,-4.379879951477051,-0.0005995391984470189,0.002625909715402719
47894,12.5,0.016005337238311768,8,lag_00__T_flashed_players,T_flashed_players,False,-1.9296236038208008,-0.0011804020032286644,0.002277731567427388
47894,12.5,0.016005337238311768,9,lag_02__T5__duck_amount,T5__duck_amount,False,3.7970333099365234,0.00048527796752750874,0.0018426166072802452
47894,12.5,0.016005337238311768,10,lag_13__CT_place_HELL,CT_place_HELL,False,5.4229230880737305,0.0003305129357613623,0.0017923462302473214
47894,12.5,0.016005337238311768,11,lag_02__T2__duck_amount,T2__duck_amount,False,-3.8233180046081543,0.0004323761095292866,-0.001653111364325749
47894,12.5,0.016005337238311768,12,lag_11__CT_place_HEAVEN,CT_place_HEAVEN,False,10.798914909362793,0.00014668621588498354,0.001584051963718358
47894,12.5,0.016005337238311768,13,lag_06__CT_scoped_count,CT_scoped_count,False,2.141930103302002,0.0007211040356196463,0.0015445544415062795
47894,12.5,0.016005337238311768,14,lag_04__T2__duck_amount,T2__duck_amount,False,3.8233180046081543,0.00039371088496409357,0.0015052819150934288
47894,12.5,0.016005337238311768,15,lag_04__CT5__is_walking,CT5__is_walking,False,2.396676540374756,0.0006261920789256692,0.001500779865329649
47894,12.5,0.016005337238311768,16,lag_09__CT_place_GARAGE,CT_place_GARAGE,False,7.1875224113464355,-0.00020305387442931533,-0.0014594542731714288
47894,12.5,0.016005337238311768,17,lag_05__T3__is_walking,T3__is_walking,False,2.3223767280578613,0.0006230797152966261,0.0014470258305298023
47894,12.5,0.016005337238311768,18,lag_04__CT_place_RAFTERS,CT_place_RAFTERS,False,-5.343343257904053,-0.00026740951579995453,0.0014288608333490743
47894,12.5,0.016005337238311768,19,lag_08__CT_place_ADMIN,CT_place_ADMIN,False,-6.947057247161865,0.00020127570314798504,-0.0013982738322318097
47894,12.5,0.016005337238311768,20,lag_00__CT3__flash_duration,CT3__flash_duration,True,-1.2525103092193604,-0.0010382182663306594,0.0013003790817990024
48086,15.5,0.015742182731628418,1,lag_14__T1__is_walking,T1__is_walking,False,2.281590461730957,0.0015562789048999548,0.003550791105212836
48086,15.5,0.015742182731628418,2,lag_14__CT_place_ADMIN,CT_place_ADMIN,False,-6.947057247161865,-0.00044439733028411865,0.0030872536939696715
48086,15.5,0.015742182731628418,3,lag_04__T_flashed_players,T_flashed_players,False,-1.9296237230300903,0.0015007505426183343,-0.0028958838493866185
48086,15.5,0.015742182731628418,4,lag_05__T2__flash_duration,T2__flash_duration,True,-4.392442226409912,0.0006276058265939355,-0.0027567223342720992
48086,15.5,0.015742182731628418,5,lag_15__CT_place_GARAGE,CT_place_GARAGE,False,7.1875224113464355,-0.00034386018523946404,-0.0024715027877783846
48086,15.5,0.015742182731628418,6,lag_12__CT1__is_scoped,CT1__is_scoped,False,4.282663822174072,-0.0005525658489204943,-0.002366453770540705
48086,15.5,0.015742182731628418,7,lag_04__T5__flash_duration,T5__flash_duration,True,-5.0312418937683105,0.0004470938292797655,-0.002249437204317653
48086,15.5,0.015742182731628418,8,lag_10__CT5__is_walking,CT5__is_walking,False,2.396676540374756,0.0009141857735812664,0.0021910075970865694
48086,15.5,0.015742182731628418,9,lag_06__CT1__flash_duration,CT1__flash_duration,True,-4.021208763122559,0.000533432699739933,-0.0021450442467303432
48086,15.5,0.015742182731628418,10,lag_11__T4__duck_amount,T4__duck_amount,False,3.6976382732391357,0.0005768715054728091,0.0021330621573773384
48086,15.5,0.015742182731628418,11,lag_11__T4__is_scoped,T4__is_scoped,False,4.644811153411865,0.0003798323741648346,0.0017642496479477326
48086,15.5,0.015742182731628418,12,lag_06__T2__duck_amount,T2__duck_amount,False,2.0461795330047607,-0.0008612168021500111,-0.001762204194039163
48086,15.5,0.015742182731628418,13,lag_10__CT4__duck_amount,CT4__duck_amount,False,2.3754019737243652,0.0006053324323147535,0.0014379078544798363
48086,15.5,0.015742182731628418,14,lag_10__T3__is_walking,T3__is_walking,False,-2.3223767280578613,-0.0006160950870253146,0.0014308048923783734
48086,15.5,0.015742182731628418,15,lag_11__T5__is_walking,T5__is_walking,False,2.3193888664245605,0.0005790881114080548,0.001343130518278668
48086,15.5,0.015742182731628418,16,lag_04__T_flash_duration_sum,T_flash_duration_sum,True,-2.0436344146728516,0.0006522853509522974,-0.001333032791393074
48086,15.5,0.015742182731628418,17,lag_01__T2__is_walking,T2__is_walking,False,2.2968344688415527,-0.0005755001329816878,-0.0013218285422552378
48086,15.5,0.015742182731628418,18,lag_15__T4__duck_amount,T4__duck_amount,False,3.6976382732391357,0.00035501440288499,0.0013127148436586772
48086,15.5,0.015742182731628418,19,lag_03__T2__duck_amount,T2__duck_amount,False,-3.8233180046081543,-0.0003294431371614337,0.0012595658778039032
48086,15.5,0.015742182731628418,20,lag_08__T5__duck_amount,T5__duck_amount,False,3.7970333099365234,-0.0003265233535785228,-0.0012398200500098322
50582,54.5,0.014813125133514404,1,lag_04__CT_place_ADMIN,CT_place_ADMIN,False,-6.947057247161865,0.0016240475233644247,-0.011282351116924105
50582,54.5,0.014813125133514404,2,lag_02__CT1__is_scoped,CT1__is_scoped,False,4.282663822174072,0.0014207649510353804,0.006084658655612141
50582,54.5,0.014813125133514404,3,lag_05__CT1__is_scoped,CT1__is_scoped,False,-4.282663822174072,-0.0010969338472932577,0.004697798903121053
50582,54.5,0.014813125133514404,4,lag_04__T_flashed_players,T_flashed_players,False,-1.9296237230300903,0.0015007505426183343,-0.0028958838493866185
50582,54.5,0.014813125133514404,5,lag_05__T2__flash_duration,T2__flash_duration,True,-4.503886699676514,0.0006276058265939355,-0.0028266655350359104
50582,54.5,0.014813125133514404,6,lag_01__CT_place_HELL,CT_place_HELL,False,-5.4229230880737305,-0.0004694078816100955,0.002545562838907167
50582,54.5,0.014813125133514404,7,lag_02__T3__is_walking,T3__is_walking,False,-2.3223767280578613,-0.0010841221082955599,0.0025177399546786328
50582,54.5,0.014813125133514404,8,lag_08__T3__is_walking,T3__is_walking,False,-2.3223767280578613,0.0009110851678997278,-0.002115882991209017
50582,54.5,0.014813125133514404,9,lag_13__CT5__is_walking,CT5__is_walking,False,-2.396676540374756,0.0008454928756691515,-0.0020263729401702457
50582,54.5,0.014813125133514404,10,lag_04__CT3__flash_duration,CT3__flash_duration,True,-3.253370761871338,0.0006048776558600366,-0.0019678912800843162
50582,54.5,0.014813125133514404,11,lag_15__CT5__duck_amount,CT5__duck_amount,False,-1.893931269645691,-0.0010374754201620817,0.001964907139733768
50582,54.5,0.014813125133514404,12,lag_15__CT4__duck_amount,CT4__duck_amount,False,-3.6725916862487793,-0.0005327825783751905,0.0019566928679189133
50582,54.5,0.014813125133514404,13,lag_13__CT5__duck_amount,CT5__duck_amount,False,3.7749595642089844,0.0005157488631084561,0.0019469311035211767
50582,54.5,0.014813125133514404,14,lag_01__CT1__is_scoped,CT1__is_scoped,False,-4.282663822174072,-0.00039968665805645287,0.00171172359066403
50582,54.5,0.014813125133514404,15,lag_10__CT3__is_walking,CT3__is_walking,False,-2.387126922607422,0.0007095540058799088,-0.0016937954704798752
50582,54.5,0.014813125133514404,16,lag_01__T_duck_amount_mean,T_duck_amount_mean,False,-1.9359265565872192,0.0008338342304341495,-0.001614241830488937
50582,54.5,0.014813125133514404,17,lag_01__CT_place_LOCKERROOM,CT_place_LOCKERROOM,False,12.448311805725098,-0.00012499259901233017,-0.001555946845913453
50582,54.5,0.014813125133514404,18,lag_15__CT5__is_walking,CT5__is_walking,False,2.396676540374756,0.0006060510058887303,0.001452508228084043
50582,54.5,0.014813125133514404,19,lag_05__T3__is_walking,T3__is_walking,False,2.3223767280578613,0.0006230797152966261,0.0014470258305298023
50582,54.5,0.014813125133514404,20,lag_02__CT_scoped_count,CT_scoped_count,False,2.141930103302002,0.000673564150929451,0.0014427273313808442
50518,53.5,0.01448512077331543,1,lag_05__CT1__is_scoped,CT1__is_scoped,False,4.282663822174072,-0.0010969338472932577,-0.004697798903121053
50518,53.5,0.01448512077331543,2,lag_10__CT5__duck_amount,CT5__duck_amount,False,-3.7749595642089844,-0.0008654188131913543,0.003266921025903091
50518,53.5,0.01448512077331543,3,lag_03__CT1__is_scoped,CT1__is_scoped,False,-4.282663822174072,0.0006467398488894105,-0.0027697693531970047
50518,53.5,0.01448512077331543,4,lag_02__CT_place_HELL,CT_place_HELL,False,5.4229230880737305,0.0004571386380121112,0.0024790276745264572
50518,53.5,0.01448512077331543,5,lag_07__CT_flashed_players,CT_flashed_players,False,4.379879951477051,0.0005478011444211006,0.002399303249846163
50518,53.5,0.01448512077331543,6,lag_02__CT_place_ADMIN,CT_place_ADMIN,False,-6.947057247161865,0.00034425503690727055,-0.0023915594490186293
50518,53.5,0.01448512077331543,7,lag_01__T_shots_fired_sum,T_shots_fired_sum,False,2.249211311340332,0.0010463892249390483,0.0023535504807975505
50518,53.5,0.01448512077331543,8,lag_15__CT5__duck_amount,CT5__duck_amount,False,-2.184244155883789,-0.0010374754201620817,0.0022660996233621056
50518,53.5,0.01448512077331543,9,lag_11__CT5__duck_amount,CT5__duck_amount,False,3.7749595642089844,0.0005808984278701246,0.0021928680761222896
50518,53.5,0.01448512077331543,10,lag_10__CT5__is_walking,CT5__is_walking,False,2.396676540374756,0.0009141857735812664,0.0021910075970865694
50518,53.5,0.01448512077331543,11,lag_06__CT_place_ADMIN,CT_place_ADMIN,False,6.947057247161865,-0.00031424686312675476,-0.0021830909478826044
50518,53.5,0.01448512077331543,12,lag_01__T_kills_last_3s,T_kills_last_3s,False,3.1681017875671387,-0.000641276768874377,-0.0020316300777961926
50518,53.5,0.01448512077331543,13,lag_13__CT5__is_walking,CT5__is_walking,False,2.396676540374756,0.0008454928756691515,0.0020263729401702457
50518,53.5,0.01448512077331543,14,lag_07__CT_flash_duration_sum,CT_flash_duration_sum,True,3.8488478660583496,0.0005262343911454082,0.002025396113406519
50518,53.5,0.01448512077331543,15,lag_00__T_shots_fired_sum,T_shots_fired_sum,False,-2.249211311340332,-0.0008920037071220577,0.002006304827816441
50518,53.5,0.01448512077331543,16,lag_15__CT4__duck_amount,CT4__duck_amount,False,3.6725916862487793,-0.0005327825783751905,-0.0019566928679189133
50518,53.5,0.01448512077331543,17,lag_03__T2__flash_duration,T2__flash_duration,True,-4.503886699676514,0.00042188153020106256,-0.001900106612711741
50518,53.5,0.01448512077331543,18,lag_10__CT3__is_walking,CT3__is_walking,False,2.387126922607422,0.0007095540058799088,0.0016937954704798752
50518,53.5,0.01448512077331543,19,lag_00__T3__is_walking,T3__is_walking,False,-2.3223767280578613,0.0007178710657171905,-0.0016671670567676988
50518,53.5,0.01448512077331543,20,lag_15__T2__is_walking,T2__is_walking,False,2.2968344688415527,0.0006923961918801069,0.0015903194396048592
50902,59.5,0.014476537704467773,1,lag_00__T_place_MINI,T_place_MINI,False,13.91281509399414,0.00037581962533295155,0.005228708955951511
50902,59.5,0.014476537704467773,2,lag_04__CT5__duck_amount,CT5__duck_amount,False,-3.7749595642089844,-0.000887815491296351,0.0033514675801220584
50902,59.5,0.014476537704467773,3,lag_14__CT_place_ADMIN,CT_place_ADMIN,False,-6.947057247161865,-0.00044439733028411865,0.0030872536939696715
50902,59.5,0.014476537704467773,4,lag_11__CT_place_LOCKERROOM,CT_place_LOCKERROOM,False,12.448311805725098,-0.00022450502729043365,-0.0027947085816641404
50902,59.5,0.014476537704467773,5,lag_02__T3__is_walking,T3__is_walking,False,-2.3223767280578613,-0.0010841221082955599,0.0025177399546786328
50902,59.5,0.014476537704467773,6,lag_12__CT1__is_scoped,CT1__is_scoped,False,4.282663822174072,-0.0005525658489204943,-0.002366453770540705
50902,59.5,0.014476537704467773,7,lag_09__CT5__duck_amount,CT5__duck_amount,False,3.7749595642089844,0.00048814306501299143,0.00184272033197308
50902,59.5,0.014476537704467773,8,lag_11__CT1__is_scoped,CT1__is_scoped,False,-4.282663822174072,0.00042847535223700106,-0.0018350158897186969
50902,59.5,0.014476537704467773,9,lag_02__CT_place_LOCKERROOM,CT_place_LOCKERROOM,False,-12.448311805725098,-0.00014263250341173261,0.0017755338761003964
50902,59.5,0.014476537704467773,10,lag_13__CT_shots_fired_sum,CT_shots_fired_sum,False,-4.863187313079834,0.00036252537393011153,-0.0017630287991664412
50902,59.5,0.014476537704467773,11,lag_00__T3__is_walking,T3__is_walking,False,2.3223767280578613,0.0007178710657171905,0.0016671670567676988
50902,59.5,0.014476537704467773,12,lag_15__CT1__is_scoped,CT1__is_scoped,False,-4.282663822174072,0.0003843345621135086,-0.001645975724774637
50902,59.5,0.014476537704467773,13,lag_02__CT5__duck_amount,CT5__duck_amount,False,-3.7749595642089844,0.0004283810267224908,-0.0016171210539517311
50902,59.5,0.014476537704467773,14,lag_13__T_kills_last_3s,T_kills_last_3s,False,3.1681017875671387,0.0005006302380934358,0.001586047552213976
50902,59.5,0.014476537704467773,15,lag_07__T4__is_walking,T4__is_walking,False,2.307980537414551,-0.0006861970177851617,-0.0015837293618800596
50902,59.5,0.014476537704467773,16,lag_14__CT_shots_fired_sum,CT_shots_fired_sum,False,3.473705291748047,-0.0004142530669923872,-0.0014389930709343135
50902,59.5,0.014476537704467773,17,lag_12__T_active_infernos,T_active_infernos,True,-2.082643508911133,0.0006854688981547952,-0.0014275873513025505
50902,59.5,0.014476537704467773,18,lag_15__kill_diff_last_3s,kill_diff_last_3s,False,2.4069459438323975,0.0005775074241682887,0.0013900291521349584
50902,59.5,0.014476537704467773,19,lag_13__CT3__shots_fired,CT3__shots_fired,False,2.0570924282073975,0.0006741049000993371,0.0013866960858118504
50902,59.5,0.014476537704467773,20,lag_05__CT4__is_walking,CT4__is_walking,False,2.384641170501709,0.0005555366515181959,0.0013247555709329506
47254,2.5,-0.014194339513778687,1,lag_04__T_velocity_mean,T_velocity_mean,False,3.4458701610565186,-0.0005267118103802204,-0.0018149805108652606
47254,2.5,-0.014194339513778687,2,lag_00__CT_place_OUTSIDE,CT_place_OUTSIDE,False,8.59863567352295,0.000190190170542337,0.0016353759851787525
47254,2.5,-0.014194339513778687,3,lag_00__CT_place_CTSPAWN,CT_place_CTSPAWN,False,-4.163167476654053,-0.00023896731727290899,0.000994860963253845
47254,2.5,-0.014194339513778687,4,lag_05__CT5__smoke,CT5__smoke,True,1.5474231243133545,0.000572294753510505,0.0008855821355053667
47254,2.5,-0.014194339513778687,5,lag_05__T_velocity_mean,T_velocity_mean,False,-1.7359485626220703,0.00044642318971455097,-0.0007749676945061346
47254,2.5,-0.014194339513778687,6,lag_05__centroid_distance_xy,centroid_distance_xy,False,3.9753661155700684,-0.00017233188555110246,-0.0006850823384521518
47254,2.5,-0.014194339513778687,7,lag_00__T_shots_fired_sum,T_shots_fired_sum,False,-0.7497370839118958,-0.0008920037071220577,0.0006687682582162922
47254,2.5,-0.014194339513778687,8,lag_05__T4__flash,T4__flash,True,1.9732310771942139,-0.00032998359529301524,-0.000651133885196456
47254,2.5,-0.014194339513778687,9,lag_05__T_round_start_equip_sum,T_round_start_equip_sum,False,2.69425106048584,-0.00023425393737852573,-0.0006311389192050765
47254,2.5,-0.014194339513778687,10,lag_05__CT_closest_enemy_dist,CT_closest_enemy_dist,False,4.341063022613525,-0.00014423418906517327,-0.0006261297047474718
47254,2.5,-0.014194339513778687,11,lag_04__CT_velocity_mean,CT_velocity_mean,False,3.5042614936828613,0.00015928696666378528,0.0005581831837254483
47254,2.5,-0.014194339513778687,12,lag_05__T1__has_bomb,T1__has_bomb,False,2.4492039680480957,-0.0002159724972443655,-0.0005289606972401564
47254,2.5,-0.014194339513778687,13,lag_05__T4__utility_total,T4__utility_total,True,2.2137324810028076,-0.0002220533788204193,-0.0004915667772111831
47254,2.5,-0.014194339513778687,14,lag_05__T1__utility_total,T1__utility_total,True,2.255070209503174,-0.0002056021330645308,-0.00046364724528413087
47254,2.5,-0.014194339513778687,15,lag_05__T_closest_enemy_dist,T_closest_enemy_dist,False,4.2525153160095215,-0.00010030544945038855,-0.00042655046006699615
47254,2.5,-0.014194339513778687,16,lag_05__T_flash_inv,T_flash_inv,True,1.9240344762802124,-0.0002047590387519449,-0.000393963449888738
47254,2.5,-0.014194339513778687,17,lag_05__T_utility_inv,T_utility_inv,True,2.3746798038482666,-0.00016545207472518086,-0.00039289570035468124
47254,2.5,-0.014194339513778687,18,lag_05__CT4__molly,CT4__molly,True,1.950421929359436,-0.00019170227460563183,-0.00037390032029890885
47254,2.5,-0.014194339513778687,19,lag_05__T1__flash,T1__flash,True,2.0511317253112793,-0.00018113698752131313,-0.00037153582173227867
47254,2.5,-0.014194339513778687,20,lag_05__T3__is_walking,T3__is_walking,False,-0.5709694027900696,0.0006230797152966261,-0.0003557594529335212
48118,16.0,-0.013658732175827026,1,lag_07__T2__duck_amount,T2__duck_amount,False,2.0461795330047607,-0.0017421896336600184,-0.0035648327710081917
48118,16.0,-0.013658732175827026,2,lag_09__T5__duck_amount,T5__duck_amount,False,3.7970333099365234,-0.0007724037277512252,-0.002932842682990544
48118,16.0,-0.013658732175827026,3,lag_02__T3__is_walking,T3__is_walking,False,2.3223767280578613,-0.0010841221082955599,-0.0025177399546786328
48118,16.0,-0.013658732175827026,4,lag_13__CT1__is_scoped,CT1__is_scoped,False,4.282663822174072,0.0005760301137343049,0.002466943328572724
48118,16.0,-0.013658732175827026,5,lag_07__CT_flashed_players,CT_flashed_players,False,-4.379879951477051,0.0005478011444211006,-0.002399303249846163
48118,16.0,-0.013658732175827026,6,lag_10__CT5__is_walking,CT5__is_walking,False,-2.396676540374756,0.0009141857735812664,-0.0021910075970865694
48118,16.0,-0.013658732175827026,7,lag_12__T5__is_walking,T5__is_walking,False,2.3193888664245605,-0.0008230392122641206,-0.001908947985556242
48118,16.0,-0.013658732175827026,8,lag_15__CT_place_ADMIN,CT_place_ADMIN,False,-6.947057247161865,-0.00024286838015541434,0.0016872205404651341
48118,16.0,-0.013658732175827026,9,lag_12__active_infernos_total,active_infernos_total,True,2.8735578060150146,0.0005696844891645014,0.0016370213108043291
48118,16.0,-0.013658732175827026,10,lag_01__T2__duck_amount,T2__duck_amount,False,1.835716962814331,0.000875247991643846,0.001606707584929784
48118,16.0,-0.013658732175827026,11,lag_06__T2__duck_amount,T2__duck_amount,False,1.777138352394104,-0.0008612168021500111,-0.0015305014088269897
48118,16.0,-0.013658732175827026,12,lag_04__T2__duck_amount,T2__duck_amount,False,-3.8233180046081543,0.00039371088496409357,-0.0015052819150934288
48118,16.0,-0.013658732175827026,13,lag_13__T1__is_walking,T1__is_walking,False,-2.281590461730957,0.0006442470476031303,-0.001469907918809632
48118,16.0,-0.013658732175827026,14,lag_12__T_active_infernos,T_active_infernos,True,2.082643508911133,0.0006854688981547952,0.0014275873513025505
48118,16.0,-0.013658732175827026,15,lag_11__T5__is_walking,T5__is_walking,False,-2.3193888664245605,0.0005790881114080548,-0.001343130518278668
48118,16.0,-0.013658732175827026,16,lag_01__T2__is_walking,T2__is_walking,False,-2.2968344688415527,-0.0005755001329816878,0.0013218285422552378
48118,16.0,-0.013658732175827026,17,lag_15__T4__duck_amount,T4__duck_amount,False,-3.6976382732391357,0.00035501440288499,-0.0013127148436586772
48118,16.0,-0.013658732175827026,18,lag_07__CT_flash_duration_sum,CT_flash_duration_sum,True,-2.3668620586395264,0.0005262343911454082,-0.0012455242143533385
48118,16.0,-0.013658732175827026,19,lag_01__CT2__is_walking,CT2__is_walking,False,-2.360051155090332,0.0004984759143553674,-0.0011764286574590943
48118,16.0,-0.013658732175827026,20,lag_06__T2__flash_duration,T2__flash_duration,True,-4.392442226409912,-0.0002577144477982074,0.0011319958228647592
51382,67.0,0.013157248497009277,1,lag_08__T_place_MINI,T_place_MINI,False,-13.91281509399414,0.00128682900685817,-0.017903414030005838
51382,67.0,0.013157248497009277,2,lag_13__T_place_MINI,T_place_MINI,False,13.912817001342773,0.0010436169104650617,0.014519651094807129
51382,67.0,0.013157248497009277,3,lag_10__T_place_MINI,T_place_MINI,False,-13.912817001342773,-0.0004558072832878679,0.00634156332026331
51382,67.0,0.013157248497009277,4,lag_15__T_place_MINI,T_place_MINI,False,13.91281509399414,0.00026626570615917444,0.003704505535664371
51382,67.0,0.013157248497009277,5,lag_00__T_place_HUT,T_place_HUT,False,-9.321470260620117,-0.0003688803408294916,0.003438507126769519
51382,67.0,0.013157248497009277,6,lag_11__T_place_HUT,T_place_HUT,False,9.321470260620117,0.00030132330721244216,0.002808776247012479
51382,67.0,0.013157248497009277,7,lag_13__CT1__is_scoped,CT1__is_scoped,False,4.282663822174072,0.0005760301137343049,0.002466943328572724
51382,67.0,0.013157248497009277,8,lag_10__CT5__is_walking,CT5__is_walking,False,-2.396676540374756,0.0009141857735812664,-0.0021910075970865694
51382,67.0,0.013157248497009277,9,lag_05__CT_flashed_players,CT_flashed_players,False,-2.1899399757385254,0.0009271487360820174,-0.0020304000806014577
51382,67.0,0.013157248497009277,10,lag_13__CT5__is_walking,CT5__is_walking,False,-2.396676540374756,0.0008454928756691515,-0.0020263729401702457
51382,67.0,0.013157248497009277,11,lag_11__CT1__is_scoped,CT1__is_scoped,False,-4.282663822174072,0.00042847535223700106,-0.0018350158897186969
51382,67.0,0.013157248497009277,12,lag_13__CT5__duck_amount,CT5__duck_amount,False,3.534308910369873,0.0005157488631084561,0.0018228158023973484
51382,67.0,0.013157248497009277,13,lag_02__CT_duck_amount_mean,CT_duck_amount_mean,False,2.994267225265503,0.0005872309557162225,0.001758326404362423
51382,67.0,0.013157248497009277,14,lag_11__CT5__duck_amount,CT5__duck_amount,False,-2.8762805461883545,0.0005808984278701246,-0.0016708268473942384
51382,67.0,0.013157248497009277,15,lag_05__CT_flash_duration_sum,CT_flash_duration_sum,True,-1.818394422531128,0.0009175981977023184,-0.001668555444826511
51382,67.0,0.013157248497009277,16,lag_01__T_shots_fired_sum,T_shots_fired_sum,False,-1.499474048614502,0.0010463892249390483,-0.0015690334875459455
51382,67.0,0.013157248497009277,17,lag_04__CT1__flash_duration,CT1__flash_duration,True,-4.75895881652832,0.0003235740587115288,-0.0015398756195050822
51382,67.0,0.013157248497009277,18,lag_08__CT4__duck_amount,CT4__duck_amount,False,-3.4163658618927,-0.00044154396164231,0.0015084757170796478
51382,67.0,0.013157248497009277,19,lag_01__kill_diff_last_3s,kill_diff_last_3s,False,-2.4069459438323975,0.0006247517303563654,-0.0015037436432835255
51382,67.0,0.013157248497009277,20,lag_04__CT_flashed_players,CT_flashed_players,False,-2.1899399757385254,0.0006552239065058529,-0.0014349010259167294
49942,44.5,-0.013140350580215454,1,lag_14__CT4__duck_amount,CT4__duck_amount,False,3.6725916862487793,-0.002035298850387335,-0.007474821636964224
49942,44.5,-0.013140350580215454,2,lag_01__T5__duck_amount,T5__duck_amount,False,-3.4071004390716553,0.0013803831534460187,-0.004703104048193046
49942,44.5,-0.013140350580215454,3,lag_02__CT_place_GARAGE,CT_place_GARAGE,False,-7.1875224113464355,0.0006104690837673843,-0.004387760221012199
49942,44.5,-0.013140350580215454,4,lag_01__T_shots_fired_sum,T_shots_fired_sum,False,-3.748685598373413,0.0010463892249390483,-0.003922584217822128
49942,44.5,-0.013140350580215454,5,lag_15__CT5__duck_amount,CT5__duck_amount,False,-3.7749595642089844,-0.0010374754201620817,0.003916427759972585
49942,44.5,-0.013140350580215454,6,lag_01__T2__duck_amount,T2__duck_amount,False,3.8233180046081543,0.000875247991643846,0.003346351404949044
49942,44.5,-0.013140350580215454,7,lag_09__T5__duck_amount,T5__duck_amount,False,3.415618896484375,-0.0007724037277512252,-0.0026382367682220575
49942,44.5,-0.013140350580215454,8,lag_03__CT_place_MINI,CT_place_MINI,False,6.131025314331055,-0.0003287628060206771,-0.0020156530861232813
49942,44.5,-0.013140350580215454,9,lag_12__T5__is_walking,T5__is_walking,False,-2.3193888664245605,-0.0008230392122641206,0.001908947985556242
49942,44.5,-0.013140350580215454,10,lag_10__CT3__is_walking,CT3__is_walking,False,2.387126922607422,0.0007095540058799088,0.0016937954704798752
49942,44.5,-0.013140350580215454,11,lag_02__T5__duck_amount,T5__duck_amount,False,3.4071004390716553,0.00048527796752750874,0.0016533907762347755
49942,44.5,-0.013140350580215454,12,lag_13__T4__is_walking,T4__is_walking,False,2.307980537414551,-0.000714772439096123,-0.0016496808781141792
49942,44.5,-0.013140350580215454,13,lag_07__T4__is_walking,T4__is_walking,False,-2.307980537414551,-0.0006861970177851617,0.0015837293618800596
49942,44.5,-0.013140350580215454,14,lag_13__T1__is_walking,T1__is_walking,False,-2.281590461730957,0.0006442470476031303,-0.001469907918809632
49942,44.5,-0.013140350580215454,15,lag_02__CT3__is_walking,CT3__is_walking,False,2.387126922607422,0.000597444421146065,0.0014261756624793787
49942,44.5,-0.013140350580215454,16,lag_11__T5__is_walking,T5__is_walking,False,2.3193888664245605,0.0005790881114080548,0.001343130518278668
49942,44.5,-0.013140350580215454,17,lag_03__T2__duck_amount,T2__duck_amount,False,-3.8233180046081543,-0.0003294431371614337,0.0012595658778039032
49942,44.5,-0.013140350580215454,18,lag_06__T1__is_walking,T1__is_walking,False,2.281590461730957,-0.0005081794806756079,-0.0011594574559568582
49942,44.5,-0.013140350580215454,19,lag_11__CT3__is_walking,CT3__is_walking,False,-2.387126922607422,-0.00047269437345676124,0.0011283814650436819
49942,44.5,-0.013140350580215454,20,lag_14__CT_B_site_active_smokes,CT_B_site_active_smokes,True,-3.32244610786438,0.0003214151947759092,-0.001067884662891691
50166,48.0,-0.013102889060974121,1,lag_06__T2__duck_amount,T2__duck_amount,False,-3.8233180046081543,-0.0008612168021500111,0.003292705705531196
50166,48.0,-0.013102889060974121,2,lag_14__CT4__duck_amount,CT4__duck_amount,False,1.4732308387756348,-0.002035298850387335,-0.0029984650325152185
50166,48.0,-0.013102889060974121,3,lag_09__T5__duck_amount,T5__duck_amount,False,3.4071004390716553,-0.0007724037277512252,-0.0026316570799617828
50166,48.0,-0.013102889060974121,4,lag_11__T4__is_walking,T4__is_walking,False,-2.307980537414551,-0.0009613109868951142,0.002218687048156698
50166,48.0,-0.013102889060974121,5,lag_04__CT5__duck_amount,CT5__duck_amount,False,-2.184244155883789,-0.000887815491296351,0.0019392057983671496
50166,48.0,-0.013102889060974121,6,lag_02__CT4__duck_amount,CT4__duck_amount,False,-3.6725916862487793,0.0005083826836198568,-0.0018670820172951297
50166,48.0,-0.013102889060974121,7,lag_11__T4__is_scoped,T4__is_scoped,False,-4.644811153411865,0.0003798323741648346,-0.0017642496479477326
50166,48.0,-0.013102889060974121,8,lag_00__T3__is_walking,T3__is_walking,False,2.3223767280578613,0.0007178710657171905,0.0016671670567676988
50166,48.0,-0.013102889060974121,9,lag_13__T4__is_walking,T4__is_walking,False,2.307980537414551,-0.000714772439096123,-0.0016496808781141792
50166,48.0,-0.013102889060974121,10,lag_07__T4__is_walking,T4__is_walking,False,2.307980537414551,-0.0006861970177851617,-0.0015837293618800596
50166,48.0,-0.013102889060974121,11,lag_04__CT5__is_walking,CT5__is_walking,False,2.396676540374756,0.0006261920789256692,0.001500779865329649
50166,48.0,-0.013102889060974121,12,lag_13__T1__is_walking,T1__is_walking,False,2.281590461730957,0.0006442470476031303,0.001469907918809632
50166,48.0,-0.013102889060974121,13,lag_09__CT_place_GARAGE,CT_place_GARAGE,False,-7.1875224113464355,-0.00020305387442931533,0.0014594542731714288
50166,48.0,-0.013102889060974121,14,lag_05__T3__is_walking,T3__is_walking,False,-2.3223767280578613,0.0006230797152966261,-0.0014470258305298023
50166,48.0,-0.013102889060974121,15,lag_04__CT4__duck_amount,CT4__duck_amount,False,3.6725916862487793,-0.00037282524863258004,-0.0013692349085516475
50166,48.0,-0.013102889060974121,16,lag_10__T5__duck_amount,T5__duck_amount,False,-3.7970333099365234,-0.00035343781928531826,0.0013420151728176788
50166,48.0,-0.013102889060974121,17,lag_02__CT_duck_amount_mean,CT_duck_amount_mean,False,-2.2482590675354004,0.0005872309557162225,-0.0013202473209264765
50166,48.0,-0.013102889060974121,18,lag_09__CT3__is_walking,CT3__is_walking,False,2.387126922607422,-0.0005413369508460164,-0.0012922400095667363
50166,48.0,-0.013102889060974121,19,lag_05__CT5__duck_amount,CT5__duck_amount,False,2.184244155883789,-0.0005901423864997923,-0.0012890150588514837
50166,48.0,-0.013102889060974121,20,lag_12__CT3__is_walking,CT3__is_walking,False,-2.387126922607422,-0.0005332557484507561,0.0012729491537619708
49590,39.0,0.012490242719650269,1,lag_04__CT5__duck_amount,CT5__duck_amount,False,-3.7749595642089844,-0.000887815491296351,0.0033514675801220584
49590,39.0,0.012490242719650269,2,lag_09__T5__duck_amount,T5__duck_amount,False,-3.7970333099365234,-0.0007724037277512252,0.002932842682990544
49590,39.0,0.012490242719650269,3,lag_11__T4__is_walking,T4__is_walking,False,-2.307980537414551,-0.0009613109868951142,0.002218687048156698
49590,39.0,0.012490242719650269,4,lag_10__CT5__is_walking,CT5__is_walking,False,2.396676540374756,0.0009141857735812664,0.0021910075970865694
49590,39.0,0.012490242719650269,5,lag_08__T3__is_walking,T3__is_walking,False,2.3223767280578613,0.0009110851678997278,0.002115882991209017
49590,39.0,0.012490242719650269,6,lag_05__CT5__duck_amount,CT5__duck_amount,False,3.5613739490509033,-0.0005901423864997923,-0.00210171772151109
49590,39.0,0.012490242719650269,7,lag_15__T2__is_walking,T2__is_walking,False,-2.2968344688415527,0.0006923961918801069,-0.0015903194396048592
49590,39.0,0.012490242719650269,8,lag_13__T1__is_walking,T1__is_walking,False,-2.281590461730957,0.0006442470476031303,-0.001469907918809632
49590,39.0,0.012490242719650269,9,lag_05__T3__is_walking,T3__is_walking,False,-2.3223767280578613,0.0006230797152966261,-0.0014470258305298023
49590,39.0,0.012490242719650269,10,lag_02__CT3__is_walking,CT3__is_walking,False,2.387126922607422,0.000597444421146065,0.0014261756624793787
49590,39.0,0.012490242719650269,11,lag_11__T5__is_walking,T5__is_walking,False,-2.3193888664245605,0.0005790881114080548,-0.001343130518278668
49590,39.0,0.012490242719650269,12,lag_12__CT3__is_walking,CT3__is_walking,False,-2.387126922607422,-0.0005332557484507561,0.0012729491537619708
49590,39.0,0.012490242719650269,13,lag_14__CT3__smoke,CT3__smoke,True,2.2122058868408203,0.0005362294032238424,0.001186249842508924
49590,39.0,0.012490242719650269,14,lag_11__CT3__is_walking,CT3__is_walking,False,2.387126922607422,-0.00047269437345676124,-0.0011283814650436819
49590,39.0,0.012490242719650269,15,lag_06__CT5__is_walking,CT5__is_walking,False,-2.396676540374756,-0.0004486564139369875,0.0010752843019714436
49590,39.0,0.012490242719650269,16,lag_09__T5__is_walking,T5__is_walking,False,2.3193888664245605,0.00046198672498576343,0.001071526866367925
49590,39.0,0.012490242719650269,17,lag_07__CT3__is_walking,CT3__is_walking,False,-2.387126922607422,0.0004160612297710031,-0.0009931909630395142
49590,39.0,0.012490242719650269,18,lag_14__T5__is_walking,T5__is_walking,False,-2.3193888664245605,0.0004222536808811128,-0.0009793704862424424
49590,39.0,0.012490242719650269,19,lag_10__T5__duck_amount,T5__duck_amount,False,2.7647061347961426,-0.00035343781928531826,-0.0009771517072470898
49590,39.0,0.012490242719650269,20,lag_03__T4__is_walking,T4__is_walking,False,-2.307980537414551,0.00040515183354727924,-0.0009350825465249402
51190,64.0,0.01229715347290039,1,lag_04__T_place_MINI,T_place_MINI,False,-13.912817001342773,-0.0005958647816441953,0.00829015766456076
51190,64.0,0.01229715347290039,2,lag_05__CT1__is_scoped,CT1__is_scoped,False,-4.282663822174072,-0.0010969338472932577,0.004697798903121053
51190,64.0,0.01229715347290039,3,lag_07__T_place_MINI,T_place_MINI,False,13.912817001342773,-0.00031838149880059063,-0.004429583529425851
51190,64.0,0.01229715347290039,4,lag_11__CT_place_LOCKERROOM,CT_place_LOCKERROOM,False,-12.448311805725098,-0.00022450502729043365,0.0027947085816641404
51190,64.0,0.01229715347290039,5,lag_02__T_place_MINI,T_place_MINI,False,-13.91281509399414,0.00019566851551644504,-0.0027222998760966233
51190,64.0,0.01229715347290039,6,lag_14__CT4__duck_amount,CT4__duck_amount,False,-1.1774330139160156,-0.002035298850387335,0.0023964280596313614
51190,64.0,0.01229715347290039,7,lag_11__CT5__duck_amount,CT5__duck_amount,False,-3.7749595642089844,0.0005808984278701246,-0.0021928680761222896
51190,64.0,0.01229715347290039,8,lag_13__CT5__duck_amount,CT5__duck_amount,False,-3.7749595642089844,0.0005157488631084561,-0.0019469311035211767
51190,64.0,0.01229715347290039,9,lag_02__CT4__duck_amount,CT4__duck_amount,False,-3.4163658618927,0.0005083826836198568,-0.0017368212450962761
51190,64.0,0.01229715347290039,10,lag_05__CT5__duck_amount,CT5__duck_amount,False,-2.8762805461883545,-0.0005901423864997923,0.0016974150657705217
51190,64.0,0.01229715347290039,11,lag_01__kill_diff_last_3s,kill_diff_last_3s,False,2.4069459438323975,0.0006247517303563654,0.0015037436432835255
51190,64.0,0.01229715347290039,12,lag_04__CT5__is_walking,CT5__is_walking,False,-2.396676540374756,0.0006261920789256692,-0.001500779865329649
51190,64.0,0.01229715347290039,13,lag_07__CT5__duck_amount,CT5__duck_amount,False,3.534308910369873,-0.00042337129707448184,-0.0014963249476451917
51190,64.0,0.01229715347290039,14,lag_01__damage_diff_last_5s,damage_diff_last_5s,False,2.255978584289551,0.0006586796371266246,0.0014859671552652776
51190,64.0,0.01229715347290039,15,lag_13__T1__is_walking,T1__is_walking,False,-2.281590461730957,0.0006442470476031303,-0.001469907918809632
51190,64.0,0.01229715347290039,16,lag_07__CT5__flash_duration,CT5__flash_duration,True,-1.2335493564605713,0.0011893287301063538,-0.0014670956896427612
51190,64.0,0.01229715347290039,17,lag_07__CT5__is_walking,CT5__is_walking,False,-2.396676540374756,0.0005616898415610194,-0.0013461888662361088
51190,64.0,0.01229715347290039,18,lag_15__CT4__duck_amount,CT4__duck_amount,False,-2.4951586723327637,-0.0005327825783751905,0.001329377070900667
51190,64.0,0.01229715347290039,19,lag_05__CT4__is_walking,CT4__is_walking,False,-2.384641170501709,0.0005555366515181959,-0.0013247555709329506
51190,64.0,0.01229715347290039,20,lag_05__CT_scoped_count,CT_scoped_count,False,-2.141930103302002,-0.0005647333455272019,0.0012096193531231647
51574,70.0,0.011479556560516357,1,lag_14__CT4__duck_amount,CT4__duck_amount,False,-3.4163658618927,-0.002035298850387335,0.006953325511212749
51574,70.0,0.011479556560516357,2,lag_14__T_place_MINI,T_place_MINI,False,-13.91281509399414,-0.0002130497741745785,0.0029641221139081186
51574,70.0,0.011479556560516357,3,lag_02__T3__is_walking,T3__is_walking,False,2.3223767280578613,-0.0010841221082955599,-0.0025177399546786328
51574,70.0,0.011479556560516357,4,lag_02__CT_place_HELL,CT_place_HELL,False,-5.4229230880737305,0.0004571386380121112,-0.0024790276745264572
51574,70.0,0.011479556560516357,5,lag_05__CT_place_HELL,CT_place_HELL,False,5.4229230880737305,-0.0004385269130580127,-0.0023780977215639987
51574,70.0,0.011479556560516357,6,lag_15__CT4__duck_amount,CT4__duck_amount,False,3.4163658618927,-0.0005327825783751905,-0.0018201802125721728
51574,70.0,0.011479556560516357,7,lag_06__T_place_HUT,T_place_HUT,False,-9.321470260620117,-0.00016792226233519614,0.0015652823744535804
51574,70.0,0.011479556560516357,8,lag_08__T_shots_fired_sum,T_shots_fired_sum,False,-4.498422622680664,0.0003371294878888875,-0.0015165509150921186
51574,70.0,0.011479556560516357,9,lag_15__CT5__is_walking,CT5__is_walking,False,2.396676540374756,0.0006060510058887303,0.001452508228084043
51574,70.0,0.011479556560516357,10,lag_05__T3__is_walking,T3__is_walking,False,2.3223767280578613,0.0006230797152966261,0.0014470258305298023
51574,70.0,0.011479556560516357,11,lag_14__CT_duck_amount_mean,CT_duck_amount_mean,False,-1.8569107055664062,-0.0007341195014305413,0.0013631943613714448
51574,70.0,0.011479556560516357,12,lag_07__CT5__is_walking,CT5__is_walking,False,2.396676540374756,0.0005616898415610194,0.0013461888662361088
51574,70.0,0.011479556560516357,13,lag_00__damage_diff_last_5s,damage_diff_last_5s,False,0.5414348840713501,0.0020862389355897903,0.001129562536236195
51574,70.0,0.011479556560516357,14,lag_00__CT1__duck_amount,CT1__duck_amount,False,3.277567148208618,0.0003175206948071718,0.0010406953981763611
51574,70.0,0.011479556560516357,15,lag_02__CT_place_HEAVEN,CT_place_HEAVEN,False,5.3994574546813965,0.000180756178451702,0.0009759852952207632
51574,70.0,0.011479556560516357,16,lag_09__T_shots_fired_sum,T_shots_fired_sum,False,4.498422622680664,-0.00019668256572913378,-0.0008847613031628121
51574,70.0,0.011479556560516357,17,lag_03__damage_diff_last_5s,damage_diff_last_5s,False,-2.255979061126709,0.00038923643296584487,-0.0008781092425985959
51574,70.0,0.011479556560516357,18,lag_15__CT_duck_amount_mean,CT_duck_amount_mean,False,1.8569107055664062,-0.0004715380782727152,-0.0008756041056268149
51574,70.0,0.011479556560516357,19,lag_02__CT_kills_last_3s,CT_kills_last_3s,False,-2.8871407508850098,-0.000298530823783949,0.0008619005067419111
51574,70.0,0.011479556560516357,20,lag_05__CT_place_OUTSIDE,CT_place_OUTSIDE,False,-2.1496591567993164,0.000374604482203722,-0.0008052719553472976
47542,7.0,-0.011461883783340454,1,lag_00__CT_place_HELL,CT_place_HELL,False,-16.268770217895508,0.000791971106082201,-0.012884395944063876
47542,7.0,-0.011461883783340454,2,lag_00__CT_place_ADMIN,CT_place_ADMIN,False,6.947057247161865,-0.0018542144680395722,-0.012881334057986693
47542,7.0,-0.011461883783340454,3,lag_00__CT_place_HEAVEN,CT_place_HEAVEN,False,10.798914909362793,0.0009281832026317716,0.010023371425520344
47542,7.0,-0.011461883783340454,4,lag_02__CT_place_HELL,CT_place_HELL,False,5.4229230880737305,0.0004571386380121112,0.0024790276745264572
47542,7.0,-0.011461883783340454,5,lag_06__CT5__duck_amount,CT5__duck_amount,False,-3.7749595642089844,0.0005144865717738867,-0.0019421660047749256
47542,7.0,-0.011461883783340454,6,lag_07__CT5__duck_amount,CT5__duck_amount,False,3.7749595642089844,-0.00042337129707448184,-0.0015982095271028784
47542,7.0,-0.011461883783340454,7,lag_13__T_velocity_mean,T_velocity_mean,False,3.4458701610565186,0.0003850919601973146,0.001326976894906691
47542,7.0,-0.011461883783340454,8,lag_04__CT_place_HELL,CT_place_HELL,False,5.4229230880737305,0.00022985135728958994,0.0012464662322708014
47542,7.0,-0.011461883783340454,9,lag_03__CT_place_HELL,CT_place_HELL,False,5.4229230880737305,0.00022264679137151688,0.001207396425414134
47542,7.0,-0.011461883783340454,10,lag_14__T_velocity_mean,T_velocity_mean,False,-1.7359485626220703,-0.0006706330459564924,0.0011641844721750338
47542,7.0,-0.011461883783340454,11,lag_08__CT_place_OUTSIDE,CT_place_OUTSIDE,False,2.1496591567993164,0.0004940523067489266,0.0010620440651406549
47542,7.0,-0.011461883783340454,12,lag_14__T1__is_walking,T1__is_walking,False,-0.5917836427688599,0.0015562789048999548,-0.0009209803995060273
47542,7.0,-0.011461883783340454,13,lag_14__T5__smoke,T5__smoke,True,1.4999849796295166,-0.0005959179834462702,-0.0008938680242605163
47542,7.0,-0.011461883783340454,14,lag_05__T_place_OUTSIDE,T_place_OUTSIDE,False,2.6496124267578125,-0.0003302417753729969,-0.0008750127118628548
47542,7.0,-0.011461883783340454,15,lag_14__CT3__smoke,CT3__smoke,True,1.578822374343872,0.0005362294032238424,0.0008466109795908644
47542,7.0,-0.011461883783340454,16,lag_14__CT4__duck_amount,CT4__duck_amount,False,-0.34136202931404114,-0.002035298850387335,0.0006947737458287556
47542,7.0,-0.011461883783340454,17,lag_06__T_place_OUTSIDE,T_place_OUTSIDE,False,1.3248062133789062,-0.0005015732022002339,-0.0006644872947392244
47542,7.0,-0.011461883783340454,18,lag_04__T_place_OUTSIDE,T_place_OUTSIDE,False,2.6496129035949707,0.00024152697005774826,0.0006399529764312059
47542,7.0,-0.011461883783340454,19,lag_14__CT_smoke_inv,CT_smoke_inv,True,2.3161351680755615,0.00022388261277228594,0.0005185423929625343
47542,7.0,-0.011461883783340454,20,lag_14__T4__molly,T4__molly,True,1.5230296850204468,0.00031381999724544585,0.00047795717155784886
50710,56.5,-0.011167287826538086,1,lag_05__CT_place_LOCKERROOM,CT_place_LOCKERROOM,False,12.448311805725098,-0.0012493685353547335,-0.015552529088357803
50710,56.5,-0.011167287826538086,2,lag_04__CT1__is_scoped,CT1__is_scoped,False,4.282663822174072,-0.002525867195799947,-0.010817440059068706
50710,56.5,-0.011167287826538086,3,lag_06__CT1__is_scoped,CT1__is_scoped,False,4.282663822174072,0.0014957779785618186,0.006405914234791366
50710,56.5,-0.011167287826538086,4,lag_05__CT1__is_scoped,CT1__is_scoped,False,-4.282663822174072,-0.0010969338472932577,0.004697798903121053
50710,56.5,-0.011167287826538086,5,lag_04__CT_scoped_count,CT_scoped_count,False,2.141930103302002,-0.0012965175556018949,-0.0027770499818032257
50710,56.5,-0.011167287826538086,6,lag_03__CT1__is_scoped,CT1__is_scoped,False,-4.282663822174072,0.0006467398488894105,-0.0027697693531970047
50710,56.5,-0.011167287826538086,7,lag_13__CT1__is_scoped,CT1__is_scoped,False,-4.282663822174072,0.0005760301137343049,-0.002466943328572724
50710,56.5,-0.011167287826538086,8,lag_05__CT_place_HELL,CT_place_HELL,False,-5.4229230880737305,-0.0004385269130580127,0.0023780977215639987
50710,56.5,-0.011167287826538086,9,lag_10__CT5__is_walking,CT5__is_walking,False,-2.396676540374756,0.0009141857735812664,-0.0021910075970865694
50710,56.5,-0.011167287826538086,10,lag_01__T_kills_last_3s,T_kills_last_3s,False,-3.1681017875671387,-0.000641276768874377,0.0020316300777961926
50710,56.5,-0.011167287826538086,11,lag_11__CT1__is_scoped,CT1__is_scoped,False,4.282663822174072,0.00042847535223700106,0.0018350158897186969
50710,56.5,-0.011167287826538086,12,lag_09__T5__duck_amount,T5__duck_amount,False,2.248567581176758,-0.0007724037277512252,-0.0017368019818014835
50710,56.5,-0.011167287826538086,13,lag_01__CT4__duck_amount,CT4__duck_amount,False,3.6725916862487793,-0.00045866347500123084,-0.0016844836650754952
50710,56.5,-0.011167287826538086,14,lag_15__T2__duck_amount,T2__duck_amount,False,-3.8233180046081543,-0.0004255352832842618,0.0016269567101767496
50710,56.5,-0.011167287826538086,15,lag_06__CT_scoped_count,CT_scoped_count,False,2.141930103302002,0.0007211040356196463,0.0015445544415062795
50710,56.5,-0.011167287826538086,16,lag_01__kill_diff_last_3s,kill_diff_last_3s,False,2.4069459438323975,0.0006247517303563654,0.0015037436432835255
50710,56.5,-0.011167287826538086,17,lag_13__CT4__is_walking,CT4__is_walking,False,2.384641170501709,0.0006243640673346817,0.0014888842603481833
50710,56.5,-0.011167287826538086,18,lag_05__T3__is_walking,T3__is_walking,False,2.3223767280578613,0.0006230797152966261,0.0014470258305298023
50710,56.5,-0.011167287826538086,19,lag_04__CT_flashed_players,CT_flashed_players,False,-2.1899399757385254,0.0006552239065058529,-0.0014349010259167294
50710,56.5,-0.011167287826538086,20,lag_10__T3__is_walking,T3__is_walking,False,-2.3223767280578613,-0.0006160950870253146,0.0014308048923783734
51478,68.5,-0.011113107204437256,1,lag_13__T_place_MINI,T_place_MINI,False,-13.912817001342773,0.0010436169104650617,-0.014519651094807129
51478,68.5,-0.011113107204437256,2,lag_11__T_place_MINI,T_place_MINI,False,-13.91281509399414,0.0006724930135533214,-0.009356270949570256
51478,68.5,-0.011113107204437256,3,lag_00__damage_diff_last_5s,damage_diff_last_5s,False,-2.255979061126709,0.0020862389355897903,-0.00470651135519784
51478,68.5,-0.011113107204437256,4,lag_00__CT_damage_last_5s,CT_damage_last_5s,False,-2.179865598678589,0.0018514466937631369,-0.004035904955521474
51478,68.5,-0.011113107204437256,5,lag_03__T_place_HUT,T_place_HUT,False,-9.321470260620117,-0.00033443959546275437,0.0031174687430798875
51478,68.5,-0.011113107204437256,6,lag_02__T3__is_walking,T3__is_walking,False,2.3223767280578613,-0.0010841221082955599,-0.0025177399546786328
51478,68.5,-0.011113107204437256,7,lag_02__CT_place_HELL,CT_place_HELL,False,5.4229230880737305,0.0004571386380121112,0.0024790276745264572
51478,68.5,-0.011113107204437256,8,lag_13__CT5__is_walking,CT5__is_walking,False,-2.396676540374756,0.0008454928756691515,-0.0020263729401702457
51478,68.5,-0.011113107204437256,9,lag_14__CT1__is_scoped,CT1__is_scoped,False,-4.282663822174072,-0.0004411787958815694,0.0018894204682323168
51478,68.5,-0.011113107204437256,10,lag_04__CT_duck_amount_mean,CT_duck_amount_mean,False,-2.994267225265503,-0.00055792584316805,0.0016705790663267134
51478,68.5,-0.011113107204437256,11,lag_00__T3__is_walking,T3__is_walking,False,-2.3223767280578613,0.0007178710657171905,-0.0016671670567676988
51478,68.5,-0.011113107204437256,12,lag_12__CT4__duck_amount,CT4__duck_amount,False,3.4163658618927,0.0004873345897067338,0.0016649132555935711
51478,68.5,-0.011113107204437256,13,lag_14__T_place_HUT,T_place_HUT,False,9.321470260620117,0.00017277587903663516,0.0016105252181924934
51478,68.5,-0.011113107204437256,14,lag_04__CT5__is_walking,CT5__is_walking,False,2.396676540374756,0.0006261920789256692,0.001500779865329649
51478,68.5,-0.011113107204437256,15,lag_05__T_shots_fired_sum,T_shots_fired_sum,False,-4.498422622680664,-0.00032214540988206863,0.0014491461996062327
51478,68.5,-0.011113107204437256,16,lag_05__CT_duck_amount_mean,CT_duck_amount_mean,False,2.994267225265503,-0.00046590386773459613,-0.001395040681282135
51478,68.5,-0.011113107204437256,17,lag_04__kill_diff_last_3s,kill_diff_last_3s,False,-2.4069459438323975,0.0005452635232359171,-0.0013124198255724528
51478,68.5,-0.011113107204437256,18,lag_15__CT_B_site_active_smokes,CT_B_site_active_smokes,True,-1.66122305393219,0.0007619488169439137,-0.0012657669406235875
51478,68.5,-0.011113107204437256,19,lag_07__CT_flashed_players,CT_flashed_players,False,-2.1899399757385254,0.0005478011444211006,-0.0011996516249230815
51478,68.5,-0.011113107204437256,20,lag_15__CT_A_site_active_smokes,CT_A_site_active_smokes,True,-1.6098004579544067,0.0007396640721708536,-0.0011907115621130615
49046,30.5,0.010352462530136108,1,lag_06__CT_place_MINI,CT_place_MINI,False,6.131025314331055,-0.0005633932305499911,-0.0034541781584247477
49046,30.5,0.010352462530136108,2,lag_04__CT_place_MINI,CT_place_MINI,False,-6.131025314331055,-0.00038950785528868437,0.002388082520905721
49046,30.5,0.010352462530136108,3,lag_03__T4__is_scoped,T4__is_scoped,False,-4.644811153411865,-0.00038077926728874445,0.001768647787690758
49046,30.5,0.010352462530136108,4,lag_15__T2__is_walking,T2__is_walking,False,2.2968344688415527,0.0006923961918801069,0.0015903194396048592
49046,30.5,0.010352462530136108,5,lag_09__CT3__shots_fired,CT3__shots_fired,False,-3.5999112129211426,0.00038471081643365324,-0.0013849247818115556
49046,30.5,0.010352462530136108,6,lag_06__T5__is_walking,T5__is_walking,False,2.3193888664245605,-0.0005818181089125574,-0.001349462444095978
49046,30.5,0.010352462530136108,7,lag_01__T2__is_walking,T2__is_walking,False,-2.2968344688415527,-0.0005755001329816878,0.0013218285422552378
49046,30.5,0.010352462530136108,8,lag_09__CT_shots_fired_sum,CT_shots_fired_sum,False,-4.863187313079834,0.00025915371952578425,-0.0012603130809352436
49046,30.5,0.010352462530136108,9,lag_10__CT3__shots_fired,CT3__shots_fired,False,2.5713653564453125,0.000469297548988834,0.0012067354593345847
49046,30.5,0.010352462530136108,10,lag_11__CT3__is_walking,CT3__is_walking,False,-2.387126922607422,-0.00047269437345676124,0.0011283814650436819
49046,30.5,0.010352462530136108,11,lag_07__CT3__duck_amount,CT3__duck_amount,False,-3.7208433151245117,0.00029716957942582667,-0.0011057214430649498
49046,30.5,0.010352462530136108,12,lag_07__T2__is_walking,T2__is_walking,False,2.2968344688415527,0.00045005904394201934,0.001033711125139905
49046,30.5,0.010352462530136108,13,lag_00__T4__is_scoped,T4__is_scoped,False,4.644811153411865,0.0002100873098243028,0.0009758158798622157
49046,30.5,0.010352462530136108,14,lag_03__CT3__is_walking,CT3__is_walking,False,2.387126922607422,-0.0003415636019781232,-0.0008153556700647435
49046,30.5,0.010352462530136108,15,lag_15__CT3__duck_amount,CT3__duck_amount,False,-2.5804524421691895,-0.00030784468981437385,0.0007943785816403176
49046,30.5,0.010352462530136108,16,lag_14__T3__is_walking,T3__is_walking,False,2.3223767280578613,-0.000338447920512408,-0.0007860035742575933
49046,30.5,0.010352462530136108,17,lag_11__CT2__is_walking,CT2__is_walking,False,2.360051155090332,0.0003209160058759153,0.0007573781903544297
49046,30.5,0.010352462530136108,18,lag_03__T_scoped_count,T_scoped_count,False,-2.8811259269714355,-0.0002535406092647463,0.0007304824228927947
49046,30.5,0.010352462530136108,19,lag_03__T2__is_walking,T2__is_walking,False,2.2968344688415527,0.00031122216023504734,0.0007148257850951856
49046,30.5,0.010352462530136108,20,lag_07__T1__is_walking,T1__is_walking,False,-2.281590461730957,-0.00029663072200492024,0.0006767898259827931
51062,62.0,-0.009911835193634033,1,lag_03__T_place_MINI,T_place_MINI,False,13.912817001342773,-0.002085759537294507,-0.029018790751183854
51062,62.0,-0.009911835193634033,2,lag_07__CT_place_LOCKERROOM,CT_place_LOCKERROOM,False,-12.448311805725098,-0.00048606019117869437,0.006050628816142739
51062,62.0,-0.009911835193634033,3,lag_00__T_place_MINI,T_place_MINI,False,-13.912817001342773,0.00037581962533295155,-0.0052287096727705595
51062,62.0,-0.009911835193634033,4,lag_05__T_place_MINI,T_place_MINI,False,13.91281509399414,-0.00028417835710570216,-0.00395372093612667
51062,62.0,-0.009911835193634033,5,lag_14__T1__is_walking,T1__is_walking,False,2.281590461730957,0.0015562789048999548,0.003550791105212836
51062,62.0,-0.009911835193634033,6,lag_04__T_flashed_players,T_flashed_players,False,1.9296237230300903,0.0015007505426183343,0.0028958838493866185
51062,62.0,-0.009911835193634033,7,lag_03__CT1__is_scoped,CT1__is_scoped,False,4.282663822174072,0.0006467398488894105,0.0027697693531970047
51062,62.0,-0.009911835193634033,8,lag_02__T3__is_walking,T3__is_walking,False,2.3223767280578613,-0.0010841221082955599,-0.0025177399546786328
51062,62.0,-0.009911835193634033,9,lag_12__T_kills_last_3s,T_kills_last_3s,False,-3.1681017875671387,-0.0006988649256527424,0.0022140752202284286
51062,62.0,-0.009911835193634033,10,lag_14__CT1__is_scoped,CT1__is_scoped,False,-4.282663822174072,-0.0004411787958815694,0.0018894204682323168
51062,62.0,-0.009911835193634033,11,lag_09__CT5__duck_amount,CT5__duck_amount,False,-3.7749595642089844,0.00048814306501299143,-0.00184272033197308
51062,62.0,-0.009911835193634033,12,lag_01__CT5__duck_amount,CT5__duck_amount,False,-2.8762805461883545,0.0006362353451550007,-0.0018299913460667616
51062,62.0,-0.009911835193634033,13,lag_12__CT4__duck_amount,CT4__duck_amount,False,3.6725916862487793,0.0004873345897067338,0.0017897809625784106
51062,62.0,-0.009911835193634033,14,lag_01__CT1__is_scoped,CT1__is_scoped,False,-4.282663822174072,-0.00039968665805645287,0.00171172359066403
51062,62.0,-0.009911835193634033,15,lag_15__CT1__is_scoped,CT1__is_scoped,False,4.282663822174072,0.0003843345621135086,0.001645975724774637
51062,62.0,-0.009911835193634033,16,lag_07__CT5__duck_amount,CT5__duck_amount,False,-3.7749595642089844,-0.00042337129707448184,0.0015982095271028784
51062,62.0,-0.009911835193634033,17,lag_04__CT5__is_walking,CT5__is_walking,False,2.396676540374756,0.0006261920789256692,0.001500779865329649
51062,62.0,-0.009911835193634033,18,lag_14__CT5__duck_amount,CT5__duck_amount,False,3.7749595642089844,0.00039486627792939544,0.0014906042324531743
51062,62.0,-0.009911835193634033,19,lag_13__T1__is_walking,T1__is_walking,False,-2.281590461730957,0.0006442470476031303,-0.001469907918809632
51062,62.0,-0.009911835193634033,20,lag_14__CT_duck_amount_mean,CT_duck_amount_mean,False,1.996178150177002,-0.0007341195014305413,-0.0014654333083744808
50646,55.5,-0.009871244430541992,1,lag_04__CT1__is_scoped,CT1__is_scoped,False,4.282663822174072,-0.002525867195799947,-0.010817440059068706
50646,55.5,-0.009871244430541992,2,lag_03__CT_place_LOCKERROOM,CT_place_LOCKERROOM,False,12.448311805725098,-0.0006140506593510509,-0.007643894072112967
50646,55.5,-0.009871244430541992,3,lag_00__kill_diff_last_3s,kill_diff_last_3s,False,-2.4069459438323975,0.0026839885395020247,-0.006460215328447039
50646,55.5,-0.009871244430541992,4,lag_00__CT_kills_last_3s,CT_kills_last_3s,False,-2.8871407508850098,0.0021887090988457203,-0.006319111231110286
50646,55.5,-0.009871244430541992,5,lag_02__CT1__is_scoped,CT1__is_scoped,False,4.282663822174072,0.0014207649510353804,0.006084658655612141
50646,55.5,-0.009871244430541992,6,lag_15__CT5__duck_amount,CT5__duck_amount,False,3.7749595642089844,-0.0010374754201620817,-0.003916427759972585
50646,55.5,-0.009871244430541992,7,lag_14__CT_place_MINI,CT_place_MINI,False,-6.131025314331055,-0.0005793398595415056,0.0035519473444499683
50646,55.5,-0.009871244430541992,8,lag_13__T2__duck_amount,T2__duck_amount,False,-3.8233180046081543,-0.0008803759119473398,0.0033659570749715872
50646,55.5,-0.009871244430541992,9,lag_07__T5__duck_amount,T5__duck_amount,False,2.248567581176758,-0.00141742336563766,-0.0031871722287752924
50646,55.5,-0.009871244430541992,10,lag_04__CT_scoped_count,CT_scoped_count,False,2.141930103302002,-0.0012965175556018949,-0.0027770499818032257
50646,55.5,-0.009871244430541992,11,lag_03__CT1__is_scoped,CT1__is_scoped,False,-4.282663822174072,0.0006467398488894105,-0.0027697693531970047
50646,55.5,-0.009871244430541992,12,lag_01__CT5__duck_amount,CT5__duck_amount,False,3.7749595642089844,0.0006362353451550007,0.002401762701280674
50646,55.5,-0.009871244430541992,13,lag_10__CT_place_ADMIN,CT_place_ADMIN,False,6.947057247161865,0.0003285439743194729,0.002282413797807456
50646,55.5,-0.009871244430541992,14,lag_06__CT_place_ADMIN,CT_place_ADMIN,False,-6.947057247161865,-0.00031424686312675476,0.0021830909478826044
50646,55.5,-0.009871244430541992,15,lag_08__T3__is_walking,T3__is_walking,False,-2.3223767280578613,0.0009110851678997278,-0.002115882991209017
50646,55.5,-0.009871244430541992,16,lag_10__T_place_SILO,T_place_SILO,False,-6.793753623962402,-0.0002703826467040926,0.0018369130859024752
50646,55.5,-0.009871244430541992,17,lag_11__CT1__is_scoped,CT1__is_scoped,False,-4.282663822174072,0.00042847535223700106,-0.0018350158897186969
50646,55.5,-0.009871244430541992,18,lag_11__CT1__flash_duration,CT1__flash_duration,True,5.3276262283325195,0.00034159558708779514,0.0018198936092515827
50646,55.5,-0.009871244430541992,19,lag_01__CT1__is_scoped,CT1__is_scoped,False,-4.282663822174072,-0.00039968665805645287,0.00171172359066403
50646,55.5,-0.009871244430541992,20,lag_10__CT3__is_walking,CT3__is_walking,False,-2.387126922607422,0.0007095540058799088,-0.0016937954704798752
50998,61.0,0.009866297245025635,1,lag_03__T_place_MINI,T_place_MINI,False,13.91281509399414,-0.002085759537294507,-0.029018786772913252
50998,61.0,0.009866297245025635,2,lag_01__T_place_MINI,T_place_MINI,False,13.912817001342773,-0.0011212662793695927,-0.015599972554645625
50998,61.0,0.009866297245025635,3,lag_05__CT_place_LOCKERROOM,CT_place_LOCKERROOM,False,-12.448311805725098,-0.0012493685353547335,0.015552529088357803
50998,61.0,0.009866297245025635,4,lag_14__CT_place_LOCKERROOM,CT_place_LOCKERROOM,False,12.448311805725098,0.0005039352108724415,0.0062731426348239805
50998,61.0,0.009866297245025635,5,lag_13__CT1__is_scoped,CT1__is_scoped,False,4.282663822174072,0.0005760301137343049,0.002466943328572724
50998,61.0,0.009866297245025635,6,lag_12__CT1__is_scoped,CT1__is_scoped,False,-4.282663822174072,-0.0005525658489204943,0.002366453770540705
50998,61.0,0.009866297245025635,7,lag_01__CT5__duck_amount,CT5__duck_amount,False,3.534308910369873,0.0006362353451550007,0.0022486522494735706
50998,61.0,0.009866297245025635,8,lag_05__CT5__duck_amount,CT5__duck_amount,False,-3.7749595642089844,-0.0005901423864997923,0.002227763646162506
50998,61.0,0.009866297245025635,9,lag_10__CT4__duck_amount,CT4__duck_amount,False,3.6725916862487793,0.0006053324323147535,0.0022231388583359157
50998,61.0,0.009866297245025635,10,lag_06__CT5__duck_amount,CT5__duck_amount,False,3.7749595642089844,0.0005144865717738867,0.0019421660047749256
50998,61.0,0.009866297245025635,11,lag_14__CT1__is_scoped,CT1__is_scoped,False,-4.282663822174072,-0.0004411787958815694,0.0018894204682323168
50998,61.0,0.009866297245025635,12,lag_01__CT1__is_scoped,CT1__is_scoped,False,4.282663822174072,-0.00039968665805645287,-0.00171172359066403
50998,61.0,0.009866297245025635,13,lag_00__T3__is_walking,T3__is_walking,False,2.3223767280578613,0.0007178710657171905,0.0016671670567676988
50998,61.0,0.009866297245025635,14,lag_15__CT1__is_scoped,CT1__is_scoped,False,4.282663822174072,0.0003843345621135086,0.001645975724774637
50998,61.0,0.009866297245025635,15,lag_10__T_kills_last_3s,T_kills_last_3s,False,-3.1681017875671387,-0.0005074117798358202,0.0016075321667304854
50998,61.0,0.009866297245025635,16,lag_07__CT5__duck_amount,CT5__duck_amount,False,-3.7749595642089844,-0.00042337129707448184,0.0015982095271028784
50998,61.0,0.009866297245025635,17,lag_13__CT4__is_walking,CT4__is_walking,False,-2.384641170501709,0.0006243640673346817,-0.0014888842603481833
50998,61.0,0.009866297245025635,18,lag_05__T3__is_walking,T3__is_walking,False,-2.3223767280578613,0.0006230797152966261,-0.0014470258305298023
50998,61.0,0.009866297245025635,19,lag_08__T4__is_walking,T4__is_walking,False,-2.307980537414551,-0.0005796454497613013,0.0013378104166499871
50998,61.0,0.009866297245025635,20,lag_06__CT_place_OUTSIDE,CT_place_OUTSIDE,False,-2.1496589183807373,0.000581052852794528,-0.0012490654470603268
49302,34.5,0.009703576564788818,1,lag_01__T5__duck_amount,T5__duck_amount,False,2.7647061347961426,0.0013803831534460187,0.003816353772701453
49302,34.5,0.009703576564788818,2,lag_14__CT_place_MINI,CT_place_MINI,False,6.131025314331055,-0.0005793398595415056,-0.0035519473444499683
49302,34.5,0.009703576564788818,3,lag_11__T4__is_scoped,T4__is_scoped,False,-4.644811153411865,0.0003798323741648346,-0.0017642496479477326
49302,34.5,0.009703576564788818,4,lag_15__T2__is_walking,T2__is_walking,False,2.2968344688415527,0.0006923961918801069,0.0015903194396048592
49302,34.5,0.009703576564788818,5,lag_13__T1__is_walking,T1__is_walking,False,2.281590461730957,0.0006442470476031303,0.001469907918809632
49302,34.5,0.009703576564788818,6,lag_02__CT3__is_walking,CT3__is_walking,False,2.387126922607422,0.000597444421146065,0.0014261756624793787
49302,34.5,0.009703576564788818,7,lag_08__T4__is_walking,T4__is_walking,False,-2.307980537414551,-0.0005796454497613013,0.0013378104166499871
49302,34.5,0.009703576564788818,8,lag_12__CT_place_MINI,CT_place_MINI,False,-6.131025314331055,0.00020031532039865851,-0.0012281383002125112
49302,34.5,0.009703576564788818,9,lag_02__T2__duck_amount,T2__duck_amount,False,2.8115739822387695,0.0004323761095292866,0.0012156574200941628
49302,34.5,0.009703576564788818,10,lag_15__CT3__duck_amount,CT3__duck_amount,False,-3.7208433151245117,-0.00030784468981437385,0.0011454418561923918
49302,34.5,0.009703576564788818,11,lag_11__CT3__is_walking,CT3__is_walking,False,2.387126922607422,-0.00047269437345676124,-0.0011283814650436819
49302,34.5,0.009703576564788818,12,lag_09__T5__is_walking,T5__is_walking,False,2.3193888664245605,0.00046198672498576343,0.001071526866367925
49302,34.5,0.009703576564788818,13,lag_07__T2__is_walking,T2__is_walking,False,2.2968344688415527,0.00045005904394201934,0.001033711125139905
49302,34.5,0.009703576564788818,14,lag_03__T1__is_walking,T1__is_walking,False,2.281590461730957,0.0004292548110242933,0.000979383682485152
49302,34.5,0.009703576564788818,15,lag_14__T5__is_walking,T5__is_walking,False,2.3193888664245605,0.0004222536808811128,0.0009793704862424424
49302,34.5,0.009703576564788818,16,lag_03__T4__is_walking,T4__is_walking,False,2.307980537414551,0.00040515183354727924,0.0009350825465249402
49302,34.5,0.009703576564788818,17,lag_05__T5__is_walking,T5__is_walking,False,-2.3193888664245605,-0.00038661874714307487,0.0008967192176746602
49302,34.5,0.009703576564788818,18,lag_01__T_duck_amount_mean,T_duck_amount_mean,False,1.0595612525939941,0.0008338342304341495,0.0008834984416545566
49302,34.5,0.009703576564788818,19,lag_03__CT3__is_walking,CT3__is_walking,False,-2.387126922607422,-0.0003415636019781232,0.0008153556700647435
49302,34.5,0.009703576564788818,20,lag_08__T4__is_scoped,T4__is_scoped,False,4.644811153411865,-0.00016427968512289226,-0.0007630481137377992
51254,65.0,0.009666621685028076,1,lag_06__T_place_MINI,T_place_MINI,False,-13.912817001342773,0.0017149008344858885,-0.02385910148565218
51254,65.0,0.009666621685028076,2,lag_11__T_place_MINI,T_place_MINI,False,13.91281509399414,0.0006724930135533214,0.009356270949570256
51254,65.0,0.009666621685028076,3,lag_04__T_place_MINI,T_place_MINI,False,-13.91281509399414,-0.0005958647816441953,0.008290156528038883
51254,65.0,0.009666621685028076,4,lag_13__CT_place_LOCKERROOM,CT_place_LOCKERROOM,False,-12.448311805725098,0.00033603841438889503,-0.004183110961014425
51254,65.0,0.009666621685028076,5,lag_15__CT5__duck_amount,CT5__duck_amount,False,-3.7749595642089844,-0.0010374754201620817,0.003916427759972585
51254,65.0,0.009666621685028076,6,lag_10__CT5__is_walking,CT5__is_walking,False,2.396676540374756,0.0009141857735812664,0.0021910075970865694
51254,65.0,0.009666621685028076,7,lag_08__T3__is_walking,T3__is_walking,False,2.3223767280578613,0.0009110851678997278,0.002115882991209017
51254,65.0,0.009666621685028076,8,lag_05__CT4__duck_amount,CT4__duck_amount,False,3.4163658618927,-0.0005860349629074335,-0.0020021098411525107
51254,65.0,0.009666621685028076,9,lag_13__CT5__duck_amount,CT5__duck_amount,False,-3.7749595642089844,0.0005157488631084561,-0.0019469311035211767
51254,65.0,0.009666621685028076,10,lag_09__CT5__duck_amount,CT5__duck_amount,False,3.534308910369873,0.00048814306501299143,0.0017252483842106758
51254,65.0,0.009666621685028076,11,lag_14__CT5__duck_amount,CT5__duck_amount,False,3.7749595642089844,0.00039486627792939544,0.0014906042324531743
51254,65.0,0.009666621685028076,12,lag_14__CT_duck_amount_mean,CT_duck_amount_mean,False,1.996178150177002,-0.0007341195014305413,-0.0014654333083744808
51254,65.0,0.009666621685028076,13,lag_05__T3__is_walking,T3__is_walking,False,-2.3223767280578613,0.0006230797152966261,-0.0014470258305298023
51254,65.0,0.009666621685028076,14,lag_07__CT5__is_walking,CT5__is_walking,False,2.396676540374756,0.0005616898415610194,0.0013461888662361088
51254,65.0,0.009666621685028076,15,lag_00__CT_flashed_players,CT_flashed_players,False,-2.1899399757385254,-0.0005995391984470189,0.0013129548577013594
51254,65.0,0.009666621685028076,16,lag_04__CT4__duck_amount,CT4__duck_amount,False,-3.4163658618927,-0.00037282524863258004,0.0012737074518800046
51254,65.0,0.009666621685028076,17,lag_07__CT5__duck_amount,CT5__duck_amount,False,-2.8762805461883545,-0.00042337129707448184,0.0012177346255898627
51254,65.0,0.009666621685028076,18,lag_05__CT5__is_walking,CT5__is_walking,False,2.396676540374756,0.000485501775983721,0.0011635907168104642
51254,65.0,0.009666621685028076,19,lag_00__damage_diff_last_5s,damage_diff_last_5s,False,-0.5414347648620605,0.0020862389355897903,-0.0011295622875371336
51254,65.0,0.009666621685028076,20,lag_00__CT1__flash_duration,CT1__flash_duration,True,-4.75895881652832,-0.00023729447275400162,0.0011292746232260953
47510,6.5,-0.00948721170425415,1,lag_08__CT_place_OUTSIDE,CT_place_OUTSIDE,False,8.59863567352295,0.0004940523067489266,0.0042481757893976235
47510,6.5,-0.00948721170425415,2,lag_01__CT_place_HELL,CT_place_HELL,False,5.4229230880737305,-0.0004694078816100955,-0.002545562838907167
47510,6.5,-0.00948721170425415,3,lag_02__CT_place_HELL,CT_place_HELL,False,5.4229230880737305,0.0004571386380121112,0.0024790276745264572
47510,6.5,-0.00948721170425415,4,lag_05__CT5__duck_amount,CT5__duck_amount,False,-3.7749595642089844,-0.0005901423864997923,0.002227763646162506
47510,6.5,-0.00948721170425415,5,lag_06__CT5__duck_amount,CT5__duck_amount,False,3.7749595642089844,0.0005144865717738867,0.0019421660047749256
47510,6.5,-0.00948721170425415,6,lag_03__CT_place_HELL,CT_place_HELL,False,5.4229230880737305,0.00022264679137151688,0.001207396425414134
47510,6.5,-0.00948721170425415,7,lag_01__CT_place_OUTSIDE,CT_place_OUTSIDE,False,-2.149658679962158,0.00046048936201259494,-0.0009898949540806112
47510,6.5,-0.00948721170425415,8,lag_12__CT_velocity_mean,CT_velocity_mean,False,3.5042614936828613,0.0002824429830070585,0.0009897540695125578
47510,6.5,-0.00948721170425415,9,lag_12__T_velocity_mean,T_velocity_mean,False,3.4458701610565186,-0.00028342471341602504,-0.0009766447628662758
47510,6.5,-0.00948721170425415,10,lag_07__CT_place_OUTSIDE,CT_place_OUTSIDE,False,2.1496591567993164,0.00044026493560522795,0.0009464195502414396
47510,6.5,-0.00948721170425415,11,lag_13__CT1__smoke,CT1__smoke,True,1.5014548301696777,-0.0006281981477513909,-0.0009432111432449708
47510,6.5,-0.00948721170425415,12,lag_13__T5__smoke,T5__smoke,True,1.4999849796295166,-0.0005236524739302695,-0.0007854708454412412
47510,6.5,-0.00948721170425415,13,lag_13__T_velocity_mean,T_velocity_mean,False,-1.7359485626220703,0.0003850919601973146,-0.0006684998347818438
47510,6.5,-0.00948721170425415,14,lag_13__CT_closest_enemy_dist,CT_closest_enemy_dist,False,4.341063022613525,-0.0001535457413410768,-0.0006665517400155294
47510,6.5,-0.00948721170425415,15,lag_13__CT_place_CTSPAWN,CT_place_CTSPAWN,False,4.78255033493042,-0.00013556094199884683,-0.0006483270285600681
47510,6.5,-0.00948721170425415,16,lag_04__T_place_OUTSIDE,T_place_OUTSIDE,False,2.6496124267578125,0.00024152697005774826,0.0006399528612621719
47510,6.5,-0.00948721170425415,17,lag_05__CT_duck_amount_mean,CT_duck_amount_mean,False,-1.197706937789917,-0.00046590386773459613,0.0005580162947288816
47510,6.5,-0.00948721170425415,18,lag_13__T_place_TSPAWN,T_place_TSPAWN,False,4.428390979766846,-0.00012105959467589855,-0.0005360992170769796
47510,6.5,-0.00948721170425415,19,lag_13__centroid_distance_xy,centroid_distance_xy,False,3.9753661155700684,-0.0001340625312877819,-0.0005329476442490003
47510,6.5,-0.00948721170425415,20,lag_13__CT_walking_count,CT_walking_count,False,-1.0355465412139893,0.0005054055363871157,-0.0005233709551160787
48950,29.0,-0.009389102458953857,1,lag_01__CT_place_MINI,CT_place_MINI,False,-6.131025314331055,-0.0009253682801499963,0.005673456350678618
48950,29.0,-0.009389102458953857,2,lag_06__CT3__shots_fired,CT3__shots_fired,False,-3.5999112129211426,0.0005895274807699025,-0.002122246588348725
48950,29.0,-0.009389102458953857,3,lag_03__CT_place_MINI,CT_place_MINI,False,6.131025314331055,-0.0003287628060206771,-0.0020156530861232813
48950,29.0,-0.009389102458953857,4,lag_12__T5__is_walking,T5__is_walking,False,2.3193888664245605,-0.0008230392122641206,-0.001908947985556242
48950,29.0,-0.009389102458953857,5,lag_15__T2__is_walking,T2__is_walking,False,2.2968344688415527,0.0006923961918801069,0.0015903194396048592
48950,29.0,-0.009389102458953857,6,lag_10__T3__is_walking,T3__is_walking,False,-2.3223767280578613,-0.0006160950870253146,0.0014308048923783734
48950,29.0,-0.009389102458953857,7,lag_06__CT_shots_fired_sum,CT_shots_fired_sum,False,-4.863187313079834,0.0002904113498516381,-0.0014123247921728754
48950,29.0,-0.009389102458953857,8,lag_12__CT3__is_walking,CT3__is_walking,False,2.387126922607422,-0.0005332557484507561,-0.0012729491537619708
48950,29.0,-0.009389102458953857,9,lag_05__CT3__duck_amount,CT3__duck_amount,False,3.7208433151245117,-0.0003216130135115236,-0.0011966716313814019
48950,29.0,-0.009389102458953857,10,lag_01__CT2__is_walking,CT2__is_walking,False,-2.360051155090332,0.0004984759143553674,-0.0011764286574590943
48950,29.0,-0.009389102458953857,11,lag_07__CT3__duck_amount,CT3__duck_amount,False,-3.7208433151245117,0.00029716957942582667,-0.0011057214430649498
48950,29.0,-0.009389102458953857,12,lag_00__T4__is_scoped,T4__is_scoped,False,-4.644811153411865,0.0002100873098243028,-0.0009758158798622157
48950,29.0,-0.009389102458953857,13,lag_01__T4__is_walking,T4__is_walking,False,2.307980537414551,-0.0004183340643066913,-0.0009655068785573706
48950,29.0,-0.009389102458953857,14,lag_08__CT3__is_walking,CT3__is_walking,False,-2.387126922607422,-0.00040008954238146544,0.0009550645180724793
48950,29.0,-0.009389102458953857,15,lag_06__CT2__is_walking,CT2__is_walking,False,-2.360051155090332,-0.0003882960299961269,0.0009163984941093495
48950,29.0,-0.009389102458953857,16,lag_03__T5__is_walking,T5__is_walking,False,2.3193888664245605,-0.0003742877161130309,-0.0008681187615920405
48950,29.0,-0.009389102458953857,17,lag_15__CT1__is_walking,CT1__is_walking,False,2.3343825340270996,-0.00036810204619541764,-0.0008592909873782195
48950,29.0,-0.009389102458953857,18,lag_07__CT_shots_fired_sum,CT_shots_fired_sum,False,3.4737050533294678,-0.00022934139997232705,-0.0007966643800215271
48950,29.0,-0.009389102458953857,19,lag_03__T2__is_walking,T2__is_walking,False,-2.2968344688415527,0.00031122216023504734,-0.0007148257850951856
48950,29.0,-0.009389102458953857,20,lag_08__CT_shots_fired_sum,CT_shots_fired_sum,False,2.0842230319976807,-0.00032837261096574366,-0.0006844017588520171
51606,70.5,0.009155809879302979,1,lag_15__T_place_MINI,T_place_MINI,False,-13.91281509399414,0.00026626570615917444,-0.003704505535664371
51606,70.5,0.009155809879302979,2,lag_10__T_shots_fired_sum,T_shots_fired_sum,False,4.498422622680664,0.0004401568148750812,0.00198001137356113
51606,70.5,0.009155809879302979,3,lag_12__CT5__flash_duration,CT5__flash_duration,True,-3.943018913269043,0.0004630276816897094,-0.0018257269062696424
51606,70.5,0.009155809879302979,4,lag_15__CT4__duck_amount,CT4__duck_amount,False,-3.4163658618927,-0.0005327825783751905,0.0018201802125721728
51606,70.5,0.009155809879302979,5,lag_11__CT1__flash_duration,CT1__flash_duration,True,-4.75895881652832,0.00034159558708779514,-0.0016256393308586303
51606,70.5,0.009155809879302979,6,lag_09__T1__duck_amount,T1__duck_amount,False,3.2296335697174072,0.0004520034126471728,0.001459805395112139
51606,70.5,0.009155809879302979,7,lag_09__CT1__duck_amount,CT1__duck_amount,False,3.8154516220092773,0.0003815535455942154,0.0014557990944208399
51606,70.5,0.009155809879302979,8,lag_00__damage_diff_last_5s,damage_diff_last_5s,False,0.63167405128479,0.0020862389355897903,0.001317823000392071
51606,70.5,0.009155809879302979,9,lag_06__CT_place_OUTSIDE,CT_place_OUTSIDE,False,-2.1496591567993164,0.000581052852794528,-0.0012490655855941224
51606,70.5,0.009155809879302979,10,lag_00__CT1__duck_amount,CT1__duck_amount,False,-3.8154516220092773,0.0003175206948071718,-0.0012114848500235365
51606,70.5,0.009155809879302979,11,lag_03__CT_place_HELL,CT_place_HELL,False,-5.4229230880737305,0.00022264679137151688,-0.001207396425414134
51606,70.5,0.009155809879302979,12,lag_03__T_kills_last_3s,T_kills_last_3s,False,-3.1681017875671387,-0.0003804056323133409,0.001205163763732503
51606,70.5,0.009155809879302979,13,lag_14__CT_damage_last_5s,CT_damage_last_5s,False,2.179865598678589,0.000530524121131748,0.00115647128092429
51606,70.5,0.009155809879302979,14,lag_04__T3__is_walking,T3__is_walking,False,-2.3223767280578613,-0.00048691569827497005,0.0011308016861998338
51606,70.5,0.009155809879302979,15,lag_09__T_kills_last_3s,T_kills_last_3s,False,3.1681017875671387,-0.00032738555455580354,-0.0010371907606119002
51606,70.5,0.009155809879302979,16,lag_14__damage_diff_last_5s,damage_diff_last_5s,False,2.255978584289551,0.00045203082845546305,0.0010197718684341883
51606,70.5,0.009155809879302979,17,lag_09__T_shots_fired_sum,T_shots_fired_sum,False,-4.498422622680664,-0.00019668256572913378,0.0008847613031628121
51606,70.5,0.009155809879302979,18,lag_15__CT_duck_amount_mean,CT_duck_amount_mean,False,-1.8569107055664062,-0.0004715380782727152,0.0008756041056268149
51606,70.5,0.009155809879302979,19,lag_03__CT_place_HEAVEN,CT_place_HEAVEN,False,5.3994574546813965,0.00014794146409258246,0.0007988036411511745
51606,70.5,0.009155809879302979,20,lag_06__T_velocity_mean,T_velocity_mean,False,-0.7365258932113647,0.0010691974312067032,-0.0007874915930388138
50614,55.0,-0.008900821208953857,1,lag_00__kill_diff_last_3s,kill_diff_last_3s,False,-2.4069459438323975,0.0026839885395020247,-0.006460215328447039
50614,55.0,-0.008900821208953857,2,lag_06__CT1__is_scoped,CT1__is_scoped,False,-4.282663822174072,0.0014957779785618186,-0.006405914234791366
50614,55.0,-0.008900821208953857,3,lag_00__CT_kills_last_3s,CT_kills_last_3s,False,-2.8871402740478516,0.0021887090988457203,-0.006319110187452459
50614,55.0,-0.008900821208953857,4,lag_02__CT1__is_scoped,CT1__is_scoped,False,-4.282663822174072,0.0014207649510353804,-0.006084658655612141
50614,55.0,-0.008900821208953857,5,lag_05__CT_place_ADMIN,CT_place_ADMIN,False,-6.947057247161865,-0.0007170354947447777,0.004981286630239001
50614,55.0,-0.008900821208953857,6,lag_13__CT_place_MINI,CT_place_MINI,False,-6.131025314331055,-0.0005035438807681203,0.003087240279865844
50614,55.0,-0.008900821208953857,7,lag_03__CT1__is_scoped,CT1__is_scoped,False,4.282663822174072,0.0006467398488894105,0.0027697693531970047
50614,55.0,-0.008900821208953857,8,lag_08__CT1__is_scoped,CT1__is_scoped,False,4.282663822174072,-0.0006457447307184339,-0.002765507596607375
50614,55.0,-0.008900821208953857,9,lag_05__CT3__flash_duration,CT3__flash_duration,True,-3.253370761871338,0.0008124955929815769,-0.0026433494063555774
50614,55.0,-0.008900821208953857,10,lag_02__T3__is_walking,T3__is_walking,False,2.3223767280578613,-0.0010841221082955599,-0.0025177399546786328
50614,55.0,-0.008900821208953857,11,lag_02__CT_place_HELL,CT_place_HELL,False,-5.4229230880737305,0.0004571386380121112,-0.0024790276745264572
50614,55.0,-0.008900821208953857,12,lag_05__CT_place_HELL,CT_place_HELL,False,5.4229230880737305,-0.0004385269130580127,-0.0023780977215639987
50614,55.0,-0.008900821208953857,13,lag_08__T3__is_walking,T3__is_walking,False,2.3223767280578613,0.0009110851678997278,0.002115882991209017
50614,55.0,-0.008900821208953857,14,lag_05__CT_flashed_players,CT_flashed_players,False,-2.1899399757385254,0.0009271487360820174,-0.0020304000806014577
50614,55.0,-0.008900821208953857,15,lag_13__CT5__is_walking,CT5__is_walking,False,2.396676540374756,0.0008454928756691515,0.0020263729401702457
50614,55.0,-0.008900821208953857,16,lag_13__CT5__duck_amount,CT5__duck_amount,False,-3.7749595642089844,0.0005157488631084561,-0.0019469311035211767
50614,55.0,-0.008900821208953857,17,lag_12__T5__is_walking,T5__is_walking,False,-2.3193888664245605,-0.0008230392122641206,0.001908947985556242
50614,55.0,-0.008900821208953857,18,lag_04__CT_shots_fired_sum,CT_shots_fired_sum,False,-4.863187313079834,-0.0003788568137679249,0.0018424516501900218
50614,55.0,-0.008900821208953857,19,lag_02__CT_place_LOCKERROOM,CT_place_LOCKERROOM,False,12.448311805725098,-0.00014263250341173261,-0.0017755338761003964
50614,55.0,-0.008900821208953857,20,lag_01__CT1__is_scoped,CT1__is_scoped,False,4.282663822174072,-0.00039968665805645287,-0.00171172359066403
49430,36.5,-0.008424043655395508,1,lag_15__T4__is_scoped,T4__is_scoped,False,-4.644811153411865,0.0007548597059212625,-0.0035061807813242807
49430,36.5,-0.008424043655395508,2,lag_08__T5__is_walking,T5__is_walking,False,2.3193888664245605,0.0011377058690413833,0.0026387823259204635
49430,36.5,-0.008424043655395508,3,lag_06__T2__duck_amount,T2__duck_amount,False,2.8115739822387695,-0.0008612168021500111,-0.002421374753991845
49430,36.5,-0.008424043655395508,4,lag_07__T2__duck_amount,T2__duck_amount,False,1.0117440223693848,-0.0017421896336600184,-0.001762649947689432
49430,36.5,-0.008424043655395508,5,lag_00__T3__is_walking,T3__is_walking,False,-2.3223767280578613,0.0007178710657171905,-0.0016671670567676988
49430,36.5,-0.008424043655395508,6,lag_15__T2__is_walking,T2__is_walking,False,2.2968344688415527,0.0006923961918801069,0.0015903194396048592
49430,36.5,-0.008424043655395508,7,lag_07__T4__is_walking,T4__is_walking,False,2.307980537414551,-0.0006861970177851617,-0.0015837293618800596
49430,36.5,-0.008424043655395508,8,lag_02__CT3__is_walking,CT3__is_walking,False,-2.387126922607422,0.000597444421146065,-0.0014261756624793787
49430,36.5,-0.008424043655395508,9,lag_06__T5__is_walking,T5__is_walking,False,-2.3193888664245605,-0.0005818181089125574,0.001349462444095978
49430,36.5,-0.008424043655395508,10,lag_15__T_scoped_count,T_scoped_count,False,-2.8811259269714355,0.0004634616489056498,-0.0013352913728190002
49430,36.5,-0.008424043655395508,11,lag_05__CT5__is_walking,CT5__is_walking,False,2.396676540374756,0.000485501775983721,0.0011635907168104642
49430,36.5,-0.008424043655395508,12,lag_06__CT5__is_walking,CT5__is_walking,False,-2.396676540374756,-0.0004486564139369875,0.0010752843019714436
49430,36.5,-0.008424043655395508,13,lag_09__T5__is_walking,T5__is_walking,False,-2.3193888664245605,0.00046198672498576343,-0.001071526866367925
49430,36.5,-0.008424043655395508,14,lag_07__CT3__is_walking,CT3__is_walking,False,-2.387126922607422,0.0004160612297710031,-0.0009931909630395142
49430,36.5,-0.008424043655395508,15,lag_14__T5__is_walking,T5__is_walking,False,-2.3193888664245605,0.0004222536808811128,-0.0009793704862424424
49430,36.5,-0.008424043655395508,16,lag_00__T4__is_scoped,T4__is_scoped,False,-4.644811153411865,0.0002100873098243028,-0.0009758158798622157
49430,36.5,-0.008424043655395508,17,lag_03__CT1__is_walking,CT1__is_walking,False,2.3343825340270996,0.00041132044862024486,0.0009601792711472906
49430,36.5,-0.008424043655395508,18,lag_02__T4__flash_duration,T4__flash_duration,True,-3.9309911727905273,-0.00023048119328450412,0.000906019536295613
49430,36.5,-0.008424043655395508,19,lag_06__CT3__is_walking,CT3__is_walking,False,2.387126922607422,-0.00037061996408738196,-0.0008847168943287853
49430,36.5,-0.008424043655395508,20,lag_03__T3__is_walking,T3__is_walking,False,2.3223767280578613,0.0003286144929006696,0.0007631666508150503
48694,25.0,-0.008183807134628296,1,lag_00__CT_shots_fired_sum,CT_shots_fired_sum,False,2.0842230319976807,0.0014053488848730922,0.0029290605138447556
48694,25.0,-0.008183807134628296,2,lag_02__T3__is_walking,T3__is_walking,False,-2.3223767280578613,-0.0010841221082955599,0.0025177399546786328
48694,25.0,-0.008183807134628296,3,lag_07__T5__duck_amount,T5__duck_amount,False,1.5685356855392456,-0.00141742336563766,-0.002223279130519812
48694,25.0,-0.008183807134628296,4,lag_08__T3__is_walking,T3__is_walking,False,-2.3223767280578613,0.0009110851678997278,-0.002115882991209017
48694,25.0,-0.008183807134628296,5,lag_13__CT3__shots_fired,CT3__shots_fired,False,-2.5713651180267334,0.0006741049000993371,-0.0017333698260063313
48694,25.0,-0.008183807134628296,6,lag_05__T3__is_walking,T3__is_walking,False,-2.3223767280578613,0.0006230797152966261,-0.0014470258305298023
48694,25.0,-0.008183807134628296,7,lag_14__CT_shots_fired_sum,CT_shots_fired_sum,False,3.4737050533294678,-0.0004142530669923872,-0.0014389929721686859
48694,25.0,-0.008183807134628296,8,lag_10__T3__is_walking,T3__is_walking,False,-2.3223767280578613,-0.0006160950870253146,0.0014308048923783734
48694,25.0,-0.008183807134628296,9,lag_11__T5__is_walking,T5__is_walking,False,2.3193888664245605,0.0005790881114080548,0.001343130518278668
48694,25.0,-0.008183807134628296,10,lag_09__CT3__is_walking,CT3__is_walking,False,2.387126922607422,-0.0005413369508460164,-0.0012922400095667363
48694,25.0,-0.008183807134628296,11,lag_12__CT3__is_walking,CT3__is_walking,False,2.387126922607422,-0.0005332557484507561,-0.0012729491537619708
48694,25.0,-0.008183807134628296,12,lag_13__CT_shots_fired_sum,CT_shots_fired_sum,False,-3.4737050533294678,0.00036252537393011153,-0.0012593062233811833
48694,25.0,-0.008183807134628296,13,lag_00__CT3__shots_fired,CT3__shots_fired,False,1.5428190231323242,0.0007542061503045261,0.0011636035960532198
48694,25.0,-0.008183807134628296,14,lag_14__CT3__shots_fired,CT3__shots_fired,False,2.5713651180267334,0.00044074803008697927,0.0011333241104046557
48694,25.0,-0.008183807134628296,15,lag_11__CT3__is_walking,CT3__is_walking,False,-2.387126922607422,-0.00047269437345676124,0.0011283814650436819
48694,25.0,-0.008183807134628296,16,lag_09__T5__is_walking,T5__is_walking,False,2.3193888664245605,0.00046198672498576343,0.001071526866367925
48694,25.0,-0.008183807134628296,17,lag_07__T2__is_walking,T2__is_walking,False,2.2968344688415527,0.00045005904394201934,0.001033711125139905
48694,25.0,-0.008183807134628296,18,lag_07__CT3__is_walking,CT3__is_walking,False,-2.387126922607422,0.0004160612297710031,-0.0009931909630395142
48694,25.0,-0.008183807134628296,19,lag_15__T_A_site_active_infernos,T_A_site_active_infernos,True,-2.9764554500579834,0.0003081939066760242,-0.0009173254332005137
48694,25.0,-0.008183807134628296,20,lag_11__CT4__duck_amount,CT4__duck_amount,False,-3.6725916862487793,-0.00024797016521915793,0.0009106931672216156
51798,73.5,0.008018136024475098,1,lag_09__CT_place_HEAVEN,CT_place_HEAVEN,False,5.3994574546813965,0.0005930759944021702,0.00320228859916738
51798,73.5,0.008018136024475098,2,lag_02__CT_place_MINI,CT_place_MINI,False,6.131025314331055,-0.00042748061241582036,-0.0026208944561071368
51798,73.5,0.008018136024475098,3,lag_01__CT5__duck_amount,CT5__duck_amount,False,-3.6141715049743652,0.0006362353451550007,-0.0022994636549167335
51798,73.5,0.008018136024475098,4,lag_14__CT_duck_amount_mean,CT_duck_amount_mean,False,-2.994267225265503,-0.0007341195014305413,0.0021981499625617212
51798,73.5,0.008018136024475098,5,lag_15__T_shots_fired_sum,T_shots_fired_sum,False,-4.498422622680664,-0.0004792142426595092,0.0021557081902903175
51798,73.5,0.008018136024475098,6,lag_13__T_place_HUT,T_place_HUT,False,-9.321470260620117,0.0001956792693817988,-0.0018240184901623102
51798,73.5,0.008018136024475098,7,lag_10__T3__is_walking,T3__is_walking,False,-2.3223767280578613,-0.0006160950870253146,0.0014308048923783734
51798,73.5,0.008018136024475098,8,lag_15__CT_duck_amount_mean,CT_duck_amount_mean,False,2.994267225265503,-0.0004715380782727152,-0.0014119110132366705
51798,73.5,0.008018136024475098,9,lag_09__CT_place_HELL,CT_place_HELL,False,-5.4229230880737305,-0.00023063797561917454,0.0012507320029718078
51798,73.5,0.008018136024475098,10,lag_15__T_kills_last_3s,T_kills_last_3s,False,3.1681017875671387,-0.00035958067746832967,-0.001139188187062018
51798,73.5,0.008018136024475098,11,lag_12__CT_place_HELL,CT_place_HELL,False,5.4229230880737305,-0.00020721730834338814,-0.0011237235256638528
51798,73.5,0.008018136024475098,12,lag_06__CT5__is_walking,CT5__is_walking,False,-2.396676540374756,-0.0004486564139369875,0.0010752843019714436
51798,73.5,0.008018136024475098,13,lag_14__T_velocity_mean,T_velocity_mean,False,1.581441879272461,-0.0006706330459564924,-0.00106056718449965
51798,73.5,0.008018136024475098,14,lag_15__CT_kills_last_3s,CT_kills_last_3s,False,2.8871402740478516,0.0003650308644864708,0.0010538953101293935
51798,73.5,0.008018136024475098,15,lag_05__damage_diff_last_5s,damage_diff_last_5s,False,-2.459016799926758,0.0004231432976666838,-0.0010405164777387843
51798,73.5,0.008018136024475098,16,lag_09__T_kills_last_3s,T_kills_last_3s,False,-3.1681017875671387,-0.00032738555455580354,0.0010371907606119002
51798,73.5,0.008018136024475098,17,lag_03__CT5__duck_amount,CT5__duck_amount,False,3.7749595642089844,-0.0002455803914926946,-0.0009270560476475342
51798,73.5,0.008018136024475098,18,lag_03__CT_duck_amount_mean,CT_duck_amount_mean,False,2.994267225265503,-0.0002767359255813062,-0.0008286213120216185
51798,73.5,0.008018136024475098,19,lag_14__CT5__is_walking,CT5__is_walking,False,2.396676540374756,0.00032389917760156095,0.0007762815604043377
51798,73.5,0.008018136024475098,20,lag_01__CT1__is_walking,CT1__is_walking,False,-2.3343825340270996,0.0003324484277982265,-0.0007760618033169492
47318,3.5,0.007924944162368774,1,lag_06__T_velocity_mean,T_velocity_mean,False,3.4458701610565186,0.0010691974312067032,0.0036843155244734582
47318,3.5,0.007924944162368774,2,lag_06__CT_velocity_mean,CT_velocity_mean,False,3.5042614936828613,-0.000346307730069384,-0.0012135528434468607
47318,3.5,0.007924944162368774,3,lag_01__CT_place_OUTSIDE,CT_place_OUTSIDE,False,2.1496591567993164,0.00046048936201259494,0.00098989517365905
47318,3.5,0.007924944162368774,4,lag_07__T_place_TSPAWN,T_place_TSPAWN,False,4.428390979766846,0.00020898273214697838,0.0009254572459667099
47318,3.5,0.007924944162368774,5,lag_07__CT_place_CTSPAWN,CT_place_CTSPAWN,False,4.78255033493042,0.00013184372801333666,0.0006305492655686584
47318,3.5,0.007924944162368774,6,lag_07__T2__duck_amount,T2__duck_amount,False,-0.3351821005344391,-0.0017421896336600184,0.0005839507809394899
47318,3.5,0.007924944162368774,7,lag_07__T_duck_amount_mean,T_duck_amount_mean,False,-0.5425171852111816,-0.0010156609350815415,0.0005510135116293946
47318,3.5,0.007924944162368774,8,lag_07__CT_unique_places,CT_unique_places,False,-1.6410033702850342,-0.0003259815857745707,0.0005349368809069305
47318,3.5,0.007924944162368774,9,lag_07__T_closest_enemy_dist,T_closest_enemy_dist,False,4.2525153160095215,0.00011309264664305374,0.0004809282119776388
47318,3.5,0.007924944162368774,10,lag_07__T5__duck_amount,T5__duck_amount,False,-0.334852933883667,-0.00141742336563766,0.0004746283725390321
47318,3.5,0.007924944162368774,11,lag_07__CT_closest_enemy_dist,CT_closest_enemy_dist,False,4.341063022613525,9.184257942251861e-05,0.0003986944254325414
47318,3.5,0.007924944162368774,12,lag_07__T4__is_walking,T4__is_walking,False,-0.5780618786811829,-0.0006861970177851617,0.00039666433724631564
47318,3.5,0.007924944162368774,13,lag_07__T_velocity_mean,T_velocity_mean,False,-1.7359485626220703,-0.00022634702327195555,0.00039292678970273553
47318,3.5,0.007924944162368774,14,lag_00__CT5__duck_amount,CT5__duck_amount,False,3.7749595642089844,9.600690100342035e-05,0.0003624221691729268
47318,3.5,0.007924944162368774,15,lag_07__T5__utility_total,T5__utility_total,True,1.5134170055389404,-0.00023814954329282045,-0.0003604195686806866
47318,3.5,0.007924944162368774,16,lag_07__T_spread_xy,T_spread_xy,False,-1.4108495712280273,-0.00023663617321290076,0.00033385804351446224
47318,3.5,0.007924944162368774,17,lag_07__CT_velocity_mean,CT_velocity_mean,False,-1.694637656211853,0.00018331472529098392,-0.0003106520364162327
47318,3.5,0.007924944162368774,18,lag_07__CT5__is_walking,CT5__is_walking,False,-0.5380242466926575,0.0005616898415610194,-0.0003022027538807856
47318,3.5,0.007924944162368774,19,lag_07__T_walking_count,T_walking_count,False,-0.9998118877410889,-0.0002892723132390529,0.00028921789757076904
47318,3.5,0.007924944162368774,20,lag_07__T5__flash,T5__flash,True,0.6882370710372925,-0.0004044762172270566,-0.0002783755270485931
49462,37.0,0.007441043853759766,1,lag_07__T2__duck_amount,T2__duck_amount,False,2.8115739822387695,-0.0017421896336600184,-0.004898295046124601
49462,37.0,0.007441043853759766,2,lag_13__T4__is_scoped,T4__is_scoped,False,4.644811153411865,0.0006845768075436354,0.0031797299910457655
49462,37.0,0.007441043853759766,3,lag_01__CT5__duck_amount,CT5__duck_amount,False,3.5613739490509033,0.0006362353451550007,0.0022658719837004293
49462,37.0,0.007441043853759766,4,lag_13__T4__is_walking,T4__is_walking,False,-2.307980537414551,-0.000714772439096123,0.0016496808781141792
49462,37.0,0.007441043853759766,5,lag_07__T4__is_walking,T4__is_walking,False,-2.307980537414551,-0.0006861970177851617,0.0015837293618800596
49462,37.0,0.007441043853759766,6,lag_07__T5__duck_amount,T5__duck_amount,False,1.0323270559310913,-0.00141742336563766,-0.0014632444900566643
49462,37.0,0.007441043853759766,7,lag_11__T4__duck_amount,T4__duck_amount,False,2.4722955226898193,0.0005768715054728091,0.0014261968401477615
49462,37.0,0.007441043853759766,8,lag_02__CT3__is_walking,CT3__is_walking,False,2.387126922607422,0.000597444421146065,0.0014261756624793787
49462,37.0,0.007441043853759766,9,lag_07__CT5__is_walking,CT5__is_walking,False,-2.396676540374756,0.0005616898415610194,-0.0013461888662361088
49462,37.0,0.007441043853759766,10,lag_08__T4__is_walking,T4__is_walking,False,2.307980537414551,-0.0005796454497613013,-0.0013378104166499871
49462,37.0,0.007441043853759766,11,lag_06__T5__duck_amount,T5__duck_amount,False,2.7647061347961426,0.0004416982992552221,0.001221165997679935
49462,37.0,0.007441043853759766,12,lag_13__T_scoped_count,T_scoped_count,False,2.8811259269714355,0.0004139798111282289,0.0011927279670842783
49462,37.0,0.007441043853759766,13,lag_07__T_duck_amount_mean,T_duck_amount_mean,False,1.1716108322143555,-0.0010156609350815415,-0.0011899593533984953
49462,37.0,0.007441043853759766,14,lag_06__T1__is_walking,T1__is_walking,False,-2.281590461730957,-0.0005081794806756079,0.0011594574559568582
49462,37.0,0.007441043853759766,15,lag_01__T4__is_scoped,T4__is_scoped,False,-4.644811153411865,0.00024500780273228884,-0.0011380149748038693
49462,37.0,0.007441043853759766,16,lag_04__T3__is_walking,T3__is_walking,False,2.3223767280578613,-0.00048691569827497005,-0.0011308016861998338
49462,37.0,0.007441043853759766,17,lag_06__CT5__is_walking,CT5__is_walking,False,2.396676540374756,-0.0004486564139369875,-0.0010752843019714436
49462,37.0,0.007441043853759766,18,lag_09__T5__is_walking,T5__is_walking,False,2.3193888664245605,0.00046198672498576343,0.001071526866367925
49462,37.0,0.007441043853759766,19,lag_07__CT3__is_walking,CT3__is_walking,False,2.387126922607422,0.0004160612297710031,0.0009931909630395142
49462,37.0,0.007441043853759766,20,lag_14__T5__is_walking,T5__is_walking,False,2.3193888664245605,0.0004222536808811128,0.0009793704862424424
48790,26.5,-0.00740736722946167,1,lag_14__CT4__duck_amount,CT4__duck_amount,False,-3.6725916862487793,-0.002035298850387335,0.007474821636964224
48790,26.5,-0.00740736722946167,2,lag_08__T3__is_walking,T3__is_walking,False,-2.3223767280578613,0.0009110851678997278,-0.002115882991209017
48790,26.5,-0.00740736722946167,3,lag_12__T5__is_walking,T5__is_walking,False,2.3193888664245605,-0.0008230392122641206,-0.001908947985556242
48790,26.5,-0.00740736722946167,4,lag_01__CT3__shots_fired,CT3__shots_fired,False,-3.5999112129211426,0.00047640499542467296,-0.0017150156849209258
48790,26.5,-0.00740736722946167,5,lag_10__CT3__is_walking,CT3__is_walking,False,-2.387126922607422,0.0007095540058799088,-0.0016937954704798752
48790,26.5,-0.00740736722946167,6,lag_15__T2__is_walking,T2__is_walking,False,-2.2968344688415527,0.0006923961918801069,-0.0015903194396048592
48790,26.5,-0.00740736722946167,7,lag_05__T3__is_walking,T3__is_walking,False,-2.3223767280578613,0.0006230797152966261,-0.0014470258305298023
48790,26.5,-0.00740736722946167,8,lag_10__T3__is_walking,T3__is_walking,False,2.3223767280578613,-0.0006160950870253146,-0.0014308048923783734
48790,26.5,-0.00740736722946167,9,lag_12__CT3__is_walking,CT3__is_walking,False,2.387126922607422,-0.0005332557484507561,-0.0012729491537619708
48790,26.5,-0.00740736722946167,10,lag_09__T5__duck_amount,T5__duck_amount,False,-1.5685356855392456,-0.0007724037277512252,0.001211542810621337
48790,26.5,-0.00740736722946167,11,lag_01__CT2__is_walking,CT2__is_walking,False,-2.360051155090332,0.0004984759143553674,-0.0011764286574590943
48790,26.5,-0.00740736722946167,12,lag_04__T3__is_walking,T3__is_walking,False,2.3223767280578613,-0.00048691569827497005,-0.0011308016861998338
48790,26.5,-0.00740736722946167,13,lag_14__T_walking_count,T_walking_count,False,2.3912696838378906,0.000440860545495525,0.001054216457243684
48790,26.5,-0.00740736722946167,14,lag_13__CT3__shots_fired,CT3__shots_fired,False,1.5428190231323242,0.0006741049000993371,0.0010400218634599723
48790,26.5,-0.00740736722946167,15,lag_07__T2__is_walking,T2__is_walking,False,2.2968344688415527,0.00045005904394201934,0.001033711125139905
48790,26.5,-0.00740736722946167,16,lag_07__CT3__is_walking,CT3__is_walking,False,2.387126922607422,0.0004160612297710031,0.0009931909630395142
48790,26.5,-0.00740736722946167,17,lag_03__T1__is_walking,T1__is_walking,False,-2.281590461730957,0.0004292548110242933,-0.000979383682485152
48790,26.5,-0.00740736722946167,18,lag_14__T5__is_walking,T5__is_walking,False,2.3193888664245605,0.0004222536808811128,0.0009793704862424424
48790,26.5,-0.00740736722946167,19,lag_00__CT_shots_fired_sum,CT_shots_fired_sum,False,-0.6947410106658936,0.0014053488848730922,-0.0009763535046149185
48790,26.5,-0.00740736722946167,20,lag_02__CT3__duck_amount,CT3__duck_amount,False,-3.7208433151245117,-0.0002557828847784549,0.0009517280369511771
50390,51.5,0.007200002670288086,1,lag_02__T_place_SILO,T_place_SILO,False,-6.793753623962402,-0.0007168883457779884,0.004870362797105621
50390,51.5,0.007200002670288086,2,lag_06__CT_place_MINI,CT_place_MINI,False,-6.131025314331055,-0.0005633932305499911,0.0034541781584247477
50390,51.5,0.007200002670288086,3,lag_13__T2__duck_amount,T2__duck_amount,False,-3.8233180046081543,-0.0008803759119473398,0.0033659570749715872
50390,51.5,0.007200002670288086,4,lag_05__CT_place_RAFTERS,CT_place_RAFTERS,False,-5.343343257904053,-0.0006168928230181336,0.0032962701067233424
50390,51.5,0.007200002670288086,5,lag_03__CT1__is_scoped,CT1__is_scoped,False,-4.282663822174072,0.0006467398488894105,-0.0027697693531970047
50390,51.5,0.007200002670288086,6,lag_02__T3__is_walking,T3__is_walking,False,-2.3223767280578613,-0.0010841221082955599,0.0025177399546786328
50390,51.5,0.007200002670288086,7,lag_02__CT_place_ADMIN,CT_place_ADMIN,False,6.947057247161865,0.00034425503690727055,0.0023915594490186293
50390,51.5,0.007200002670288086,8,lag_10__CT5__is_walking,CT5__is_walking,False,-2.396676540374756,0.0009141857735812664,-0.0021910075970865694
50390,51.5,0.007200002670288086,9,lag_08__T3__is_walking,T3__is_walking,False,-2.3223767280578613,0.0009110851678997278,-0.002115882991209017
50390,51.5,0.007200002670288086,10,lag_06__CT5__duck_amount,CT5__duck_amount,False,-3.7749595642089844,0.0005144865717738867,-0.0019421660047749256
50390,51.5,0.007200002670288086,11,lag_15__T_shots_fired_sum,T_shots_fired_sum,False,-3.748685598373413,-0.0004792142426595092,0.0017964235299931242
50390,51.5,0.007200002670288086,12,lag_01__CT1__is_scoped,CT1__is_scoped,False,4.282663822174072,-0.00039968665805645287,-0.00171172359066403
50390,51.5,0.007200002670288086,13,lag_00__T3__is_walking,T3__is_walking,False,-2.3223767280578613,0.0007178710657171905,-0.0016671670567676988
50390,51.5,0.007200002670288086,14,lag_10__CT5__duck_amount,CT5__duck_amount,False,1.893931269645691,-0.0008654188131913543,-0.0016390437516427686
50390,51.5,0.007200002670288086,15,lag_15__T2__duck_amount,T2__duck_amount,False,3.8233180046081543,-0.0004255352832842618,-0.0016269567101767496
50390,51.5,0.007200002670288086,16,lag_10__T_kills_last_3s,T_kills_last_3s,False,-3.1681017875671387,-0.0005074117798358202,0.0016075321667304854
50390,51.5,0.007200002670288086,17,lag_07__CT5__duck_amount,CT5__duck_amount,False,3.7749595642089844,-0.00042337129707448184,-0.0015982095271028784
50390,51.5,0.007200002670288086,18,lag_02__CT3__is_walking,CT3__is_walking,False,-2.387126922607422,0.000597444421146065,-0.0014261756624793787
50390,51.5,0.007200002670288086,19,lag_07__CT5__is_walking,CT5__is_walking,False,-2.396676540374756,0.0005616898415610194,-0.0013461888662361088
50390,51.5,0.007200002670288086,20,lag_03__T2__flash_duration,T2__flash_duration,True,3.139570474624634,0.00042188153020106256,0.0013245267960087168
47446,5.5,-0.006930440664291382,1,lag_06__CT_place_OUTSIDE,CT_place_OUTSIDE,False,8.59863567352295,0.000581052852794528,0.004996261788241307
47446,5.5,-0.006930440664291382,2,lag_00__CT_place_HELL,CT_place_HELL,False,5.4229230880737305,0.000791971106082201,0.0042947983962604575
47446,5.5,-0.006930440664291382,3,lag_04__CT5__duck_amount,CT5__duck_amount,False,3.7749595642089844,-0.000887815491296351,-0.0033514675801220584
47446,5.5,-0.006930440664291382,4,lag_01__CT_place_HELL,CT_place_HELL,False,5.4229230880737305,-0.0004694078816100955,-0.002545562838907167
47446,5.5,-0.006930440664291382,5,lag_01__CT_place_OUTSIDE,CT_place_OUTSIDE,False,-2.1496591567993164,0.00046048936201259494,-0.00098989517365905
47446,5.5,-0.006930440664291382,6,lag_00__CT_shots_fired_sum,CT_shots_fired_sum,False,0.6947410106658936,0.0014053488848730922,0.0009763535046149185
47446,5.5,-0.006930440664291382,7,lag_01__T_place_OUTSIDE,T_place_OUTSIDE,False,2.6496129035949707,-0.0003630749706644565,-0.0009620081272449094
47446,5.5,-0.006930440664291382,8,lag_03__CT5__duck_amount,CT5__duck_amount,False,-3.7749595642089844,-0.0002455803914926946,0.0009270560476475342
47446,5.5,-0.006930440664291382,9,lag_11__CT_closest_enemy_dist,CT_closest_enemy_dist,False,4.341063022613525,-0.0001917675690492615,-0.0008324751029362351
47446,5.5,-0.006930440664291382,10,lag_05__CT_place_OUTSIDE,CT_place_OUTSIDE,False,2.1496591567993164,0.000374604482203722,0.0008052719553472976
47446,5.5,-0.006930440664291382,11,lag_11__centroid_distance_xy,centroid_distance_xy,False,3.9753661155700684,-0.00018087992793880403,-0.0007190639365146773
47446,5.5,-0.006930440664291382,12,lag_11__T4__molly,T4__molly,True,1.5230296850204468,0.00046673748875036836,0.0007108550504787078
47446,5.5,-0.006930440664291382,13,lag_04__CT_duck_amount_mean,CT_duck_amount_mean,False,1.197706937789917,-0.00055792584316805,-0.0006682316531346627
47446,5.5,-0.006930440664291382,14,lag_11__CT_place_CTSPAWN,CT_place_CTSPAWN,False,4.78255033493042,0.00013584675616584718,0.0006496939492001835
47446,5.5,-0.006930440664291382,15,lag_11__T_closest_enemy_dist,T_closest_enemy_dist,False,4.2525153160095215,-0.00014503287093248218,-0.0006167545049652126
47446,5.5,-0.006930440664291382,16,lag_11__T4__is_walking,T4__is_walking,False,-0.5780618786811829,-0.0009613109868951142,0.0005556972350814517
47446,5.5,-0.006930440664291382,17,lag_11__T_place_TSPAWN,T_place_TSPAWN,False,4.428390979766846,-0.0001218459801748395,-0.0005395816395271091
47446,5.5,-0.006930440664291382,18,lag_06__CT_place_CTSPAWN,CT_place_CTSPAWN,False,-4.163167476654053,-0.00010357611608924344,0.00043120471786088285
47446,5.5,-0.006930440664291382,19,lag_10__CT_velocity_mean,CT_velocity_mean,False,3.5042614936828613,-0.00011997619003523141,-0.00042042794289923885
47446,5.5,-0.006930440664291382,20,lag_10__T_velocity_mean,T_velocity_mean,False,3.4458701610565186,-0.0001210920381709002,-0.00041726744107462195
48918,28.5,0.00661131739616394,1,lag_00__CT_place_MINI,CT_place_MINI,False,-6.131025314331055,-0.0007892241119407117,0.00483875300898895
48918,28.5,0.00661131739616394,2,lag_14__T1__is_walking,T1__is_walking,False,2.281590461730957,0.0015562789048999548,0.003550791105212836
48918,28.5,0.00661131739616394,3,lag_02__CT_place_MINI,CT_place_MINI,False,6.131025314331055,-0.00042748061241582036,-0.0026208944561071368
48918,28.5,0.00661131739616394,4,lag_08__T3__is_walking,T3__is_walking,False,2.3223767280578613,0.0009110851678997278,0.002115882991209017
48918,28.5,0.00661131739616394,5,lag_05__CT3__shots_fired,CT3__shots_fired,False,-3.5999112129211426,0.0004741114389616996,-0.0017067590852924003
48918,28.5,0.00661131739616394,6,lag_06__CT3__shots_fired,CT3__shots_fired,False,2.5713653564453125,0.0005895274807699025,0.0015158905407242074
48918,28.5,0.00661131739616394,7,lag_10__T3__is_walking,T3__is_walking,False,2.3223767280578613,-0.0006160950870253146,-0.0014308048923783734
48918,28.5,0.00661131739616394,8,lag_06__T5__is_walking,T5__is_walking,False,2.3193888664245605,-0.0005818181089125574,-0.001349462444095978
48918,28.5,0.00661131739616394,9,lag_11__T5__is_walking,T5__is_walking,False,2.3193888664245605,0.0005790881114080548,0.001343130518278668
48918,28.5,0.00661131739616394,10,lag_11__CT3__is_walking,CT3__is_walking,False,2.387126922607422,-0.00047269437345676124,-0.0011283814650436819
48918,28.5,0.00661131739616394,11,lag_07__CT3__duck_amount,CT3__duck_amount,False,3.7208433151245117,0.00029716957942582667,0.0011057214430649498
48918,28.5,0.00661131739616394,12,lag_09__T5__is_walking,T5__is_walking,False,-2.3193888664245605,0.00046198672498576343,-0.001071526866367925
48918,28.5,0.00661131739616394,13,lag_06__CT_shots_fired_sum,CT_shots_fired_sum,False,3.4737050533294678,0.0002904113498516381,0.0010088033735238672
48918,28.5,0.00661131739616394,14,lag_07__CT3__is_walking,CT3__is_walking,False,-2.387126922607422,0.0004160612297710031,-0.0009931909630395142
48918,28.5,0.00661131739616394,15,lag_03__T1__is_walking,T1__is_walking,False,-2.281590461730957,0.0004292548110242933,-0.000979383682485152
48918,28.5,0.00661131739616394,16,lag_14__T5__is_walking,T5__is_walking,False,-2.3193888664245605,0.0004222536808811128,-0.0009793704862424424
48918,28.5,0.00661131739616394,17,lag_03__T5__is_walking,T5__is_walking,False,-2.3193888664245605,-0.0003742877161130309,0.0008681187615920405
48918,28.5,0.00661131739616394,18,lag_14__T3__is_walking,T3__is_walking,False,2.3223767280578613,-0.000338447920512408,-0.0007860035742575933
48918,28.5,0.00661131739616394,19,lag_12__CT1__is_walking,CT1__is_walking,False,2.3343825340270996,0.00032489976729266346,0.0007584403420774627
48918,28.5,0.00661131739616394,20,lag_03__T2__is_walking,T2__is_walking,False,2.2968344688415527,0.00031122216023504734,0.0007148257850951856
50966,60.5,0.006540477275848389,1,lag_04__CT_place_LOCKERROOM,CT_place_LOCKERROOM,False,-12.448311805725098,-0.00043654919136315584,0.005434300452625718
50966,60.5,0.006540477275848389,2,lag_00__T_place_MINI,T_place_MINI,False,13.912817001342773,0.00037581962533295155,0.0052287096727705595
50966,60.5,0.006540477275848389,3,lag_13__CT_place_LOCKERROOM,CT_place_LOCKERROOM,False,12.448311805725098,0.00033603841438889503,0.004183110961014425
50966,60.5,0.006540477275848389,4,lag_04__CT5__duck_amount,CT5__duck_amount,False,-3.7749595642089844,-0.000887815491296351,0.0033514675801220584
50966,60.5,0.006540477275848389,5,lag_02__T_place_MINI,T_place_MINI,False,13.91281509399414,0.00019566851551644504,0.0027222998760966233
50966,60.5,0.006540477275848389,6,lag_02__T3__is_walking,T3__is_walking,False,2.3223767280578613,-0.0010841221082955599,-0.0025177399546786328
50966,60.5,0.006540477275848389,7,lag_13__CT1__is_scoped,CT1__is_scoped,False,-4.282663822174072,0.0005760301137343049,-0.002466943328572724
50966,60.5,0.006540477275848389,8,lag_12__CT1__is_scoped,CT1__is_scoped,False,4.282663822174072,-0.0005525658489204943,-0.002366453770540705
50966,60.5,0.006540477275848389,9,lag_05__CT5__duck_amount,CT5__duck_amount,False,3.7749595642089844,-0.0005901423864997923,-0.002227763646162506
50966,60.5,0.006540477275848389,10,lag_11__CT5__duck_amount,CT5__duck_amount,False,3.7749595642089844,0.0005808984278701246,0.0021928680761222896
50966,60.5,0.006540477275848389,11,lag_06__CT5__duck_amount,CT5__duck_amount,False,-3.7749595642089844,0.0005144865717738867,-0.0019421660047749256
50966,60.5,0.006540477275848389,12,lag_14__CT1__is_scoped,CT1__is_scoped,False,4.282663822174072,-0.0004411787958815694,-0.0018894204682323168
50966,60.5,0.006540477275848389,13,lag_11__CT1__is_scoped,CT1__is_scoped,False,-4.282663822174072,0.00042847535223700106,-0.0018350158897186969
50966,60.5,0.006540477275848389,14,lag_13__CT_place_HELL,CT_place_HELL,False,-5.4229230880737305,0.0003305129357613623,-0.0017923462302473214
50966,60.5,0.006540477275848389,15,lag_00__T3__is_walking,T3__is_walking,False,-2.3223767280578613,0.0007178710657171905,-0.0016671670567676988
50966,60.5,0.006540477275848389,16,lag_07__T4__is_walking,T4__is_walking,False,-2.307980537414551,-0.0006861970177851617,0.0015837293618800596
50966,60.5,0.006540477275848389,17,lag_15__kill_diff_last_3s,kill_diff_last_3s,False,-2.4069459438323975,0.0005775074241682887,-0.0013900291521349584
50966,60.5,0.006540477275848389,18,lag_00__CT_flashed_players,CT_flashed_players,False,2.1899399757385254,-0.0005995391984470189,-0.0013129548577013594
50966,60.5,0.006540477275848389,19,lag_06__T1__is_walking,T1__is_walking,False,-2.281590461730957,-0.0005081794806756079,0.0011594574559568582
50966,60.5,0.006540477275848389,20,lag_15__T_kills_last_3s,T_kills_last_3s,False,3.1681017875671387,-0.00035958067746832967,-0.001139188187062018
51286,65.5,0.006514787673950195,1,lag_10__T_place_MINI,T_place_MINI,False,13.912817001342773,-0.0004558072832878679,-0.00634156332026331
51286,65.5,0.006514787673950195,2,lag_14__CT_place_LOCKERROOM,CT_place_LOCKERROOM,False,-12.448311805725098,0.0005039352108724415,-0.0062731426348239805
51286,65.5,0.006514787673950195,3,lag_08__T_place_HUT,T_place_HUT,False,9.321470260620117,0.0005006659775972366,0.004666943020676939
51286,65.5,0.006514787673950195,4,lag_07__T_place_MINI,T_place_MINI,False,-13.912817001342773,-0.00031838149880059063,0.004429583529425851
51286,65.5,0.006514787673950195,5,lag_00__T_shots_fired_sum,T_shots_fired_sum,False,4.498422622680664,-0.0008920037071220577,-0.004012609655632882
51286,65.5,0.006514787673950195,6,lag_05__T_place_MINI,T_place_MINI,False,-13.91281509399414,-0.00028417835710570216,0.00395372093612667
51286,65.5,0.006514787673950195,7,lag_15__CT5__duck_amount,CT5__duck_amount,False,3.7749595642089844,-0.0010374754201620817,-0.003916427759972585
51286,65.5,0.006514787673950195,8,lag_10__CT5__duck_amount,CT5__duck_amount,False,3.534308910369873,-0.0008654188131913543,-0.003058657422663924
51286,65.5,0.006514787673950195,9,lag_08__CT1__is_scoped,CT1__is_scoped,False,-4.282663822174072,-0.0006457447307184339,0.002765507596607375
51286,65.5,0.006514787673950195,10,lag_10__CT5__is_walking,CT5__is_walking,False,-2.396676540374756,0.0009141857735812664,-0.0021910075970865694
51286,65.5,0.006514787673950195,11,lag_05__CT4__duck_amount,CT4__duck_amount,False,-3.4163658618927,-0.0005860349629074335,0.0020021098411525107
51286,65.5,0.006514787673950195,12,lag_14__CT5__duck_amount,CT5__duck_amount,False,-3.7749595642089844,0.00039486627792939544,-0.0014906042324531743
51286,65.5,0.006514787673950195,13,lag_14__CT_duck_amount_mean,CT_duck_amount_mean,False,-1.996178150177002,-0.0007341195014305413,0.0014654333083744808
51286,65.5,0.006514787673950195,14,lag_10__T3__is_walking,T3__is_walking,False,-2.3223767280578613,-0.0006160950870253146,0.0014308048923783734
51286,65.5,0.006514787673950195,15,lag_07__CT5__is_walking,CT5__is_walking,False,-2.396676540374756,0.0005616898415610194,-0.0013461888662361088
51286,65.5,0.006514787673950195,16,lag_04__kill_diff_last_3s,kill_diff_last_3s,False,2.4069459438323975,0.0005452635232359171,0.0013124198255724528
51286,65.5,0.006514787673950195,17,lag_06__CT5__is_walking,CT5__is_walking,False,2.396676540374756,-0.0004486564139369875,-0.0010752843019714436
51286,65.5,0.006514787673950195,18,lag_10__CT1__is_scoped,CT1__is_scoped,False,4.282663822174072,-0.0002491537597961724,-0.0010670417932377163
51286,65.5,0.006514787673950195,19,lag_06__T_velocity_mean,T_velocity_mean,False,0.964119553565979,0.0010691974312067032,0.0010308341500488982
51286,65.5,0.006514787673950195,20,lag_00__CT_damage_last_5s,CT_damage_last_5s,False,0.5231677293777466,0.0018514466937631369,0.0009686171628399964
49814,42.5,-0.006505429744720459,1,lag_00__damage_diff_last_5s,damage_diff_last_5s,False,-1.6694244146347046,0.0020862389355897903,-0.003482818213835115
49814,42.5,-0.006505429744720459,2,lag_08__T5__is_walking,T5__is_walking,False,-2.3193888664245605,0.0011377058690413833,-0.0026387823259204635
49814,42.5,-0.006505429744720459,3,lag_10__CT4__duck_amount,CT4__duck_amount,False,3.6725916862487793,0.0006053324323147535,0.0022231388583359157
49814,42.5,-0.006505429744720459,4,lag_11__CT5__duck_amount,CT5__duck_amount,False,-3.7749595642089844,0.0005808984278701246,-0.0021928680761222896
49814,42.5,-0.006505429744720459,5,lag_13__CT5__is_walking,CT5__is_walking,False,-2.396676540374756,0.0008454928756691515,-0.0020263729401702457
49814,42.5,-0.006505429744720459,6,lag_05__CT4__duck_amount,CT4__duck_amount,False,-3.3475615978240967,-0.0005860349629074335,0.0019617881368111934
49814,42.5,-0.006505429744720459,7,lag_12__T5__is_walking,T5__is_walking,False,-2.3193888664245605,-0.0008230392122641206,0.001908947985556242
49814,42.5,-0.006505429744720459,8,lag_10__T3__is_walking,T3__is_walking,False,2.3223767280578613,-0.0006160950870253146,-0.0014308048923783734
49814,42.5,-0.006505429744720459,9,lag_06__T5__is_walking,T5__is_walking,False,-2.3193888664245605,-0.0005818181089125574,0.001349462444095978
49814,42.5,-0.006505429744720459,10,lag_09__CT3__is_walking,CT3__is_walking,False,2.387126922607422,-0.0005413369508460164,-0.0012922400095667363
49814,42.5,-0.006505429744720459,11,lag_12__CT3__is_walking,CT3__is_walking,False,-2.387126922607422,-0.0005332557484507561,0.0012729491537619708
49814,42.5,-0.006505429744720459,12,lag_06__T1__is_walking,T1__is_walking,False,-2.281590461730957,-0.0005081794806756079,0.0011594574559568582
49814,42.5,-0.006505429744720459,13,lag_01__T4__is_scoped,T4__is_scoped,False,4.644811153411865,0.00024500780273228884,0.0011380149748038693
49814,42.5,-0.006505429744720459,14,lag_07__CT3__is_walking,CT3__is_walking,False,-2.387126922607422,0.0004160612297710031,-0.0009931909630395142
49814,42.5,-0.006505429744720459,15,lag_00__T4__is_scoped,T4__is_scoped,False,-4.644811153411865,0.0002100873098243028,-0.0009758158798622157
49814,42.5,-0.006505429744720459,16,lag_03__T4__is_walking,T4__is_walking,False,-2.307980537414551,0.00040515183354727924,-0.0009350825465249402
49814,42.5,-0.006505429744720459,17,lag_06__CT2__is_walking,CT2__is_walking,False,-2.360051155090332,-0.0003882960299961269,0.0009163984941093495
49814,42.5,-0.006505429744720459,18,lag_09__T1__duck_amount,T1__duck_amount,False,1.9840095043182373,0.0004520034126471728,0.000896779066676269
49814,42.5,-0.006505429744720459,19,lag_06__CT3__is_walking,CT3__is_walking,False,2.387126922607422,-0.00037061996408738196,-0.0008847168943287853
49814,42.5,-0.006505429744720459,20,lag_15__CT1__is_walking,CT1__is_walking,False,2.3343825340270996,-0.00036810204619541764,-0.0008592909873782195
49782,42.0,0.006492674350738525,1,lag_10__CT5__duck_amount,CT5__duck_amount,False,-3.7749595642089844,-0.0008654188131913543,0.003266921025903091
49782,42.0,0.006492674350738525,2,lag_11__T4__is_walking,T4__is_walking,False,2.307980537414551,-0.0009613109868951142,-0.002218687048156698
49782,42.0,0.006492674350738525,3,lag_11__CT5__duck_amount,CT5__duck_amount,False,3.5613739490509033,0.0005808984278701246,0.002068796528061287
49782,42.0,0.006492674350738525,4,lag_11__T4__is_scoped,T4__is_scoped,False,-4.644811153411865,0.0003798323741648346,-0.0017642496479477326
49782,42.0,0.006492674350738525,5,lag_06__T5__is_walking,T5__is_walking,False,2.3193888664245605,-0.0005818181089125574,-0.001349462444095978
49782,42.0,0.006492674350738525,6,lag_11__T5__is_walking,T5__is_walking,False,-2.3193888664245605,0.0005790881114080548,-0.001343130518278668
49782,42.0,0.006492674350738525,7,lag_08__T4__is_walking,T4__is_walking,False,2.307980537414551,-0.0005796454497613013,-0.0013378104166499871
49782,42.0,0.006492674350738525,8,lag_12__CT3__is_walking,CT3__is_walking,False,2.387126922607422,-0.0005332557484507561,-0.0012729491537619708
49782,42.0,0.006492674350738525,9,lag_04__CT4__duck_amount,CT4__duck_amount,False,-3.3475615978240967,-0.00037282524863258004,0.0012480554850216458
49782,42.0,0.006492674350738525,10,lag_11__CT3__is_walking,CT3__is_walking,False,-2.387126922607422,-0.00047269437345676124,0.0011283814650436819
49782,42.0,0.006492674350738525,11,lag_09__T5__is_walking,T5__is_walking,False,2.3193888664245605,0.00046198672498576343,0.001071526866367925
49782,42.0,0.006492674350738525,12,lag_09__CT_B_site_active_smokes,CT_B_site_active_smokes,True,-3.32244610786438,-0.0003178224724251777,0.0010559480365008658
49782,42.0,0.006492674350738525,13,lag_09__T5__duck_amount,T5__duck_amount,False,-1.3260788917541504,-0.0007724037277512252,0.0010242682792831193
49782,42.0,0.006492674350738525,14,lag_15__T5__duck_amount,T5__duck_amount,False,-3.7970333099365234,0.0002670066605787724,-0.0010138331841925141
49782,42.0,0.006492674350738525,15,lag_00__T4__is_scoped,T4__is_scoped,False,4.644811153411865,0.0002100873098243028,0.0009758158798622157
49782,42.0,0.006492674350738525,16,lag_09__CT_A_site_active_smokes,CT_A_site_active_smokes,True,-3.2196006774902344,-0.0003028355713468045,0.000975009610676314
49782,42.0,0.006492674350738525,17,lag_01__T4__is_walking,T4__is_walking,False,2.307980537414551,-0.0004183340643066913,-0.0009655068785573706
49782,42.0,0.006492674350738525,18,lag_08__CT3__is_walking,CT3__is_walking,False,2.387126922607422,-0.00040008954238146544,-0.0009550645180724793
49782,42.0,0.006492674350738525,19,lag_05__T5__is_walking,T5__is_walking,False,-2.3193888664245605,-0.00038661874714307487,0.0008967192176746602
49782,42.0,0.006492674350738525,20,lag_09__CT4__duck_amount,CT4__duck_amount,False,3.6725916862487793,-0.00024302244128193706,-0.0008925221974239242
49334,35.0,-0.006461232900619507,1,lag_01__T5__duck_amount,T5__duck_amount,False,-3.7970333099365234,0.0013803831534460187,-0.005241360814109752
49334,35.0,-0.006461232900619507,2,lag_14__T1__is_walking,T1__is_walking,False,2.281590461730957,0.0015562789048999548,0.003550791105212836
49334,35.0,-0.006461232900619507,3,lag_13__CT_place_MINI,CT_place_MINI,False,-6.131025314331055,-0.0005035438807681203,0.003087240279865844
49334,35.0,-0.006461232900619507,4,lag_04__T_flashed_players,T_flashed_players,False,-1.9296237230300903,0.0015007505426183343,-0.0028958838493866185
49334,35.0,-0.006461232900619507,5,lag_00__T3__is_walking,T3__is_walking,False,2.3223767280578613,0.0007178710657171905,0.0016671670567676988
49334,35.0,-0.006461232900619507,6,lag_13__T4__is_walking,T4__is_walking,False,2.307980537414551,-0.000714772439096123,-0.0016496808781141792
49334,35.0,-0.006461232900619507,7,lag_15__T2__is_walking,T2__is_walking,False,-2.2968344688415527,0.0006923961918801069,-0.0015903194396048592
49334,35.0,-0.006461232900619507,8,lag_09__T4__is_scoped,T4__is_scoped,False,4.644811153411865,0.00032590876799076796,0.001513784680558239
49334,35.0,-0.006461232900619507,9,lag_15__CT_place_MINI,CT_place_MINI,False,6.131025314331055,-0.0002393448376096785,-0.0014674292582393944
49334,35.0,-0.006461232900619507,10,lag_10__T3__is_walking,T3__is_walking,False,-2.3223767280578613,-0.0006160950870253146,0.0014308048923783734
49334,35.0,-0.006461232900619507,11,lag_06__T5__is_walking,T5__is_walking,False,-2.3193888664245605,-0.0005818181089125574,0.001349462444095978
49334,35.0,-0.006461232900619507,12,lag_11__T5__is_walking,T5__is_walking,False,-2.3193888664245605,0.0005790881114080548,-0.001343130518278668
49334,35.0,-0.006461232900619507,13,lag_02__T5__duck_amount,T5__duck_amount,False,2.7647061347961426,0.00048527796752750874,0.0013416509739047067
49334,35.0,-0.006461232900619507,14,lag_12__CT3__is_walking,CT3__is_walking,False,2.387126922607422,-0.0005332557484507561,-0.0012729491537619708
49334,35.0,-0.006461232900619507,15,lag_01__T_duck_amount_mean,T_duck_amount_mean,False,-1.3758020401000977,0.0008338342304341495,-0.0011471908353365978
49334,35.0,-0.006461232900619507,16,lag_07__T2__is_walking,T2__is_walking,False,-2.2968344688415527,0.00045005904394201934,-0.001033711125139905
49334,35.0,-0.006461232900619507,17,lag_03__T4__is_walking,T4__is_walking,False,-2.307980537414551,0.00040515183354727924,-0.0009350825465249402
49334,35.0,-0.006461232900619507,18,lag_03__T2__duck_amount,T2__duck_amount,False,2.8115739822387695,-0.0003294431371614337,-0.0009262537530702053
49334,35.0,-0.006461232900619507,19,lag_05__T5__is_walking,T5__is_walking,False,2.3193888664245605,-0.00038661874714307487,-0.0008967192176746602
49334,35.0,-0.006461232900619507,20,lag_03__T5__is_walking,T5__is_walking,False,-2.3193888664245605,-0.0003742877161130309,0.0008681187615920405
50038,46.0,0.006065189838409424,1,lag_06__CT_place_MINI,CT_place_MINI,False,6.131025314331055,-0.0005633932305499911,-0.0034541781584247477
50038,46.0,0.006065189838409424,2,lag_06__T2__duck_amount,T2__duck_amount,False,-3.8233180046081543,-0.0008612168021500111,0.003292705705531196
50038,46.0,0.006065189838409424,3,lag_02__CT4__duck_amount,CT4__duck_amount,False,-3.6725916862487793,0.0005083826836198568,-0.0018670820172951297
50038,46.0,0.006065189838409424,4,lag_06__T5__duck_amount,T5__duck_amount,False,-3.7970333099365234,0.0004416982992552221,-0.001677143155214389
50038,46.0,0.006065189838409424,5,lag_00__T3__is_walking,T3__is_walking,False,2.3223767280578613,0.0007178710657171905,0.0016671670567676988
50038,46.0,0.006065189838409424,6,lag_02__T2__duck_amount,T2__duck_amount,False,-3.8233180046081543,0.0004323761095292866,-0.001653111364325749
50038,46.0,0.006065189838409424,7,lag_12__CT4__duck_amount,CT4__duck_amount,False,-3.3475615978240967,0.0004873345897067338,-0.0016313825577936245
50038,46.0,0.006065189838409424,8,lag_07__T4__is_walking,T4__is_walking,False,-2.307980537414551,-0.0006861970177851617,0.0015837293618800596
50038,46.0,0.006065189838409424,9,lag_04__T2__duck_amount,T2__duck_amount,False,3.8233180046081543,0.00039371088496409357,0.0015052819150934288
50038,46.0,0.006065189838409424,10,lag_13__T1__is_walking,T1__is_walking,False,-2.281590461730957,0.0006442470476031303,-0.001469907918809632
50038,46.0,0.006065189838409424,11,lag_05__CT_place_GARAGE,CT_place_GARAGE,False,-7.1875224113464355,0.0002002055844059214,-0.0014389821247942705
50038,46.0,0.006065189838409424,12,lag_12__T_active_infernos,T_active_infernos,True,2.082643508911133,0.0006854688981547952,0.0014275873513025505
50038,46.0,0.006065189838409424,13,lag_01__CT5__duck_amount,CT5__duck_amount,False,2.184244155883789,0.0006362353451550007,0.0013896933344215157
50038,46.0,0.006065189838409424,14,lag_01__T2__is_walking,T2__is_walking,False,-2.2968344688415527,-0.0005755001329816878,0.0013218285422552378
50038,46.0,0.006065189838409424,15,lag_01__T2__duck_amount,T2__duck_amount,False,1.466491460800171,0.000875247991643846,0.0012835437058281995
50038,46.0,0.006065189838409424,16,lag_05__T_shots_fired_sum,T_shots_fired_sum,False,3.748685598373413,-0.00032214540988206863,-0.0012076218586070109
50038,46.0,0.006065189838409424,17,lag_04__T_shots_fired_sum,T_shots_fired_sum,False,-3.748685598373413,-0.0003138912143185735,0.0011766794745719789
50038,46.0,0.006065189838409424,18,lag_06__T1__is_walking,T1__is_walking,False,-2.281590461730957,-0.0005081794806756079,0.0011594574559568582
50038,46.0,0.006065189838409424,19,lag_14__T5__is_walking,T5__is_walking,False,2.3193888664245605,0.0004222536808811128,0.0009793704862424424
50038,46.0,0.006065189838409424,20,lag_03__CT1__is_walking,CT1__is_walking,False,-2.3343825340270996,0.00041132044862024486,-0.0009601792711472906
48726,25.5,0.005868196487426758,1,lag_00__CT_shots_fired_sum,CT_shots_fired_sum,False,3.4737050533294678,0.0014053488848730922,0.004881767523074593
48726,25.5,0.005868196487426758,2,lag_08__T5__is_walking,T5__is_walking,False,-2.3193888664245605,0.0011377058690413833,-0.0026387823259204635
48726,25.5,0.005868196487426758,3,lag_02__T3__is_walking,T3__is_walking,False,2.3223767280578613,-0.0010841221082955599,-0.0025177399546786328
48726,25.5,0.005868196487426758,4,lag_07__T5__duck_amount,T5__duck_amount,False,-1.5685356855392456,-0.00141742336563766,0.002223279130519812
48726,25.5,0.005868196487426758,5,lag_08__T3__is_walking,T3__is_walking,False,2.3223767280578613,0.0009110851678997278,0.002115882991209017
48726,25.5,0.005868196487426758,6,lag_00__CT3__shots_fired,CT3__shots_fired,False,2.5713653564453125,0.0007542061503045261,0.0019393395665110447
48726,25.5,0.005868196487426758,7,lag_12__T5__is_walking,T5__is_walking,False,2.3193888664245605,-0.0008230392122641206,-0.001908947985556242
48726,25.5,0.005868196487426758,8,lag_12__CT4__duck_amount,CT4__duck_amount,False,-3.6725916862487793,0.0004873345897067338,-0.0017897809625784106
48726,25.5,0.005868196487426758,9,lag_10__CT3__is_walking,CT3__is_walking,False,2.387126922607422,0.0007095540058799088,0.0016937954704798752
48726,25.5,0.005868196487426758,10,lag_15__T2__is_walking,T2__is_walking,False,-2.2968344688415527,0.0006923961918801069,-0.0015903194396048592
48726,25.5,0.005868196487426758,11,lag_14__CT_shots_fired_sum,CT_shots_fired_sum,False,-3.4737050533294678,-0.0004142530669923872,0.0014389929721686859
48726,25.5,0.005868196487426758,12,lag_10__T3__is_walking,T3__is_walking,False,2.3223767280578613,-0.0006160950870253146,-0.0014308048923783734
48726,25.5,0.005868196487426758,13,lag_11__T5__is_walking,T5__is_walking,False,-2.3193888664245605,0.0005790881114080548,-0.001343130518278668
48726,25.5,0.005868196487426758,14,lag_12__CT3__is_walking,CT3__is_walking,False,-2.387126922607422,-0.0005332557484507561,0.0012729491537619708
48726,25.5,0.005868196487426758,15,lag_01__CT2__is_walking,CT2__is_walking,False,2.360051155090332,0.0004984759143553674,0.0011764286574590943
48726,25.5,0.005868196487426758,16,lag_15__CT3__shots_fired,CT3__shots_fired,False,2.5713651180267334,0.00044750847155228257,0.0011507076737709981
48726,25.5,0.005868196487426758,17,lag_15__CT3__duck_amount,CT3__duck_amount,False,3.7208433151245117,-0.00030784468981437385,-0.0011454418561923918
48726,25.5,0.005868196487426758,18,lag_14__CT3__shots_fired,CT3__shots_fired,False,-2.5713651180267334,0.00044074803008697927,-0.0011333241104046557
48726,25.5,0.005868196487426758,19,lag_04__T3__is_walking,T3__is_walking,False,2.3223767280578613,-0.00048691569827497005,-0.0011308016861998338
48726,25.5,0.005868196487426758,20,lag_07__T2__is_walking,T2__is_walking,False,-2.2968344688415527,0.00045005904394201934,-0.001033711125139905
51094,62.5,-0.005847632884979248,1,lag_06__T_place_MINI,T_place_MINI,False,13.91281509399414,0.0017149008344858885,0.023859098214738417
51094,62.5,-0.005847632884979248,2,lag_01__T_place_MINI,T_place_MINI,False,-13.912817001342773,-0.0011212662793695927,0.015599972554645625
51094,62.5,-0.005847632884979248,3,lag_04__CT1__is_scoped,CT1__is_scoped,False,4.282663822174072,-0.002525867195799947,-0.010817440059068706
51094,62.5,-0.005847632884979248,4,lag_04__T_place_MINI,T_place_MINI,False,13.912817001342773,-0.0005958647816441953,-0.00829015766456076
51094,62.5,-0.005847632884979248,5,lag_02__CT1__is_scoped,CT1__is_scoped,False,-4.282663822174072,0.0014207649510353804,-0.006084658655612141
51094,62.5,-0.005847632884979248,6,lag_15__CT5__duck_amount,CT5__duck_amount,False,3.7749595642089844,-0.0010374754201620817,-0.003916427759972585
51094,62.5,-0.005847632884979248,7,lag_14__T1__is_walking,T1__is_walking,False,-2.281590461730957,0.0015562789048999548,-0.003550791105212836
51094,62.5,-0.005847632884979248,8,lag_02__T_place_HUT,T_place_HUT,False,9.321470260620117,-0.0003632489242590964,-0.0033860140446834164
51094,62.5,-0.005847632884979248,9,lag_10__CT5__duck_amount,CT5__duck_amount,False,-3.7749595642089844,-0.0008654188131913543,0.003266921025903091
51094,62.5,-0.005847632884979248,10,lag_04__CT5__duck_amount,CT5__duck_amount,False,3.534308910369873,-0.000887815491296351,-0.0031378142016530997
51094,62.5,-0.005847632884979248,11,lag_08__CT_place_LOCKERROOM,CT_place_LOCKERROOM,False,-12.448311805725098,0.00024576971190981567,-0.0030594180062566145
51094,62.5,-0.005847632884979248,12,lag_04__CT_scoped_count,CT_scoped_count,False,2.141930103302002,-0.0012965175556018949,-0.0027770499818032257
51094,62.5,-0.005847632884979248,13,lag_00__T_flashed_players,T_flashed_players,False,-1.9296237230300903,-0.0011804020032286644,0.002277731708142272
51094,62.5,-0.005847632884979248,14,lag_11__T4__is_walking,T4__is_walking,False,-2.307980537414551,-0.0009613109868951142,0.002218687048156698
51094,62.5,-0.005847632884979248,15,lag_05__CT_flash_duration_sum,CT_flash_duration_sum,True,2.387267827987671,0.0009175981977023184,0.002190552656394215
51094,62.5,-0.005847632884979248,16,lag_08__T3__is_walking,T3__is_walking,False,-2.3223767280578613,0.0009110851678997278,-0.002115882991209017
51094,62.5,-0.005847632884979248,17,lag_05__CT_flashed_players,CT_flashed_players,False,2.1899399757385254,0.0009271487360820174,0.0020304000806014577
51094,62.5,-0.005847632884979248,18,lag_09__CT5__duck_amount,CT5__duck_amount,False,3.7749595642089844,0.00048814306501299143,0.00184272033197308
51094,62.5,-0.005847632884979248,19,lag_00__T3__is_walking,T3__is_walking,False,-2.3223767280578613,0.0007178710657171905,-0.0016671670567676988
51094,62.5,-0.005847632884979248,20,lag_13__T4__is_walking,T4__is_walking,False,2.307980537414551,-0.000714772439096123,-0.0016496808781141792
47126,0.5,-0.00572553277015686,1,lag_01__T2__smoke,T2__smoke,True,1.5516093969345093,-0.0006227888516150415,-0.0009663250344719501
47126,0.5,-0.00572553277015686,2,lag_00__T_velocity_mean,T_velocity_mean,False,3.4458701610565186,0.00026492413599044085,0.0009128941751531394
47126,0.5,-0.00572553277015686,3,lag_01__CT_place_CTSPAWN,CT_place_CTSPAWN,False,4.78255033493042,-0.00016526001854799688,-0.0007903643570573299
47126,0.5,-0.00572553277015686,4,lag_01__T_round_start_equip_sum,T_round_start_equip_sum,False,2.69425106048584,-0.0002679605095181614,-0.0007219528869376324
47126,0.5,-0.00572553277015686,5,lag_01__centroid_distance_xy,centroid_distance_xy,False,3.9753661155700684,-0.00017512778867967427,-0.0006961970770118925
47126,0.5,-0.00572553277015686,6,lag_01__T_unique_places,T_unique_places,False,-1.3668794631958008,-0.00040899490704759955,0.0005590467389950393
47126,0.5,-0.00572553277015686,7,lag_01__T2__hp,T2__hp,False,0.6935380101203918,-0.0007295386167243123,-0.0005059627605489628
47126,0.5,-0.00572553277015686,8,lag_01__T1__molly,T1__molly,True,1.5823309421539307,0.00029990231269039214,0.0004745447089935309
47126,0.5,-0.00572553277015686,9,lag_01__T2__has_helmet,T2__has_helmet,False,0.7421557903289795,-0.0006360007682815194,-0.0004720116528338092
47126,0.5,-0.00572553277015686,10,lag_01__T5__duck_amount,T5__duck_amount,False,-0.334852933883667,0.0013803831534460187,-0.00046222534881498745
47126,0.5,-0.00572553277015686,11,lag_01__T_duck_amount_mean,T_duck_amount_mean,False,-0.5425171852111816,0.0008338342304341495,-0.0004523693996278666
47126,0.5,-0.00572553277015686,12,lag_01__T_smoke_inv,T_smoke_inv,True,2.281003952026367,-0.0001915354805532843,-0.00043689318809531086
47126,0.5,-0.00572553277015686,13,lag_01__CT_velocity_mean,CT_velocity_mean,False,-1.694637656211853,-0.00025211108732037246,0.0004272369421216178
47126,0.5,-0.00572553277015686,14,lag_01__T_macro_OTHER,T_macro_OTHER,False,1.179738998413086,-0.00035247960477136075,-0.0004158339358940055
47126,0.5,-0.00572553277015686,15,lag_01__CT_closest_enemy_dist,CT_closest_enemy_dist,False,4.341063022613525,-9.288052388001233e-05,-0.00040320020773649407
47126,0.5,-0.00572553277015686,16,lag_01__T2__alive,T2__alive,False,0.5375790596008301,-0.0007483747322112322,-0.00040231058477113724
47126,0.5,-0.00572553277015686,17,lag_01__T2__utility_total,T2__utility_total,True,1.5908522605895996,-0.00023719982709735632,-0.00037734988114929147
47126,0.5,-0.00572553277015686,18,lag_01__T_molly_inv,T_molly_inv,True,2.267718553543091,0.0001599130337126553,0.0003626377535035502
47126,0.5,-0.00572553277015686,19,lag_01__T5__molly,T5__molly,True,1.579392433166504,0.00022710546909365803,0.0003586886594172528
47126,0.5,-0.00572553277015686,20,lag_01__T2__is_walking,T2__is_walking,False,-0.5837383270263672,-0.0005755001329816878,0.00033594148483018227
47574,7.5,-0.005655497312545776,1,lag_01__CT_place_HELL,CT_place_HELL,False,-16.268770217895508,-0.0004694078816100955,0.007636688964383742
47574,7.5,-0.005655497312545776,2,lag_01__CT_place_ADMIN,CT_place_ADMIN,False,6.947057247161865,0.0010386088397353888,0.007215275067050109
47574,7.5,-0.005655497312545776,3,lag_01__CT_place_HEAVEN,CT_place_HEAVEN,False,10.798914909362793,0.0002814343897625804,0.003039186027614549
47574,7.5,-0.005655497312545776,4,lag_10__CT_place_OUTSIDE,CT_place_OUTSIDE,False,8.59863567352295,0.0002922267303802073,0.002512751188604223
47574,7.5,-0.005655497312545776,5,lag_05__CT_place_HELL,CT_place_HELL,False,5.4229230880737305,-0.0004385269130580127,-0.0023780977215639987
47574,7.5,-0.005655497312545776,6,lag_14__T_velocity_mean,T_velocity_mean,False,3.4458701610565186,-0.0006706330459564924,-0.002310914402079922
47574,7.5,-0.005655497312545776,7,lag_07__CT5__duck_amount,CT5__duck_amount,False,-3.7749595642089844,-0.00042337129707448184,0.0015982095271028784
47574,7.5,-0.005655497312545776,8,lag_06__T_place_OUTSIDE,T_place_OUTSIDE,False,2.6496124267578125,-0.0005015732022002339,-0.0013289745894784488
47574,7.5,-0.005655497312545776,9,lag_04__CT_place_HELL,CT_place_HELL,False,5.4229230880737305,0.00022985135728958994,0.0012464662322708014
47574,7.5,-0.005655497312545776,10,lag_03__CT_place_HELL,CT_place_HELL,False,5.4229230880737305,0.00022264679137151688,0.001207396425414134
47574,7.5,-0.005655497312545776,11,lag_08__CT5__duck_amount,CT5__duck_amount,False,3.7749595642089844,-0.00027940631844103336,-0.0010547475540994
47574,7.5,-0.005655497312545776,12,lag_15__T_place_TSPAWN,T_place_TSPAWN,False,4.428390979766846,-0.00021695808391086757,-0.0009607752217783844
47574,7.5,-0.005655497312545776,13,lag_15__T1__molly,T1__molly,True,1.5823309421539307,-0.0005690421094186604,-0.000900412937121689
47574,7.5,-0.005655497312545776,14,lag_15__CT_closest_enemy_dist,CT_closest_enemy_dist,False,4.341063022613525,-0.0002062095154542476,-0.0008951685024494865
47574,7.5,-0.005655497312545776,15,lag_00__T_place_OUTSIDE,T_place_OUTSIDE,False,-1.3248066902160645,-0.0006606055540032685,0.0008751746575374197
47574,7.5,-0.005655497312545776,16,lag_05__T_place_OUTSIDE,T_place_OUTSIDE,False,2.6496129035949707,-0.0003302417753729969,-0.0008750128693344045
47574,7.5,-0.005655497312545776,17,lag_15__CT_place_CTSPAWN,CT_place_CTSPAWN,False,4.78255033493042,-0.00018039181304629892,-0.0008627329259032826
47574,7.5,-0.005655497312545776,18,lag_15__T_closest_enemy_dist,T_closest_enemy_dist,False,4.2525153160095215,-0.00019183277618139982,-0.0008157718188240293
47574,7.5,-0.005655497312545776,19,lag_05__CT_place_OUTSIDE,CT_place_OUTSIDE,False,-2.1496591567993164,0.000374604482203722,-0.0008052719553472976
47574,7.5,-0.005655497312545776,20,lag_15__T1__utility_total,T1__utility_total,True,2.255070209503174,-0.00032659751013852656,-0.000736500315611302
49558,38.5,-0.005451500415802002,1,lag_04__CT5__duck_amount,CT5__duck_amount,False,3.5613739490509033,-0.000887815491296351,-0.0031618429622666533
49558,38.5,-0.005451500415802002,2,lag_08__T5__is_walking,T5__is_walking,False,2.3193888664245605,0.0011377058690413833,0.0026387823259204635
49558,38.5,-0.005451500415802002,3,lag_02__T3__is_walking,T3__is_walking,False,2.3223767280578613,-0.0010841221082955599,-0.0025177399546786328
49558,38.5,-0.005451500415802002,4,lag_11__T4__is_walking,T4__is_walking,False,2.307980537414551,-0.0009613109868951142,-0.002218687048156698
49558,38.5,-0.005451500415802002,5,lag_10__CT5__is_walking,CT5__is_walking,False,-2.396676540374756,0.0009141857735812664,-0.0021910075970865694
49558,38.5,-0.005451500415802002,6,lag_09__T5__duck_amount,T5__duck_amount,False,2.7647061347961426,-0.0007724037277512252,-0.002135469324653222
49558,38.5,-0.005451500415802002,7,lag_12__T5__is_walking,T5__is_walking,False,2.3193888664245605,-0.0008230392122641206,-0.001908947985556242
49558,38.5,-0.005451500415802002,8,lag_02__CT4__duck_amount,CT4__duck_amount,False,3.6725916862487793,0.0005083826836198568,0.0018670820172951297
49558,38.5,-0.005451500415802002,9,lag_10__CT3__is_walking,CT3__is_walking,False,2.387126922607422,0.0007095540058799088,0.0016937954704798752
49558,38.5,-0.005451500415802002,10,lag_15__T2__is_walking,T2__is_walking,False,2.2968344688415527,0.0006923961918801069,0.0015903194396048592
49558,38.5,-0.005451500415802002,11,lag_08__T5__duck_amount,T5__duck_amount,False,-3.7970333099365234,-0.0003265233535785228,0.0012398200500098322
49558,38.5,-0.005451500415802002,12,lag_05__CT5__is_walking,CT5__is_walking,False,-2.396676540374756,0.000485501775983721,-0.0011635907168104642
49558,38.5,-0.005451500415802002,13,lag_00__T1__duck_amount,T1__duck_amount,False,-1.9840095043182373,0.0005807371344417334,-0.001152187994242937
49558,38.5,-0.005451500415802002,14,lag_04__T3__is_walking,T3__is_walking,False,-2.3223767280578613,-0.00048691569827497005,0.0011308016861998338
49558,38.5,-0.005451500415802002,15,lag_11__CT3__is_walking,CT3__is_walking,False,-2.387126922607422,-0.00047269437345676124,0.0011283814650436819
49558,38.5,-0.005451500415802002,16,lag_09__CT5__is_walking,CT5__is_walking,False,2.396676540374756,-0.00045766684343107045,-0.001096879386958613
49558,38.5,-0.005451500415802002,17,lag_04__T4__is_scoped,T4__is_scoped,False,-4.644811153411865,-0.00022275322407949716,0.0010346466596629009
49558,38.5,-0.005451500415802002,18,lag_01__T4__is_walking,T4__is_walking,False,2.307980537414551,-0.0004183340643066913,-0.0009655068785573706
49558,38.5,-0.005451500415802002,19,lag_03__CT5__duck_amount,CT5__duck_amount,False,-3.7749595642089844,-0.0002455803914926946,0.0009270560476475342
49558,38.5,-0.005451500415802002,20,lag_06__CT3__is_walking,CT3__is_walking,False,-2.387126922607422,-0.00037061996408738196,0.0008847168943287853
47798,11.0,0.005302399396896362,1,lag_04__T_flashed_players,T_flashed_players,False,5.788870811462402,0.0015007505426183343,0.008687651011449637
47798,11.0,0.005302399396896362,2,lag_06__CT_place_RAFTERS,CT_place_RAFTERS,False,5.343343257904053,-0.001137366285547614,-0.0060773384736482194
47798,11.0,0.005302399396896362,3,lag_05__CT_place_ADMIN,CT_place_ADMIN,False,-6.947057247161865,-0.0007170354947447777,0.004981286630239001
47798,11.0,0.005302399396896362,4,lag_02__T4__is_scoped,T4__is_scoped,False,4.644811153411865,0.0008677100413478911,0.004030349277980155
47798,11.0,0.005302399396896362,5,lag_15__CT5__duck_amount,CT5__duck_amount,False,3.7749595642089844,-0.0010374754201620817,-0.003916427759972585
47798,11.0,0.005302399396896362,6,lag_01__T2__duck_amount,T2__duck_amount,False,3.8233180046081543,0.000875247991643846,0.003346351404949044
47798,11.0,0.005302399396896362,7,lag_06__CT_place_GARAGE,CT_place_GARAGE,False,7.1875224113464355,-0.00046552554704248905,-0.0033459753024221994
47798,11.0,0.005302399396896362,8,lag_04__T2__flash_duration,T2__flash_duration,True,4.392442226409912,0.000758701644372195,0.0033325531399870656
47798,11.0,0.005302399396896362,9,lag_05__CT_place_RAFTERS,CT_place_RAFTERS,False,5.343343257904053,-0.0006168928230181336,-0.0032962701067233424
47798,11.0,0.005302399396896362,10,lag_10__CT_place_HELL,CT_place_HELL,False,5.4229230880737305,-0.0005772862350568175,-0.0031305788525167744
47798,11.0,0.005302399396896362,11,lag_08__CT_place_HELL,CT_place_HELL,False,-16.268770217895508,0.00018206868844572455,-0.0029620336561970995
47798,11.0,0.005302399396896362,12,lag_04__T_flash_duration_sum,T_flash_duration_sum,True,4.259374618530273,0.0006522853509522974,0.0027783276678853275
47798,11.0,0.005302399396896362,13,lag_03__CT1__is_scoped,CT1__is_scoped,False,4.282663822174072,0.0006467398488894105,0.0027697693531970047
47798,11.0,0.005302399396896362,14,lag_05__CT_place_HEAVEN,CT_place_HEAVEN,False,-5.3994574546813965,0.00047319562872871757,-0.0025549996650619244
47798,11.0,0.005302399396896362,15,lag_02__T3__is_walking,T3__is_walking,False,2.3223767280578613,-0.0010841221082955599,-0.0025177399546786328
47798,11.0,0.005302399396896362,16,lag_04__T5__flash_duration,T5__flash_duration,True,5.0312418937683105,0.0004470938292797655,0.002249437204317653
47798,11.0,0.005302399396896362,17,lag_02__T_scoped_count,T_scoped_count,False,2.8811259269714355,0.0005177047569304705,0.0014915725977088234
47798,11.0,0.005302399396896362,18,lag_14__CT5__duck_amount,CT5__duck_amount,False,-3.7749595642089844,0.00039486627792939544,-0.0014906042324531743
47798,11.0,0.005302399396896362,19,lag_04__CT_flashed_players,CT_flashed_players,False,2.1899399757385254,0.0006552239065058529,0.0014349010259167294
47798,11.0,0.005302399396896362,20,lag_06__CT_place_HEAVEN,CT_place_HEAVEN,False,-5.399457931518555,0.0002647130168043077,-0.0014293067981602237
47830,11.5,0.005292117595672607,1,lag_04__CT1__is_scoped,CT1__is_scoped,False,4.282663822174072,-0.002525867195799947,-0.010817440059068706
47830,11.5,0.005292117595672607,2,lag_09__CT_place_HEAVEN,CT_place_HEAVEN,False,10.798914909362793,0.0005930759944021702,0.00640457719833476
47830,11.5,0.005292117595672607,3,lag_05__CT1__flash_duration,CT1__flash_duration,True,4.021208763122559,0.0015557149890810251,0.006255854747013734
47830,11.5,0.005292117595672607,4,lag_07__CT_place_RAFTERS,CT_place_RAFTERS,False,5.343343257904053,-0.001169900526292622,-0.006251180089584085
47830,11.5,0.005292117595672607,5,lag_06__CT_place_RAFTERS,CT_place_RAFTERS,False,5.343343257904053,-0.001137366285547614,-0.0060773384736482194
47830,11.5,0.005292117595672607,6,lag_15__CT5__duck_amount,CT5__duck_amount,False,-3.7749595642089844,-0.0010374754201620817,0.003916427759972585
47830,11.5,0.005292117595672607,7,lag_09__CT_place_HELL,CT_place_HELL,False,-16.268770217895508,-0.00023063797561917454,0.003752196228868937
47830,11.5,0.005292117595672607,8,lag_00__T_place_SILO,T_place_SILO,False,6.793753623962402,0.0004119747318327427,0.0027988548273696345
47830,11.5,0.005292117595672607,9,lag_04__CT_scoped_count,CT_scoped_count,False,2.141930103302002,-0.0012965175556018949,-0.0027770499818032257
47830,11.5,0.005292117595672607,10,lag_05__T2__flash_duration,T2__flash_duration,True,4.392442226409912,0.0006276058265939355,0.0027567223342720992
47830,11.5,0.005292117595672607,11,lag_02__T3__is_walking,T3__is_walking,False,-2.3223767280578613,-0.0010841221082955599,0.0025177399546786328
47830,11.5,0.005292117595672607,12,lag_00__T_flashed_players,T_flashed_players,False,1.9296236038208008,-0.0011804020032286644,-0.002277731567427388
47830,11.5,0.005292117595672607,13,lag_06__CT_place_ADMIN,CT_place_ADMIN,False,-6.947057247161865,-0.00031424686312675476,0.0021830909478826044
47830,11.5,0.005292117595672607,14,lag_05__CT_flashed_players,CT_flashed_players,False,2.1899399757385254,0.0009271487360820174,0.0020304000806014577
47830,11.5,0.005292117595672607,15,lag_13__CT_place_HELL,CT_place_HELL,False,5.4229230880737305,0.0003305129357613623,0.0017923462302473214
47830,11.5,0.005292117595672607,16,lag_03__T4__is_scoped,T4__is_scoped,False,4.644811153411865,-0.00038077926728874445,-0.001768647787690758
47830,11.5,0.005292117595672607,17,lag_05__CT_flash_duration_sum,CT_flash_duration_sum,True,1.806563377380371,0.0009175981977023184,0.0016576992991192419
47830,11.5,0.005292117595672607,18,lag_02__T2__duck_amount,T2__duck_amount,False,3.8233180046081543,0.0004323761095292866,0.001653111364325749
47830,11.5,0.005292117595672607,19,lag_06__T_velocity_mean,T_velocity_mean,False,-1.5350751876831055,0.0010691974312067032,-0.0016412984473799241
47830,11.5,0.005292117595672607,20,lag_00__T_place_ROOF,T_place_ROOF,False,-5.663386344909668,-0.00025840249145403504,0.0014634331415914192
51510,69.0,0.005262851715087891,1,lag_04__T_place_HUT,T_place_HUT,False,-9.321470260620117,0.002016171347349882,-0.01879368125463632
51510,69.0,0.005262851715087891,2,lag_00__CT_kills_last_3s,CT_kills_last_3s,False,-2.8871407508850098,0.0021887090988457203,-0.006319111231110286
51510,69.0,0.005262851715087891,3,lag_00__CT_place_HEAVEN,CT_place_HEAVEN,False,5.3994574546813965,0.0009281832026317716,0.005011685712760172
51510,69.0,0.005262851715087891,4,lag_00__CT_place_HELL,CT_place_HELL,False,-5.4229230880737305,0.000791971106082201,-0.0042947983962604575
51510,69.0,0.005262851715087891,5,lag_15__T_place_HUT,T_place_HUT,False,9.321470260620117,0.0004139634838793427,0.003858748303963988
51510,69.0,0.005262851715087891,6,lag_00__T_kills_last_3s,T_kills_last_3s,False,-3.1681017875671387,-0.0011310519184917212,0.0035832876048048634
51510,69.0,0.005262851715087891,7,lag_15__CT5__duck_amount,CT5__duck_amount,False,-2.8762805461883545,-0.0010374754201620817,0.002984070368160785
51510,69.0,0.005262851715087891,8,lag_14__T_place_MINI,T_place_MINI,False,-13.912817001342773,-0.0002130497741745785,0.002964122520268314
51510,69.0,0.005262851715087891,9,lag_13__CT5__is_walking,CT5__is_walking,False,2.396676540374756,0.0008454928756691515,0.0020263729401702457
51510,69.0,0.005262851715087891,10,lag_06__T_velocity_mean,T_velocity_mean,False,-1.619233250617981,0.0010691974312067032,-0.001731280032085225
51510,69.0,0.005262851715087891,11,lag_00__T3__is_walking,T3__is_walking,False,2.3223767280578613,0.0007178710657171905,0.0016671670567676988
51510,69.0,0.005262851715087891,12,lag_12__CT4__duck_amount,CT4__duck_amount,False,-3.4163658618927,0.0004873345897067338,-0.0016649132555935711
51510,69.0,0.005262851715087891,13,lag_15__CT1__is_scoped,CT1__is_scoped,False,-4.282663822174072,0.0003843345621135086,-0.001645975724774637
51510,69.0,0.005262851715087891,14,lag_01__damage_diff_last_5s,damage_diff_last_5s,False,-2.255979061126709,0.0006586796371266246,-0.001485967469348204
51510,69.0,0.005262851715087891,15,lag_15__CT5__is_walking,CT5__is_walking,False,2.396676540374756,0.0006060510058887303,0.001452508228084043
51510,69.0,0.005262851715087891,16,lag_05__CT_duck_amount_mean,CT_duck_amount_mean,False,-2.994267225265503,-0.00046590386773459613,0.001395040681282135
51510,69.0,0.005262851715087891,17,lag_06__T1__duck_amount,T1__duck_amount,False,3.2296335697174072,0.0004022246866952628,0.0012990383507200873
51510,69.0,0.005262851715087891,18,lag_03__CT_place_HELL,CT_place_HELL,False,5.4229230880737305,0.00022264679137151688,0.001207396425414134
51510,69.0,0.005262851715087891,19,lag_05__CT_kills_last_3s,CT_kills_last_3s,False,-2.8871402740478516,0.00041048400453291833,-0.0011851249013394294
51510,69.0,0.005262851715087891,20,lag_13__CT4__duck_amount,CT4__duck_amount,False,3.4163658618927,-0.0003448402276262641,-0.0011781003814696767
50102,47.0,-0.004998743534088135,1,lag_08__CT_place_MINI,CT_place_MINI,False,6.131025314331055,-0.0012106822105124593,-0.007422723280262167
50102,47.0,-0.004998743534088135,2,lag_14__CT4__duck_amount,CT4__duck_amount,False,-3.3475615978240967,-0.002035298850387335,0.006813288271652174
50102,47.0,-0.004998743534088135,3,lag_07__T5__duck_amount,T5__duck_amount,False,3.4071004390716553,-0.00141742336563766,-0.004829303771414495
50102,47.0,-0.004998743534088135,4,lag_01__T2__duck_amount,T2__duck_amount,False,3.8233180046081543,0.000875247991643846,0.003346351404949044
50102,47.0,-0.004998743534088135,5,lag_06__T2__duck_amount,T2__duck_amount,False,3.8233180046081543,-0.0008612168021500111,-0.003292705705531196
50102,47.0,-0.004998743534088135,6,lag_02__T3__is_walking,T3__is_walking,False,2.3223767280578613,-0.0010841221082955599,-0.0025177399546786328
50102,47.0,-0.004998743534088135,7,lag_11__T4__is_walking,T4__is_walking,False,2.307980537414551,-0.0009613109868951142,-0.002218687048156698
50102,47.0,-0.004998743534088135,8,lag_01__T_kills_last_3s,T_kills_last_3s,False,-3.1681017875671387,-0.000641276768874377,0.0020316300777961926
50102,47.0,-0.004998743534088135,9,lag_02__CT4__duck_amount,CT4__duck_amount,False,3.6725916862487793,0.0005083826836198568,0.0018670820172951297
50102,47.0,-0.004998743534088135,10,lag_10__CT3__is_walking,CT3__is_walking,False,-2.387126922607422,0.0007095540058799088,-0.0016937954704798752
50102,47.0,-0.004998743534088135,11,lag_09__T4__is_scoped,T4__is_scoped,False,-4.644811153411865,0.00032590876799076796,-0.001513784680558239
50102,47.0,-0.004998743534088135,12,lag_04__T2__duck_amount,T2__duck_amount,False,-3.8233180046081543,0.00039371088496409357,-0.0015052819150934288
50102,47.0,-0.004998743534088135,13,lag_06__T5__duck_amount,T5__duck_amount,False,-3.4071004390716553,0.0004416982992552221,-0.0015049104693296705
50102,47.0,-0.004998743534088135,14,lag_01__kill_diff_last_3s,kill_diff_last_3s,False,2.4069459438323975,0.0006247517303563654,0.0015037436432835255
50102,47.0,-0.004998743534088135,15,lag_04__CT4__duck_amount,CT4__duck_amount,False,-3.6725916862487793,-0.00037282524863258004,0.0013692349085516475
50102,47.0,-0.004998743534088135,16,lag_01__T2__is_walking,T2__is_walking,False,-2.2968344688415527,-0.0005755001329816878,0.0013218285422552378
50102,47.0,-0.004998743534088135,17,lag_08__T5__duck_amount,T5__duck_amount,False,-3.7970333099365234,-0.0003265233535785228,0.0012398200500098322
50102,47.0,-0.004998743534088135,18,lag_01__CT5__duck_amount,CT5__duck_amount,False,1.893931269645691,0.0006362353451550007,0.0012049860150428748
50102,47.0,-0.004998743534088135,19,lag_10__T4__is_scoped,T4__is_scoped,False,4.644811153411865,0.0002422533871140331,0.0011252212344190632
50102,47.0,-0.004998743534088135,20,lag_07__T_duck_amount_mean,T_duck_amount_mean,False,1.0437235832214355,-0.0010156609350815415,-0.0010600692705013404
49526,38.0,0.0049807727336883545,1,lag_07__T5__duck_amount,T5__duck_amount,False,-3.7970333099365234,-0.00141742336563766,0.005382003733608531
49526,38.0,0.0049807727336883545,2,lag_15__T4__is_scoped,T4__is_scoped,False,4.644811153411865,0.0007548597059212625,0.0035061807813242807
49526,38.0,0.0049807727336883545,3,lag_12__T5__is_walking,T5__is_walking,False,-2.3193888664245605,-0.0008230392122641206,0.001908947985556242
49526,38.0,0.0049807727336883545,4,lag_01__T5__duck_amount,T5__duck_amount,False,-1.3260788917541504,0.0013803831534460187,-0.0018304969623177958
49526,38.0,0.0049807727336883545,5,lag_03__T4__is_scoped,T4__is_scoped,False,-4.644811153411865,-0.00038077926728874445,0.001768647787690758
49526,38.0,0.0049807727336883545,6,lag_10__CT3__is_walking,CT3__is_walking,False,-2.387126922607422,0.0007095540058799088,-0.0016937954704798752
49526,38.0,0.0049807727336883545,7,lag_01__CT4__duck_amount,CT4__duck_amount,False,3.6725916862487793,-0.00045866347500123084,-0.0016844836650754952
49526,38.0,0.0049807727336883545,8,lag_15__T4__is_walking,T4__is_walking,False,-2.307980537414551,0.0007160146487876773,-0.0016525478739056743
49526,38.0,0.0049807727336883545,9,lag_02__CT5__duck_amount,CT5__duck_amount,False,-3.7749595642089844,0.0004283810267224908,-0.0016171210539517311
49526,38.0,0.0049807727336883545,10,lag_04__CT5__is_walking,CT5__is_walking,False,-2.396676540374756,0.0006261920789256692,-0.001500779865329649
49526,38.0,0.0049807727336883545,11,lag_07__T_duck_amount_mean,T_duck_amount_mean,False,-1.3758020401000977,-0.0010156609350815415,0.0013973483865351577
49526,38.0,0.0049807727336883545,12,lag_11__T5__is_walking,T5__is_walking,False,2.3193888664245605,0.0005790881114080548,0.001343130518278668
49526,38.0,0.0049807727336883545,13,lag_15__T_scoped_count,T_scoped_count,False,2.8811259269714355,0.0004634616489056498,0.0013352913728190002
49526,38.0,0.0049807727336883545,14,lag_09__CT3__is_walking,CT3__is_walking,False,2.387126922607422,-0.0005413369508460164,-0.0012922400095667363
49526,38.0,0.0049807727336883545,15,lag_00__T1__duck_amount,T1__duck_amount,False,1.9840095043182373,0.0005807371344417334,0.001152187994242937
49526,38.0,0.0049807727336883545,16,lag_09__CT5__is_walking,CT5__is_walking,False,-2.396676540374756,-0.00045766684343107045,0.001096879386958613
49526,38.0,0.0049807727336883545,17,lag_09__T5__is_walking,T5__is_walking,False,-2.3193888664245605,0.00046198672498576343,-0.001071526866367925
49526,38.0,0.0049807727336883545,18,lag_01__T4__is_walking,T4__is_walking,False,-2.307980537414551,-0.0004183340643066913,0.0009655068785573706
49526,38.0,0.0049807727336883545,19,lag_03__T4__is_walking,T4__is_walking,False,2.307980537414551,0.00040515183354727924,0.0009350825465249402
49526,38.0,0.0049807727336883545,20,lag_08__T5__duck_amount,T5__duck_amount,False,2.7647061347961426,-0.0003265233535785228,-0.000902741118792752
49142,32.0,-0.004863381385803223,1,lag_09__CT_place_MINI,CT_place_MINI,False,6.131025314331055,0.0011554337106645107,0.007083993329115579
49142,32.0,-0.004863381385803223,2,lag_00__T_flashed_players,T_flashed_players,False,3.8592474460601807,-0.0011804020032286644,-0.004555463416284544
49142,32.0,-0.004863381385803223,3,lag_07__CT_place_MINI,CT_place_MINI,False,-6.131025314331055,-0.0005913241766393185,0.0036254234959516296
49142,32.0,-0.004863381385803223,4,lag_14__T1__is_walking,T1__is_walking,False,-2.281590461730957,0.0015562789048999548,-0.003550791105212836
49142,32.0,-0.004863381385803223,5,lag_11__T4__duck_amount,T4__duck_amount,False,-3.6976382732391357,0.0005768715054728091,-0.0021330621573773384
49142,32.0,-0.004863381385803223,6,lag_03__T4__is_scoped,T4__is_scoped,False,4.644811153411865,-0.00038077926728874445,-0.001768647787690758
49142,32.0,-0.004863381385803223,7,lag_13__CT3__shots_fired,CT3__shots_fired,False,2.5713653564453125,0.0006741049000993371,0.0017333699867254637
49142,32.0,-0.004863381385803223,8,lag_12__CT3__shots_fired,CT3__shots_fired,False,-3.5999112129211426,0.0004783144686371088,-0.0017218896189491462
49142,32.0,-0.004863381385803223,9,lag_00__T_flash_duration_sum,T_flash_duration_sum,True,1.9567619562149048,-0.0008311167475767434,-0.0016262976328312376
49142,32.0,-0.004863381385803223,10,lag_07__T4__is_walking,T4__is_walking,False,2.307980537414551,-0.0006861970177851617,-0.0015837293618800596
49142,32.0,-0.004863381385803223,11,lag_01__T2__is_walking,T2__is_walking,False,-2.2968344688415527,-0.0005755001329816878,0.0013218285422552378
49142,32.0,-0.004863381385803223,12,lag_13__CT_shots_fired_sum,CT_shots_fired_sum,False,3.4737050533294678,0.00036252537393011153,0.0012593062233811833
49142,32.0,-0.004863381385803223,13,lag_00__T2__flash_duration,T2__flash_duration,True,0.8754605054855347,-0.00131480791606009,-0.0011510624028103489
49142,32.0,-0.004863381385803223,14,lag_04__T3__is_walking,T3__is_walking,False,-2.3223767280578613,-0.00048691569827497005,0.0011308016861998338
49142,32.0,-0.004863381385803223,15,lag_09__T5__is_walking,T5__is_walking,False,2.3193888664245605,0.00046198672498576343,0.001071526866367925
49142,32.0,-0.004863381385803223,16,lag_03__T4__is_walking,T4__is_walking,False,-2.307980537414551,0.00040515183354727924,-0.0009350825465249402
49142,32.0,-0.004863381385803223,17,lag_05__T5__is_walking,T5__is_walking,False,-2.3193888664245605,-0.00038661874714307487,0.0008967192176746602
49142,32.0,-0.004863381385803223,18,lag_06__CT3__is_walking,CT3__is_walking,False,2.387126922607422,-0.00037061996408738196,-0.0008847168943287853
49142,32.0,-0.004863381385803223,19,lag_14__CT_duck_amount_mean,CT_duck_amount_mean,False,1.197706937789917,-0.0007341195014305413,-0.0008792600200302342
49142,32.0,-0.004863381385803223,20,lag_14__CT_shots_fired_sum,CT_shots_fired_sum,False,2.0842230319976807,-0.0004142530669923872,-0.0008633957833012115
50230,49.0,0.004561871290206909,1,lag_01__CT_place_MINI,CT_place_MINI,False,-6.131025314331055,-0.0009253682801499963,0.005673456350678618
50230,49.0,0.004561871290206909,2,lag_14__T4__is_scoped,T4__is_scoped,False,4.644811153411865,0.001090245321393013,0.00506398362876137
50230,49.0,0.004561871290206909,3,lag_13__T4__is_scoped,T4__is_scoped,False,-4.644811153411865,0.0006845768075436354,-0.0031797299910457655
50230,49.0,0.004561871290206909,4,lag_07__T2__duck_amount,T2__duck_amount,False,1.466491460800171,-0.0017421896336600184,-0.002554906220856995
50230,49.0,0.004561871290206909,5,lag_02__T3__is_walking,T3__is_walking,False,2.3223767280578613,-0.0010841221082955599,-0.0025177399546786328
50230,49.0,0.004561871290206909,6,lag_11__T_kills_last_3s,T_kills_last_3s,False,3.1681017875671387,-0.000776766799390316,-0.002460876285671265
50230,49.0,0.004561871290206909,7,lag_01__CT5__duck_amount,CT5__duck_amount,False,-3.7749595642089844,0.0006362353451550007,-0.002401762701280674
50230,49.0,0.004561871290206909,8,lag_14__T_scoped_count,T_scoped_count,False,2.8811259269714355,0.0006574045401066542,0.0018940652650100143
50230,49.0,0.004561871290206909,9,lag_04__CT5__duck_amount,CT5__duck_amount,False,-1.893931269645691,-0.000887815491296351,0.0016814615206420108
50230,49.0,0.004561871290206909,10,lag_15__T4__is_walking,T4__is_walking,False,2.307980537414551,0.0007160146487876773,0.0016525478739056743
50230,49.0,0.004561871290206909,11,lag_10__T_shots_fired_sum,T_shots_fired_sum,False,-3.748685598373413,0.0004401568148750812,-0.0016500095129481293
50230,49.0,0.004561871290206909,12,lag_13__T4__is_walking,T4__is_walking,False,-2.307980537414551,-0.000714772439096123,0.0016496808781141792
50230,49.0,0.004561871290206909,13,lag_08__CT4__duck_amount,CT4__duck_amount,False,-3.6725916862487793,-0.00044154396164231,0.0016216106826408977
50230,49.0,0.004561871290206909,14,lag_02__CT5__duck_amount,CT5__duck_amount,False,3.7749595642089844,0.0004283810267224908,0.0016171210539517311
50230,49.0,0.004561871290206909,15,lag_04__CT5__is_walking,CT5__is_walking,False,2.396676540374756,0.0006261920789256692,0.001500779865329649
50230,49.0,0.004561871290206909,16,lag_00__CT_place_RAFTERS,CT_place_RAFTERS,False,-5.343343257904053,-0.00027045782189816236,0.001445148979186961
50230,49.0,0.004561871290206909,17,lag_02__CT3__is_walking,CT3__is_walking,False,-2.387126922607422,0.000597444421146065,-0.0014261756624793787
50230,49.0,0.004561871290206909,18,lag_04__CT4__duck_amount,CT4__duck_amount,False,-3.6725916862487793,-0.00037282524863258004,0.0013692349085516475
50230,49.0,0.004561871290206909,19,lag_09__CT3__is_walking,CT3__is_walking,False,-2.387126922607422,-0.0005413369508460164,0.0012922400095667363
50230,49.0,0.004561871290206909,20,lag_06__T2__duck_amount,T2__duck_amount,False,-1.466491460800171,-0.0008612168021500111,0.0012629670862506215
51958,76.0,-0.004551053047180176,1,lag_07__CT_place_MINI,CT_place_MINI,False,6.131025314331055,-0.0005913241766393185,-0.0036254234959516296
51958,76.0,-0.004551053047180176,2,lag_04__CT5__duck_amount,CT5__duck_amount,False,-3.7749595642089844,-0.000887815491296351,0.0033514675801220584
51958,76.0,-0.004551053047180176,3,lag_05__CT5__duck_amount,CT5__duck_amount,False,3.7749595642089844,-0.0005901423864997923,-0.002227763646162506
51958,76.0,-0.004551053047180176,4,lag_06__CT5__duck_amount,CT5__duck_amount,False,-3.6141715049743652,0.0005144865717738867,-0.0018594427073971298
51958,76.0,-0.004551053047180176,5,lag_04__CT_duck_amount_mean,CT_duck_amount_mean,False,-2.994267225265503,-0.00055792584316805,0.0016705790663267134
51958,76.0,-0.004551053047180176,6,lag_04__CT5__is_walking,CT5__is_walking,False,2.396676540374756,0.0006261920789256692,0.001500779865329649
51958,76.0,-0.004551053047180176,7,lag_05__CT_duck_amount_mean,CT_duck_amount_mean,False,2.994267225265503,-0.00046590386773459613,-0.001395040681282135
51958,76.0,-0.004551053047180176,8,lag_11__CT1__duck_amount,CT1__duck_amount,False,-3.8154516220092773,-0.00034347709151916206,0.0013105202259598159
51958,76.0,-0.004551053047180176,9,lag_08__CT5__duck_amount,CT5__duck_amount,False,3.7749595642089844,-0.00027940631844103336,-0.0010547475540994
51958,76.0,-0.004551053047180176,10,lag_07__CT_place_OUTSIDE,CT_place_OUTSIDE,False,-2.1496589183807373,0.00044026493560522795,-0.0009464194452740993
51958,76.0,-0.004551053047180176,11,lag_06__CT_velocity_mean,CT_velocity_mean,False,2.5654709339141846,-0.000346307730069384,-0.0008884424156828039
51958,76.0,-0.004551053047180176,12,lag_10__damage_diff_last_5s,damage_diff_last_5s,False,-2.459016799926758,0.00032584607833996415,-0.0008012609808282223
51958,76.0,-0.004551053047180176,13,lag_14__T3__is_walking,T3__is_walking,False,2.3223767280578613,-0.000338447920512408,-0.0007860035742575933
51958,76.0,-0.004551053047180176,14,lag_11__CT5__is_walking,CT5__is_walking,False,-2.396676540374756,0.0003030672378372401,-0.0007263541390806899
51958,76.0,-0.004551053047180176,15,lag_15__T3__is_walking,T3__is_walking,False,-2.3223767280578613,-0.0002924582513514906,0.0006791982368671984
51958,76.0,-0.004551053047180176,16,lag_14__CT_place_HELL,CT_place_HELL,False,-5.4229230880737305,-0.00010731926886364818,0.0005819841409158699
51958,76.0,-0.004551053047180176,17,lag_14__T_velocity_mean,T_velocity_mean,False,-0.6489103436470032,-0.0006706330459564924,0.00043518072031266397
51958,76.0,-0.004551053047180176,18,lag_06__CT_walking_count,CT_walking_count,False,-0.8974475860595703,-0.0004760443698614836,0.0004272248705894377
51958,76.0,-0.004551053047180176,19,lag_07__CT1__is_walking,CT1__is_walking,False,2.3343825340270996,-0.0001824752107495442,-0.00042596694486665004
51958,76.0,-0.004551053047180176,20,lag_01__T3__has_bomb,T3__has_bomb,False,3.15621280670166,0.00013433910498861223,0.0004240028036058968
48374,20.0,-0.004397779703140259,1,lag_07__T2__duck_amount,T2__duck_amount,False,3.8233180046081543,-0.0017421896336600184,-0.006660944993814033
48374,20.0,-0.004397779703140259,2,lag_06__T2__duck_amount,T2__duck_amount,False,-3.8233180046081543,-0.0008612168021500111,0.003292705705531196
48374,20.0,-0.004397779703140259,3,lag_00__CT_shots_fired_sum,CT_shots_fired_sum,False,2.0842230319976807,0.0014053488848730922,0.0029290605138447556
48374,20.0,-0.004397779703140259,4,lag_02__T3__is_walking,T3__is_walking,False,-2.3223767280578613,-0.0010841221082955599,0.0025177399546786328
48374,20.0,-0.004397779703140259,5,lag_01__CT4__duck_amount,CT4__duck_amount,False,-3.6725916862487793,-0.00045866347500123084,0.0016844836650754952
48374,20.0,-0.004397779703140259,6,lag_06__T5__duck_amount,T5__duck_amount,False,-3.7970333099365234,0.0004416982992552221,-0.001677143155214389
48374,20.0,-0.004397779703140259,7,lag_00__T3__is_walking,T3__is_walking,False,-2.3223767280578613,0.0007178710657171905,-0.0016671670567676988
48374,20.0,-0.004397779703140259,8,lag_05__T3__is_walking,T3__is_walking,False,2.3223767280578613,0.0006230797152966261,0.0014470258305298023
48374,20.0,-0.004397779703140259,9,lag_10__T3__is_walking,T3__is_walking,False,2.3223767280578613,-0.0006160950870253146,-0.0014308048923783734
48374,20.0,-0.004397779703140259,10,lag_02__CT3__is_walking,CT3__is_walking,False,2.387126922607422,0.000597444421146065,0.0014261756624793787
48374,20.0,-0.004397779703140259,11,lag_01__T2__is_walking,T2__is_walking,False,2.2968344688415527,-0.0005755001329816878,-0.0013218285422552378
48374,20.0,-0.004397779703140259,12,lag_04__CT_shots_fired_sum,CT_shots_fired_sum,False,3.4737050533294678,-0.0003788568137679249,-0.0013160368284739418
48374,20.0,-0.004397779703140259,13,lag_09__CT3__is_walking,CT3__is_walking,False,-2.387126922607422,-0.0005413369508460164,0.0012922400095667363
48374,20.0,-0.004397779703140259,14,lag_12__CT3__is_walking,CT3__is_walking,False,2.387126922607422,-0.0005332557484507561,-0.0012729491537619708
48374,20.0,-0.004397779703140259,15,lag_03__CT3__shots_fired,CT3__shots_fired,False,-2.5713651180267334,0.0004854855942539871,-0.0012483607223691823
48374,20.0,-0.004397779703140259,16,lag_07__T_duck_amount_mean,T_duck_amount_mean,False,1.1631746292114258,-0.0010156609350815415,-0.001181391031568002
48374,20.0,-0.004397779703140259,17,lag_00__CT3__shots_fired,CT3__shots_fired,False,1.5428190231323242,0.0007542061503045261,0.0011636035960532198
48374,20.0,-0.004397779703140259,18,lag_12__T2__duck_amount,T2__duck_amount,False,-3.8233180046081543,0.00030239493935368955,-0.0011561520161333522
48374,20.0,-0.004397779703140259,19,lag_04__T3__is_walking,T3__is_walking,False,-2.3223767280578613,-0.00048691569827497005,0.0011308016861998338
48374,20.0,-0.004397779703140259,20,lag_09__CT_B_site_active_smokes,CT_B_site_active_smokes,True,3.32244610786438,-0.0003178224724251777,-0.0010559480365008658
48854,27.5,-0.00438302755355835,1,lag_00__CT_place_MINI,CT_place_MINI,False,6.131025314331055,-0.0007892241119407117,-0.00483875300898895
48854,27.5,-0.00438302755355835,2,lag_08__T3__is_walking,T3__is_walking,False,2.3223767280578613,0.0009110851678997278,0.002115882991209017
48854,27.5,-0.00438302755355835,3,lag_12__T5__is_walking,T5__is_walking,False,-2.3193888664245605,-0.0008230392122641206,0.001908947985556242
48854,27.5,-0.00438302755355835,4,lag_03__CT3__shots_fired,CT3__shots_fired,False,-3.5999112129211426,0.0004854855942539871,-0.0017477050344666123
48854,27.5,-0.00438302755355835,5,lag_15__T2__is_walking,T2__is_walking,False,-2.2968344688415527,0.0006923961918801069,-0.0015903194396048592
48854,27.5,-0.00438302755355835,6,lag_10__T3__is_walking,T3__is_walking,False,-2.3223767280578613,-0.0006160950870253146,0.0014308048923783734
48854,27.5,-0.00438302755355835,7,lag_01__T2__is_walking,T2__is_walking,False,2.2968344688415527,-0.0005755001329816878,-0.0013218285422552378
48854,27.5,-0.00438302755355835,8,lag_04__CT_shots_fired_sum,CT_shots_fired_sum,False,3.4737050533294678,-0.0003788568137679249,-0.0013160368284739418
48854,27.5,-0.00438302755355835,9,lag_09__CT3__is_walking,CT3__is_walking,False,2.387126922607422,-0.0005413369508460164,-0.0012922400095667363
48854,27.5,-0.00438302755355835,10,lag_12__CT3__is_walking,CT3__is_walking,False,-2.387126922607422,-0.0005332557484507561,0.0012729491537619708
48854,27.5,-0.00438302755355835,11,lag_05__CT3__duck_amount,CT3__duck_amount,False,3.7208433151245117,-0.0003216130135115236,-0.0011966716313814019
48854,27.5,-0.00438302755355835,12,lag_15__CT3__duck_amount,CT3__duck_amount,False,3.7208433151245117,-0.00030784468981437385,-0.0011454418561923918
48854,27.5,-0.00438302755355835,13,lag_09__T5__is_walking,T5__is_walking,False,2.3193888664245605,0.00046198672498576343,0.001071526866367925
48854,27.5,-0.00438302755355835,14,lag_01__CT3__duck_amount,CT3__duck_amount,False,-3.7208433151245117,0.00027258991030976176,-0.0010142643455464673
48854,27.5,-0.00438302755355835,15,lag_14__T5__is_walking,T5__is_walking,False,2.3193888664245605,0.0004222536808811128,0.0009793704862424424
48854,27.5,-0.00438302755355835,16,lag_02__CT3__duck_amount,CT3__duck_amount,False,3.7208433151245117,-0.0002557828847784549,-0.0009517280369511771
48854,27.5,-0.00438302755355835,17,lag_14__CT_duck_amount_mean,CT_duck_amount_mean,False,-1.197706937789917,-0.0007341195014305413,0.0008792600200302342
48854,27.5,-0.00438302755355835,18,lag_14__CT_shots_fired_sum,CT_shots_fired_sum,False,-2.0842230319976807,-0.0004142530669923872,0.0008633957833012115
48854,27.5,-0.00438302755355835,19,lag_15__CT1__is_walking,CT1__is_walking,False,-2.3343825340270996,-0.00036810204619541764,0.0008592909873782195
48854,27.5,-0.00438302755355835,20,lag_14__T3__is_walking,T3__is_walking,False,2.3223767280578613,-0.000338447920512408,-0.0007860035742575933
48022,14.5,-0.0042830705642700195,1,lag_13__CT_place_GARAGE,CT_place_GARAGE,False,7.1875224113464355,0.0006033730460330844,0.004336757290765159
48022,14.5,-0.0042830705642700195,2,lag_01__T2__duck_amount,T2__duck_amount,False,-3.8233180046081543,0.000875247991643846,-0.003346351404949044
48022,14.5,-0.0042830705642700195,3,lag_06__T2__duck_amount,T2__duck_amount,False,-3.8233180046081543,-0.0008612168021500111,0.003292705705531196
48022,14.5,-0.0042830705642700195,4,lag_04__T_flashed_players,T_flashed_players,False,-1.9296236038208008,0.0015007505426183343,-0.0028958836704832125
48022,14.5,-0.0042830705642700195,5,lag_04__CT_flashed_players,CT_flashed_players,False,-4.379879951477051,0.0006552239065058529,-0.002869802051833459
48022,14.5,-0.0042830705642700195,6,lag_08__CT_place_RAFTERS,CT_place_RAFTERS,False,-5.343343257904053,0.0005252965493127704,-0.0028068397751706553
48022,14.5,-0.0042830705642700195,7,lag_08__T5__is_walking,T5__is_walking,False,-2.3193888664245605,0.0011377058690413833,-0.0026387823259204635
48022,14.5,-0.0042830705642700195,8,lag_08__T3__is_walking,T3__is_walking,False,-2.3223767280578613,0.0009110851678997278,-0.002115882991209017
48022,14.5,-0.0042830705642700195,9,lag_12__T5__is_walking,T5__is_walking,False,2.3193888664245605,-0.0008230392122641206,-0.001908947985556242
48022,14.5,-0.0042830705642700195,10,lag_03__T2__flash_duration,T2__flash_duration,True,-4.392442226409912,0.00042188153020106256,-0.0018530902477975758
48022,14.5,-0.0042830705642700195,11,lag_15__CT_place_HEAVEN,CT_place_HEAVEN,False,10.798914909362793,0.00016227322339545935,0.0017523747315155852
48022,14.5,-0.0042830705642700195,12,lag_15__CT_place_ADMIN,CT_place_ADMIN,False,6.947057247161865,-0.00024286838015541434,-0.0016872205404651341
48022,14.5,-0.0042830705642700195,13,lag_06__T5__duck_amount,T5__duck_amount,False,3.7970333099365234,0.0004416982992552221,0.001677143155214389
48022,14.5,-0.0042830705642700195,14,lag_09__T4__is_scoped,T4__is_scoped,False,4.644811153411865,0.00032590876799076796,0.001513784680558239
48022,14.5,-0.0042830705642700195,15,lag_11__CT1__flash_duration,CT1__flash_duration,True,4.021208763122559,0.00034159558708779514,0.001373627168241437
48022,14.5,-0.0042830705642700195,16,lag_07__CT5__is_walking,CT5__is_walking,False,-2.396676540374756,0.0005616898415610194,-0.0013461888662361088
48022,14.5,-0.0042830705642700195,17,lag_11__T5__is_walking,T5__is_walking,False,-2.3193888664245605,0.0005790881114080548,-0.001343130518278668
48022,14.5,-0.0042830705642700195,18,lag_11__CT1__duck_amount,CT1__duck_amount,False,-3.8154516220092773,-0.00034347709151916206,0.0013105202259598159
48022,14.5,-0.0042830705642700195,19,lag_04__CT1__flash_duration,CT1__flash_duration,True,-4.021208763122559,0.0003235740587115288,-0.0013011588404099328
48022,14.5,-0.0042830705642700195,20,lag_01__CT2__is_walking,CT2__is_walking,False,2.360051155090332,0.0004984759143553674,0.0011764286574590943
51862,74.5,-0.004138171672821045,1,lag_15__T_place_HUT,T_place_HUT,False,-9.321470260620117,0.0004139634838793427,-0.003858748303963988
51862,74.5,-0.004138171672821045,2,lag_11__T_kills_last_3s,T_kills_last_3s,False,-3.1681017875671387,-0.000776766799390316,0.002460876285671265
51862,74.5,-0.004138171672821045,3,lag_01__CT5__duck_amount,CT5__duck_amount,False,-3.7749595642089844,0.0006362353451550007,-0.002401762701280674
51862,74.5,-0.004138171672821045,4,lag_04__CT_place_MINI,CT_place_MINI,False,6.131025314331055,-0.00038950785528868437,-0.002388082520905721
51862,74.5,-0.004138171672821045,5,lag_05__CT5__duck_amount,CT5__duck_amount,False,3.7749595642089844,-0.0005901423864997923,-0.002227763646162506
51862,74.5,-0.004138171672821045,6,lag_02__CT_duck_amount_mean,CT_duck_amount_mean,False,2.994267225265503,0.0005872309557162225,0.001758326404362423
51862,74.5,-0.004138171672821045,7,lag_02__CT5__duck_amount,CT5__duck_amount,False,3.7749595642089844,0.0004283810267224908,0.0016171210539517311
51862,74.5,-0.004138171672821045,8,lag_05__CT_duck_amount_mean,CT_duck_amount_mean,False,2.994267225265503,-0.00046590386773459613,-0.001395040681282135
51862,74.5,-0.004138171672821045,9,lag_09__CT1__duck_amount,CT1__duck_amount,False,3.277567148208618,0.0003815535455942154,0.0012505673663221195
51862,74.5,-0.004138171672821045,10,lag_11__CT_place_HELL,CT_place_HELL,False,-5.4229230880737305,0.0002110927161993459,-0.0011447395644016284
51862,74.5,-0.004138171672821045,11,lag_03__CT1__is_walking,CT1__is_walking,False,-2.3343825340270996,0.00041132044862024486,-0.0009601792711472906
51862,74.5,-0.004138171672821045,12,lag_11__CT_kills_last_3s,CT_kills_last_3s,False,-2.8871407508850098,-0.00032022903906181455,0.0009245463082921124
51862,74.5,-0.004138171672821045,13,lag_12__CT_damage_last_5s,CT_damage_last_5s,False,-2.179865598678589,-0.00042137119453400373,0.0009185325712387782
51862,74.5,-0.004138171672821045,14,lag_03__CT5__duck_amount,CT5__duck_amount,False,-3.6141715049743652,-0.0002455803914926946,0.0008875696531133459
51862,74.5,-0.004138171672821045,15,lag_03__CT_duck_amount_mean,CT_duck_amount_mean,False,-2.866731643676758,-0.0002767359255813062,0.0007933276348061069
51862,74.5,-0.004138171672821045,16,lag_11__CT_place_HEAVEN,CT_place_HEAVEN,False,5.3994574546813965,0.00014668621588498354,0.000792025981859179
51862,74.5,-0.004138171672821045,17,lag_12__damage_diff_last_5s,damage_diff_last_5s,False,-2.255979061126709,-0.00035100500099360943,0.0007918599325923426
51862,74.5,-0.004138171672821045,18,lag_14__T3__is_walking,T3__is_walking,False,2.3223767280578613,-0.000338447920512408,-0.0007860035742575933
51862,74.5,-0.004138171672821045,19,lag_07__damage_diff_last_5s,damage_diff_last_5s,False,-2.459016799926758,0.0002972278743982315,-0.0007308883365517715
51862,74.5,-0.004138171672821045,20,lag_09__T_B_site_active_smokes,T_B_site_active_smokes,True,-1.5147855281829834,0.0004822536720894277,-0.000730510883394167
51222,64.5,0.004106104373931885,1,lag_03__T_place_MINI,T_place_MINI,False,-13.91281509399414,-0.002085759537294507,0.029018786772913252
51222,64.5,0.004106104373931885,2,lag_08__T_place_MINI,T_place_MINI,False,13.912817001342773,0.00128682900685817,0.017903416484437384
51222,64.5,0.004106104373931885,3,lag_12__CT_place_LOCKERROOM,CT_place_LOCKERROOM,False,-12.448311805725098,0.0009402557043358684,-0.011704596184684557
51222,64.5,0.004106104373931885,4,lag_06__CT1__is_scoped,CT1__is_scoped,False,-4.282663822174072,0.0014957779785618186,-0.006405914234791366
51222,64.5,0.004106104373931885,5,lag_10__T_place_MINI,T_place_MINI,False,13.91281509399414,-0.0004558072832878679,-0.006341562450879912
51222,64.5,0.004106104373931885,6,lag_05__T_place_MINI,T_place_MINI,False,-13.912817001342773,-0.00028417835710570216,0.003953721478153871
51222,64.5,0.004106104373931885,7,lag_14__T1__is_walking,T1__is_walking,False,-2.281590461730957,0.0015562789048999548,-0.003550791105212836
51222,64.5,0.004106104373931885,8,lag_04__T_flashed_players,T_flashed_players,False,-1.9296237230300903,0.0015007505426183343,-0.0028958838493866185
51222,64.5,0.004106104373931885,9,lag_08__CT1__is_scoped,CT1__is_scoped,False,4.282663822174072,-0.0006457447307184339,-0.002765507596607375
51222,64.5,0.004106104373931885,10,lag_08__T3__is_walking,T3__is_walking,False,-2.3223767280578613,0.0009110851678997278,-0.002115882991209017
51222,64.5,0.004106104373931885,11,lag_13__CT5__duck_amount,CT5__duck_amount,False,3.7749595642089844,0.0005157488631084561,0.0019469311035211767
51222,64.5,0.004106104373931885,12,lag_15__T4__is_walking,T4__is_walking,False,-2.307980537414551,0.0007160146487876773,-0.0016525478739056743
51222,64.5,0.004106104373931885,13,lag_06__T_place_HUT,T_place_HUT,False,9.321470260620117,-0.00016792226233519614,-0.0015652823744535804
51222,64.5,0.004106104373931885,14,lag_06__CT_scoped_count,CT_scoped_count,False,-2.141930103302002,0.0007211040356196463,-0.0015445544415062795
51222,64.5,0.004106104373931885,15,lag_04__CT5__is_walking,CT5__is_walking,False,2.396676540374756,0.0006261920789256692,0.001500779865329649
51222,64.5,0.004106104373931885,16,lag_14__CT5__duck_amount,CT5__duck_amount,False,-3.7749595642089844,0.00039486627792939544,-0.0014906042324531743
51222,64.5,0.004106104373931885,17,lag_06__CT5__duck_amount,CT5__duck_amount,False,-2.8762805461883545,0.0005144865717738867,-0.0014798077176683688
51222,64.5,0.004106104373931885,18,lag_14__CT_duck_amount_mean,CT_duck_amount_mean,False,-1.996178150177002,-0.0007341195014305413,0.0014654333083744808
51222,64.5,0.004106104373931885,19,lag_10__T3__is_walking,T3__is_walking,False,2.3223767280578613,-0.0006160950870253146,-0.0014308048923783734
51222,64.5,0.004106104373931885,20,lag_00__CT5__flash_duration,CT5__flash_duration,True,-3.943018913269043,0.00034076609881594777,-0.0013436471726321897
49654,40.0,-0.004088938236236572,1,lag_14__T1__is_walking,T1__is_walking,False,2.281590461730957,0.0015562789048999548,0.003550791105212836
49654,40.0,-0.004088938236236572,2,lag_13__T2__duck_amount,T2__duck_amount,False,2.8115739822387695,-0.0008803759119473398,-0.0024752420086208704
49654,40.0,-0.004088938236236572,3,lag_05__CT4__duck_amount,CT4__duck_amount,False,3.6725916862487793,-0.0005860349629074335,-0.002152267132624952
49654,40.0,-0.004088938236236572,4,lag_13__CT5__is_walking,CT5__is_walking,False,-2.396676540374756,0.0008454928756691515,-0.0020263729401702457
49654,40.0,-0.004088938236236572,5,lag_06__CT5__duck_amount,CT5__duck_amount,False,-3.7749595642089844,0.0005144865717738867,-0.0019421660047749256
49654,40.0,-0.004088938236236572,6,lag_13__T4__is_walking,T4__is_walking,False,-2.307980537414551,-0.000714772439096123,0.0016496808781141792
49654,40.0,-0.004088938236236572,7,lag_07__T4__is_walking,T4__is_walking,False,2.307980537414551,-0.0006861970177851617,-0.0015837293618800596
49654,40.0,-0.004088938236236572,8,lag_07__CT5__duck_amount,CT5__duck_amount,False,3.5613739490509033,-0.00042337129707448184,-0.0015077835081769506
49654,40.0,-0.004088938236236572,9,lag_05__T3__is_walking,T3__is_walking,False,2.3223767280578613,0.0006230797152966261,0.0014470258305298023
49654,40.0,-0.004088938236236572,10,lag_10__T3__is_walking,T3__is_walking,False,2.3223767280578613,-0.0006160950870253146,-0.0014308048923783734
49654,40.0,-0.004088938236236572,11,lag_02__CT3__is_walking,CT3__is_walking,False,-2.387126922607422,0.000597444421146065,-0.0014261756624793787
49654,40.0,-0.004088938236236572,12,lag_11__T5__is_walking,T5__is_walking,False,2.3193888664245605,0.0005790881114080548,0.001343130518278668
49654,40.0,-0.004088938236236572,13,lag_05__CT4__is_walking,CT4__is_walking,False,-2.384641170501709,0.0005555366515181959,-0.0013247555709329506
49654,40.0,-0.004088938236236572,14,lag_09__CT3__is_walking,CT3__is_walking,False,-2.387126922607422,-0.0005413369508460164,0.0012922400095667363
49654,40.0,-0.004088938236236572,15,lag_01__CT2__is_walking,CT2__is_walking,False,-2.360051155090332,0.0004984759143553674,-0.0011764286574590943
49654,40.0,-0.004088938236236572,16,lag_07__CT3__is_walking,CT3__is_walking,False,-2.387126922607422,0.0004160612297710031,-0.0009931909630395142
49654,40.0,-0.004088938236236572,17,lag_03__T1__is_walking,T1__is_walking,False,2.281590461730957,0.0004292548110242933,0.000979383682485152
49654,40.0,-0.004088938236236572,18,lag_11__T5__duck_amount,T5__duck_amount,False,-3.7970333099365234,-0.00025421768077649176,0.000965273001883149
49654,40.0,-0.004088938236236572,19,lag_08__CT3__is_walking,CT3__is_walking,False,2.387126922607422,-0.00040008954238146544,-0.0009550645180724793
49654,40.0,-0.004088938236236572,20,lag_05__T5__is_walking,T5__is_walking,False,2.3193888664245605,-0.00038661874714307487,-0.0008967192176746602
49270,34.0,-0.00407978892326355,1,lag_04__T_flashed_players,T_flashed_players,False,3.8592474460601807,0.0015007505426183343,0.005791767698773237
49270,34.0,-0.00407978892326355,2,lag_14__T1__is_walking,T1__is_walking,False,-2.281590461730957,0.0015562789048999548,-0.003550791105212836
49270,34.0,-0.00407978892326355,3,lag_13__CT_place_MINI,CT_place_MINI,False,6.131025314331055,-0.0005035438807681203,-0.003087240279865844
49270,34.0,-0.00407978892326355,4,lag_08__T5__is_walking,T5__is_walking,False,2.3193888664245605,0.0011377058690413833,0.0026387823259204635
49270,34.0,-0.00407978892326355,5,lag_01__T2__duck_amount,T2__duck_amount,False,2.8115739822387695,0.000875247991643846,0.0024608244813125735
49270,34.0,-0.00407978892326355,6,lag_11__T4__is_walking,T4__is_walking,False,2.307980537414551,-0.0009613109868951142,-0.002218687048156698
49270,34.0,-0.00407978892326355,7,lag_08__T3__is_walking,T3__is_walking,False,-2.3223767280578613,0.0009110851678997278,-0.002115882991209017
49270,34.0,-0.00407978892326355,8,lag_10__CT3__is_walking,CT3__is_walking,False,2.387126922607422,0.0007095540058799088,0.0016937954704798752
49270,34.0,-0.00407978892326355,9,lag_07__T4__is_walking,T4__is_walking,False,-2.307980537414551,-0.0006861970177851617,0.0015837293618800596
49270,34.0,-0.00407978892326355,10,lag_02__CT3__is_walking,CT3__is_walking,False,-2.387126922607422,0.000597444421146065,-0.0014261756624793787
49270,34.0,-0.00407978892326355,11,lag_01__T5__duck_amount,T5__duck_amount,False,1.0323270559310913,0.0013803831534460187,0.0014250068768538043
49270,34.0,-0.00407978892326355,12,lag_04__T4__flash_duration,T4__flash_duration,True,3.9309911727905273,0.0003398192930035293,0.0013358266411407915
49270,34.0,-0.00407978892326355,13,lag_15__T4__duck_amount,T4__duck_amount,False,-3.6976382732391357,0.00035501440288499,-0.0013127148436586772
49270,34.0,-0.00407978892326355,14,lag_04__T_flash_duration_sum,T_flash_duration_sum,True,1.9567619562149048,0.0006522853509522974,0.0012763671593397433
49270,34.0,-0.00407978892326355,15,lag_15__CT3__duck_amount,CT3__duck_amount,False,3.7208433151245117,-0.00030784468981437385,-0.0011454418561923918
49270,34.0,-0.00407978892326355,16,lag_10__T4__is_scoped,T4__is_scoped,False,-4.644811153411865,0.0002422533871140331,-0.0011252212344190632
49270,34.0,-0.00407978892326355,17,lag_09__T5__is_walking,T5__is_walking,False,-2.3193888664245605,0.00046198672498576343,-0.001071526866367925
49270,34.0,-0.00407978892326355,18,lag_03__T1__is_walking,T1__is_walking,False,-2.281590461730957,0.0004292548110242933,-0.000979383682485152
49270,34.0,-0.00407978892326355,19,lag_14__T5__is_walking,T5__is_walking,False,-2.3193888664245605,0.0004222536808811128,-0.0009793704862424424
49270,34.0,-0.00407978892326355,20,lag_01__T_duck_amount_mean,T_duck_amount_mean,False,1.1716108322143555,0.0008338342304341495,0.0009769292166477705
49686,40.5,-0.004041939973831177,1,lag_01__T5__duck_amount,T5__duck_amount,False,3.415618896484375,0.0013803831534460187,0.004714862783298912
49686,40.5,-0.004041939973831177,2,lag_08__T5__is_walking,T5__is_walking,False,-2.3193888664245605,0.0011377058690413833,-0.0026387823259204635
49686,40.5,-0.004041939973831177,3,lag_08__T3__is_walking,T3__is_walking,False,-2.3223767280578613,0.0009110851678997278,-0.002115882991209017
49686,40.5,-0.004041939973831177,4,lag_13__CT5__is_walking,CT5__is_walking,False,2.396676540374756,0.0008454928756691515,0.0020263729401702457
49686,40.5,-0.004041939973831177,5,lag_12__T5__is_walking,T5__is_walking,False,2.3193888664245605,-0.0008230392122641206,-0.001908947985556242
49686,40.5,-0.004041939973831177,6,lag_10__CT3__is_walking,CT3__is_walking,False,-2.387126922607422,0.0007095540058799088,-0.0016937954704798752
49686,40.5,-0.004041939973831177,7,lag_15__T4__is_walking,T4__is_walking,False,2.307980537414551,0.0007160146487876773,0.0016525478739056743
49686,40.5,-0.004041939973831177,8,lag_07__CT5__duck_amount,CT5__duck_amount,False,-3.7749595642089844,-0.00042337129707448184,0.0015982095271028784
49686,40.5,-0.004041939973831177,9,lag_01__CT4__duck_amount,CT4__duck_amount,False,-3.3475615978240967,-0.00045866347500123084,0.001535404235238673
49686,40.5,-0.004041939973831177,10,lag_13__T1__is_walking,T1__is_walking,False,-2.281590461730957,0.0006442470476031303,-0.001469907918809632
49686,40.5,-0.004041939973831177,11,lag_02__CT3__is_walking,CT3__is_walking,False,2.387126922607422,0.000597444421146065,0.0014261756624793787
49686,40.5,-0.004041939973831177,12,lag_06__T5__is_walking,T5__is_walking,False,2.3193888664245605,-0.0005818181089125574,-0.001349462444095978
49686,40.5,-0.004041939973831177,13,lag_08__T4__is_walking,T4__is_walking,False,2.307980537414551,-0.0005796454497613013,-0.0013378104166499871
49686,40.5,-0.004041939973831177,14,lag_07__T5__duck_amount,T5__duck_amount,False,0.9311378002166748,-0.00141742336563766,-0.0013198164746555663
49686,40.5,-0.004041939973831177,15,lag_09__CT3__is_walking,CT3__is_walking,False,2.387126922607422,-0.0005413369508460164,-0.0012922400095667363
49686,40.5,-0.004041939973831177,16,lag_09__CT5__is_walking,CT5__is_walking,False,-2.396676540374756,-0.00045766684343107045,0.001096879386958613
49686,40.5,-0.004041939973831177,17,lag_08__CT5__duck_amount,CT5__duck_amount,False,3.5613739490509033,-0.00027940631844103336,-0.0009950703836961172
49686,40.5,-0.004041939973831177,18,lag_14__T5__is_walking,T5__is_walking,False,-2.3193888664245605,0.0004222536808811128,-0.0009793704862424424
49686,40.5,-0.004041939973831177,19,lag_08__CT3__is_walking,CT3__is_walking,False,-2.387126922607422,-0.00040008954238146544,0.0009550645180724793
49686,40.5,-0.004041939973831177,20,lag_01__T_duck_amount_mean,T_duck_amount_mean,False,1.0463330745697021,0.0008338342304341495,0.0008724683340116252
47350,4.0,-0.003968954086303711,1,lag_01__CT5__duck_amount,CT5__duck_amount,False,3.7749595642089844,0.0006362353451550007,0.002401762701280674
47350,4.0,-0.003968954086303711,2,lag_00__T_place_OUTSIDE,T_place_OUTSIDE,False,1.3248062133789062,-0.0006606055540032685,-0.0008751743425361447
47350,4.0,-0.003968954086303711,3,lag_07__T_velocity_mean,T_velocity_mean,False,3.4458701610565186,-0.00022634702327195555,-0.000779962453536797
47350,4.0,-0.003968954086303711,4,lag_08__T4__flash,T4__flash,True,1.9732310771942139,-0.00034011798561550677,-0.0006711313791292126
47350,4.0,-0.003968954086303711,5,lag_08__T5__is_walking,T5__is_walking,False,-0.5724201202392578,0.0011377058690413833,-0.0006512457303535779
47350,4.0,-0.003968954086303711,6,lag_07__CT_velocity_mean,CT_velocity_mean,False,3.5042614936828613,0.00018331472529098392,0.0006423827330622467
47350,4.0,-0.003968954086303711,7,lag_08__T3__is_walking,T3__is_walking,False,-0.5709694027900696,0.0009110851678997278,-0.0005202017542065979
47350,4.0,-0.003968954086303711,8,lag_03__CT_place_OUTSIDE,CT_place_OUTSIDE,False,8.59863567352295,-5.8860583521891385e-05,-0.0005061207132357123
47350,4.0,-0.003968954086303711,9,lag_08__CT_velocity_mean,CT_velocity_mean,False,-1.694637656211853,0.00029026830452494323,-0.0004918995992527382
47350,4.0,-0.003968954086303711,10,lag_08__CT_unique_places,CT_unique_places,False,-1.6410033702850342,-0.0002993433445226401,0.0004912234372340465
47350,4.0,-0.003968954086303711,11,lag_08__T_walking_count,T_walking_count,False,-0.9998118877410889,0.00043742303387261927,-0.00043734074923761773
47350,4.0,-0.003968954086303711,12,lag_08__T4__utility_total,T4__utility_total,True,2.2137324810028076,-0.00019012145639862865,-0.0004208780433652033
47350,4.0,-0.003968954086303711,13,lag_00__CT5__duck_amount,CT5__duck_amount,False,-3.7749595642089844,9.600690100342035e-05,-0.0003624221691729268
47350,4.0,-0.003968954086303711,14,lag_08__CT1__smoke,CT1__smoke,True,1.5014548301696777,-0.0002336747566005215,-0.0003508520919865768
47350,4.0,-0.003968954086303711,15,lag_08__T4__is_walking,T4__is_walking,False,-0.5780618786811829,-0.0005796454497613013,0.000335070937658017
47350,4.0,-0.003968954086303711,16,lag_08__T_place_TSPAWN,T_place_TSPAWN,False,4.428390979766846,7.008109241724014e-05,0.00031034647751271294
47350,4.0,-0.003968954086303711,17,lag_08__CT_place_CTSPAWN,CT_place_CTSPAWN,False,4.78255033493042,6.321878754533827e-05,0.0003023470335488526
47350,4.0,-0.003968954086303711,18,lag_00__T_place_TSPAWN,T_place_TSPAWN,False,-0.9492053985595703,-0.00028814011602662504,0.00027350415367405345
47350,4.0,-0.003968954086303711,19,lag_08__T1__utility_total,T1__utility_total,True,2.255070209503174,-0.00011986547178821638,-0.0002703050545776499
47350,4.0,-0.003968954086303711,20,lag_08__T_spread_xy,T_spread_xy,False,-1.4108495712280273,-0.00018722086679190397,0.00026414047963829734
47414,5.0,-0.003931641578674316,1,lag_00__CT_place_HELL,CT_place_HELL,False,5.4229230880737305,0.000791971106082201,0.0042947983962604575
47414,5.0,-0.003931641578674316,2,lag_05__CT_place_OUTSIDE,CT_place_OUTSIDE,False,8.59863567352295,0.000374604482203722,0.0032210874641385168
47414,5.0,-0.003931641578674316,3,lag_00__T_place_OUTSIDE,T_place_OUTSIDE,False,2.6496129035949707,-0.0006606055540032685,-0.0017503490000735644
47414,5.0,-0.003931641578674316,4,lag_02__CT5__duck_amount,CT5__duck_amount,False,-3.7749595642089844,0.0004283810267224908,-0.0016171210539517311
47414,5.0,-0.003931641578674316,5,lag_01__T_place_OUTSIDE,T_place_OUTSIDE,False,2.6496124267578125,-0.0003630749706644565,-0.0009620079541172721
47414,5.0,-0.003931641578674316,6,lag_03__CT5__duck_amount,CT5__duck_amount,False,3.7749595642089844,-0.0002455803914926946,-0.0009270560476475342
47414,5.0,-0.003931641578674316,7,lag_02__CT_duck_amount_mean,CT_duck_amount_mean,False,-1.197706937789917,0.0005872309557162225,-0.0007033305897463232
47414,5.0,-0.003931641578674316,8,lag_10__CT_walking_count,CT_walking_count,False,-1.0355465412139893,0.0005582360317930579,-0.0005780793919043237
47414,5.0,-0.003931641578674316,9,lag_10__CT1__flash,CT1__flash,True,1.075992465019226,-0.0005171471857465804,-0.0005564464751692186
47414,5.0,-0.003931641578674316,10,lag_10__CT_closest_enemy_dist,CT_closest_enemy_dist,False,4.341063022613525,-0.00012668788258451968,-0.0005499600825008624
47414,5.0,-0.003931641578674316,11,lag_00__T_place_TSPAWN,T_place_TSPAWN,False,-1.8984100818634033,-0.00028814011602662504,0.0005470081012542358
47414,5.0,-0.003931641578674316,12,lag_10__CT5__smoke,CT5__smoke,True,1.5474231243133545,0.000318201637128368,0.0004923925714868035
47414,5.0,-0.003931641578674316,13,lag_10__CT5__is_walking,CT5__is_walking,False,-0.5380242466926575,0.0009141857735812664,-0.0004918541121682052
47414,5.0,-0.003931641578674316,14,lag_09__T_velocity_mean,T_velocity_mean,False,3.4458701610565186,-0.00013543265231419355,-0.0004666833354422216
47414,5.0,-0.003931641578674316,15,lag_00__CT_place_OUTSIDE,CT_place_OUTSIDE,False,-2.1496591567993164,0.000190190170542337,-0.00040884404163955834
47414,5.0,-0.003931641578674316,16,lag_10__CT3__is_walking,CT3__is_walking,False,-0.5419549345970154,0.0007095540058799088,-0.00038454629484969624
47414,5.0,-0.003931641578674316,17,lag_10__CT1__utility_total,CT1__utility_total,True,1.0245916843414307,-0.0003641557996161282,-0.0003731110040913893
47414,5.0,-0.003931641578674316,18,lag_10__centroid_distance_xy,centroid_distance_xy,False,3.9753661155700684,-9.368593600811437e-05,-0.0003724358955121236
47414,5.0,-0.003931641578674316,19,lag_10__CT_place_CTSPAWN,CT_place_CTSPAWN,False,4.78255033493042,7.632042979821563e-05,0.00036500629709348975
47414,5.0,-0.003931641578674316,20,lag_10__T_closest_enemy_dist,T_closest_enemy_dist,False,4.2525153160095215,-8.385650289710611e-05,-0.00035660106291694055
48566,23.0,0.003925591707229614,1,lag_13__T2__duck_amount,T2__duck_amount,False,3.8233180046081543,-0.0008803759119473398,-0.0033659570749715872
48566,23.0,0.003925591707229614,2,lag_15__CT_B_site_active_smokes,CT_B_site_active_smokes,True,3.32244610786438,0.0007619488169439137,0.002531533881247175
48566,23.0,0.003925591707229614,3,lag_15__CT_A_site_active_smokes,CT_A_site_active_smokes,True,3.2196006774902344,0.0007396640721708536,0.002381422947876466
48566,23.0,0.003925591707229614,4,lag_08__T3__is_walking,T3__is_walking,False,-2.3223767280578613,0.0009110851678997278,-0.002115882991209017
48566,23.0,0.003925591707229614,5,lag_15__T2__is_walking,T2__is_walking,False,-2.2968344688415527,0.0006923961918801069,-0.0015903194396048592
48566,23.0,0.003925591707229614,6,lag_15__CT_active_smokes,CT_active_smokes,True,2.309805393218994,0.0006818635738454759,0.0015749721603078581
48566,23.0,0.003925591707229614,7,lag_13__T1__is_walking,T1__is_walking,False,-2.281590461730957,0.0006442470476031303,-0.001469907918809632
48566,23.0,0.003925591707229614,8,lag_05__T3__is_walking,T3__is_walking,False,2.3223767280578613,0.0006230797152966261,0.0014470258305298023
48566,23.0,0.003925591707229614,9,lag_10__T3__is_walking,T3__is_walking,False,-2.3223767280578613,-0.0006160950870253146,0.0014308048923783734
48566,23.0,0.003925591707229614,10,lag_12__T_active_infernos,T_active_infernos,True,-2.082643508911133,0.0006854688981547952,-0.0014275873513025505
48566,23.0,0.003925591707229614,11,lag_06__T5__is_walking,T5__is_walking,False,-2.3193888664245605,-0.0005818181089125574,0.001349462444095978
48566,23.0,0.003925591707229614,12,lag_10__CT3__shots_fired,CT3__shots_fired,False,2.5713651180267334,0.000469297548988834,0.00120673534744533
48566,23.0,0.003925591707229614,13,lag_05__CT3__duck_amount,CT3__duck_amount,False,-3.7208433151245117,-0.0003216130135115236,0.0011966716313814019
48566,23.0,0.003925591707229614,14,lag_14__CT_A_site_active_infernos,CT_A_site_active_infernos,True,-3.5290780067443848,0.000331381568685174,-0.0011694714058873013
48566,23.0,0.003925591707229614,15,lag_12__T2__duck_amount,T2__duck_amount,False,-3.8233180046081543,0.00030239493935368955,-0.0011561520161333522
48566,23.0,0.003925591707229614,16,lag_04__T3__is_walking,T3__is_walking,False,-2.3223767280578613,-0.00048691569827497005,0.0011308016861998338
48566,23.0,0.003925591707229614,17,lag_06__T_walking_count,T_walking_count,False,-2.3912696838378906,-0.00046319651301018894,0.0011076277792206879
48566,23.0,0.003925591707229614,18,lag_07__CT4__duck_amount,CT4__duck_amount,False,-3.6725916862487793,0.0002936914097517729,-0.0010786086297770447
48566,23.0,0.003925591707229614,19,lag_07__T2__is_walking,T2__is_walking,False,2.2968344688415527,0.00045005904394201934,0.001033711125139905
48566,23.0,0.003925591707229614,20,lag_07__CT3__is_walking,CT3__is_walking,False,-2.387126922607422,0.0004160612297710031,-0.0009931909630395142
49174,32.5,-0.0039037466049194336,1,lag_08__CT_place_MINI,CT_place_MINI,False,-6.131025314331055,-0.0012106822105124593,0.007422723280262167
49174,32.5,-0.0039037466049194336,2,lag_13__CT3__shots_fired,CT3__shots_fired,False,-3.5999112129211426,0.0006741049000993371,-0.0024267177885526903
49174,32.5,-0.0039037466049194336,3,lag_13__CT_shots_fired_sum,CT_shots_fired_sum,False,-4.863187313079834,0.00036252537393011153,-0.0017630287991664412
49174,32.5,-0.0039037466049194336,4,lag_05__T3__is_walking,T3__is_walking,False,-2.3223767280578613,0.0006230797152966261,-0.0014470258305298023
49174,32.5,-0.0039037466049194336,5,lag_14__CT_shots_fired_sum,CT_shots_fired_sum,False,3.4737050533294678,-0.0004142530669923872,-0.0014389929721686859
49174,32.5,-0.0039037466049194336,6,lag_06__T5__is_walking,T5__is_walking,False,-2.3193888664245605,-0.0005818181089125574,0.001349462444095978
49174,32.5,-0.0039037466049194336,7,lag_11__T5__is_walking,T5__is_walking,False,-2.3193888664245605,0.0005790881114080548,-0.001343130518278668
49174,32.5,-0.0039037466049194336,8,lag_08__T4__is_walking,T4__is_walking,False,2.307980537414551,-0.0005796454497613013,-0.0013378104166499871
49174,32.5,-0.0039037466049194336,9,lag_01__T_flashed_players,T_flashed_players,False,3.8592474460601807,-0.0003371647617314011,-0.001301202245613399
49174,32.5,-0.0039037466049194336,10,lag_15__CT3__duck_amount,CT3__duck_amount,False,3.7208433151245117,-0.00030784468981437385,-0.0011454418561923918
49174,32.5,-0.0039037466049194336,11,lag_14__CT3__shots_fired,CT3__shots_fired,False,2.5713653564453125,0.00044074803008697927,0.0011333242154871748
49174,32.5,-0.0039037466049194336,12,lag_01__T2__flash_duration,T2__flash_duration,True,0.8754605054855347,-0.0012770873727276921,-0.0011180395568773788
49174,32.5,-0.0039037466049194336,13,lag_04__T4__is_scoped,T4__is_scoped,False,4.644811153411865,-0.00022275322407949716,-0.0010346466596629009
49174,32.5,-0.0039037466049194336,14,lag_07__T2__is_walking,T2__is_walking,False,2.2968344688415527,0.00045005904394201934,0.001033711125139905
49174,32.5,-0.0039037466049194336,15,lag_07__CT3__is_walking,CT3__is_walking,False,2.387126922607422,0.0004160612297710031,0.0009931909630395142
49174,32.5,-0.0039037466049194336,16,lag_14__T5__is_walking,T5__is_walking,False,2.3193888664245605,0.0004222536808811128,0.0009793704862424424
49174,32.5,-0.0039037466049194336,17,lag_05__T5__is_walking,T5__is_walking,False,2.3193888664245605,-0.00038661874714307487,-0.0008967192176746602
49174,32.5,-0.0039037466049194336,18,lag_14__CT_duck_amount_mean,CT_duck_amount_mean,False,-1.197706937789917,-0.0007341195014305413,0.0008792600200302342
49174,32.5,-0.0039037466049194336,19,lag_13__CT2__is_walking,CT2__is_walking,False,-2.360051155090332,0.00036702732904814184,-0.0008662032718697865
49174,32.5,-0.0039037466049194336,20,lag_07__T4__is_scoped,T4__is_scoped,False,-4.644811153411865,-0.00018132469267584383,0.0008422189549297382
48214,17.5,0.0038012564182281494,1,lag_07__T2__duck_amount,T2__duck_amount,False,-3.8233180046081543,-0.0017421896336600184,0.006660944993814033
48214,17.5,0.0038012564182281494,2,lag_01__T5__duck_amount,T5__duck_amount,False,-3.7970333099365234,0.0013803831534460187,-0.005241360814109752
48214,17.5,0.0038012564182281494,3,lag_14__CT4__duck_amount,CT4__duck_amount,False,2.3754019737243652,-0.002035298850387335,-0.004834652906329007
48214,17.5,0.0038012564182281494,4,lag_15__T4__is_scoped,T4__is_scoped,False,4.644811153411865,0.0007548597059212625,0.0035061807813242807
48214,17.5,0.0038012564182281494,5,lag_01__T2__duck_amount,T2__duck_amount,False,-3.8233180046081543,0.000875247991643846,-0.003346351404949044
48214,17.5,0.0038012564182281494,6,lag_13__CT5__is_walking,CT5__is_walking,False,-2.396676540374756,0.0008454928756691515,-0.0020263729401702457
48214,17.5,0.0038012564182281494,7,lag_01__T_duck_amount_mean,T_duck_amount_mean,False,-2.3263492584228516,0.0008338342304341495,-0.0019397896436180728
48214,17.5,0.0038012564182281494,8,lag_00__T3__is_walking,T3__is_walking,False,2.3223767280578613,0.0007178710657171905,0.0016671670567676988
48214,17.5,0.0038012564182281494,9,lag_02__T2__duck_amount,T2__duck_amount,False,3.8233180046081543,0.0004323761095292866,0.001653111364325749
48214,17.5,0.0038012564182281494,10,lag_13__T1__is_walking,T1__is_walking,False,2.281590461730957,0.0006442470476031303,0.001469907918809632
48214,17.5,0.0038012564182281494,11,lag_05__T3__is_walking,T3__is_walking,False,2.3223767280578613,0.0006230797152966261,0.0014470258305298023
48214,17.5,0.0038012564182281494,12,lag_15__T_scoped_count,T_scoped_count,False,2.8811259269714355,0.0004634616489056498,0.0013352913728190002
48214,17.5,0.0038012564182281494,13,lag_01__T2__is_walking,T2__is_walking,False,2.2968344688415527,-0.0005755001329816878,-0.0013218285422552378
48214,17.5,0.0038012564182281494,14,lag_15__T4__duck_amount,T4__duck_amount,False,3.6976382732391357,0.00035501440288499,0.0013127148436586772
48214,17.5,0.0038012564182281494,15,lag_09__T2__flash_duration,T2__flash_duration,True,-4.392442226409912,0.0002964301675092429,-0.001302052384949362
48214,17.5,0.0038012564182281494,16,lag_07__T_duck_amount_mean,T_duck_amount_mean,False,-1.1631746292114258,-0.0010156609350815415,0.001181391031568002
48214,17.5,0.0038012564182281494,17,lag_14__CT_A_site_active_infernos,CT_A_site_active_infernos,True,3.529078483581543,0.000331381568685174,0.0011694715639023467
48214,17.5,0.0038012564182281494,18,lag_12__T2__duck_amount,T2__duck_amount,False,-3.8233180046081543,0.00030239493935368955,-0.0011561520161333522
48214,17.5,0.0038012564182281494,19,lag_06__CT5__is_walking,CT5__is_walking,False,2.396676540374756,-0.0004486564139369875,-0.0010752843019714436
48214,17.5,0.0038012564182281494,20,lag_07__CT3__is_walking,CT3__is_walking,False,2.387126922607422,0.0004160612297710031,0.0009931909630395142
48598,23.5,-0.0037030577659606934,1,lag_14__T1__is_walking,T1__is_walking,False,-2.281590461730957,0.0015562789048999548,-0.003550791105212836
48598,23.5,-0.0037030577659606934,2,lag_13__T2__duck_amount,T2__duck_amount,False,-3.8233180046081543,-0.0008803759119473398,0.0033659570749715872
48598,23.5,-0.0037030577659606934,3,lag_08__T5__is_walking,T5__is_walking,False,2.3193888664245605,0.0011377058690413833,0.0026387823259204635
48598,23.5,-0.0037030577659606934,4,lag_02__T3__is_walking,T3__is_walking,False,-2.3223767280578613,-0.0010841221082955599,0.0025177399546786328
48598,23.5,-0.0037030577659606934,5,lag_08__T3__is_walking,T3__is_walking,False,2.3223767280578613,0.0009110851678997278,0.002115882991209017
48598,23.5,-0.0037030577659606934,6,lag_00__T3__is_walking,T3__is_walking,False,2.3223767280578613,0.0007178710657171905,0.0016671670567676988
48598,23.5,-0.0037030577659606934,7,lag_08__CT4__duck_amount,CT4__duck_amount,False,-3.6725916862487793,-0.00044154396164231,0.0016216106826408977
48598,23.5,-0.0037030577659606934,8,lag_15__T2__is_walking,T2__is_walking,False,2.2968344688415527,0.0006923961918801069,0.0015903194396048592
48598,23.5,-0.0037030577659606934,9,lag_05__T3__is_walking,T3__is_walking,False,-2.3223767280578613,0.0006230797152966261,-0.0014470258305298023
48598,23.5,-0.0037030577659606934,10,lag_10__T3__is_walking,T3__is_walking,False,2.3223767280578613,-0.0006160950870253146,-0.0014308048923783734
48598,23.5,-0.0037030577659606934,11,lag_12__T_active_infernos,T_active_infernos,True,-2.082643508911133,0.0006854688981547952,-0.0014275873513025505
48598,23.5,-0.0037030577659606934,12,lag_06__T5__is_walking,T5__is_walking,False,2.3193888664245605,-0.0005818181089125574,-0.001349462444095978
48598,23.5,-0.0037030577659606934,13,lag_01__T2__is_walking,T2__is_walking,False,2.2968344688415527,-0.0005755001329816878,-0.0013218285422552378
48598,23.5,-0.0037030577659606934,14,lag_09__CT3__is_walking,CT3__is_walking,False,2.387126922607422,-0.0005413369508460164,-0.0012922400095667363
48598,23.5,-0.0037030577659606934,15,lag_10__CT3__shots_fired,CT3__shots_fired,False,-2.5713651180267334,0.000469297548988834,-0.00120673534744533
48598,23.5,-0.0037030577659606934,16,lag_04__T3__is_walking,T3__is_walking,False,2.3223767280578613,-0.00048691569827497005,-0.0011308016861998338
48598,23.5,-0.0037030577659606934,17,lag_07__CT3__duck_amount,CT3__duck_amount,False,3.7208433151245117,0.00029716957942582667,0.0011057214430649498
48598,23.5,-0.0037030577659606934,18,lag_08__T_walking_count,T_walking_count,False,2.3912696838378906,0.00043742303387261927,0.0010459964399119892
48598,23.5,-0.0037030577659606934,19,lag_07__T2__is_walking,T2__is_walking,False,-2.2968344688415527,0.00045005904394201934,-0.001033711125139905
48598,23.5,-0.0037030577659606934,20,lag_03__CT1__is_walking,CT1__is_walking,False,-2.3343825340270996,0.00041132044862024486,-0.0009601792711472906
49846,43.0,0.0037021636962890625,1,lag_00__CT_place_MINI,CT_place_MINI,False,6.131025314331055,-0.0007892241119407117,-0.00483875300898895
49846,43.0,0.0037021636962890625,2,lag_02__T4__is_scoped,T4__is_scoped,False,4.644811153411865,0.0008677100413478911,0.004030349277980155
49846,43.0,0.0037021636962890625,3,lag_13__T4__is_scoped,T4__is_scoped,False,-4.644811153411865,0.0006845768075436354,-0.0031797299910457655
49846,43.0,0.0037021636962890625,4,lag_08__T5__is_walking,T5__is_walking,False,2.3193888664245605,0.0011377058690413833,0.0026387823259204635
49846,43.0,0.0037021636962890625,5,lag_11__T4__is_walking,T4__is_walking,False,-2.307980537414551,-0.0009613109868951142,0.002218687048156698
49846,43.0,0.0037021636962890625,6,lag_13__CT5__duck_amount,CT5__duck_amount,False,3.5613739490509033,0.0005157488631084561,0.0018367745653270762
49846,43.0,0.0037021636962890625,7,lag_10__CT3__is_walking,CT3__is_walking,False,2.387126922607422,0.0007095540058799088,0.0016937954704798752
49846,43.0,0.0037021636962890625,8,lag_13__T4__is_walking,T4__is_walking,False,2.307980537414551,-0.000714772439096123,-0.0016496808781141792
49846,43.0,0.0037021636962890625,9,lag_06__T5__duck_amount,T5__duck_amount,False,3.415618896484375,0.0004416982992552221,0.0015086730574811469
49846,43.0,0.0037021636962890625,10,lag_02__T_scoped_count,T_scoped_count,False,2.8811259269714355,0.0005177047569304705,0.0014915725977088234
49846,43.0,0.0037021636962890625,11,lag_02__CT3__is_walking,CT3__is_walking,False,-2.387126922607422,0.000597444421146065,-0.0014261756624793787
49846,43.0,0.0037021636962890625,12,lag_11__T5__is_walking,T5__is_walking,False,2.3193888664245605,0.0005790881114080548,0.001343130518278668
49846,43.0,0.0037021636962890625,13,lag_15__T4__flash_duration,T4__flash_duration,True,-3.9309911727905273,0.0003155187878292054,-0.0012403015698061737
49846,43.0,0.0037021636962890625,14,lag_13__T_scoped_count,T_scoped_count,False,-2.8811259269714355,0.0004139798111282289,-0.0011927279670842783
49846,43.0,0.0037021636962890625,15,lag_01__T4__is_scoped,T4__is_scoped,False,-4.644811153411865,0.00024500780273228884,-0.0011380149748038693
49846,43.0,0.0037021636962890625,16,lag_01__damage_diff_last_5s,damage_diff_last_5s,False,-1.6694244146347046,0.0006586796371266246,-0.0010996158676419149
49846,43.0,0.0037021636962890625,17,lag_09__T5__is_walking,T5__is_walking,False,-2.3193888664245605,0.00046198672498576343,-0.001071526866367925
49846,43.0,0.0037021636962890625,18,lag_07__CT3__is_walking,CT3__is_walking,False,2.387126922607422,0.0004160612297710031,0.0009931909630395142
49846,43.0,0.0037021636962890625,19,lag_03__T1__is_walking,T1__is_walking,False,2.281590461730957,0.0004292548110242933,0.000979383682485152
49846,43.0,0.0037021636962890625,20,lag_01__T4__is_walking,T4__is_walking,False,-2.307980537414551,-0.0004183340643066913,0.0009655068785573706
51734,72.5,-0.0036487579345703125,1,lag_00__CT_place_MINI,CT_place_MINI,False,6.131025314331055,-0.0007892241119407117,-0.00483875300898895
51734,72.5,-0.0036487579345703125,2,lag_10__CT_place_HELL,CT_place_HELL,False,5.4229230880737305,-0.0005772862350568175,-0.0031305788525167744
51734,72.5,-0.0036487579345703125,3,lag_11__T_place_HUT,T_place_HUT,False,-9.321470260620117,0.00030132330721244216,-0.002808776247012479
51734,72.5,-0.0036487579345703125,4,lag_01__CT5__duck_amount,CT5__duck_amount,False,3.7749595642089844,0.0006362353451550007,0.002401762701280674
51734,72.5,-0.0036487579345703125,5,lag_08__T3__is_walking,T3__is_walking,False,-2.3223767280578613,0.0009110851678997278,-0.002115882991209017
51734,72.5,-0.0036487579345703125,6,lag_13__T_shots_fired_sum,T_shots_fired_sum,False,-4.498422622680664,-0.00040760505362413824,0.0018335797943417886
51734,72.5,-0.0036487579345703125,7,lag_04__CT_duck_amount_mean,CT_duck_amount_mean,False,-2.994267225265503,-0.00055792584316805,0.0016705790663267134
51734,72.5,-0.0036487579345703125,8,lag_13__T_kills_last_3s,T_kills_last_3s,False,3.1681017875671387,0.0005006302380934358,0.001586047552213976
51734,72.5,-0.0036487579345703125,9,lag_04__CT5__is_walking,CT5__is_walking,False,-2.396676540374756,0.0006261920789256692,-0.001500779865329649
51734,72.5,-0.0036487579345703125,10,lag_10__T3__is_walking,T3__is_walking,False,2.3223767280578613,-0.0006160950870253146,-0.0014308048923783734
51734,72.5,-0.0036487579345703125,11,lag_07__CT_place_HEAVEN,CT_place_HEAVEN,False,5.3994574546813965,0.0002551777579355985,0.0013778214473542522
51734,72.5,-0.0036487579345703125,12,lag_13__T1__duck_amount,T1__duck_amount,False,3.2296335697174072,0.00039185365312732756,0.0012655437125564176
51734,72.5,-0.0036487579345703125,13,lag_05__CT_duck_amount_mean,CT_duck_amount_mean,False,2.5721492767333984,-0.00046590386773459613,-0.0011983742964208344
51734,72.5,-0.0036487579345703125,14,lag_12__kill_diff_last_3s,kill_diff_last_3s,False,-2.4069459438323975,0.00047556590288877487,-0.0011446614209831285
51734,72.5,-0.0036487579345703125,15,lag_07__CT_place_HELL,CT_place_HELL,False,-5.4229230880737305,-0.0001827387895900756,0.0009909784011546685
51734,72.5,-0.0036487579345703125,16,lag_03__damage_diff_last_5s,damage_diff_last_5s,False,-2.459016799926758,0.00038923643296584487,-0.0009571389278065778
51734,72.5,-0.0036487579345703125,17,lag_07__T_kills_last_3s,T_kills_last_3s,False,-3.1681017875671387,0.00023198277631308883,-0.0007349450483222844
51734,72.5,-0.0036487579345703125,18,lag_15__CT1__flash_duration,CT1__flash_duration,True,-4.75895881652832,-0.00015241674554999918,0.0007253450150217222
51734,72.5,-0.0036487579345703125,19,lag_07__CT_kills_last_3s,CT_kills_last_3s,False,-2.8871407508850098,0.00023355679877568036,-0.0006743113513915169
51734,72.5,-0.0036487579345703125,20,lag_13__CT_kills_last_3s,CT_kills_last_3s,False,2.8871402740478516,0.0002191345556639135,0.0006326722010928654
48758,26.0,0.0036183595657348633,1,lag_00__CT_shots_fired_sum,CT_shots_fired_sum,False,-4.863187313079834,0.0014053488848730922,-0.006834474867365714
48758,26.0,0.0036183595657348633,2,lag_00__CT3__shots_fired,CT3__shots_fired,False,-3.5999112129211426,0.0007542061503045261,-0.002715075177335352
48758,26.0,0.0036183595657348633,3,lag_12__T5__is_walking,T5__is_walking,False,-2.3193888664245605,-0.0008230392122641206,0.001908947985556242
48758,26.0,0.0036183595657348633,4,lag_15__T2__is_walking,T2__is_walking,False,2.2968344688415527,0.0006923961918801069,0.0015903194396048592
48758,26.0,0.0036183595657348633,5,lag_13__CT4__is_walking,CT4__is_walking,False,2.384641170501709,0.0006243640673346817,0.0014888842603481833
48758,26.0,0.0036183595657348633,6,lag_05__T3__is_walking,T3__is_walking,False,2.3223767280578613,0.0006230797152966261,0.0014470258305298023
48758,26.0,0.0036183595657348633,7,lag_10__T3__is_walking,T3__is_walking,False,-2.3223767280578613,-0.0006160950870253146,0.0014308048923783734
48758,26.0,0.0036183595657348633,8,lag_02__CT3__is_walking,CT3__is_walking,False,-2.387126922607422,0.000597444421146065,-0.0014261756624793787
48758,26.0,0.0036183595657348633,9,lag_06__T5__is_walking,T5__is_walking,False,2.3193888664245605,-0.0005818181089125574,-0.001349462444095978
48758,26.0,0.0036183595657348633,10,lag_11__T5__is_walking,T5__is_walking,False,2.3193888664245605,0.0005790881114080548,0.001343130518278668
48758,26.0,0.0036183595657348633,11,lag_09__CT3__is_walking,CT3__is_walking,False,-2.387126922607422,-0.0005413369508460164,0.0012922400095667363
48758,26.0,0.0036183595657348633,12,lag_13__CT4__duck_amount,CT4__duck_amount,False,-3.6725916862487793,-0.0003448402276262641,0.0012664573530643541
48758,26.0,0.0036183595657348633,13,lag_01__CT3__shots_fired,CT3__shots_fired,False,2.5713653564453125,0.00047640499542467296,0.0012250113008724917
48758,26.0,0.0036183595657348633,14,lag_09__T5__duck_amount,T5__duck_amount,False,1.5685356855392456,-0.0007724037277512252,-0.001211542810621337
48758,26.0,0.0036183595657348633,15,lag_15__CT3__shots_fired,CT3__shots_fired,False,-2.5713651180267334,0.00044750847155228257,-0.0011507076737709981
48758,26.0,0.0036183595657348633,16,lag_15__CT3__duck_amount,CT3__duck_amount,False,-3.7208433151245117,-0.00030784468981437385,0.0011454418561923918
48758,26.0,0.0036183595657348633,17,lag_04__T3__is_walking,T3__is_walking,False,-2.3223767280578613,-0.00048691569827497005,0.0011308016861998338
48758,26.0,0.0036183595657348633,18,lag_11__CT3__is_walking,CT3__is_walking,False,2.387126922607422,-0.00047269437345676124,-0.0011283814650436819
48758,26.0,0.0036183595657348633,19,lag_09__T5__is_walking,T5__is_walking,False,-2.3193888664245605,0.00046198672498576343,-0.001071526866367925
48758,26.0,0.0036183595657348633,20,lag_01__CT3__duck_amount,CT3__duck_amount,False,-3.7208433151245117,0.00027258991030976176,-0.0010142643455464673
49366,35.5,0.003464221954345703,1,lag_14__CT_place_MINI,CT_place_MINI,False,-6.131025314331055,-0.0005793398595415056,0.0035519473444499683
49366,35.5,0.003464221954345703,2,lag_13__T4__is_scoped,T4__is_scoped,False,-4.644811153411865,0.0006845768075436354,-0.0031797299910457655
49366,35.5,0.003464221954345703,3,lag_00__T_flashed_players,T_flashed_players,False,-1.9296237230300903,-0.0011804020032286644,0.002277731708142272
49366,35.5,0.003464221954345703,4,lag_12__T5__is_walking,T5__is_walking,False,-2.3193888664245605,-0.0008230392122641206,0.001908947985556242
49366,35.5,0.003464221954345703,5,lag_02__T5__duck_amount,T5__duck_amount,False,-3.7970333099365234,0.00048527796752750874,-0.0018426166072802452
49366,35.5,0.003464221954345703,6,lag_04__CT5__is_walking,CT5__is_walking,False,-2.396676540374756,0.0006261920789256692,-0.001500779865329649
49366,35.5,0.003464221954345703,7,lag_06__T5__is_walking,T5__is_walking,False,2.3193888664245605,-0.0005818181089125574,-0.001349462444095978
49366,35.5,0.003464221954345703,8,lag_11__T5__is_walking,T5__is_walking,False,2.3193888664245605,0.0005790881114080548,0.001343130518278668
49366,35.5,0.003464221954345703,9,lag_00__T_flash_duration_sum,T_flash_duration_sum,True,-1.5984207391738892,-0.0008311167475767434,0.0013284742460014168
49366,35.5,0.003464221954345703,10,lag_13__T_scoped_count,T_scoped_count,False,-2.8811259269714355,0.0004139798111282289,-0.0011927279670842783
49366,35.5,0.003464221954345703,11,lag_06__T1__is_walking,T1__is_walking,False,-2.281590461730957,-0.0005081794806756079,0.0011594574559568582
49366,35.5,0.003464221954345703,12,lag_10__T4__is_scoped,T4__is_scoped,False,4.644811153411865,0.0002422533871140331,0.0011252212344190632
49366,35.5,0.003464221954345703,13,lag_04__T2__duck_amount,T2__duck_amount,False,2.8115739822387695,0.00039371088496409357,0.0011069472806892466
49366,35.5,0.003464221954345703,14,lag_03__T1__is_walking,T1__is_walking,False,-2.281590461730957,0.0004292548110242933,-0.000979383682485152
49366,35.5,0.003464221954345703,15,lag_06__CT2__is_walking,CT2__is_walking,False,2.360051155090332,-0.0003882960299961269,-0.0009163984941093495
49366,35.5,0.003464221954345703,16,lag_06__CT_walking_count,CT_walking_count,False,1.7948952913284302,-0.0004760443698614836,-0.0008544497979277865
49366,35.5,0.003464221954345703,17,lag_07__T_duck_amount_mean,T_duck_amount_mean,False,-0.7777157425880432,-0.0010156609350815415,0.0007898954983446074
49366,35.5,0.003464221954345703,18,lag_05__T4__is_walking,T4__is_walking,False,2.307980537414551,0.00033853063359856606,0.0007813221136641069
49366,35.5,0.003464221954345703,19,lag_01__CT1__is_walking,CT1__is_walking,False,2.3343825340270996,0.0003324484277982265,0.0007760618033169492
49366,35.5,0.003464221954345703,20,lag_13__CT3__is_walking,CT3__is_walking,False,2.387126922607422,-0.00031740625854581594,-0.0007576890251788093
47382,4.5,-0.0033174753189086914,1,lag_01__CT5__duck_amount,CT5__duck_amount,False,-3.7749595642089844,0.0006362353451550007,-0.002401762701280674
47382,4.5,-0.0033174753189086914,2,lag_00__T_place_OUTSIDE,T_place_OUTSIDE,False,2.6496124267578125,-0.0006606055540032685,-0.0017503486850722894
47382,4.5,-0.0033174753189086914,3,lag_02__CT5__duck_amount,CT5__duck_amount,False,3.7749595642089844,0.0004283810267224908,0.0016171210539517311
47382,4.5,-0.0033174753189086914,4,lag_08__CT_velocity_mean,CT_velocity_mean,False,3.5042614936828613,0.00029026830452494323,0.0010171760423833692
47382,4.5,-0.0033174753189086914,5,lag_09__T1__flash,T1__flash,True,2.0511317253112793,-0.0004006850649602711,-0.0008218578485984229
47382,4.5,-0.0033174753189086914,6,lag_09__T4__flash,T4__flash,True,1.9732310771942139,-0.0004093696770723909,-0.0008077809688602014
47382,4.5,-0.0033174753189086914,7,lag_04__CT_place_OUTSIDE,CT_place_OUTSIDE,False,8.59863567352295,-8.562270522816107e-05,-0.0007362384476384057
47382,4.5,-0.0033174753189086914,8,lag_02__CT_duck_amount_mean,CT_duck_amount_mean,False,1.197706937789917,0.0005872309557162225,0.0007033305897463232
47382,4.5,-0.0033174753189086914,9,lag_09__T4__utility_total,T4__utility_total,True,2.2137324810028076,-0.0002821669913828373,-0.0006246422338910262
47382,4.5,-0.0033174753189086914,10,lag_09__T1__utility_total,T1__utility_total,True,2.255070209503174,-0.00025666182045824826,-0.0005787904252322479
47382,4.5,-0.0033174753189086914,11,lag_00__T_place_TSPAWN,T_place_TSPAWN,False,-1.8984099626541138,-0.00028814011602662504,0.0005470080669052572
47382,4.5,-0.0033174753189086914,12,lag_01__T_place_OUTSIDE,T_place_OUTSIDE,False,1.3248062133789062,-0.0003630749706644565,-0.00048100397705863607
47382,4.5,-0.0033174753189086914,13,lag_09__T_flash_inv,T_flash_inv,True,1.9240344762802124,-0.00024301500525325537,-0.00046756924836068026
47382,4.5,-0.0033174753189086914,14,lag_09__CT_walking_count,CT_walking_count,False,-1.0355465412139893,-0.0004355462733656168,0.00045102843692240713
47382,4.5,-0.0033174753189086914,15,lag_01__T_unique_places,T_unique_places,False,0.8783379793167114,-0.00040899490704759955,-0.0003592357602070148
47382,4.5,-0.0033174753189086914,16,lag_09__CT5__smoke,CT5__smoke,True,1.5474231243133545,0.00023069682356435806,0.00035698559948912564
47382,4.5,-0.0033174753189086914,17,lag_09__T_spread_xy,T_spread_xy,False,-1.4108495712280273,-0.00023312227858696133,0.00032890046678811513
47382,4.5,-0.0033174753189086914,18,lag_04__CT_place_CTSPAWN,CT_place_CTSPAWN,False,-4.163167476654053,7.783446199027821e-05,-0.00032403790072079233
47382,4.5,-0.0033174753189086914,19,lag_09__T_place_TSPAWN,T_place_TSPAWN,False,4.428390979766846,6.885712355142459e-05,0.0003049262648278199
47382,4.5,-0.0033174753189086914,20,lag_09__CT3__is_walking,CT3__is_walking,False,-0.5419549345970154,-0.0005413369508460164,0.00029338023179070055
51414,67.5,-0.0032250285148620605,1,lag_11__T_place_MINI,T_place_MINI,False,-13.912817001342773,0.0006724930135533214,-0.009356272232248886
51414,67.5,-0.0032250285148620605,2,lag_05__CT1__flash_duration,CT1__flash_duration,True,-4.75895881652832,0.0015557149890810251,-0.007403583563292404
51414,67.5,-0.0032250285148620605,3,lag_00__CT_place_HELL,CT_place_HELL,False,5.4229230880737305,0.000791971106082201,0.0042947983962604575
51414,67.5,-0.0032250285148620605,4,lag_12__T_place_HUT,T_place_HUT,False,9.321470260620117,0.0003756357473321259,0.003501477447582224
51414,67.5,-0.0032250285148620605,5,lag_14__T_place_MINI,T_place_MINI,False,13.912817001342773,-0.0002130497741745785,-0.002964122520268314
51414,67.5,-0.0032250285148620605,6,lag_12__CT1__is_scoped,CT1__is_scoped,False,-4.282663822174072,-0.0005525658489204943,0.002366453770540705
51414,67.5,-0.0032250285148620605,7,lag_10__CT5__is_walking,CT5__is_walking,False,2.396676540374756,0.0009141857735812664,0.0021910075970865694
51414,67.5,-0.0032250285148620605,8,lag_10__CT4__duck_amount,CT4__duck_amount,False,3.4163658618927,0.0006053324323147535,0.0020680370568565976
51414,67.5,-0.0032250285148620605,9,lag_05__CT_flashed_players,CT_flashed_players,False,-2.1899399757385254,0.0009271487360820174,-0.0020304000806014577
51414,67.5,-0.0032250285148620605,10,lag_05__CT_flash_duration_sum,CT_flash_duration_sum,True,-2.1380040645599365,0.0009175981977023184,-0.001961828676320429
51414,67.5,-0.0032250285148620605,11,lag_14__CT1__is_scoped,CT1__is_scoped,False,4.282663822174072,-0.0004411787958815694,-0.0018894204682323168
51414,67.5,-0.0032250285148620605,12,lag_02__CT_duck_amount_mean,CT_duck_amount_mean,False,-2.994267225265503,0.0005872309557162225,-0.001758326404362423
51414,67.5,-0.0032250285148620605,13,lag_00__T3__is_walking,T3__is_walking,False,2.3223767280578613,0.0007178710657171905,0.0016671670567676988
51414,67.5,-0.0032250285148620605,14,lag_06__CT5__flash_duration,CT5__flash_duration,True,-3.943018913269043,-0.00038346252404153347,0.0015119999848256516
51414,67.5,-0.0032250285148620605,15,lag_15__CT5__is_walking,CT5__is_walking,False,2.396676540374756,0.0006060510058887303,0.001452508228084043
51414,67.5,-0.0032250285148620605,16,lag_10__T3__is_walking,T3__is_walking,False,-2.3223767280578613,-0.0006160950870253146,0.0014308048923783734
51414,67.5,-0.0032250285148620605,17,lag_06__T_velocity_mean,T_velocity_mean,False,-1.3268299102783203,0.0010691974312067032,-0.0014186431317178005
51414,67.5,-0.0032250285148620605,18,lag_04__T_shots_fired_sum,T_shots_fired_sum,False,4.498422622680664,-0.0003138912143185735,-0.0014120153395513757
51414,67.5,-0.0032250285148620605,19,lag_14__CT5__duck_amount,CT5__duck_amount,False,3.534308910369873,0.00039486627792939544,0.001395579404490449
51414,67.5,-0.0032250285148620605,20,lag_14__CT_duck_amount_mean,CT_duck_amount_mean,False,1.8689234256744385,-0.0007341195014305413,-0.001372013133467978
48822,27.0,0.0029959380626678467,1,lag_08__T5__is_walking,T5__is_walking,False,2.3193888664245605,0.0011377058690413833,0.0026387823259204635
48822,27.0,0.0029959380626678467,2,lag_15__CT4__duck_amount,CT4__duck_amount,False,-3.6725916862487793,-0.0005327825783751905,0.0019566928679189133
48822,27.0,0.0029959380626678467,3,lag_15__T2__is_walking,T2__is_walking,False,2.2968344688415527,0.0006923961918801069,0.0015903194396048592
48822,27.0,0.0029959380626678467,4,lag_05__T3__is_walking,T3__is_walking,False,2.3223767280578613,0.0006230797152966261,0.0014470258305298023
48822,27.0,0.0029959380626678467,5,lag_06__T5__is_walking,T5__is_walking,False,-2.3193888664245605,-0.0005818181089125574,0.001349462444095978
48822,27.0,0.0029959380626678467,6,lag_11__T5__is_walking,T5__is_walking,False,-2.3193888664245605,0.0005790881114080548,-0.001343130518278668
48822,27.0,0.0029959380626678467,7,lag_02__CT3__shots_fired,CT3__shots_fired,False,-3.5999112129211426,0.00034953837166540325,-0.001258307103504483
48822,27.0,0.0029959380626678467,8,lag_03__CT3__shots_fired,CT3__shots_fired,False,2.5713653564453125,0.0004854855942539871,0.0012483608381179678
48822,27.0,0.0029959380626678467,9,lag_01__CT2__is_walking,CT2__is_walking,False,2.360051155090332,0.0004984759143553674,0.0011764286574590943
48822,27.0,0.0029959380626678467,10,lag_01__T_duck_amount_mean,T_duck_amount_mean,False,-1.3687472343444824,0.0008338342304341495,-0.001141308296808502
48822,27.0,0.0029959380626678467,11,lag_11__CT3__is_walking,CT3__is_walking,False,-2.387126922607422,-0.00047269437345676124,0.0011283814650436819
48822,27.0,0.0029959380626678467,12,lag_14__T_walking_count,T_walking_count,False,-2.3912696838378906,0.000440860545495525,-0.001054216457243684
48822,27.0,0.0029959380626678467,13,lag_13__CT3__shots_fired,CT3__shots_fired,False,-1.5428190231323242,0.0006741049000993371,-0.0010400218634599723
48822,27.0,0.0029959380626678467,14,lag_07__T2__is_walking,T2__is_walking,False,-2.2968344688415527,0.00045005904394201934,-0.001033711125139905
48822,27.0,0.0029959380626678467,15,lag_01__CT3__duck_amount,CT3__duck_amount,False,3.7208433151245117,0.00027258991030976176,0.0010142643455464673
48822,27.0,0.0029959380626678467,16,lag_01__T4__duck_amount,T4__duck_amount,False,-3.6976382732391357,0.0002649609523359686,-0.000979729758271368
48822,27.0,0.0029959380626678467,17,lag_14__T5__is_walking,T5__is_walking,False,-2.3193888664245605,0.0004222536808811128,-0.0009793704862424424
48822,27.0,0.0029959380626678467,18,lag_08__CT3__is_walking,CT3__is_walking,False,2.387126922607422,-0.00040008954238146544,-0.0009550645180724793
48822,27.0,0.0029959380626678467,19,lag_14__CT_duck_amount_mean,CT_duck_amount_mean,False,1.197706937789917,-0.0007341195014305413,-0.0008792600200302342
48822,27.0,0.0029959380626678467,20,lag_03__T5__is_walking,T5__is_walking,False,2.3193888664245605,-0.0003742877161130309,-0.0008681187615920405
49718,41.0,0.002964794635772705,1,lag_14__T1__is_walking,T1__is_walking,False,-2.281590461730957,0.0015562789048999548,-0.003550791105212836
49718,41.0,0.002964794635772705,2,lag_10__CT5__is_walking,CT5__is_walking,False,-2.396676540374756,0.0009141857735812664,-0.0021910075970865694
49718,41.0,0.002964794635772705,3,lag_11__T4__flash_duration,T4__flash_duration,True,-3.9309911727905273,-0.0005000606179237366,0.001965733874918385
49718,41.0,0.002964794635772705,4,lag_07__T5__duck_amount,T5__duck_amount,False,-1.3260788917541504,-0.00141742336563766,0.001879615205851226
49718,41.0,0.002964794635772705,5,lag_09__CT5__duck_amount,CT5__duck_amount,False,3.5613739490509033,0.00048814306501299143,0.0017384599951471291
49718,41.0,0.002964794635772705,6,lag_02__CT4__duck_amount,CT4__duck_amount,False,-3.3475615978240967,0.0005083826836198568,-0.0017018423486845902
49718,41.0,0.002964794635772705,7,lag_10__CT3__is_walking,CT3__is_walking,False,2.387126922607422,0.0007095540058799088,0.0016937954704798752
49718,41.0,0.002964794635772705,8,lag_02__T5__duck_amount,T5__duck_amount,False,3.415618896484375,0.00048527796752750874,0.0016575245959344898
49718,41.0,0.002964794635772705,9,lag_15__T4__is_walking,T4__is_walking,False,-2.307980537414551,0.0007160146487876773,-0.0016525478739056743
49718,41.0,0.002964794635772705,10,lag_07__T4__is_walking,T4__is_walking,False,-2.307980537414551,-0.0006861970177851617,0.0015837293618800596
49718,41.0,0.002964794635772705,11,lag_09__T4__is_scoped,T4__is_scoped,False,-4.644811153411865,0.00032590876799076796,-0.001513784680558239
49718,41.0,0.002964794635772705,12,lag_13__T1__is_walking,T1__is_walking,False,2.281590461730957,0.0006442470476031303,0.001469907918809632
49718,41.0,0.002964794635772705,13,lag_15__CT5__is_walking,CT5__is_walking,False,-2.396676540374756,0.0006060510058887303,-0.001452508228084043
49718,41.0,0.002964794635772705,14,lag_09__CT3__is_walking,CT3__is_walking,False,-2.387126922607422,-0.0005413369508460164,0.0012922400095667363
49718,41.0,0.002964794635772705,15,lag_15__T2__duck_amount,T2__duck_amount,False,2.8115739822387695,-0.0004255352832842618,-0.001196423931006635
49718,41.0,0.002964794635772705,16,lag_01__CT2__is_walking,CT2__is_walking,False,2.360051155090332,0.0004984759143553674,0.0011764286574590943
49718,41.0,0.002964794635772705,17,lag_06__T1__is_walking,T1__is_walking,False,-2.281590461730957,-0.0005081794806756079,0.0011594574559568582
49718,41.0,0.002964794635772705,18,lag_11__CT3__is_walking,CT3__is_walking,False,-2.387126922607422,-0.00047269437345676124,0.0011283814650436819
49718,41.0,0.002964794635772705,19,lag_07__CT4__duck_amount,CT4__duck_amount,False,3.6725916862487793,0.0002936914097517729,0.0010786086297770447
49718,41.0,0.002964794635772705,20,lag_09__T5__is_walking,T5__is_walking,False,-2.3193888664245605,0.00046198672498576343,-0.001071526866367925
48278,18.5,0.002960026264190674,1,lag_00__CT_shots_fired_sum,CT_shots_fired_sum,False,-3.4737050533294678,0.0014053488848730922,-0.004881767523074593
48278,18.5,0.002960026264190674,2,lag_14__T1__is_walking,T1__is_walking,False,-2.281590461730957,0.0015562789048999548,-0.003550791105212836
48278,18.5,0.002960026264190674,3,lag_02__T3__is_walking,T3__is_walking,False,2.3223767280578613,-0.0010841221082955599,-0.0025177399546786328
48278,18.5,0.002960026264190674,4,lag_14__T_place_SILO,T_place_SILO,False,6.793753623962402,0.00033634607098065317,0.002285052338630328
48278,18.5,0.002960026264190674,5,lag_00__CT3__shots_fired,CT3__shots_fired,False,-2.5713651180267334,0.0007542061503045261,-0.001939339386694286
48278,18.5,0.002960026264190674,6,lag_00__T3__is_walking,T3__is_walking,False,2.3223767280578613,0.0007178710657171905,0.0016671670567676988
48278,18.5,0.002960026264190674,7,lag_06__T2__duck_amount,T2__duck_amount,False,1.835716962814331,-0.0008612168021500111,-0.001580950292367489
48278,18.5,0.002960026264190674,8,lag_04__T2__duck_amount,T2__duck_amount,False,3.8233180046081543,0.00039371088496409357,0.0015052819150934288
48278,18.5,0.002960026264190674,9,lag_13__T1__is_walking,T1__is_walking,False,2.281590461730957,0.0006442470476031303,0.001469907918809632
48278,18.5,0.002960026264190674,10,lag_15__CT5__is_walking,CT5__is_walking,False,-2.396676540374756,0.0006060510058887303,-0.001452508228084043
48278,18.5,0.002960026264190674,11,lag_01__T2__is_walking,T2__is_walking,False,-2.2968344688415527,-0.0005755001329816878,0.0013218285422552378
48278,18.5,0.002960026264190674,12,lag_09__CT3__is_walking,CT3__is_walking,False,2.387126922607422,-0.0005413369508460164,-0.0012922400095667363
48278,18.5,0.002960026264190674,13,lag_03__T2__duck_amount,T2__duck_amount,False,-3.8233180046081543,-0.0003294431371614337,0.0012595658778039032
48278,18.5,0.002960026264190674,14,lag_01__CT3__shots_fired,CT3__shots_fired,False,2.5713651180267334,0.00047640499542467296,0.0012250111872886896
48278,18.5,0.002960026264190674,15,lag_06__T1__is_walking,T1__is_walking,False,2.281590461730957,-0.0005081794806756079,-0.0011594574559568582
48278,18.5,0.002960026264190674,16,lag_07__T2__is_walking,T2__is_walking,False,2.2968344688415527,0.00045005904394201934,0.001033711125139905
48278,18.5,0.002960026264190674,17,lag_14__T5__duck_amount,T5__duck_amount,False,3.7970333099365234,0.0002681704645510763,0.0010182521866415883
48278,18.5,0.002960026264190674,18,lag_01__CT3__duck_amount,CT3__duck_amount,False,3.7208433151245117,0.00027258991030976176,0.0010142643455464673
48278,18.5,0.002960026264190674,19,lag_06__CT2__is_walking,CT2__is_walking,False,-2.360051155090332,-0.0003882960299961269,0.0009163984941093495
48278,18.5,0.002960026264190674,20,lag_06__CT3__is_walking,CT3__is_walking,False,-2.387126922607422,-0.00037061996408738196,0.0008847168943287853
49622,39.5,0.002877950668334961,1,lag_14__T1__is_walking,T1__is_walking,False,-2.281590461730957,0.0015562789048999548,-0.003550791105212836
49622,39.5,0.002877950668334961,2,lag_05__CT5__duck_amount,CT5__duck_amount,False,-3.7749595642089844,-0.0005901423864997923,0.002227763646162506
49622,39.5,0.002877950668334961,3,lag_12__T5__is_walking,T5__is_walking,False,-2.3193888664245605,-0.0008230392122641206,0.001908947985556242
49622,39.5,0.002877950668334961,4,lag_06__CT5__duck_amount,CT5__duck_amount,False,3.5613739490509033,0.0005144865717738867,0.0018322790738520278
49622,39.5,0.002877950668334961,5,lag_13__T4__is_walking,T4__is_walking,False,2.307980537414551,-0.000714772439096123,-0.0016496808781141792
49622,39.5,0.002877950668334961,6,lag_13__T1__is_walking,T1__is_walking,False,2.281590461730957,0.0006442470476031303,0.001469907918809632
49622,39.5,0.002877950668334961,7,lag_04__CT4__duck_amount,CT4__duck_amount,False,3.6725916862487793,-0.00037282524863258004,-0.0013692349085516475
49622,39.5,0.002877950668334961,8,lag_06__T5__is_walking,T5__is_walking,False,-2.3193888664245605,-0.0005818181089125574,0.001349462444095978
49622,39.5,0.002877950668334961,9,lag_07__CT5__is_walking,CT5__is_walking,False,-2.396676540374756,0.0005616898415610194,-0.0013461888662361088
49622,39.5,0.002877950668334961,10,lag_10__T5__duck_amount,T5__duck_amount,False,-3.7970333099365234,-0.00035343781928531826,0.0013420151728176788
49622,39.5,0.002877950668334961,11,lag_12__CT3__is_walking,CT3__is_walking,False,2.387126922607422,-0.0005332557484507561,-0.0012729491537619708
49622,39.5,0.002877950668334961,12,lag_15__T4__flash_duration,T4__flash_duration,True,3.9309911727905273,0.0003155187878292054,0.0012403015698061737
49622,39.5,0.002877950668334961,13,lag_04__T3__is_walking,T3__is_walking,False,2.3223767280578613,-0.00048691569827497005,-0.0011308016861998338
49622,39.5,0.002877950668334961,14,lag_07__CT3__is_walking,CT3__is_walking,False,2.387126922607422,0.0004160612297710031,0.0009931909630395142
49622,39.5,0.002877950668334961,15,lag_03__T1__is_walking,T1__is_walking,False,-2.281590461730957,0.0004292548110242933,-0.000979383682485152
49622,39.5,0.002877950668334961,16,lag_14__T5__is_walking,T5__is_walking,False,2.3193888664245605,0.0004222536808811128,0.0009793704862424424
49622,39.5,0.002877950668334961,17,lag_08__CT3__is_walking,CT3__is_walking,False,-2.387126922607422,-0.00040008954238146544,0.0009550645180724793
49622,39.5,0.002877950668334961,18,lag_03__T4__is_walking,T4__is_walking,False,2.307980537414551,0.00040515183354727924,0.0009350825465249402
49622,39.5,0.002877950668334961,19,lag_13__T2__duck_amount,T2__duck_amount,False,1.0117440223693848,-0.0008803759119473398,-0.0008907150663507168
49622,39.5,0.002877950668334961,20,lag_06__CT3__is_walking,CT3__is_walking,False,-2.387126922607422,-0.00037061996408738196,0.0008847168943287853
49206,33.0,0.0028638243675231934,1,lag_09__CT_place_MINI,CT_place_MINI,False,-6.131025314331055,0.0011554337106645107,-0.007083993329115579
49206,33.0,0.0028638243675231934,2,lag_00__T_flashed_players,T_flashed_players,False,-1.9296237230300903,-0.0011804020032286644,0.002277731708142272
49206,33.0,0.0028638243675231934,3,lag_14__CT_shots_fired_sum,CT_shots_fired_sum,False,-4.863187313079834,-0.0004142530669923872,0.002014590259801788
49206,33.0,0.0028638243675231934,4,lag_12__T5__is_walking,T5__is_walking,False,-2.3193888664245605,-0.0008230392122641206,0.001908947985556242
49206,33.0,0.0028638243675231934,5,lag_14__CT3__shots_fired,CT3__shots_fired,False,-3.5999112129211426,0.00044074803008697927,-0.0015866537755830218
49206,33.0,0.0028638243675231934,6,lag_13__T1__is_walking,T1__is_walking,False,2.281590461730957,0.0006442470476031303,0.001469907918809632
49206,33.0,0.0028638243675231934,7,lag_06__T5__is_walking,T5__is_walking,False,2.3193888664245605,-0.0005818181089125574,-0.001349462444095978
49206,33.0,0.0028638243675231934,8,lag_11__T5__is_walking,T5__is_walking,False,2.3193888664245605,0.0005790881114080548,0.001343130518278668
49206,33.0,0.0028638243675231934,9,lag_01__CT2__is_walking,CT2__is_walking,False,2.360051155090332,0.0004984759143553674,0.0011764286574590943
49206,33.0,0.0028638243675231934,10,lag_00__T2__flash_duration,T2__flash_duration,True,-0.8754605054855347,-0.00131480791606009,0.0011510624028103489
49206,33.0,0.0028638243675231934,11,lag_15__CT3__shots_fired,CT3__shots_fired,False,2.5713653564453125,0.00044750847155228257,0.001150707780465332
49206,33.0,0.0028638243675231934,12,lag_15__CT3__duck_amount,CT3__duck_amount,False,-3.7208433151245117,-0.00030784468981437385,0.0011454418561923918
49206,33.0,0.0028638243675231934,13,lag_13__T4__duck_amount,T4__duck_amount,False,-3.6976382732391357,0.00026060137315653265,-0.000963609611442269
49206,33.0,0.0028638243675231934,14,lag_03__CT1__is_walking,CT1__is_walking,False,-2.3343825340270996,0.00041132044862024486,-0.0009601792711472906
49206,33.0,0.0028638243675231934,15,lag_08__CT3__is_walking,CT3__is_walking,False,2.387126922607422,-0.00040008954238146544,-0.0009550645180724793
49206,33.0,0.0028638243675231934,16,lag_02__T4__flash_duration,T4__flash_duration,True,3.9309911727905273,-0.00023048119328450412,-0.000906019536295613
49206,33.0,0.0028638243675231934,17,lag_13__CT2__is_walking,CT2__is_walking,False,2.360051155090332,0.00036702732904814184,0.0008662032718697865
49206,33.0,0.0028638243675231934,18,lag_02__T_flashed_players,T_flashed_players,False,3.8592474460601807,-0.00021065327746327966,-0.0008129631230543687
49206,33.0,0.0028638243675231934,19,lag_05__T4__is_walking,T4__is_walking,False,-2.307980537414551,0.00033853063359856606,-0.0007813221136641069
49206,33.0,0.0028638243675231934,20,lag_01__CT1__is_walking,CT1__is_walking,False,2.3343825340270996,0.0003324484277982265,0.0007760618033169492
51446,68.0,0.002768218517303467,1,lag_10__T_place_MINI,T_place_MINI,False,-13.91281509399414,-0.0004558072832878679,0.006341562450879912
51446,68.0,0.002768218517303467,2,lag_07__CT5__flash_duration,CT5__flash_duration,True,-3.943018913269043,0.0011893287301063538,-0.004689545676903606
51446,68.0,0.002768218517303467,3,lag_15__T_place_MINI,T_place_MINI,False,13.912817001342773,0.00026626570615917444,0.0037045060435259014
51446,68.0,0.002768218517303467,4,lag_15__CT5__duck_amount,CT5__duck_amount,False,3.534308910369873,-0.0010374754201620817,-0.0036667586217685733
51446,68.0,0.002768218517303467,5,lag_02__T_place_HUT,T_place_HUT,False,-9.321470260620117,-0.0003632489242590964,0.0033860140446834164
51446,68.0,0.002768218517303467,6,lag_01__CT_place_HELL,CT_place_HELL,False,5.4229230880737305,-0.0004694078816100955,-0.002545562838907167
51446,68.0,0.002768218517303467,7,lag_06__CT1__flash_duration,CT1__flash_duration,True,-4.75895881652832,0.000533432699739933,-0.0025385842494518585
51446,68.0,0.002768218517303467,8,lag_13__CT1__is_scoped,CT1__is_scoped,False,-4.282663822174072,0.0005760301137343049,-0.002466943328572724
51446,68.0,0.002768218517303467,9,lag_10__CT4__duck_amount,CT4__duck_amount,False,-3.4163658618927,0.0006053324323147535,-0.0020680370568565976
51446,68.0,0.002768218517303467,10,lag_13__CT5__is_walking,CT5__is_walking,False,2.396676540374756,0.0008454928756691515,0.0020263729401702457
51446,68.0,0.002768218517303467,11,lag_13__T_place_HUT,T_place_HUT,False,9.321470260620117,0.0001956792693817988,0.0018240184901623102
51446,68.0,0.002768218517303467,12,lag_04__CT_duck_amount_mean,CT_duck_amount_mean,False,2.994267225265503,-0.00055792584316805,-0.0016705790663267134
51446,68.0,0.002768218517303467,13,lag_15__CT1__is_scoped,CT1__is_scoped,False,4.282663822174072,0.0003843345621135086,0.001645975724774637
51446,68.0,0.002768218517303467,14,lag_13__CT4__is_walking,CT4__is_walking,False,-2.384641170501709,0.0006243640673346817,-0.0014888842603481833
51446,68.0,0.002768218517303467,15,lag_13__CT5__duck_amount,CT5__duck_amount,False,-2.8762805461883545,0.0005157488631084561,-0.001483438421677613
51446,68.0,0.002768218517303467,16,lag_15__CT5__is_walking,CT5__is_walking,False,-2.396676540374756,0.0006060510058887303,-0.001452508228084043
51446,68.0,0.002768218517303467,17,lag_05__T_shots_fired_sum,T_shots_fired_sum,False,4.498422622680664,-0.00032214540988206863,-0.0014491461996062327
51446,68.0,0.002768218517303467,18,lag_04__T_shots_fired_sum,T_shots_fired_sum,False,-4.498422622680664,-0.0003138912143185735,0.0014120153395513757
51446,68.0,0.002768218517303467,19,lag_07__CT5__is_walking,CT5__is_walking,False,-2.396676540374756,0.0005616898415610194,-0.0013461888662361088
51446,68.0,0.002768218517303467,20,lag_04__T_kills_last_3s,T_kills_last_3s,False,3.1681017875671387,-0.0004195147776044905,-0.001329065516839617
47286,3.0,-0.00253903865814209,1,lag_01__CT_place_OUTSIDE,CT_place_OUTSIDE,False,8.59863567352295,0.00046048936201259494,0.0039595802554793225
47286,3.0,-0.00253903865814209,2,lag_06__T_velocity_mean,T_velocity_mean,False,-1.7359485626220703,0.0010691974312067032,-0.0018560717438624863
47286,3.0,-0.00253903865814209,3,lag_05__T_velocity_mean,T_velocity_mean,False,3.4458701610565186,0.00044642318971455097,0.0015383163486410445
47286,3.0,-0.00253903865814209,4,lag_06__T4__flash,T4__flash,True,1.9732310771942139,-0.0004919958882965147,-0.0009708215766384559
47286,3.0,-0.00253903865814209,5,lag_01__T_shots_fired_sum,T_shots_fired_sum,False,-0.7497370839118958,0.0010463892249390483,-0.0007845168061426308
47286,3.0,-0.00253903865814209,6,lag_06__CT_unique_places,CT_unique_places,False,-1.6410033702850342,-0.0004476429894566536,0.0007345836543828366
47286,3.0,-0.00253903865814209,7,lag_01__CT_place_CTSPAWN,CT_place_CTSPAWN,False,-4.163167476654053,-0.00016526001854799688,0.0006880051344102661
47286,3.0,-0.00253903865814209,8,lag_06__T4__utility_total,T4__utility_total,True,2.2137324810028076,-0.0002935504890047014,-0.000649842252323965
47286,3.0,-0.00253903865814209,9,lag_05__CT_velocity_mean,CT_velocity_mean,False,3.5042614936828613,0.00017556158127263188,0.0006152136890237581
47286,3.0,-0.00253903865814209,10,lag_06__CT_velocity_mean,CT_velocity_mean,False,-1.694637656211853,-0.000346307730069384,0.0005868661200128279
47286,3.0,-0.00253903865814209,11,lag_06__T_unique_places,T_unique_places,False,-1.3668794631958008,-0.0004269172204658389,0.0005835443811393892
47286,3.0,-0.00253903865814209,12,lag_06__CT_place_CTSPAWN,CT_place_CTSPAWN,False,4.78255033493042,-0.00010357611608924344,-0.0004953579886934033
47286,3.0,-0.00253903865814209,13,lag_06__CT_walking_count,CT_walking_count,False,-1.0355465412139893,-0.0004760443698614836,0.0004929661006744523
47286,3.0,-0.00253903865814209,14,lag_06__T_flash_inv,T_flash_inv,True,1.9240344762802124,-0.00025453002308495343,-0.0004897245396638487
47286,3.0,-0.00253903865814209,15,lag_06__T_walking_count,T_walking_count,False,-0.9998118877410889,-0.00046319651301018894,0.00046310938006780683
47286,3.0,-0.00253903865814209,16,lag_06__T5__utility_total,T5__utility_total,True,1.5134170055389404,-0.0002825547708198428,-0.0004276231951549081
47286,3.0,-0.00253903865814209,17,lag_06__CT_scoped_count,CT_scoped_count,False,-0.5918432474136353,0.0007211040356196463,-0.0004267805541642092
47286,3.0,-0.00253903865814209,18,lag_06__CT_macro_OTHER,CT_macro_OTHER,False,1.8060362339019775,-0.00023052655160427094,-0.00041633930507378736
47286,3.0,-0.00253903865814209,19,lag_06__T_utility_inv,T_utility_inv,True,2.3746798038482666,-0.00017383162048645318,-0.00041279443843939695
47286,3.0,-0.00253903865814209,20,lag_00__CT_place_OUTSIDE,CT_place_OUTSIDE,False,2.1496591567993164,0.000190190170542337,0.00040884404163955834
51542,69.5,0.0025222301483154297,1,lag_13__T_place_MINI,T_place_MINI,False,-13.91281509399414,0.0010436169104650617,-0.014519649104265842
51542,69.5,0.0025222301483154297,2,lag_14__CT4__duck_amount,CT4__duck_amount,False,3.4163658618927,-0.002035298850387335,-0.006953325511212749
51542,69.5,0.0025222301483154297,3,lag_15__T_place_MINI,T_place_MINI,False,-13.912817001342773,0.00026626570615917444,-0.0037045060435259014
51542,69.5,0.0025222301483154297,4,lag_01__CT_place_HELL,CT_place_HELL,False,-5.4229230880737305,-0.0004694078816100955,0.002545562838907167
51542,69.5,0.0025222301483154297,5,lag_02__T3__is_walking,T3__is_walking,False,-2.3223767280578613,-0.0010841221082955599,0.0025177399546786328
51542,69.5,0.0025222301483154297,6,lag_10__CT5__is_walking,CT5__is_walking,False,-2.396676540374756,0.0009141857735812664,-0.0021910075970865694
51542,69.5,0.0025222301483154297,7,lag_01__T_kills_last_3s,T_kills_last_3s,False,-3.1681017875671387,-0.000641276768874377,0.0020316300777961926
51542,69.5,0.0025222301483154297,8,lag_06__T_velocity_mean,T_velocity_mean,False,1.581441879272461,0.0010691974312067032,0.0016908735949208165
51542,69.5,0.0025222301483154297,9,lag_01__CT_place_HEAVEN,CT_place_HEAVEN,False,5.3994574546813965,0.0002814343897625804,0.0015195930138072744
51542,69.5,0.0025222301483154297,10,lag_08__T_shots_fired_sum,T_shots_fired_sum,False,4.498422622680664,0.0003371294878888875,0.0015165509150921186
51542,69.5,0.0025222301483154297,11,lag_15__CT5__is_walking,CT5__is_walking,False,-2.396676540374756,0.0006060510058887303,-0.001452508228084043
51542,69.5,0.0025222301483154297,12,lag_14__CT_duck_amount_mean,CT_duck_amount_mean,False,1.8569107055664062,-0.0007341195014305413,-0.0013631943613714448
51542,69.5,0.0025222301483154297,13,lag_04__CT_place_HELL,CT_place_HELL,False,5.4229230880737305,0.00022985135728958994,0.0012464662322708014
51542,69.5,0.0025222301483154297,14,lag_13__CT4__duck_amount,CT4__duck_amount,False,-3.4163658618927,-0.0003448402276262641,0.0011781003814696767
51542,69.5,0.0025222301483154297,15,lag_12__kill_diff_last_3s,kill_diff_last_3s,False,2.4069459438323975,0.00047556590288877487,0.0011446614209831285
51542,69.5,0.0025222301483154297,16,lag_04__T3__is_walking,T3__is_walking,False,2.3223767280578613,-0.00048691569827497005,-0.0011308016861998338
51542,69.5,0.0025222301483154297,17,lag_06__CT5__is_walking,CT5__is_walking,False,2.396676540374756,-0.0004486564139369875,-0.0010752843019714436
51542,69.5,0.0025222301483154297,18,lag_09__CT1__flash_duration,CT1__flash_duration,True,-4.75895881652832,-0.00022163844550959766,0.0010547682343395315
51542,69.5,0.0025222301483154297,19,lag_05__T_place_HUT,T_place_HUT,False,-9.321470260620117,-0.00011052867921534926,0.001030289796251499
51542,69.5,0.0025222301483154297,20,lag_12__CT_damage_last_5s,CT_damage_last_5s,False,2.179865598678589,-0.00042137119453400373,-0.0009185325712387782
51766,73.0,-0.0024719834327697754,1,lag_01__CT_place_MINI,CT_place_MINI,False,6.131025314331055,-0.0009253682801499963,-0.005673456350678618
51766,73.0,-0.0024719834327697754,2,lag_12__T_place_HUT,T_place_HUT,False,-9.321470260620117,0.0003756357473321259,-0.003501477447582224
51766,73.0,-0.0024719834327697754,3,lag_14__CT_duck_amount_mean,CT_duck_amount_mean,False,2.994267225265503,-0.0007341195014305413,-0.0021981499625617212
51766,73.0,-0.0024719834327697754,4,lag_15__T_shots_fired_sum,T_shots_fired_sum,False,4.498422622680664,-0.0004792142426595092,-0.0021557081902903175
51766,73.0,-0.0024719834327697754,5,lag_08__T3__is_walking,T3__is_walking,False,2.3223767280578613,0.0009110851678997278,0.002115882991209017
51766,73.0,-0.0024719834327697754,6,lag_13__CT5__is_walking,CT5__is_walking,False,2.396676540374756,0.0008454928756691515,0.0020263729401702457
51766,73.0,-0.0024719834327697754,7,lag_02__CT_duck_amount_mean,CT_duck_amount_mean,False,2.994267225265503,0.0005872309557162225,0.001758326404362423
51766,73.0,-0.0024719834327697754,8,lag_02__CT5__duck_amount,CT5__duck_amount,False,3.7749595642089844,0.0004283810267224908,0.0016171210539517311
51766,73.0,-0.0024719834327697754,9,lag_14__CT_damage_last_5s,CT_damage_last_5s,False,2.899221181869507,0.000530524121131748,0.0015381067694778677
51766,73.0,-0.0024719834327697754,10,lag_05__CT_duck_amount_mean,CT_duck_amount_mean,False,-2.994267225265503,-0.00046590386773459613,0.001395040681282135
51766,73.0,-0.0024719834327697754,11,lag_05__CT5__is_walking,CT5__is_walking,False,-2.396676540374756,0.000485501775983721,-0.0011635907168104642
51766,73.0,-0.0024719834327697754,12,lag_11__CT_place_HELL,CT_place_HELL,False,5.4229230880737305,0.0002110927161993459,0.0011447395644016284
51766,73.0,-0.0024719834327697754,13,lag_14__T_velocity_mean,T_velocity_mean,False,-1.619233250617981,-0.0006706330459564924,0.001085911326975969
51766,73.0,-0.0024719834327697754,14,lag_01__CT_place_OUTSIDE,CT_place_OUTSIDE,False,-2.1496589183807373,0.00046048936201259494,-0.0009898950638698306
51766,73.0,-0.0024719834327697754,15,lag_08__CT_place_HELL,CT_place_HELL,False,-5.4229230880737305,0.00018206868844572455,-0.0009873444941876225
51766,73.0,-0.0024719834327697754,16,lag_14__damage_diff_last_5s,damage_diff_last_5s,False,1.9175821542739868,0.00045203082845546305,0.0008668062498278818
51766,73.0,-0.0024719834327697754,17,lag_04__damage_diff_last_5s,damage_diff_last_5s,False,-2.459016799926758,0.00032402988290414214,-0.0007967949257395857
51766,73.0,-0.0024719834327697754,18,lag_01__CT1__is_walking,CT1__is_walking,False,2.3343825340270996,0.0003324484277982265,0.0007760618033169492
51766,73.0,-0.0024719834327697754,19,lag_09__damage_diff_last_5s,damage_diff_last_5s,False,-2.255979061126709,0.00034283899003639817,-0.0007734375828599427
51766,73.0,-0.0024719834327697754,20,lag_13__CT_kills_last_3s,CT_kills_last_3s,False,-2.8871402740478516,0.0002191345556639135,-0.0006326722010928654
50262,49.5,-0.0024631619453430176,1,lag_14__T4__is_scoped,T4__is_scoped,False,-4.644811153411865,0.001090245321393013,-0.00506398362876137
50262,49.5,-0.0024631619453430176,2,lag_15__T4__is_scoped,T4__is_scoped,False,4.644811153411865,0.0007548597059212625,0.0035061807813242807
50262,49.5,-0.0024631619453430176,3,lag_13__T2__duck_amount,T2__duck_amount,False,-3.8233180046081543,-0.0008803759119473398,0.0033659570749715872
50262,49.5,-0.0024631619453430176,4,lag_01__T2__duck_amount,T2__duck_amount,False,-3.8233180046081543,0.000875247991643846,-0.003346351404949044
50262,49.5,-0.0024631619453430176,5,lag_06__T2__duck_amount,T2__duck_amount,False,3.8233180046081543,-0.0008612168021500111,-0.003292705705531196
50262,49.5,-0.0024631619453430176,6,lag_13__CT_place_MINI,CT_place_MINI,False,6.131025314331055,-0.0005035438807681203,-0.003087240279865844
50262,49.5,-0.0024631619453430176,7,lag_02__CT_place_MINI,CT_place_MINI,False,-6.131025314331055,-0.00042748061241582036,0.0026208944561071368
50262,49.5,-0.0024631619453430176,8,lag_07__T2__duck_amount,T2__duck_amount,False,-1.466491460800171,-0.0017421896336600184,0.002554906220856995
50262,49.5,-0.0024631619453430176,9,lag_12__T_kills_last_3s,T_kills_last_3s,False,3.1681017875671387,-0.0006988649256527424,-0.0022140752202284286
50262,49.5,-0.0024631619453430176,10,lag_05__CT4__duck_amount,CT4__duck_amount,False,-3.6725916862487793,-0.0005860349629074335,0.002152267132624952
50262,49.5,-0.0024631619453430176,11,lag_08__T3__is_walking,T3__is_walking,False,-2.3223767280578613,0.0009110851678997278,-0.002115882991209017
50262,49.5,-0.0024631619453430176,12,lag_14__T_scoped_count,T_scoped_count,False,-2.8811259269714355,0.0006574045401066542,-0.0018940652650100143
50262,49.5,-0.0024631619453430176,13,lag_12__CT_place_GARAGE,CT_place_GARAGE,False,-7.1875224113464355,0.000258055079029873,-0.0018547766638889879
50262,49.5,-0.0024631619453430176,14,lag_10__CT3__is_walking,CT3__is_walking,False,-2.387126922607422,0.0007095540058799088,-0.0016937954704798752
50262,49.5,-0.0024631619453430176,15,lag_02__CT5__duck_amount,CT5__duck_amount,False,-3.7749595642089844,0.0004283810267224908,-0.0016171210539517311
50262,49.5,-0.0024631619453430176,16,lag_13__T1__is_walking,T1__is_walking,False,-2.281590461730957,0.0006442470476031303,-0.001469907918809632
50262,49.5,-0.0024631619453430176,17,lag_02__CT3__is_walking,CT3__is_walking,False,2.387126922607422,0.000597444421146065,0.0014261756624793787
50262,49.5,-0.0024631619453430176,18,lag_07__CT5__is_walking,CT5__is_walking,False,2.396676540374756,0.0005616898415610194,0.0013461888662361088
50262,49.5,-0.0024631619453430176,19,lag_15__T_scoped_count,T_scoped_count,False,2.8811259269714355,0.0004634616489056498,0.0013352913728190002
50262,49.5,-0.0024631619453430176,20,lag_12__CT3__is_walking,CT3__is_walking,False,2.387126922607422,-0.0005332557484507561,-0.0012729491537619708
51990,76.5,-0.0024527311325073242,1,lag_08__CT_place_MINI,CT_place_MINI,False,6.131025314331055,-0.0012106822105124593,-0.007422723280262167
51990,76.5,-0.0024527311325073242,2,lag_05__CT5__duck_amount,CT5__duck_amount,False,-3.7749595642089844,-0.0005901423864997923,0.002227763646162506
51990,76.5,-0.0024527311325073242,3,lag_06__CT5__duck_amount,CT5__duck_amount,False,3.7749595642089844,0.0005144865717738867,0.0019421660047749256
51990,76.5,-0.0024527311325073242,4,lag_09__CT5__duck_amount,CT5__duck_amount,False,3.7749595642089844,0.00048814306501299143,0.00184272033197308
51990,76.5,-0.0024527311325073242,5,lag_07__CT5__duck_amount,CT5__duck_amount,False,-3.6141715049743652,-0.00042337129707448184,0.0015301364779106291
51990,76.5,-0.0024527311325073242,6,lag_05__CT_duck_amount_mean,CT_duck_amount_mean,False,-2.994267225265503,-0.00046590386773459613,0.001395040681282135
51990,76.5,-0.0024527311325073242,7,lag_05__CT5__is_walking,CT5__is_walking,False,2.396676540374756,0.000485501775983721,0.0011635907168104642
51990,76.5,-0.0024527311325073242,8,lag_15__T_kills_last_3s,T_kills_last_3s,False,-3.1681017875671387,-0.00035958067746832967,0.001139188187062018
51990,76.5,-0.0024527311325073242,9,lag_08__CT_place_OUTSIDE,CT_place_OUTSIDE,False,-2.1496589183807373,0.0004940523067489266,-0.0010620439473494059
51990,76.5,-0.0024527311325073242,10,lag_15__CT_kills_last_3s,CT_kills_last_3s,False,-2.8871407508850098,0.0003650308644864708,-0.0010538954841896736
51990,76.5,-0.0024527311325073242,11,lag_13__T_B_site_active_smokes,T_B_site_active_smokes,True,-1.5147855281829834,0.0005861311801709235,-0.0008878630293397277
51990,76.5,-0.0024527311325073242,12,lag_15__CT_place_HEAVEN,CT_place_HEAVEN,False,5.3994574546813965,0.00016227322339545935,0.0008761873657577926
51990,76.5,-0.0024527311325073242,13,lag_13__T_A_site_active_smokes,T_A_site_active_smokes,True,-1.422539234161377,0.0005490946932695806,-0.0007811087444457854
51990,76.5,-0.0024527311325073242,14,lag_15__T3__is_walking,T3__is_walking,False,2.3223767280578613,-0.0002924582513514906,-0.0006791982368671984
51990,76.5,-0.0024527311325073242,15,lag_11__damage_diff_last_5s,damage_diff_last_5s,False,-2.459016799926758,0.00022800150327384472,-0.0005606595269589398
51990,76.5,-0.0024527311325073242,16,lag_06__CT_velocity_mean,CT_velocity_mean,False,-1.4524446725845337,-0.000346307730069384,0.0005029928176141195
51990,76.5,-0.0024527311325073242,17,lag_12__CT_duck_amount_mean,CT_duck_amount_mean,False,-2.994267225265503,0.00015995178546290845,-0.0004789383888342859
51990,76.5,-0.0024527311325073242,18,lag_07__CT_velocity_mean,CT_velocity_mean,False,2.5654709339141846,0.00018331472529098392,0.0004702885994924827
51990,76.5,-0.0024527311325073242,19,lag_13__CT_duck_amount_mean,CT_duck_amount_mean,False,2.5721492767333984,0.00017468044825363904,0.0004493041886350635
51990,76.5,-0.0024527311325073242,20,lag_12__CT1__duck_amount,CT1__duck_amount,False,-3.8154516220092773,0.00011606979387579486,-0.000442858683309684
47766,10.5,0.0024352073669433594,1,lag_04__CT_place_ADMIN,CT_place_ADMIN,False,-6.947057247161865,0.0016240475233644247,-0.011282351116924105
47766,10.5,0.0024352073669433594,2,lag_02__CT1__is_scoped,CT1__is_scoped,False,4.282663822174072,0.0014207649510353804,0.006084658655612141
47766,10.5,0.0024352073669433594,3,lag_05__CT_place_RAFTERS,CT_place_RAFTERS,False,5.343343257904053,-0.0006168928230181336,-0.0032962701067233424
47766,10.5,0.0024352073669433594,4,lag_10__CT_place_HELL,CT_place_HELL,False,5.4229230880737305,-0.0005772862350568175,-0.0031305788525167744
47766,10.5,0.0024352073669433594,5,lag_07__CT_place_HELL,CT_place_HELL,False,-16.268770217895508,-0.0001827387895900756,0.0029729353777372958
47766,10.5,0.0024352073669433594,6,lag_07__CT_place_HEAVEN,CT_place_HEAVEN,False,10.798914909362793,0.0002551777579355985,0.0027556428947085043
47766,10.5,0.0024352073669433594,7,lag_05__CT_place_HEAVEN,CT_place_HEAVEN,False,-5.399457931518555,0.00047319562872871757,-0.0025549998906991833
47766,10.5,0.0024352073669433594,8,lag_04__CT_place_RAMP,CT_place_RAMP,False,2.9875733852386475,-0.000808853073976934,-0.0024165079163819547
47766,10.5,0.0024352073669433594,9,lag_13__CT5__duck_amount,CT5__duck_amount,False,-3.7749595642089844,0.0005157488631084561,-0.0019469311035211767
47766,10.5,0.0024352073669433594,10,lag_03__T5__flash_duration,T5__flash_duration,True,5.0312418937683105,0.0003738839295692742,0.0018811004898556527
47766,10.5,0.0024352073669433594,11,lag_03__T2__flash_duration,T2__flash_duration,True,4.392442226409912,0.00042188153020106256,0.0018530902477975758
47766,10.5,0.0024352073669433594,12,lag_00__T3__is_walking,T3__is_walking,False,-2.3223767280578613,0.0007178710657171905,-0.0016671670567676988
47766,10.5,0.0024352073669433594,13,lag_14__CT5__duck_amount,CT5__duck_amount,False,3.7749595642089844,0.00039486627792939544,0.0014906042324531743
47766,10.5,0.0024352073669433594,14,lag_00__CT_place_RAFTERS,CT_place_RAFTERS,False,-5.343343257904053,-0.00027045782189816236,0.001445148979186961
47766,10.5,0.0024352073669433594,15,lag_02__CT_scoped_count,CT_scoped_count,False,2.141930103302002,0.000673564150929451,0.0014427273313808442
47766,10.5,0.0024352073669433594,16,lag_05__CT_place_GARAGE,CT_place_GARAGE,False,7.1875224113464355,0.0002002055844059214,0.0014389821247942705
47766,10.5,0.0024352073669433594,17,lag_04__CT_place_RAFTERS,CT_place_RAFTERS,False,5.343343257904053,-0.00026740951579995453,-0.0014288608333490743
47766,10.5,0.0024352073669433594,18,lag_09__CT_place_HELL,CT_place_HELL,False,5.4229230880737305,-0.00023063797561917454,-0.0012507320029718078
47766,10.5,0.0024352073669433594,19,lag_11__CT_place_HELL,CT_place_HELL,False,5.4229230880737305,0.0002110927161993459,0.0011447395644016284
47766,10.5,0.0024352073669433594,20,lag_01__T4__is_scoped,T4__is_scoped,False,4.644811153411865,0.00024500780273228884,0.0011380149748038693
52086,78.0,-0.0023525357246398926,1,lag_10__CT5__duck_amount,CT5__duck_amount,False,-3.6141715049743652,-0.0008654188131913543,0.003127772014504926
52086,78.0,-0.0023525357246398926,2,lag_09__CT5__duck_amount,CT5__duck_amount,False,3.7749595642089844,0.00048814306501299143,0.00184272033197308
52086,78.0,-0.0023525357246398926,3,lag_06__T_velocity_mean,T_velocity_mean,False,-1.703268051147461,0.0010691974312067032,-0.0018211298249433128
52086,78.0,-0.0023525357246398926,4,lag_14__CT_damage_last_5s,CT_damage_last_5s,False,-3.422389030456543,0.000530524121131748,-0.0018156599325538925
52086,78.0,-0.0023525357246398926,5,lag_15__CT5__is_walking,CT5__is_walking,False,-2.396676540374756,0.0006060510058887303,-0.001452508228084043
52086,78.0,-0.0023525357246398926,6,lag_15__CT_duck_amount_mean,CT_duck_amount_mean,False,-2.994267225265503,-0.0004715380782727152,0.0014119110132366705
52086,78.0,-0.0023525357246398926,7,lag_14__damage_diff_last_5s,damage_diff_last_5s,False,-2.459016799926758,0.00045203082845546305,-0.001111551401256794
52086,78.0,-0.0023525357246398926,8,lag_08__CT5__duck_amount,CT5__duck_amount,False,-3.7749595642089844,-0.00027940631844103336,0.0010547475540994
52086,78.0,-0.0023525357246398926,9,lag_05__T_velocity_mean,T_velocity_mean,False,1.784273386001587,0.00044642318971455097,0.0007965410163016107
52086,78.0,-0.0023525357246398926,10,lag_01__CT1__is_walking,CT1__is_walking,False,-2.3343825340270996,0.0003324484277982265,-0.0007760618033169492
52086,78.0,-0.0023525357246398926,11,lag_05__T_bomb_carrier_alive,T_bomb_carrier_alive,False,2.123861789703369,-0.0002967824402730912,-0.0006303248847509407
52086,78.0,-0.0023525357246398926,12,lag_08__CT5__is_walking,CT5__is_walking,False,2.396676540374756,0.00025896733859553933,0.0006206609451352152
52086,78.0,-0.0023525357246398926,13,lag_11__CT_place_MINI,CT_place_MINI,False,6.131025314331055,-8.99141959962435e-05,-0.0005512662117706929
52086,78.0,-0.0023525357246398926,14,lag_10__CT_walking_count,CT_walking_count,False,-0.8974475860595703,0.0005582360317930579,-0.0005009875791841534
52086,78.0,-0.0023525357246398926,15,lag_05__T3__has_bomb,T3__has_bomb,False,3.15621280670166,-0.00015769027231726795,-0.0004977040569800334
52086,78.0,-0.0023525357246398926,16,lag_12__CT_duck_amount_mean,CT_duck_amount_mean,False,2.994267225265503,0.00015995178546290845,0.0004789383888342859
52086,78.0,-0.0023525357246398926,17,lag_15__CT1__duck_amount,CT1__duck_amount,False,-3.8154516220092773,0.0001232096110470593,-0.0004701003103166346
52086,78.0,-0.0023525357246398926,18,lag_11__CT_place_OUTSIDE,CT_place_OUTSIDE,False,-2.1496589183807373,-0.00018556862778495997,0.0003989092556896147
52086,78.0,-0.0023525357246398926,19,lag_02__CT_velocity_mean,CT_velocity_mean,False,-0.9172748327255249,0.0004328519862610847,-0.00039704423329254765
52086,78.0,-0.0023525357246398926,20,lag_08__CT_velocity_mean,CT_velocity_mean,False,-1.2583116292953491,0.00029026830452494323,-0.0003652479831995799
49398,36.0,-0.0022985637187957764,1,lag_14__T4__is_scoped,T4__is_scoped,False,-4.644811153411865,0.001090245321393013,-0.00506398362876137
49398,36.0,-0.0022985637187957764,2,lag_08__T5__is_walking,T5__is_walking,False,-2.3193888664245605,0.0011377058690413833,-0.0026387823259204635
49398,36.0,-0.0022985637187957764,3,lag_02__T3__is_walking,T3__is_walking,False,2.3223767280578613,-0.0010841221082955599,-0.0025177399546786328
49398,36.0,-0.0022985637187957764,4,lag_11__T4__is_walking,T4__is_walking,False,-2.307980537414551,-0.0009613109868951142,0.002218687048156698
49398,36.0,-0.0022985637187957764,5,lag_12__T5__is_walking,T5__is_walking,False,2.3193888664245605,-0.0008230392122641206,-0.001908947985556242
49398,36.0,-0.0022985637187957764,6,lag_14__T_scoped_count,T_scoped_count,False,-2.8811259269714355,0.0006574045401066542,-0.0018940652650100143
49398,36.0,-0.0022985637187957764,7,lag_11__T4__is_scoped,T4__is_scoped,False,4.644811153411865,0.0003798323741648346,0.0017642496479477326
49398,36.0,-0.0022985637187957764,8,lag_15__T4__is_walking,T4__is_walking,False,2.307980537414551,0.0007160146487876773,0.0016525478739056743
49398,36.0,-0.0022985637187957764,9,lag_04__CT5__is_walking,CT5__is_walking,False,2.396676540374756,0.0006261920789256692,0.001500779865329649
49398,36.0,-0.0022985637187957764,10,lag_15__CT_place_MINI,CT_place_MINI,False,-6.131025314331055,-0.0002393448376096785,0.0014674292582393944
49398,36.0,-0.0022985637187957764,11,lag_05__CT5__is_walking,CT5__is_walking,False,-2.396676540374756,0.000485501775983721,-0.0011635907168104642
49398,36.0,-0.0022985637187957764,12,lag_06__T1__is_walking,T1__is_walking,False,2.281590461730957,-0.0005081794806756079,-0.0011594574559568582
49398,36.0,-0.0022985637187957764,13,lag_06__T_velocity_mean,T_velocity_mean,False,-0.9291418194770813,0.0010691974312067032,-0.0009934360466116177
49398,36.0,-0.0022985637187957764,14,lag_03__T1__is_walking,T1__is_walking,False,2.281590461730957,0.0004292548110242933,0.000979383682485152
49398,36.0,-0.0022985637187957764,15,lag_03__CT1__is_walking,CT1__is_walking,False,-2.3343825340270996,0.00041132044862024486,-0.0009601792711472906
49398,36.0,-0.0022985637187957764,16,lag_05__T5__is_walking,T5__is_walking,False,-2.3193888664245605,-0.00038661874714307487,0.0008967192176746602
49398,36.0,-0.0022985637187957764,17,lag_06__CT3__is_walking,CT3__is_walking,False,-2.387126922607422,-0.00037061996408738196,0.0008847168943287853
49398,36.0,-0.0022985637187957764,18,lag_06__T2__duck_amount,T2__duck_amount,False,1.0117440223693848,-0.0008612168021500111,-0.0008713309515393508
49398,36.0,-0.0022985637187957764,19,lag_03__T5__is_walking,T5__is_walking,False,2.3193888664245605,-0.0003742877161130309,-0.0008681187615920405
49398,36.0,-0.0022985637187957764,20,lag_05__T4__is_walking,T4__is_walking,False,-2.307980537414551,0.00033853063359856606,-0.0007813221136641069
49238,33.5,-0.0022645890712738037,1,lag_14__T1__is_walking,T1__is_walking,False,2.281590461730957,0.0015562789048999548,0.003550791105212836
49238,33.5,-0.0022645890712738037,2,lag_08__T5__is_walking,T5__is_walking,False,-2.3193888664245605,0.0011377058690413833,-0.0026387823259204635
49238,33.5,-0.0022645890712738037,3,lag_12__T5__is_walking,T5__is_walking,False,2.3193888664245605,-0.0008230392122641206,-0.001908947985556242
49238,33.5,-0.0022645890712738037,4,lag_15__CT3__shots_fired,CT3__shots_fired,False,-3.5999112129211426,0.00044750847155228257,-0.0016109907646182642
49238,33.5,-0.0022645890712738037,5,lag_09__T4__is_scoped,T4__is_scoped,False,-4.644811153411865,0.00032590876799076796,-0.001513784680558239
49238,33.5,-0.0022645890712738037,6,lag_13__T1__is_walking,T1__is_walking,False,-2.281590461730957,0.0006442470476031303,-0.001469907918809632
49238,33.5,-0.0022645890712738037,7,lag_09__CT3__is_walking,CT3__is_walking,False,2.387126922607422,-0.0005413369508460164,-0.0012922400095667363
49238,33.5,-0.0022645890712738037,8,lag_12__CT_place_MINI,CT_place_MINI,False,6.131025314331055,0.00020031532039865851,0.0012281383002125112
49238,33.5,-0.0022645890712738037,9,lag_01__T2__flash_duration,T2__flash_duration,True,-0.8754605054855347,-0.0012770873727276921,0.0011180395568773788
49238,33.5,-0.0022645890712738037,10,lag_07__T2__is_walking,T2__is_walking,False,-2.2968344688415527,0.00045005904394201934,-0.001033711125139905
49238,33.5,-0.0022645890712738037,11,lag_01__T4__is_walking,T4__is_walking,False,2.307980537414551,-0.0004183340643066913,-0.0009655068785573706
49238,33.5,-0.0022645890712738037,12,lag_03__T4__flash_duration,T4__flash_duration,True,3.9309911727905273,-0.0002409355656709522,-0.0009471155818638055
49238,33.5,-0.0022645890712738037,13,lag_01__T2__duck_amount,T2__duck_amount,False,1.0117440223693848,0.000875247991643846,0.0008855269236364705
49238,33.5,-0.0022645890712738037,14,lag_14__CT_duck_amount_mean,CT_duck_amount_mean,False,1.197706937789917,-0.0007341195014305413,-0.0008792600200302342
49238,33.5,-0.0022645890712738037,15,lag_03__T5__is_walking,T5__is_walking,False,-2.3193888664245605,-0.0003742877161130309,0.0008681187615920405
49238,33.5,-0.0022645890712738037,16,lag_06__T_velocity_mean,T_velocity_mean,False,0.6252443194389343,0.0010691974312067032,0.0006685096202206919
49238,33.5,-0.0022645890712738037,17,lag_15__CT_shots_fired_sum,CT_shots_fired_sum,False,-4.863187313079834,-0.00013732840307056904,0.0006678537475383051
49238,33.5,-0.0022645890712738037,18,lag_02__CT_walking_count,CT_walking_count,False,1.7948952913284302,0.0003651729493867606,0.0006554472073748117
49238,33.5,-0.0022645890712738037,19,lag_02__T5__is_walking,T5__is_walking,False,2.3193888664245605,0.00028164617833681405,0.0006532470103054328
49238,33.5,-0.0022645890712738037,20,lag_03__T_flashed_players,T_flashed_players,False,3.8592474460601807,0.00016873847926035523,0.0006512035451376047
49014,30.0,0.002257317304611206,1,lag_05__CT_place_MINI,CT_place_MINI,False,6.131025314331055,-0.0006835449021309614,-0.004190831098446868
49014,30.0,0.002257317304611206,2,lag_02__T4__is_scoped,T4__is_scoped,False,-4.644811153411865,0.0008677100413478911,-0.004030349277980155
49014,30.0,0.002257317304611206,3,lag_03__CT_place_MINI,CT_place_MINI,False,-6.131025314331055,-0.0003287628060206771,0.0020156530861232813
49014,30.0,0.002257317304611206,4,lag_12__T5__is_walking,T5__is_walking,False,-2.3193888664245605,-0.0008230392122641206,0.001908947985556242
49014,30.0,0.002257317304611206,5,lag_10__CT3__is_walking,CT3__is_walking,False,-2.387126922607422,0.0007095540058799088,-0.0016937954704798752
49014,30.0,0.002257317304611206,6,lag_00__T3__is_walking,T3__is_walking,False,-2.3223767280578613,0.0007178710657171905,-0.0016671670567676988
49014,30.0,0.002257317304611206,7,lag_08__CT_shots_fired_sum,CT_shots_fired_sum,False,-4.863187313079834,-0.00032837261096574366,0.0015969375156115045
49014,30.0,0.002257317304611206,8,lag_02__T_scoped_count,T_scoped_count,False,-2.8811259269714355,0.0005177047569304705,-0.0014915725977088234
49014,30.0,0.002257317304611206,9,lag_02__CT3__is_walking,CT3__is_walking,False,2.387126922607422,0.000597444421146065,0.0014261756624793787
49014,30.0,0.002257317304611206,10,lag_07__T_duck_amount_mean,T_duck_amount_mean,False,-1.3687472343444824,-0.0010156609350815415,0.0013901830959245909
49014,30.0,0.002257317304611206,11,lag_06__T5__is_walking,T5__is_walking,False,-2.3193888664245605,-0.0005818181089125574,0.001349462444095978
49014,30.0,0.002257317304611206,12,lag_06__T1__is_walking,T1__is_walking,False,-2.281590461730957,-0.0005081794806756079,0.0011594574559568582
49014,30.0,0.002257317304611206,13,lag_07__CT3__duck_amount,CT3__duck_amount,False,3.7208433151245117,0.00029716957942582667,0.0011057214430649498
49014,30.0,0.002257317304611206,14,lag_09__T5__is_walking,T5__is_walking,False,2.3193888664245605,0.00046198672498576343,0.001071526866367925
49014,30.0,0.002257317304611206,15,lag_09__CT3__shots_fired,CT3__shots_fired,False,2.5713653564453125,0.00038471081643365324,0.000989232065627288
49014,30.0,0.002257317304611206,16,lag_14__T5__is_walking,T5__is_walking,False,2.3193888664245605,0.0004222536808811128,0.0009793704862424424
49014,30.0,0.002257317304611206,17,lag_03__T4__is_walking,T4__is_walking,False,2.307980537414551,0.00040515183354727924,0.0009350825465249402
49014,30.0,0.002257317304611206,18,lag_09__CT_shots_fired_sum,CT_shots_fired_sum,False,3.4737050533294678,0.00025915371952578425,0.0009002235851058443
49014,30.0,0.002257317304611206,19,lag_05__T5__is_walking,T5__is_walking,False,2.3193888664245605,-0.00038661874714307487,-0.0008967192176746602
49014,30.0,0.002257317304611206,20,lag_15__CT1__is_walking,CT1__is_walking,False,2.3343825340270996,-0.00036810204619541764,-0.0008592909873782195
48406,20.5,0.002235978841781616,1,lag_07__T2__duck_amount,T2__duck_amount,False,-3.8233180046081543,-0.0017421896336600184,0.006660944993814033
48406,20.5,0.002235978841781616,2,lag_07__T5__duck_amount,T5__duck_amount,False,-3.7970333099365234,-0.00141742336563766,0.005382003733608531
48406,20.5,0.002235978841781616,3,lag_13__T2__duck_amount,T2__duck_amount,False,-3.8233180046081543,-0.0008803759119473398,0.0033659570749715872
48406,20.5,0.002235978841781616,4,lag_00__CT_shots_fired_sum,CT_shots_fired_sum,False,-2.0842230319976807,0.0014053488848730922,-0.0029290605138447556
48406,20.5,0.002235978841781616,5,lag_02__T3__is_walking,T3__is_walking,False,2.3223767280578613,-0.0010841221082955599,-0.0025177399546786328
48406,20.5,0.002235978841781616,6,lag_07__T_duck_amount_mean,T_duck_amount_mean,False,-2.3263492584228516,-0.0010156609350815415,0.002362782063136004
48406,20.5,0.002235978841781616,7,lag_02__CT4__duck_amount,CT4__duck_amount,False,-3.6725916862487793,0.0005083826836198568,-0.0018670820172951297
48406,20.5,0.002235978841781616,8,lag_10__CT3__is_walking,CT3__is_walking,False,-2.387126922607422,0.0007095540058799088,-0.0016937954704798752
48406,20.5,0.002235978841781616,9,lag_00__T3__is_walking,T3__is_walking,False,2.3223767280578613,0.0007178710657171905,0.0016671670567676988
48406,20.5,0.002235978841781616,10,lag_05__T3__is_walking,T3__is_walking,False,-2.3223767280578613,0.0006230797152966261,-0.0014470258305298023
48406,20.5,0.002235978841781616,11,lag_02__CT3__is_walking,CT3__is_walking,False,-2.387126922607422,0.000597444421146065,-0.0014261756624793787
48406,20.5,0.002235978841781616,12,lag_01__T2__is_walking,T2__is_walking,False,-2.2968344688415527,-0.0005755001329816878,0.0013218285422552378
48406,20.5,0.002235978841781616,13,lag_04__CT_shots_fired_sum,CT_shots_fired_sum,False,-3.4737050533294678,-0.0003788568137679249,0.0013160368284739418
48406,20.5,0.002235978841781616,14,lag_05__CT3__shots_fired,CT3__shots_fired,False,2.5713651180267334,0.0004741114389616996,0.0012191136162035751
48406,20.5,0.002235978841781616,15,lag_05__CT3__duck_amount,CT3__duck_amount,False,3.7208433151245117,-0.0003216130135115236,-0.0011966716313814019
48406,20.5,0.002235978841781616,16,lag_14__CT3__smoke,CT3__smoke,True,-2.2122058868408203,0.0005362294032238424,-0.001186249842508924
48406,20.5,0.002235978841781616,17,lag_00__CT3__shots_fired,CT3__shots_fired,False,-1.5428190231323242,0.0007542061503045261,-0.0011636035960532198
48406,20.5,0.002235978841781616,18,lag_04__T3__is_walking,T3__is_walking,False,2.3223767280578613,-0.00048691569827497005,-0.0011308016861998338
48406,20.5,0.002235978841781616,19,lag_10__CT_A_site_active_infernos,CT_A_site_active_infernos,True,-3.5290777683258057,0.0003184479719493538,-0.0011238276581749043
48406,20.5,0.002235978841781616,20,lag_07__T_active_infernos,T_active_infernos,True,-2.082643508911133,-0.0005065777222625911,0.001055020805029172
48470,21.5,-0.002128392457962036,1,lag_09__T5__duck_amount,T5__duck_amount,False,-3.7970333099365234,-0.0007724037277512252,0.002932842682990544
48470,21.5,-0.002128392457962036,2,lag_02__T3__is_walking,T3__is_walking,False,2.3223767280578613,-0.0010841221082955599,-0.0025177399546786328
48470,21.5,-0.002128392457962036,3,lag_08__T3__is_walking,T3__is_walking,False,2.3223767280578613,0.0009110851678997278,0.002115882991209017
48470,21.5,-0.002128392457962036,4,lag_00__T3__is_walking,T3__is_walking,False,2.3223767280578613,0.0007178710657171905,0.0016671670567676988
48470,21.5,-0.002128392457962036,5,lag_15__T2__duck_amount,T2__duck_amount,False,-3.8233180046081543,-0.0004255352832842618,0.0016269567101767496
48470,21.5,-0.002128392457962036,6,lag_06__CT3__shots_fired,CT3__shots_fired,False,-2.5713651180267334,0.0005895274807699025,-0.001515890400169903
48470,21.5,-0.002128392457962036,7,lag_13__T1__is_walking,T1__is_walking,False,-2.281590461730957,0.0006442470476031303,-0.001469907918809632
48470,21.5,-0.002128392457962036,8,lag_05__T3__is_walking,T3__is_walking,False,-2.3223767280578613,0.0006230797152966261,-0.0014470258305298023
48470,21.5,-0.002128392457962036,9,lag_02__CT3__is_walking,CT3__is_walking,False,2.387126922607422,0.000597444421146065,0.0014261756624793787
48470,21.5,-0.002128392457962036,10,lag_04__CT4__duck_amount,CT4__duck_amount,False,-3.6725916862487793,-0.00037282524863258004,0.0013692349085516475
48470,21.5,-0.002128392457962036,11,lag_12__CT_B_site_active_smokes,CT_B_site_active_smokes,True,3.32244610786438,0.0004038233309984207,0.001341681254340532
48470,21.5,-0.002128392457962036,12,lag_12__CT3__is_walking,CT3__is_walking,False,-2.387126922607422,-0.0005332557484507561,0.0012729491537619708
48470,21.5,-0.002128392457962036,13,lag_12__CT_A_site_active_smokes,CT_A_site_active_smokes,True,3.2196006774902344,0.00039484654553234577,0.0012712482055006191
48470,21.5,-0.002128392457962036,14,lag_04__T3__is_walking,T3__is_walking,False,2.3223767280578613,-0.00048691569827497005,-0.0011308016861998338
48470,21.5,-0.002128392457962036,15,lag_07__CT3__duck_amount,CT3__duck_amount,False,3.7208433151245117,0.00029716957942582667,0.0011057214430649498
48470,21.5,-0.002128392457962036,16,lag_11__CT_B_site_active_infernos,CT_B_site_active_infernos,True,-3.435478687286377,0.0003058465081267059,-0.0010507291602502578
48470,21.5,-0.002128392457962036,17,lag_07__T2__is_walking,T2__is_walking,False,-2.2968344688415527,0.00045005904394201934,-0.001033711125139905
48470,21.5,-0.002128392457962036,18,lag_06__CT_shots_fired_sum,CT_shots_fired_sum,False,-3.4737050533294678,0.0002904113498516381,-0.0010088033735238672
48470,21.5,-0.002128392457962036,19,lag_11__CT_A_site_active_infernos,CT_A_site_active_infernos,True,-3.5290780067443848,0.0002764783566817641,-0.0009757136879064432
48470,21.5,-0.002128392457962036,20,lag_03__CT1__is_walking,CT1__is_walking,False,-2.3343825340270996,0.00041132044862024486,-0.0009601792711472906
47926,13.0,0.0020546317100524902,1,lag_03__T_place_SILO,T_place_SILO,False,6.793753623962402,-0.0013464117655530572,-0.009147189811571699
47926,13.0,0.0020546317100524902,2,lag_00__T2__flash_duration,T2__flash_duration,True,-4.392442226409912,-0.00131480791606009,0.005775217810120359
47926,13.0,0.0020546317100524902,3,lag_12__CT_place_HELL,CT_place_HELL,False,-16.268770217895508,-0.00020721730834338814,0.0033711707746093833
47926,13.0,0.0020546317100524902,4,lag_05__CT_place_RAFTERS,CT_place_RAFTERS,False,-5.343343257904053,-0.0006168928230181336,0.0032962701067233424
47926,13.0,0.0020546317100524902,5,lag_09__CT_place_HEAVEN,CT_place_HEAVEN,False,-5.3994574546813965,0.0005930759944021702,-0.00320228859916738
47926,13.0,0.0020546317100524902,6,lag_08__T5__is_walking,T5__is_walking,False,-2.3193888664245605,0.0011377058690413833,-0.0026387823259204635
47926,13.0,0.0020546317100524902,7,lag_10__CT_place_HEAVEN,CT_place_HEAVEN,False,-5.399457931518555,0.00045501854037865996,-0.0024568534668355513
47926,13.0,0.0020546317100524902,8,lag_00__T_flashed_players,T_flashed_players,False,-1.9296237230300903,-0.0011804020032286644,0.002277731708142272
47926,13.0,0.0020546317100524902,9,lag_10__CT_place_GARAGE,CT_place_GARAGE,False,7.1875224113464355,-0.0002520659763831645,-0.0018117298543919164
47926,13.0,0.0020546317100524902,10,lag_01__T2__duck_amount,T2__duck_amount,False,2.0461795330047607,0.000875247991643846,0.0017909145268051596
47926,13.0,0.0020546317100524902,11,lag_04__CT5__is_walking,CT5__is_walking,False,-2.396676540374756,0.0006261920789256692,-0.001500779865329649
47926,13.0,0.0020546317100524902,12,lag_00__T_flash_duration_sum,T_flash_duration_sum,True,-1.7979042530059814,-0.0008311167475767434,0.0014942683352127256
47926,13.0,0.0020546317100524902,13,lag_09__CT1__duck_amount,CT1__duck_amount,False,3.8154516220092773,0.0003815535455942154,0.0014557990944208399
47926,13.0,0.0020546317100524902,14,lag_05__T3__is_walking,T3__is_walking,False,-2.3223767280578613,0.0006230797152966261,-0.0014470258305298023
47926,13.0,0.0020546317100524902,15,lag_05__CT4__duck_amount,CT4__duck_amount,False,2.3754019737243652,-0.0005860349629074335,-0.0013920686075618027
47926,13.0,0.0020546317100524902,16,lag_06__T5__is_walking,T5__is_walking,False,2.3193888664245605,-0.0005818181089125574,-0.001349462444095978
47926,13.0,0.0020546317100524902,17,lag_03__T2__duck_amount,T2__duck_amount,False,-3.8233180046081543,-0.0003294431371614337,0.0012595658778039032
47926,13.0,0.0020546317100524902,18,lag_06__T_velocity_mean,T_velocity_mean,False,-1.1332296133041382,0.0010691974312067032,-0.0012116461915121501
47926,13.0,0.0020546317100524902,19,lag_05__CT5__is_walking,CT5__is_walking,False,2.396676540374756,0.000485501775983721,0.0011635907168104642
47926,13.0,0.0020546317100524902,20,lag_08__T_flashed_players,T_flashed_players,False,5.788870811462402,0.00019362519378773868,0.0011208712326815917
47638,8.5,0.001982569694519043,1,lag_00__CT_place_ADMIN,CT_place_ADMIN,False,-6.947057247161865,-0.0018542144680395722,0.012881334057986693
47638,8.5,0.001982569694519043,2,lag_03__CT_place_ADMIN,CT_place_ADMIN,False,6.947057247161865,0.0011725248768925667,0.00814559744349408
47638,8.5,0.001982569694519043,3,lag_01__CT_place_GARAGE,CT_place_GARAGE,False,7.1875224113464355,0.0010666802991181612,0.007666788555653503
47638,8.5,0.001982569694519043,4,lag_00__CT_place_HEAVEN,CT_place_HEAVEN,False,-5.3994574546813965,0.0009281832026317716,-0.005011685712760172
47638,8.5,0.001982569694519043,5,lag_03__CT_place_HELL,CT_place_HELL,False,-16.268770217895508,0.00022264679137151688,-0.0036221894885749284
47638,8.5,0.001982569694519043,6,lag_10__CT5__duck_amount,CT5__duck_amount,False,3.7749595642089844,-0.0008654188131913543,-0.003266921025903091
47638,8.5,0.001982569694519043,7,lag_12__CT_place_OUTSIDE,CT_place_OUTSIDE,False,8.59863567352295,-0.00034886179491877556,-0.0029997354749178307
47638,8.5,0.001982569694519043,8,lag_05__CT_place_HELL,CT_place_HELL,False,5.4229230880737305,-0.0004385269130580127,-0.0023780977215639987
47638,8.5,0.001982569694519043,9,lag_09__CT5__duck_amount,CT5__duck_amount,False,-3.7749595642089844,0.00048814306501299143,-0.00184272033197308
47638,8.5,0.001982569694519043,10,lag_03__CT_place_HEAVEN,CT_place_HEAVEN,False,10.798914909362793,0.00014794146409258246,0.001597607282302349
47638,8.5,0.001982569694519043,11,lag_01__CT_place_HEAVEN,CT_place_HEAVEN,False,-5.399457931518555,0.0002814343897625804,-0.001519593148005649
47638,8.5,0.001982569694519043,12,lag_00__CT_place_RAFTERS,CT_place_RAFTERS,False,5.343343257904053,-0.00027045782189816236,-0.001445148979186961
47638,8.5,0.001982569694519043,13,lag_08__T_place_OUTSIDE,T_place_OUTSIDE,False,2.6496124267578125,-0.0004949701251462102,-0.0013114789944612681
47638,8.5,0.001982569694519043,14,lag_06__CT_place_OUTSIDE,CT_place_OUTSIDE,False,-2.1496591567993164,0.000581052852794528,-0.0012490655855941224
47638,8.5,0.001982569694519043,15,lag_00__CT1__duck_amount,CT1__duck_amount,False,3.8154516220092773,0.0003175206948071718,0.0012114848500235365
47638,8.5,0.001982569694519043,16,lag_01__T_place_ROOF,T_place_ROOF,False,5.663386344909668,-0.00020403983944561332,-0.0011555564405338475
47638,8.5,0.001982569694519043,17,lag_07__CT_place_HELL,CT_place_HELL,False,5.4229230880737305,-0.0001827387895900756,-0.0009909784011546685
47638,8.5,0.001982569694519043,18,lag_01__CT_place_OUTSIDE,CT_place_OUTSIDE,False,-2.1496591567993164,0.00046048936201259494,-0.00098989517365905
47638,8.5,0.001982569694519043,19,lag_01__T4__duck_amount,T4__duck_amount,False,3.6976382732391357,0.0002649609523359686,0.000979729758271368
47638,8.5,0.001982569694519043,20,lag_01__T_duck_amount_mean,T_duck_amount_mean,False,1.1631747484207153,0.0008338342304341495,0.0009698949212098226
47478,6.0,0.0019641220569610596,1,lag_00__CT_place_HELL,CT_place_HELL,False,5.4229230880737305,0.000791971106082201,0.0042947983962604575
47478,6.0,0.0019641220569610596,2,lag_07__CT_place_OUTSIDE,CT_place_OUTSIDE,False,8.59863567352295,0.00044026493560522795,0.003785677781096397
47478,6.0,0.0019641220569610596,3,lag_04__CT5__duck_amount,CT5__duck_amount,False,-3.7749595642089844,-0.000887815491296351,0.0033514675801220584
47478,6.0,0.0019641220569610596,4,lag_01__CT_place_HELL,CT_place_HELL,False,5.4229230880737305,-0.0004694078816100955,-0.002545562838907167
47478,6.0,0.0019641220569610596,5,lag_02__CT_place_HELL,CT_place_HELL,False,5.4229230880737305,0.0004571386380121112,0.0024790276745264572
47478,6.0,0.0019641220569610596,6,lag_05__CT5__duck_amount,CT5__duck_amount,False,3.7749595642089844,-0.0005901423864997923,-0.002227763646162506
47478,6.0,0.0019641220569610596,7,lag_06__CT_place_OUTSIDE,CT_place_OUTSIDE,False,2.1496591567993164,0.000581052852794528,0.0012490655855941224
47478,6.0,0.0019641220569610596,8,lag_01__CT_place_OUTSIDE,CT_place_OUTSIDE,False,-2.1496591567993164,0.00046048936201259494,-0.00098989517365905
47478,6.0,0.0019641220569610596,9,lag_00__CT_shots_fired_sum,CT_shots_fired_sum,False,-0.6947410106658936,0.0014053488848730922,-0.0009763535046149185
47478,6.0,0.0019641220569610596,10,lag_04__CT_duck_amount_mean,CT_duck_amount_mean,False,-1.197706937789917,-0.00055792584316805,0.0006682316531346627
47478,6.0,0.0019641220569610596,11,lag_11__CT_velocity_mean,CT_velocity_mean,False,3.5042614936828613,0.00018931421800516546,0.000663406524362184
47478,6.0,0.0019641220569610596,12,lag_11__T_velocity_mean,T_velocity_mean,False,3.4458701610565186,0.0001769034133758396,0.0006095861935408523
47478,6.0,0.0019641220569610596,13,lag_05__CT_duck_amount_mean,CT_duck_amount_mean,False,1.197706937789917,-0.00046590386773459613,-0.0005580162947288816
47478,6.0,0.0019641220569610596,14,lag_07__CT_place_CTSPAWN,CT_place_CTSPAWN,False,-4.163167476654053,0.00013184372801333666,-0.000548887520465946
47478,6.0,0.0019641220569610596,15,lag_12__CT_closest_enemy_dist,CT_closest_enemy_dist,False,4.341063022613525,-0.00012467974738683552,-0.000541242641049787
47478,6.0,0.0019641220569610596,16,lag_12__T_velocity_mean,T_velocity_mean,False,-1.7359485626220703,-0.00028342471341602504,0.0004920107238661209
47478,6.0,0.0019641220569610596,17,lag_12__T4__molly,T4__molly,True,1.5230296850204468,0.0003210433933418244,0.0004889586182392942
47478,6.0,0.0019641220569610596,18,lag_12__CT_velocity_mean,CT_velocity_mean,False,-1.694637656211853,0.0002824429830070585,-0.00047863851473656585
47478,6.0,0.0019641220569610596,19,lag_12__T5__is_walking,T5__is_walking,False,-0.5724201202392578,-0.0008230392122641206,0.00047112420484585193
47478,6.0,0.0019641220569610596,20,lag_12__centroid_distance_xy,centroid_distance_xy,False,3.9753661155700684,-0.00010880841728067026,-0.0004325532951463852
51894,75.0,-0.0019495487213134766,1,lag_05__CT_place_MINI,CT_place_MINI,False,6.131025314331055,-0.0006835449021309614,-0.004190831098446868
51894,75.0,-0.0019495487213134766,2,lag_04__CT5__duck_amount,CT5__duck_amount,False,-3.6141715049743652,-0.000887815491296351,0.003208717450318088
51894,75.0,-0.0019495487213134766,3,lag_12__T_kills_last_3s,T_kills_last_3s,False,-3.1681017875671387,-0.0006988649256527424,0.0022140752202284286
51894,75.0,-0.0019495487213134766,4,lag_06__CT5__duck_amount,CT5__duck_amount,False,3.7749595642089844,0.0005144865717738867,0.0019421660047749256
51894,75.0,-0.0019495487213134766,5,lag_02__CT_duck_amount_mean,CT_duck_amount_mean,False,-2.994267225265503,0.0005872309557162225,-0.001758326404362423
51894,75.0,-0.0019495487213134766,6,lag_02__CT5__duck_amount,CT5__duck_amount,False,-3.7749595642089844,0.0004283810267224908,-0.0016171210539517311
51894,75.0,-0.0019495487213134766,7,lag_04__CT_duck_amount_mean,CT_duck_amount_mean,False,-2.866731643676758,-0.00055792584316805,0.0015994236694348851
51894,75.0,-0.0019495487213134766,8,lag_09__CT1__duck_amount,CT1__duck_amount,False,-3.8154516220092773,0.0003815535455942154,-0.0014557990944208399
51894,75.0,-0.0019495487213134766,9,lag_12__CT_place_HELL,CT_place_HELL,False,-5.4229230880737305,-0.00020721730834338814,0.0011237235256638528
51894,75.0,-0.0019495487213134766,10,lag_09__CT5__is_walking,CT5__is_walking,False,-2.396676540374756,-0.00045766684343107045,0.001096879386958613
51894,75.0,-0.0019495487213134766,11,lag_03__CT5__duck_amount,CT5__duck_amount,False,3.7749595642089844,-0.0002455803914926946,-0.0009270560476475342
51894,75.0,-0.0019495487213134766,12,lag_05__CT1__is_walking,CT1__is_walking,False,2.3343825340270996,-0.0003635524772107601,-0.0008486705530030836
51894,75.0,-0.0019495487213134766,13,lag_03__CT_duck_amount_mean,CT_duck_amount_mean,False,2.994267225265503,-0.0002767359255813062,-0.0008286213120216185
51894,75.0,-0.0019495487213134766,14,lag_05__CT_place_OUTSIDE,CT_place_OUTSIDE,False,-2.1496589183807373,0.000374604482203722,-0.0008052718660346292
51894,75.0,-0.0019495487213134766,15,lag_15__CT_place_OUTSIDE,CT_place_OUTSIDE,False,-2.1496591567993164,0.0003195037425030023,-0.0006868241457032298
51894,75.0,-0.0019495487213134766,16,lag_15__T3__is_walking,T3__is_walking,False,2.3223767280578613,-0.0002924582513514906,-0.0006791982368671984
51894,75.0,-0.0019495487213134766,17,lag_13__damage_diff_last_5s,damage_diff_last_5s,False,-2.255979061126709,-0.0002791393781080842,0.0006297325921477692
51894,75.0,-0.0019495487213134766,18,lag_02__CT_velocity_mean,CT_velocity_mean,False,-1.2583116292953491,0.0004328519862610847,-0.0005446626880759135
51894,75.0,-0.0019495487213134766,19,lag_08__damage_diff_last_5s,damage_diff_last_5s,False,-2.459016799926758,0.00020855394541285932,-0.0005128376554612291
51894,75.0,-0.0019495487213134766,20,lag_00__T_velocity_mean,T_velocity_mean,False,-1.703268051147461,0.00026492413599044085,-0.0004512368168103631
50870,59.0,0.001869797706604004,1,lag_10__CT_place_LOCKERROOM,CT_place_LOCKERROOM,False,12.448311805725098,-0.0028743501752614975,-0.0357808072204957
50870,59.0,0.001869797706604004,2,lag_10__CT_place_HELL,CT_place_HELL,False,-5.4229230880737305,-0.0005772862350568175,0.0031305788525167744
50870,59.0,0.001869797706604004,3,lag_08__CT1__is_scoped,CT1__is_scoped,False,-4.282663822174072,-0.0006457447307184339,0.002765507596607375
50870,59.0,0.001869797706604004,4,lag_01__CT5__duck_amount,CT5__duck_amount,False,-3.7749595642089844,0.0006362353451550007,-0.002401762701280674
50870,59.0,0.001869797706604004,5,lag_12__T_kills_last_3s,T_kills_last_3s,False,3.1681017875671387,-0.0006988649256527424,-0.0022140752202284286
50870,59.0,0.001869797706604004,6,lag_13__CT_place_ADMIN,CT_place_ADMIN,False,-6.947057247161865,-0.0002771644794847816,0.0019254775058605983
50870,59.0,0.001869797706604004,7,lag_14__CT1__is_scoped,CT1__is_scoped,False,-4.282663822174072,-0.0004411787958815694,0.0018894204682323168
50870,59.0,0.001869797706604004,8,lag_11__CT1__is_scoped,CT1__is_scoped,False,4.282663822174072,0.00042847535223700106,0.0018350158897186969
50870,59.0,0.001869797706604004,9,lag_13__CT_place_HELL,CT_place_HELL,False,5.4229230880737305,0.0003305129357613623,0.0017923462302473214
50870,59.0,0.001869797706604004,10,lag_13__CT3__shots_fired,CT3__shots_fired,False,2.5713651180267334,0.0006741049000993371,0.0017333698260063313
50870,59.0,0.001869797706604004,11,lag_02__CT5__duck_amount,CT5__duck_amount,False,3.7749595642089844,0.0004283810267224908,0.0016171210539517311
50870,59.0,0.001869797706604004,12,lag_01__CT_place_LOCKERROOM,CT_place_LOCKERROOM,False,-12.448311805725098,-0.00012499259901233017,0.001555946845913453
50870,59.0,0.001869797706604004,13,lag_05__CT4__duck_amount,CT4__duck_amount,False,-2.4951586723327637,-0.0005860349629074335,0.0014622502199886922
50870,59.0,0.001869797706604004,14,lag_15__CT5__is_walking,CT5__is_walking,False,-2.396676540374756,0.0006060510058887303,-0.001452508228084043
50870,59.0,0.001869797706604004,15,lag_10__T3__is_walking,T3__is_walking,False,2.3223767280578613,-0.0006160950870253146,-0.0014308048923783734
50870,59.0,0.001869797706604004,16,lag_13__CT_shots_fired_sum,CT_shots_fired_sum,False,3.473705291748047,0.00036252537393011153,0.0012593063098139679
50870,59.0,0.001869797706604004,17,lag_02__CT_duck_amount_mean,CT_duck_amount_mean,False,1.996178150177002,0.0005872309557162225,0.001172217602908282
50870,59.0,0.001869797706604004,18,lag_14__CT_damage_last_5s,CT_damage_last_5s,False,2.179865598678589,0.000530524121131748,0.00115647128092429
50870,59.0,0.001869797706604004,19,lag_12__kill_diff_last_3s,kill_diff_last_3s,False,-2.4069459438323975,0.00047556590288877487,-0.0011446614209831285
50870,59.0,0.001869797706604004,20,lag_10__CT1__is_scoped,CT1__is_scoped,False,-4.282663822174072,-0.0002491537597961724,0.0010670417932377163
47158,1.0,-0.0018194615840911865,1,lag_01__CT_velocity_mean,CT_velocity_mean,False,3.5042614936828613,-0.00025211108732037246,-0.0008834631754272987
47158,1.0,-0.0018194615840911865,2,lag_02__CT_velocity_mean,CT_velocity_mean,False,-1.694637656211853,0.0004328519862610847,-0.0007335272754841297
47158,1.0,-0.0018194615840911865,3,lag_00__T_shots_fired_sum,T_shots_fired_sum,False,0.7497370839118958,-0.0008920037071220577,-0.0006687682582162922
47158,1.0,-0.0018194615840911865,4,lag_02__T_place_TSPAWN,T_place_TSPAWN,False,4.428390979766846,0.00014014288899488747,0.000620607505503426
47158,1.0,-0.0018194615840911865,5,lag_02__T3__is_walking,T3__is_walking,False,-0.5709694027900696,-0.0010841221082955599,0.000619000552725027
47158,1.0,-0.0018194615840911865,6,lag_01__T_velocity_mean,T_velocity_mean,False,3.4458701610565186,-0.000146723075886257,-0.0005055886691348842
47158,1.0,-0.0018194615840911865,7,lag_02__centroid_distance_xy,centroid_distance_xy,False,3.9753661155700684,-0.00010093495802721009,-0.00040125341201785805
47158,1.0,-0.0018194615840911865,8,lag_02__CT_scoped_count,CT_scoped_count,False,-0.5918432474136353,0.000673564150929451,-0.0003986443944274942
47158,1.0,-0.0018194615840911865,9,lag_02__T2__smoke,T2__smoke,True,1.5516093969345093,0.00025546381948515773,0.0003963800628899519
47158,1.0,-0.0018194615840911865,10,lag_02__CT_walking_count,CT_walking_count,False,-1.0355465412139893,0.0003651729493867606,-0.0003781535846823711
47158,1.0,-0.0018194615840911865,11,lag_02__T1__flash,T1__flash,True,2.0511317253112793,-0.00018409527547191828,-0.000377603660000371
47158,1.0,-0.0018194615840911865,12,lag_02__T_unique_places,T_unique_places,False,-1.3668794631958008,-0.00026292630354873836,0.00035938856465475566
47158,1.0,-0.0018194615840911865,13,lag_02__T1__molly,T1__molly,True,1.5823309421539307,0.00022445969807449728,0.0003551695255298061
47158,1.0,-0.0018194615840911865,14,lag_02__CT1__is_scoped,CT1__is_scoped,False,-0.2478424608707428,0.0014207649510353804,-0.00035212588178350906
47158,1.0,-0.0018194615840911865,15,lag_02__T1__has_bomb,T1__has_bomb,False,2.4492039680480957,-0.0001361630274914205,-0.00033349102723342905
47158,1.0,-0.0018194615840911865,16,lag_02__T_spread_xy,T_spread_xy,False,-1.4108495712280273,-0.00023428304120898247,0.0003305381282356912
47158,1.0,-0.0018194615840911865,17,lag_02__CT_closest_enemy_dist,CT_closest_enemy_dist,False,4.341063022613525,-7.526054105255753e-05,-0.0003267107518251447
47158,1.0,-0.0018194615840911865,18,lag_02__CT3__is_walking,CT3__is_walking,False,-0.5419549345970154,0.000597444421146065,-0.00032378795218756737
47158,1.0,-0.0018194615840911865,19,lag_02__CT_duck_amount_mean,CT_duck_amount_mean,False,-0.5503823161125183,0.0005872309557162225,-0.0003232015335000622
47158,1.0,-0.0018194615840911865,20,lag_02__T_round_start_equip_sum,T_round_start_equip_sum,False,2.69425106048584,0.00010713929805206135,0.00028866016739647476
51670,71.5,-0.0018077492713928223,1,lag_09__T_place_HUT,T_place_HUT,False,-9.321470260620117,0.00096965825650841,-0.009038640601007897
51670,71.5,-0.0018077492713928223,2,lag_05__CT_place_HEAVEN,CT_place_HEAVEN,False,5.3994574546813965,0.00047319562872871757,0.0025549996650619244
51670,71.5,-0.0018077492713928223,3,lag_11__T_kills_last_3s,T_kills_last_3s,False,3.1681017875671387,-0.000776766799390316,-0.002460876285671265
51670,71.5,-0.0018077492713928223,4,lag_05__CT_place_HELL,CT_place_HELL,False,-5.4229230880737305,-0.0004385269130580127,0.0023780977215639987
51670,71.5,-0.0018077492713928223,5,lag_10__CT5__is_walking,CT5__is_walking,False,2.396676540374756,0.0009141857735812664,0.0021910075970865694
51670,71.5,-0.0018077492713928223,6,lag_08__T3__is_walking,T3__is_walking,False,2.3223767280578613,0.0009110851678997278,0.002115882991209017
51670,71.5,-0.0018077492713928223,7,lag_02__CT_duck_amount_mean,CT_duck_amount_mean,False,-2.994267225265503,0.0005872309557162225,-0.001758326404362423
51670,71.5,-0.0018077492713928223,8,lag_01__damage_diff_last_5s,damage_diff_last_5s,False,-2.459016799926758,0.0006586796371266246,-0.0016197042934640304
51670,71.5,-0.0018077492713928223,9,lag_05__T3__is_walking,T3__is_walking,False,2.3223767280578613,0.0006230797152966261,0.0014470258305298023
51670,71.5,-0.0018077492713928223,10,lag_01__CT_damage_last_5s,CT_damage_last_5s,False,-3.422389030456543,0.0004142562975175679,-0.0014177462084216663
51670,71.5,-0.0018077492713928223,11,lag_11__CT1__duck_amount,CT1__duck_amount,False,3.8154516220092773,-0.00034347709151916206,-0.0013105202259598159
51670,71.5,-0.0018077492713928223,12,lag_05__CT_kills_last_3s,CT_kills_last_3s,False,-2.8871407508850098,0.00041048400453291833,-0.0011851250970734556
51670,71.5,-0.0018077492713928223,13,lag_10__CT_kills_last_3s,CT_kills_last_3s,False,-2.8871402740478516,-0.00039269166882149875,0.00113375593233761
51670,71.5,-0.0018077492713928223,14,lag_08__CT_place_OUTSIDE,CT_place_OUTSIDE,False,-2.1496591567993164,0.0004940523067489266,-0.0010620440651406549
51670,71.5,-0.0018077492713928223,15,lag_08__CT_place_HELL,CT_place_HELL,False,5.4229230880737305,0.00018206868844572455,0.0009873444941876225
51670,71.5,-0.0018077492713928223,16,lag_11__CT_kills_last_3s,CT_kills_last_3s,False,2.8871402740478516,-0.00032022903906181455,-0.0009245461555950074
51670,71.5,-0.0018077492713928223,17,lag_14__CT5__flash_duration,CT5__flash_duration,True,-3.943018913269043,0.00022863860067445785,-0.0009015263267627555
51670,71.5,-0.0018077492713928223,18,lag_14__T_velocity_mean,T_velocity_mean,False,-1.3268299102783203,-0.0006706330459564924,0.0008898159841961295
51670,71.5,-0.0018077492713928223,19,lag_14__CT5__is_walking,CT5__is_walking,False,-2.396676540374756,0.00032389917760156095,-0.0007762815604043377
51670,71.5,-0.0018077492713928223,20,lag_12__T_shots_fired_sum,T_shots_fired_sum,False,4.498422622680664,0.00017226791533175856,0.0007749338874904199
47702,9.5,0.0017671287059783936,1,lag_03__CT_place_GARAGE,CT_place_GARAGE,False,7.1875224113464355,0.0011359386844560504,0.008164584752443249
47702,9.5,0.0017671287059783936,2,lag_05__CT_place_HELL,CT_place_HELL,False,-16.268770217895508,-0.0004385269130580127,0.00713429358290385
47702,9.5,0.0017671287059783936,3,lag_01__T2__flash_duration,T2__flash_duration,True,4.392442226409912,-0.0012770873727276921,-0.005609532502784009
47702,9.5,0.0017671287059783936,4,lag_05__CT_place_HEAVEN,CT_place_HEAVEN,False,10.798914909362793,0.00047319562872871757,0.005109999330123849
47702,9.5,0.0017671287059783936,5,lag_05__CT_place_ADMIN,CT_place_ADMIN,False,6.947057247161865,-0.0007170354947447777,-0.004981286630239001
47702,9.5,0.0017671287059783936,6,lag_01__T5__flash_duration,T5__flash_duration,True,5.0312418937683105,0.0005276324809528887,0.002654646642683084
47702,9.5,0.0017671287059783936,7,lag_02__CT_place_ADMIN,CT_place_ADMIN,False,-6.947057247161865,0.00034425503690727055,-0.0023915594490186293
47702,9.5,0.0017671287059783936,8,lag_11__CT5__duck_amount,CT5__duck_amount,False,-3.7749595642089844,0.0005808984278701246,-0.0021928680761222896
47702,9.5,0.0017671287059783936,9,lag_01__T_flashed_players,T_flashed_players,False,5.788870811462402,-0.0003371647617314011,-0.0019518032478405833
47702,9.5,0.0017671287059783936,10,lag_04__T_place_LOBBY,T_place_LOBBY,False,2.6448822021484375,-0.0006818189867772162,-0.00180333090321394
47702,9.5,0.0017671287059783936,11,lag_01__T_flash_duration_sum,T_flash_duration_sum,True,4.259374618530273,-0.0003967475495301187,-0.0016898964424326701
47702,9.5,0.0017671287059783936,12,lag_09__CT_place_HELL,CT_place_HELL,False,5.4229230880737305,-0.00023063797561917454,-0.0012507320029718078
47702,9.5,0.0017671287059783936,13,lag_14__CT_place_OUTSIDE,CT_place_OUTSIDE,False,8.59863567352295,0.00014290101535152644,0.0012287537683842858
47702,9.5,0.0017671287059783936,14,lag_02__CT_place_RAFTERS,CT_place_RAFTERS,False,5.343343257904053,0.00020345518714748323,0.0010871309025301118
47702,9.5,0.0017671287059783936,15,lag_08__CT_place_OUTSIDE,CT_place_OUTSIDE,False,-2.1496591567993164,0.0004940523067489266,-0.0010620440651406549
47702,9.5,0.0017671287059783936,16,lag_07__CT_place_HELL,CT_place_HELL,False,5.4229230880737305,-0.0001827387895900756,-0.0009909784011546685
47702,9.5,0.0017671287059783936,17,lag_08__CT_place_HELL,CT_place_HELL,False,5.4229230880737305,0.00018206868844572455,0.0009873444941876225
47702,9.5,0.0017671287059783936,18,lag_02__CT_place_HEAVEN,CT_place_HEAVEN,False,-5.3994574546813965,0.000180756178451702,-0.0009759852952207632
47702,9.5,0.0017671287059783936,19,lag_07__CT_place_OUTSIDE,CT_place_OUTSIDE,False,-2.149658679962158,0.00044026493560522795,-0.0009464193403067589
47702,9.5,0.0017671287059783936,20,lag_00__CT1__is_scoped,CT1__is_scoped,False,4.282663822174072,-0.0002072449424304068,-0.0008875604172752516
52054,77.5,0.0017390251159667969,1,lag_14__CT_duck_amount_mean,CT_duck_amount_mean,False,-2.994267225265503,-0.0007341195014305413,0.0021981499625617212
52054,77.5,0.0017390251159667969,2,lag_11__CT5__duck_amount,CT5__duck_amount,False,3.7749595642089844,0.0005808984278701246,0.0021928680761222896
52054,77.5,0.0017390251159667969,3,lag_09__CT5__duck_amount,CT5__duck_amount,False,-3.6141715049743652,0.00048814306501299143,-0.0017642327559208026
52054,77.5,0.0017390251159667969,4,lag_07__CT5__duck_amount,CT5__duck_amount,False,-3.7749595642089844,-0.00042337129707448184,0.0015982095271028784
52054,77.5,0.0017390251159667969,5,lag_07__CT5__is_walking,CT5__is_walking,False,2.396676540374756,0.0005616898415610194,0.0013461888662361088
52054,77.5,0.0017390251159667969,6,lag_15__CT_duck_amount_mean,CT_duck_amount_mean,False,2.5721492767333984,-0.0004715380782727152,-0.001212866326981421
52054,77.5,0.0017390251159667969,7,lag_08__CT5__duck_amount,CT5__duck_amount,False,3.7749595642089844,-0.00027940631844103336,-0.0010547475540994
52054,77.5,0.0017390251159667969,8,lag_04__T_velocity_mean,T_velocity_mean,False,1.784273386001587,-0.0005267118103802204,-0.0009397978653541417
52054,77.5,0.0017390251159667969,9,lag_14__CT5__is_walking,CT5__is_walking,False,-2.396676540374756,0.00032389917760156095,-0.0007762815604043377
52054,77.5,0.0017390251159667969,10,lag_01__CT1__is_walking,CT1__is_walking,False,2.3343825340270996,0.0003324484277982265,0.0007760618033169492
52054,77.5,0.0017390251159667969,11,lag_05__T_velocity_mean,T_velocity_mean,False,-1.703268051147461,0.00044642318971455097,-0.0007603783563321365
52054,77.5,0.0017390251159667969,12,lag_13__damage_diff_last_5s,damage_diff_last_5s,False,-2.459016799926758,-0.0002791393781080842,0.0006864084202888865
52054,77.5,0.0017390251159667969,13,lag_13__CT_damage_last_5s,CT_damage_last_5s,False,-3.422389030456543,-0.00019639387028291821,0.0006721362273051645
52054,77.5,0.0017390251159667969,14,lag_10__CT_place_OUTSIDE,CT_place_OUTSIDE,False,-2.1496589183807373,0.0002922267303802073,-0.0006281877971510558
52054,77.5,0.0017390251159667969,15,lag_10__CT_walking_count,CT_walking_count,False,0.8974475860595703,0.0005582360317930579,0.0005009875791841534
52054,77.5,0.0017390251159667969,16,lag_00__CT1__is_walking,CT1__is_walking,False,-2.3343825340270996,0.0001867801183834672,-0.0004360162460578798
52054,77.5,0.0017390251159667969,17,lag_08__CT_velocity_mean,CT_velocity_mean,False,-1.4524446725845337,0.00029026830452494323,-0.0004215986525273989
52054,77.5,0.0017390251159667969,18,lag_15__CT1__duck_amount,CT1__duck_amount,False,3.277567148208618,0.0001232096110470593,0.0004038277735114032
52054,77.5,0.0017390251159667969,19,lag_09__CT_walking_count,CT_walking_count,False,-0.8974475860595703,-0.0004355462733656168,0.0003908799516492145
52054,77.5,0.0017390251159667969,20,lag_08__CT_duck_amount_mean,CT_duck_amount_mean,False,2.994267225265503,-0.00011643175821518525,-0.0003486277976037667
52118,78.5,0.0015851855278015137,1,lag_10__CT5__duck_amount,CT5__duck_amount,False,3.7749595642089844,-0.0008654188131913543,-0.003266921025903091
52118,78.5,0.0015851855278015137,2,lag_11__CT5__duck_amount,CT5__duck_amount,False,-3.6141715049743652,0.0005808984278701246,-0.002099466545292611
52118,78.5,0.0015851855278015137,3,lag_13__CT5__duck_amount,CT5__duck_amount,False,3.7749595642089844,0.0005157488631084561,0.0019469311035211767
52118,78.5,0.0015851855278015137,4,lag_06__T_velocity_mean,T_velocity_mean,False,1.784273386001587,0.0010691974312067032,0.001907740520883383
52118,78.5,0.0015851855278015137,5,lag_09__CT5__duck_amount,CT5__duck_amount,False,-3.7749595642089844,0.00048814306501299143,-0.00184272033197308
52118,78.5,0.0015851855278015137,6,lag_12__CT_place_MINI,CT_place_MINI,False,6.131025314331055,0.00020031532039865851,0.0012281383002125112
52118,78.5,0.0015851855278015137,7,lag_09__CT5__is_walking,CT5__is_walking,False,2.396676540374756,-0.00045766684343107045,-0.001096879386958613
52118,78.5,0.0015851855278015137,8,lag_03__CT1__is_walking,CT1__is_walking,False,2.3343825340270996,0.00041132044862024486,0.0009601792711472906
52118,78.5,0.0015851855278015137,9,lag_12__CT1__is_walking,CT1__is_walking,False,2.3343825340270996,0.00032489976729266346,0.0007584403420774627
52118,78.5,0.0015851855278015137,10,lag_12__CT_place_OUTSIDE,CT_place_OUTSIDE,False,-2.1496589183807373,-0.00034886179491877556,0.0007499338687294577
52118,78.5,0.0015851855278015137,11,lag_06__T3__has_bomb,T3__has_bomb,False,3.15621280670166,0.00022070576960686594,0.0006965943765461363
52118,78.5,0.0015851855278015137,12,lag_13__CT_duck_amount_mean,CT_duck_amount_mean,False,2.994267225265503,0.00017468044825363904,0.000523039941100558
52118,78.5,0.0015851855278015137,13,lag_11__CT_velocity_mean,CT_velocity_mean,False,2.5654709339141846,0.00018931421800516546,0.00048568012366894536
52118,78.5,0.0015851855278015137,14,lag_09__CT_walking_count,CT_walking_count,False,0.8974475860595703,-0.0004355462733656168,-0.0003908799516492145
52118,78.5,0.0015851855278015137,15,lag_07__T_velocity_mean,T_velocity_mean,False,-1.703268051147461,-0.00022634702327195555,0.0003855296532114527
52118,78.5,0.0015851855278015137,16,lag_15__CT_damage_last_5s,CT_damage_last_5s,False,-3.422389030456543,0.00010994129115715623,-0.0003762618688504804
52118,78.5,0.0015851855278015137,17,lag_09__CT_duck_amount_mean,CT_duck_amount_mean,False,-2.994267225265503,0.00012075684207957238,-0.0003615782544654257
52118,78.5,0.0015851855278015137,18,lag_06__bomb_events_last_5s,bomb_events_last_5s,False,2.0894012451171875,0.00017111552006099373,0.0003575289806743154
52118,78.5,0.0015851855278015137,19,lag_02__CT_walking_count,CT_walking_count,False,-0.8974475860595703,0.0003651729493867606,-0.00032772358192140194
52118,78.5,0.0015851855278015137,20,lag_11__CT1__is_walking,CT1__is_walking,False,-2.3343825340270996,-0.00013140746159479022,0.00030675528318771517
47606,8.0,-0.001569598913192749,1,lag_00__CT_place_GARAGE,CT_place_GARAGE,False,7.1875224113464355,0.0016269616317003965,0.011693823190247365
47606,8.0,-0.001569598913192749,2,lag_02__CT_place_HELL,CT_place_HELL,False,-16.268770217895508,0.0004571386380121112,-0.00743708345954075
47606,8.0,-0.001569598913192749,3,lag_00__CT_place_HEAVEN,CT_place_HEAVEN,False,-5.399457931518555,0.0009281832026317716,-0.005011686155352413
47606,8.0,-0.001569598913192749,4,lag_02__CT_place_ADMIN,CT_place_ADMIN,False,6.947057247161865,0.00034425503690727055,0.0023915594490186293
47606,8.0,-0.001569598913192749,5,lag_05__CT_place_HELL,CT_place_HELL,False,5.4229230880737305,-0.0004385269130580127,-0.0023780977215639987
47606,8.0,-0.001569598913192749,6,lag_02__CT_place_HEAVEN,CT_place_HEAVEN,False,10.798914909362793,0.000180756178451702,0.0019519705904415263
47606,8.0,-0.001569598913192749,7,lag_09__CT5__duck_amount,CT5__duck_amount,False,3.7749595642089844,0.00048814306501299143,0.00184272033197308
47606,8.0,-0.001569598913192749,8,lag_11__CT_place_OUTSIDE,CT_place_OUTSIDE,False,8.59863567352295,-0.00018556862778495997,-0.0015956370227584588
47606,8.0,-0.001569598913192749,9,lag_00__T_place_ROOF,T_place_ROOF,False,5.663386344909668,-0.00025840249145403504,-0.0014634331415914192
47606,8.0,-0.001569598913192749,10,lag_00__CT_place_RAFTERS,CT_place_RAFTERS,False,5.343343257904053,-0.00027045782189816236,-0.001445148979186961
47606,8.0,-0.001569598913192749,11,lag_06__T_place_OUTSIDE,T_place_OUTSIDE,False,2.6496129035949707,-0.0005015732022002339,-0.0013289748286471892
47606,8.0,-0.001569598913192749,12,lag_06__CT_place_OUTSIDE,CT_place_OUTSIDE,False,-2.1496591567993164,0.000581052852794528,-0.0012490655855941224
47606,8.0,-0.001569598913192749,13,lag_04__CT_place_HELL,CT_place_HELL,False,5.4229230880737305,0.00022985135728958994,0.0012464662322708014
47606,8.0,-0.001569598913192749,14,lag_08__CT5__duck_amount,CT5__duck_amount,False,-3.7749595642089844,-0.00027940631844103336,0.0010547475540994
47606,8.0,-0.001569598913192749,15,lag_00__T_place_OUTSIDE,T_place_OUTSIDE,False,-1.3248062133789062,-0.0006606055540032685,0.0008751743425361447
47606,8.0,-0.001569598913192749,16,lag_05__CT_place_OUTSIDE,CT_place_OUTSIDE,False,-2.1496591567993164,0.000374604482203722,-0.0008052719553472976
47606,8.0,-0.001569598913192749,17,lag_07__T_place_OUTSIDE,T_place_OUTSIDE,False,2.6496124267578125,-0.00027985195629298687,-0.0007414992210463822
47606,8.0,-0.001569598913192749,18,lag_15__CT_velocity_mean,CT_velocity_mean,False,3.5042614936828613,-0.00021022163855377585,-0.0007366715931229131
47606,8.0,-0.001569598913192749,19,lag_00__T4__duck_amount,T4__duck_amount,False,3.6976382732391357,0.00019319543207529932,0.0007143668238565985
47606,8.0,-0.001569598913192749,20,lag_08__T_place_OUTSIDE,T_place_OUTSIDE,False,1.3248062133789062,-0.0004949701251462102,-0.0006557394972306341
47190,1.5,-0.0014525651931762695,1,lag_02__CT_velocity_mean,CT_velocity_mean,False,3.5042614936828613,0.0004328519862610847,0.001516826547918862
47190,1.5,-0.0014525651931762695,2,lag_01__T_shots_fired_sum,T_shots_fired_sum,False,0.7497370839118958,0.0010463892249390483,0.0007845168061426308
47190,1.5,-0.0014525651931762695,3,lag_02__T_velocity_mean,T_velocity_mean,False,3.4458701610565186,-0.00014743383508175611,-0.0005080378530383511
47190,1.5,-0.0014525651931762695,4,lag_03__centroid_distance_xy,centroid_distance_xy,False,3.9753661155700684,-0.00012584590876940638,-0.0005002835615050202
47190,1.5,-0.0014525651931762695,5,lag_03__T_place_TSPAWN,T_place_TSPAWN,False,4.428390979766846,8.887355215847492e-05,0.0003935668367184286
47190,1.5,-0.0014525651931762695,6,lag_03__T_walking_count,T_walking_count,False,-0.9998118877410889,0.0003821753489319235,-0.0003821034570637358
47190,1.5,-0.0014525651931762695,7,lag_03__T_macro_OTHER,T_macro_OTHER,False,1.179738998413086,-0.00029363553039729595,-0.0003464132865294012
47190,1.5,-0.0014525651931762695,8,lag_03__CT_closest_enemy_dist,CT_closest_enemy_dist,False,4.341063022613525,-7.491382712032646e-05,-0.00032520564479451147
47190,1.5,-0.0014525651931762695,9,lag_03__T1__is_walking,T1__is_walking,False,-0.5917836427688599,0.0004292548110242933,-0.00025402597574401484
47190,1.5,-0.0014525651931762695,10,lag_03__T1__flash,T1__flash,True,2.0511317253112793,-0.00012211446301080287,-0.0002504728492008085
47190,1.5,-0.0014525651931762695,11,lag_03__T3__utility_total,T3__utility_total,True,1.5729540586471558,0.00015431693464051932,0.00024273344866079273
47190,1.5,-0.0014525651931762695,12,lag_03__CT_velocity_mean,CT_velocity_mean,False,-1.694637656211853,-0.0001396823354298249,0.00023671094552699633
47190,1.5,-0.0014525651931762695,13,lag_03__T4__is_walking,T4__is_walking,False,-0.5780618786811829,0.00040515183354727924,-0.00023420283005146612
47190,1.5,-0.0014525651931762695,14,lag_03__CT1__is_walking,CT1__is_walking,False,-0.5652483105659485,0.00041132044862024486,-0.00023249818868382142
47190,1.5,-0.0014525651931762695,15,lag_03__CT4__smoke,CT4__smoke,True,1.5279382467269897,0.00015153555432334542,0.00023153696918961492
47190,1.5,-0.0014525651931762695,16,lag_03__T_spread_xy,T_spread_xy,False,-1.4108495712280273,-0.00016276774113066494,0.0002296407977839532
47190,1.5,-0.0014525651931762695,17,lag_03__CT3__smoke,CT3__smoke,True,1.578822374343872,-0.00014399712381418794,-0.00022734588091900473
47190,1.5,-0.0014525651931762695,18,lag_03__T5__is_walking,T5__is_walking,False,-0.5724201202392578,-0.0003742877161130309,0.00021424981946149835
47190,1.5,-0.0014525651931762695,19,lag_03__CT3__utility_total,CT3__utility_total,True,2.0430431365966797,-0.00010365751950303093,-0.0002117767837773038
47190,1.5,-0.0014525651931762695,20,lag_03__T1__has_bomb,T1__has_bomb,False,2.4492039680480957,-8.378225902561098e-05,-0.0002051998412575598
50806,58.0,0.0013750195503234863,1,lag_06__CT1__is_scoped,CT1__is_scoped,False,-4.282663822174072,0.0014957779785618186,-0.006405914234791366
50806,58.0,0.0013750195503234863,2,lag_08__CT_place_LOCKERROOM,CT_place_LOCKERROOM,False,12.448311805725098,0.00024576971190981567,0.0030594180062566145
50806,58.0,0.0013750195503234863,3,lag_08__CT1__is_scoped,CT1__is_scoped,False,-4.282663822174072,-0.0006457447307184339,0.002765507596607375
50806,58.0,0.0013750195503234863,4,lag_01__CT5__duck_amount,CT5__duck_amount,False,-3.7749595642089844,0.0006362353451550007,-0.002401762701280674
50806,58.0,0.0013750195503234863,5,lag_12__CT1__is_scoped,CT1__is_scoped,False,-4.282663822174072,-0.0005525658489204943,0.002366453770540705
50806,58.0,0.0013750195503234863,6,lag_00__damage_diff_last_5s,damage_diff_last_5s,False,1.0828697681427002,0.0020862389355897903,0.00225912507247239
50806,58.0,0.0013750195503234863,7,lag_08__T3__is_walking,T3__is_walking,False,2.3223767280578613,0.0009110851678997278,0.002115882991209017
50806,58.0,0.0013750195503234863,8,lag_13__CT5__is_walking,CT5__is_walking,False,-2.396676540374756,0.0008454928756691515,-0.0020263729401702457
50806,58.0,0.0013750195503234863,9,lag_06__CT5__duck_amount,CT5__duck_amount,False,3.7749595642089844,0.0005144865717738867,0.0019421660047749256
50806,58.0,0.0013750195503234863,10,lag_14__CT1__is_scoped,CT1__is_scoped,False,4.282663822174072,-0.0004411787958815694,-0.0018894204682323168
50806,58.0,0.0013750195503234863,11,lag_15__CT_place_ADMIN,CT_place_ADMIN,False,6.947057247161865,-0.00024286838015541434,-0.0016872205404651341
50806,58.0,0.0013750195503234863,12,lag_10__T_kills_last_3s,T_kills_last_3s,False,3.1681017875671387,-0.0005074117798358202,-0.0016075321667304854
50806,58.0,0.0013750195503234863,13,lag_06__CT_scoped_count,CT_scoped_count,False,-2.141930103302002,0.0007211040356196463,-0.0015445544415062795
50806,58.0,0.0013750195503234863,14,lag_13__T1__is_walking,T1__is_walking,False,-2.281590461730957,0.0006442470476031303,-0.001469907918809632
50806,58.0,0.0013750195503234863,15,lag_04__CT4__duck_amount,CT4__duck_amount,False,3.6725916862487793,-0.00037282524863258004,-0.0013692349085516475
50806,58.0,0.0013750195503234863,16,lag_04__T_kills_last_3s,T_kills_last_3s,False,-3.1681017875671387,-0.0004195147776044905,0.001329065516839617
50806,58.0,0.0013750195503234863,17,lag_04__kill_diff_last_3s,kill_diff_last_3s,False,2.4069459438323975,0.0005452635232359171,0.0013124198255724528
50806,58.0,0.0013750195503234863,18,lag_07__CT_flashed_players,CT_flashed_players,False,-2.1899399757385254,0.0005478011444211006,-0.0011996516249230815
50806,58.0,0.0013750195503234863,19,lag_05__CT_kills_last_3s,CT_kills_last_3s,False,-2.8871407508850098,0.00041048400453291833,-0.0011851250970734556
50806,58.0,0.0013750195503234863,20,lag_06__T1__is_walking,T1__is_walking,False,2.281590461730957,-0.0005081794806756079,-0.0011594574559568582
47222,2.0,-0.0012916028499603271,1,lag_04__T_velocity_mean,T_velocity_mean,False,-1.7359485626220703,-0.0005267118103802204,0.0009143446101456121
47222,2.0,-0.0012916028499603271,2,lag_04__CT_scoped_count,CT_scoped_count,False,-0.5918432474136353,-0.0012965175556018949,0.0007673351604362139
47222,2.0,-0.0012916028499603271,3,lag_04__CT1__is_scoped,CT1__is_scoped,False,-0.2478424608707428,-0.002525867195799947,0.0006260171416397411
47222,2.0,-0.0012916028499603271,4,lag_03__CT_velocity_mean,CT_velocity_mean,False,3.5042614936828613,-0.0001396823354298249,-0.0004894834293944286
47222,2.0,-0.0012916028499603271,5,lag_04__T_unique_places,T_unique_places,False,-1.3668794631958008,-0.00032630859641358256,0.00044602451910197294
47222,2.0,-0.0012916028499603271,6,lag_04__T_flashed_players,T_flashed_players,False,-0.2732827663421631,0.0015007505426183343,-0.0004101292598762407
47222,2.0,-0.0012916028499603271,7,lag_04__T1__utility_total,T1__utility_total,True,2.255070209503174,-0.00017415868933312595,-0.0003927400720412505
47222,2.0,-0.0012916028499603271,8,lag_04__CT_place_CTSPAWN,CT_place_CTSPAWN,False,4.78255033493042,7.783446199027821e-05,0.0003722472322607341
47222,2.0,-0.0012916028499603271,9,lag_04__T1__flash,T1__flash,True,2.0511317253112793,-0.00017919932724907994,-0.0003675614252750259
47222,2.0,-0.0012916028499603271,10,lag_04__CT5__is_walking,CT5__is_walking,False,-0.5380242466926575,0.0006261920789256692,-0.0003369065215488923
47222,2.0,-0.0012916028499603271,11,lag_04__CT_duck_amount_mean,CT_duck_amount_mean,False,-0.5503823161125183,-0.00055792584316805,0.00030707251778186104
47222,2.0,-0.0012916028499603271,12,lag_04__CT5__duck_amount,CT5__duck_amount,False,-0.33512863516807556,-0.000887815491296351,0.00029753239387922056
47222,2.0,-0.0012916028499603271,13,lag_04__T_walking_count,T_walking_count,False,-0.9998118877410889,-0.00028618829674087465,0.0002861344612139008
47222,2.0,-0.0012916028499603271,14,lag_04__T3__is_walking,T3__is_walking,False,-0.5709694027900696,-0.00048691569827497005,0.00027801396545316936
47222,2.0,-0.0012916028499603271,15,lag_04__CT_velocity_mean,CT_velocity_mean,False,-1.694637656211853,0.00015928696666378528,-0.00026993369185221265
47222,2.0,-0.0012916028499603271,16,lag_04__T_spread_xy,T_spread_xy,False,-1.4108495712280273,-0.0001817692827899009,0.00025644911468655773
47222,2.0,-0.0012916028499603271,17,lag_04__CT5__smoke,CT5__smoke,True,1.5474231243133545,0.00016262249846477062,0.00025164581465799904
47222,2.0,-0.0012916028499603271,18,lag_04__centroid_distance_xy,centroid_distance_xy,False,3.9753661155700684,-6.106183718657121e-05,-0.00024274315850595155
47222,2.0,-0.0012916028499603271,19,lag_04__T_place_SILO,T_place_SILO,False,-0.13717249035835266,-0.0017441707896068692,0.00023925225082066862
47222,2.0,-0.0012916028499603271,20,lag_04__T_place_TSPAWN,T_place_TSPAWN,False,4.428390979766846,5.1281298510730267e-05,0.0002270936397556489
48150,16.5,-0.0012156665325164795,1,lag_14__T1__is_walking,T1__is_walking,False,-2.281590461730957,0.0015562789048999548,-0.003550791105212836
48150,16.5,-0.0012156665325164795,2,lag_13__T4__is_scoped,T4__is_scoped,False,4.644811153411865,0.0006845768075436354,0.0031797299910457655
48150,16.5,-0.0012156665325164795,3,lag_07__T2__duck_amount,T2__duck_amount,False,1.777138352394104,-0.0017421896336600184,-0.003096112015120653
48150,16.5,-0.0012156665325164795,4,lag_12__T5__is_walking,T5__is_walking,False,-2.3193888664245605,-0.0008230392122641206,0.001908947985556242
48150,16.5,-0.0012156665325164795,5,lag_14__CT1__is_scoped,CT1__is_scoped,False,4.282663822174072,-0.0004411787958815694,-0.0018894204682323168
48150,16.5,-0.0012156665325164795,6,lag_10__T_place_SILO,T_place_SILO,False,6.793753623962402,-0.0002703826467040926,-0.0018369130859024752
48150,16.5,-0.0012156665325164795,7,lag_12__active_infernos_total,active_infernos_total,True,2.8735578060150146,0.0005696844891645014,0.0016370213108043291
48150,16.5,-0.0012156665325164795,8,lag_01__T2__duck_amount,T2__duck_amount,False,-1.835716962814331,0.000875247991643846,-0.001606707584929784
48150,16.5,-0.0012156665325164795,9,lag_04__CT5__is_walking,CT5__is_walking,False,2.396676540374756,0.0006261920789256692,0.001500779865329649
48150,16.5,-0.0012156665325164795,10,lag_12__T_active_infernos,T_active_infernos,True,2.082643508911133,0.0006854688981547952,0.0014275873513025505
48150,16.5,-0.0012156665325164795,11,lag_02__CT3__is_walking,CT3__is_walking,False,-2.387126922607422,0.000597444421146065,-0.0014261756624793787
48150,16.5,-0.0012156665325164795,12,lag_10__T5__duck_amount,T5__duck_amount,False,3.7970333099365234,-0.00035343781928531826,-0.0013420151728176788
48150,16.5,-0.0012156665325164795,13,lag_01__T2__is_walking,T2__is_walking,False,2.2968344688415527,-0.0005755001329816878,-0.0013218285422552378
48150,16.5,-0.0012156665325164795,14,lag_13__T_scoped_count,T_scoped_count,False,2.8811259269714355,0.0004139798111282289,0.0011927279670842783
48150,16.5,-0.0012156665325164795,15,lag_12__CT4__duck_amount,CT4__duck_amount,False,2.3754019737243652,0.0004873345897067338,0.0011576155462535292
48150,16.5,-0.0012156665325164795,16,lag_12__T2__duck_amount,T2__duck_amount,False,3.8233180046081543,0.00030239493935368955,0.0011561520161333522
48150,16.5,-0.0012156665325164795,17,lag_03__T1__is_walking,T1__is_walking,False,-2.281590461730957,0.0004292548110242933,-0.000979383682485152
48150,16.5,-0.0012156665325164795,18,lag_13__T4__duck_amount,T4__duck_amount,False,3.6976382732391357,0.00026060137315653265,0.000963609611442269
48150,16.5,-0.0012156665325164795,19,lag_10__T2__duck_amount,T2__duck_amount,False,-3.8233180046081543,0.0002349589776713401,-0.0008983228896751599
48150,16.5,-0.0012156665325164795,20,lag_12__CT_A_site_active_infernos,CT_A_site_active_infernos,True,3.529078483581543,0.0002519685076549649,0.000889216638905288
51702,72.0,0.0011712312698364258,1,lag_12__T_kills_last_3s,T_kills_last_3s,False,3.1681017875671387,-0.0006988649256527424,-0.0022140752202284286
51702,72.0,0.0011712312698364258,2,lag_13__T_shots_fired_sum,T_shots_fired_sum,False,4.498422622680664,-0.00040760505362413824,-0.0018335797943417886
51702,72.0,0.0011712312698364258,3,lag_15__CT5__is_walking,CT5__is_walking,False,-2.396676540374756,0.0006060510058887303,-0.001452508228084043
51702,72.0,0.0011712312698364258,4,lag_04__CT_duck_amount_mean,CT_duck_amount_mean,False,2.5721492767333984,-0.00055792584316805,-0.0014350685539755714
51702,72.0,0.0011712312698364258,5,lag_06__CT_place_HEAVEN,CT_place_HEAVEN,False,5.3994574546813965,0.0002647130168043077,0.001429306671935221
51702,72.0,0.0011712312698364258,6,lag_11__CT1__duck_amount,CT1__duck_amount,False,-3.8154516220092773,-0.00034347709151916206,0.0013105202259598159
51702,72.0,0.0011712312698364258,7,lag_09__CT_place_HELL,CT_place_HELL,False,5.4229230880737305,-0.00023063797561917454,-0.0012507320029718078
51702,72.0,0.0011712312698364258,8,lag_12__CT_damage_last_5s,CT_damage_last_5s,False,2.899221181869507,-0.00042137119453400373,-0.0012216482926226402
51702,72.0,0.0011712312698364258,9,lag_06__T_kills_last_3s,T_kills_last_3s,False,-3.1681017875671387,0.00033243713551200926,-0.0010531946832692957
51702,72.0,0.0011712312698364258,10,lag_11__CT_kills_last_3s,CT_kills_last_3s,False,-2.8871402740478516,-0.00032022903906181455,0.0009245461555950074
51702,72.0,0.0011712312698364258,11,lag_03__CT_duck_amount_mean,CT_duck_amount_mean,False,-2.994267225265503,-0.0002767359255813062,0.0008286213120216185
51702,72.0,0.0011712312698364258,12,lag_11__kill_diff_last_3s,kill_diff_last_3s,False,-2.4069459438323975,0.00032317571458406746,-0.0007778664753632578
51702,72.0,0.0011712312698364258,13,lag_12__T_shots_fired_sum,T_shots_fired_sum,False,-4.498422622680664,0.00017226791533175856,-0.0007749338874904199
51702,72.0,0.0011712312698364258,14,lag_06__T3__is_walking,T3__is_walking,False,2.3223767280578613,-0.00032471533631905913,-0.0007541113403108646
51702,72.0,0.0011712312698364258,15,lag_11__CT5__is_walking,CT5__is_walking,False,2.396676540374756,0.0003030672378372401,0.0007263541390806899
51702,72.0,0.0011712312698364258,16,lag_06__T_velocity_mean,T_velocity_mean,False,-0.6489103436470032,0.0010691974312067032,-0.0006938132725108348
51702,72.0,0.0011712312698364258,17,lag_12__damage_diff_last_5s,damage_diff_last_5s,False,1.9175821542739868,-0.00035100500099360943,-0.0006730809259662685
51702,72.0,0.0011712312698364258,18,lag_07__damage_diff_last_5s,damage_diff_last_5s,False,-2.255979061126709,0.0002972278743982315,-0.0006705398610256097
51702,72.0,0.0011712312698364258,19,lag_02__CT_damage_last_5s,CT_damage_last_5s,False,-3.422389030456543,-0.0001939363864948973,0.000663725761746517
51702,72.0,0.0011712312698364258,20,lag_00__CT_duck_amount_mean,CT_duck_amount_mean,False,2.994267225265503,0.00021849114273209125,0.0006542208676935078
48438,21.0,0.0011318027973175049,1,lag_02__T3__is_walking,T3__is_walking,False,-2.3223767280578613,-0.0010841221082955599,0.0025177399546786328
48438,21.0,0.0011318027973175049,2,lag_08__T3__is_walking,T3__is_walking,False,-2.3223767280578613,0.0009110851678997278,-0.002115882991209017
48438,21.0,0.0011318027973175049,3,lag_13__CT5__is_walking,CT5__is_walking,False,2.396676540374756,0.0008454928756691515,0.0020263729401702457
48438,21.0,0.0011318027973175049,4,lag_00__T3__is_walking,T3__is_walking,False,-2.3223767280578613,0.0007178710657171905,-0.0016671670567676988
48438,21.0,0.0011318027973175049,5,lag_06__CT3__shots_fired,CT3__shots_fired,False,2.5713651180267334,0.0005895274807699025,0.001515890400169903
48438,21.0,0.0011318027973175049,6,lag_05__T3__is_walking,T3__is_walking,False,2.3223767280578613,0.0006230797152966261,0.0014470258305298023
48438,21.0,0.0011318027973175049,7,lag_08__T5__duck_amount,T5__duck_amount,False,-3.7970333099365234,-0.0003265233535785228,0.0012398200500098322
48438,21.0,0.0011318027973175049,8,lag_05__CT3__shots_fired,CT3__shots_fired,False,-2.5713651180267334,0.0004741114389616996,-0.0012191136162035751
48438,21.0,0.0011318027973175049,9,lag_05__CT3__duck_amount,CT3__duck_amount,False,-3.7208433151245117,-0.0003216130135115236,0.0011966716313814019
48438,21.0,0.0011318027973175049,10,lag_14__CT_A_site_active_infernos,CT_A_site_active_infernos,True,-3.529078483581543,0.000331381568685174,-0.0011694715639023467
48438,21.0,0.0011318027973175049,11,lag_04__T3__is_walking,T3__is_walking,False,-2.3223767280578613,-0.00048691569827497005,0.0011308016861998338
48438,21.0,0.0011318027973175049,12,lag_11__CT3__is_walking,CT3__is_walking,False,-2.387126922607422,-0.00047269437345676124,0.0011283814650436819
48438,21.0,0.0011318027973175049,13,lag_10__CT_A_site_active_infernos,CT_A_site_active_infernos,True,-3.5290780067443848,0.0003184479719493538,-0.0011238277340988173
48438,21.0,0.0011318027973175049,14,lag_07__T_active_infernos,T_active_infernos,True,-2.082643508911133,-0.0005065777222625911,0.001055020805029172
48438,21.0,0.0011318027973175049,15,lag_11__CT_B_site_active_infernos,CT_B_site_active_infernos,True,-3.435478448867798,0.0003058465081267059,-0.0010507290873307679
48438,21.0,0.0011318027973175049,16,lag_01__CT3__duck_amount,CT3__duck_amount,False,-3.7208433151245117,0.00027258991030976176,-0.0010142643455464673
48438,21.0,0.0011318027973175049,17,lag_06__CT_shots_fired_sum,CT_shots_fired_sum,False,3.4737050533294678,0.0002904113498516381,0.0010088033735238672
48438,21.0,0.0011318027973175049,18,lag_11__CT_A_site_active_infernos,CT_A_site_active_infernos,True,-3.5290777683258057,0.0002764783566817641,-0.0009757136219888662
48438,21.0,0.0011318027973175049,19,lag_02__CT3__duck_amount,CT3__duck_amount,False,3.7208433151245117,-0.0002557828847784549,-0.0009517280369511771
48438,21.0,0.0011318027973175049,20,lag_03__T_walking_count,T_walking_count,False,2.3912696838378906,0.0003821753489319235,0.0009138843258110763
48982,29.5,-0.0010337531566619873,1,lag_08__T5__is_walking,T5__is_walking,False,2.3193888664245605,0.0011377058690413833,0.0026387823259204635
48982,29.5,-0.0010337531566619873,2,lag_02__CT_place_MINI,CT_place_MINI,False,-6.131025314331055,-0.00042748061241582036,0.0026208944561071368
48982,29.5,-0.0010337531566619873,3,lag_04__CT_place_MINI,CT_place_MINI,False,6.131025314331055,-0.00038950785528868437,-0.002388082520905721
48982,29.5,-0.0010337531566619873,4,lag_15__T2__is_walking,T2__is_walking,False,-2.2968344688415527,0.0006923961918801069,-0.0015903194396048592
48982,29.5,-0.0010337531566619873,5,lag_10__T3__is_walking,T3__is_walking,False,2.3223767280578613,-0.0006160950870253146,-0.0014308048923783734
48982,29.5,-0.0010337531566619873,6,lag_11__T5__is_walking,T5__is_walking,False,-2.3193888664245605,0.0005790881114080548,-0.001343130518278668
48982,29.5,-0.0010337531566619873,7,lag_01__T2__is_walking,T2__is_walking,False,2.2968344688415527,-0.0005755001329816878,-0.0013218285422552378
48982,29.5,-0.0010337531566619873,8,lag_09__CT3__is_walking,CT3__is_walking,False,-2.387126922607422,-0.0005413369508460164,0.0012922400095667363
48982,29.5,-0.0010337531566619873,9,lag_05__CT3__duck_amount,CT3__duck_amount,False,-3.7208433151245117,-0.0003216130135115236,0.0011966716313814019
48982,29.5,-0.0010337531566619873,10,lag_06__T1__is_walking,T1__is_walking,False,2.281590461730957,-0.0005081794806756079,-0.0011594574559568582
48982,29.5,-0.0010337531566619873,11,lag_08__CT_shots_fired_sum,CT_shots_fired_sum,False,3.4737050533294678,-0.00032837261096574366,-0.0011406695980866952
48982,29.5,-0.0010337531566619873,12,lag_01__T4__is_scoped,T4__is_scoped,False,-4.644811153411865,0.00024500780273228884,-0.0011380149748038693
48982,29.5,-0.0010337531566619873,13,lag_07__CT_shots_fired_sum,CT_shots_fired_sum,False,-4.863187313079834,-0.00022934139997232705,0.0011153301867093887
48982,29.5,-0.0010337531566619873,14,lag_03__T1__is_walking,T1__is_walking,False,2.281590461730957,0.0004292548110242933,0.000979383682485152
48982,29.5,-0.0010337531566619873,15,lag_06__CT2__is_walking,CT2__is_walking,False,2.360051155090332,-0.0003882960299961269,-0.0009163984941093495
48982,29.5,-0.0010337531566619873,16,lag_05__T5__is_walking,T5__is_walking,False,-2.3193888664245605,-0.00038661874714307487,0.0008967192176746602
48982,29.5,-0.0010337531566619873,17,lag_15__CT1__is_walking,CT1__is_walking,False,-2.3343825340270996,-0.00036810204619541764,0.0008592909873782195
48982,29.5,-0.0010337531566619873,18,lag_14__T3__is_walking,T3__is_walking,False,-2.3223767280578613,-0.000338447920512408,0.0007860035742575933
48982,29.5,-0.0010337531566619873,19,lag_13__CT3__is_walking,CT3__is_walking,False,2.387126922607422,-0.00031740625854581594,-0.0007576890251788093
48982,29.5,-0.0010337531566619873,20,lag_02__T4__is_walking,T4__is_walking,False,2.307980537414551,0.0002994820533785969,0.0006911987505027473
48662,24.5,-0.0009691119194030762,1,lag_08__T5__is_walking,T5__is_walking,False,2.3193888664245605,0.0011377058690413833,0.0026387823259204635
48662,24.5,-0.0009691119194030762,2,lag_02__T3__is_walking,T3__is_walking,False,2.3223767280578613,-0.0010841221082955599,-0.0025177399546786328
48662,24.5,-0.0009691119194030762,3,lag_10__CT4__duck_amount,CT4__duck_amount,False,-3.6725916862487793,0.0006053324323147535,-0.0022231388583359157
48662,24.5,-0.0009691119194030762,4,lag_08__T3__is_walking,T3__is_walking,False,2.3223767280578613,0.0009110851678997278,0.002115882991209017
48662,24.5,-0.0009691119194030762,5,lag_13__CT3__shots_fired,CT3__shots_fired,False,2.5713651180267334,0.0006741049000993371,0.0017333698260063313
48662,24.5,-0.0009691119194030762,6,lag_10__CT3__is_walking,CT3__is_walking,False,-2.387126922607422,0.0007095540058799088,-0.0016937954704798752
48662,24.5,-0.0009691119194030762,7,lag_00__T3__is_walking,T3__is_walking,False,2.3223767280578613,0.0007178710657171905,0.0016671670567676988
48662,24.5,-0.0009691119194030762,8,lag_15__T2__duck_amount,T2__duck_amount,False,-3.8233180046081543,-0.0004255352832842618,0.0016269567101767496
48662,24.5,-0.0009691119194030762,9,lag_15__T2__is_walking,T2__is_walking,False,2.2968344688415527,0.0006923961918801069,0.0015903194396048592
48662,24.5,-0.0009691119194030762,10,lag_10__T3__is_walking,T3__is_walking,False,2.3223767280578613,-0.0006160950870253146,-0.0014308048923783734
48662,24.5,-0.0009691119194030762,11,lag_06__T5__is_walking,T5__is_walking,False,-2.3193888664245605,-0.0005818181089125574,0.001349462444095978
48662,24.5,-0.0009691119194030762,12,lag_13__CT_shots_fired_sum,CT_shots_fired_sum,False,3.4737050533294678,0.00036252537393011153,0.0012593062233811833
48662,24.5,-0.0009691119194030762,13,lag_12__CT3__shots_fired,CT3__shots_fired,False,-2.5713651180267334,0.0004783144686371088,-0.0012299211401009535
48662,24.5,-0.0009691119194030762,14,lag_06__T1__is_walking,T1__is_walking,False,2.281590461730957,-0.0005081794806756079,-0.0011594574559568582
48662,24.5,-0.0009691119194030762,15,lag_04__T3__is_walking,T3__is_walking,False,-2.3223767280578613,-0.00048691569827497005,0.0011308016861998338
48662,24.5,-0.0009691119194030762,16,lag_11__CT3__is_walking,CT3__is_walking,False,2.387126922607422,-0.00047269437345676124,-0.0011283814650436819
48662,24.5,-0.0009691119194030762,17,lag_09__T5__is_walking,T5__is_walking,False,-2.3193888664245605,0.00046198672498576343,-0.001071526866367925
48662,24.5,-0.0009691119194030762,18,lag_15__T5__duck_amount,T5__duck_amount,False,-3.7970333099365234,0.0002670066605787724,-0.0010138331841925141
48662,24.5,-0.0009691119194030762,19,lag_08__CT3__is_walking,CT3__is_walking,False,2.387126922607422,-0.00040008954238146544,-0.0009550645180724793
48662,24.5,-0.0009691119194030762,20,lag_15__CT3__duck_amount,CT3__duck_amount,False,-3.0707249641418457,-0.00030784468981437385,0.0009453063740915008
48054,15.0,-0.0009337663650512695,1,lag_07__T2__duck_amount,T2__duck_amount,False,-3.8233180046081543,-0.0017421896336600184,0.006660944993814033
48054,15.0,-0.0009337663650512695,2,lag_05__CT1__flash_duration,CT1__flash_duration,True,-4.021208763122559,0.0015557149890810251,-0.006255854747013734
48054,15.0,-0.0009337663650512695,3,lag_07__T5__duck_amount,T5__duck_amount,False,3.7970333099365234,-0.00141742336563766,-0.005382003733608531
48054,15.0,-0.0009337663650512695,4,lag_05__CT_flashed_players,CT_flashed_players,False,-4.379879951477051,0.0009271487360820174,-0.004060800161202915
48054,15.0,-0.0009337663650512695,5,lag_04__T2__flash_duration,T2__flash_duration,True,-4.392442226409912,0.000758701644372195,-0.0033325531399870656
48054,15.0,-0.0009337663650512695,6,lag_04__T_flashed_players,T_flashed_players,False,-1.9296237230300903,0.0015007505426183343,-0.0028958838493866185
48054,15.0,-0.0009337663650512695,7,lag_14__CT_place_GARAGE,CT_place_GARAGE,False,7.1875224113464355,0.00036424744757823646,0.0026180366927443105
48054,15.0,-0.0009337663650512695,8,lag_05__CT_flash_duration_sum,CT_flash_duration_sum,True,-2.3668620586395264,0.0009175981977023184,-0.0021718283592176285
48054,15.0,-0.0009337663650512695,9,lag_13__CT_place_ADMIN,CT_place_ADMIN,False,-6.947057247161865,-0.0002771644794847816,0.0019254775058605983
48054,15.0,-0.0009337663650512695,10,lag_12__T5__is_walking,T5__is_walking,False,-2.3193888664245605,-0.0008230392122641206,0.001908947985556242
48054,15.0,-0.0009337663650512695,11,lag_03__T5__flash_duration,T5__flash_duration,True,-5.0312418937683105,0.0003738839295692742,-0.0018811004898556527
48054,15.0,-0.0009337663650512695,12,lag_11__CT1__is_scoped,CT1__is_scoped,False,4.282663822174072,0.00042847535223700106,0.0018350158897186969
48054,15.0,-0.0009337663650512695,13,lag_00__T3__is_walking,T3__is_walking,False,2.3223767280578613,0.0007178710657171905,0.0016671670567676988
48054,15.0,-0.0009337663650512695,14,lag_02__T2__duck_amount,T2__duck_amount,False,-3.8233180046081543,0.0004323761095292866,-0.001653111364325749
48054,15.0,-0.0009337663650512695,15,lag_13__T1__is_walking,T1__is_walking,False,2.281590461730957,0.0006442470476031303,0.001469907918809632
48054,15.0,-0.0009337663650512695,16,lag_10__T3__is_walking,T3__is_walking,False,2.3223767280578613,-0.0006160950870253146,-0.0014308048923783734
48054,15.0,-0.0009337663650512695,17,lag_02__CT3__is_walking,CT3__is_walking,False,2.387126922607422,0.000597444421146065,0.0014261756624793787
48054,15.0,-0.0009337663650512695,18,lag_07__CT_flashed_players,CT_flashed_players,False,2.1899399757385254,0.0005478011444211006,0.0011996516249230815
48054,15.0,-0.0009337663650512695,19,lag_04__T_flash_duration_sum,T_flash_duration_sum,True,-1.7979042530059814,0.0006522853509522974,-0.0011727466066506348
48054,15.0,-0.0009337663650512695,20,lag_06__T1__is_walking,T1__is_walking,False,2.281590461730957,-0.0005081794806756079,-0.0011594574559568582
47990,14.0,0.0008228719234466553,1,lag_07__T2__duck_amount,T2__duck_amount,False,3.8233180046081543,-0.0017421896336600184,-0.006660944993814033
47990,14.0,0.0008228719234466553,2,lag_07__CT_place_RAFTERS,CT_place_RAFTERS,False,-5.343343257904053,-0.001169900526292622,0.006251180089584085
47990,14.0,0.0008228719234466553,3,lag_05__T_place_SILO,T_place_SILO,False,6.793753623962402,0.0007189982570707798,0.004884697014597261
47990,14.0,0.0008228719234466553,4,lag_02__T2__flash_duration,T2__flash_duration,True,-4.392442226409912,0.0008845743723213673,-0.003885441825384417
47990,14.0,0.0008228719234466553,5,lag_14__CT_place_ADMIN,CT_place_ADMIN,False,6.947057247161865,-0.00044439733028411865,-0.0030872536939696715
47990,14.0,0.0008228719234466553,6,lag_01__T5__flash_duration,T5__flash_duration,True,-5.0312418937683105,0.0005276324809528887,-0.002654646642683084
47990,14.0,0.0008228719234466553,7,lag_08__T5__is_walking,T5__is_walking,False,2.3193888664245605,0.0011377058690413833,0.0026387823259204635
47990,14.0,0.0008228719234466553,8,lag_11__T4__duck_amount,T4__duck_amount,False,-3.6976382732391357,0.0005768715054728091,-0.0021330621573773384
47990,14.0,0.0008228719234466553,9,lag_08__T3__is_walking,T3__is_walking,False,2.3223767280578613,0.0009110851678997278,0.002115882991209017
47990,14.0,0.0008228719234466553,10,lag_06__T_velocity_mean,T_velocity_mean,False,-1.9092626571655273,0.0010691974312067032,-0.0020413787285402663
47990,14.0,0.0008228719234466553,11,lag_05__CT_flashed_players,CT_flashed_players,False,2.1899399757385254,0.0009271487360820174,0.0020304000806014577
47990,14.0,0.0008228719234466553,12,lag_12__CT_place_GARAGE,CT_place_GARAGE,False,7.1875224113464355,0.000258055079029873,0.0018547766638889879
47990,14.0,0.0008228719234466553,13,lag_14__CT_place_HELL,CT_place_HELL,False,-16.268770217895508,-0.00010731926886364818,0.0017459525250952401
47990,14.0,0.0008228719234466553,14,lag_07__CT5__is_walking,CT5__is_walking,False,2.396676540374756,0.0005616898415610194,0.0013461888662361088
47990,14.0,0.0008228719234466553,15,lag_11__T5__is_walking,T5__is_walking,False,2.3193888664245605,0.0005790881114080548,0.001343130518278668
47990,14.0,0.0008228719234466553,16,lag_11__CT1__duck_amount,CT1__duck_amount,False,3.8154516220092773,-0.00034347709151916206,-0.0013105202259598159
47990,14.0,0.0008228719234466553,17,lag_07__T_duck_amount_mean,T_duck_amount_mean,False,1.1631747484207153,-0.0010156609350815415,-0.0011813911526442206
47990,14.0,0.0008228719234466553,18,lag_06__T1__is_walking,T1__is_walking,False,2.281590461730957,-0.0005081794806756079,-0.0011594574559568582
47990,14.0,0.0008228719234466553,19,lag_06__CT5__is_walking,CT5__is_walking,False,-2.396676540374756,-0.0004486564139369875,0.0010752843019714436
47990,14.0,0.0008228719234466553,20,lag_07__T_active_infernos,T_active_infernos,True,2.082643508911133,-0.0005065777222625911,-0.001055020805029172
48310,19.0,-0.0007745623588562012,1,lag_14__T1__is_walking,T1__is_walking,False,2.281590461730957,0.0015562789048999548,0.003550791105212836
48310,19.0,-0.0007745623588562012,2,lag_07__T2__duck_amount,T2__duck_amount,False,1.835716962814331,-0.0017421896336600184,-0.003198167062948981
48310,19.0,-0.0007745623588562012,3,lag_02__T3__is_walking,T3__is_walking,False,-2.3223767280578613,-0.0010841221082955599,0.0025177399546786328
48310,19.0,-0.0007745623588562012,4,lag_08__T3__is_walking,T3__is_walking,False,2.3223767280578613,0.0009110851678997278,0.002115882991209017
48310,19.0,-0.0007745623588562012,5,lag_13__T2__duck_amount,T2__duck_amount,False,2.0461795330047607,-0.0008803759119473398,-0.001801407172377048
48310,19.0,-0.0007745623588562012,6,lag_10__CT3__is_walking,CT3__is_walking,False,2.387126922607422,0.0007095540058799088,0.0016937954704798752
48310,19.0,-0.0007745623588562012,7,lag_00__T3__is_walking,T3__is_walking,False,-2.3223767280578613,0.0007178710657171905,-0.0016671670567676988
48310,19.0,-0.0007745623588562012,8,lag_15__T2__duck_amount,T2__duck_amount,False,-3.8233180046081543,-0.0004255352832842618,0.0016269567101767496
48310,19.0,-0.0007745623588562012,9,lag_06__T2__duck_amount,T2__duck_amount,False,-1.835716962814331,-0.0008612168021500111,0.001580950292367489
48310,19.0,-0.0007745623588562012,10,lag_04__T2__duck_amount,T2__duck_amount,False,-3.8233180046081543,0.00039371088496409357,-0.0015052819150934288
48310,19.0,-0.0007745623588562012,11,lag_01__T2__is_walking,T2__is_walking,False,2.2968344688415527,-0.0005755001329816878,-0.0013218285422552378
48310,19.0,-0.0007745623588562012,12,lag_01__CT3__shots_fired,CT3__shots_fired,False,-2.5713651180267334,0.00047640499542467296,-0.0012250111872886896
48310,19.0,-0.0007745623588562012,13,lag_04__T3__is_walking,T3__is_walking,False,-2.3223767280578613,-0.00048691569827497005,0.0011308016861998338
48310,19.0,-0.0007745623588562012,14,lag_10__CT_A_site_active_infernos,CT_A_site_active_infernos,True,-3.529078483581543,0.0003184479719493538,-0.0011238278859466433
48310,19.0,-0.0007745623588562012,15,lag_09__CT5__is_walking,CT5__is_walking,False,2.396676540374756,-0.00045766684343107045,-0.001096879386958613
48310,19.0,-0.0007745623588562012,16,lag_07__T2__is_walking,T2__is_walking,False,-2.2968344688415527,0.00045005904394201934,-0.001033711125139905
48310,19.0,-0.0007745623588562012,17,lag_01__CT3__duck_amount,CT3__duck_amount,False,-3.7208433151245117,0.00027258991030976176,-0.0010142643455464673
48310,19.0,-0.0007745623588562012,18,lag_15__T5__duck_amount,T5__duck_amount,False,3.7970333099365234,0.0002670066605787724,0.0010138331841925141
48310,19.0,-0.0007745623588562012,19,lag_10__CT_walking_count,CT_walking_count,False,1.7948952913284302,0.0005582360317930579,0.0010019752249152275
48310,19.0,-0.0007745623588562012,20,lag_07__CT3__is_walking,CT3__is_walking,False,-2.387126922607422,0.0004160612297710031,-0.0009931909630395142
48342,19.5,0.0007536113262176514,1,lag_06__T2__duck_amount,T2__duck_amount,False,3.8233180046081543,-0.0008612168021500111,-0.003292705705531196
48342,19.5,0.0007536113262176514,2,lag_07__T2__duck_amount,T2__duck_amount,False,-1.835716962814331,-0.0017421896336600184,0.003198167062948981
48342,19.5,0.0007536113262176514,3,lag_02__T3__is_walking,T3__is_walking,False,2.3223767280578613,-0.0010841221082955599,-0.0025177399546786328
48342,19.5,0.0007536113262176514,4,lag_10__CT5__is_walking,CT5__is_walking,False,2.396676540374756,0.0009141857735812664,0.0021910075970865694
48342,19.5,0.0007536113262176514,5,lag_00__T3__is_walking,T3__is_walking,False,2.3223767280578613,0.0007178710657171905,0.0016671670567676988
48342,19.5,0.0007536113262176514,6,lag_13__T2__duck_amount,T2__duck_amount,False,1.777138352394104,-0.0008803759119473398,-0.0015645497976455522
48342,19.5,0.0007536113262176514,7,lag_05__T3__is_walking,T3__is_walking,False,-2.3223767280578613,0.0006230797152966261,-0.0014470258305298023
48342,19.5,0.0007536113262176514,8,lag_01__T2__is_walking,T2__is_walking,False,-2.2968344688415527,-0.0005755001329816878,0.0013218285422552378
48342,19.5,0.0007536113262176514,9,lag_03__CT3__shots_fired,CT3__shots_fired,False,2.5713651180267334,0.0004854855942539871,0.0012483607223691823
48342,19.5,0.0007536113262176514,10,lag_06__T1__is_walking,T1__is_walking,False,-2.281590461730957,-0.0005081794806756079,0.0011594574559568582
48342,19.5,0.0007536113262176514,11,lag_04__T3__is_walking,T3__is_walking,False,2.3223767280578613,-0.00048691569827497005,-0.0011308016861998338
48342,19.5,0.0007536113262176514,12,lag_11__CT3__is_walking,CT3__is_walking,False,2.387126922607422,-0.00047269437345676124,-0.0011283814650436819
48342,19.5,0.0007536113262176514,13,lag_07__T2__is_walking,T2__is_walking,False,2.2968344688415527,0.00045005904394201934,0.001033711125139905
48342,19.5,0.0007536113262176514,14,lag_05__CT3__duck_amount,CT3__duck_amount,False,-3.0707249641418457,-0.0003216130135115236,0.0009875851093827243
48342,19.5,0.0007536113262176514,15,lag_11__CT_A_site_active_infernos,CT_A_site_active_infernos,True,-3.529078483581543,0.0002764783566817641,-0.0009757138197415971
48342,19.5,0.0007536113262176514,16,lag_08__CT3__is_walking,CT3__is_walking,False,-2.387126922607422,-0.00040008954238146544,0.0009550645180724793
48342,19.5,0.0007536113262176514,17,lag_02__CT3__duck_amount,CT3__duck_amount,False,-3.7208433151245117,-0.0002557828847784549,0.0009517280369511771
48342,19.5,0.0007536113262176514,18,lag_11__T2__duck_amount,T2__duck_amount,False,-3.8233180046081543,0.00024364709679502994,-0.0009315403319469437
48342,19.5,0.0007536113262176514,19,lag_02__CT3__shots_fired,CT3__shots_fired,False,-2.5713651180267334,0.00034953837166540325,-0.0008987907763122818
48342,19.5,0.0007536113262176514,20,lag_03__T3__is_walking,T3__is_walking,False,-2.3223767280578613,0.0003286144929006696,-0.0007631666508150503
49078,31.0,-0.0006670951843261719,1,lag_05__CT_place_MINI,CT_place_MINI,False,-6.131025314331055,-0.0006835449021309614,0.004190831098446868
49078,31.0,-0.0006670951843261719,2,lag_07__CT_place_MINI,CT_place_MINI,False,6.131025314331055,-0.0005913241766393185,-0.0036254234959516296
49078,31.0,-0.0006670951843261719,3,lag_08__T5__is_walking,T5__is_walking,False,-2.3193888664245605,0.0011377058690413833,-0.0026387823259204635
49078,31.0,-0.0006670951843261719,4,lag_02__T3__is_walking,T3__is_walking,False,-2.3223767280578613,-0.0010841221082955599,0.0025177399546786328
49078,31.0,-0.0006670951843261719,5,lag_10__CT3__shots_fired,CT3__shots_fired,False,-3.5999112129211426,0.000469297548988834,-0.0016894295088013128
49078,31.0,-0.0006670951843261719,6,lag_15__T2__is_walking,T2__is_walking,False,-2.2968344688415527,0.0006923961918801069,-0.0015903194396048592
49078,31.0,-0.0006670951843261719,7,lag_11__T5__is_walking,T5__is_walking,False,2.3193888664245605,0.0005790881114080548,0.001343130518278668
49078,31.0,-0.0006670951843261719,8,lag_12__CT3__is_walking,CT3__is_walking,False,-2.387126922607422,-0.0005332557484507561,0.0012729491537619708
49078,31.0,-0.0006670951843261719,9,lag_06__T1__is_walking,T1__is_walking,False,2.281590461730957,-0.0005081794806756079,-0.0011594574559568582
49078,31.0,-0.0006670951843261719,10,lag_01__T4__is_scoped,T4__is_scoped,False,4.644811153411865,0.00024500780273228884,0.0011380149748038693
49078,31.0,-0.0006670951843261719,11,lag_04__T4__is_scoped,T4__is_scoped,False,-4.644811153411865,-0.00022275322407949716,0.0010346466596629009
49078,31.0,-0.0006670951843261719,12,lag_07__T2__is_walking,T2__is_walking,False,-2.2968344688415527,0.00045005904394201934,-0.001033711125139905
49078,31.0,-0.0006670951843261719,13,lag_14__T5__is_walking,T5__is_walking,False,-2.3193888664245605,0.0004222536808811128,-0.0009793704862424424
49078,31.0,-0.0006670951843261719,14,lag_01__T4__is_walking,T4__is_walking,False,-2.307980537414551,-0.0004183340643066913,0.0009655068785573706
49078,31.0,-0.0006670951843261719,15,lag_03__T5__is_walking,T5__is_walking,False,-2.3193888664245605,-0.0003742877161130309,0.0008681187615920405
49078,31.0,-0.0006670951843261719,16,lag_10__CT_shots_fired_sum,CT_shots_fired_sum,False,-4.863187313079834,0.00016796111594885588,-0.0008168263681732069
49078,31.0,-0.0006670951843261719,17,lag_14__T3__is_walking,T3__is_walking,False,-2.3223767280578613,-0.000338447920512408,0.0007860035742575933
49078,31.0,-0.0006670951843261719,18,lag_05__T4__is_walking,T4__is_walking,False,2.307980537414551,0.00033853063359856606,0.0007813221136641069
49078,31.0,-0.0006670951843261719,19,lag_11__CT3__shots_fired,CT3__shots_fired,False,2.5713653564453125,0.00029614917002618313,0.0007615077161453598
49078,31.0,-0.0006670951843261719,20,lag_12__CT3__shots_fired,CT3__shots_fired,False,1.5428190231323242,0.0004783144686371088,0.0007379526612527609
47734,10.0,-0.0006630420684814453,1,lag_03__CT_place_ADMIN,CT_place_ADMIN,False,-6.947057247161865,0.0011725248768925667,-0.00814559744349408
47734,10.0,-0.0006630420684814453,2,lag_04__CT_place_GARAGE,CT_place_GARAGE,False,7.1875224113464355,0.0007114710169844329,0.005113713879599052
47734,10.0,-0.0006630420684814453,3,lag_02__T2__flash_duration,T2__flash_duration,True,4.392442226409912,0.0008845743723213673,0.003885441825384417
47734,10.0,-0.0006630420684814453,4,lag_10__CT_place_HELL,CT_place_HELL,False,5.4229230880737305,-0.0005772862350568175,-0.0031305788525167744
47734,10.0,-0.0006630420684814453,5,lag_06__CT_place_HEAVEN,CT_place_HEAVEN,False,10.798914909362793,0.0002647130168043077,0.002858613343870442
47734,10.0,-0.0006630420684814453,6,lag_15__CT_place_OUTSIDE,CT_place_OUTSIDE,False,8.59863567352295,0.0003195037425030023,0.002747296278110406
47734,10.0,-0.0006630420684814453,7,lag_00__T_flashed_players,T_flashed_players,False,-1.9296236038208008,-0.0011804020032286644,0.002277731567427388
47734,10.0,-0.0006630420684814453,8,lag_06__CT_place_ADMIN,CT_place_ADMIN,False,6.947057247161865,-0.00031424686312675476,-0.0021830909478826044
47734,10.0,-0.0006630420684814453,9,lag_03__CT_place_RAMP,CT_place_RAMP,False,2.9875733852386475,-0.0006590696284547448,-0.0019690188809905196
47734,10.0,-0.0006630420684814453,10,lag_13__CT5__duck_amount,CT5__duck_amount,False,3.7749595642089844,0.0005157488631084561,0.0019469311035211767
47734,10.0,-0.0006630420684814453,11,lag_01__CT1__is_scoped,CT1__is_scoped,False,4.282663822174072,-0.00039968665805645287,-0.00171172359066403
47734,10.0,-0.0006630420684814453,12,lag_00__T3__is_walking,T3__is_walking,False,2.3223767280578613,0.0007178710657171905,0.0016671670567676988
47734,10.0,-0.0006630420684814453,13,lag_02__CT1__flash_duration,CT1__flash_duration,True,4.021208763122559,-0.0004066794062964618,-0.0016353427923808117
47734,10.0,-0.0006630420684814453,14,lag_04__CT_place_RAFTERS,CT_place_RAFTERS,False,5.343343257904053,-0.00026740951579995453,-0.0014288608333490743
47734,10.0,-0.0006630420684814453,15,lag_09__CT_place_HELL,CT_place_HELL,False,5.4229230880737305,-0.00023063797561917454,-0.0012507320029718078
47734,10.0,-0.0006630420684814453,16,lag_02__T_flashed_players,T_flashed_players,False,5.788870811462402,-0.00021065327746327966,-0.0012194446092460703
47734,10.0,-0.0006630420684814453,17,lag_08__CT_place_OUTSIDE,CT_place_OUTSIDE,False,-2.149658679962158,0.0004940523067489266,-0.001062043829558157
47734,10.0,-0.0006630420684814453,18,lag_08__CT_place_HELL,CT_place_HELL,False,5.4229230880737305,0.00018206868844572455,0.0009873444941876225
47734,10.0,-0.0006630420684814453,19,lag_03__T1__is_walking,T1__is_walking,False,2.281590461730957,0.0004292548110242933,0.000979383682485152
47734,10.0,-0.0006630420684814453,20,lag_04__CT_place_HEAVEN,CT_place_HEAVEN,False,-5.399457931518555,0.00018099315639119595,-0.0009772649338270212
47958,13.5,-0.0005967020988464355,1,lag_04__T_place_SILO,T_place_SILO,False,6.793753623962402,-0.0017441707896068692,-0.011849466622701033
47958,13.5,-0.0005967020988464355,2,lag_06__CT_place_RAFTERS,CT_place_RAFTERS,False,-5.343343257904053,-0.001137366285547614,0.0060773384736482194
47958,13.5,-0.0005967020988464355,3,lag_01__T2__flash_duration,T2__flash_duration,True,-4.392442226409912,-0.0012770873727276921,0.005609532502784009
47958,13.5,-0.0005967020988464355,4,lag_13__CT_place_HELL,CT_place_HELL,False,-16.268770217895508,0.0003305129357613623,-0.005377039005943662
47958,13.5,-0.0005967020988464355,5,lag_00__T5__flash_duration,T5__flash_duration,True,-5.0312418937683105,-0.0008389408467337489,0.004220914334480297
47958,13.5,-0.0005967020988464355,6,lag_06__T2__duck_amount,T2__duck_amount,False,3.8233180046081543,-0.0008612168021500111,-0.003292705705531196
47958,13.5,-0.0005967020988464355,7,lag_04__T_flashed_players,T_flashed_players,False,1.9296236038208008,0.0015007505426183343,0.0028958836704832125
47958,13.5,-0.0005967020988464355,8,lag_08__CT1__is_scoped,CT1__is_scoped,False,4.282663822174072,-0.0006457447307184339,-0.002765507596607375
47958,13.5,-0.0005967020988464355,9,lag_10__CT_place_HEAVEN,CT_place_HEAVEN,False,-5.3994574546813965,0.00045501854037865996,-0.0024568532498658036
47958,13.5,-0.0005967020988464355,10,lag_10__CT_place_ADMIN,CT_place_ADMIN,False,-6.947057247161865,0.0003285439743194729,-0.002282413797807456
47958,13.5,-0.0005967020988464355,11,lag_00__T_flashed_players,T_flashed_players,False,-1.9296237230300903,-0.0011804020032286644,0.002277731708142272
47958,13.5,-0.0005967020988464355,12,lag_11__T4__duck_amount,T4__duck_amount,False,3.6976382732391357,0.0005768715054728091,0.0021330621573773384
47958,13.5,-0.0005967020988464355,13,lag_13__CT_place_ADMIN,CT_place_ADMIN,False,6.947057247161865,-0.0002771644794847816,-0.0019254775058605983
47958,13.5,-0.0005967020988464355,14,lag_00__T_flash_duration_sum,T_flash_duration_sum,True,-2.0436344146728516,-0.0008311167475767434,0.001698498787958802
47958,13.5,-0.0005967020988464355,15,lag_02__CT1__flash_duration,CT1__flash_duration,True,-4.021208763122559,-0.0004066794062964618,0.0016353427923808117
47958,13.5,-0.0005967020988464355,16,lag_01__T2__duck_amount,T2__duck_amount,False,1.777138352394104,0.000875247991643846,0.001555436773806193
47958,13.5,-0.0005967020988464355,17,lag_06__T_velocity_mean,T_velocity_mean,False,1.4513601064682007,0.0010691974312067032,0.0015517904975916874
47958,13.5,-0.0005967020988464355,18,lag_04__T2__duck_amount,T2__duck_amount,False,-3.8233180046081543,0.00039371088496409357,-0.0015052819150934288
47958,13.5,-0.0005967020988464355,19,lag_09__CT1__duck_amount,CT1__duck_amount,False,-3.8154516220092773,0.0003815535455942154,-0.0014557990944208399
47958,13.5,-0.0005967020988464355,20,lag_04__CT_flashed_players,CT_flashed_players,False,2.1899399757385254,0.0006552239065058529,0.0014349010259167294
48886,28.0,0.0005670487880706787,1,lag_01__CT_place_MINI,CT_place_MINI,False,6.131025314331055,-0.0009253682801499963,-0.005673456350678618
48886,28.0,0.0005670487880706787,2,lag_08__T5__is_walking,T5__is_walking,False,-2.3193888664245605,0.0011377058690413833,-0.0026387823259204635
48886,28.0,0.0005670487880706787,3,lag_08__T3__is_walking,T3__is_walking,False,-2.3223767280578613,0.0009110851678997278,-0.002115882991209017
48886,28.0,0.0005670487880706787,4,lag_04__CT_shots_fired_sum,CT_shots_fired_sum,False,-4.863187313079834,-0.0003788568137679249,0.0018424516501900218
48886,28.0,0.0005670487880706787,5,lag_10__CT3__is_walking,CT3__is_walking,False,2.387126922607422,0.0007095540058799088,0.0016937954704798752
48886,28.0,0.0005670487880706787,6,lag_13__T1__is_walking,T1__is_walking,False,2.281590461730957,0.0006442470476031303,0.001469907918809632
48886,28.0,0.0005670487880706787,7,lag_01__T2__is_walking,T2__is_walking,False,-2.2968344688415527,-0.0005755001329816878,0.0013218285422552378
48886,28.0,0.0005670487880706787,8,lag_05__CT3__shots_fired,CT3__shots_fired,False,2.5713653564453125,0.0004741114389616996,0.0012191137292405507
48886,28.0,0.0005670487880706787,9,lag_05__CT3__duck_amount,CT3__duck_amount,False,-3.7208433151245117,-0.0003216130135115236,0.0011966716313814019
48886,28.0,0.0005670487880706787,10,lag_06__T1__is_walking,T1__is_walking,False,-2.281590461730957,-0.0005081794806756079,0.0011594574559568582
48886,28.0,0.0005670487880706787,11,lag_15__CT3__duck_amount,CT3__duck_amount,False,-3.7208433151245117,-0.00030784468981437385,0.0011454418561923918
48886,28.0,0.0005670487880706787,12,lag_03__T1__is_walking,T1__is_walking,False,2.281590461730957,0.0004292548110242933,0.000979383682485152
48886,28.0,0.0005670487880706787,13,lag_02__CT3__duck_amount,CT3__duck_amount,False,-3.7208433151245117,-0.0002557828847784549,0.0009517280369511771
48886,28.0,0.0005670487880706787,14,lag_06__CT2__is_walking,CT2__is_walking,False,2.360051155090332,-0.0003882960299961269,-0.0009163984941093495
48886,28.0,0.0005670487880706787,15,lag_06__CT3__shots_fired,CT3__shots_fired,False,1.5428190231323242,0.0005895274807699025,0.000909534211991081
48886,28.0,0.0005670487880706787,16,lag_05__T5__is_walking,T5__is_walking,False,2.3193888664245605,-0.00038661874714307487,-0.0008967192176746602
48886,28.0,0.0005670487880706787,17,lag_06__CT3__is_walking,CT3__is_walking,False,-2.387126922607422,-0.00037061996408738196,0.0008847168943287853
48886,28.0,0.0005670487880706787,18,lag_06__T_velocity_mean,T_velocity_mean,False,-0.7696411609649658,0.0010691974312067032,-0.0008228983522546862
48886,28.0,0.0005670487880706787,19,lag_14__T3__is_walking,T3__is_walking,False,-2.3223767280578613,-0.000338447920512408,0.0007860035742575933
48886,28.0,0.0005670487880706787,20,lag_12__CT1__is_walking,CT1__is_walking,False,-2.3343825340270996,0.00032489976729266346,-0.0007584403420774627
48502,22.0,0.0005557537078857422,1,lag_14__T1__is_walking,T1__is_walking,False,-2.281590461730957,0.0015562789048999548,-0.003550791105212836
48502,22.0,0.0005557537078857422,2,lag_02__T3__is_walking,T3__is_walking,False,-2.3223767280578613,-0.0010841221082955599,0.0025177399546786328
48502,22.0,0.0005557537078857422,3,lag_01__T5__duck_amount,T5__duck_amount,False,1.5685356855392456,0.0013803831534460187,0.0021651802358972766
48502,22.0,0.0005557537078857422,4,lag_05__CT4__duck_amount,CT4__duck_amount,False,-3.6725916862487793,-0.0005860349629074335,0.002152267132624952
48502,22.0,0.0005557537078857422,5,lag_08__T3__is_walking,T3__is_walking,False,-2.3223767280578613,0.0009110851678997278,-0.002115882991209017
48502,22.0,0.0005557537078857422,6,lag_13__T2__duck_amount,T2__duck_amount,False,1.835716962814331,-0.0008803759119473398,-0.0016161209952148675
48502,22.0,0.0005557537078857422,7,lag_13__T1__is_walking,T1__is_walking,False,2.281590461730957,0.0006442470476031303,0.001469907918809632
48502,22.0,0.0005557537078857422,8,lag_15__CT5__is_walking,CT5__is_walking,False,2.396676540374756,0.0006060510058887303,0.001452508228084043
48502,22.0,0.0005557537078857422,9,lag_05__T3__is_walking,T3__is_walking,False,2.3223767280578613,0.0006230797152966261,0.0014470258305298023
48502,22.0,0.0005557537078857422,10,lag_10__T3__is_walking,T3__is_walking,False,-2.3223767280578613,-0.0006160950870253146,0.0014308048923783734
48502,22.0,0.0005557537078857422,11,lag_10__T5__duck_amount,T5__duck_amount,False,-3.7970333099365234,-0.00035343781928531826,0.0013420151728176788
48502,22.0,0.0005557537078857422,12,lag_05__CT4__is_walking,CT4__is_walking,False,2.384641170501709,0.0005555366515181959,0.0013247555709329506
48502,22.0,0.0005557537078857422,13,lag_01__T2__is_walking,T2__is_walking,False,2.2968344688415527,-0.0005755001329816878,-0.0013218285422552378
48502,22.0,0.0005557537078857422,14,lag_13__CT_B_site_active_smokes,CT_B_site_active_smokes,True,3.32244610786438,0.00036835094215348363,0.001223826154086019
48502,22.0,0.0005557537078857422,15,lag_13__CT_A_site_active_smokes,CT_A_site_active_smokes,True,3.2196006774902344,0.0003598558541852981,0.0011585921519338127
48502,22.0,0.0005557537078857422,16,lag_08__CT_shots_fired_sum,CT_shots_fired_sum,False,3.4737050533294678,-0.00032837261096574366,-0.0011406695980866952
48502,22.0,0.0005557537078857422,17,lag_04__T3__is_walking,T3__is_walking,False,-2.3223767280578613,-0.00048691569827497005,0.0011308016861998338
48502,22.0,0.0005557537078857422,18,lag_07__CT3__duck_amount,CT3__duck_amount,False,-3.7208433151245117,0.00029716957942582667,-0.0011057214430649498
48502,22.0,0.0005557537078857422,19,lag_07__T2__is_walking,T2__is_walking,False,2.2968344688415527,0.00045005904394201934,0.001033711125139905
48502,22.0,0.0005557537078857422,20,lag_11__T2__duck_amount,T2__duck_amount,False,3.8233180046081543,0.00024364709679502994,0.0009315403319469437
51830,74.0,-0.0004062056541442871,1,lag_04__CT5__duck_amount,CT5__duck_amount,False,3.7749595642089844,-0.000887815491296351,-0.0033514675801220584
51830,74.0,-0.0004062056541442871,2,lag_10__CT_place_HELL,CT_place_HELL,False,-5.4229230880737305,-0.0005772862350568175,0.0031305788525167744
51830,74.0,-0.0004062056541442871,3,lag_10__CT_place_HEAVEN,CT_place_HEAVEN,False,5.3994574546813965,0.00045501854037865996,0.0024568532498658036
51830,74.0,-0.0004062056541442871,4,lag_01__CT5__duck_amount,CT5__duck_amount,False,3.7749595642089844,0.0006362353451550007,0.002401762701280674
51830,74.0,-0.0004062056541442871,5,lag_03__CT_place_MINI,CT_place_MINI,False,6.131025314331055,-0.0003287628060206771,-0.0020156530861232813
51830,74.0,-0.0004062056541442871,6,lag_13__CT_place_HELL,CT_place_HELL,False,5.4229230880737305,0.0003305129357613623,0.0017923462302473214
51830,74.0,-0.0004062056541442871,7,lag_02__CT_duck_amount_mean,CT_duck_amount_mean,False,-2.866731643676758,0.0005872309557162225,-0.00168343356289824
51830,74.0,-0.0004062056541442871,8,lag_04__CT_duck_amount_mean,CT_duck_amount_mean,False,2.994267225265503,-0.00055792584316805,-0.0016705790663267134
51830,74.0,-0.0004062056541442871,9,lag_14__T_place_HUT,T_place_HUT,False,-9.321470260620117,0.00017277587903663516,-0.0016105252181924934
51830,74.0,-0.0004062056541442871,10,lag_10__T_kills_last_3s,T_kills_last_3s,False,-3.1681017875671387,-0.0005074117798358202,0.0016075321667304854
51830,74.0,-0.0004062056541442871,11,lag_02__CT5__duck_amount,CT5__duck_amount,False,-3.6141715049743652,0.0004283810267224908,-0.0015482425000520883
51830,74.0,-0.0004062056541442871,12,lag_15__CT5__is_walking,CT5__is_walking,False,2.396676540374756,0.0006060510058887303,0.001452508228084043
51830,74.0,-0.0004062056541442871,13,lag_10__T3__is_walking,T3__is_walking,False,2.3223767280578613,-0.0006160950870253146,-0.0014308048923783734
51830,74.0,-0.0004062056541442871,14,lag_15__CT_duck_amount_mean,CT_duck_amount_mean,False,-2.994267225265503,-0.0004715380782727152,0.0014119110132366705
51830,74.0,-0.0004062056541442871,15,lag_15__kill_diff_last_3s,kill_diff_last_3s,False,-2.4069459438323975,0.0005775074241682887,-0.0013900291521349584
51830,74.0,-0.0004062056541442871,16,lag_07__CT5__is_walking,CT5__is_walking,False,-2.396676540374756,0.0005616898415610194,-0.0013461888662361088
51830,74.0,-0.0004062056541442871,17,lag_10__CT_kills_last_3s,CT_kills_last_3s,False,-2.8871407508850098,-0.00039269166882149875,0.0011337561195875895
51830,74.0,-0.0004062056541442871,18,lag_02__CT_velocity_mean,CT_velocity_mean,False,2.5654709339141846,0.0004328519862610847,0.0011104691894398347
51830,74.0,-0.0004062056541442871,19,lag_15__CT_kills_last_3s,CT_kills_last_3s,False,-2.8871402740478516,0.0003650308644864708,-0.0010538953101293935
51830,74.0,-0.0004062056541442871,20,lag_03__CT1__is_walking,CT1__is_walking,False,2.3343825340270996,0.00041132044862024486,0.0009601792711472906
49110,31.5,0.0002638399600982666,1,lag_08__CT_place_MINI,CT_place_MINI,False,6.131025314331055,-0.0012106822105124593,-0.007422723280262167
49110,31.5,0.0002638399600982666,2,lag_02__T4__is_scoped,T4__is_scoped,False,4.644811153411865,0.0008677100413478911,0.004030349277980155
49110,31.5,0.0002638399600982666,3,lag_06__CT_place_MINI,CT_place_MINI,False,-6.131025314331055,-0.0005633932305499911,0.0034541781584247477
49110,31.5,0.0002638399600982666,4,lag_08__T5__is_walking,T5__is_walking,False,2.3193888664245605,0.0011377058690413833,0.0026387823259204635
49110,31.5,0.0002638399600982666,5,lag_12__T5__is_walking,T5__is_walking,False,2.3193888664245605,-0.0008230392122641206,-0.001908947985556242
49110,31.5,0.0002638399600982666,6,lag_02__T_scoped_count,T_scoped_count,False,2.8811259269714355,0.0005177047569304705,0.0014915725977088234
49110,31.5,0.0002638399600982666,7,lag_13__T1__is_walking,T1__is_walking,False,-2.281590461730957,0.0006442470476031303,-0.001469907918809632
49110,31.5,0.0002638399600982666,8,lag_01__T2__is_walking,T2__is_walking,False,2.2968344688415527,-0.0005755001329816878,-0.0013218285422552378
49110,31.5,0.0002638399600982666,9,lag_12__CT3__shots_fired,CT3__shots_fired,False,2.5713653564453125,0.0004783144686371088,0.0012299212541400095
49110,31.5,0.0002638399600982666,10,lag_09__T5__is_walking,T5__is_walking,False,-2.3193888664245605,0.00046198672498576343,-0.001071526866367925
49110,31.5,0.0002638399600982666,11,lag_11__CT3__shots_fired,CT3__shots_fired,False,-3.5999112129211426,0.00029614917002618313,-0.0010661107178745466
49110,31.5,0.0002638399600982666,12,lag_13__CT3__shots_fired,CT3__shots_fired,False,1.5428190231323242,0.0006741049000993371,0.0010400218634599723
49110,31.5,0.0002638399600982666,13,lag_06__CT2__is_walking,CT2__is_walking,False,-2.360051155090332,-0.0003882960299961269,0.0009163984941093495
49110,31.5,0.0002638399600982666,14,lag_03__T5__is_walking,T5__is_walking,False,2.3193888664245605,-0.0003742877161130309,-0.0008681187615920405
49110,31.5,0.0002638399600982666,15,lag_13__CT2__is_walking,CT2__is_walking,False,2.360051155090332,0.00036702732904814184,0.0008662032718697865
49110,31.5,0.0002638399600982666,16,lag_14__T3__is_walking,T3__is_walking,False,2.3223767280578613,-0.000338447920512408,-0.0007860035742575933
49110,31.5,0.0002638399600982666,17,lag_03__T3__is_walking,T3__is_walking,False,-2.3223767280578613,0.0003286144929006696,-0.0007631666508150503
49110,31.5,0.0002638399600982666,18,lag_13__CT3__is_walking,CT3__is_walking,False,-2.387126922607422,-0.00031740625854581594,0.0007576890251788093
49110,31.5,0.0002638399600982666,19,lag_11__CT2__is_walking,CT2__is_walking,False,-2.360051155090332,0.0003209160058759153,-0.0007573781903544297
49110,31.5,0.0002638399600982666,20,lag_13__CT_shots_fired_sum,CT_shots_fired_sum,False,2.0842230319976807,0.00036252537393011153,0.00075558373402871
48630,24.0,-0.0001907646656036377,1,lag_08__T5__is_walking,T5__is_walking,False,-2.3193888664245605,0.0011377058690413833,-0.0026387823259204635
48630,24.0,-0.0001907646656036377,2,lag_08__T3__is_walking,T3__is_walking,False,-2.3223767280578613,0.0009110851678997278,-0.002115882991209017
48630,24.0,-0.0001907646656036377,3,lag_10__CT3__is_walking,CT3__is_walking,False,2.387126922607422,0.0007095540058799088,0.0016937954704798752
48630,24.0,-0.0001907646656036377,4,lag_00__T3__is_walking,T3__is_walking,False,-2.3223767280578613,0.0007178710657171905,-0.0016671670567676988
48630,24.0,-0.0001907646656036377,5,lag_15__T2__duck_amount,T2__duck_amount,False,3.8233180046081543,-0.0004255352832842618,-0.0016269567101767496
48630,24.0,-0.0001907646656036377,6,lag_15__T2__is_walking,T2__is_walking,False,-2.2968344688415527,0.0006923961918801069,-0.0015903194396048592
48630,24.0,-0.0001907646656036377,7,lag_05__T3__is_walking,T3__is_walking,False,2.3223767280578613,0.0006230797152966261,0.0014470258305298023
48630,24.0,-0.0001907646656036377,8,lag_10__T3__is_walking,T3__is_walking,False,-2.3223767280578613,-0.0006160950870253146,0.0014308048923783734
48630,24.0,-0.0001907646656036377,9,lag_02__CT3__is_walking,CT3__is_walking,False,2.387126922607422,0.000597444421146065,0.0014261756624793787
48630,24.0,-0.0001907646656036377,10,lag_01__T2__is_walking,T2__is_walking,False,-2.2968344688415527,-0.0005755001329816878,0.0013218285422552378
48630,24.0,-0.0001907646656036377,11,lag_09__CT3__is_walking,CT3__is_walking,False,-2.387126922607422,-0.0005413369508460164,0.0012922400095667363
48630,24.0,-0.0001907646656036377,12,lag_12__CT3__shots_fired,CT3__shots_fired,False,2.5713651180267334,0.0004783144686371088,0.0012299211401009535
48630,24.0,-0.0001907646656036377,13,lag_07__CT3__duck_amount,CT3__duck_amount,False,-3.7208433151245117,0.00029716957942582667,-0.0011057214430649498
48630,24.0,-0.0001907646656036377,14,lag_09__T5__is_walking,T5__is_walking,False,2.3193888664245605,0.00046198672498576343,0.001071526866367925
48630,24.0,-0.0001907646656036377,15,lag_08__T_walking_count,T_walking_count,False,-2.3912696838378906,0.00043742303387261927,-0.0010459964399119892
48630,24.0,-0.0001907646656036377,16,lag_14__T5__duck_amount,T5__duck_amount,False,-3.7970333099365234,0.0002681704645510763,-0.0010182521866415883
48630,24.0,-0.0001907646656036377,17,lag_07__CT3__is_walking,CT3__is_walking,False,2.387126922607422,0.0004160612297710031,0.0009931909630395142
48630,24.0,-0.0001907646656036377,18,lag_03__CT1__is_walking,CT1__is_walking,False,2.3343825340270996,0.00041132044862024486,0.0009601792711472906
48630,24.0,-0.0001907646656036377,19,lag_05__T5__is_walking,T5__is_walking,False,-2.3193888664245605,-0.00038661874714307487,0.0008967192176746602
48630,24.0,-0.0001907646656036377,20,lag_09__CT4__duck_amount,CT4__duck_amount,False,-3.6725916862487793,-0.00024302244128193706,0.0008925221974239242
48534,22.5,0.00013512372970581055,1,lag_14__T1__is_walking,T1__is_walking,False,2.281590461730957,0.0015562789048999548,0.003550791105212836
48534,22.5,0.00013512372970581055,2,lag_02__T3__is_walking,T3__is_walking,False,2.3223767280578613,-0.0010841221082955599,-0.0025177399546786328
48534,22.5,0.00013512372970581055,3,lag_01__T5__duck_amount,T5__duck_amount,False,-1.5685356855392456,0.0013803831534460187,-0.0021651802358972766
48534,22.5,0.00013512372970581055,4,lag_08__T3__is_walking,T3__is_walking,False,2.3223767280578613,0.0009110851678997278,0.002115882991209017
48534,22.5,0.00013512372970581055,5,lag_00__T3__is_walking,T3__is_walking,False,-2.3223767280578613,0.0007178710657171905,-0.0016671670567676988
48534,22.5,0.00013512372970581055,6,lag_13__T2__duck_amount,T2__duck_amount,False,-1.835716962814331,-0.0008803759119473398,0.0016161209952148675
48534,22.5,0.00013512372970581055,7,lag_15__T2__is_walking,T2__is_walking,False,2.2968344688415527,0.0006923961918801069,0.0015903194396048592
48534,22.5,0.00013512372970581055,8,lag_05__T3__is_walking,T3__is_walking,False,-2.3223767280578613,0.0006230797152966261,-0.0014470258305298023
48534,22.5,0.00013512372970581055,9,lag_10__T3__is_walking,T3__is_walking,False,2.3223767280578613,-0.0006160950870253146,-0.0014308048923783734
48534,22.5,0.00013512372970581055,10,lag_02__CT3__is_walking,CT3__is_walking,False,-2.387126922607422,0.000597444421146065,-0.0014261756624793787
48534,22.5,0.00013512372970581055,11,lag_06__T5__is_walking,T5__is_walking,False,2.3193888664245605,-0.0005818181089125574,-0.001349462444095978
48534,22.5,0.00013512372970581055,12,lag_01__T2__is_walking,T2__is_walking,False,-2.2968344688415527,-0.0005755001329816878,0.0013218285422552378
48534,22.5,0.00013512372970581055,13,lag_05__CT3__duck_amount,CT3__duck_amount,False,3.7208433151245117,-0.0003216130135115236,-0.0011966716313814019
48534,22.5,0.00013512372970581055,14,lag_14__CT_A_site_active_infernos,CT_A_site_active_infernos,True,-3.5290777683258057,0.000331381568685174,-0.0011694713268797785
48534,22.5,0.00013512372970581055,15,lag_12__T2__duck_amount,T2__duck_amount,False,3.8233180046081543,0.00030239493935368955,0.0011561520161333522
48534,22.5,0.00013512372970581055,16,lag_08__CT_shots_fired_sum,CT_shots_fired_sum,False,-3.4737050533294678,-0.00032837261096574366,0.0011406695980866952
48534,22.5,0.00013512372970581055,17,lag_04__T3__is_walking,T3__is_walking,False,2.3223767280578613,-0.00048691569827497005,-0.0011308016861998338
48534,22.5,0.00013512372970581055,18,lag_06__T_walking_count,T_walking_count,False,2.3912696838378906,-0.00046319651301018894,-0.0011076277792206879
48534,22.5,0.00013512372970581055,19,lag_14__CT_B_site_active_smokes,CT_B_site_active_smokes,True,3.32244610786438,0.0003214151947759092,0.001067884662891691
48534,22.5,0.00013512372970581055,20,lag_07__T2__is_walking,T2__is_walking,False,-2.2968344688415527,0.00045005904394201934,-0.001033711125139905
47862,12.0,-5.665421485900879e-05,1,lag_10__CT_place_HELL,CT_place_HELL,False,-16.268770217895508,-0.0005772862350568175,0.009391737108093379
47862,12.0,-5.665421485900879e-05,2,lag_07__CT_place_RAFTERS,CT_place_RAFTERS,False,5.343343257904053,-0.001169900526292622,-0.006251180089584085
47862,12.0,-5.665421485900879e-05,3,lag_01__T5__duck_amount,T5__duck_amount,False,3.7970333099365234,0.0013803831534460187,0.005241360814109752
47862,12.0,-5.665421485900879e-05,4,lag_10__CT_place_HEAVEN,CT_place_HEAVEN,False,10.798914909362793,0.00045501854037865996,0.004913706499731607
47862,12.0,-5.665421485900879e-05,5,lag_05__CT1__is_scoped,CT1__is_scoped,False,4.282663822174072,-0.0010969338472932577,-0.004697798903121053
47862,12.0,-5.665421485900879e-05,6,lag_01__T2__duck_amount,T2__duck_amount,False,-3.8233180046081543,0.000875247991643846,-0.003346351404949044
47862,12.0,-5.665421485900879e-05,7,lag_04__T_flashed_players,T_flashed_players,False,-1.9296236038208008,0.0015007505426183343,-0.0028958836704832125
47862,12.0,-5.665421485900879e-05,8,lag_08__CT_place_RAFTERS,CT_place_RAFTERS,False,5.343343257904053,0.0005252965493127704,0.0028068397751706553
47862,12.0,-5.665421485900879e-05,9,lag_01__T_place_SILO,T_place_SILO,False,6.793753623962402,-0.00034072715789079666,-0.0023148163637030095
47862,12.0,-5.665421485900879e-05,10,lag_10__CT_place_ADMIN,CT_place_ADMIN,False,6.947057247161865,0.0003285439743194729,0.002282413797807456
47862,12.0,-5.665421485900879e-05,11,lag_06__CT1__flash_duration,CT1__flash_duration,True,4.021208763122559,0.000533432699739933,0.0021450442467303432
47862,12.0,-5.665421485900879e-05,12,lag_13__CT_place_HELL,CT_place_HELL,False,5.4229230880737305,0.0003305129357613623,0.0017923462302473214
47862,12.0,-5.665421485900879e-05,13,lag_07__CT_place_HEAVEN,CT_place_HEAVEN,False,-5.3994574546813965,0.0002551777579355985,-0.0013778214473542522
47862,12.0,-5.665421485900879e-05,14,lag_06__T5__is_walking,T5__is_walking,False,-2.3193888664245605,-0.0005818181089125574,0.001349462444095978
47862,12.0,-5.665421485900879e-05,15,lag_03__T2__duck_amount,T2__duck_amount,False,3.8233180046081543,-0.0003294431371614337,-0.0012595658778039032
47862,12.0,-5.665421485900879e-05,16,lag_05__CT_scoped_count,CT_scoped_count,False,2.141930103302002,-0.0005647333455272019,-0.0012096193531231647
47862,12.0,-5.665421485900879e-05,17,lag_07__T_duck_amount_mean,T_duck_amount_mean,False,-1.1631747484207153,-0.0010156609350815415,0.0011813911526442206
47862,12.0,-5.665421485900879e-05,18,lag_01__T_place_ROOF,T_place_ROOF,False,-5.663386344909668,-0.00020403983944561332,0.0011555564405338475
47862,12.0,-5.665421485900879e-05,19,lag_06__T_flashed_players,T_flashed_players,False,5.788870811462402,-0.00019845247152261436,-0.0011488157198598359
47862,12.0,-5.665421485900879e-05,20,lag_08__CT_place_GARAGE,CT_place_GARAGE,False,7.1875224113464355,-0.0001593147753737867,-0.001145078518457715
49750,41.5,-2.9295682907104492e-05,1,lag_14__T1__is_walking,T1__is_walking,False,2.281590461730957,0.0015562789048999548,0.003550791105212836
49750,41.5,-2.9295682907104492e-05,2,lag_10__CT5__duck_amount,CT5__duck_amount,False,3.5613739490509033,-0.0008654188131913543,-0.0030820800163182394
49750,41.5,-2.9295682907104492e-05,3,lag_08__T5__is_walking,T5__is_walking,False,2.3193888664245605,0.0011377058690413833,0.0026387823259204635
49750,41.5,-2.9295682907104492e-05,4,lag_08__T3__is_walking,T3__is_walking,False,2.3223767280578613,0.0009110851678997278,0.002115882991209017
49750,41.5,-2.9295682907104492e-05,5,lag_09__CT5__duck_amount,CT5__duck_amount,False,-3.7749595642089844,0.00048814306501299143,-0.00184272033197308
49750,41.5,-2.9295682907104492e-05,6,lag_10__CT3__is_walking,CT3__is_walking,False,-2.387126922607422,0.0007095540058799088,-0.0016937954704798752
49750,41.5,-2.9295682907104492e-05,7,lag_08__CT4__duck_amount,CT4__duck_amount,False,3.6725916862487793,-0.00044154396164231,-0.0016216106826408977
49750,41.5,-2.9295682907104492e-05,8,lag_07__T4__is_walking,T4__is_walking,False,2.307980537414551,-0.0006861970177851617,-0.0015837293618800596
49750,41.5,-2.9295682907104492e-05,9,lag_15__CT5__is_walking,CT5__is_walking,False,2.396676540374756,0.0006060510058887303,0.001452508228084043
49750,41.5,-2.9295682907104492e-05,10,lag_10__T3__is_walking,T3__is_walking,False,-2.3223767280578613,-0.0006160950870253146,0.0014308048923783734
49750,41.5,-2.9295682907104492e-05,11,lag_06__T5__is_walking,T5__is_walking,False,-2.3193888664245605,-0.0005818181089125574,0.001349462444095978
49750,41.5,-2.9295682907104492e-05,12,lag_08__T4__is_walking,T4__is_walking,False,-2.307980537414551,-0.0005796454497613013,0.0013378104166499871
49750,41.5,-2.9295682907104492e-05,13,lag_12__CT3__is_walking,CT3__is_walking,False,-2.387126922607422,-0.0005332557484507561,0.0012729491537619708
49750,41.5,-2.9295682907104492e-05,14,lag_06__T1__is_walking,T1__is_walking,False,2.281590461730957,-0.0005081794806756079,-0.0011594574559568582
49750,41.5,-2.9295682907104492e-05,15,lag_11__CT3__is_walking,CT3__is_walking,False,2.387126922607422,-0.00047269437345676124,-0.0011283814650436819
49750,41.5,-2.9295682907104492e-05,16,lag_10__T4__is_scoped,T4__is_scoped,False,-4.644811153411865,0.0002422533871140331,-0.0011252212344190632
49750,41.5,-2.9295682907104492e-05,17,lag_14__T5__duck_amount,T5__duck_amount,False,-3.7970333099365234,0.0002681704645510763,-0.0010182521866415883
49750,41.5,-2.9295682907104492e-05,18,lag_07__CT3__is_walking,CT3__is_walking,False,2.387126922607422,0.0004160612297710031,0.0009931909630395142
49750,41.5,-2.9295682907104492e-05,19,lag_14__T5__is_walking,T5__is_walking,False,2.3193888664245605,0.0004222536808811128,0.0009793704862424424
49750,41.5,-2.9295682907104492e-05,20,lag_01__T4__is_walking,T4__is_walking,False,-2.307980537414551,-0.0004183340643066913,0.0009655068785573706
52022,77.0,-5.066394805908203e-06,1,lag_09__CT_place_MINI,CT_place_MINI,False,6.131025314331055,0.0011554337106645107,0.007083993329115579
52022,77.0,-5.066394805908203e-06,2,lag_10__CT5__duck_amount,CT5__duck_amount,False,3.7749595642089844,-0.0008654188131913543,-0.003266921025903091
52022,77.0,-5.066394805908203e-06,3,lag_13__CT5__is_walking,CT5__is_walking,False,-2.396676540374756,0.0008454928756691515,-0.0020263729401702457
52022,77.0,-5.066394805908203e-06,4,lag_06__CT5__duck_amount,CT5__duck_amount,False,-3.7749595642089844,0.0005144865717738867,-0.0019421660047749256
52022,77.0,-5.066394805908203e-06,5,lag_14__CT_duck_amount_mean,CT_duck_amount_mean,False,2.5721492767333984,-0.0007341195014305413,-0.0018882649446404498
52022,77.0,-5.066394805908203e-06,6,lag_07__CT5__duck_amount,CT5__duck_amount,False,3.7749595642089844,-0.00042337129707448184,-0.0015982095271028784
52022,77.0,-5.066394805908203e-06,7,lag_12__CT_damage_last_5s,CT_damage_last_5s,False,-3.422389030456543,-0.00042137119453400373,0.0014420961539235444
52022,77.0,-5.066394805908203e-06,8,lag_06__CT5__is_walking,CT5__is_walking,False,2.396676540374756,-0.0004486564139369875,-0.0010752843019714436
52022,77.0,-5.066394805908203e-06,9,lag_08__CT5__duck_amount,CT5__duck_amount,False,-3.6141715049743652,-0.00027940631844103336,0.0010098223544193763
52022,77.0,-5.066394805908203e-06,10,lag_04__T_velocity_mean,T_velocity_mean,False,-1.703268051147461,-0.0005267118103802204,0.000897131398782669
52022,77.0,-5.066394805908203e-06,11,lag_12__damage_diff_last_5s,damage_diff_last_5s,False,-2.459016799926758,-0.00035100500099360943,0.0008631271943015939
52022,77.0,-5.066394805908203e-06,12,lag_08__CT_velocity_mean,CT_velocity_mean,False,2.5654709339141846,0.00029026830452494323,0.000744674898295293
52022,77.0,-5.066394805908203e-06,13,lag_13__CT_duck_amount_mean,CT_duck_amount_mean,False,-2.994267225265503,0.00017468044825363904,-0.000523039941100558
52022,77.0,-5.066394805908203e-06,14,lag_13__CT_walking_count,CT_walking_count,False,-0.8974475860595703,0.0005054055363871157,-0.00045357497861175933
52022,77.0,-5.066394805908203e-06,15,lag_00__CT1__is_walking,CT1__is_walking,False,2.3343825340270996,0.0001867801183834672,0.0004360162460578798
52022,77.0,-5.066394805908203e-06,16,lag_06__CT_velocity_mean,CT_velocity_mean,False,-1.2583116292953491,-0.000346307730069384,0.0004357630440611805
52022,77.0,-5.066394805908203e-06,17,lag_06__CT_walking_count,CT_walking_count,False,0.8974475860595703,-0.0004760443698614836,-0.0004272248705894377
52022,77.0,-5.066394805908203e-06,18,lag_06__T_velocity_mean,T_velocity_mean,False,-0.39793357253074646,0.0010691974312067032,-0.0004254695535407804
52022,77.0,-5.066394805908203e-06,19,lag_09__CT_walking_count,CT_walking_count,False,0.8974475860595703,-0.0004355462733656168,-0.0003908799516492145
52022,77.0,-5.066394805908203e-06,20,lag_08__CT_duck_amount_mean,CT_duck_amount_mean,False,-2.866731643676758,-0.00011643175821518525,0.0003337786056043929
48246,18.0,4.6193599700927734e-06,1,lag_00__CT_shots_fired_sum,CT_shots_fired_sum,False,3.4737050533294678,0.0014053488848730922,0.004881767523074593
48246,18.0,4.6193599700927734e-06,2,lag_14__T1__is_walking,T1__is_walking,False,2.281590461730957,0.0015562789048999548,0.003550791105212836
48246,18.0,4.6193599700927734e-06,3,lag_13__T2__duck_amount,T2__duck_amount,False,-3.8233180046081543,-0.0008803759119473398,0.0033659570749715872
48246,18.0,4.6193599700927734e-06,4,lag_02__T3__is_walking,T3__is_walking,False,-2.3223767280578613,-0.0010841221082955599,0.0025177399546786328
48246,18.0,4.6193599700927734e-06,5,lag_00__CT3__shots_fired,CT3__shots_fired,False,2.5713651180267334,0.0007542061503045261,0.001939339386694286
48246,18.0,4.6193599700927734e-06,6,lag_02__T5__duck_amount,T5__duck_amount,False,-3.7970333099365234,0.00048527796752750874,-0.0018426166072802452
48246,18.0,4.6193599700927734e-06,7,lag_00__T3__is_walking,T3__is_walking,False,-2.3223767280578613,0.0007178710657171905,-0.0016671670567676988
48246,18.0,4.6193599700927734e-06,8,lag_02__T2__duck_amount,T2__duck_amount,False,-3.8233180046081543,0.0004323761095292866,-0.001653111364325749
48246,18.0,4.6193599700927734e-06,9,lag_15__T2__duck_amount,T2__duck_amount,False,3.8233180046081543,-0.0004255352832842618,-0.0016269567101767496
48246,18.0,4.6193599700927734e-06,10,lag_13__T1__is_walking,T1__is_walking,False,-2.281590461730957,0.0006442470476031303,-0.001469907918809632
48246,18.0,4.6193599700927734e-06,11,lag_15__CT5__is_walking,CT5__is_walking,False,2.396676540374756,0.0006060510058887303,0.001452508228084043
48246,18.0,4.6193599700927734e-06,12,lag_11__CT1__flash_duration,CT1__flash_duration,True,-4.021208763122559,0.00034159558708779514,-0.001373627168241437
48246,18.0,4.6193599700927734e-06,13,lag_07__CT5__is_walking,CT5__is_walking,False,2.396676540374756,0.0005616898415610194,0.0013461888662361088
48246,18.0,4.6193599700927734e-06,14,lag_11__CT_flashed_players,CT_flashed_players,False,-4.379879951477051,0.00029925344279035926,-0.001310694154487979
48246,18.0,4.6193599700927734e-06,15,lag_14__T_velocity_mean,T_velocity_mean,False,-1.9092626571655273,-0.0006706330459564924,0.001280414631305904
48246,18.0,4.6193599700927734e-06,16,lag_15__CT4__duck_amount,CT4__duck_amount,False,2.3754019737243652,-0.0005327825783751905,-0.0012655727882383838
48246,18.0,4.6193599700927734e-06,17,lag_03__T2__duck_amount,T2__duck_amount,False,3.8233180046081543,-0.0003294431371614337,-0.0012595658778039032
48246,18.0,4.6193599700927734e-06,18,lag_06__T1__is_walking,T1__is_walking,False,-2.281590461730957,-0.0005081794806756079,0.0011594574559568582
48246,18.0,4.6193599700927734e-06,19,lag_03__T1__is_walking,T1__is_walking,False,-2.281590461730957,0.0004292548110242933,-0.000979383682485152
48246,18.0,4.6193599700927734e-06,20,lag_08__CT3__is_walking,CT3__is_walking,False,2.387126922607422,-0.00040008954238146544,-0.0009550645180724793
