uncertainty_bin,rows,mean_abs_delta,p95_abs_delta,mean_delta,good_direction_rate,mean_logloss_improvement,positive_logloss_improvement_rate,class_flip_rate,with_correct_rate,no_correct_rate
very_uncertain_0_02,71551,0.007136761210858822,0.01956978440284729,0.0011085575679317117,0.516205224245643,0.00020001223364845465,0.516205224245643,0.18249919637740913,0.5189724811672792,0.5174071641206971
uncertain_0_05,85282,0.007795276120305061,0.020928144454956055,0.0009521655738353729,0.5035646443563706,0.00013814936678672535,0.5035646443563706,0.00840740132736099,0.5384020074576112,0.5383199268309843
mild_uncertain_0_10,86893,0.008315532468259335,0.022850620746612527,-0.00014174787793308496,0.4980723418457183,-0.00042277089466456584,0.4980723418457183,6.905044134740427e-05,0.5986903432957775,0.598667326481995
medium_0_20,114086,0.009107365272939205,0.025446631014347076,-0.0006639033672399819,0.5067317637571657,0.0010332115415231694,0.5067317637571657,0.0,0.688235190996266,0.688235190996266
confident_gt_0_20,443581,0.004530108533799648,0.01588362455368042,-0.00014641555026173592,0.34538900448847,-0.0008450853054178408,0.34538900448847,0.0,0.8965600420216375,0.8965600420216375
